Time_s,BottomArm_deg,MiddleArm_deg,TopArm_deg,Bicep_deg,Wrist_deg
0,9.46533073203543e-12,-4.5418320851299e-12,-2.28999937065373e-12,-0,-0
0.02,-0.000696297597046343,0.000348150045580279,0.000348147551656898,-0,-0
0.04,-0.00546057093024426,0.00273036080254304,0.00273021011679793,-0,-0
0.06,-0.0167594216368049,0.00838041823916224,0.00837900307930313,-0,-0
0.08,-0.0352777727798416,0.0176420203624208,0.017635749444729,-0,-0
0.1,-0.0611322989148458,0.0305755566459346,0.0305567268020243,-0,-0
0.12,-0.0943244757626503,0.0471846247753637,0.0471397941633106,-0,-0
0.14,-0.134821483424801,0.0674564501476413,0.0673648673764275,-0,-0
0.16,-0.182589614708949,0.0913785917123812,0.091210610863529,-0,-0
0.18,-0.237576739546443,0.118930106091225,0.118645725683469,-0,-0
0.2,-0.299731696768762,0.15009125391739,0.149638620061515,-0,-0
0.22,-0.368995155989195,0.184838879253287,0.184152875657276,-0,-0
0.24,-0.445296907669998,0.223144988951309,0.222145941252247,-0,-0
0.26,-0.528560771706123,0.264979170347528,0.263571605069437,-0,-0
0.28,-0.618705977027441,0.310309257458501,0.30838068769202,-0,-0
0.3,-0.715655340253787,0.359105476572663,0.356525048855124,-0,-0
0.32,-0.81928730125522,0.41131585444908,0.407934221437426,-0,-0
0.34,-0.929522628464886,0.466910483607003,0.462557783610041,-0,-0
0.36,-1.04625114079133,0.52584402316561,0.520329597249401,-0,-0
0.38,-1.16935427494849,0.588067105527718,0.581178943943237,-0,-0
0.4,-1.29871557570822,0.653531726849002,0.645035589786943,-0,-0
0.42,-1.43421537155984,0.722188462366762,0.711827227617326,-0,-0
0.44,-1.57570342518706,0.793972069052919,0.78146657933363,-0,-0
0.46,-1.72305588683049,0.86883117957175,0.853878511482978,-0,-0
0.48,-1.87613284208075,0.946706099609208,0.928979859569171,-0,-0
0.5,-2.03478175141487,1.02753043858523,1.00668124196126,-0,-0
0.52,-2.19885259010664,1.11123907421876,1.08689416678335,-0,-0
0.54,-2.36818971106176,1.19776376769572,1.16952730597181,-0,-0
0.56,-2.54261825565864,1.28702574145588,1.25448043766438,-0,-0
0.58,-2.72197863009015,1.37895419850841,1.34166016780724,-0,-0
0.6,-2.90610274854628,1.47347350125684,1.43096914392612,-0,-0
0.62,-3.09481076242488,1.5705012766157,1.52230474511721,-0,-0
0.64,-3.2879232801548,1.66995501279204,1.61556460535984,-0,-0
0.66,-3.48525815539738,1.77175024908889,1.71064525482964,-0,-0
0.68,-3.6866173606509,1.87579315609773,1.80743667115201,-0,-0
0.7,-3.89181547446562,1.98199646308663,1.90583438204811,-0,-0
0.72,-4.10065981937427,2.09026832112415,2.00573107230644,-0,-0
0.74,-4.3129479717709,2.20051076136634,2.10701577885401,-0,-0
0.76,-4.52847944993874,2.31262632743387,2.20957871309066,-0,-0
0.78,-4.74705117728833,2.42651544759683,2.31330948781301,-0,-0
0.8,-4.96844655447956,2.54206991104671,2.41809320708383,-0,-0
0.82,-5.19246212854924,2.6591886344447,2.52382039322278,-0,-0
0.84,-5.41888514547483,2.77776440849114,2.63037865103026,-0,-0
0.86,-5.64749768338387,2.89768613996405,2.7376545915116,-0,-0
0.88,-5.87808263837311,3.01884255470339,2.8455358195931,-0,-0
0.9,-6.11042289384424,3.14112181186668,2.9539104709588,-0,-0
0.92,-6.34429008580004,3.26440398956409,3.06266470271505,-0,-0
0.94,-6.57946763444645,3.38857635646647,3.17168824497104,-0,-0
0.96,-6.81572832126427,3.51351845998797,3.28086920064425,-0,-0
0.98,-7.0528458647484,3.63910976514742,3.39009693796319,-0,-0
1,-7.29059323901426,3.7652286625335,3.49926152723801,-0,-0
1.02,-7.52874193105487,3.89175186212903,3.60825385081353,-0,-0
1.04,-7.76706260314772,4.01855445543305,3.71696656687447,-0,-0
1.06,-8.00532589432018,4.14551170214546,3.82529193653876,-0,-0
1.08,-8.24330116232842,4.27249674129265,3.93312442659907,-0,-0
1.1,-8.4807578962798,4.39938222753885,4.04035975733788,-0,-0
1.12,-8.7174645411924,4.52603977979637,4.14689426328412,-0,-0
1.14,-8.95319256932335,4.65234149163504,4.25262823877951,-0,-0
1.16,-9.18771066269481,4.77815801806002,4.35746084614818,-0,-0
1.18,-9.42078723674284,4.90335927795574,4.46129266929084,-0,-0
1.2,-9.65219468671289,5.02781643531452,4.56402841512065,-0,-0
1.22,-9.8817039510778,5.15139968903256,4.665572972051,-0,-0
1.24,-10.1090854255612,5.27397862637955,4.76583216676106,-0,-0
1.26,-10.33412068221,5.3954278747333,4.86471968996284,-0,-0
1.28,-10.5565770344293,5.51561504089997,4.96214183243908,-0,-0
1.3,-10.7762337718251,5.63441324101365,5.05801314906381,-0,-0
1.32,-10.9928706152919,5.75169573921602,5.15224928606939,-0,-0
1.34,-11.2062656283452,5.86733482657582,5.24476606420905,-0,-0
1.36,-11.4162103109709,5.98120956869658,5.33548730545328,-0,-0
1.38,-11.6224851272801,6.09319339843317,5.42433185712098,-0,-0
1.4,-11.8248764178949,6.20316273464076,5.51122248279872,-0,-0
1.42,-12.0231802002287,6.31099903126606,5.5960876383682,-0,-0
1.44,-12.2171888475267,6.41658193044239,5.67885460210446,-0,-0
1.46,-12.4067017307781,6.519794855439,5.75945463735035,-0,-0
1.48,-12.591530188319,6.62052769119042,5.83782524379555,-0,-0
1.5,-12.7714694586752,6.71866195793413,5.91389667845174,-0,-0
1.52,-12.9463333591745,6.81408918071256,5.98760843440347,-0,-0
1.54,-13.1159382373689,6.90670245545397,6.05890138905064,-0,-0
1.56,-13.2800975137267,6.99639350502224,6.12771534200987,-0,-0
1.58,-13.4386579690331,7.08307221776667,6.19400529732879,-0,-0
1.6,-13.5914281099607,7.16662816401868,6.25770891393681,-0,-0
1.62,-13.7382508088912,7.24696963713469,6.3187793735269,-0,-0
1.64,-13.878969331353,7.32400544553358,6.37716975016627,-0,-0
1.66,-14.0134255525352,7.397643905648,6.4328323162605,-0,-0
1.68,-14.1414898350157,7.46780907997059,6.48573138679957,-0,-0
1.7,-14.2630083300093,7.53441216807325,6.53582035668108,-0,-0
1.72,-14.3778484858178,7.59737622261026,6.58306135264997,-0,-0
1.74,-14.4858880257376,7.65663017460202,6.62742034240599,-0,-0
1.76,-14.5870036005603,7.71210266373246,6.66886215013364,-0,-0
1.78,-14.6810925898488,7.76373393516672,6.70735960250944,-0,-0
1.8,-14.7680515181678,7.81146405214612,6.74288434991721,-0,-0
1.82,-14.8477696041958,7.85522934605519,6.77540418450445,-0,-0
1.84,-14.9201686430671,7.89498425483153,6.80489950954346,-0,-0
1.86,-14.9851640317297,7.93067998139413,6.8313470891453,-0,-0
1.88,-15.0426824723789,7.96227418828402,6.85472731413576,-0,-0
1.9,-15.092674995669,7.98973814786767,6.87502944184253,-0,-0
1.92,-15.1350658800572,8.01302870315078,6.89223066739016,-0,-0
1.94,-15.1698132012255,8.03212149517951,6.90632084087147,-0,-0
1.96,-15.1968799460063,8.04699511089454,6.91729059722384,-0,-0
1.98,-15.2162251461292,8.05762620541785,6.92512774755481,-0,-0
2,-15.2278556683971,8.06401795888176,6.92983824819131,-0,-0
2.02,-15.2324571545361,8.06654683384516,6.93170164008443,-0,-0
2.04,-15.2335708453032,8.06715889781932,6.9321526114969,-0,-0
2.06,-15.2337880907333,8.06727829210381,6.93224058056499,-0,-0
2.08,-15.2338264853362,8.06729939311174,6.9322561276349,-0,-0
2.1,-15.2338329481285,8.06730294495045,6.93225874460276,-0,-0
2.12,-15.2323827983679,8.06650596911883,6.93167153042595,-0,-0
2.14,-15.2223995451742,8.06101943036891,6.92762857262428,-0,-0
2.16,-15.1987213259119,8.04800701474778,6.91803669058528,-0,-0
2.18,-15.1599272692897,8.02668926030768,6.90231290844377,-0,-0
2.2,-15.10580247828,7.99695044269279,6.88035760793387,-0,-0
2.22,-15.0363424992218,7.95879148982732,6.85215139246672,-0,-0
2.24,-14.9516169580475,7.91225506660251,6.81770000337583,-0,-0
2.26,-14.8517418142883,7.85741033288391,6.77702339619878,-0,-0
2.28,-14.7368274992163,7.79432454612573,6.73013461214267,-0,-0
2.3,-14.6070624430954,7.72310883447942,6.67707471462604,-0,-0
2.32,-14.4625528115782,7.64383054545003,6.61784628994577,-0,-0
2.34,-14.3034985107082,7.55660961397251,6.55248704779646,-0,-0
2.36,-14.1300962523213,7.46156557323337,6.48102973964563,-0,-0
2.38,-13.9425375059127,7.35881656071828,6.40350134532757,-0,-0
2.4,-13.7410987156224,7.24852837937797,6.31996246891974,-0,-0
2.42,-13.5259729749223,7.1308231579555,6.23043464404373,-0,-0
2.44,-13.2974317424467,7.00586716135495,6.13497105251781,-0,-0
2.46,-13.0557452996442,6.87382767940536,6.03362224299677,-0,-0
2.48,-12.8011787693313,6.73487100369583,5.92643448780771,-0,-0
2.5,-12.5340758918119,6.58920724386009,5.81348876390418,-0,-0
2.52,-12.2547007807629,6.43700574083409,5.69482822344182,-0,-0
2.54,-11.9633788510027,6.27847040056139,5.57052361564889,-0,-0
2.56,-11.6604427694964,6.11381073901356,5.44064888910809,-0,-0
2.58,-11.3462210574307,5.94323590249404,5.30527601536383,-0,-0
2.6,-11.0210924259151,5.76698287930881,5.16450239879301,-0,-0
2.62,-10.6853784080673,5.58526069943953,5.01839766343426,-0,-0
2.64,-10.3394503300983,5.39830588633195,4.86705750203389,-0,-0
2.66,-9.9836800305682,5.20635671190668,4.71057957985547,-0,-0
2.68,-9.61843661260762,5.00965157049506,4.54906197093725,-0,-0
2.7,-9.24412809998715,4.80844941023024,4.38262634859156,-0,-0
2.72,-8.86111481160058,4.60298686082179,4.21137074802983,-0,-0
2.74,-8.46979504161127,4.3935203337295,4.03541697672599,-0,-0
2.76,-8.070568404659,4.18030764666462,3.85489094206721,-0,-0
2.78,-7.66382534678739,3.96360306329684,3.66991660334056,-0,-0
2.8,-7.24999577425642,3.74367911880648,3.48064586910446,-0,-0
2.82,-6.82946132794756,3.52078693135293,3.28720485270363,-0,-0
2.84,-6.40263808127015,3.29519299122868,3.08974530107382,-0,-0
2.86,-5.96993873449483,3.06716204815782,2.88842120921337,-0,-0
2.88,-5.53177113861458,2.83695643283751,2.68338790485177,-0,-0
2.9,-5.08856882595119,2.60484717603388,2.47482381818092,-0,-0
2.92,-4.64072797156115,2.37109063444203,2.26288527785492,-0,-0
2.94,-4.18867431607079,2.13595254369681,2.04775497700706,-0,-0
2.96,-3.73282712005337,1.8996945143601,1.82961609457754,-0,-0
2.98,-3.27360423834769,1.66257613632712,1.60865536686384,-0,-0
3,-2.81143063356977,1.42485609963238,1.38507113829155,-0,-0
3.02,-2.34672537607169,1.18678903776327,1.15906192391312,-0,-0
3.04,-1.87990642531184,0.948627438300667,0.93082936603521,-0,-0
3.06,-1.41139859776144,0.7106213716552,0.70058691206986,-0,-0
3.08,-0.941623697116663,0.473017050569125,0.468550128368092,-0,-0
3.1,-0.471003166780598,0.236058544844246,0.234937484848082,-0,-0
3.12,3.86135468705054e-05,-1.92331941749041e-05,-1.9380320027385e-05,-0,-0
3.14,0.471080925471161,-0.234977654735475,-0.23609618526826,-0,-0
3.16,0.941700556456668,-0.468587774152566,-0.47305622001847,-0,-0
3.18,1.41147515539482,-0.700624270629043,-0.710660500195563,-0,-0
3.2,1.87998147697128,-0.93086494761319,-0.948666684836782,-0,-0
3.22,2.34680157102801,-1.15909911444418,-1.18682796322012,-0,-0
3.24,2.8115076487489,-1.38510913562162,-1.42489512559915,-0,-0
3.26,3.27367915213431,-1.60869122657789,-1.66261496007436,-0,-0
3.28,3.73290380243363,-1.82965345104439,-1.89973377122585,-0,-0
3.3,4.18874950895653,-2.04779105889216,-2.13599144525168,-0,-0
3.32,4.64079706590198,-2.26291663864919,-2.37112761244581,-0,-0
3.34,5.08864068119195,-2.47485743651319,-2.60488493641091,-0,-0
3.36,5.5318485740885,-2.68342548766162,-2.83699626607263,-0,-0
3.38,5.97000646760937,-2.88845197572388,-3.06719819736444,-0,-0
3.4,6.40270857252539,-3.089777955209,-3.29523022446827,-0,-0
3.42,6.82952965645293,-3.2872361856171,-3.52082320230343,-0,-0
3.44,7.25005899353928,-3.48067391609669,-3.74371318334674,-0,-0
3.46,7.66390186585831,-3.66995293610462,-3.96364303739942,-0,-0
3.48,8.07063428780407,-3.85492077799263,-4.18034281089155,-0,-0
3.5,8.46985930382218,-4.03544583236417,-4.39355475150078,-0,-0
3.52,8.86117466579443,-4.2113971053833,-4.60301915551999,-0,-0
3.54,9.24419036664118,-4.38265405947666,-4.80848287020582,-0,-0
3.56,9.61850768394572,-4.54909453422743,-5.00968936717736,-0,-0
3.58,9.98374184582172,-4.71060705467866,-5.2063899468453,-0,-0
3.6,10.3395086869714,-4.86708314207416,-5.39833738252937,-0,-0
3.62,10.6854291495629,-5.01841936064428,-5.58528831048116,-0,-0
3.64,11.0211478550273,-5.16452653084805,-5.76701288020351,-0,-0
3.66,11.3462849043072,-5.30530433502294,-5.94327028112097,-0,-0
3.68,11.6604932279078,-5.44067051233846,-6.11383816859192,-0,-0
3.7,11.9634281150827,-5.5705446848694,-6.27849719438917,-0,-0
3.72,12.2547429174247,-5.69484593820725,-6.43702875256769,-0,-0
3.74,12.5341115749608,-5.81350347865389,-6.58922681375173,-0,-0
3.76,12.8012362409871,-5.9264593120208,-6.73490219798303,-0,-0
3.78,13.0557824061063,-6.03363771126658,-6.87384797681747,-0,-0
3.8,13.2974654589071,-6.13498498993352,-7.00588563456092,-0,-0
3.82,13.5260074962978,-6.23044898371402,-7.13084205310112,-0,-0
3.84,13.7411293129978,-6.31997509791497,-7.24854514626745,-0,-0
3.86,13.9425757176487,-6.40351729895012,-7.35883745658447,-0,-0
3.88,14.1301294481845,-6.48104348768544,-7.46158375272015,-0,-0
3.9,14.3035262325227,-6.55249844917805,-7.55662481370227,-0,-0
3.92,14.4625714431245,-6.61785385641143,-7.6438407818467,-0,-0
3.94,14.607082307551,-6.6770828217618,-7.72311973941314,-0,-0
3.96,14.7368486736973,-6.73014326778865,-7.79433616729664,-0,-0
3.98,14.8517644204298,-6.77703264208236,-7.85742273887165,-0,-0
4,14.9516359410465,-6.8177077477354,-7.9122654882385,-0,-0
4.02,15.0363374317496,-6.85214928261372,-7.95878871596821,-0,-0
4.04,15.1058188178875,-6.88036425627944,-7.99695941661681,-0,-0
4.06,15.1599335560861,-6.90231547242992,-8.02669271198855,-0,-0
4.08,15.1986177526805,-6.91799471817742,-8.04795009876728,-0,-0
4.1,15.2218782098053,-6.92741742657323,-8.06073292136568,-0,-0
4.12,15.231076878628,-6.93114270700248,-8.06578826184476,-0,-0
4.14,15.2333057383453,-6.93204526142739,-8.06701319976221,-0,-0
4.16,15.2337420864823,-6.93222195211753,-8.06725300896764,-0,-0
4.18,15.233818862668,-6.93225304099969,-8.06729520382515,-0,-0
4.2,15.2338317075718,-6.932258242266,-8.06730226316181,-0,-0
4.22,15.2331080674726,-6.93196521801931,-8.06690456343282,-0,-0
4.24,15.2281162311593,-6.9299437680793,-8.06416115769486,-0,-0
4.26,15.2162685037839,-6.92514530960488,-8.05765003305004,-0,-0
4.28,15.1968831939325,-6.9172919130106,-8.04699689578522,-0,-0
4.3,15.1698074026635,-6.90631848827552,-8.03211830924859,-0,-0
4.32,15.1350505774561,-6.89222444639348,-8.01302029772255,-0,-0
4.34,15.0926673795303,-6.87502635028792,-7.98973396359049,-0,-0
4.36,15.0426796558631,-6.85472618789947,-7.96227263761561,-0,-0
4.38,14.9851499641205,-6.83134135395555,-7.93067225752311,-0,-0
4.4,14.9201578225069,-6.80489510709416,-7.89497831201687,-0,-0
4.42,14.8477580375159,-6.7753994772941,-7.85522299368187,-0,-0
4.44,14.76802793853,-6.74287465836806,-7.8114511216675,-0,-0
4.46,14.6810842273094,-6.70735624101289,-7.7637293337811,-0,-0
4.48,14.5869942702614,-6.66885839040701,-7.71209753155118,-0,-0
4.5,14.4858648141677,-6.62741075130198,-7.65661745734583,-0,-0
4.52,14.3778316060985,-6.5830544397458,-7.59736696112002,-0,-0
4.54,14.2629879161848,-6.53581192205068,-7.53440098396325,-0,-0
4.56,14.1414683282993,-6.48572249226918,-7.46779729910839,-0,-0
4.58,14.0134113254372,-6.43282657712276,-7.39763607860856,-0,-0
4.6,13.8789468911709,-6.37716045493391,-7.32399315684538,-0,-0
4.62,13.7382241366022,-6.31876822067449,-7.24695505637113,-0,-0
4.64,13.5914039342627,-6.25769886109398,-7.16661493429265,-0,-0
4.66,13.4386328283807,-6.19399481048185,-7.08305846822339,-0,-0
4.68,13.280077468267,-6.12770717236017,-6.99638249137093,-0,-0
4.7,13.1159088471487,-6.0588889711575,-6.90668642401362,-0,-0
4.72,12.946304093773,-5.98759605352263,-6.81407322219259,-0,-0
4.74,12.7714403641332,-5.91388437770781,-6.71864609066334,-0,-0
4.76,12.5915008428781,-5.83781284311319,-6.62051168530027,-0,-0
4.78,12.4066759141396,-5.75944393716696,-6.51978071115386,-0,-0
4.8,12.2171584403741,-5.67884171330542,-6.41656535665162,-0,-0
4.82,12.0231444626881,-5.59607216191924,-6.31097965500561,-0,-0
4.84,11.8248445727978,-5.51120891193956,-6.20314539877875,-0,-0
4.86,11.6224502538398,-5.42431675976118,-6.09317449172539,-0,-0
4.88,11.4161781590195,-5.33547361889695,-5.98119205837394,-0,-0
4.9,11.206235018984,-5.24475320719901,-5.86731809384649,-0,-0
4.92,10.9928355913448,-5.15223410177497,-5.75167675952262,-0,-0
4.94,10.7761949366044,-5.05799587036654,-5.63439235925539,-0,-0
4.96,10.5565406824336,-4.96212593550762,-5.51559539205381,-0,-0
4.98,10.3340833928508,-4.864703245361,-5.39540777280111,-0,-0
5,10.1090503887776,-4.7658170650923,-5.27395959915205,-0,-0
5.02,9.88166685467643,-4.66555665222273,-5.15137967545126,-0,-0
5.04,9.65215715941492,-4.56401185843499,-5.02779620819675,-0,-0
5.06,9.42074727584806,-4.46127448781294,-4.90333797634406,-0,-0
5.08,9.1876721295427,-4.35744360480136,-4.77813735264892,-0,-0
5.1,8.95315450901691,-4.25261134932074,-4.65232101612508,-0,-0
5.12,8.71742631034454,-4.14687728306921,-4.52601921755655,-0,-0
5.14,8.48071921293941,-4.04034239574976,-4.39936150542339,-0,-0
5.16,8.24326230093467,-3.93310692366189,-4.27247595258137,-0,-0
5.18,8.00528649952892,-3.82527358875434,-4.14549092968003,-0,-0
5.2,7.76702354000871,-3.71694881564491,-4.01853363631,-0,-0
5.22,7.52870265855873,-3.60823629571942,-3.89173077770668,-0,-0
5.24,7.29055425778464,-3.49924361804604,-3.76520798950876,-0,-0
5.26,7.052806784387,-3.39007905457848,-3.63908900049544,-0,-0
5.28,6.81568929776525,-3.28085131757109,-3.51349773850386,-0,-0
5.3,6.57943012386064,-3.17167050219886,-3.38855675401397,-0,-0
5.32,6.34425179302052,-3.06264687348534,-3.26438381650223,-0,-0
5.34,6.11038305028017,-2.95389227550643,-3.14110060895249,-0,-0
5.36,5.87804547536906,-2.84551829936302,-3.01882310956878,-0,-0
5.38,5.64746177411206,-2.73763746603292,-2.89766747495436,-0,-0
5.4,5.41884723063336,-2.63036091766554,-2.77774448263573,-0,-0
5.42,5.19242584126651,-2.52380320072795,-2.65916970584734,-0,-0
5.44,4.96841232935585,-2.41807674751994,-2.54205222074241,-0,-0
5.46,4.74701183096129,-2.31329120146314,-2.42649468425032,-0,-0
5.48,4.52844440433289,-2.20956200716491,-2.31260811727773,-0,-0
5.5,4.31291633139841,-2.1070003939214,-2.20049453309553,-0,-0
5.52,4.10062494769866,-2.00571442825212,-2.09025021658525,-0,-0
5.54,3.89178224931937,-1.9058184218312,-1.98197928714468,-0,-0
5.56,3.68658230103959,-1.80741994972395,-1.87577494335556,-0,-0
5.58,3.48522557877542,-1.71062957245278,-1.77173343397714,-0,-0
5.6,3.28789087552776,-1.61554899879975,-1.6699382916007,-0,-0
5.62,3.09477967284282,-1.52228969582801,-1.57048529263223,-0,-0
5.64,2.9060728910349,-1.43095465238513,-1.47345818125364,-0,-0
5.66,2.72194995065603,-1.34164620214871,-1.37893951987943,-0,-0
5.68,2.54259219008863,-1.25446764414869,-1.28701248283923,-0,-0
5.7,2.36815629223985,-1.1695111952402,-1.19774652934802,-0,-0
5.72,2.19882473032177,-1.08688057808177,-1.11122483360768,-0,-0
5.74,2.03475680629528,-1.00666897802529,-1.02751776965629,-0,-0
5.76,1.87610876754255,-0.928968016178007,-0.946693879739697,-0,-0
5.78,1.72303675050779,-0.853868989734976,-0.868821560252637,-0,-0
5.8,1.57568121842403,-0.781455619682172,-0.79396082853851,-0,-0
5.82,1.43418430636834,-0.711812066437547,-0.7221725867148,-0,-0
5.84,1.29869436238048,-0.645025115379083,-0.653520994185409,-0,-0
5.86,1.16933453063451,-0.581169174320643,-0.588057134837194,-0,-0
5.88,1.04623293555426,-0.520320573844726,-0.525834843873983,-0,-0
5.9,0.929511846342513,-0.462552355626927,-0.466905124967241,-0,-0
5.92,0.819268963068867,-0.407925137098717,-0.411306603595346,-0,-0
5.94,0.71562971167057,-0.356512406264916,-0.359092497618785,-0,-0
5.96,0.618690683008776,-0.308373092367899,-0.310301560119791,-0,-0
5.98,0.528545574920801,-0.263564057442245,-0.264971522463525,-0,-0
6,0.445291457970711,-0.222143193169746,-0.223142286299064,-0,-0
6.02,0.368983234915524,-0.184146938476151,-0.184832895720422,-0,-0
6.04,0.299722120297668,-0.149633842185009,-0.150086455397136,-0,-0
6.06,0.237568214277498,-0.118641471054432,-0.118925835506285,-0,-0
6.08,0.182581130817195,-0.0912063765456288,-0.0913743421925105,-0,-0
6.1,0.134823181931047,-0.0673657021502881,-0.0674573137298357,-0,-0
6.12,0.0943175890711983,-0.0471363550616102,-0.0471811772047616,-0,-0
6.14,0.0611296703554189,-0.0305554128449066,-0.0305742420426694,-0,-0
6.16,0.0352839676314353,-0.0176388450455724,-0.0176451196091915,-0,-0
6.18,0.0168045224530505,-0.00840154915245019,-0.00840297297847157,-0,-0
6.2,0.00571492469984128,-0.0028574871837401,-0.00285743749196416,-0,-0
6.22,0.00131611345852163,-0.00126008365589769,-5.60139372228834e-05,-0,-0
6.24,0.000251140403866821,-0.00485083643632007,0.00459971994407713,-0,-0
6.26,4.3952630696164e-05,-0.0145388122579174,0.0144948724697006,-0,-0
6.28,7.29208452409313e-06,-0.0305596581659081,0.030552370566727,-0,-0
6.3,1.16861401388131e-06,-0.0529533158249192,0.0529521484565424,-0,-0
6.32,1.83563504872565e-07,-0.0817170046429094,0.0817168213808642,-0,-0
6.34,2.80529531902133e-08,-0.116804717868161,0.116804689881165,-0,-0
6.36,4.24885249353323e-09,-0.158210228972086,0.15821022473692,-0,-0
6.38,6.36581623815907e-10,-0.205890856795343,0.205890856161579,-0,-0
6.4,9.45449412591844e-11,-0.259804046769389,0.259804046675512,-0,-0
6.42,1.40087570716157e-11,-0.319906392349729,0.319906392335979,-0,-0
6.44,2.09154986167586e-12,-0.38614104435915,0.386141044357197,-0,-0
6.46,3.96105688415236e-13,-0.458447502786743,0.458447502786523,-0,-0
6.48,1.52666624710249e-13,-0.536774685999532,0.536774685999643,-0,-0
6.5,4.13616870813512e-14,-0.621051477410529,0.621051477410637,-0,-0
6.52,7.63333123551244e-14,-0.7112035173591,0.711203517359122,-0,-0
6.54,5.33054835796951e-14,-0.807158130177948,0.807158130178108,-0,-0
6.56,1.10799863145419e-13,-0.908816310490718,0.908816310490775,-0,-0
6.58,1.14499968532687e-13,-1.01610334814317,1.01610334814321,-0,-0
6.6,1.18077105082117e-13,-1.1289270212549,1.12892702125496,-0,-0
6.62,1.23252394510104e-13,-1.24718422395809,1.24718422395818,-0,-0
6.64,8.63684602008017e-14,-1.3707743181341,1.37077431813417,-0,-0
6.66,5.99703296202761e-14,-1.49959399363013,1.49959399363032,-0,-0
6.68,6.06134111078662e-14,-1.63351381690259,1.63351381690262,-0,-0
6.7,9.71857147389168e-14,-1.77243472103814,1.77243472103822,-0,-0
6.72,1.14499968532687e-13,-1.91622936640401,1.91622936640417,-0,-0
6.74,9.41380790199203e-14,-2.06477005786085,2.06477005786085,-0,-0
6.76,1.14499968532687e-13,-2.21792843999686,2.21792843999699,-0,-0
6.78,1.04794121343294e-13,-2.37556446525742,2.3755644652575,-0,-0
6.8,1.14499968532687e-13,-2.53753759215768,2.53753759215779,-0,-0
6.82,1.14597975111635e-13,-2.703711294197,2.70371129419712,-0,-0
6.84,1.16593416849172e-13,-2.87393512208161,2.87393512208172,-0,-0
6.86,1.14499968532687e-13,-3.04805611931859,3.0480561193187,-0,-0
6.88,9.8759212318779e-14,-3.22592174656799,3.22592174656806,-0,-0
6.9,4.75446843531128e-14,-3.4073613715338,3.40736137153392,-0,-0
6.92,1.14499968532687e-13,-3.59222111078804,3.59222111078809,-0,-0
6.94,1.01212169301588e-13,-3.7803331417933,3.78033314179329,-0,-0
6.96,7.63333123551244e-14,-3.97152403603548,3.9715240360356,-0,-0
6.98,1.14499968532687e-13,-4.16562085827209,4.16562085827213,-0,-0
7,7.63333123551244e-14,-4.36244774725936,4.36244774725947,-0,-0
7.02,7.63333123551244e-14,-4.5618160101266,4.56181601012665,-0,-0
7.04,6.0532916536523e-14,-4.76355044259791,4.76355044259804,-0,-0
7.06,1.01190399465543e-13,-4.9674613237631,4.96746132376319,-0,-0
7.08,1.18955678214914e-13,-5.1733582763723,5.1733582763724,-0,-0
7.1,9.56524615718333e-14,-5.3810498012854,5.38104980128549,-0,-0
7.12,1.14499968532687e-13,-5.59033876539318,5.5903387653933,-0,-0
7.14,7.63333123551244e-14,-5.80102786245546,5.80102786245555,-0,-0
7.16,4.01517376463601e-14,-6.01291940310109,6.01291940310121,-0,-0
7.18,1.14499968532687e-13,-6.22581031870793,6.22581031870804,-0,-0
7.2,4.89009560177237e-14,-6.43949653639271,6.43949653639276,-0,-0
7.22,9.25728937796251e-14,-6.65377248923305,6.65377248923312,-0,-0
7.24,7.63333123551244e-14,-6.8684293871774,6.86842938717752,-0,-0
7.26,3.211419445289e-14,-7.08325958898327,7.08325958898338,-0,-0
7.28,6.50918618869137e-14,-7.29805243006,7.2980524300602,-0,-0
7.3,7.63333123551244e-14,-7.51259640948969,7.51259640948983,-0,-0
7.32,1.0722831707181e-13,-7.72667896855347,7.7266789685536,-0,-0
7.34,1.14499968532687e-13,-7.94008645935071,7.94008645935082,-0,-0
7.36,1.20294681111256e-13,-8.15260774512462,8.15260774512472,-0,-0
7.38,7.63333123551244e-14,-8.36402600499117,8.36402600499129,-0,-0
7.4,7.63333123551244e-14,-8.57412778086493,8.57412778086503,-0,-0
7.42,6.98396351900514e-14,-8.78269942443328,8.78269942443338,-0,-0
7.44,1.14499968532687e-13,-8.98952604123405,8.98952604123414,-0,-0
7.46,5.53626597567426e-14,-9.19439716078536,9.19439716078542,-0,-0
7.48,8.60705272285166e-14,-9.39710049461832,9.3971004946184,-0,-0
7.5,4.04694756420662e-14,-9.5974210538737,9.59742105387386,-0,-0
7.52,3.83001381988778e-14,-9.79515088252412,9.7951508825242,-0,-0
7.54,1.14499968532687e-13,-9.99008084431287,9.99008084431305,-0,-0
7.56,9.32809878615636e-14,-10.1820010304289,10.182001030429,-0,-0
7.58,1.12586775157789e-13,-10.3707177171517,10.3707177171518,-0,-0
7.6,5.39983166335522e-14,-10.5560178766019,10.556017876602,-0,-0
7.62,2.94245038357685e-14,-10.7377037059601,10.7377037059602,-0,-0
7.64,3.81666561775622e-14,-10.9155799066855,10.9155799066856,-0,-0
7.66,8.54803427980261e-15,-11.0894505570338,11.0894505570339,-0,-0
7.68,5.83779154769794e-14,-11.2591234536321,11.2591234536322,-0,-0
7.7,1.02028366828321e-13,-11.4244229885472,11.4244229885473,-0,-0
7.72,5.08960483378016e-14,-11.5851525011878,11.585152501188,-0,-0
7.74,1.14499968532687e-13,-11.7411369699162,11.7411369699163,-0,-0
7.76,7.63333123551244e-14,-11.8922032355931,11.8922032355932,-0,-0
7.78,7.63333123551244e-14,-12.0381778875677,12.0381778875678,-0,-0
7.8,5.4179651486607e-14,-12.1789044243899,12.17890442439,-0,-0
7.82,1.22707200701277e-13,-12.314221318755,12.3142213187552,-0,-0
7.84,4.49250974998719e-14,-12.4439661678345,12.4439661678346,-0,-0
7.86,7.74095677330396e-14,-12.5679961599172,12.5679961599173,-0,-0
7.88,7.63333123551244e-14,-12.6861677568288,12.6861677568289,-0,-0
7.9,5.88475302729135e-14,-12.7983378722583,12.7983378722584,-0,-0
7.92,4.08245070940987e-14,-12.9043992133823,12.9043992133824,-0,-0
7.94,7.63333123551244e-14,-13.0042063486297,13.0042063486299,-0,-0
7.96,1.08006048727282e-13,-13.0976490260402,13.0976490260403,-0,-0
7.98,8.91488108901956e-14,-13.184620420869,13.1846204208691,-0,-0
8,4.30123122853778e-14,-13.2650152246566,13.2650152246568,-0,-0
8.02,1.00458819654101e-13,-13.3387380051944,13.3387380051945,-0,-0
8.04,1.00538095674293e-13,-13.4057176751332,13.4057176751333,-0,-0
8.06,7.63333123551244e-14,-13.4658553339359,13.465855333936,-0,-0
8.08,5.83000546058313e-14,-13.5190856757819,13.519085675782,-0,-0
8.1,1.00743077086077e-13,-13.5653476206938,13.5653476206938,-0,-0
8.12,1.25979793895865e-13,-13.6045810099578,13.604581009958,-0,-0
8.14,9.97503501738945e-14,-13.6367518232907,13.6367518232908,-0,-0
8.16,8.2817645067074e-14,-13.6618169316163,13.6618169316164,-0,-0
8.18,4.27763923045553e-14,-13.6797367538566,13.6797367538567,-0,-0
8.2,7.86343562955572e-14,-13.6904977264413,13.6904977264415,-0,-0
8.22,1.10426883901966e-13,-13.694758068396,13.6947580683961,-0,-0
8.24,9.44956944326746e-14,-13.6957883383322,13.6957883383323,-0,-0
8.26,7.77175092415887e-14,-13.6959904008065,13.6959904008066,-0,-0
8.28,7.63333123551244e-14,-13.6960259435057,13.6960259435057,-0,-0
8.3,8.04167350515352e-14,-13.6960318425241,13.6960318425242,-0,-0
8.32,6.61209347956895e-14,-13.6946867681553,13.6946867681555,-0,-0
8.34,1.14499968532687e-13,-13.6854407153394,13.6854407153396,-0,-0
8.36,1.01161755385954e-13,-13.6635075538693,13.6635075538694,-0,-0
8.38,7.63333123551244e-14,-13.6276163614182,13.6276163614183,-0,-0
8.4,7.63333123551244e-14,-13.577506481414,13.5775064814141,-0,-0
8.42,8.51446191880715e-14,-13.513209748876,13.5132097488761,-0,-0
8.44,5.07737982113441e-14,-13.4348115326677,13.4348115326679,-0,-0
8.46,1.00565502338963e-13,-13.3424081315402,13.3424081315403,-0,-0
8.48,8.30818126717355e-14,-13.2361546178672,13.2361546178673,-0,-0
8.5,7.13488863227061e-14,-13.1161841162599,13.11618411626,-0,-0
8.52,1.08854201137057e-13,-12.9826448894909,12.982644889491,-0,-0
8.54,1.14499968532687e-13,-12.83573485396,12.8357348539601,-0,-0
8.56,1.14499968532687e-13,-12.6756521261856,12.6756521261856,-0,-0
8.58,9.57716739785276e-14,-12.5025939733268,12.5025939733269,-0,-0
8.6,1.14499968532687e-13,-12.316846867066,12.3168468670661,-0,-0
8.62,1.14499968532687e-13,-12.1186049419182,12.1186049419184,-0,-0
8.64,1.52666624710249e-13,-11.9081511201606,11.9081511201606,-0,-0
8.66,1.29398130272102e-13,-11.6857649995043,11.6857649995045,-0,-0
8.68,8.83565762659211e-14,-11.4517323239087,11.4517323239087,-0,-0
8.7,1.01631446379305e-13,-11.2063598141328,11.206359814133,-0,-0
8.72,7.63333123551244e-14,-10.9499826939429,10.9499826939431,-0,-0
8.74,7.63333123551244e-14,-10.6829005988564,10.6829005988565,-0,-0
8.76,1.14499968532687e-13,-10.4054605198076,10.4054605198077,-0,-0
8.78,1.2935386263544e-13,-10.1180141492986,10.1180141492988,-0,-0
8.8,8.90116249605171e-14,-9.82091103484985,9.82091103484994,-0,-0
8.82,7.63333123551244e-14,-9.5145371994735,9.51453719947354,-0,-0
8.84,1.17919513567105e-13,-9.19925476414165,9.19925476414173,-0,-0
8.86,1.21269018205667e-13,-8.87543511065368,8.87543511065373,-0,-0
8.88,1.0174662890481e-13,-8.54347511202069,8.54347511202087,-0,-0
8.9,1.14373983708691e-13,-8.203765959901,8.20376595990112,-0,-0
8.92,7.63333123551244e-14,-7.85669286766322,7.85669286766326,-0,-0
8.94,1.13363624161096e-13,-7.50268726929228,7.50268726929232,-0,-0
8.96,1.00256136264433e-13,-7.1421242651299,7.14212426513004,-0,-0
8.98,9.55226155549811e-14,-6.77542190937548,6.77542190937559,-0,-0
9,5.4214409710988e-14,-6.4029908229585,6.40299082295862,-0,-0
9.02,1.07795251768371e-13,-6.0252399994014,6.02523999940152,-0,-0
9.04,1.02352835646554e-13,-5.64258414894632,5.64258414894639,-0,-0
9.06,1.14499968532687e-13,-5.25544210845779,5.2554421084579,-0,-0
9.08,1.08368106982838e-13,-4.86421675175246,4.8642167517526,-0,-0
9.1,1.39587357531589e-13,-4.46932420714717,4.4693242071472,-0,-0
9.12,4.86360315457288e-14,-4.07117767426614,4.07117767426626,-0,-0
9.14,1.0117718789147e-13,-3.67018555464041,3.67018555464057,-0,-0
9.16,7.63333123551244e-14,-3.26676234894308,3.26676234894319,-0,-0
9.18,7.63333123551244e-14,-2.86131090683476,2.86131090683484,-0,-0
9.2,1.14499968532687e-13,-2.45423456000997,2.45423456001001,-0,-0
9.22,7.63333123551244e-14,-2.04593712741047,2.04593712741058,-0,-0
9.24,7.70129263867501e-14,-1.63681698784627,1.63681698784646,-0,-0
9.26,5.63273477588958e-14,-1.22726967582047,1.22726967582057,-0,-0
9.28,1.14499968532687e-13,-0.81768723247291,0.817687232472955,-0,-0
9.3,9.24275994075585e-14,-0.408458222961543,0.408458222961625,-0,-0
9.32,5.86546063707949e-14,3.29689029457037e-05,-3.2968902831203e-05,-0,-0
9.34,7.63333123551244e-14,0.407406320585853,-0.407406320585773,-0,-0
9.36,7.63333123551244e-14,0.813285016359576,-0.8132850163595,-0,-0
9.38,1.03031923294321e-13,1.21729834107248,-1.2172983410723,-0,-0
9.4,1.35257928950289e-13,1.61908249467827,-1.61908249467816,-0,-0
9.42,8.0776007686745e-14,2.01827017055779,-2.01827017055768,-0,-0
9.44,7.63333123551244e-14,2.41450518415586,-2.41450518415575,-0,-0
9.46,1.05151990409102e-13,2.80743587741646,-2.8074358774164,-0,-0
9.48,1.24743393872683e-13,3.19671141683425,-3.19671141683419,-0,-0
9.5,7.63333123551244e-14,3.5819995783566,-3.58199957835653,-0,-0
9.52,1.14482270176494e-13,3.96295702338315,-3.96295702338296,-0,-0
9.54,1.43581976630077e-13,4.33924791534314,-4.33924791534308,-0,-0
9.56,1.46184815103853e-13,4.7105516622055,-4.71055166220548,-0,-0
9.58,7.75326760339403e-14,5.07654613419001,-5.0765461341899,-0,-0
9.6,9.68601474372056e-14,5.43690831425933,-5.43690831425929,-0,-0
9.62,1.05730433268607e-13,5.79135184450986,-5.79135184450982,-0,-0
9.64,5.89972080629158e-14,6.13954963852842,-6.13954963852832,-0,-0
9.66,1.10040418880235e-13,6.48121133603801,-6.48121133603799,-0,-0
9.68,1.32512845105217e-13,6.81604668818517,-6.81604668818517,-0,-0
9.7,9.88708942932472e-14,7.14376668084574,-7.14376668084568,-0,-0
9.72,1.14499968532687e-13,7.46409658817778,-7.46409658817768,-0,-0
9.74,1.30669157681122e-13,7.77677075148183,-7.77677075148175,-0,-0
9.76,7.32223791229349e-14,8.08150682374977,-8.08150682374966,-0,-0
9.78,5.11879051900805e-14,8.37804937363915,-8.3780493736391,-0,-0
9.8,1.14499968532687e-13,8.66614748748284,-8.66614748748274,-0,-0
9.82,8.54274850238581e-14,8.94554696206452,-8.94554696206446,-0,-0
9.84,8.06367944917728e-14,9.21603204430745,-9.21603204430738,-0,-0
9.86,7.96932643147901e-14,9.47735315888414,-9.47735315888399,-0,-0
9.88,7.63333123551244e-14,9.72928105398099,-9.72928105398091,-0,-0
9.9,1.52666624710249e-13,9.9716086309393,-9.97160863093926,-0,-0
9.92,1.18215959274882e-13,10.2041233138201,-10.2041233138201,-0,-0
9.94,9.32976330596449e-14,10.4266128334878,-10.4266128334877,-0,-0
9.96,1.14499968532687e-13,10.6389207869694,-10.6389207869693,-0,-0
9.98,9.56030860856522e-14,10.8408248499847,-10.8408248499846,-0,-0
10,1.14499968532687e-13,11.0321602209843,-11.0321602209842,-0,-0
10.02,1.14499968532687e-13,11.2127624779954,-11.2127624779954,-0,-0
10.04,1.1835476791054e-13,11.3824680118549,-11.3824680118548,-0,-0
10.06,9.68220395865949e-14,11.5411373141528,-11.5411373141527,-0,-0
10.08,1.04490214960953e-13,11.6886368011856,-11.6886368011855,-0,-0
10.1,7.7433724400104e-14,11.8248158382965,-11.8248158382965,-0,-0
10.12,7.92821267286284e-14,11.9495601383515,-11.9495601383514,-0,-0
10.14,1.07416722263716e-13,12.0627620254896,-12.0627620254896,-0,-0
10.16,1.0679834731252e-13,12.164309936471,-12.1643099364709,-0,-0
10.18,7.63333123551244e-14,12.2541466201931,-12.254146620193,-0,-0
10.2,1.14499968532687e-13,12.3321642453674,-12.3321642453672,-0,-0
10.22,1.14499968532687e-13,12.3982911122008,-12.3982911122008,-0,-0
10.24,8.50341230161235e-14,12.4524787232038,-12.4524787232038,-0,-0
10.26,1.14499968532687e-13,12.4946735180353,-12.4946735180352,-0,-0
10.28,9.8146044441015e-14,12.524827082234,-12.5248270822339,-0,-0
10.3,1.22311294228237e-13,12.5429522428974,-12.5429522428973,-0,-0
10.32,1.35341478409599e-13,12.5501216001847,-12.5501216001847,-0,-0
10.34,1.28818333059393e-13,12.5518571338437,-12.5518571338437,-0,-0
10.36,9.40850113051784e-14,12.5521957960355,-12.5521957960355,-0,-0
10.38,1.14499968532687e-13,12.5522556531538,-12.5522556531537,-0,-0
10.4,9.52434619975057e-14,12.5522656653056,-12.5522656653055,-0,-0
10.42,1.14499968532687e-13,12.5517016126695,-12.5517016126694,-0,-0
10.44,1.14499968532687e-13,12.5478148168472,-12.5478148168472,-0,-0
10.46,1.14499968532687e-13,12.5385891040097,-12.5385891040097,-0,-0
10.48,1.22254014802996e-14,12.5234749328497,-12.5234749328496,-0,-0
10.5,1.21070413761088e-13,12.502366527155,-12.5023665271549,-0,-0
10.52,7.93666667085424e-14,12.4752812612821,-12.4752812612821,-0,-0
10.54,1.09500510426036e-13,12.4422249230365,-12.4422249230365,-0,-0
10.56,1.14537231796888e-13,12.4032290044975,-12.4032290044974,-0,-0
10.58,1.14499968532687e-13,12.358334655751,-12.3583346557509,-0,-0
10.6,7.31315892270936e-14,12.307581518895,-12.3075815188949,-0,-0
10.62,9.19715067982791e-14,12.2510135643407,-12.2510135643407,-0,-0
10.64,1.42934694624557e-13,12.1887014228486,-12.1887014228485,-0,-0
10.66,1.21822308277992e-13,12.1206843482974,-12.1206843482974,-0,-0
10.68,8.93850511715684e-14,12.047032181112,-12.0470321811119,-0,-0
10.7,1.14499968532687e-13,11.9678157387668,-11.9678157387667,-0,-0
10.72,1.04638617739539e-13,11.8831061917727,-11.8831061917727,-0,-0
10.74,1.05497442615288e-13,11.7929901199912,-11.7929901199912,-0,-0
10.76,1.25430591652887e-13,11.6975519942278,-11.6975519942278,-0,-0
10.78,1.49760949564668e-13,11.5968729154199,-11.5968729154199,-0,-0
10.8,7.70708359632081e-14,11.4910517244148,-11.4910517244147,-0,-0
10.82,8.63907295176631e-14,11.3801874798572,-11.3801874798572,-0,-0
10.84,1.09190161539199e-13,11.2643798649194,-11.2643798649194,-0,-0
10.86,1.16948284743444e-13,11.1437532968485,-11.1437532968484,-0,-0
10.88,1.46151064800628e-13,11.0184061785552,-11.0184061785551,-0,-0
10.9,1.00753738922661e-13,10.888458362516,-10.8884583625159,-0,-0
10.92,1.25349941367209e-13,10.7540346862673,-10.7540346862672,-0,-0
10.94,7.25981801928091e-14,10.6152592425014,-10.6152592425013,-0,-0
10.96,1.22433187485652e-13,10.4722602469741,-10.472260246974,-0,-0
10.98,9.83363734569813e-14,10.3251833859601,-10.32518338596,-0,-0
11,9.0608304360708e-14,10.1741534758641,-10.174153475864,-0,-0
11.02,1.2676147520775e-13,10.0193164656681,-10.0193164656681,-0,-0
11.04,1.52666624710249e-13,9.86081889689789,-9.86081889689786,-0,-0
11.06,1.21789402811472e-13,9.69880755597964,-9.69880755597959,-0,-0
11.08,1.35561442114918e-13,9.53343965386826,-9.53343965386821,-0,-0
11.1,8.60108494106389e-14,9.36486994516777,-9.36486994516771,-0,-0
11.12,1.12183962387117e-13,9.19325233958696,-9.19325233958686,-0,-0
11.14,1.14499968532687e-13,9.01875169033843,-9.01875169033837,-0,-0
11.16,8.05426889879203e-14,8.84153214004512,-8.84153214004511,-0,-0
11.18,7.63333123551244e-14,8.66175910335658,-8.66175910335654,-0,-0
11.2,1.16447343511624e-13,8.47961090906692,-8.4796109090668,-0,-0
11.22,1.06690445405576e-13,8.29525215368496,-8.29525215368499,-0,-0
11.24,5.27997815007599e-14,8.10885959893387,-8.10885959893376,-0,-0
11.26,1.41011868592165e-13,7.9206115435032,-7.92061154350311,-0,-0
11.28,1.10324097425774e-13,7.73068647157356,-7.73068647157355,-0,-0
11.3,1.14499968532687e-13,7.53926523129121,-7.5392652312911,-0,-0
11.32,1.02186599460045e-13,7.34653427231477,-7.34653427231465,-0,-0
11.34,1.01669092708306e-13,7.15267418208911,-7.15267418208904,-0,-0
11.36,7.63333123551244e-14,6.9578725544181,-6.95787255441801,-0,-0
11.38,5.30508126553093e-14,6.76231721770424,-6.76231721770411,-0,-0
11.4,3.81666561775622e-14,6.56619663908049,-6.5661966390805,-0,-0
11.42,1.14499968532687e-13,6.36970129378407,-6.36970129378403,-0,-0
11.44,1.06250750349441e-13,6.17302137229783,-6.17302137229786,-0,-0
11.46,4.48520517893631e-14,5.97634825478984,-5.97634825478973,-0,-0
11.48,4.13382306309046e-14,5.77987406268477,-5.77987406268469,-0,-0
11.5,1.11237388950231e-13,5.58379123708651,-5.58379123708647,-0,-0
11.52,7.95702527931091e-14,5.38829333383122,-5.38829333383115,-0,-0
11.54,1.14499968532687e-13,5.19357023784918,-5.19357023784914,-0,-0
11.56,1.23835147030491e-13,4.99981721464206,-4.99981721464195,-0,-0
11.58,1.14499968532687e-13,4.80722586866252,-4.80722586866249,-0,-0
11.6,1.14499968532687e-13,4.61598754805382,-4.61598754805368,-0,-0
11.62,1.09710375764387e-13,4.42629414685753,-4.42629414685749,-0,-0
11.64,1.0045148346216e-13,4.23833632490535,-4.23833632490523,-0,-0
11.66,1.24915972877127e-13,4.05229867129601,-4.05229867129595,-0,-0
11.68,7.63333123551244e-14,3.86837478846012,-3.86837478846001,-0,-0
11.7,1.32610608041707e-13,3.68674967257166,-3.68674967257158,-0,-0
11.72,1.38989400011727e-13,3.50760753241438,-3.50760753241429,-0,-0
11.74,6.47985068515211e-14,3.33113351073557,-3.33113351073543,-0,-0
11.76,1.4641829137643e-14,3.15750354269924,-3.15750354269919,-0,-0
11.78,1.08069039018221e-13,2.98689811763338,-2.98689811763332,-0,-0
11.8,1.19066306927645e-13,2.81949785018031,-2.81949785018034,-0,-0
11.82,7.85541337165239e-14,2.65547304155519,-2.65547304155508,-0,-0
11.84,1.12376958601641e-13,2.49499502792799,-2.4949950279278,-0,-0
11.86,1.14499968532687e-13,2.33823670791573,-2.33823670791575,-0,-0
11.88,7.7094729512834e-14,2.18534733483122,-2.18534733483104,-0,-0
11.9,1.14499968532687e-13,2.03650320099604,-2.03650320099595,-0,-0
11.92,8.06685801948602e-14,1.89185678808444,-1.89185678808442,-0,-0
11.94,9.01610880309603e-14,1.75156049032336,-1.75156049032327,-0,-0
11.96,1.19960569693915e-13,1.61576583971736,-1.61576583971727,-0,-0
11.98,7.63333123551244e-14,1.48461774975224,-1.48461774975217,-0,-0
12,1.21448257588894e-13,1.35824700469645,-1.35824700469637,-0,-0
12.02,1.3338892719732e-13,1.23680259110694,-1.23680259110688,-0,-0
12.04,1.34756843349089e-13,1.12041169679775,-1.12041169679763,-0,-0
12.06,1.14499968532687e-13,1.0091987023169,-1.00919870231683,-0,-0
12.08,1.00416549483487e-13,0.903288535919647,-0.903288535919506,-0,-0
12.1,8.99404283139375e-14,0.802785876937853,-0.802785876937683,-0,-0
12.12,4.82784596121936e-14,0.707805130530021,-0.707805130529841,-0,-0
12.14,1.08911555663714e-13,0.618457142261189,-0.61845714226114,-0,-0
12.16,7.95296886707767e-14,0.534833609868404,-0.534833609868352,-0,-0
12.18,1.14499968532687e-13,0.457027176432365,-0.457027176432288,-0,-0
12.2,3.73795379889751e-14,0.385132549398471,-0.385132549398359,-0,-0
12.22,1.14358013218985e-13,0.319204016229485,-0.31920401622937,-0,-0
12.24,1.27497269203814e-13,0.259340076491551,-0.25934007649145,-0,-0
12.26,9.43421044621596e-14,0.205597901327389,-0.205597901327239,-0,-0
12.28,1.14499968532687e-13,0.158036124426965,-0.158036124426897,-0,-0
12.3,4.41808234556572e-14,0.116710589248847,-0.116710589248733,-0,-0
12.32,1.01665261505493e-13,0.0816660582914269,-0.0816660582913378,-0,-0
12.34,7.63333123551244e-14,0.0529305114212406,-0.0529305114211432,-0,-0
12.36,7.63333123551244e-14,0.0305522062335172,-0.0305522062334188,-0,-0
12.38,4.60122945932722e-14,0.0145513424056927,-0.0145513424056242,-0,-0
12.4,-8.3157931044864e-09,0.00494380297755419,-0.00494381961094442,-0,-0
12.42,-0.000697819467124355,0.000443655341874128,-0.00183932597424091,-0,-0
12.44,-0.00546076188456636,-0.0052427526946759,-0.00567881886708368,-0,-0
12.46,-0.0167597866656808,-0.0167217606338419,-0.016797838388453,-0,-0
12.48,-0.0352793316264273,-0.0352730210046748,-0.0352856512230864,-0,-0
12.5,-0.061133312032007,-0.0611323012466875,-0.0611343253103341,-0,-0
12.52,-0.0943224205283772,-0.0943222626477181,-0.0943225790106419,-0,-0
12.54,-0.134830635839124,-0.134830611486156,-0.134830660324693,-0,-0
12.56,-0.182587113906226,-0.182587110242101,-0.18258711759757,-0,-0
12.58,-0.237576031717509,-0.237576031169508,-0.237576032271057,-0,-0
12.6,-0.299732328931783,-0.299732328850692,-0.299732329014017,-0,-0
12.62,-0.368993507203903,-0.368993507192187,-0.36899350721604,-0,-0
12.64,-0.445294579084199,-0.445294579082706,-0.445294579086027,-0,-0
12.66,-0.528557726376879,-0.52855772637679,-0.52855772637708,-0,-0
12.68,-0.618691016791622,-0.618691016791831,-0.61869101679166,-0,-0
12.7,-0.715621817609643,-0.715621817609764,-0.715621817609567,-0,-0
12.72,-0.819249625952109,-0.8192496259523,-0.819249625952046,-0,-0
12.74,-0.929470096506991,-0.929470096507215,-0.929470096507025,-0,-0
12.76,-1.04618002069921,-1.0461800206994,-1.04618002069919,-0,-0
12.78,-1.16924952249801,-1.16924952249819,-1.169249522498,-0,-0
12.8,-1.2985664142821,-1.29856641428225,-1.2985664142821,-0,-0
12.82,-1.43400894269679,-1.43400894269692,-1.43400894269671,-0,-0
12.84,-1.57543612215286,-1.57543612215304,-1.57543612215277,-0,-0
12.86,-1.72270969700456,-1.72270969700471,-1.72270969700463,-0,-0
12.88,-1.87569289694949,-1.87569289694968,-1.87569289694949,-0,-0
12.9,-2.03421173893668,-2.03421173893681,-2.03421173893661,-0,-0
12.92,-2.19813271530279,-2.19813271530292,-2.19813271530271,-0,-0
12.94,-2.36728634604227,-2.36728634604246,-2.3672863460422,-0,-0
12.96,-2.54150473729944,-2.54150473729959,-2.54150473729943,-0,-0
12.98,-2.7206182465355,-2.72061824653576,-2.72061824653549,-0,-0
13,-2.90444771441519,-2.90444771441538,-2.90444771441521,-0,-0
13.02,-3.09280657346025,-3.09280657346052,-3.09280657346021,-0,-0
13.04,-3.28551897282891,-3.2855189728291,-3.28551897282883,-0,-0
13.06,-3.48239159042566,-3.48239159042585,-3.48239159042559,-0,-0
13.08,-3.68322886017963,-3.68322886017982,-3.68322886017963,-0,-0
13.1,-3.88783575270509,-3.88783575270525,-3.88783575270504,-0,-0
13.12,-4.09600165650413,-4.09600165650432,-4.09600165650413,-0,-0
13.14,-4.30752726335816,-4.30752726335838,-4.30752726335808,-0,-0
13.16,-4.52220633770793,-4.52220633770812,-4.52220633770798,-0,-0
13.18,-4.73982316074012,-4.73982316074033,-4.73982316074011,-0,-0
13.2,-4.96016390621673,-4.96016390621692,-4.96016390621665,-0,-0
13.22,-5.18301428589808,-5.18301428589831,-5.183014285898,-0,-0
13.24,-5.4081453304522,-5.40814533045235,-5.40814533045212,-0,-0
13.26,-5.6353439432648,-5.63534394326501,-5.6353439432648,-0,-0
13.28,-5.86438289709791,-5.86438289709804,-5.86438289709787,-0,-0
13.3,-6.09503578443303,-6.0950357844332,-6.09503578443303,-0,-0
13.32,-6.32707559518259,-6.32707559518278,-6.32707559518267,-0,-0
13.34,-6.56027250070549,-6.56027250070565,-6.56027250070549,-0,-0
13.36,-6.79439584170478,-6.79439584170494,-6.7943958417047,-0,-0
13.38,-7.02921640511369,-7.02921640511391,-7.02921640511367,-0,-0
13.4,-7.26450168535947,-7.26450168535963,-7.26450168535941,-0,-0
13.42,-7.50001931389157,-7.50001931389174,-7.50001931389151,-0,-0
13.44,-7.73553666615306,-7.73553666615319,-7.73553666615298,-0,-0
13.46,-7.97082189520713,-7.97082189520739,-7.97082189520713,-0,-0
13.48,-8.20564268508071,-8.2056426850809,-8.2056426850807,-0,-0
13.5,-8.43976662224498,-8.43976662224517,-8.43976662224491,-0,-0
13.52,-8.67296335646422,-8.67296335646435,-8.67296335646414,-0,-0
13.54,-8.90500248745712,-8.90500248745716,-8.90500248745704,-0,-0
13.56,-9.13565312950121,-9.13565312950142,-9.13565312950116,-0,-0
13.58,-9.36469353800532,-9.36469353800551,-9.36469353800531,-0,-0
13.6,-9.5918916100315,-9.59189161003173,-9.59189161003147,-0,-0
13.62,-9.81702484694603,-9.8170248469462,-9.81702484694594,-0,-0
13.64,-10.0398715724113,-10.0398715724115,-10.0398715724112,-0,-0
13.66,-10.2602106721697,-10.2602106721699,-10.2602106721697,-0,-0
13.68,-10.4778267017254,-10.4778267017256,-10.4778267017254,-0,-0
13.7,-10.6925072539719,-10.692507253972,-10.6925072539718,-0,-0
13.72,-10.9040347718882,-10.9040347718884,-10.9040347718881,-0,-0
13.74,-11.1122020564582,-11.1122020564584,-11.1122020564582,-0,-0
13.76,-11.316804554012,-11.3168045540121,-11.3168045540119,-0,-0
13.78,-11.5176367244798,-11.51763672448,-11.5176367244798,-0,-0
13.8,-11.7145111782583,-11.7145111782585,-11.7145111782583,-0,-0
13.82,-11.9072250918594,-11.9072250918595,-11.9072250918593,-0,-0
13.84,-12.095586782759,-12.0955867827592,-12.095586782759,-0,-0
13.86,-12.2794144726391,-12.2794144726393,-12.2794144726391,-0,-0
13.88,-12.4585249353758,-12.458524935376,-12.4585249353758,-0,-0
13.9,-12.6327365870444,-12.6327365870445,-12.6327365870443,-0,-0
13.92,-12.8018946812744,-12.8018946812746,-12.8018946812744,-0,-0
13.94,-12.965814113169,-12.9658141131693,-12.965814113169,-0,-0
13.96,-13.1243384112742,-13.1243384112744,-13.1243384112742,-0,-0
13.98,-13.2773125966352,-13.2773125966354,-13.2773125966352,-0,-0
14,-13.4245826753473,-13.4245826753475,-13.4245826753473,-0,-0
14.02,-13.5660090941077,-13.566009094108,-13.5660090941078,-0,-0
14.04,-13.7014546924215,-13.7014546924216,-13.7014546924214,-0,-0
14.06,-13.8307754370376,-13.8307754370377,-13.8307754370375,-0,-0
14.08,-13.9538468712263,-13.9538468712264,-13.9538468712262,-0,-0
14.1,-14.0705491053483,-14.0705491053484,-14.0705491053482,-0,-0
14.12,-14.1807607172647,-14.1807607172649,-14.1807607172647,-0,-0
14.14,-14.2843922960209,-14.2843922960211,-14.2843922960208,-0,-0
14.16,-14.3813248629206,-14.3813248629207,-14.3813248629206,-0,-0
14.18,-14.4714626906902,-14.4714626906904,-14.4714626906902,-0,-0
14.2,-14.5547223696795,-14.5547223696797,-14.5547223696795,-0,-0
14.22,-14.6310187255013,-14.6310187255015,-14.6310187255013,-0,-0
14.24,-14.7002711631567,-14.7002711631569,-14.7002711631567,-0,-0
14.26,-14.7624335497597,-14.7624335497598,-14.7624335497596,-0,-0
14.28,-14.8174201808273,-14.8174201808275,-14.8174201808272,-0,-0
14.3,-14.8651840434129,-14.865184043413,-14.8651840434128,-0,-0
14.32,-14.9056799762421,-14.9056799762424,-14.9056799762421,-0,-0
14.34,-14.938863738664,-14.9388637386642,-14.938863738664,-0,-0
14.36,-14.9647113940584,-14.9647113940585,-14.9647113940584,-0,-0
14.38,-14.9831982275784,-14.9831982275785,-14.9831982275784,-0,-0
14.4,-14.9942938420329,-14.994293842033,-14.9942938420329,-0,-0
14.42,-14.9986857842919,-14.9986857842921,-14.9986857842919,-0,-0
14.44,-14.9997486553831,-14.9997486553833,-14.9997486553831,-0,-0
14.46,-14.999955884561,-14.9999558845611,-14.9999558845609,-0,-0
14.48,-14.9999927035963,-14.9999927035965,-14.9999927035962,-0,-0
14.5,-14.9999988152838,-14.9999988152839,-14.9999988152837,-0,-0
14.52,-14.9986121493868,-14.998612149387,-14.9986121493868,-0,-0
14.54,-14.9890845447294,-14.9890845447296,-14.9890845447293,-0,-0
14.56,-14.9664745520507,-14.9664745520509,-14.9664745520507,-0,-0
14.58,-14.9294247177533,-14.9294247177535,-14.9294247177533,-0,-0
14.6,-14.8777334548182,-14.8777334548184,-14.8777334548182,-0,-0
14.62,-14.811352639609,-14.8113526396091,-14.8113526396089,-0,-0
14.64,-14.7303537287323,-14.7303537287325,-14.7303537287324,-0,-0
14.66,-14.6348192849462,-14.6348192849464,-14.6348192849462,-0,-0
14.68,-14.5248342620097,-14.5248342620099,-14.5248342620097,-0,-0
14.7,-14.4005269680701,-14.4005269680703,-14.40052696807,-0,-0
14.72,-14.2620179429991,-14.2620179429992,-14.262017942999,-0,-0
14.74,-14.1094213759632,-14.1094213759634,-14.1094213759631,-0,-0
14.76,-13.9429009362892,-13.9429009362894,-13.9429009362891,-0,-0
14.78,-13.7626182156023,-13.7626182156024,-13.7626182156022,-0,-0
14.8,-13.568739038338,-13.5687390383381,-13.5687390383379,-0,-0
14.82,-13.3615003433784,-13.3615003433786,-13.3615003433784,-0,-0
14.84,-13.1410625280866,-13.1410625280867,-13.1410625280866,-0,-0
14.86,-12.9076520165595,-12.9076520165597,-12.9076520165595,-0,-0
14.88,-12.6615060388282,-12.6615060388284,-12.6615060388281,-0,-0
14.9,-12.4028615274958,-12.402861527496,-12.4028615274958,-0,-0
14.92,-12.1319691671473,-12.1319691671475,-12.1319691671473,-0,-0
14.94,-11.8491279972087,-11.8491279972089,-11.8491279972087,-0,-0
14.96,-11.5545794896914,-11.5545794896915,-11.5545794896913,-0,-0
14.98,-11.2486258759937,-11.2486258759939,-11.2486258759937,-0,-0
15,-10.9315722704317,-10.9315722704319,-10.9315722704317,-0,-0
15.02,-10.6037243407942,-10.6037243407944,-10.6037243407942,-0,-0
15.04,-10.2654219440361,-10.2654219440363,-10.2654219440361,-0,-0
15.06,-9.9169945256362,-9.91699452563642,-9.91699452563619,-0,-0
15.08,-9.55877094056122,-9.55877094056131,-9.55877094056115,-0,-0
15.1,-9.1911148032797,-9.19111480327996,-9.19111480327977,-0,-0
15.12,-8.8143871665508,-8.814387166551,-8.81438716655078,-0,-0
15.14,-8.42895105757947,-8.42895105757961,-8.42895105757944,-0,-0
15.16,-8.03521696692617,-8.03521696692636,-8.03521696692617,-0,-0
15.18,-7.63354373101861,-7.63354373101872,-7.63354373101857,-0,-0
15.2,-7.22433546537124,-7.22433546537135,-7.22433546537122,-0,-0
15.22,-6.80799913706906,-6.80799913706925,-6.80799913706904,-0,-0
15.24,-6.38494221586054,-6.38494221586069,-6.38494221586054,-0,-0
15.26,-5.95558119047156,-5.95558119047172,-5.95558119047153,-0,-0
15.28,-5.5203538379158,-5.52035383791599,-5.52035383791573,-0,-0
15.3,-5.07967206726709,-5.07967206726722,-5.07967206726702,-0,-0
15.32,-4.63397633444258,-4.63397633444271,-4.63397633444248,-0,-0
15.34,-4.18370792565412,-4.18370792565423,-4.18370792565409,-0,-0
15.36,-3.72930844648485,-3.72930844648503,-3.72930844648483,-0,-0
15.38,-3.27123264945909,-3.27123264945929,-3.27123264945903,-0,-0
15.4,-2.80992969566116,-2.80992969566132,-2.8099296956611,-0,-0
15.42,-2.34585073706167,-2.34585073706185,-2.34585073706166,-0,-0
15.44,-1.87945701106404,-1.87945701106424,-1.87945701106404,-0,-0
15.46,-1.41120837576013,-1.41120837576028,-1.41120837576013,-0,-0
15.48,-0.941565898734486,-0.941565898734683,-0.941565898734486,-0,-0
15.5,-0.470996636526905,-0.470996636526946,-0.470996636526829,-0,-0
15.52,3.86146548871459e-05,3.86146547627486e-05,3.86146549535819e-05,-0,-0
15.54,0.471073797996064,0.471073797995956,0.471073797996147,-0,-0
15.56,0.941644082561713,0.941644082561509,0.941644082561752,-0,-0
15.58,1.41128461405703,1.41128461405687,1.41128461405707,-0,-0
15.6,1.87953139951044,1.87953139951022,1.87953139951047,-0,-0
15.62,2.34592679154165,2.34592679154152,2.34592679154166,-0,-0
15.64,2.81000514047947,2.81000514047929,2.81000514047955,-0,-0
15.66,3.27130970423134,3.27130970423118,3.27130970423141,-0,-0
15.68,3.72938603613878,3.72938603613864,3.72938603613883,-0,-0
15.7,4.18377904503612,4.18377904503591,4.18377904503612,-0,-0
15.72,4.63404775937278,4.63404775937261,4.63404775937288,-0,-0
15.74,5.0797455213139,5.07974552131377,5.07974552131395,-0,-0
15.76,5.52042587884688,5.52042587884666,5.52042587884688,-0,-0
15.78,5.95565909297663,5.95565909297633,5.95565909297674,-0,-0
15.8,6.38501486698263,6.38501486698243,6.38501486698263,-0,-0
15.82,6.8080603521071,6.8080603521069,6.80806035210714,-0,-0
15.84,7.22440469950661,7.22440469950649,7.22440469950668,-0,-0
15.86,7.63361016306752,7.63361016306733,7.63361016306755,-0,-0
15.88,8.03528149073255,8.03528149073237,8.0352814907326,-0,-0
15.9,8.42902405351581,8.42902405351566,8.42902405351597,-0,-0
15.92,8.81444522140067,8.81444522140056,8.81444522140071,-0,-0
15.94,9.19116478572987,9.19116478572971,9.19116478572992,-0,-0
15.96,9.55882935100521,9.55882935100506,9.55882935100523,-0,-0
15.98,9.9170513097971,9.91705130979693,9.91705130979719,-0,-0
16,10.2654841321041,10.2654841321039,10.2654841321041,-0,-0
16.02,10.6037868890473,10.6037868890471,10.6037868890473,-0,-0
16.04,10.9316170173331,10.931617017333,10.9316170173332,-0,-0
16.06,11.2486725571024,11.2486725571022,11.2486725571024,-0,-0
16.08,11.5546305396855,11.5546305396853,11.5546305396855,-0,-0
16.1,11.8491752266055,11.8491752266053,11.8491752266055,-0,-0
16.12,12.1320286599348,12.1320286599346,12.1320286599348,-0,-0
16.14,12.402910299208,12.4029102992078,12.402910299208,-0,-0
16.16,12.6615332929775,12.6615332929773,12.6615332929776,-0,-0
16.18,12.9076954950932,12.907695495093,12.9076954950932,-0,-0
16.2,13.1410995872227,13.1410995872225,13.1410995872227,-0,-0
16.22,13.3615348917631,13.3615348917629,13.3615348917631,-0,-0
16.24,13.5687857389289,13.5687857389287,13.5687857389289,-0,-0
16.26,13.7626410381721,13.762641038172,13.7626410381721,-0,-0
16.28,13.9429126284086,13.9429126284084,13.9429126284086,-0,-0
16.3,14.1094455603871,14.109445560387,14.1094455603871,-0,-0
16.32,14.2620408799994,14.2620408799992,14.2620408799995,-0,-0
16.34,14.40055792659,14.4005579265898,14.40055792659,-0,-0
16.36,14.5248643234057,14.5248643234056,14.5248643234057,-0,-0
16.38,14.6348249454884,14.6348249454882,14.6348249454884,-0,-0
16.4,14.7303632895319,14.7303632895318,14.730363289532,-0,-0
16.42,14.8113667084997,14.8113667084996,14.8113667084997,-0,-0
16.44,14.8777399524486,14.8777399524484,14.8777399524486,-0,-0
16.46,14.9294344620647,14.9294344620646,14.9294344620648,-0,-0
16.48,14.966397128572,14.9663971285718,14.966397128572,-0,-0
16.5,14.9885674694429,14.9885674694427,14.9885674694429,-0,-0
16.52,14.9973714442779,14.9973714442777,14.997371444278,-0,-0
16.54,14.9994973201022,14.999497320102,14.9994973201022,-0,-0
16.56,14.999912038713,14.9999120387129,14.999912038713,-0,-0
16.58,14.9999854021903,14.9999854021901,14.9999854021903,-0,-0
16.6,14.9999975059359,14.9999975059357,14.9999975059359,-0,-0
16.62,14.9993020804593,14.9993020804591,14.9993020804593,-0,-0
16.64,14.9945426827158,14.9945426827156,14.9945426827159,-0,-0
16.66,14.9832396370585,14.9832396370582,14.9832396370584,-0,-0
16.68,14.9647204554453,14.9647204554451,14.9647204554453,-0,-0
16.7,14.9388654359306,14.9388654359304,14.9388654359306,-0,-0
16.72,14.9056683067868,14.9056683067867,14.9056683067868,-0,-0
16.74,14.8651747772955,14.8651747772953,14.8651747772955,-0,-0
16.76,14.8174129563939,14.8174129563937,14.8174129563939,-0,-0
16.78,14.7624232740547,14.7624232740546,14.7624232740548,-0,-0
16.8,14.7002686220946,14.7002686220943,14.7002686220945,-0,-0
16.82,14.6310085015516,14.6310085015514,14.6310085015517,-0,-0
16.84,14.5547012345241,14.5547012345239,14.5547012345241,-0,-0
16.86,14.4714500804874,14.4714500804874,14.4714500804875,-0,-0
16.88,14.381309095478,14.3813090954778,14.381309095478,-0,-0
16.9,14.2843764385839,14.2843764385838,14.2843764385839,-0,-0
16.92,14.1807491356713,14.1807491356712,14.1807491356714,-0,-0
16.94,14.0705263825693,14.0705263825691,14.0705263825693,-0,-0
16.96,13.9538206438674,13.9538206438673,13.9538206438674,-0,-0
16.98,13.8307536352035,13.8307536352034,13.8307536352036,-0,-0
17,13.7014332478775,13.7014332478773,13.7014332478774,-0,-0
17.02,13.5659912500306,13.5659912500303,13.5659912500306,-0,-0
17.04,13.4245631030976,13.4245631030975,13.4245631030976,-0,-0
17.06,13.2772833001942,13.277283300194,13.2772833001942,-0,-0
17.08,13.1243116621384,13.1243116621382,13.1243116621384,-0,-0
17.1,12.9657884288184,12.9657884288182,12.9657884288184,-0,-0
17.12,12.8018666702368,12.8018666702367,12.8018666702368,-0,-0
17.14,12.6327142998001,12.6327142997999,12.6327142998001,-0,-0
17.16,12.4584964059689,12.4584964059688,12.4584964059689,-0,-0
17.18,12.2793792111087,12.2793792111085,12.2793792111087,-0,-0
17.2,12.0955570915936,12.0955570915935,12.0955570915937,-0,-0
17.22,11.9071934493939,11.9071934493937,11.9071934493939,-0,-0
17.24,11.7144798418388,11.7144798418387,11.7144798418388,-0,-0
17.26,11.5176074610488,11.5176074610487,11.5176074610489,-0,-0
17.28,11.3167687805832,11.3167687805831,11.3167687805833,-0,-0
17.3,11.1121648986347,11.1121648986345,11.1121648986347,-0,-0
17.32,10.9039999854664,10.9039999854662,10.9039999854664,-0,-0
17.34,10.6924726464834,10.6924726464833,10.6924726464835,-0,-0
17.36,10.4777939248481,10.4777939248479,10.4777939248481,-0,-0
17.38,10.2601765864649,10.2601765864647,10.260176586465,-0,-0
17.4,10.0398331283781,10.0398331283779,10.0398331283781,-0,-0
17.42,9.8169877452484,9.81698774524829,9.81698774524848,-0,-0
17.44,9.59185472675277,9.59185472675255,9.59185472675281,-0,-0
17.46,9.36465581342427,9.36465581342409,9.36465581342427,-0,-0
17.48,9.13561730518316,9.13561730518298,9.1356173051832,-0,-0
17.5,8.90496449544217,8.90496449544191,8.90496449544217,-0,-0
17.52,8.67292385292604,8.67292385292587,8.67292385292607,-0,-0
17.54,8.4397284428317,8.43972844283156,8.43972844283173,-0,-0
17.56,8.20560414897608,8.20560414897594,8.20560414897608,-0,-0
17.58,7.97078344440227,7.97078344440216,7.9707834444023,-0,-0
17.6,7.73549824694649,7.7354982469463,7.73549824694649,-0,-0
17.62,7.49998068595381,7.49998068595365,7.49998068595384,-0,-0
17.64,7.26446326595464,7.26446326595448,7.26446326595468,-0,-0
17.66,7.02917789911899,7.02917789911882,7.02917789911903,-0,-0
17.68,6.79435729703995,6.79435729703979,6.79435729704002,-0,-0
17.7,6.56023325392495,6.56023325392479,6.56023325392499,-0,-0
17.72,6.32703669491208,6.3270366949119,6.32703669491209,-0,-0
17.74,6.09499905737008,6.09499905736995,6.09499905737011,-0,-0
17.76,5.86434539371158,5.86434539371138,5.86434539371161,-0,-0
17.78,5.63530639416417,5.63530639416406,5.63530639416424,-0,-0
17.8,5.40810868330051,5.40810868330037,5.40810868330063,-0,-0
17.82,5.18297487532651,5.18297487532634,5.18297487532653,-0,-0
17.84,4.96012802480474,4.96012802480448,4.96012802480474,-0,-0
17.86,4.73979040916102,4.73979040916086,4.73979040916104,-0,-0
17.88,4.52217056682418,4.52217056682395,4.52217056682416,-0,-0
17.9,4.30749283812669,4.3074928381265,4.30749283812681,-0,-0
17.92,4.09596636598386,4.09596636598361,4.0959663659838,-0,-0
17.94,3.88779903544704,3.88779903544685,3.88779903544706,-0,-0
17.96,3.68319826538116,3.68319826538095,3.68319826538121,-0,-0
17.98,3.48236206964469,3.48236206964463,3.48236206964474,-0,-0
18,3.28548712283498,3.28548712283487,3.28548712283498,-0,-0
18.02,3.09277452022677,3.09277452022661,3.09277452022673,-0,-0
18.04,2.90441235736875,2.90441235736856,2.90441235736883,-0,-0
18.06,2.72058557739809,2.72058557739796,2.72058557739817,-0,-0
18.08,2.5414802924143,2.54148029241414,2.54148029241437,-0,-0
18.1,2.3672585463395,2.36725854633927,2.3672585463395,-0,-0
18.12,2.19810511675657,2.1981051167564,2.19810511675661,-0,-0
18.14,2.03418668658432,2.03418668658423,2.03418668658435,-0,-0
18.16,1.87566095479499,1.87566095479486,1.87566095479504,-0,-0
18.18,1.72268676310784,1.72268676310765,1.72268676310792,-0,-0
18.2,1.57541925214296,1.57541925214284,1.57541925214298,-0,-0
18.22,1.43398575551386,1.43398575551373,1.4339857555139,-0,-0
18.24,1.29854571117112,1.29854571117091,1.29854571117116,-0,-0
18.26,1.16922693224153,1.16922693224143,1.16922693224162,-0,-0
18.28,1.046155355397,1.04615535539684,1.04615535539701,-0,-0
18.3,0.92945621971636,0.929456219716151,0.929456219716342,-0,-0
18.32,0.819236833977184,0.819236833977032,0.819236833977165,-0,-0
18.34,0.715605222480945,0.715605222480782,0.715605222480972,-0,-0
18.36,0.618674553378015,0.618674553377861,0.618674553377943,-0,-0
18.38,0.52853564267353,0.528535642673338,0.528535642673603,-0,-0
18.4,0.445277368917351,0.445277368917188,0.445277368917379,-0,-0
18.42,0.368988439203667,0.368988439203482,0.368988439203727,-0,-0
18.44,0.299721709275962,0.299721709275804,0.299721709275997,-0,-0
18.46,0.237566205773648,0.237566205773508,0.237566205773698,-0,-0
18.48,0.18258085839706,0.182580858396858,0.182580858397048,-0,-0
18.5,0.134815182881776,0.134815182881699,0.134815182881814,-0,-0
18.52,0.0943196347380744,0.0943196347379909,0.0943196347381198,-0,-0
18.54,0.0611382255571993,0.0611382255569703,0.0611382255572375,-0,-0
18.56,0.0352826551239114,0.0352826551237909,0.0352826551239711,-0,-0
18.58,0.0168024791593482,0.0168024791591861,0.0168024791594057,-0,-0
18.6,0.00570870572661578,0.00570867723588911,0.00570873483755517,-0,-0
18.62,0.00128847335524609,-0.00107671434529779,0.00373505001497569,-0,-0
18.64,-0.000166586180316766,-0.0184507982425671,0.0193732204500137,-0,-0
18.66,-0.00195815993526771,-0.0569375965206399,0.0590256338100227,-0,-0
18.68,-0.00580790117532855,-0.118908550140359,0.124724075683834,-0,-0
18.7,-0.012936524698101,-0.204219259551621,0.217104553545244,-0,-0
18.72,-0.0244321112806065,-0.312066504118941,0.336340379711696,-0,-0
18.74,-0.0413310055080075,-0.441473114050695,0.48242234217658,-0,-0
18.76,-0.0646337301279892,-0.59139025907297,0.655220312586847,-0,-0
18.78,-0.0952719704308699,-0.760638999409655,0.854381324158327,-0,-0
18.8,-0.134162896463552,-0.9480752971482,1.07954321422179,-0,-0
18.82,-0.18214133442534,-1.15243313148896,1.33011168340947,-0,-0
18.84,-0.239980912001636,-1.37240567711199,1.60536236222664,-0,-0
18.86,-0.308357715774612,-1.60660963873636,1.90437391186345,-0,-0
18.88,-0.38792759978325,-1.85369433001674,2.22620888148235,-0,-0
18.9,-0.479227893637778,-2.11222005329818,2.56970679093348,-0,-0
18.92,-0.582715415823604,-2.38072252704331,2.93358798968295,-0,-0
18.94,-0.698750368472952,-2.65770616335475,3.31643841028651,-0,-0
18.96,-0.82759714323057,-2.94165289754103,3.71672567537739,-0,-0
18.98,-0.969468386622321,-3.23104358254617,4.13286047927234,-0,-0
19,-1.12443530827161,-3.52431723956288,4.5630913358176,-0,-0
19.02,-1.29247882642357,-3.81990593400213,5.00558796553028,-0,-0
19.04,-1.47349178032822,-4.116234757783,5.45844805633114,-0,-0
19.06,-1.6672719873809,-4.4117194751644,5.91969600550911,-0,-0
19.08,-1.87347610283766,-4.70478313561725,6.38727428237148,-0,-0
19.1,-2.09170820478226,-4.993850586792,6.85910563351368,-0,-0
19.12,-2.32147881659375,-5.27734892198578,7.33306876306603,-0,-0
19.14,-2.56218096144952,-5.55373148916076,7.80701070577645,-0,-0
19.16,-2.81312001027155,-5.82147756831732,8.2787715682951,-0,-0
19.18,-3.07352039716606,-6.07909389421829,8.74619226768324,-0,-0
19.2,-3.34252457028899,-6.32512195192868,9.20712317425808,-0,-0
19.22,-3.61917080945149,-6.5581955376198,9.65947127431274,-0,-0
19.24,-3.90246889307982,-6.77692633282939,10.1011274812082,-0,-0
19.26,-4.1913224524478,-6.98005453528939,10.5300757803743,-0,-0
19.28,-4.4845801354928,-7.16638547830231,10.9443572596868,-0,-0
19.3,-4.78103508916274,-7.33479980839307,11.3420782934123,-0,-0
19.32,-5.07942718438393,-7.48426906049251,11.7214254389187,-0,-0
19.34,-5.37844975887988,-7.61393963498683,12.0807543954386,-0,-0
19.36,-5.67676190036365,-7.72294730149624,12.4184018893431,-0,-0
19.38,-5.97298838554322,-7.8106340782979,12.7329074125145,-0,-0
19.4,-6.2657331940379,-7.87645618747379,13.0229216183969,-0,-0
19.42,-6.5535794459167,-7.91997831105207,13.2871975809999,-0,-0
19.44,-6.83512334506949,-7.94097726065397,13.5247133697368,-0,-0
19.46,-7.10893622900774,-7.93927372718613,13.7344734262996,-0,-0
19.48,-7.37360807060756,-7.91487538638416,13.9156771729228,-0,-0
19.5,-7.62775476942101,-7.86795269674792,14.0676951596783,-0,-0
19.52,-7.87000653979213,-7.79879273671833,14.1900107873019,-0,-0
19.54,-8.09906714326916,-7.707889257441,14.2823439838417,-0,-0
19.56,-8.31363221798127,-7.5957877589922,14.3444413091552,-0,-0
19.58,-8.51247572645733,-7.4632151779452,14.3762559011634,-0,-0
19.6,-8.69444356706155,-7.31103996195596,14.377899873999,-0,-0
19.62,-8.86011355963795,-7.1417081841653,14.3521723237554,-0,-0
19.64,-9.01684038998279,-6.96331033597667,14.3119560997999,-0,-0
19.66,-9.1702258324945,-6.78147395198197,14.2665373072986,-0,-0
19.68,-9.32183712889532,-6.5977879862707,14.2185278814429,-0,-0
19.7,-9.47197358252438,-6.4125998255061,14.1684733721682,-0,-0
19.72,-9.62066846609715,-6.2259985200179,14.116488528167,-0,-0
19.74,-9.76790803457691,-6.03802790899573,14.0626116668511,-0,-0
19.76,-9.91367072244099,-5.84872439783693,14.0068681284764,-0,-0
19.78,-10.057929386572,-5.65811951716715,13.9492758080049,-0,-0
19.8,-10.2006606368337,-5.46624844229794,13.8898571908754,-0,-0
19.82,-10.3418407187114,-5.27314614047986,13.8286341391133,-0,-0
19.84,-10.4814440172558,-5.07884642492505,13.765626290383,-0,-0
19.86,-10.6194519302301,-4.88338844319349,13.7008608280754,-0,-0
19.88,-10.7558357618325,-4.68680405875807,13.6343537525795,-0,-0
19.9,-10.8905731009208,-4.48912998955841,13.5661278428592,-0,-0
19.92,-11.0236414397783,-4.29040303556067,13.4962054274094,-0,-0
19.94,-11.1550166974561,-4.09065914204064,13.4246070746488,-0,-0
19.96,-11.2846762990068,-3.88993529994754,13.351354718768,-0,-0
19.98,-11.412600773383,-3.68827033375121,13.2764728194995,-0,-0
20,-11.5387631851363,-3.48569915380252,13.1999787103321,-0,-0
20.02,-11.6631424778228,-3.28226010766005,13.121894936179,-0,-0
20.04,-11.7857170988739,-3.07799130054782,13.0422433049917,-0,-0
20.06,-11.9064634966866,-2.87293016166969,12.9610436253841,-0,-0
20.08,-12.0253651733167,-2.66711718781364,12.8783211708016,-0,-0
20.1,-12.1423965137021,-2.46058916489995,12.7940934733941,-0,-0
20.12,-12.2575362575107,-2.25338491094074,12.7083814213171,-0,-0
20.14,-12.3707651405302,-2.04554409485617,12.6212069746413,-0,-0
20.16,-12.4820615420677,-1.83710567044957,12.5325899548519,-0,-0
20.18,-12.591404652195,-1.62810899465225,12.4425505494048,-0,-0
20.2,-12.6987792608787,-1.41859501137036,12.3511124356425,-0,-0
20.22,-12.8041599186988,-1.20860205719614,12.2582917709687,-0,-0
20.24,-12.9075287861956,-0.998170670188135,12.1641096268089,-0,-0
20.26,-13.0088672794474,-0.787341194878017,12.0685861853138,-0,-0
20.28,-13.1081546372069,-0.576153746776762,11.9717397748486,-0,-0
20.3,-13.2053776065642,-0.364649731765474,11.873593012854,-0,-0
20.32,-13.3005140524508,-0.152869204565033,11.7741625568407,-0,-0
20.34,-13.3935450774132,0.0591470538264008,11.6734668001485,-0,-0
20.36,-13.4844552934239,0.271357751477054,11.5715256471555,-0,-0
20.38,-13.5732263753775,0.483721827378125,11.4683568395895,-0,-0
20.4,-13.6598404971754,0.69619803772258,11.3639780948161,-0,-0
20.42,-13.7442870323721,0.908744799425541,11.2584104869482,-0,-0
20.44,-13.8265431599759,1.12132086239558,11.1516681076854,-0,-0
20.46,-13.9065950315739,1.33388451988605,11.0437693704514,-0,-0
20.48,-13.9844278859584,1.54639409617188,10.9347317848408,-0,-0
20.5,-14.0600246218972,1.75880768709035,10.8245711576721,-0,-0
20.52,-14.1333761236263,1.97108375775154,10.7133067367223,-0,-0
20.54,-14.2044643361334,2.18318021271761,10.6009529486034,-0,-0
20.56,-14.2732738538145,2.39505489046462,10.4875251663304,-0,-0
20.58,-14.3397938381825,2.6066659779816,10.3730402959627,-0,-0
20.6,-14.4040100752566,2.81797124257518,10.2575132045344,-0,-0
20.62,-14.4659087848707,3.02892835774137,10.1409586092333,-0,-0
20.64,-14.5254842798407,3.23949626378463,10.0233941295962,-0,-0
20.66,-14.5827175311535,3.44963159198797,9.90483127702677,-0,-0
20.68,-14.6375993486517,3.65929248477014,9.78528521987409,-0,-0
20.7,-14.6901195348316,3.86843690640645,9.66477028814099,-0,-0
20.72,-14.740265464229,4.07702213444441,9.54329930362397,-0,-0
20.74,-14.7880329785055,4.28500746976396,9.42088795315654,-0,-0
20.76,-14.8334085045486,4.49234981572307,9.29754778703318,-0,-0
20.78,-14.87638135876,4.69900658159737,9.17329113159568,-0,-0
20.8,-14.9169456590926,4.90493647090096,9.04813155375021,-0,-0
20.82,-14.9550919869191,5.11009708593352,8.92208084445015,-0,-0
20.84,-14.9908115609385,5.31444607642451,8.79515069208463,-0,-0
20.86,-15.0241038285697,5.51794391202904,8.66735515608161,-0,-0
20.88,-15.0549545739134,5.72054617752996,8.53870313018908,-0,-0
20.9,-15.0833597512726,5.92221191359308,8.40920657385279,-0,-0
20.92,-15.1093143094818,6.12289978869187,8.27887673167986,-0,-0
20.94,-15.1328106761181,6.32256732350295,8.1477235309889,-0,-0
20.96,-15.1538503228342,6.52117583670359,8.01575945864323,-0,-0
20.98,-15.1724243936842,6.71868216307461,7.88299324604812,-0,-0
21,-15.1885278582357,6.91504458009496,7.74943455237422,-0,-0
21.02,-15.2021600162704,7.11022332960806,7.61509391853075,-0,-0
21.04,-15.2133167340752,7.30417697427002,7.47998043749495,-0,-0
21.06,-15.2219948668559,7.49686441825551,7.34410321838593,-0,-0
21.08,-15.2281990041858,7.68824861204257,7.20747327730452,-0,-0
21.1,-15.2319204971715,7.87828542847476,7.07009735133611,-0,-0
21.12,-15.2331606709027,8.06693592190313,6.93198477523077,-0,-0
21.14,-15.2319199287772,8.25416064509792,6.79314432165488,-0,-0
21.16,-15.2281961591539,8.43991859178962,6.65358367732816,-0,-0
21.18,-15.2219966258601,8.62417437755764,6.51331288465915,-0,-0
21.2,-15.2133174238298,8.8068858093516,6.37233853950375,-0,-0
21.22,-15.2021595527238,8.9880135014879,6.23066838311808,-0,-0
21.24,-15.1885275723132,9.16752036460117,6.08831079041644,-0,-0
21.26,-15.1724228380282,9.34536719144292,5.945272998908,-0,-0
21.28,-15.1538480034204,9.5215155277667,5.80156239384316,-0,-0
21.3,-15.1328127472851,9.69593189503456,5.65718796490884,-0,-0
21.32,-15.1093142170683,9.86857390459159,5.51215514334313,-0,-0
21.34,-15.0833591319454,10.0394058961918,5.36647166901267,-0,-0
21.36,-15.0549533499197,10.2083916171768,5.22014486905597,-0,-0
21.38,-15.0241002814343,10.3754929095246,5.07318122355317,-0,-0
21.4,-14.9908126968833,10.5406789797884,4.92558943021117,-0,-0
21.42,-14.9550918313738,10.7039099494985,4.77737507632655,-0,-0
21.44,-14.9169444741676,10.8651502074382,4.6285450342913,-0,-0
21.46,-14.8763803437227,11.0243666582408,4.47910673588377,-0,-0
21.48,-14.8334061647506,11.1815237295286,4.32906674008624,-0,-0
21.5,-14.7880301090092,11.3365870238119,4.17843186871039,-0,-0
21.52,-14.7402667194661,11.4895279271276,4.02721038946158,-0,-0
21.54,-14.6901187778782,11.6403073295531,3.87540760282578,-0,-0
21.56,-14.6375980815151,11.7888942229035,3.7230309360976,-0,-0
21.58,-14.5827156616482,11.9352569936757,3.5700875651537,-0,-0
21.6,-14.5254801295576,12.0793617758812,3.41658403898212,-0,-0
21.62,-14.4659092022697,12.2211837084229,3.26252902585144,-0,-0
21.64,-14.4040091449063,12.3606867770719,3.10792846042899,-0,-0
21.66,-14.3397919715002,12.4978405842047,2.95278963035557,-0,-0
21.68,-14.2732721486201,12.6326174556367,2.79712040311098,-0,-0
21.7,-14.2044613280805,12.7649869260839,2.64092801354777,-0,-0
21.72,-14.1333726974363,12.8949201695523,2.48422007252164,-0,-0
21.74,-14.0600250720001,13.0223947310687,2.32700551030683,-0,-0
21.76,-13.9844264313036,13.1473764028647,2.16929086167638,-0,-0
21.78,-13.9065930907733,13.269840267026,2.01108463528902,-0,-0
21.8,-13.8265406437558,13.3897607881192,1.85239523238775,-0,-0
21.82,-13.7442824065713,13.5071099705512,1.69323067875381,-0,-0
21.84,-13.6598400940029,13.621870010498,1.53360093129436,-0,-0
21.86,-13.5732248045058,13.7340106523469,1.37351375558797,-0,-0
21.88,-13.4844528062988,13.8435078796871,1.21297816707937,-0,-0
21.9,-13.3935427558337,13.9503409884532,1.05200387760723,-0,-0
21.92,-13.3005106439192,14.0544861886004,0.890600198204371,-0,-0
21.94,-13.2053735551885,14.1559212059219,0.728776812694306,-0,-0
21.96,-13.1081542997654,14.2546316449597,0.566544758333791,-0,-0
21.98,-13.008865089941,14.3505893902495,0.403913132056761,-0,-0
22,-12.9075261192861,14.4437771465748,0.240892887703802,-0,-0
22.02,-12.8041567643134,14.5341768369996,0.0774949848140587,-0,-0
22.04,-12.6987742976681,14.6217677919394,-0.0862697272666027,-0,-0
22.06,-12.5914032983821,14.7065400550648,-0.250388808987682,-0,-0
22.08,-12.4820594723829,14.788471384934,-0.41485121905232,-0,-0
22.1,-12.3707621010798,14.867544802805,-0.579645001740079,-0,-0
22.12,-12.257533372658,14.9437481238786,-0.744757331937819,-0,-0
22.14,-12.1423928179405,15.0170655983563,-0.910175562085913,-0,-0
22.16,-12.0253604877938,15.0874824902204,-1.07588670023609,-0,-0
22.18,-11.906462421058,15.1549939390146,-1.24187646258368,-0,-0
22.2,-11.7857142129263,15.219579069488,-1.40813191167009,-0,-0
22.22,-11.6631390988241,15.2812294519465,-1.57463850930128,-0,-0
22.24,-11.5387594131763,15.3399356581362,-1.74138160186002,-0,-0
22.26,-11.4125955839174,15.3956856021293,-1.90834636101347,-0,-0
22.28,-11.2846739562916,15.4484776151937,-2.07551687302639,-0,-0
22.3,-11.1550144072461,15.4982996258611,-2.24287768640731,-0,-0
22.32,-11.0236379561922,15.5451417380019,-2.41041281685091,-0,-0
22.34,-10.890569692683,15.5890017427865,-2.57810538345902,-0,-0
22.36,-10.7558319385866,15.6298731124346,-2.74593841332718,-0,-0
22.38,-10.619446582645,15.667748859466,-2.91389460153746,-0,-0
22.4,-10.481442286068,15.7026351948908,-3.08195564808719,-0,-0
22.42,-10.3418371245058,15.7345190834026,-3.2501037315581,-0,-0
22.44,-10.2006565556322,15.7634018505156,-3.41831992612707,-0,-0
22.46,-10.0579249677803,15.7892833468292,-3.58658507178375,-0,-0
22.48,-9.91366536938428,15.8121612793885,-3.75487958675837,-0,-0
22.5,-9.76790477076725,15.8320419447965,-3.92318336012258,-0,-0
22.52,-9.62066633134487,15.8489245979457,-4.09147591738129,-0,-0
22.54,-9.471972686165,15.8628077628089,-4.25973629852586,-0,-0
22.56,-9.3218503254774,15.8736984873984,-4.42794315469915,-0,-0
22.58,-9.17032387640313,15.8816006463427,-4.5960746346665,-0,-0
22.6,-9.01741622073285,15.8865147886351,-4.76410831312436,-0,-0
22.62,-8.86315793315016,15.8884591178005,-4.93202179152628,-0,-0
22.64,-8.70756880765541,15.8874284615252,-5.09979156155001,-0,-0
22.66,-8.55067583633715,15.8834343273483,-5.26739402245849,-0,-0
22.68,-8.39250469186862,15.8764858943925,-5.43480511364004,-0,-0
22.7,-8.23308024035757,15.8665909966379,-5.60200024074607,-0,-0
22.72,-8.07242938423348,15.8537630124097,-5.76895464236493,-0,-0
22.74,-7.91057807756401,15.8380138313885,-5.93564294826041,-0,-0
22.76,-7.74755001168683,15.8193502367006,-6.10203883298358,-0,-0
22.78,-7.58337210324792,15.7977875175309,-6.26811624944956,-0,-0
22.8,-7.418070152156,15.7733388391122,-6.43384844672358,-0,-0
22.82,-7.25166914382068,15.746015848333,-6.59920782063348,-0,-0
22.84,-7.08419898420257,15.7158439931366,-6.76416813053646,-0,-0
22.86,-6.91568191635654,15.682828739975,-6.9287000184996,-0,-0
22.88,-6.74614528638195,15.6469898266587,-7.09277547728126,-0,-0
22.9,-6.57561566127768,15.6083456788694,-7.25636571650391,-0,-0
22.92,-6.40411888237366,15.5669131708909,-7.41944124270315,-0,-0
22.94,-6.23168156363411,15.5227119308777,-7.58197258048397,-0,-0
22.96,-6.05833171669302,15.4757666037013,-7.74393069150373,-0,-0
22.98,-5.88409351329886,15.4260906958789,-7.90528379021216,-0,-0
23,-5.70899414876891,15.3737074493518,-8.06600145115477,-0,-0
23.02,-5.53306045772235,15.3186396072062,-8.22605277565706,-0,-0
23.04,-5.35631833843847,15.2609074298754,-8.38540561206129,-0,-0
23.06,-5.17879637389351,15.2005408233418,-8.54402988598763,-0,-0
23.08,-5.00051985568139,15.1375591353288,-8.70189226405064,-0,-0
23.1,-4.82151499692427,15.0719851083655,-8.85895971672222,-0,-0
23.12,-4.64180938978533,15.0038470529579,-9.01520031503735,-0,-0
23.14,-4.46142952210914,14.9331698409085,-9.17058063838329,-0,-0
23.16,-4.28040157814815,14.8599774561267,-9.3250664377494,-0,-0
23.18,-4.09875450813449,14.7843055551936,-9.47862716466111,-0,-0
23.2,-3.91651293750718,14.7061728199753,-9.63122570951754,-0,-0
23.22,-3.73370440134563,14.6256101404534,-9.78282879534765,-0,-0
23.24,-3.5503559394462,14.5426469098937,-9.93340232202554,-0,-0
23.26,-3.36649417401099,14.4573110383205,-10.0829110998602,-0,-0
23.28,-3.1821466082101,14.3696350806656,-10.2313215964339,-0,-0
23.3,-2.99734016736797,14.2796494678089,-10.3785989636286,-0,-0
23.32,-2.81210105335617,14.1873810603135,-10.5247061164402,-0,-0
23.34,-2.62645661352152,14.0928629239796,-10.6696086756176,-0,-0
23.36,-2.44043379742998,13.9961264640248,-10.813271076524,-0,-0
23.38,-2.25405929553758,13.897201674614,-10.9556564493385,-0,-0
23.4,-2.06736118486999,13.7961281634134,-11.0967334412262,-0,-0
23.42,-1.88036540421422,13.6929316652298,-11.2364620614237,-0,-0
23.44,-1.69309919668574,13.5876467010663,-11.3748072573604,-0,-0
23.46,-1.50558971689229,13.480307780659,-11.5117337660268,-0,-0
23.48,-1.31786387399022,13.3709476152488,-11.6472048701909,-0,-0
23.5,-1.12994866866573,13.259599708764,-11.7811841403526,-0,-0
23.52,-0.941871524728719,13.1463032166158,-11.9136393900115,-0,-0
23.54,-0.753658989426767,13.031086792516,-12.0445300407545,-0,-0
23.56,-0.565338263721717,12.9139869698781,-12.17382144843,-0,-0
23.58,-0.37693642009692,12.795039282636,-12.3014781786587,-0,-0
23.6,-0.188480475188084,12.6742776148312,-12.4274631733532,-0,-0
23.62,2.47450608857503e-06,12.5517403558554,-12.5517435970381,-0,-0
23.64,0.188485452285511,12.4274618866924,-12.6742828853523,-0,-0
23.66,0.376941380069518,12.301475395733,-12.7950430147197,-0,-0
23.68,0.565343224244058,12.1738184873955,-12.9139905284128,-0,-0
23.7,0.753663934099992,12.0445267113789,-13.0310899387202,-0,-0
23.72,0.941876299620288,11.9136340617968,-13.1463039017293,-0,-0
23.74,1.12995378829365,11.7811823849218,-13.2596049014039,-0,-0
23.76,1.31786886410904,11.6472018265294,-13.3709511873195,-0,-0
23.78,1.50559463368611,11.5117301323458,-13.4803105526905,-0,-0
23.8,1.6931041303369,11.3748037427316,-13.5876496084993,-0,-0
23.82,1.88037020922777,11.2364579074398,-13.6929335865528,-0,-0
23.84,2.06736578967638,11.0967284175022,-13.7961287001717,-0,-0
23.86,2.25406457673348,10.9556542737963,-13.8972068760254,-0,-0
23.88,2.44043868931513,10.8132673470761,-13.9961290738378,-0,-0
23.9,2.62646137529707,10.6696045301126,-14.0928647692419,-0,-0
23.92,2.81210575314801,10.5247018100315,-14.1873825991709,-0,-0
23.94,2.99734455571356,10.378593846676,-14.2796493999955,-0,-0
23.96,3.18215150330509,10.2313178342912,-14.3696376539503,-0,-0
23.98,3.36649952101346,10.0829083776449,-14.4573157780715,-0,-0
24,3.55036096617569,9.93339883478455,-14.5426500849126,-0,-0
24.02,3.73370938082017,9.78282515531301,-14.625613089507,-0,-0
24.04,3.91651772682857,9.63122171395142,-14.706174906166,-0,-0
24.06,4.09875855467719,9.47862200327089,-14.7843045271703,-0,-0
24.08,4.28040699451879,9.32506335152982,-14.8599820636693,-0,-0
24.1,4.46143434557702,9.17057667265109,-14.9331720699751,-0,-0
24.12,4.64181406404438,9.01519616377549,-15.0038486822654,-0,-0
24.14,4.82151973151626,8.85895566730449,-15.0719869382363,-0,-0
24.16,5.00052428102039,8.7018878827931,-15.1375598661825,-0,-0
24.18,5.17880046899485,8.54402516551041,-15.2005404382848,-0,-0
24.2,5.35632385688548,8.38540220984245,-15.2609119617672,-0,-0
24.22,5.5330652215781,8.22604870479832,-15.3186415363608,-0,-0
24.24,5.70899865217617,8.06599717970984,-15.3737085180564,-0,-0
24.26,5.88409776414853,7.90527931634212,-15.426090997562,-0,-0
24.28,6.05833554616746,7.74392596351648,-15.4757656151277,-0,-0
24.3,6.23168626087995,7.58196842878871,-15.5227135907391,-0,-0
24.32,6.40412391876488,7.41943726838782,-15.5669158499816,-0,-0
24.34,6.57562040111671,7.25636151382802,-15.6083475125191,-0,-0
24.36,6.74614983350823,7.09277116081534,-15.6469911061208,-0,-0
24.38,6.91568616957773,6.92869563065727,-15.6828291360533,-0,-0
24.4,7.08420224138736,6.76416337704486,-15.7158416518173,-0,-0
24.42,7.2516743194226,6.59920376828097,-15.746018730323,-0,-0
24.44,7.41807464545972,6.43384414753805,-15.7733398957311,-0,-0
24.46,7.58337618448149,6.2681118489188,-15.7977874810032,-0,-0
24.48,7.74755415033125,6.10203443058951,-15.8193503813441,-0,-0
24.5,7.91058242303547,5.93563856327311,-15.8380145308469,-0,-0
24.52,8.07243314292518,5.76895015278408,-15.8537622331331,-0,-0
24.54,8.2330856811429,5.60199608599756,-15.8665942797455,-0,-0
24.56,8.39250926941834,5.43480080308131,-15.8764870757776,-0,-0
24.58,8.55068005624849,5.26738966961674,-15.8834346366389,-0,-0
24.6,8.70757277768607,5.09978719627594,-15.8874281757481,-0,-0
24.62,8.8631614236225,4.93201738192979,-15.8884577665491,-0,-0
24.64,9.01742036409124,4.76410391503673,-15.8865149411265,-0,-0
24.66,9.17032772911312,4.59607021349473,-15.8816001782249,-0,-0
24.68,9.32185430131815,4.42793874385365,-15.8736982830788,-0,-0
24.7,9.47197637101614,4.25973186560125,-15.862806959852,-0,-0
24.72,9.62066950455616,4.09147145268371,-15.8489227728688,-0,-0
24.74,9.76790816751784,3.92317890762601,-15.8320405866908,-0,-0
24.76,9.9136694097066,3.75487518392811,-15.8121611630842,-0,-0
24.78,10.0579292315259,3.5865806739293,-15.7892836582612,-0,-0
24.8,10.2006607829983,3.41831550062677,-15.7634021040871,-0,-0
24.82,10.3418407619225,3.25009930266455,-15.7345182224182,-0,-0
24.84,10.4814456634886,3.08195126173347,-15.7026338119301,-0,-0
24.86,10.6194503206256,2.91389018705415,-15.6677481495232,-0,-0
24.88,10.7558349141965,2.745934060512,-15.6298710125694,-0,-0
24.9,10.8905735609096,2.57810093104102,-15.5890012933456,-0,-0
24.92,11.0236415358857,2.41040840020004,-15.5451407546824,-0,-0
24.94,11.1550175588801,2.24287332089396,-15.498297888637,-0,-0
24.96,11.2846783221218,2.07551235157297,-15.448477984738,-0,-0
24.98,11.4125986524207,1.90834200473114,-15.3956837301693,-0,-0
25,11.5387630055211,1.74137717386806,-15.3399346773831,-0,-0
25.02,11.6631426207349,1.57463410230769,-15.2812283337841,-0,-0
25.04,11.7857171240469,1.4081276113476,-15.2195769263951,-0,-0
25.06,11.9064654696897,1.24187216137583,-15.1549919982217,-0,-0
25.08,12.0253653921312,1.07588207537785,-15.0874835022232,-0,-0
25.1,12.1423941323187,0.910171490839604,-15.017061050974,-0,-0
25.12,12.2575365939227,0.744752920154465,-14.9437465570817,-0,-0
25.14,12.3707653529365,0.579640621345691,-14.8675432211528,-0,-0
25.16,12.4820618211589,0.414847015968387,-14.788468442499,-0,-0
25.18,12.5914063014378,0.250384464651637,-14.7065381067396,-0,-0
25.2,12.698777950679,0.0862652546422516,-14.6217667756553,-0,-0
25.22,12.8041577140563,-0.0774989386204171,-14.534171981978,-0,-0
25.24,12.9075289463068,-0.240897189134958,-14.4437749242012,-0,-0
25.26,13.0088676946831,-0.403917397547269,-14.3505868715678,-0,-0
25.28,13.1081566222858,-0.566548970523877,-14.2546287538353,-0,-0
25.3,13.2053778695445,-0.728781430507869,-14.1559209464196,-0,-0
25.32,13.3005118136559,-0.890604184912742,-14.054481828742,-0,-0
25.34,13.3935437842125,-1.05200782804849,-13.9503364623188,-0,-0
25.36,13.4844557245371,-1.21298249235375,-13.8435057248696,-0,-0
25.38,13.5732273919304,-1.3735180118389,-13.734008083515,-0,-0
25.4,13.6598430567885,-1.53360528489469,-13.6218679212096,-0,-0
25.42,13.7442867852498,-1.69323534159219,-13.5071095512411,-0,-0
25.44,13.8265406195248,-1.85239892931936,-13.3897551373843,-0,-0
25.46,13.9065942627266,-2.01108858874215,-13.2698360358443,-0,-0
25.48,13.9844284998811,-2.16929501837922,-13.1473732231945,-0,-0
25.5,14.060026921438,-2.32700961699225,-13.0223913016748,-0,-0
25.52,14.1333745137052,-2.48422417576244,-12.8949167071801,-0,-0
25.54,14.2044642146636,-2.64093236233348,-12.7649846420947,-0,-0
25.56,14.273273611784,-2.79712442977241,-12.6326136565398,-0,-0
25.58,14.3397919521518,-2.95279331077031,-12.4978352341817,-0,-0
25.6,14.4040085861488,-3.10793200737918,-12.3606808666059,-0,-0
25.62,14.4659117636274,-3.2625333008869,-12.221180981769,-0,-0
25.64,14.5254844016014,-3.41658872023322,-12.0793607325938,-0,-0
25.66,14.5827146628135,-3.57009099957434,-11.9352508010621,-0,-0
25.68,14.6376000360295,-3.7230350712443,-11.7888908682596,-0,-0
25.7,14.6901196495311,-3.87541148087258,-11.6403029510251,-0,-0
25.72,14.740267471864,-4.02721423672038,-11.4895234524973,-0,-0
25.74,14.7880341880426,-4.17843652491453,-11.3365855394292,-0,-0
25.76,14.8334077990235,-4.32907079559977,-11.181520063319,-0,-0
25.78,14.8763792176952,-4.4791101047988,-11.0243606201957,-0,-0
25.8,14.9169442392906,-4.62854863177355,-10.8651449358549,-0,-0
25.82,14.9550927881407,-4.77737898070276,-10.7039056676816,-0,-0
25.84,14.9908146902451,-4.92559358689785,-10.5406755478453,-0,-0
25.86,15.0241039393709,-5.07318580511716,-10.3754907757695,-0,-0
25.88,15.0549542920513,-5.22014876012741,-10.2083873342255,-0,-0
25.9,15.083358022609,-5.36647503848786,-10.0394000512978,-0,-0
25.92,15.1093125424342,-5.5121583644688,-9.86856766880764,-0,-0
25.94,15.1328138627523,-5.65719190918671,-9.69592772189378,-0,-0
25.96,15.1538510775523,-5.8015668522662,-9.52151273179737,-0,-0
25.98,15.1724232191939,-5.94527673442885,-9.3453625000435,-0,-0
26,15.1885283252332,-6.08831460690279,-9.16751593292662,-0,-0
26.02,15.2021589314206,-6.23067185939419,-8.9880081439691,-0,-0
26.04,15.2133147628391,-6.37234146256136,-8.80687915602686,-0,-0
26.06,15.2219977863176,-6.51331684421897,-8.6241701654368,-0,-0
26.08,15.2281985532745,-6.65358798461791,-8.43991511412396,-0,-0
26.1,15.2319186579865,-6.79314759967316,-8.25415495751369,-0,-0
26.12,15.2331612709982,-6.93198860571609,-8.06693133197195,-0,-0
26.14,15.2319197177337,-7.0701007599695,-7.87828006146206,-0,-0
26.16,15.2281959353138,-7.20747602070166,-7.68824200662065,-0,-0
26.18,15.2219973724268,-7.3441075829541,-7.49686080609814,-0,-0
26.2,15.2133165620512,-7.47998400150877,-7.30417194998238,-0,-0
26.22,15.2021575602997,-7.61509677631124,-7.11021716883557,-0,-0
26.24,15.1885277324783,-7.74943814710306,-6.91503956975399,-0,-0
26.26,15.1724240689118,-7.88299677969731,-6.71867705869226,-0,-0
26.28,15.1538477315345,-8.01576226821397,-6.5211697112832,-0,-0
26.3,15.1328128352082,-8.14772784680402,-6.32256328171796,-0,-0
26.32,15.1093124743454,-8.27887979027524,-6.12289404230608,-0,-0
26.34,15.0833597603854,-8.40921024771188,-5.92220692502347,-0,-0
26.36,15.0549534414811,-8.53870640441835,-5.72054073892175,-0,-0
26.38,15.0241006590615,-8.66735773894941,-5.51793773133814,-0,-0
26.4,14.9908138664493,-8.79515515944368,-5.31444185013892,-0,-0
26.42,14.9550911773531,-8.92208419595294,-5.11009176760192,-0,-0
26.44,14.9169422787496,-9.04813398711094,-4.90493032823824,-0,-0
26.46,14.876380786484,-9.17329458750317,-4.69900132606046,-0,-0
26.48,14.8334044970546,-9.29754999056016,-4.49234357553975,-0,-0
26.5,14.7880330399458,-9.42089164028184,-4.28500236238967,-0,-0
26.52,14.7402669281859,-9.54330356316291,-4.07701735823814,-0,-0
26.54,14.6901160419224,-9.66477262701076,-3.86843092209665,-0,-0
26.56,14.6375982078634,-9.78528847658394,-3.6592870501467,-0,-0
26.58,14.5827155392199,-9.90483418950662,-3.44962598054033,-0,-0
26.6,14.5254818651504,-10.0233968839518,-3.239490585902,-0,-0
26.62,14.4659095179102,-10.1409626648384,-3.02892321136372,-0,-0
26.64,14.4040070621703,-10.2575156547145,-2.81796549969753,-0,-0
26.66,14.3397921026078,-10.3730432779442,-2.60666042176055,-0,-0
26.68,14.2732717805375,-10.4875279991436,-2.39504929667773,-0,-0
26.7,14.20446071971,-10.6009550996787,-2.18317448245828,-0,-0
26.72,14.1333752791781,-10.7133102120259,-1.97107828051736,-0,-0
26.74,14.0600249611302,-10.8245751767969,-1.75880225341143,-0,-0
26.76,13.9844263835105,-10.9347349157582,-1.54638854374245,-0,-0
26.78,13.9065930026409,-11.0437722631626,-1.33387895216188,-0,-0
26.8,13.8265409441826,-11.151670890859,-1.12131528886946,-0,-0
26.82,13.7442851759726,-11.2584134533911,-0.908739220755125,-0,-0
26.84,13.6598410122344,-11.3639823347634,-0.696192361862066,-0,-0
26.86,13.5732249021885,-11.4683599994563,-0.48371620469574,-0,-0
26.88,13.4844526902694,-11.5715281482498,-0.271352182810758,-0,-0
26.9,13.3935408663538,-11.6734684100715,-0.0591416537731835,-0,-0
26.92,13.3005117719762,-11.7741653328086,0.152874769467081,-0,-0
26.94,13.2053752589385,-11.8735956998727,0.364655311973668,-0,-0
26.96,13.1081545285611,-11.9717438472391,0.576159688178871,-0,-0
26.98,13.0088647239935,-12.0685887666307,0.787346742255293,-0,-0
27,12.9075248002225,-12.164111276865,0.998175930782286,-0,-0
27.02,12.8041572182874,-12.2582942532632,1.20860757822468,-0,-0
27.04,12.6987767200424,-12.3511150666601,1.41860055548446,-0,-0
27.06,12.5914017249769,-12.4425528821163,1.62811446141049,-0,-0
27.08,12.4820592268311,-12.5325926779983,1.83711133153313,-0,-0
27.1,12.3707604280299,-12.621207932447,2.04554902853724,-0,-0
27.12,12.2575337174611,-12.7083840243798,2.25339051706808,-0,-0
27.14,12.1423935187055,-12.7940957533565,2.46059460143,-0,-0
27.16,12.0253605163449,-12.8783221215449,2.66712199271051,-0,-0
27.18,11.9064623943647,-12.9610474213043,2.87293641246391,-0,-0
27.2,11.7857136903185,-13.0422452368813,3.07799657485002,-0,-0
27.22,11.6631380390199,-13.1218959923395,3.28226488629795,-0,-0
27.24,11.5387597985532,-13.1999806687524,3.48570441407024,-0,-0
27.26,11.4125957798248,-13.2764733130761,3.688274762864,-0,-0
27.28,11.284674664625,-13.3513582813206,3.88994154495334,-0,-0
27.3,11.1550137557172,-13.4246094242997,4.09066468306603,-0,-0
27.32,11.0236377294841,-13.4962070160664,4.29040815079791,-0,-0
27.34,10.8905699509557,-13.5661300054832,4.48913544197684,-0,-0
27.36,10.7558322126688,-13.6343555264634,4.68680923284101,-0,-0
27.38,10.6194465347379,-13.7008606411464,4.8833923263828,-0,-0
27.4,10.4814422975231,-13.7656300645428,5.07885296343223,-0,-0
27.42,10.3418369193806,-13.8286356492571,5.27315112123011,-0,-0
27.44,10.2006561397665,-13.8898578991941,5.46625284373547,-0,-0
27.46,10.0579254524102,-13.9492771491441,5.65812437604461,-0,-0
27.48,9.91366708664018,-14.0068698106074,5.84872954844714,-0,-0
27.5,9.76790387594077,-14.0626127296599,6.03803259177026,-0,-0
27.52,9.62066616669688,-14.1164920914475,6.22600494610553,-0,-0
27.54,9.47197272283405,-14.168479523916,6.41260763554822,-0,-0
27.56,9.32184948551624,-14.2185554954711,6.59780848147108,-0,-0
27.58,9.17032382513442,-14.2667026850407,6.78157714855799,-0,-0
27.6,9.01741789483475,-14.3128965548394,6.96387824039628,-0,-0
27.62,8.86315633386248,-14.3571158501971,7.14467887079043,-0,-0
27.64,8.70756900805955,-14.3993472334298,7.32395276040804,-0,-0
27.66,8.55067617293449,-14.4395630485455,7.50166259049261,-0,-0
27.68,8.39250456893847,-14.4777453110494,7.67777889574997,-0,-0
27.7,8.23308133475009,-14.5138770509537,7.85227320829368,-0,-0
27.72,8.0724301861885,-14.5479357481412,8.02511286699991,-0,-0
27.74,7.91057772323983,-14.57990376145,8.19626933565181,-0,-0
27.76,7.74754925716707,-14.6097613798991,8.36571258059161,-0,-0
27.78,7.58337210355203,-14.6374927345089,8.53341598454846,-0,-0
27.8,7.41807003694983,-14.6630755010321,8.69934772850037,-0,-0
27.82,7.25166941549473,-14.6864922305503,8.86348019256307,-0,-0
27.84,7.08419905836385,-14.7077309107773,9.02579058407545,-0,-0
27.86,6.9156819272145,-14.7267677624836,9.18624628533428,-0,-0
27.88,6.74614522135126,-14.7435878494212,9.34482237624728,-0,-0
27.9,6.57561548515793,-14.7581752303377,9.5014932086741,-0,-0
27.92,6.40411861963189,-14.7705127403602,9.65623220186658,-0,-0
27.94,6.23168166813592,-14.7805862001029,9.80901554157598,-0,-0
27.96,6.05833175229641,-14.7883821466541,9.95982023398289,-0,-0
27.98,5.88409354151814,-14.793881110582,10.1086180787619,-0,-0
28,5.70899415695154,-14.7970700543515,10.2553866370525,-0,-0
28.02,5.53306044945691,-14.7979357076747,10.4001033752726,-0,-0
28.04,5.35631834747784,-14.7964625030128,10.5427438688272,-0,-0
28.06,5.17879632048459,-14.7926428829457,10.6832909679592,-0,-0
28.08,5.0005198592269,-14.7864608244364,10.8217200193722,-0,-0
28.1,4.82151503345723,-14.7779020686914,10.9580080053017,-0,-0
28.12,4.64180942662844,-14.7669577625932,11.0921369092056,-0,-0
28.14,4.46142969798034,-14.7536165266022,11.2240865116317,-0,-0
28.16,4.28040157637333,-14.7378636928561,11.353833620153,-0,-0
28.18,4.09875460866112,-14.7196999013432,11.4813692461432,-0,-0
28.2,3.9165129459869,-14.699105121358,11.6066653726872,-0,-0
28.22,3.73370442543274,-14.6760742593423,11.7297078376556,-0,-0
28.24,3.5503560101087,-14.6505993801244,11.8504799481352,-0,-0
28.26,3.36649435943525,-14.6226715567987,11.9689641172369,-0,-0
28.28,3.18214647270559,-14.5922838788831,12.0851446709587,-0,-0
28.3,2.99734011057721,-14.5594343740298,12.1990106821632,-0,-0
28.32,2.81210100935014,-14.5241104441182,12.3105412155375,-0,-0
28.34,2.62645651381583,-14.4863086613908,12.4197240417341,-0,-0
28.36,2.44043372248746,-14.4460249606691,12.5265463594729,-0,-0
28.38,2.25405936071549,-14.4032532160902,12.6309934473434,-0,-0
28.4,2.0673610404601,-14.3579945743975,12.7330575816848,-0,-0
28.42,1.88036544404372,-14.3102440076451,12.8327251609813,-0,-0
28.44,1.693099238163,-14.2599959939861,12.9299820980056,-0,-0
28.46,1.50558974839308,-14.2072515012123,13.0248205842908,-0,-0
28.48,1.31786395036924,-14.1520089938154,13.1172304253482,-0,-0
28.5,1.1299486537115,-14.0942646628097,13.207199211812,-0,-0
28.52,0.941871536407123,-14.0340286258327,13.2947281939134,-0,-0
28.54,0.753658990083998,-13.9712917143908,13.3797997264406,-0,-0
28.56,0.565338265977355,-13.9060585512977,13.462409694985,-0,-0
28.58,0.376936427637629,-13.8383318641617,13.5425521523818,-0,-0
28.6,0.188480492268903,-13.7681131756705,13.6202199561911,-0,-0
28.62,-2.4740320494723e-06,-13.6954058139854,13.6954077550464,-0,-0
28.64,-0.188485446821723,-13.6202190197051,13.7681161211407,-0,-0
28.66,-0.376941379217021,-13.5425504758626,13.8383340677526,-0,-0
28.68,-0.565343206890803,-13.462407557241,13.9060602895181,-0,-0
28.7,-0.753663903458702,-13.3797969225837,13.9712927812773,-0,-0
28.72,-0.941876327267219,-13.294723224594,14.0340274921465,-0,-0
28.74,-1.12995369339176,-13.2071984399252,14.0942678037691,-0,-0
28.76,-1.3178688931792,-13.1172282062029,14.1520106582913,-0,-0
28.78,-1.50559465500282,-13.0248179575422,14.2072527442571,-0,-0
28.8,-1.69310415084808,-12.9299795798941,14.2599973419966,-0,-0
28.82,-1.88037034478134,-12.8327225535475,14.3102452572341,-0,-0
28.84,-2.06736576366933,-12.7330534673954,14.3579942691755,-0,-0
28.86,-2.25406464121863,-12.6309936136108,14.4032573614792,-0,-0
28.88,-2.44043869268264,-12.5265441612485,14.4460266506733,-0,-0
28.9,-2.6264613823548,-12.419721118096,14.4863096051805,-0,-0
28.92,-2.81210577718161,-12.3105377224522,14.5241107836955,-0,-0
28.94,-2.99734470333124,-12.199006292205,14.5594337589047,-0,-0
28.96,-3.18215134986307,-12.0851418046163,14.5922848729246,-0,-0
28.98,-3.36649943784827,-11.9689622428724,14.6226735974765,-0,-0
29,-3.55036095642953,-11.850477432522,14.6506007279802,-0,-0
29.02,-3.73370927161999,-11.7297048764311,14.6760751245931,-0,-0
29.04,-3.91651763153463,-11.6066617087404,14.6991052521144,-0,-0
29.06,-4.09875861154939,-11.4813629800934,14.7196972307192,-0,-0
29.08,-4.28040683573559,-11.3538320542765,14.7378660972719,-0,-0
29.1,-4.4614344088794,-11.2240829919161,14.7536168066635,-0,-0
29.12,-4.6418140750828,-11.0921331660385,14.7669578091776,-0,-0
29.14,-4.82151973964891,-10.9580044385367,14.7779023164876,-0,-0
29.16,-5.00052435862371,-10.821715860293,14.7864604066541,-0,-0
29.18,-5.17880045225113,-10.6832857861024,14.7926413241451,-0,-0
29.2,-5.35632385970746,-10.5427425282732,14.7964651953059,-0,-0
29.22,-5.53306522219549,-10.4000999721966,14.7979361338722,-0,-0
29.24,-5.70899865806192,-10.2553825370685,14.7970697056155,-0,-0
29.26,-5.88409777495501,-10.1086133836604,14.7938800628082,-0,-0
29.28,-6.05833546729581,-9.9598143906374,14.7883797857053,-0,-0
29.3,-6.23168639433975,-9.80901195203658,14.7805864264395,-0,-0
29.32,-6.40412401700989,-9.65622997641219,14.7705145702923,-0,-0
29.34,-6.57562035586429,-9.50148987969784,14.7581757706882,-0,-0
29.36,-6.74614996221929,-9.34481880765822,14.7435880747053,-0,-0
29.38,-6.91568640857196,-9.18624220407795,14.7267673964605,-0,-0
29.4,-7.08420212333496,-9.02578393252929,14.7077275504105,-0,-0
29.42,-7.25167495094544,-8.86347790729074,14.6864939981327,-0,-0
29.44,-7.41807449145741,-8.69934357545887,14.6630750632585,-0,-0
29.46,-7.58337609640594,-8.53341106268191,14.6374914043327,-0,-0
29.48,-7.74755393599223,-8.36570872920618,14.6097613358621,-0,-0
29.5,-7.91058148520342,-8.19626412466362,14.5799020546747,-0,-0
29.52,-8.07243339401385,-8.02510689592543,14.5479330998241,-0,-0
29.54,-8.23308550185637,-7.8522686136024,14.5138760773637,-0,-0
29.56,-8.39250937824841,-7.67777515520201,14.4777453886179,-0,-0
29.58,-8.55068017444292,-7.50165782211452,14.4395618054521,-0,-0
29.6,-8.70757272599215,-7.32394762143239,14.3993455633375,-0,-0
29.62,-8.86316037283092,-7.14467410514128,14.357114674685,-0,-0
29.64,-9.01742154864937,-6.96387305215917,14.3128948258912,-0,-0
29.66,-9.17032781411458,-6.78157238074135,14.2667014299922,-0,-0
29.68,-9.32185410526688,-6.59780432504378,14.2185551107037,-0,-0
29.7,-9.47197652769038,-6.41260263108639,14.1684780336913,-0,-0
29.72,-9.62066949153706,-6.22599948075744,14.1164899941443,-0,-0
29.74,-9.7679078088534,-6.0380277138832,14.0626114022263,-0,-0
29.76,-9.91367065093385,-5.84872435337065,14.0068680348379,-0,-0
29.78,-10.0579291805256,-5.65811934254355,13.9492755627413,-0,-0
29.8,-10.2006603617525,-5.46624821490196,13.8898568755959,-0,-0
29.82,-10.341840512205,-5.27314597414998,13.8286339119362,-0,-0
29.84,-10.4814442164879,-5.07884656839088,13.7656265119726,-0,-0
29.86,-10.6194513627684,-4.88338803033403,13.7008602336069,-0,-0
29.88,-10.7558360412932,-4.68680423902737,13.6343540498198,-0,-0
29.9,-10.8905731444403,-4.48913003519844,13.56612787323,-0,-0
29.92,-11.0236414929079,-4.29040309245873,13.4962054573747,-0,-0
29.94,-11.1550172708846,-4.09065948483824,13.4246076105988,-0,-0
29.96,-11.2846760665156,-3.88993517516004,13.3513544982314,-0,-0
29.98,-11.412600806135,-3.68827035776025,13.2764728407487,-0,-0
30,-11.5387630371511,-3.48569907912709,13.1999785806821,-0,-0
30.02,-11.6631422524289,-3.28225999682403,13.121894748339,-0,-0
30.04,-11.7857168832847,-3.07799120780857,13.0422431221063,-0,-0
30.06,-11.9064637347794,-2.87293026403814,12.9610438145745,-0,-0
30.08,-12.0253646558605,-2.66711697023207,12.8783207814707,-0,-0
30.1,-12.1423967488179,-2.46058922780799,12.794093693008,-0,-0
30.12,-12.2575364353455,-2.25338497813207,12.7083815494461,-0,-0
30.14,-12.3707652447759,-2.04554414911286,12.6212070174781,-0,-0
30.16,-12.482062191024,-1.83710587295556,12.5325903946439,-0,-0
30.18,-12.5914044494148,-1.62810894265572,12.4425504013477,-0,-0
30.2,-12.6987793541218,-1.41859503902031,12.3511124896355,-0,-0
30.22,-12.8041598392031,-1.20860203485907,12.2582917257339,-0,-0
30.24,-12.9075286004634,-0.998170627565849,12.1641095162799,-0,-0
30.26,-13.0088670295485,-0.787341157155899,12.0685860119477,-0,-0
30.28,-13.1081549130166,-0.576153795677697,11.9717399331434,-0,-0
30.3,-13.2053770483874,-0.364649645167799,11.8735926964406,-0,-0
30.32,-13.3005142312328,-0.152869203788845,11.7741627191294,-0,-0
30.34,-13.3935453555372,0.0591470249806981,11.6734669619876,-0,-0
30.36,-13.4844554501245,0.271357724855245,11.571525698295,-0,-0
30.38,-13.5732271423199,0.483721777598515,11.4683572381676,-0,-0
30.4,-13.6598403330278,0.696198043414087,11.3639780044517,-0,-0
30.42,-13.744287181853,0.908744794481403,11.2584105580224,-0,-0
30.44,-13.826543130028,1.12132086744001,11.1516681066046,-0,-0
30.46,-13.906594887492,1.33388452221193,11.0437693156775,-0,-0
30.48,-13.984427629873,1.54639408046178,10.9347316414592,-0,-0
30.5,-14.0600249383627,1.75880770128502,10.8245712941635,-0,-0
30.52,-14.1333755017738,1.97108371566359,10.7133064606362,-0,-0
30.54,-14.2044644243296,2.18318023387356,10.600953043594,-0,-0
30.56,-14.2732741936505,2.39505492739066,10.4875253233072,-0,-0
30.58,-14.3397940446774,2.60666599552518,10.3730403493738,-0,-0
30.6,-14.4040109698516,2.81797137164947,10.2575135707742,-0,-0
30.62,-14.4659086367293,3.02892833390299,10.1409585480788,-0,-0
30.64,-14.5254844829608,3.23949630020247,10.0233942108039,-0,-0
30.66,-14.5827175026895,3.44963158910173,9.90483127874151,-0,-0
30.68,-14.6375992016159,3.65929245604263,9.78528517938541,-0,-0
30.7,-14.6901192650922,3.86843684014538,9.66477016512715,-0,-0
30.72,-14.7402658149466,4.07702222011588,9.54329942312931,-0,-0
30.74,-14.7880322896639,4.28500728851862,9.42088770682841,-0,-0
30.76,-14.8334085968674,4.492349847482,9.29754787181352,-0,-0
30.78,-14.8763817205793,4.69900668879049,9.1732912667729,-0,-0
30.8,-14.9169458744912,4.9049365349772,9.04813159491292,-0,-0
30.82,-14.9550929257299,5.11009739854828,8.92208115546726,-0,-0
30.84,-14.990811390379,5.31444601704101,8.79515063283086,-0,-0
30.86,-15.0241040137925,5.51794397957181,8.66735521456301,-0,-0
30.88,-15.0549545375016,5.72054616458617,8.53870313068851,-0,-0
30.9,-15.0833595767458,5.92221184448534,8.40920653072748,-0,-0
30.92,-15.1093140145268,6.12289966575044,8.27887662053571,-0,-0
30.94,-15.1328110170213,6.32256747055282,8.1477236285756,-0,-0
30.96,-15.1538496447444,6.52117553407699,8.01575925928052,-0,-0
30.98,-15.1724245991513,6.71868225572677,7.88299335721558,-0,-0
31,-15.1885281770957,6.91504473107429,7.74943465226869,-0,-0
31.02,-15.2021601920014,7.11022341814835,7.61509394373721,-0,-0
31.04,-15.2133176052767,7.30417742258215,7.47998068142497,-0,-0
31.06,-15.221994643558,7.49686430114218,7.34410314861784,-0,-0
31.08,-15.2281991339992,7.68824868367387,7.20747330866648,-0,-0
31.1,-15.2319204029562,7.87828537507507,7.07009733006491,-0,-0
31.12,-15.2331604403021,8.0669357878387,6.93198471627681,-0,-0
31.14,-15.2319196251503,8.25416046719921,6.79314422644637,-0,-0
31.16,-15.2281964772024,8.43991878714572,6.6535837597184,-0,-0
31.18,-15.2219959610239,8.62417395878196,6.51331271377257,-0,-0
31.2,-15.2133176922499,8.80688597047483,6.37233864331949,-0,-0
31.22,-15.2021598198972,8.98801367638535,6.23066845442952,-0,-0
31.24,-15.1885277233145,9.1675204743755,6.08831081157311,-0,-0
31.26,-15.1724236716974,9.34536777420391,5.94527320807273,-0,-0
31.28,-15.1538477483954,9.52151534970386,5.80156232274235,-0,-0
31.3,-15.1328128524592,9.69593197403043,5.65718798800899,-0,-0
31.32,-15.1093140874286,9.86857380734237,5.51215511169825,-0,-0
31.34,-15.0833588687726,10.0394056950783,5.36647160362181,-0,-0
31.36,-15.0549530540238,10.208391391879,5.22014478920145,-0,-0
31.38,-15.0241005898951,10.3754931562237,5.07318129919106,-0,-0
31.4,-14.9908120381431,10.5406784390858,4.92558927126384,-0,-0
31.42,-14.9550921284013,10.7039101758736,4.77737516400863,-0,-0
31.44,-14.9169446988872,10.8651503978786,4.62854508966115,-0,-0
31.46,-14.8763804646678,11.0243667771137,4.47910675838895,-0,-0
31.48,-14.8334069234712,11.1815244071733,4.32906692122848,-0,-0
31.5,-14.7880298409783,11.3365867881255,4.17843180160788,-0,-0
31.52,-14.7402668022383,11.489528007594,4.02721040814061,-0,-0
31.54,-14.69011862376,11.6403071850507,3.87540756571566,-0,-0
31.56,-14.6375978096127,11.7888939622294,3.72303087113159,-0,-0
31.58,-14.5827153731223,11.9352567194164,3.57008749642132,-0,-0
31.6,-14.5254804278958,12.0793620732073,3.41658410929438,-0,-0
31.62,-14.465908565406,12.2211830566552,3.26252887513907,-0,-0
31.64,-14.4040094498307,12.3606870630488,3.107928529399,-0,-0
31.66,-14.3397921661744,12.4978407903266,2.95278967746032,-0,-0
31.68,-14.2732722566571,12.632617592689,2.79712043339838,-0,-0
31.7,-14.2044620657073,12.764987738467,2.6409281858551,-0,-0
31.72,-14.1333724263317,12.8949198782768,2.48422001209508,-0,-0
31.74,-14.0600251452103,13.0223948201471,2.32700552892373,-0,-0
31.76,-13.9844262742422,13.1473762233313,2.16929082575144,-0,-0
31.78,-13.9065928250025,13.269839955612,2.01108457420577,-0,-0
31.8,-13.8265403742175,13.3897604771178,1.85239517590301,-0,-0
31.82,-13.7442826853978,13.5071103089611,1.6932307415878,-0,-0
31.84,-13.6598394976566,13.6218692669884,1.53360079290326,-0,-0
31.86,-13.5732250690659,13.7340109435741,1.37351379474136,-0,-0
31.88,-13.4844530008435,13.843508128308,1.21297821258736,-0,-0
31.9,-13.3935428625882,13.9503411543462,1.05200391761183,-0,-0
31.92,-13.300511318958,14.0544870877542,0.890600349555065,-0,-0
31.94,-13.2053733328318,14.1559209191047,0.728776770675403,-0,-0
31.96,-13.1081543857619,14.2546317691206,0.566544780843817,-0,-0
31.98,-13.0088649913112,14.35058925079,0.403913108661499,-0,-0
32,-12.9075259178259,14.4437768607351,0.240892843546965,-0,-0
32.02,-12.8041565235111,14.5341765106266,0.077494947800467,-0,-0
32.04,-12.6987745537439,14.6217681676737,-0.0862696728903981,-0,-0
32.06,-12.5914027797116,14.7065392811904,-0.250388919980658,-0,-0
32.08,-12.4820596601079,14.7884716094901,-0.414851222637076,-0,-0
32.1,-12.3707623459759,14.8675451690723,-0.579644956404303,-0,-0
32.12,-12.2575335157388,14.9437483776664,-0.744757278750515,-0,-0
32.14,-12.142393518297,15.0170667046406,-0.910175429777771,-0,-0
32.16,-12.0253603402494,15.0874822607851,-1.07588672282323,-0,-0
32.18,-11.9064625604757,15.1549941675857,-1.2418764361271,-0,-0
32.2,-11.7857141916007,15.2195790218095,-1.40813192642371,-0,-0
32.22,-11.6631389953269,15.2812292632611,-1.5746385394917,-0,-0
32.24,-11.5387592170937,15.3399353478595,-1.74138161313145,-0,-0
32.26,-11.4125958438657,15.395686060757,-1.90834631256344,-0,-0
32.28,-11.284673477285,15.4484767795722,-2.07551694204598,-0,-0
32.3,-11.1550143530521,15.4982994852409,-2.24287773199746,-0,-0
32.32,-11.0236382449334,15.5451422452398,-2.41041278837325,-0,-0
32.34,-10.8905698965903,15.5890021430756,-2.57810533362911,-0,-0
32.36,-10.7558323846561,15.6298739439106,-2.74593836357436,-0,-0
32.38,-10.6194465418778,15.6677487772695,-2.913894610804,-0,-0
32.4,-10.4814425448209,15.702635668665,-3.08195564437573,-0,-0
32.42,-10.3418371453756,15.7345191139801,-3.2501037385316,-0,-0
32.44,-10.2006565555781,15.7634018214423,-3.41831995318286,-0,-0
32.46,-10.057924947386,15.7892832989976,-3.58658507813729,-0,-0
32.48,-9.913665684427,15.8121619219118,-3.75487957026382,-0,-0
32.5,-9.76790433729605,15.8320410698987,-3.92318335454301,-0,-0
32.52,-9.62066615454493,15.8489242405668,-4.09147590829476,-0,-0
32.54,-9.47197296880527,15.8628083670768,-4.25973629724455,-0,-0
32.56,-9.32185049599567,15.8736988729311,-4.42794314170519,-0,-0
32.58,-9.17032372840912,15.8816003228369,-4.59607462986408,-0,-0
32.6,-9.01741623716264,15.8865148251495,-4.76410831362594,-0,-0
32.62,-8.86315776672015,15.8884587360254,-4.9320217840499,-0,-0
32.64,-8.7075688125606,15.8874284923433,-5.09979154169452,-0,-0
32.66,-8.55067591682551,15.8834344856262,-5.26739406424065,-0,-0
32.68,-8.3925049269938,15.876486383264,-5.43480521811728,-0,-0
32.7,-8.2330806807973,15.8665920253312,-5.60200034594066,-0,-0
32.72,-8.07242910137533,15.853762333153,-5.76895456821062,-0,-0
32.74,-7.91057794073551,15.8380135261114,-5.93564288152616,-0,-0
32.76,-7.74754995365104,15.8193500964177,-6.10203881429704,-0,-0
32.78,-7.58337186465107,15.7977869000063,-6.26811618304705,-0,-0
32.8,-7.4180699518615,15.7733383137106,-6.43384838123178,-0,-0
32.82,-7.25166925048633,15.7460161268802,-6.5992078650201,-0,-0
32.84,-7.08419858772227,15.7158428987217,-6.76416798775318,-0,-0
32.86,-6.91568202005095,15.6828290359171,-6.92870005445667,-0,-0
32.88,-6.7461452827329,15.6469898433768,-7.09277544547002,-0,-0
32.9,-6.5756157188233,15.6083458636801,-7.25636572681434,-0,-0
32.92,-6.40411921232439,15.5669141549435,-7.41944142053994,-0,-0
32.94,-6.23168144696504,15.5227115810776,-7.58197250645547,-0,-0
32.96,-6.058331734628,15.475766669689,-7.74393069258696,-0,-0
32.98,-5.88409344919867,15.4260904917139,-7.9052837472203,-0,-0
33,-5.70899405600281,15.3737071427656,-8.06600138788099,-0,-0
33.02,-5.53306036183754,15.3186392977111,-8.22605268463724,-0,-0
33.04,-5.35631844695263,15.260907808883,-8.38540569942507,-0,-0
33.06,-5.1787961790797,15.2005401290331,-8.54402971534084,-0,-0
33.08,-5.00051987338475,15.1375591562138,-8.70189232938205,-0,-0
33.1,-4.82151511891477,15.0719855474218,-8.85895985930605,-0,-0
33.12,-4.64180947327089,15.0038473873104,-9.01520039299482,-0,-0
33.14,-4.46142964463112,14.9331703281792,-9.17058079852604,-0,-0
33.16,-4.28040157104539,14.8599774250343,-9.32506643116134,-0,-0
33.18,-4.0987545848043,14.7843058652652,-9.47862729828937,-0,-0
33.2,-3.91651294209088,14.7061728408745,-9.6312257120445,-0,-0
33.22,-3.73370442411363,14.6256102282819,-9.78282885956068,-0,-0
33.24,-3.55035599989732,14.5426471683831,-9.93340247445316,-0,-0
33.26,-3.36649432378836,14.457311749647,-10.0829114391217,-0,-0
33.28,-3.18214649733117,14.3696345261059,-10.2313213142186,-0,-0
33.3,-2.99734011443532,14.2796492040152,-10.3785988022768,-0,-0
33.32,-2.81210102846276,14.187380929431,-10.5247060438311,-0,-0
33.34,-2.62645653775069,14.0928624808702,-10.6696084326615,-0,-0
33.36,-2.4404337415909,13.9961261166655,-10.8132708760986,-0,-0
33.38,-2.25405933029577,13.8972019023924,-10.9556565904849,-0,-0
33.4,-2.06736108725449,13.7961274641879,-11.0967330115446,-0,-0
33.42,-1.88036544442082,13.6929319714596,-11.2364622659838,-0,-0
33.44,-1.69309920599596,13.587646776589,-11.3748072960284,-0,-0
33.46,-1.5055897250507,13.4803078562126,-11.5117337996891,-0,-0
33.48,-1.31786393251947,13.3709482372697,-11.6472053224394,-0,-0
33.5,-1.12994865323764,13.2595995291307,-11.7811839985532,-0,-0
33.52,-0.941871533444405,13.1463033404129,-11.9136394871727,-0,-0
33.54,-0.753658988466951,13.0310867869937,-12.0445300397973,-0,-0
33.56,-0.56533826158064,12.9139869331449,-12.1738214211707,-0,-0
33.58,-0.376936418250399,12.7950392014094,-12.3014781023479,-0,-0
33.6,-0.188480481229408,12.6742779569331,-12.427463499393,-0,-0
33.62,2.47504414342165e-06,12.5517398795548,-12.551743121393,-0,-0
33.64,0.188485448522425,12.4274616329538,-12.6742826233276,-0,-0
33.66,0.376941384565641,12.3014755163203,-12.7950431487447,-0,-0
33.68,0.565343216928283,12.1738183313412,-12.9139903544237,-0,-0
33.7,0.753663913387027,12.0445263950478,-13.0310895674086,-0,-0
33.72,0.941876310973917,11.9136341973764,-13.1463040650792,-0,-0
33.74,1.12995372831665,11.7811818181208,-13.2596041709846,-0,-0
33.76,1.31786888032177,11.6472019544999,-13.3709513646425,-0,-0
33.78,1.50559463141382,11.5117301140039,-13.4803105468603,-0,-0
33.8,1.69310413361,11.374803754531,-13.5876496546479,-0,-0
33.82,1.88037029025799,11.2364583094896,-13.6929342217931,-0,-0
33.84,2.06736576145414,11.0967282857992,-13.7961284974445,-0,-0
33.86,2.25406459443035,10.9556543405044,-13.8972069987852,-0,-0
33.88,2.44043869039915,10.813267353128,-13.9961290714585,-0,-0
33.9,2.62646137017818,10.6696045222709,-14.0928647263652,-0,-0
33.92,2.81210573968974,10.5247017709952,-14.1873825278191,-0,-0
33.94,2.99734464228799,10.3785940757524,-14.2796498676243,-0,-0
33.96,3.18215138418113,10.2313175331257,-14.3696370580131,-0,-0
33.98,3.36649945144537,10.0829082008335,-14.457315460507,-0,-0
34,3.5503609684755,9.93339882917524,-14.5426500998419,-0,-0
34.02,3.73370927655468,9.78282495362587,-14.6256126245141,-0,-0
34.04,3.91651762725757,9.63122153630857,-14.7061744798777,-0,-0
34.06,4.09875861793318,9.47862210967732,-14.7843047860073,-0,-0
34.08,4.28040679838999,9.32506307343622,-14.8599812601719,-0,-0
34.1,4.46143442510726,9.17057679033321,-14.9331723728097,-0,-0
34.12,4.64181410135188,9.01519619838212,-15.0038488414803,-0,-0
34.14,4.82151976783792,8.85895568017559,-15.0719871054989,-0,-0
34.16,5.00052453294415,8.70188813200512,-15.1375607862469,-0,-0
34.18,5.17880044334438,8.54402514224673,-15.2005403445196,-0,-0
34.2,5.35632397653598,8.38540232872839,-15.2609123580218,-0,-0
34.22,5.53306523103234,8.22604871258878,-15.3186415695739,-0,-0
34.24,5.70899869125973,8.06599723438596,-15.3737086171949,-0,-0
34.26,5.88409788417119,7.90527944409138,-15.4260913331587,-0,-0
34.28,6.05833583136846,7.74392617101816,-15.4757664839787,-0,-0
34.3,6.23168606798539,7.58196829684299,-15.5227130247182,-0,-0
34.32,6.40412385542277,7.41943720746434,-15.5669156877869,-0,-0
34.34,6.57562029338233,7.25636145580481,-15.6083471994401,-0,-0
34.36,6.74614971550883,7.09277111360598,-15.6469907599622,-0,-0
34.38,6.9156860820011,6.92869559666671,-15.6828288888355,-0,-0
34.4,7.08420237658288,6.76416342414142,-15.7158420286153,-0,-0
34.42,7.25167410001386,6.5992037147172,-15.7460181132199,-0,-0
34.44,7.41807465462406,6.43384420011689,-15.7733398675785,-0,-0
34.46,7.58337639578029,6.26811192099604,-15.7977880207198,-0,-0
34.48,7.74755430650595,6.10203445517742,-15.8193507978262,-0,-0
34.5,7.91058218927805,5.93563851152552,-15.8380139423942,-0,-0
34.52,8.07243316870585,5.7689501522819,-15.8537623038612,-0,-0
34.54,8.23308519099358,5.60199599213965,-15.8665931029473,-0,-0
34.56,8.39250933055408,5.43480079262182,-15.8764872426007,-0,-0
34.58,8.55068004291883,5.26738963781046,-15.8834346389251,-0,-0
34.6,8.70757283016672,5.09978717346166,-15.8874283286162,-0,-0
34.62,8.86316183463763,4.93201739816112,-15.8884587158697,-0,-0
34.64,9.01742025110106,4.7641039012641,-15.8865146958473,-0,-0
34.66,9.17032782978455,4.5960702101039,-15.8816004077666,-0,-0
34.68,9.32185431147321,4.4279387508459,-15.8736982960717,-0,-0
34.7,9.47197639687611,4.25973189176813,-15.8628069844711,-0,-0
34.72,9.62066959503487,4.09147147774799,-15.8489229334889,-0,-0
34.74,9.76790856353752,3.92317891254656,-15.8320413907128,-0,-0
34.76,9.91366907344569,3.75487517127848,-15.8121605094111,-0,-0
34.78,10.0579291089093,3.58658064878647,-15.7892834480508,-0,-0
34.8,10.2006606020637,3.41831550564651,-15.7634017522666,-0,-0
34.82,10.341840567401,3.25009932177252,-15.7345178380174,-0,-0
34.84,10.4814455257311,3.08195127518538,-15.7026335470982,-0,-0
34.86,10.6194505457978,2.91389016361222,-15.6677485766835,-0,-0
34.88,10.7558345432232,2.74593411321529,-15.629870306288,-0,-0
34.9,10.8905735457702,2.57810097097904,-15.5890012195503,-0,-0
34.92,11.0236418922522,2.41040837132861,-15.5451413807263,-0,-0
34.94,11.1550176252277,2.24287330349504,-15.4982980183647,-0,-0
34.96,11.2846779716943,2.07551239221473,-15.4484773813526,-0,-0
34.98,11.4125987825535,1.90834199244678,-15.3956839463259,-0,-0
35,11.5387623428803,1.74137726700521,-15.3399335645071,-0,-0
35.02,11.6631428286747,1.57463406698831,-15.2812286841525,-0,-0
35.04,11.7857171888343,1.40812758123942,-15.2195770599193,-0,-0
35.06,11.9064655742281,1.24187211503317,-15.1549922067028,-0,-0
35.08,12.0253660675977,1.07588195127943,-15.0874845839762,-0,-0
35.1,12.1423940998819,0.910171500211406,-15.0170609940274,-0,-0
35.12,12.2575367755451,0.74475290061294,-14.943746817228,-0,-0
35.14,12.3707653702147,0.579640610084876,-14.8675432607771,-0,-0
35.16,12.4820619693125,0.414847008516733,-14.7884686314373,-0,-0
35.18,12.5914067139231,0.250384429250729,-14.70653864527,-0,-0
35.2,12.6987787746731,0.0862651256064071,-14.6217679202465,-0,-0
35.22,12.8041574628931,-0.07749889024955,-14.5341716298419,-0,-0
35.24,12.9075289991773,-0.240897205987743,-14.4437750084865,-0,-0
35.26,13.0088676265732,-0.403917380229308,-14.3505867710441,-0,-0
35.28,13.1081565164795,-0.566548942312272,-14.2546285987268,-0,-0
35.3,13.2053777486073,-0.728781411564088,-14.1559207978332,-0,-0
35.32,13.3005122521091,-0.890604279967023,-14.0544824085453,-0,-0
35.34,13.3935432401644,-1.05200772417509,-13.9503357840084,-0,-0
35.36,13.4844554741337,-1.21298245437637,-13.843505439023,-0,-0
35.38,13.573227102329,-1.37351795294455,-13.7340077279094,-0,-0
35.4,13.6598427323275,-1.53360521321376,-13.6218675208171,-0,-0
35.42,13.7442865833348,-1.69323529517958,-13.5071093040234,-0,-0
35.44,13.8265409256358,-1.85239899697274,-13.3897554994326,-0,-0
35.46,13.9065956062842,-2.01108887835552,-13.2698375714727,-0,-0
35.48,13.9844283629702,-2.16929498650485,-13.1473730654841,-0,-0
35.5,14.0600267596201,-2.32700958228249,-13.022391127437,-0,-0
35.52,14.133374304845,-2.48422412791217,-12.8949164743771,-0,-0
35.54,14.2044641946553,-2.64093235710344,-12.764984616853,-0,-0
35.56,14.2732738380996,-2.79712447757828,-12.6326138653626,-0,-0
35.58,14.3397928655368,-2.95279351877778,-12.4978361671422,-0,-0
35.6,14.4040107363384,-3.10793250691535,-12.3606830737578,-0,-0
35.62,14.4659116450351,-3.26253327351987,-12.2211808652289,-0,-0
35.64,14.5254838821779,-3.41658859862502,-12.0793602109572,-0,-0
35.66,14.5827158961697,-3.57009129292624,-11.9352519827313,-0,-0
35.68,14.6376001593745,-3.72303510304303,-11.7888909675699,-0,-0
35.7,14.6901198263727,-3.8754115197161,-11.6403031286833,-0,-0
35.72,14.7402653558613,-4.02721372378452,-11.4895215266919,-0,-0
35.74,14.7880341490843,-4.1784365142553,-11.3365855082765,-0,-0
35.76,14.8334078648464,-4.32907081895617,-11.1815201051751,-0,-0
35.78,14.8763799451327,-4.47911028815158,-11.0243612383853,-0,-0
35.8,14.9169459730685,-4.62854906498601,-10.8651463932207,-0,-0
35.82,14.9550924456673,-4.7773788876699,-10.7039053951885,-0,-0
35.84,14.9908117881295,-4.92559285558992,-10.5406732019476,-0,-0
35.86,15.0241036478785,-5.07318572426308,-10.3754905524035,-0,-0
35.88,15.0549539901981,-5.22014868053204,-10.2083871025643,-0,-0
35.9,15.0833590027786,-5.36647528498962,-10.0394007991169,-0,-0
35.92,15.1093147773834,-5.51215893277173,-9.86856933443031,-0,-0
35.94,15.132813028902,-5.65719168725531,-9.69592711993818,-0,-0
35.96,15.1538486654754,-5.80156621151207,-9.52151102730507,-0,-0
35.98,15.1724229159093,-5.94527664341755,-9.34536229562676,-0,-0
36,15.1885278925847,-6.08831448990849,-9.16751564109417,-0,-0
36.02,15.2021602956279,-6.23067221670678,-8.98800904749319,-0,-0
36.04,15.2133178490726,-6.37234230053229,-8.80688114032831,-0,-0
36.06,15.2219973830595,-6.51331673611511,-8.62416991182669,-0,-0
36.08,15.2281966751799,-6.65358745016956,-8.43991397337903,-0,-0
36.1,15.2319185338821,-6.79314757436324,-8.25415488093247,-0,-0
36.12,15.2331612489113,-6.93198860132153,-8.06693131915203,-0,-0
36.14,15.2319204248378,-7.0701009690917,-7.87828045631097,-0,-0
36.16,15.2281985626623,-7.20747678805078,-7.68824343784192,-0,-0
36.18,15.2219973328487,-7.34410757743206,-7.49686078427359,-0,-0
36.2,15.2133155034404,-7.47998370613444,-7.30417140482446,-0,-0
36.22,15.2021574848527,-7.61509677262131,-7.11021712976158,-0,-0
36.24,15.1885280820817,-7.7494382510433,-6.91503973884691,-0,-0
36.26,15.1724233058395,-7.88299655468554,-6.71867670279247,-0,-0
36.28,15.1538494838974,-8.0157628333225,-6.5211704950639,-0,-0
36.3,15.1328127700154,-8.14772787509032,-6.3225632511773,-0,-0
36.32,15.109314759487,-8.2788805536804,-6.12289499245999,-0,-0
36.34,15.0833595686268,-8.40921018268532,-5.92220684890702,-0,-0
36.36,15.0549533096304,-8.53870634387004,-5.72054068872731,-0,-0
36.38,15.0241005398695,-8.66735769325358,-5.51793768728951,-0,-0
36.4,14.9908139961838,-8.79515521592464,-5.31444189568213,-0,-0
36.42,14.9550908168095,-8.9220840728975,-5.11009164801305,-0,-0
36.44,14.9169450619734,-9.04813496767939,-4.90493121367395,-0,-0
36.46,14.8763802429074,-9.17329439558138,-4.69900116226002,-0,-0
36.48,14.8334052074809,-9.29755024169033,-4.49234377809421,-0,-0
36.5,14.7880329200379,-9.42089161237575,-4.28500233169198,-0,-0
36.52,14.7402670161397,-9.54330362912017,-4.07701738360518,-0,-0
36.54,14.6901158670616,-9.66477256266827,-3.86843088248282,-0,-0
36.56,14.6375981442516,-9.78528845164511,-3.65928703650608,-0,-0
36.58,14.5827136575751,-9.90483341242822,-3.44962560191184,-0,-0
36.6,14.5254830204295,-10.0233973583505,-3.23949079815932,-0,-0
36.62,14.4659100377957,-10.1409628851861,-3.02892329778453,-0,-0
36.64,14.4040063947753,-10.2575153556519,-2.81796539931248,-0,-0
36.66,14.3397922620517,-10.3730433294071,-2.60666043888141,-0,-0
36.68,14.2732717785501,-10.4875280117277,-2.39504929814084,-0,-0
36.7,14.2044604085707,-10.6009549579711,-2.18317445325825,-0,-0
36.72,14.1333753113593,-10.7133101904135,-1.97107827591697,-0,-0
36.74,14.060022891072,-10.8245741745531,-1.7588021265222,-0,-0
36.76,13.9844262459866,-10.9347348433753,-1.54638853629912,-0,-0
36.78,13.9065928826401,-11.0437722074764,-1.33387895049765,-0,-0
36.8,13.8265390191419,-11.1516699078732,-1.12131528310914,-0,-0
36.82,13.7442852447778,-11.2584134975715,-0.908739222215698,-0,-0
36.84,13.6598409396682,-11.3639822936564,-0.696192364179742,-0,-0
36.86,13.57322499482,-11.4683600425907,-0.483716197377298,-0,-0
36.88,13.4844528162484,-11.5715282654988,-0.271352186582796,-0,-0
36.9,13.3935420674502,-11.6734691167038,-0.0591415444014702,-0,-0
36.92,13.3005113461602,-11.7741650679455,0.152874725238128,-0,-0
36.94,13.2053756333956,-11.8735959265818,0.364655364119912,-0,-0
36.96,13.1081542807962,-11.9717437065236,0.576159645002403,-0,-0
36.98,13.0088645211465,-12.0685886163155,0.787346713915244,-0,-0
37,12.9075247929925,-12.1641112747122,0.998175929267806,-0,-0
37.02,12.8041571445457,-12.2582942070679,1.20860756073213,-0,-0
37.04,12.6987767328243,-12.351115021759,1.41860058110573,-0,-0
37.06,12.591404150088,-12.4425545574618,1.62811512019924,-0,-0
37.08,12.4820591399818,-12.5325926263906,1.83711130139582,-0,-0
37.1,12.3707616361941,-12.6212088379254,2.04554939823,-0,-0
37.12,12.2575335785275,-12.7083839235474,2.25339046742747,-0,-0
37.14,12.1423935811955,-12.7940958063523,2.46059462138149,-0,-0
37.16,12.0253604148911,-12.8783220445215,2.66712195092588,-0,-0
37.18,11.9064624245703,-12.9610474467994,2.87293642404312,-0,-0
37.2,11.7857128738881,-13.0422445877754,3.0779961942063,-0,-0
37.22,11.6631396630397,-13.1218974084504,3.28226562263511,-0,-0
37.24,11.5387596454343,-13.1999805208862,3.48570434759406,-0,-0
37.26,11.4125956667123,-13.276473212256,3.68827470176657,-0,-0
37.28,11.2846749179143,-13.3513585237124,3.88994167786525,-0,-0
37.3,11.1550136758644,-13.424609342302,4.09066464112651,-0,-0
37.32,11.0236365130244,-13.4962058229551,4.29040741315584,-0,-0
37.34,10.8905699929212,-13.5661300445058,4.48913547077186,-0,-0
37.36,10.7558318112892,-13.6343551079745,4.68680896845521,-0,-0
37.38,10.619448671051,-13.7008629108016,4.88339382714961,-0,-0
37.4,10.4814423433884,-13.7656301149589,5.0788529953067,-0,-0
37.42,10.3418368351161,-13.828635557001,5.27315105380667,-0,-0
37.44,10.2006552142757,-13.8898568313655,5.46625209904799,-0,-0
37.46,10.0579254019704,-13.9492770787239,5.65812434919171,-0,-0
37.48,9.91366647576971,-14.0068690635064,5.84872901782022,-0,-0
37.5,9.76790586904066,-14.0626152291514,6.03803441898147,-0,-0
37.52,9.62066624135756,-14.1164921870229,6.22600501824309,-0,-0
37.54,9.47197251002372,-14.168479228168,6.41260744843042,-0,-0
37.56,9.32184875113995,-14.2185544872537,6.59780773113411,-0,-0
37.58,9.1703237174514,-14.2667025231346,6.78157706327034,-0,-0
37.6,9.01741746521975,-14.3128959247844,6.96387777666221,-0,-0
37.62,8.86152242276657,-14.3545216498375,7.14315189161288,-0,-0
37.64,8.69489417886112,-14.3788601068506,7.3117341029387,-0,-0
37.66,8.51240241354855,-14.3764200549399,7.46346060542645,-0,-0
37.68,8.31344138468982,-14.3444147538172,7.59591936730281,-0,-0
37.7,8.09887093026584,-14.282310166588,7.70801726400051,-0,-0
37.72,7.86980617298467,-14.1899669194558,7.79891291796992,-0,-0
37.74,7.62752999345015,-14.0675885757676,7.86802492602517,-0,-0
37.76,7.37338505372772,-13.9155681852978,7.91494347558884,-0,-0
37.78,7.10870707512531,-13.7343376282807,7.93931829787243,-0,-0
37.8,6.83489116612538,-13.5245569513931,7.9410024092896,-0,-0
37.82,6.55334756521313,-13.2870295510652,7.91999094123778,-0,-0
37.84,6.2654997043374,-13.0227284656227,7.87644412176514,-0,-0
37.86,5.97275537398628,-12.7326924701469,7.81059918099609,-0,-0
37.88,5.67653077227234,-12.4181647540223,7.72288836950568,-0,-0
37.9,5.37822153072947,-12.0804720194511,7.61383386912473,-0,-0
37.92,5.07920435181639,-11.7211764971337,7.48419074877805,-0,-0
37.94,4.7808191724679,-11.3417976530262,7.33468505803709,-0,-0
37.96,4.48437251728358,-10.9440580095272,7.16624632452318,-0,-0
37.98,4.19112363628062,-10.5297662311729,6.97989869536898,-0,-0
38,3.90228368239892,-10.100800728133,6.77674405324378,-0,-0
38.02,3.6189998601004,-9.65913364621459,6.55799247499279,-0,-0
38.04,3.34234914232319,-9.20680127408103,6.32493446324437,-0,-0
38.06,3.07336385427353,-8.74585820814867,6.07888119630866,-0,-0
38.08,2.81297898513944,-8.27843297504833,5.82124887876922,-0,-0
38.1,2.56205690823595,-7.80667039212201,5.55348836835213,-0,-0
38.12,2.32138219583518,-7.33272949565601,5.2770871460141,-0,-0
38.14,2.09161563447369,-6.85876976212859,4.99358696384801,-0,-0
38.16,1.87338864276443,-6.38693945560368,4.70451513131923,-0,-0
38.18,1.66719765251137,-5.91936466212433,4.41144405773735,-0,-0
38.2,1.4734513342744,-5.45813459106777,4.11595135003091,-0,-0
38.22,1.29246488542018,-5.0052928551373,3.81961942891225,-0,-0
38.24,1.12442236291742,-4.56279516160709,3.52402680989583,-0,-0
38.26,0.969474934428936,-4.13258047899987,3.23075271422541,-0,-0
38.28,0.827621187287464,-3.71646185535487,2.94136281923725,-0,-0
38.3,0.698781764198325,-3.31617891494303,2.65741279847755,-0,-0
38.32,0.582767920232727,-2.93335300351449,2.38043489766974,-0,-0
38.34,0.479290976098279,-2.56948258352043,2.11193293258154,-0,-0
38.36,0.388013450900488,-2.22601834200738,1.85341991428964,-0,-0
38.38,0.308457043250233,-1.90420321353617,1.60634194546724,-0,-0
38.4,0.240088269001597,-1.60520178469159,1.37213973846166,-0,-0
38.42,0.18226852321082,-1.32999098497496,1.15218798796832,-0,-0
38.44,0.134295793427195,-1.07943077701978,0.947832163842503,-0,-0
38.46,0.0954176748892138,-0.854298843616329,0.760412915453984,-0,-0
38.48,0.0647810189329214,-0.655133409612889,0.591157556860608,-0,-0
38.5,0.0414948452911539,-0.482390094763786,0.441278578516512,-0,-0
38.52,0.0246056990821115,-0.33634602292304,0.311900266869717,-0,-0
38.54,0.0131125113817946,-0.217115131634537,0.204058080641363,-0,-0
38.56,0.00599354026288056,-0.124768822087422,0.118789962963309,-0,-0
38.58,0.00217892531494523,-0.059158414918311,0.0569820374479619,-0,-0
38.6,0.00057999716542152,-0.0200270793356487,0.0194473129019254,-0,-0
38.62,0.000119945024679812,-0.00462191085435044,0.00450197694293773,-0.0020954426401816,-0
38.64,2.17225617804647e-05,-0.000880061682373649,0.00085833950144846,-0.0163695612493702,-0
38.66,3.69205084545441e-06,-0.000153880837127319,0.000150188797741076,-0.0502825539936199,-0
38.68,6.01852704837078e-07,-2.55485604450546e-05,2.49467082399757e-05,-0.10584001899567,-0
38.7,9.52363203738303e-08,-4.0949992097748e-06,3.99976304206759e-06,-0.183403037881712,-0
38.72,1.47673777628038e-08,-6.41014848356412e-07,6.26247726512303e-07,-0.282981842791972,-0
38.74,2.2566342192651e-09,-9.86667458843485e-08,9.64103289286145e-08,-0.404489166404422,-0
38.76,3.38333422456962e-10,-1.48750432598977e-08,1.45369329381995e-08,-0.547765211337892,-0
38.78,5.04289372219195e-11,-2.22619221751863e-09,2.17605057708228e-09,-0.712727533903521,-0
38.8,7.55310314719942e-12,-3.3042459395308e-10,3.23007163021052e-10,-0.899196025991057,-0
38.82,1.18192229853131e-12,-4.86987447796147e-11,4.76953482242364e-11,-1.1069801932321,-0
38.84,2.67166593242935e-13,-7.1777442037378e-12,7.11372405440362e-12,-1.33589219036678,-0
38.86,8.28365788614033e-14,-1.06951931583185e-12,1.12069250502197e-12,-1.58566341570519,-0
38.88,1.44430647077518e-13,-1.94951269704176e-13,2.97097271787767e-13,-1.85606947083695,-0
38.9,1.14499968532687e-13,-1.14499968532687e-13,1.52666624710249e-13,-2.14686755219674,-0
38.92,1.48754336082766e-13,-7.24210237276421e-14,2.28999937065373e-13,-2.45774708030321,-0
38.94,1.14499968532687e-13,-3.81666561775622e-14,2.28302105323882e-13,-2.78840358007355,-0
38.96,1.3355570615525e-13,-9.54442309101237e-14,2.28999937065373e-13,-3.13854261035455,-0
38.98,1.15144301782358e-13,-3.94553226769053e-14,2.2771127056603e-13,-3.50773583177727,-0
39,1.14499968532687e-13,-6.54477348872635e-14,1.7994770341995e-13,-3.89570193310011,-0
39.02,1.14499968532687e-13,-3.81666561775622e-14,1.52666624710249e-13,-4.30202836405829,-0
39.04,1.30054219084363e-13,-8.33914674293343e-14,1.83775125813601e-13,-4.72631146924935,-0
39.06,8.27192432473498e-14,-1.08114037640461e-13,1.654384864947e-13,-5.16814101208454,-0
39.08,8.87937210570018e-14,-8.95791511289318e-14,2.04079119661618e-13,-5.62707580461551,-0
39.1,1.14499968532687e-13,-7.43890144197492e-14,1.92777578823186e-13,-6.10263736130055,-0
39.12,1.07443155853442e-13,-3.81666561775622e-14,1.52666624710249e-13,-6.594397174147,-0
39.14,1.45591560812477e-13,-4.52417200753336e-14,1.52666624710249e-13,-7.1018576333008,-0
39.16,1.0358962387754e-13,-5.99873454878548e-14,2.28999937065373e-13,-7.62451312350816,-0
39.18,1.27607055404819e-13,-8.94403992272566e-14,2.28999937065373e-13,-8.16186020581652,-0
39.2,8.21008216923995e-14,-1.14499968532687e-13,1.52666624710249e-13,-8.71333644255187,-0
39.22,1.50317556719514e-13,-7.86823803458595e-14,2.24301801083903e-13,-9.27841760616322,-0
39.24,1.45150547925104e-13,-7.63333123551244e-14,1.52666624710249e-13,-9.85655890285323,-0
39.26,8.6419853442101e-14,-1.0441342744571e-13,2.28999937065373e-13,-10.4471742684618,-0
39.28,7.71803415997448e-14,-3.81666561775622e-14,2.28152907820753e-13,-11.0496832632983,-0
39.3,1.34219975485863e-13,-7.50599546263339e-14,1.8955992315902e-13,-11.6635085186048,-0
39.32,7.63333123551244e-14,-3.81666561775622e-14,2.24469617550963e-13,-12.2879990516449,-0
39.34,9.15879056982514e-14,-1.14499968532687e-13,1.98490750379119e-13,-12.9225833235295,-0
39.36,1.14499968532687e-13,-3.81666561775622e-14,1.92354646567893e-13,-13.5666197482751,-0
39.38,1.52666624710249e-13,-1.14499968532687e-13,2.28999937065373e-13,-14.2194711233561,-0
39.4,1.14499968532687e-13,-3.81666561775622e-14,2.28999937065373e-13,-14.8804970096344,-0
39.42,8.81817870487027e-14,-1.14499968532687e-13,1.76363574097405e-13,-15.5490413708357,-0
39.44,1.14499968532687e-13,-9.46743061564041e-14,1.89348612312808e-13,-16.2244365091255,-0
39.46,1.42042053981939e-13,-1.09187683168532e-13,1.63291195438558e-13,-16.90603134416,-0
39.48,1.08636692865099e-13,-3.81666561775622e-14,1.64393176045424e-13,-17.5931480806366,-0
39.5,8.61909574556222e-14,-9.47846783316911e-14,2.28999937065373e-13,-18.2851069051155,-0
39.52,1.14499968532687e-13,-9.00307901077946e-14,2.28999937065373e-13,-18.981228044091,-0
39.54,8.14703991379343e-14,-7.11962255723145e-14,2.18725763499753e-13,-19.680816070191,-0
39.56,1.14499968532687e-13,-3.81666561775622e-14,2.27820128346528e-13,-20.3831871920515,-0
39.58,9.37964458475e-14,-4.689822292375e-14,2.11536803572998e-13,-21.0876495261671,-0
39.6,8.24651231195416e-14,-5.04302777063966e-14,2.16736315536539e-13,-21.7935050745989,-0
39.62,7.63333123551244e-14,-3.81666561775622e-14,2.26957598079889e-13,-22.5000579093445,-0
39.64,1.52666624710249e-13,-1.14499968532687e-13,1.52666624710249e-13,-23.2066099327547,-0
39.66,1.18297423386837e-13,-4.57615658858622e-14,2.21405027357073e-13,-23.9124663418126,-0
39.68,1.35840141574112e-13,-9.31597954912614e-14,1.52666624710249e-13,-24.6169277974496,-0
39.7,1.14499968532687e-13,-7.25277114038344e-14,1.52666624710249e-13,-25.3192996700686,-0
39.72,9.67759618679799e-14,-3.81666561775622e-14,1.88114638039662e-13,-26.0188892975492,-0
39.74,1.06830101418767e-13,-8.40031794690438e-14,2.28999937065373e-13,-26.7150045539376,-0
39.76,1.25649116793377e-13,-3.81666561775622e-14,1.52666624710249e-13,-27.4069606781567,-0
39.78,1.14499968532687e-13,-7.12623594424225e-14,2.28999937065373e-13,-28.0940804471515,-0
39.8,1.18029739592027e-13,-7.98630834144653e-14,2.28999937065373e-13,-28.7756754788254,-0
39.82,1.14499968532687e-13,-4.28350400449075e-14,2.19663169330683e-13,-29.4510755735638,-0
39.84,1.23170982227187e-13,-1.14499968532687e-13,1.52666624710249e-13,-30.1196158934516,-0
39.86,1.00143968200745e-13,-3.81666561775622e-14,1.81378625374133e-13,-30.7806293683547,-0
39.88,1.14499968532687e-13,-3.81666561775622e-14,1.52666624710249e-13,-31.4334846126308,-0
39.9,7.73770206817118e-14,-4.02540728307369e-14,2.26912520412198e-13,-32.0775227152905,-0
39.92,1.14499968532687e-13,-9.47269185622301e-14,2.28999937065373e-13,-32.7121017048291,-0
39.94,1.45460431549579e-13,-8.35395055157943e-14,1.52666624710249e-13,-33.3366055835257,-0
39.96,7.63333123551244e-14,-3.81666561775622e-14,2.28999937065373e-13,-33.9504146267211,-0
39.98,9.73104180833879e-14,-3.81666561775622e-14,2.28999937065373e-13,-34.5529092255485,-0
40,1.08871901551226e-13,-1.14499968532687e-13,1.52666624710249e-13,-35.1435382634124,-0
40.02,9.58112409426456e-14,-1.14499968532687e-13,1.90044079890331e-13,-35.7216741311391,-0
40.04,1.36778932695555e-13,-6.04456203404306e-14,1.84442008739636e-13,-36.2867595270082,-0
40.06,1.14499968532687e-13,-3.81666561775622e-14,1.90391538892968e-13,-36.8382399850026,-0
40.08,1.22816581302901e-13,-4.64832689477766e-14,1.69299850250678e-13,-37.3755645734075,-0
40.1,1.42111028293295e-13,-5.92778490114701e-14,1.52666624710249e-13,-37.898214282801,-0
40.12,1.14499968532687e-13,-8.46624284228384e-14,1.52666624710249e-13,-38.4056842509393,-0
40.14,1.12527817308344e-13,-1.14499968532687e-13,1.56610927158934e-13,-38.8974445696333,-0
40.16,1.45475689065205e-13,-1.07309032887643e-13,1.52666624710249e-13,-39.3730184449672,-0
40.18,1.37407160939925e-13,-9.92405047623631e-14,1.67926088480572e-13,-39.8319409212295,-0
40.2,1.37702700402217e-13,-3.81666561775622e-14,1.82594473326311e-13,-40.2737430203351,-0
40.22,8.02033598566377e-14,-4.20367036790755e-14,1.52666624710249e-13,-40.6980366589208,-0
40.24,1.49839293646905e-13,-1.14499968532687e-13,1.58321286836937e-13,-41.1043645721699,-0
40.26,7.63333123551244e-14,-6.51717077993716e-14,2.28999937065373e-13,-41.4923203654385,-0
40.28,1.14499968532687e-13,-1.06016803835567e-13,2.12033607671134e-13,-41.8615384079693,-0
40.3,1.47856911112349e-13,-7.39284555561745e-14,1.57476338308149e-13,-42.2116465914574,-0
40.32,1.14499968532687e-13,-1.14499968532687e-13,1.85505266658053e-13,-42.5422814534753,-0
40.34,1.14499968532687e-13,-6.86576053882419e-14,1.68018038644014e-13,-42.8531827634178,-0
40.36,1.31940495389694e-13,-7.96189148186724e-14,1.94118883351359e-13,-43.1439733343767,-0
40.38,1.52666624710249e-13,-3.81666561775622e-14,1.52666624710249e-13,-43.4143869659683,-0
40.4,1.32403451356427e-13,-9.65964857089463e-14,1.52666624710249e-13,-43.6641623243883,-0
40.42,8.53989488511653e-14,-3.81666561775622e-14,2.10868664073291e-13,-43.8930416658776,-0
40.44,1.0471064645794e-13,-5.77453003270559e-14,2.28999937065373e-13,-44.1008208544587,-0
40.46,1.27368717146067e-13,-6.34645637417442e-14,1.78404121937009e-13,-44.2873019802839,-0
40.48,1.14341318474485e-13,-3.81666561775622e-14,1.52983924826651e-13,-44.4522645331303,-0
40.5,1.52666624710249e-13,-4.22430412523786e-14,2.24923551990557e-13,-44.5955577269166,-0
40.52,1.14499968532687e-13,-7.01101247514034e-14,1.65112999917691e-13,-44.7170449126963,-0
40.54,9.87219312786596e-14,-6.05552751010974e-14,2.28999937065373e-13,-44.8165851176394,-0
40.56,1.17571997432377e-13,-4.4310713976943e-14,1.52666624710249e-13,-44.8941466323898,-0
40.58,1.19334692984117e-13,-4.78361050804229e-14,2.19330488162512e-13,-44.9495939055724,-0
40.6,7.63333123551244e-14,-8.95168225757424e-14,2.28999937065373e-13,-44.9828749854636,-0
40.62,8.60253185086606e-14,-7.63333123551244e-14,2.28999937065373e-13,-44.9960548890892,-0
40.64,1.14499968532687e-13,-1.14499968532687e-13,2.28999937065373e-13,-44.9992457046714,-0
40.66,1.14499968532687e-13,-6.98349139078864e-14,1.97331679335049e-13,-44.999867668266,-0
40.68,1.52666624710249e-13,-9.6116603460217e-14,1.52666624710249e-13,-44.9999781334022,-0
40.7,9.23106719438016e-14,-1.14499968532687e-13,1.97045217888019e-13,-44.9999964787396,-0
40.72,1.14499968532687e-13,-3.81666561775622e-14,1.52666624710249e-13,-44.9979165958566,-0
40.74,1.14499968532687e-13,-1.14499968532687e-13,2.28999937065373e-13,-44.9836221835848,-0
40.76,7.63333123551244e-14,-5.7517098612975e-14,1.52666624710249e-13,-44.9496972789426,-0
40.78,8.54903815662767e-14,-3.81666561775622e-14,1.70980763132553e-13,-44.8941453993416,-0
40.8,8.75213662977405e-14,-7.63333123551244e-14,1.75042732595481e-13,-44.8166024176787,-0
40.82,1.13189629846347e-13,-7.50229736687845e-14,1.52666624710249e-13,-44.7170321719962,-0
40.84,1.14499968532687e-13,-7.71795731747872e-14,2.27307415426048e-13,-44.5955372017478,-0
40.86,8.14472340907509e-14,-7.12193906194979e-14,2.1877209359412e-13,-44.4522346172906,-0
40.88,9.80776241077956e-14,-8.16552796829045e-14,2.28999937065373e-13,-44.2872457044203,-0
40.9,1.12095117230896e-13,-4.2976358781143e-14,1.5747632731383e-13,-44.1008031361689,-0
40.92,1.14499968532687e-13,-1.01262023009363e-13,1.65904570233573e-13,-43.8930250394666,-0
40.94,7.63333123551244e-14,-8.68971148489884e-14,1.80269478393947e-13,-43.6641264977933,-0
40.96,1.14499968532687e-13,-3.81666561775622e-14,1.74535941722451e-13,-43.4143464719445,-0
40.98,1.14499968532687e-13,-7.25522250107423e-14,1.52666624710249e-13,-43.1439217987869,-0
41,1.14499968532687e-13,-6.83114487956407e-14,1.82811417328327e-13,-42.8531095391666,-0
41.02,7.63333123551244e-14,-6.05841221978049e-14,2.06582471045131e-13,-42.5422527266803,-0
41.04,1.14499968532687e-13,-1.14499968532687e-13,1.52666624710249e-13,-42.2115932241806,-0
41.06,1.14499968532687e-13,-6.43499728756755e-14,1.52666624710249e-13,-41.8614771550326,-0
41.08,1.14499968532687e-13,-3.81666561775622e-14,1.83709725631795e-13,-41.4922554116795,-0
41.1,8.67802093269545e-14,-5.90604501212223e-14,1.73560418653909e-13,-41.1042801644935,-0
41.12,1.14499968532687e-13,-3.81666561775622e-14,2.12198833025066e-13,-40.6979613404979,-0
41.14,7.63333123551244e-14,-4.73899118278745e-14,1.52666624710249e-13,-40.2736946282441,-0
41.16,1.50021767772401e-13,-1.09210254656991e-13,1.52666624710249e-13,-39.8318710450207,-0
41.18,1.14952652618889e-13,-3.86193402637649e-14,1.53571992882654e-13,-39.37294407543,-0
41.2,1.14499968532687e-13,-4.58387802027027e-14,2.28999937065373e-13,-38.8973632550541,-0
41.22,1.35558315136643e-13,-9.34416219287306e-14,2.28999937065373e-13,-38.405582544119,-0
41.24,7.63333123551244e-14,-1.10972768825848e-13,2.28999937065373e-13,-37.8981425029579,-0
41.26,1.14499968532687e-13,-9.7820318174582e-14,1.69346275068353e-13,-37.3754899043604,-0
41.28,1.37693872383495e-13,-1.14499968532687e-13,1.82612129363757e-13,-36.8381531119939,-0
41.3,1.28535884987547e-13,-6.22973959002641e-14,1.52666624710249e-13,-36.286669323104,-0
41.32,8.07254677521373e-14,-3.81666561775622e-14,2.20215626271347e-13,-35.7215760603427,-0
41.34,9.08141560992263e-14,-6.7128343665766e-14,1.81628312198453e-13,-35.143427595187,-0
41.36,1.14499968532687e-13,-3.81666561775622e-14,2.28999937065373e-13,-34.5528258370126,-0
41.38,1.14499968532687e-13,-1.14499968532687e-13,1.52666624710249e-13,-33.9503154282788,-0
41.4,1.14499968532687e-13,-7.63333123551244e-14,2.28999937065373e-13,-33.3365028119744,-0
41.42,1.14499968532687e-13,-5.26776587498398e-14,2.28999937065373e-13,-32.7119969369299,-0
41.44,1.14499968532687e-13,-6.02121687595761e-14,1.52666624710249e-13,-32.0774072773939,-0
41.46,1.06654535407232e-13,-9.88091022817777e-14,2.28999937065373e-13,-31.4333758120736,-0
41.48,1.14499968532687e-13,-1.06745634638572e-13,2.13491269277144e-13,-30.7805322216181,-0
41.5,1.10800744425572e-13,-4.55651043917909e-14,2.28999937065373e-13,-30.1195086207044,-0
41.52,1.13056930686731e-13,-3.9609694023518e-14,1.5555270040216e-13,-29.4509663335376,-0
41.54,1.4700206724113e-13,-7.9165591089684e-14,2.28999937065373e-13,-28.7755638749538,-0
41.56,1.14499968532687e-13,-7.3584246314443e-14,2.28999937065373e-13,-28.0939613405845,-0
41.58,1.50378482623755e-13,-3.81666561775622e-14,1.54954766796742e-13,-27.406852275721,-0
41.6,1.42697253588875e-13,-9.4561226289939e-14,2.09061194822626e-13,-26.7148939020034,-0
41.62,1.14499968532687e-13,-8.22549069730895e-14,1.52666624710249e-13,-26.0187753620514,-0
41.64,1.14499968532687e-13,-3.81666561775622e-14,1.78805801439553e-13,-25.3191849403388,-0
41.66,8.13168744788231e-14,-7.13497502314257e-14,2.28999937065373e-13,-24.6168116352976,-0
41.68,1.00634774933018e-13,-6.58970433768986e-14,1.80397011909585e-13,-23.9123490092225,-0
41.7,1.14499968532687e-13,-8.56113223783995e-14,2.00111290911086e-13,-23.2064949461595,-0
41.72,1.25189672478386e-13,-4.88563601232612e-14,1.52666624710249e-13,-22.4999420754409,-0
41.74,1.14499968532687e-13,-3.81666561775622e-14,1.52666624710249e-13,-21.7933893635128,-0
41.76,1.14499968532687e-13,-6.51086993827525e-14,2.02057893860183e-13,-21.087534096431,-0
41.78,7.63333123551244e-14,-9.12675006935054e-14,1.7589909254943e-13,-20.3830742909917,-0
41.8,9.0817735975074e-14,-8.35755241650992e-14,2.14515513445424e-13,-19.6807015045997,-0
41.82,8.2436803043276e-14,-3.81666561775622e-14,1.52666624710249e-13,-18.9811091598085,-0
41.84,8.12005448801397e-14,-4.30338887025775e-14,2.19265472015343e-13,-18.2849922883707,-0
41.86,1.11914854294103e-13,-4.07517704161458e-14,1.52666624710249e-13,-17.5930344840045,-0
41.88,1.14499968532687e-13,-1.14499968532687e-13,1.52666624710249e-13,-16.9059190712755,-0
41.9,1.52666624710249e-13,-3.81666561775622e-14,1.92323273005809e-13,-16.2243327816671,-0
41.92,7.68335619107203e-14,-3.9167155288754e-14,2.27999437954181e-13,-15.5489234116987,-0
41.94,8.79673667261198e-14,-6.4699257984129e-14,2.28999937065373e-13,-14.8803828526239,-0
41.96,9.71789938898135e-14,-7.98580192469405e-14,1.94357987779627e-13,-14.2193625151254,-0
41.98,1.38451934877501e-13,-6.21186225223767e-14,2.00570557399878e-13,-13.5665131322984,-0
42,1.20145658030411e-13,-7.06876228574e-14,2.28999937065373e-13,-12.9224832746103,-0
42.02,1.27680874492243e-13,-6.45284680966742e-14,2.02638125146261e-13,-12.2879081234267,-0
42.04,1.36363729407879e-13,-8.18941779279477e-14,1.52666624710249e-13,-11.6633940616294,-0
42.06,1.43855735019002e-13,-3.81666561775622e-14,1.52666624710249e-13,-11.0495844650777,-0
42.08,1.22834484613691e-13,-5.48356883395717e-14,2.12330904903364e-13,-10.4470776470869,-0
42.1,1.14499968532687e-13,-3.81666561775622e-14,1.52666624710249e-13,-9.85646481292381,-0
42.12,1.26837194556236e-13,-8.98255164855871e-14,1.77341076757348e-13,-9.27833950721985,-0
42.14,1.14499968532687e-13,-4.47006909731499e-14,2.28999937065373e-13,-8.71324562734555,-0
42.16,8.50780514791106e-14,-4.69113953015484e-14,2.28999937065373e-13,-8.16175340057675,-0
42.18,1.46617454700027e-13,-1.08450798522465e-13,2.1690159704493e-13,-7.62442389585633,-0
42.2,7.9918598040065e-14,-1.07329397162805e-13,1.5983719608013e-13,-7.10177158375912,-0
42.22,1.15283438731031e-13,-7.55498421567797e-14,1.52666624710249e-13,-6.59431406829957,-0
42.24,9.52068244301387e-14,-1.14499968532687e-13,1.90413648860277e-13,-6.10257753667675,-0
42.26,1.14499968532687e-13,-1.14499968532687e-13,2.28999937065373e-13,-5.6269783803173,-0
42.28,1.14499968532687e-13,-8.85327370757995e-14,2.28999937065373e-13,-5.16805663735578,-0
42.3,9.62348398309652e-14,-7.79697111292438e-14,1.89196882113692e-13,-4.72623955745127,-0
42.32,1.14499968532687e-13,-1.14499968532687e-13,2.28999937065373e-13,-4.30196072018459,-0
42.34,1.46507551697621e-13,-1.14499968532687e-13,1.52666624710249e-13,-3.89564758849355,-0
42.36,1.14499968532687e-13,-6.36269679540754e-14,2.28999937065373e-13,-3.50769721467619,-0
42.38,1.14499968532687e-13,-5.88455190010558e-14,1.87642211418386e-13,-3.13846068497361,-0
42.4,8.39515952621e-14,-3.81666561775622e-14,2.13763371251422e-13,-2.78834981963298,-0
42.42,1.06990721931723e-13,-1.14499968532687e-13,2.28999937065373e-13,-2.45769656164424,-0
42.44,1.03186577346637e-13,-3.81666561775622e-14,2.28999937065373e-13,-2.14682133281804,-0
42.46,7.63333123551244e-14,-8.8768188506808e-14,2.03268157039495e-13,-1.85604847289861,-0
42.48,8.83089165296741e-14,-5.01422603521119e-14,1.64642228884799e-13,-1.58561996673591,-0
42.5,1.14499968532687e-13,-7.35656701205831e-14,2.28999937065373e-13,-1.33582788600701,-0
42.52,1.45455378976289e-13,-4.53779019115218e-14,1.52666624710249e-13,-1.1069411732865,-0
42.54,1.14499968532687e-13,-7.16332252525445e-14,2.19599762860213e-13,-0.899161313097107,-0
42.56,1.14499968532687e-13,-1.14289135168316e-13,2.28999937065373e-13,-0.712696285690707,-0
42.58,9.58620769972338e-14,-5.6804547713015e-14,2.28999937065373e-13,-0.547765995984524,-0
42.6,1.14499968532687e-13,-1.11047141006925e-13,1.5611945223601e-13,-0.404440448120331,-0
42.62,1.14499968532687e-13,-1.14499968532687e-13,1.82154989469465e-13,-0.28295322359594,-0
42.64,1.3319225634657e-13,-3.81666561775622e-14,1.91615361437606e-13,-0.183392589311818,-0
42.66,1.14499968532687e-13,-9.82163601053074e-14,1.52666624710249e-13,-0.105853058875376,-0
42.68,8.99918330586107e-14,-4.49959165293054e-14,2.15341416361887e-13,-0.0504218141771235,-0
42.7,7.63333123551244e-14,-9.04873850112516e-14,2.04987353543938e-13,-0.0171446081321681,-6.39340034879231e-08
42.72,7.63333123551244e-14,-7.56507569258389e-14,1.91515836317096e-13,-0.00394406303028962,-0.000924657546836612
42.74,1.14499968532687e-13,-4.96523177236454e-14,1.64152286256332e-13,-0.000753719848591277,-0.0072755727861598
42.76,1.14499968532687e-13,-5.07423203443783e-14,2.28999937065373e-13,-0.000131843710003372,-0.0223486925216685
42.78,1.14499968532687e-13,-8.65291078028262e-14,2.0860834616997e-13,-2.18866255874841e-05,-0.0470403825511841
42.8,7.63333123551244e-14,-8.98405071827831e-14,2.28999937065373e-13,-3.51958372082866e-06,-0.0815217706284627
42.82,1.47339496570229e-13,-1.09172840392667e-13,2.18345680785334e-13,-5.49393506084223e-07,-0.125769543457202
42.84,7.63333123551244e-14,-3.81666561775622e-14,2.28999937065373e-13,-8.41512155804783e-08,-0.179760743370856
42.86,7.63333123551244e-14,-1.14499968532687e-13,1.69262948412075e-13,-1.27524156350078e-08,-0.243451804154233
42.88,1.08738445546228e-13,-4.39281791640213e-14,1.64189670683167e-13,-1.90867575211309e-09,-0.316768492498645
42.9,1.14499968532687e-13,-3.81666561775622e-14,2.28999937065373e-13,-2.82961392156408e-10,-0.399640866456557
42.92,9.43591011058874e-14,-7.84483910311606e-14,1.92948359563847e-13,-4.18601180074694e-11,-0.492000810537817
42.94,1.17952667204699e-13,-4.50720535215873e-14,1.52666624710249e-13,-6.08874465437865e-12,-0.593719341657626
42.96,1.14499968532687e-13,-9.28234587340187e-14,1.85646917468037e-13,-8.85867656587611e-13,-0.704734041717438
42.98,7.63333123551244e-14,-7.63333123551244e-14,1.87512376944213e-13,-1.28307538251606e-13,-0.824922916220865
43,9.69794999517874e-14,-7.94590313708883e-14,1.87707561872047e-13,-1.84941209785346e-14,-0.954165524613881
43.02,8.38582724886052e-14,-3.81666561775622e-14,2.28999937065373e-13,-2.65961072228747e-15,-1.09233848653472
43.04,1.03173443806452e-13,-9.18469190802184e-14,1.75319674162717e-13,-3.81148330778313e-16,-1.23930037498629
43.06,1.14499968532687e-13,-7.2143927874044e-14,1.52666624710249e-13,-5.41600478449648e-17,-1.39489738777859
43.08,1.18408340244599e-13,-4.59833996013877e-14,1.60483368134074e-13,-7.70323031337319e-18,-1.55899430001656
43.1,1.14499968532687e-13,-4.79658105831123e-14,2.19200782659823e-13,-1.09405941851956e-18,-1.73142357691259
43.12,8.52570645166264e-14,-1.14499968532687e-13,1.70514129033253e-13,-1.55070581686665e-19,-1.91201259095597
43.14,1.14499968532687e-13,-1.00297423587456e-13,1.52666624710249e-13,-2.20086749622682e-20,-2.10059008264854
43.16,7.63333123551244e-14,-4.28455450918021e-14,1.62024402538729e-13,-3.09741163504408e-21,-2.29695020221455
43.18,7.70132855440461e-14,-7.56533391662027e-14,2.2763999068753e-13,-4.35228401137867e-22,-2.50091362877376
43.2,7.63333123551244e-14,-3.81666561775622e-14,2.28999937065373e-13,-6.12906819413007e-23,-2.71228394506941
43.22,7.63333123551244e-14,-5.20521294494212e-14,1.66552097982108e-13,-8.60751970716522e-24,-2.9308440321901
43.24,1.51181159217865e-13,-1.11529037547919e-13,2.28999937065373e-13,-1.2070361991861e-24,-3.15638068709161
43.26,1.14499968532687e-13,-3.81666561775622e-14,1.94261029049353e-13,-1.69949572705647e-25,-3.38867935371951
43.28,1.09266133225893e-13,-1.14499968532687e-13,1.52666624710249e-13,-2.36529419951234e-26,-3.62748630839795
43.3,1.14499968532687e-13,-7.80182489560353e-14,1.891483442869e-13,-3.30776053927495e-27,-3.8725908265086
43.32,1.30667219204777e-13,-3.81666561775622e-14,1.85001126054429e-13,-4.6228355093315e-28,-4.12374319968286
43.34,1.34036076149886e-13,-7.54277532982882e-14,1.91738839944647e-13,-6.45087794790149e-29,-4.38069416389918
43.36,9.26020201645552e-14,-9.82312607232559e-14,2.12731229255942e-13,-9.00835018005282e-30,-4.64319265131927
43.38,8.70778404522555e-14,-3.81666561775622e-14,1.74155680904511e-13,-1.25597270817661e-30,-4.91097566356881
43.4,9.9035400344505e-14,-3.81666561775622e-14,1.83595761086612e-13,-1.74062359737247e-31,-5.18377557164334
43.42,1.14499968532687e-13,-1.09603884935567e-13,1.52666624710249e-13,-2.41888443382019e-32,-5.46133287514527
43.44,1.14499968532687e-13,-3.81666561775622e-14,2.28999937065373e-13,-3.36254942807203e-33,-5.74337043590977
43.46,7.63333123551244e-14,-9.83966431317968e-14,1.68769950111139e-13,-4.6722458669613e-34,-6.02960862766293
43.48,9.9784826651148e-14,-1.14499968532687e-13,1.99569653302296e-13,-6.5107475608143e-35,-6.31976822479998
43.5,1.48520094340708e-13,-4.64597169166435e-14,2.28999937065373e-13,-9.00163115305837e-36,-6.61355320911591
43.52,8.01969326602503e-14,-4.20302764826881e-14,2.25136316760247e-13,-1.24482807864359e-36,-6.91068158679045
43.54,1.14499968532687e-13,-3.81666561775622e-14,1.52666624710249e-13,-1.72642443538591e-37,-7.21086100872899
43.56,1.06706478952675e-13,-9.89129893726628e-14,1.68253603870273e-13,-2.39000332996318e-38,-7.51379208532983
43.58,1.16512267500468e-13,-1.10475370597124e-13,1.48642026774686e-13,-3.30695513801386e-39,-7.81917695239608
43.6,1.35814183033783e-13,-1.14499968532687e-13,1.52666624710249e-13,-4.59585991561774e-40,-8.12671613039556
43.62,1.20956481299733e-13,-3.81666561775622e-14,1.52666624710249e-13,-6.3195166166737e-41,-8.43609957322178
43.64,9.50636939598229e-14,-7.70392053232896e-14,2.28999937065373e-13,-8.73617635758525e-42,-8.74702877547364
43.66,1.29829888216701e-13,-9.16632320391387e-14,1.98340097697345e-13,-1.20770380893179e-42,-9.05919465018359
43.68,1.14499968532687e-13,-1.14499968532687e-13,1.90105580340536e-13,-1.66798126806697e-43,-9.372288808491
43.7,1.14499968532687e-13,-8.4965076581921e-14,1.69930153163842e-13,-2.3068727793982e-44,-9.68600250913831
43.72,1.14499968532687e-13,-5.85972561883149e-14,1.73097224721002e-13,-3.1853335188993e-45,-10.0000257742548
43.74,7.63333123551244e-14,-9.04284285134567e-14,1.80856857026913e-13,-4.37552104877402e-46,-10.3140492353137
43.76,1.13372144741872e-13,-3.81666561775622e-14,1.54922272291879e-13,-6.0282793842216e-47,-10.6277628602898
43.78,1.14499968532687e-13,-3.81666561775622e-14,1.52666624710249e-13,-8.31168983424522e-48,-10.9408568030344
43.8,9.05222071751889e-14,-1.14499968532687e-13,2.28999937065373e-13,-1.14595364710247e-48,-11.2530221734314
43.82,1.22190117259885e-13,-9.15715660803063e-14,2.28999937065373e-13,-1.58534034273131e-49,-11.5639494515635
43.84,1.18140903401612e-13,-4.5448525915413e-14,2.21718067327522e-13,-2.17540347370027e-50,-11.8733361586569
43.86,1.49351403393759e-13,-7.30180910386344e-14,1.52666624710249e-13,-2.98875534774153e-51,-12.1808736393283
43.88,1.03022529822818e-13,-9.15450911129486e-14,2.28999937065373e-13,-4.1176611926318e-52,-12.4862576208004
43.9,7.63333123551244e-14,-5.574423760489e-14,2.28999937065373e-13,-5.66444345079152e-53,-12.7891886039554
43.92,1.14499968532687e-13,-7.37882498325156e-14,1.52666624710249e-13,-7.79117998740294e-54,-13.0893666051158
43.94,1.14499968532687e-13,-5.44841235082097e-14,1.96365002404078e-13,-1.07612964429979e-54,-13.3864924469387
43.96,1.14499968532687e-13,-6.84208896823305e-14,2.13175091719785e-13,-1.47148293195656e-55,-13.6802838794919
43.98,1.14499968532687e-13,-3.81666561775622e-14,1.87366709942521e-13,-2.02294280710089e-56,-13.9704392012212
44,1.00122306323283e-13,-6.69219805963695e-14,1.81421949129056e-13,-2.78177714453849e-57,-14.2566753791006
44.02,1.14499968532687e-13,-7.87327248861139e-14,1.93232693418801e-13,-3.82258596383852e-58,-14.5387110081953
44.04,1.23608005109935e-13,-5.63827293320589e-14,1.52666624710249e-13,-5.26175647688039e-59,-14.8162652708061
44.06,1.24252502814436e-13,-1.14499968532687e-13,2.09494868501875e-13,-7.22890515731015e-60,-15.0890691368282
44.08,1.14499968532687e-13,-8.91466028957604e-14,2.03373355984101e-13,-9.88525174033858e-61,-15.3568553986461
44.1,1.52504691972152e-13,-3.83285889156594e-14,1.52666624710249e-13,-1.35582108069913e-61,-15.6193511201289
44.12,1.14499968532687e-13,-1.10452213435432e-13,1.52666624710249e-13,-1.8612073619576e-62,-15.8762999236708
44.14,8.25550372287904e-14,-5.06101059248942e-14,1.52666624710249e-13,-2.55552057817046e-63,-16.1274493815835
44.16,9.20930831372517e-14,-7.63333123551244e-14,1.84186166274503e-13,-3.52182720424993e-64,-16.3725456117199
44.18,7.94149449487164e-14,-1.11418335939095e-13,2.22836671878189e-13,-4.81191660723159e-65,-16.6113657086711
44.2,1.47819290726498e-13,-1.09652634548935e-13,1.62361292677751e-13,-6.58857256099118e-66,-16.8436573636228
44.22,1.4016366596032e-13,-1.01997009782758e-13,2.03994019565516e-13,-9.04349846480438e-67,-17.0691917717844
44.24,8.60263049440552e-14,-3.81666561775622e-14,1.7205260988811e-13,-1.23964880053457e-67,-17.2877515239208
44.26,1.14499968532687e-13,-1.08364237163167e-13,1.58802356079769e-13,-1.69944619404169e-68,-17.4991178543514
44.28,9.20937349915793e-14,-3.81666561775622e-14,1.97479091792463e-13,-2.33869177220613e-69,-17.7030767573812
44.3,1.05055093048707e-13,-9.56102175647282e-14,1.71556375678207e-13,-3.18772036697882e-70,-17.8994503206999
44.32,1.30305202158376e-13,-6.97771234289408e-14,1.97389469813995e-13,-4.3679869815284e-71,-18.0880189469517
44.34,8.96742880471741e-14,-3.81666561775622e-14,2.02317985681274e-13,-5.98765294841248e-72,-18.268604131935
44.36,9.76222265935091e-14,-3.81666561775622e-14,2.28999937065373e-13,-8.20336926869559e-73,-18.4410298650478
44.38,1.04807594800146e-13,-3.81666561775622e-14,2.28999937065373e-13,-1.1260975307113e-73,-18.6051210012121
44.4,1.23675928028114e-13,-4.73426156729901e-14,2.10648018074517e-13,-1.54210280248323e-74,-18.760725986445
44.42,1.14499968532687e-13,-6.07491689796925e-14,1.75249137512379e-13,-2.10312361941816e-75,-18.907692148425
44.44,7.63333123551244e-14,-7.51572530037887e-14,1.5501874341292e-13,-2.87732995684585e-76,-19.0458601625497
44.46,1.51690828803631e-13,-7.7309108261742e-14,2.28999937065373e-13,-3.93800159699168e-77,-19.175100172614
44.48,1.47459132903768e-13,-8.15408041616057e-14,1.52666624710249e-13,-5.39324146977021e-78,-19.2952845639212
44.5,1.36334467639106e-13,-6.0001155283982e-14,2.28999937065373e-13,-7.41547821058528e-79,-19.4062860460528
44.52,1.14499968532687e-13,-7.88657056533888e-14,2.28999937065373e-13,-1.01029559888887e-79,-19.5080249890127
44.54,1.14499968532687e-13,-4.44117056189948e-14,2.16509838182508e-13,-1.38053058369228e-80,-19.6003732676315
44.56,7.63333123551244e-14,-3.81666561775622e-14,2.28999937065373e-13,-1.89042004937874e-81,-19.6832432835124
44.58,1.14499968532687e-13,-8.69819714678979e-14,2.28999937065373e-13,-2.58545204409957e-82,-19.7565593941203
44.6,1.14499968532687e-13,-3.81666561775622e-14,2.28999937065373e-13,-3.53705994866714e-83,-19.8202448724363
44.62,1.14499968532687e-13,-3.81666561775622e-14,2.28999937065373e-13,-4.85539888066658e-84,-19.8742314687299
44.64,1.14499968532687e-13,-8.7109146725193e-14,1.52666624710249e-13,-6.60452295752042e-85,-19.918493859044
44.66,1.38312457986836e-13,-8.57916350858615e-14,1.81374958157074e-13,-9.03017298198546e-86,-19.9529564623039
44.68,1.14499968532687e-13,-6.40805193625481e-14,1.52666624710249e-13,-1.23527898647902e-86,-19.9775948425798
44.7,1.14499968532687e-13,-3.81666561775622e-14,1.52666624710249e-13,-1.68905954431061e-87,-19.9923874155195
44.72,1.04221770531235e-13,-1.14499968532687e-13,1.73223020713152e-13,-2.31455258444394e-88,-19.9982429835385
44.74,9.35535089026322e-14,-5.538685272507e-14,2.11779740517865e-13,-3.16235327060293e-89,-19.9996640396416
44.76,1.04642541928007e-13,-9.47851153233276e-14,2.28999937065373e-13,-4.30524858554304e-90,-19.9999414084085
44.78,1.12321537103006e-13,-4.25235190369229e-14,1.57023487569609e-13,-5.8805298973776e-91,-19.9999902806587
44.8,7.636042517112e-14,-3.818021258556e-14,2.28999937065373e-13,-8.03106125473466e-92,-19.9999984423536
44.82,1.18753326019505e-13,-7.2079954868306e-14,1.52666624710249e-13,-1.09797163246315e-92,-19.9981509875987
44.84,1.14499968532687e-13,-9.32370349600714e-14,2.28999937065373e-13,-1.50737623544232e-93,-19.9854258331439
44.86,1.14499968532687e-13,-1.14499968532687e-13,1.56525129297574e-13,-2.04932974187033e-94,-19.9553021504626
44.88,1.14499968532687e-13,-1.14499968532687e-13,1.68492989061498e-13,-2.79691797156417e-95,-19.9059232075452
44.9,1.14499968532687e-13,-6.15966584951458e-14,2.28999937065373e-13,-3.82358157328458e-96,-19.836975221244
44.92,1.14499968532687e-13,-3.81666561775622e-14,2.05342270887172e-13,-5.2212046202697e-97,-19.748468432785
44.94,8.066206887824e-14,-8.066206887824e-14,2.20342424019142e-13,-7.13352396914015e-98,-19.6404691330659
44.96,1.05336405171321e-13,-9.99984221245882e-14,2.28999937065373e-13,-9.77304972183562e-99,-19.513075941339
44.98,1.01759725180238e-13,-8.90194818277885e-14,1.78147111415147e-13,-1.32756186836451e-99,-19.3664634612219
45,1.14499968532687e-13,-3.81666561775622e-14,1.52666624710249e-13,-1.81223383338817e-100,-19.2007171128177
45.02,1.14499968532687e-13,-9.26626228613872e-14,1.74503970381548e-13,-2.47533245402437e-101,-19.0160182716864
45.04,1.38073522255741e-13,-6.73528610865776e-14,1.52666624710249e-13,-3.3799709812601e-102,-18.8125545564094
45.06,1.41683176761979e-13,-9.25330726361472e-14,1.74633520606788e-13,-4.62630940873865e-103,-18.5905138105959
45.08,1.14499968532687e-13,-1.14499968532687e-13,2.28999937065373e-13,-6.30928080852434e-104,-18.3501451794145
45.1,1.14499968532687e-13,-9.8751888159797e-14,1.52666624710249e-13,-8.57925642911474e-105,-18.0916767202201
45.12,1.10891132092872e-13,-4.53843290571912e-14,2.28999937065373e-13,-1.17064356662312e-105,-17.8153371614142
45.14,7.63333123551244e-14,-3.81666561775622e-14,2.28999937065373e-13,-1.5967229673085e-106,-17.5214179198973
45.16,1.11542005252089e-13,-4.40825827387579e-14,2.23084010504178e-13,-2.17914814281344e-107,-17.2102059703441
45.18,1.35037873747159e-13,-7.34241581037419e-14,1.87924126636428e-13,-2.98877900047693e-108,-16.8819891011456
45.2,7.75660721558774e-14,-1.12034448931181e-13,1.52666624710249e-13,-4.05631977568065e-109,-16.5371534989244
45.22,1.14499968532687e-13,-5.77573723565062e-14,2.28999937065373e-13,-5.53216737900653e-110,-16.1759776293452
45.24,1.30536191789157e-13,-1.14499968532687e-13,1.96927490552432e-13,-7.55349727896626e-111,-15.7988354213077
45.26,8.93786861645784e-14,-7.63333123551244e-14,1.78757372329157e-13,-1.03027829821553e-111,-15.4061045055009
45.28,1.19456022851933e-13,-4.31227104968087e-14,1.62578733348742e-13,-1.4062787548584e-112,-14.9981647294153
45.3,1.38723016501516e-13,-6.60538725950276e-14,2.28999937065373e-13,-1.92373182609953e-113,-14.5754175202983
45.32,1.0030300406238e-13,-8.61060395920726e-14,1.52666624710249e-13,-2.61054502601378e-114,-14.1383124271562
45.34,1.14499968532687e-13,-9.24402469650639e-14,2.28999937065373e-13,-3.55937454090397e-115,-13.6872390715013
45.36,1.14499968532687e-13,-4.80951300798035e-14,2.09142989260891e-13,-4.85632291340865e-116,-13.2226553323682
45.38,7.63333123551244e-14,-5.17724577183515e-14,2.28999937065373e-13,-6.62424409931561e-117,-12.7450236238889
45.4,1.26102917686271e-13,-9.12940702255188e-14,2.28999937065373e-13,-9.05932744092571e-118,-12.2548060815099
45.42,1.14499968532687e-13,-1.14499968532687e-13,2.14549153652174e-13,-1.23370620934289e-118,-11.7525086055733
45.44,1.08388722630862e-13,-3.81666561775622e-14,2.16777445261723e-13,-1.67610534403514e-119,-11.238616916099
45.46,8.61310156336625e-14,-1.09601116893418e-13,2.19202233786835e-13,-2.28539538851944e-120,-10.7136233755947
45.48,1.50057563203563e-13,-3.81666561775622e-14,2.28999937065373e-13,-3.1142856594335e-121,-10.1780586129705
45.5,1.50983730970237e-13,-7.80162060951359e-14,2.28999937065373e-13,-4.24415628686216e-122,-9.63244956482406
45.52,9.46946308408177e-14,-9.61386500469933e-14,1.92277300093987e-13,-5.81709092535278e-123,-9.07732197453885
45.54,1.14499968532687e-13,-3.81666561775622e-14,2.28999937065373e-13,-7.88321139386046e-124,-8.51326014704121
45.56,1.14499968532687e-13,-3.81666561775622e-14,1.52666624710249e-13,-1.07474783762682e-124,-7.94078395764779
45.58,1.35184268942781e-13,-5.56490119450304e-14,1.87631336245185e-13,-1.46603007325846e-125,-7.36047083188323
45.6,1.14499968532687e-13,-3.81666561775622e-14,1.81527497707477e-13,-1.99791613234168e-126,-6.77289497373
45.62,1.46883846470147e-13,-4.39494344176638e-14,2.28999937065373e-13,-2.72539066654059e-127,-6.17863301013895
45.64,1.52666624710249e-13,-1.14499968532687e-13,1.78778878058604e-13,-3.72306237770348e-128,-5.57827265774997
45.66,1.31084748708857e-13,-3.81666561775622e-14,1.95830376713032e-13,-5.04885011808876e-129,-4.97241604185654
45.68,1.14499968532687e-13,-3.81666561775622e-14,1.69835289558082e-13,-6.877008238472e-130,-4.36164661883963
45.7,1.22707997965125e-13,-6.81252829226864e-14,2.12583878200497e-13,-9.37440518903209e-131,-3.74657186758857
45.72,1.26520175863707e-13,-1.14499968532687e-13,2.04959522403332e-13,-1.27772917382261e-131,-3.12780011251979
45.74,1.26980812275475e-13,-3.81666561775622e-14,1.77628312195826e-13,-1.74655470881449e-132,-2.50593981637387
45.76,1.08140786069631e-13,-6.9974129892069e-14,2.28999937065373e-13,-2.37519293844179e-133,-1.88160998962434
45.78,8.01580943226691e-14,-3.81666561775622e-14,2.21350373130284e-13,-3.22500085223733e-134,-1.25542297282295
45.8,8.27522115068015e-14,-1.14499968532687e-13,2.16162138762019e-13,-4.39540379460174e-135,-0.627995505363888
45.82,1.14499968532687e-13,-1.06514847403312e-13,2.21014815935998e-13,-5.98515943479402e-136,5.14778703978393e-05
45.84,1.5236157430955e-13,-7.66383627558227e-14,1.52666624710249e-13,-8.14623485009174e-137,0.628098535967104
45.86,9.53206979799151e-14,-1.14499968532687e-13,1.91025165815792e-13,-1.11603705360375e-137,1.25552407448619
45.88,1.52666624710249e-13,-1.14499968532687e-13,1.54360195162731e-13,-1.51088294644675e-138,1.88171390345911
45.9,9.01545124116304e-14,-8.68575684196746e-14,2.01357536952361e-13,-2.05897129713291e-139,2.50604463908622
45.92,1.14499968532687e-13,-7.68289543491905e-14,1.52666624710249e-13,-2.80642310840279e-140,3.12790197302898
45.94,7.63333123551244e-14,-1.14499968532687e-13,2.28999937065373e-13,-3.82204256117862e-141,3.74667268602162
45.96,8.28281099405272e-14,-1.01510373361881e-13,2.28999937065373e-13,-5.21127715187342e-142,4.36174429413196
45.98,1.26868008339044e-13,-1.14499968532687e-13,1.52666624710249e-13,-7.11094131910893e-143,4.97251077296007
46,1.14499968532687e-13,-7.50046457683671e-14,1.52666624710249e-13,-9.63792610822067e-144,5.57837748880133
46.02,1.45988095135938e-13,-1.01142909384066e-13,1.52666624710249e-13,-1.31172854380552e-144,6.17873451287648
46.04,1.21329857816848e-13,-5.18264347458856e-14,1.52666624710249e-13,-1.78679912043819e-145,6.77299233891281
46.06,7.63333123551244e-14,-1.14499968532687e-13,1.52666624710249e-13,-2.43389594290207e-146,7.36056633783264
46.08,1.02834990431398e-13,-6.46683342538355e-14,1.52666624710249e-13,-3.3256997552638e-147,7.94086987183221
46.1,8.1943864942355e-14,-3.81666561775622e-14,2.17778831890912e-13,-4.51754421498324e-148,8.51334820035387
46.12,1.14499968532687e-13,-1.10753288570596e-13,2.28999937065373e-13,-6.1310090893512e-149,9.07742620825038
46.14,1.14499968532687e-13,-9.88176246997691e-14,2.13317593232456e-13,-8.35339266176157e-150,9.63253812676958
46.16,1.09156361735205e-13,-7.09897055576426e-14,1.63353838305212e-13,-1.13681220506673e-150,10.1781464578549
46.18,1.14499968532687e-13,-1.14499968532687e-13,2.27833461936329e-13,-1.54643570006495e-151,10.7137110766753
46.2,1.16187654590673e-13,-1.14499968532687e-13,1.52666624710249e-13,-2.11677540002131e-152,11.2386865923757
46.22,1.14499968532687e-13,-3.81666561775622e-14,2.28999937065373e-13,-2.86437951646133e-153,11.7526004339519
46.24,1.30229249952041e-13,-8.30414056939781e-14,1.97541374226665e-13,-3.90069231890088e-154,12.2548997346067
46.26,1.16736091777273e-13,-7.40971891105382e-14,2.28999937065373e-13,-5.31339219177034e-155,12.7451038319986
46.28,1.35680897355349e-13,-7.21381108873619e-14,2.28999937065373e-13,-7.2323881473602e-156,13.222731297027
46.3,1.38143769927034e-13,-1.30882342535426e-13,2.28999937065373e-13,-9.85812134492564e-157,13.6873045124634
46.32,1.14499968532687e-13,-3.81666561775622e-14,1.52666624710249e-13,-1.34376564801734e-157,14.13837162025
46.34,1.11581745587117e-13,-7.34150894095547e-14,1.93751503833381e-13,-1.8205887371352e-158,14.575504208467
46.36,1.14499968532687e-13,-3.81666561775622e-14,1.61837432283306e-13,-2.47613442429321e-159,14.9982400730103
46.38,1.41965696713044e-13,-8.16837763537268e-14,2.18299009068168e-13,-3.37090188361738e-160,15.4061707429207
46.4,1.52666624710249e-13,-1.14499968532687e-13,1.52666624710249e-13,-4.5894639682401e-161,15.7988979778773
46.42,1.14499968532687e-13,-1.0051531658233e-13,1.52666624710249e-13,-6.26946614151066e-162,16.1760200431848
46.44,7.63333123551244e-14,-1.04744293441777e-13,2.19244261974463e-13,-8.5075895380388e-163,16.5372043218434
46.46,7.64714404026716e-14,-3.84429122726567e-14,1.52666624710249e-13,-1.15422829549858e-163,16.8820675391401
46.48,1.14499968532687e-13,-6.70849476985037e-14,1.52666624710249e-13,-1.57226440690608e-164,17.2102557593425
46.5,1.14499968532687e-13,-4.48539787501229e-14,2.28999937065373e-13,-2.13869280401605e-165,17.5214649459473
46.52,1.13130965318817e-13,-4.09046626053023e-14,2.28999937065373e-13,-2.90858721868179e-166,17.8153824686759
46.54,1.35170589061538e-13,-9.38293480038352e-14,2.28999937065373e-13,-3.97751750103619e-167,18.0916956598209
46.56,1.14499968532687e-13,-1.09725846818211e-13,1.52666624710249e-13,-5.38042363996067e-168,18.350199512159
46.58,1.14499968532687e-13,-7.90069400103698e-14,1.88159653232566e-13,-7.32260325932985e-169,18.5905698276754
46.6,1.14499968532687e-13,-5.47028766037536e-14,1.52666624710249e-13,-9.96933714152371e-170,18.8125909122217
46.62,1.14499968532687e-13,-7.46745440769978e-14,1.52666624710249e-13,-1.35639802583162e-170,19.0160478396145
46.64,1.06565178712622e-13,-9.86303888925568e-14,2.28999937065373e-13,-1.8483888146603e-171,19.2007311265152
46.66,1.14499968532687e-13,-5.99996046354408e-14,2.07166988607495e-13,-2.51732768693983e-172,19.3664712006331
46.68,9.22579177744813e-14,-7.0015867016276e-14,1.97150726226659e-13,-3.40947052257162e-173,19.5131208858367
46.7,1.11586572648083e-13,-7.92467082397277e-14,1.58493416479455e-13,-4.63450400610772e-174,19.640497011263
46.72,1.14499968532687e-13,-4.65457740193754e-14,1.52666624710249e-13,-6.30610158427508e-175,19.7484854184923
46.74,8.45672240728213e-14,-9.80321450972929e-14,2.12532113629979e-13,-8.58219318406378e-176,19.8369849130081
46.76,7.63333123551244e-14,-3.81666561775622e-14,1.81912609856389e-13,-1.17212532430808e-176,19.9058905424568
46.78,1.10296465719112e-13,-4.65736618047118e-14,2.28999937065373e-13,-1.58914931813352e-177,19.9551861260871
46.8,1.16335221671389e-13,-4.18371624549664e-14,2.25329430787969e-13,-2.15608915242937e-178,19.9847827236248
46.82,1.42185786712764e-13,-9.35382925377167e-14,2.08038261070403e-13,-2.93561482977414e-179,19.9964928148063
46.84,1.14499968532687e-13,-3.81666561775622e-14,1.52666624710249e-13,-3.99162796130124e-180,19.9993295777801
46.86,1.50662701930217e-13,-1.10492122972623e-13,1.52666624710249e-13,-5.42734172414028e-181,19.9998827791201
46.88,1.09984138465316e-13,-7.18174822877539e-14,2.28999937065373e-13,-7.41607643087617e-182,19.9999804726748
46.9,1.52666624710249e-13,-1.0793354156811e-13,1.65799478639402e-13,-1.00290121097319e-182,19.999996872845
46.92,1.14499968532687e-13,-1.14499968532687e-13,1.89746677630478e-13,-1.36421390829589e-183,19.999075214107
46.94,9.93249244110582e-14,-8.41498802894298e-14,1.52666624710249e-13,-1.85646791108893e-184,19.9927219907594
46.96,1.14499968532687e-13,-7.53605276533553e-14,1.9180606558958e-13,-2.5249510924581e-185,19.9776490725489
46.98,1.05805900311174e-13,-3.81666561775622e-14,1.11109585241173e-13,-3.44032902719853e-186,19.9529531060253
47,1.24665880688356e-13,-3.81666561775622e-14,1.72998449021587e-13,-4.68131706436365e-187,19.9184803537659
47.02,9.01702017276586e-14,-6.58404349226306e-14,2.01326158320305e-13,-6.33893581256288e-188,19.8742356308382
47.04,1.14499968532687e-13,-3.81666561775622e-14,2.27422218299534e-13,-8.6120076088904e-189,19.8202393345492
47.06,1.14499968532687e-13,-3.81666561775622e-14,1.58000031421994e-13,-1.17130702502653e-189,19.756549360758
47.08,1.39045248485336e-13,-1.45855936597793e-13,1.66288000935161e-13,-1.59355366008406e-190,19.6832309144614
47.1,7.63333123551244e-14,-8.36647274315139e-14,1.83501865811421e-13,-2.17625727056389e-191,19.600347411285
47.12,1.14499968532687e-13,-1.07573397491913e-13,2.220733660246e-13,-2.94791906826514e-192,19.5080080429248
47.14,1.10648117484158e-13,-4.58703582746199e-14,1.52666624710249e-13,-4.00028222713959e-193,19.4062804740734
47.16,1.14499968532687e-13,-6.45028156660103e-14,1.52666624710249e-13,-5.44431759150491e-194,19.2952646507197
47.18,1.23552406397186e-13,-8.53857502196236e-14,1.52666624710249e-13,-7.40037025279976e-195,19.1750780995915
47.2,1.11805208428283e-13,-1.09110448323879e-13,2.28999937065373e-13,-1.00607243775874e-195,19.0458355127455
47.22,1.14499968532687e-13,-8.21781139216201e-14,2.28999937065373e-13,-1.37368062596338e-196,18.9076573334553
47.24,1.22966153751426e-13,-1.06033783313948e-13,2.12067566627895e-13,-1.85728707820858e-197,18.7607082203573
47.26,1.14499968532687e-13,-8.11092290501235e-14,1.86057364192812e-13,-2.52523538921491e-198,18.6051025572449
47.28,1.38766656571167e-13,-3.81666561775622e-14,1.80466560988412e-13,-3.43509178699e-199,18.4410031647255
47.3,1.31932555509545e-13,-5.55992431544202e-14,1.87531798663965e-13,-4.67060553160604e-200,18.2685742873272
47.32,1.05140198308432e-13,-6.69735421308694e-14,2.28999937065373e-13,-6.3631606541272e-201,18.0879815638419
47.34,7.63333123551244e-14,-3.81666561775622e-14,2.28999937065373e-13,-8.65186749521832e-202,17.8994122523019
47.36,1.14499968532687e-13,-8.85166313178766e-14,2.04633299139869e-13,-1.17133134847436e-202,17.7030536148781
47.38,1.5212261038647e-13,-1.13411939885129e-13,2.28999937065373e-13,-1.59093750663318e-203,17.4990865427868
47.4,1.14499968532687e-13,-3.81666561775622e-14,2.25811379164464e-13,-2.16266530036927e-204,17.2877174374836
47.42,7.63333123551244e-14,-1.02871453846859e-13,2.17371422379546e-13,-2.94144776159699e-205,17.0691559249529
47.44,9.84838619963274e-14,-8.24677554599683e-14,1.84698837782967e-13,-4.01659721863631e-206,16.843611355512
47.46,1.14499968532687e-13,-7.34962603892903e-14,2.23325833133705e-13,-5.43675994721702e-207,16.6113272656497
47.48,1.19972485439138e-13,-3.81666561775622e-14,2.1805490325247e-13,-7.37860815908982e-208,16.3725136948968
47.5,1.14499968532687e-13,-6.42121898751817e-14,1.78712158407868e-13,-1.00386941835241e-208,16.127408270471
47.52,1.0429037660033e-13,-1.14499968532687e-13,1.73085808574962e-13,-1.36417201303947e-209,15.8762574085671
47.54,1.17842460043075e-13,-7.96758038655132e-14,2.28999937065373e-13,-1.85439102297489e-210,15.6193062842254
47.56,1.14499968532687e-13,-1.14499968532687e-13,1.83687103117127e-13,-2.53022852032897e-211,15.3568052708073
47.58,1.04466313784451e-13,-1.04466313784451e-13,2.28999937065373e-13,-3.42038208847205e-212,15.0890290631353
47.6,9.95022524930638e-14,-8.45045364534409e-14,1.82662056789495e-13,-4.648622024755e-213,14.8162242868854
47.62,1.14499968532687e-13,-1.14499968532687e-13,1.52666624710249e-13,-6.32141374758852e-214,14.5386656472782
47.64,9.82180839098095e-14,-6.00514277322473e-14,1.85230393956003e-13,-8.59284998075418e-215,14.2566283606939
47.66,9.63551973949102e-14,-9.44780834929008e-14,2.08978052025587e-13,-1.17060074906275e-215,13.970388256119
47.68,1.14499968532687e-13,-1.14499968532687e-13,2.11272718566776e-13,-1.59053323575438e-216,13.6802331026551
47.7,8.68548389656755e-14,-1.03978441922135e-13,2.28999937065373e-13,-2.15301606341021e-217,13.38644840219
47.72,7.80938205640082e-14,-7.63333123551244e-14,2.28999937065373e-13,-2.92421179108284e-218,13.0893184858279
47.74,1.14095272765464e-13,-3.89760477120073e-14,1.53476016244694e-13,-3.97229876825993e-219,12.7891397222021
47.76,1.14499968532687e-13,-1.09854781706811e-13,2.19709563413622e-13,-5.40139952525658e-220,12.4862080457336
47.78,1.19349589822297e-13,-5.4825173621538e-14,2.28999937065373e-13,-7.375479291576e-221,12.1808205848281
47.8,1.14499968532687e-13,-1.12333873404004e-13,1.56998814967614e-13,-9.97587968258298e-222,11.873285895854
47.82,7.63333123551244e-14,-9.99083538933987e-14,1.67258239349537e-13,-1.35419544273e-222,11.5639004235901
47.84,1.00199891844475e-13,-3.81666561775622e-14,1.81266778086672e-13,-1.84182540509148e-223,11.2529710271833
47.86,1.14499968532687e-13,-1.14499968532687e-13,1.52666624710249e-13,-2.50230658677878e-224,10.9408054334268
47.88,1.14499968532687e-13,-4.62591143856051e-14,2.28999937065373e-13,-3.40139065638292e-225,10.6277112105763
47.9,1.14499968532687e-13,-5.2968043078949e-14,1.52666624710249e-13,-4.63784399488938e-226,10.313997382013
47.92,1.02507024267868e-13,-9.05140800030502e-14,2.28999937065373e-13,-6.26877522265442e-227,9.99997425775681
47.94,1.14499968532687e-13,-7.63333123551244e-14,1.52666624710249e-13,-8.51663175790103e-228,9.68595077874736
47.96,1.14499968532687e-13,-6.12217712225196e-14,2.05944822020416e-13,-1.1577887556074e-228,9.37223734473401
47.98,7.63333123551244e-14,-5.32931124677758e-14,2.28999937065373e-13,-1.57346225590355e-229,9.05914346524332
48,8.70082824036708e-14,-1.14499968532687e-13,2.28999937065373e-13,-2.14347391848288e-230,8.74697888497231
48.02,8.45237693248172e-14,-7.63333123551244e-14,2.28999937065373e-13,-2.91041211873908e-231,8.43604984671373
48.04,1.35242929987976e-13,-1.0578812117155e-13,1.70090319432522e-13,-3.93926952137419e-232,8.12666299907912
48.06,1.14499968532687e-13,-4.12645917802011e-14,2.28999937065373e-13,-5.35047834135924e-233,7.8191263532022
48.08,7.63333123551244e-14,-1.14499968532687e-13,2.28999937065373e-13,-7.26562684188865e-234,7.51374178999312
48.1,1.49280943993376e-13,-3.81666561775622e-14,2.22228575631628e-13,-9.87402681895225e-235,7.21081110836175
48.12,1.31918763627135e-13,-7.96623783437898e-14,1.94162346876476e-13,-1.34831673041666e-235,6.91063667666352
48.14,7.7718613590951e-14,-4.09372586492154e-14,2.28999937065373e-13,-1.82226670061966e-236,6.61350362299138
48.16,1.14499968532687e-13,-1.14499968532687e-13,1.71318570590969e-13,-2.47450249189859e-237,6.31971611787267
48.18,1.14499968532687e-13,-6.9639433199989e-14,1.97527160042946e-13,-3.36458970643308e-238,6.02956132214144
48.2,1.01719036208475e-13,-5.09475885017742e-14,1.78228489358673e-13,-4.57025592269525e-239,5.74332416704192
48.22,8.11688390387112e-14,-3.81666561775622e-14,1.62337678077422e-13,-6.21252098189732e-240,5.46128929829954
48.24,9.03136299492701e-14,-3.81666561775622e-14,1.8062725989854e-13,-8.46482947167762e-241,5.18373591115906
48.26,1.04518075301014e-13,-6.63514191234518e-14,2.00815174119484e-13,-1.14408527641358e-241,4.91092672592069
48.28,1.14499968532687e-13,-6.51617312660231e-14,1.52666624710249e-13,-1.55377597164707e-242,4.64314490407782
48.3,1.04488229735824e-13,-3.81666561775622e-14,2.08976459471649e-13,-2.11167534043518e-243,4.38065077830446
48.32,7.63333123551244e-14,-6.56634666386149e-14,2.28999937065373e-13,-2.86931859643185e-244,4.12370187903174
48.34,1.14499968532687e-13,-3.81666561775622e-14,2.06039875950796e-13,-3.90900263383571e-245,3.87255621523971
48.36,1.14499968532687e-13,-5.28842748961085e-14,2.28999937065373e-13,-5.30364070536774e-246,3.6274508889244
48.38,1.08007813981193e-13,-6.98411578036307e-14,2.28999937065373e-13,-7.1782941735658e-247,3.38863157696828
48.4,1.09867837739861e-13,-3.81666561775622e-14,1.61930886295901e-13,-9.7509936793697e-248,3.15634279978117
48.42,1.14499968532687e-13,-4.05054548132302e-14,1.52666624710249e-13,-1.32388603494558e-248,2.93080684067307
48.44,1.14499968532687e-13,-1.10462549019201e-13,1.56704044223734e-13,-1.79787001454725e-249,2.71224726664865
48.46,1.34503239490907e-13,-7.81731980940028e-14,1.92673166626689e-13,-2.45523246985013e-250,2.50088976687637
48.48,7.70367213602145e-14,-3.81666561775622e-14,2.27593119055193e-13,-3.31594876599439e-251,2.29691361244965
48.5,1.41544423665209e-13,-1.14499968532687e-13,1.52666624710249e-13,-4.50414869002563e-252,2.10054960866525
48.52,1.14499968532687e-13,-1.14499968532687e-13,1.8660950233289e-13,-6.12277001238992e-253,1.91198210880452
48.54,1.14499968532687e-13,-1.00527899991338e-13,1.52666624710249e-13,-8.31538591788325e-254,1.73139537168927
48.56,1.08999980874137e-13,-3.81666561775622e-14,1.63666600027348e-13,-1.13035527000211e-254,1.55897158169788
48.58,1.01144934257945e-13,-8.96883466298658e-14,1.79376693259732e-13,-1.53923109818185e-255,1.3948805931196
48.6,1.30270657974448e-13,-8.29585896491634e-14,1.84208003593772e-13,-2.08023186157447e-256,1.2392672855577
48.62,1.43230546860992e-13,-7.63333123551244e-14,2.10127781366859e-13,-2.82427563440465e-257,1.09230843851188
48.64,1.14499968532687e-13,-5.57808120092228e-14,2.28999937065373e-13,-3.83743299322575e-258,0.9541423567628
48.66,1.14499968532687e-13,-6.34261187689556e-14,1.52666624710249e-13,-5.21342763739738e-259,0.824902771812859
48.68,8.84065125620134e-14,-1.14499968532687e-13,1.52666624710249e-13,-7.10261675587804e-260,0.704724524656785
48.7,1.21275569110115e-13,-1.14499968532687e-13,2.15448735910516e-13,-9.63104695978204e-261,0.593708231567279
48.72,1.09601941442316e-13,-1.09601941442316e-13,2.28999937065373e-13,-1.30344156739802e-261,0.491971783845829
48.74,1.08772028008564e-13,-3.81666561775622e-14,1.64122505758494e-13,-1.7706802319742e-262,0.399627222155458
48.76,1.14499968532687e-13,-4.15784394906338e-14,1.52666624710249e-13,-2.40366619514914e-263,0.316755139728387
48.78,1.14499968532687e-13,-3.81666561775622e-14,2.27177043307202e-13,-3.26230172998262e-264,0.24343844717289
48.8,9.5111966133879e-14,-3.81666561775622e-14,2.28999937065373e-13,-4.455345646758e-265,0.179764583960018
48.82,1.52597975352678e-13,-1.14362669817544e-13,2.28862638350231e-13,-6.01337757920118e-266,0.125755339709888
48.84,1.14499968532687e-13,-3.81666561775622e-14,1.52666624710249e-13,-8.17050345844845e-267,0.0815059597171134
48.86,1.14499968532687e-13,-5.63613346710648e-14,1.52666624710249e-13,-1.11041932537996e-267,0.0470450246578538
48.88,1.14499968532687e-13,-3.81666561775622e-14,1.52666624710249e-13,-1.50784453990491e-268,0.0224051117791352
48.9,-1.45911138287186e-07,7.29555727204997e-08,7.29558336845243e-08,-4.37733739444507e-07,0.00761500308874158
48.92,-0.000697874199482048,0.000348938354432236,0.000348935845215435,-0.00209362259877853,0.00082722911991519
48.94,-0.00545728695610577,0.00272871856039544,0.00272856838483316,-0.0163718608356617,-0.00694131047339046
48.96,-0.0167620478109721,0.0083817319668104,0.00838031552500294,-0.0502861424752328,-0.0222907730605376
48.98,-0.0352858932099339,0.0176460846745041,0.0176398055530555,-0.10585767068246,-0.0470381018516181
49,-0.0611401194661855,0.0305794742762178,0.0305606296929175,-0.183420311906975,-0.0815185747765158
49.02,-0.0943236173516856,0.0471841946063335,0.0471393659270531,-0.282970681599997,-0.125764503658096
49.04,-0.134822755866417,0.0674570892785315,0.0673655006603577,-0.404467769816415,-0.179763415811165
49.06,-0.18259588192958,0.0913817434748443,0.0912137260948316,-0.547786408709197,-0.24346062040578
49.08,-0.237582802594088,0.118933160889016,0.118648733555764,-0.712745683335181,-0.316775858408992
49.1,-0.299732458514172,0.150091640370563,0.149638995231471,-0.899191906810185,-0.399640847345377
49.12,-0.368995537474841,0.184839071814072,0.184153064538543,-1.10697640906939,-0.491989515123416
49.14,-0.445297590355753,0.223145332288563,0.222146280557066,-1.33587483856666,-0.593722150471369
49.16,-0.528567241860079,0.264982456872518,0.263574786829116,-1.58567173117555,-0.704742991633188
49.18,-0.618712489749672,0.310312579438342,0.30838387560473,-1.85608936528475,-0.824928606793166
49.2,-0.715646755041201,0.359101088999682,0.356520855940087,-2.14686583514145,-0.954162593396198
49.22,-0.819285832012887,0.411315102475058,0.407933505142353,-2.45774582348628,-1.09233147710502
49.24,-0.929524352295602,0.466911371880823,0.462558617430817,-2.78840996912676,-1.23929331961192
49.26,-1.04625250786368,0.525844727393308,0.520330258591823,-3.13852496010903,-1.39489998227069
49.28,-1.16935963272228,0.588069882873301,0.581181516170601,-3.50775420088785,-1.55900186706126
49.3,-1.29872207329515,0.653535112193096,0.645038689296661,-3.8957214108161,-1.73143173814049
49.32,-1.4342081596085,0.722184690733099,0.711823804457895,-4.30202549599383,-1.91201133155279
49.34,-1.57570075797587,0.793970669048303,0.781465319683086,-4.72630798287256,-2.10058132572113
49.36,-1.72305769645258,0.86883213565835,0.853879358529489,-5.16813450863898,-2.29694867050621
49.38,-1.87613470135102,0.946707082910212,0.928980728186189,-5.62706347318991,-2.50091709919553
49.4,-2.03478585593665,1.02753262880636,1.00668313528744,-6.10264735214834,-2.71228771206592
49.42,-2.19885810692025,1.11124203143222,1.08689669360279,-6.59441626331299,-2.93085167258355
49.44,-2.36818397808424,1.19776067067204,1.16952471160048,-7.1018562745881,-3.15638056648361
49.46,-2.54261547451045,1.28702423307856,1.2544791877525,-7.62451044473189,-3.38867130876975
49.48,-2.72198015312913,1.37895502560597,1.34166085010906,-8.16184788332235,-3.62748794814329
49.5,-2.90610442856493,1.47347442162847,1.4309698854361,-8.71333327644093,-3.87259256730708
49.52,-3.09481376656533,1.57050294150215,1.52230604437013,-9.27842744402585,-4.12374553067816
49.54,-3.28792763532418,1.66995743800538,1.61556647034606,-9.85657238314739,-4.3806988369544
49.56,-3.48525364205223,1.77174770954935,1.71064336109446,-10.4471740922251,-4.64318848543337
49.58,-3.6866153406784,1.87579201217384,1.807435835522,-11.0496847082786,-4.91097098145718
49.6,-3.89181667509818,1.98199714254155,1.90583487795701,-11.6634975883989,-5.18377670595506
49.62,-4.10066097755788,2.09026898084321,2.00573154334036,-12.2880035544958,-5.46133491310924
49.64,-4.31295084117929,2.20051242908561,2.10701689462095,-12.9225905206476,-5.74337356473227
49.66,-4.52848251487866,2.31262812783043,2.20957987247472,-13.5666272524994,-6.02961211222197
49.68,-4.7470477993764,2.42651344336114,2.31330824594046,-14.2194691808256,-6.31976408036693
49.7,-4.96844553888867,2.54206930433241,2.41809284191236,-14.8804916009884,-6.6135518226615
49.72,-5.19246275151817,2.65918901755558,2.52382059896726,-15.5490352808113,-6.91068234702722
49.74,-5.41888544711666,2.77776459398873,2.63037874983433,-16.2244379866675,-7.21086132740776
49.76,-5.64749959526933,2.8976873445265,2.7376551657071,-16.9060373041397,-7.51379435739542
49.78,-5.87808413331186,3.01884353131832,2.84553620679839,-17.5931511426256,-7.81917828561136
49.8,-6.11042076491077,3.1411204190033,2.95390993258802,-18.2851055212373,-8.12671356499438
49.82,-6.34429018141373,3.26440406120678,3.06266471095142,-18.981223755559,-8.43609944691509
49.84,-6.579467484431,3.38857624222607,3.17168823646635,-19.6808143360714,-8.74702859380952
49.86,-6.81572816623999,3.513518330194,3.2808692141811,-20.3831875402569,-9.0591944623364
49.88,-7.05284653758072,3.63911032168187,3.39009688337924,-21.0876511373723,-9.37228939438772
49.9,-7.29059307112444,3.76522848126546,3.4992616221249,-21.7935051169463,-9.68600227419834
49.92,-7.52874170379813,3.8917515109148,3.60825418589166,-22.5000579204112,-10.000025742405
49.94,-7.76706262706853,4.0185545069502,3.71696650212182,-23.2066106875243,-10.3140491944553
49.96,-8.0053258954979,4.14551175484838,3.82529183305915,-23.9124661313808,-10.6277627250581
49.98,-8.24330101967675,4.27249674038241,3.93312420798247,-24.6169268690287,-10.940856386235
50,-8.48075724182378,4.39938204220449,4.04035911760795,-25.3192971804531,-11.2530209690903
50.02,-8.71746552871187,4.52604011706486,4.14689511805474,-26.0188901729756,-11.5639511879891
50.04,-8.95319322872456,4.65234174101465,4.25262876294977,-26.7150079085911,-11.8733368482627
50.06,-9.18771030854191,4.7781578607545,4.35746061415004,-27.406964979529,-12.1808733242351
50.08,-9.42078715316474,4.90335923890087,4.46129261861938,-28.0940795785535,-12.4862575904682
50.1,-9.65219266770941,5.02781551504718,4.56402712605224,-28.7756677347646,-12.7891856598954
50.12,-9.88170364848581,5.15139954711739,4.66557278727023,-29.4510740247192,-13.0893662332086
50.14,-10.1090883017135,5.27397999352909,4.76583389238567,-30.1196173458191,-13.3864965981419
50.16,-10.3341203365504,5.39542771961786,4.86471945757243,-30.7806373834828,-13.6802832815479
50.18,-10.5565767751335,5.51561493236963,4.96214163590886,-31.4334872485717,-13.970438777143
50.2,-10.7762326865117,5.63441270942908,5.05801252573619,-32.0775164923913,-14.2566739966183
50.22,-10.9928680848018,5.75169446550592,5.15224791887219,-32.712092746155,-14.53870788718
50.24,-11.2062693501331,5.86733672187632,5.24476802354699,-33.3366061960488,-14.8162694204661
50.26,-11.4162123945238,5.98121063419357,5.3354883943806,-33.9504169647193,-15.0890742065419
50.28,-11.6224851547202,6.09319340993556,5.42433187912653,-34.5529251915945,-15.3568556407087
50.3,-11.824877208966,6.20316314276199,5.51122288929852,-35.1435383530216,-15.6193503791207
50.32,-12.0231754182588,6.31099651949142,5.59608531165886,-35.7216581178777,-15.8762924968345
50.34,-12.2171915020286,6.41658332210696,5.67885590664293,-36.2867640396068,-16.1274506842697
50.36,-12.4067066012178,6.51979742992109,5.75945696891554,-36.8382445632678,-16.3725531392301
50.38,-12.5915293498536,6.62052724683261,5.83782484511387,-37.3755738399633,-16.6113661510948
50.4,-12.771467186056,6.71866074693306,5.91389561780641,-37.8982239263887,-16.843655078395
50.42,-12.9463272665936,6.81408592744825,5.98760560788846,-38.4056676499441,-17.0691856221974
50.44,-13.1159350938041,6.90670077384645,6.05889993846055,-38.8974341924465,-17.2877485299762
50.46,-13.2801054050258,6.99639774709691,6.12771891356694,-39.3730216943114,-17.4991207530273
50.48,-13.4386567722409,7.08307157536676,6.19400475090815,-39.8319408256057,-17.7030848113803
50.5,-13.5914273571132,7.16662776013051,6.25770856859301,-40.2737612640757,-17.8994494507003
50.52,-13.7382490238188,7.24696867352161,6.31877857710824,-40.6980345668257,-18.0880153630336
50.54,-13.8789643723394,7.32400275773033,6.37716757958744,-41.1043442699231,-18.2685974532991
50.56,-14.013432654674,7.39764776298421,6.4328353948879,-41.4923228736936,-18.4410323883083
50.58,-14.141492554399,7.46781055845004,6.48573256014587,-41.8615423828378,-18.6051299479279
50.6,-14.2630088297852,7.53441244009708,6.53582057117682,-42.2116509548544,-18.7607337577131
50.62,-14.3778503415986,7.59737723294359,6.58306214868817,-42.5423080068863,-18.9076924475051
50.64,-14.4858810990284,7.65662639180537,6.62741742325695,-42.8531580724252,-19.045848032189
50.66,-14.5870095880167,7.71210593552537,6.66886466560358,-43.1439738062068,-19.1750994694253
50.68,-14.6810976700344,7.76373671360769,6.70736172609181,-43.4143910874092,-19.2952849277374
50.7,-14.7680490492216,7.81146269924317,6.74288333020901,-43.6641658035666,-19.4062959126963
50.72,-14.8477689152903,7.85522896845338,6.77540390044363,-43.8930562487039,-19.508024999424
50.74,-14.9201610742641,7.89498010520601,6.804896393253,-44.1008148493941,-19.6003621552863
50.76,-14.9851654670538,7.93068076858726,6.83134767881805,-44.2872960194611,-19.683242675316
50.78,-15.0426904055995,7.96227854164527,6.85473056098927,-44.4522607464853,-19.7565603317713
50.8,-15.0926739198933,7.98973755749167,6.87502900174744,-44.5955531645738,-19.8202458509217
50.82,-15.1350633624153,8.0130273206487,6.89222964182045,-44.7170415755893,-19.8742407002619
50.84,-15.1698065201406,8.03211782514441,6.90631812603731,-44.8165927775765,-19.9184856789229
50.86,-15.1968739785958,8.04699183225251,6.91728817578667,-44.8941361250821,-19.9529493889254
50.88,-15.2162358714962,8.05763209921139,6.92513209423564,-44.9495967229296,-19.9775985435242
50.9,-15.22785535604,8.06401778722614,6.92983812165289,-44.9828767139179,-19.9923896506302
50.92,-15.2324567254541,8.0665465980308,6.93170146632773,-44.9960551027625,-19.9982467123389
50.94,-15.2335708032626,8.06715887471463,6.93215259447325,-44.9992457830336,-19.9996647924594
50.96,-15.2337879395539,8.06727820901829,6.93224051934804,-44.9998676513659,-19.9999411783848
50.98,-15.2338265157344,8.06729940981804,6.93225613994397,-44.9999781316846,-19.9999902807487
51,-15.2338329213673,8.06730293024295,6.93225873376646,-44.9999964771054,-19.9999984342691
51.02,-15.2331067252993,8.06690382580096,6.93196467451821,-44.9979166823862,-19.9990740810605
51.04,-15.2281157831963,8.06416091150674,6.92994358666336,-44.9836225905373,-19.9927211513499
51.06,-15.2162700674572,8.05765089231896,6.92514594331432,-44.9496946637563,-19.9776420727806
51.08,-15.1968798346951,8.04699505015079,6.9172905498401,-44.8941529033458,-19.9529568459315
51.1,-15.1698102510313,8.0321198739605,6.90631964541092,-44.8166034835795,-19.9184904371464
51.12,-15.1350578621923,8.01302429836257,6.89222741172123,-44.7170258161759,-19.8742336960782
51.14,-15.092666616251,7.98973354494313,6.87502603681085,-44.5955322291736,-19.8202365462994
51.16,-15.0426772217898,7.96227130218722,6.8547251902942,-44.452222910977,-19.7565435159898
51.18,-14.9851499361231,7.93067224233234,6.83134134161118,-44.2872514232723,-19.6832228547877
51.2,-14.920158517086,7.89497869285777,6.80489539289483,-44.1008076097171,-19.600358937652
51.22,-14.847758200453,7.85522308321149,6.77539954338118,-43.8930255175771,-19.5080113411454
51.24,-14.7680364632073,7.81145578858669,6.74287820045223,-43.6641296775407,-19.4062798566848
51.26,-14.6810830803392,7.76372870577183,6.70735576500491,-43.4143491752929,-19.2952663001302
51.28,-14.5869848868828,7.71209240142421,6.66885446089594,-43.1439025822091,-19.1750678143151
51.3,-14.4858722185665,7.65662149885591,6.62741388183182,-42.8531327649231,-19.0458367844102
51.32,-14.3778313257003,7.59736680763415,6.58305432325516,-42.5422532484151,-18.9076681104067
51.34,-14.2629882204111,7.53440114681386,6.53581206485432,-42.2115915495822,-18.7607073553699
51.36,-14.141470373143,7.46779841075029,6.48572337499266,-41.8614783776942,-18.6051015011974
51.38,-14.0134036748733,7.39763192350929,6.43282326040646,-41.4922389448059,-18.4409950865804
51.4,-13.8789477956404,7.32399364783688,6.37716084761071,-41.1042967378527,-18.2685763279346
51.42,-13.7382281546402,7.24695723176866,6.31876998700158,-40.6979744644654,-18.0879886508735
51.44,-13.5914024299118,7.16661412381507,6.25769818469718,-40.2736891967307,-17.8994174207692
51.46,-13.4386304181518,7.08305716979165,6.1939937283303,-39.831864534527,-17.7030509042342
51.48,-13.2800727999587,6.99637998151501,6.12770506092313,-39.3729268336677,-17.4990785927412
51.5,-13.1159066829183,6.90668526550301,6.05888797529421,-38.8973517715938,-17.2877118984861
51.52,-12.9463054510865,6.81407395078738,5.98759666937397,-38.405604897163,-17.0691577320724
51.54,-12.7714392069515,6.71864547198232,5.9138838448989,-37.8981427765028,-16.843619011779
51.56,-12.5914999040928,6.62051118783644,5.83781239653973,-37.3754883111559,-16.6113281382915
51.58,-12.4066747118053,6.51978007414302,5.75944336653598,-36.8381516832477,-16.3725118592212
51.6,-12.2171542420114,6.4165631426781,5.67883969209355,-36.2866548538418,-16.127402157263
51.62,-12.023148332866,6.31098167714581,5.59607407898737,-35.7215798855569,-15.8762577269142
51.64,-11.824844434244,6.20314532531222,5.51120884686134,-35.1434427681383,-15.6193078969504
51.66,-11.622451089623,6.09317492413904,5.42431718367201,-34.5528256431512,-15.3568113969561
51.68,-11.4161772901295,5.98119161362688,5.33547316589685,-33.9503142133129,-15.0890285392501
51.7,-11.2062305582685,5.86731582505343,5.24475085109548,-33.3364919857701,-14.8162186603422
51.72,-10.9928358847764,5.75167690747987,5.15223425950749,-32.7119990881251,-14.5386662613889
51.74,-10.7761984838882,5.6343941275973,5.05799782378014,-32.0774166360669,-14.2566296160297
51.76,-10.5565403647936,5.51559524875372,4.9621257219945,-31.4333804522556,-13.9703913121136
51.78,-10.3340834534933,5.39540781255097,4.86470325402507,-30.7805290483165,-13.6802351325851
51.8,-10.1090493805222,5.27395911996676,4.76581646024791,-30.1195024268768,-13.3864455230564
51.82,-9.88166489115366,5.15137876330951,4.66555543029038,-29.4509596004386,-13.0893153779727
51.84,-9.65215716546921,5.02779622538245,4.56401182807537,-28.7755639673716,-12.7891395410541
51.86,-9.42074950049779,4.90333895981606,4.46127596787249,-28.0939687862193,-12.4862083494308
51.88,-9.18767222169546,4.77813738577312,4.35744368277807,-27.4068527579722,-12.1808234479877
51.9,-8.95315468475107,4.65232107333485,4.25261150935778,-26.7148941427025,-11.8732862856455
51.92,-8.71742562192674,4.52601896731866,4.14687671991417,-26.0187715289641,-11.5638984573174
51.94,-8.48071929154953,4.3993615133912,4.0403425025479,-25.3191857456674,-11.2529714425188
51.96,-8.2432622608423,4.27247595241697,3.93310686210636,-24.6168124654732,-10.9408055402103
51.98,-8.00528679655698,4.14549090493725,3.82527408915411,-23.9123503485843,-10.6277112660374
52,-7.76702352673625,4.01853369998739,3.71694867162215,-23.2064947740048,-10.3139976773354
52.02,-7.52870278096978,3.89173096832964,3.60823611255694,-22.4999420722479,-9.99997425433242
52.04,-7.29055440299877,3.76520813991556,3.49924354804935,-21.7933898704664,-9.68595105354064
52.06,-7.05280680863652,3.6390890142177,3.39007906415116,-21.0875337556256,-9.3722372247225
52.08,-6.81568926528176,3.5134977179993,3.28085130848921,-20.3830719858183,-9.05914310480814
52.1,-6.57942903693482,3.38855595890391,3.17167038361795,-19.6806999270403,-8.74697774535126
52.12,-6.34425207452775,3.2643840034657,3.06264693864876,-18.9811102650167,-8.4360490066741
52.14,-6.11038449413782,3.14110156610983,2.95389261985259,-18.2849970244477,-8.12666534419898
52.16,-5.87804571050224,3.01882326023386,2.84551836482557,-17.5930368029468,-7.81912746797637
52.18,-5.64745967522525,2.89766613895766,2.73763685749287,-16.9059187620484,-7.51374167202152
52.2,-5.41884779243681,2.77774482647279,2.63036110422079,-16.2243257469591,-7.21081144309295
52.22,-5.19242552825205,2.65916952132402,2.52380308514051,-15.5489242503836,-6.91063300017049
52.24,-4.96840867368441,2.54205001805439,2.41807546170491,-14.8803816013106,-6.61350293391586
52.26,-4.7470151604434,2.42649667365311,2.31329240501753,-14.2193713490199,-6.31972059956441
52.28,-4.52844352587189,2.31260760137096,2.20956167471038,-13.5665110795111,-6.02956047978273
52.3,-4.31291322364672,2.20049272631691,2.10699918603301,-12.9224782863654,-5.74332368282904
52.32,-4.10062578623703,2.09025070605113,2.0057147527402,-12.2878983582257,-5.4612881592114
52.34,-3.89178222231128,1.98197929187307,1.90581838315609,-11.6633945519215,-5.18373091196508
52.36,-3.68658250162528,1.8757750618297,1.80742002613208,-11.0495864290372,-4.9109273017943
52.38,-3.48522586216376,1.77173359176357,1.71062969358694,-10.4470907363859,-4.64315143839372
52.4,-3.28789043363656,1.66993804338739,1.61554881237644,-9.85646122528625,-4.38064943346056
52.42,-3.09477983037105,1.57048538143412,1.52228976203723,-9.27832591677402,-4.1237004074551
52.44,-2.90607325197135,1.47345839620157,1.43095478990075,-8.71323991353375,-3.87255107268167
52.46,-2.72194979537482,1.37893945411914,1.34164610944484,-8.16175694685489,-3.62744753193552
52.48,-2.54258750430193,1.28700994692014,1.25446553164352,-7.62442661792463,-3.38863405241095
52.5,-2.36816197766444,1.19774959750062,1.16951377198449,-7.1017902362379,-3.15635121610572
52.52,-2.19882433062934,1.1112246170999,1.08688039771403,-6.59431513262918,-2.93080672561297
52.54,-2.0347559344188,1.02751729708467,1.00666858448163,-6.10255770455621,-2.71224786869168
52.56,-1.87610813386366,0.946693550475634,0.928967713310262,-5.62698383125537,-2.50088170278016
52.58,-1.72303223371577,0.868819189957958,0.853866857008896,-5.16805816697388,-2.29691474087727
52.6,-1.57567759068029,0.793958922659796,0.781453908399202,-4.7262385098545,-2.10055044882423
52.62,-1.43419285558326,0.722177050632061,0.711816132273848,-4.30197955914052,-1.91199091517357
52.64,-1.29869289985844,0.653520228811695,0.645024421470387,-3.89563395719082,-1.73139286986259
52.66,-1.16933369397312,0.588056698062722,0.581168776013544,-3.50767642598379,-1.55896730043725
52.68,-1.04623167351801,0.525834195756674,0.520319961129991,-3.13846247281317,-1.3948722101392
52.7,-0.929504814756646,0.466901510145593,0.462548945304596,-2.78835136754243,-1.2392672744633
52.72,-0.819267456962014,0.411305833264305,0.407924402291525,-2.45769070730163,-1.09230698102294
52.74,-0.715638879613795,0.359097187560406,0.356516878954253,-2.14684219986659,-0.954152088829598
52.76,-0.618693009566001,0.310302747755782,0.30837423022443,-1.8560309340965,-0.824902637376203
52.78,-0.528545516357098,0.26497149152749,0.26356402988418,-1.58560656430555,-0.704714028580249
52.8,-0.445283497814906,0.223138249748568,0.222139271304124,-1.33583256318786,-0.593703361416831
52.82,-0.368984238102409,0.184833403867092,0.184147433346391,-1.10694251165172,-0.491974449622984
52.84,-0.299730798704788,0.150090835881586,0.149638139259401,-0.899186925426974,-0.399638633523108
52.86,-0.237566225496346,0.118924833912081,0.118640483984493,-0.712695953690513,-0.316753757195828
52.88,-0.182581033219156,0.0913742933075385,0.0912063278339729,-0.547741863424871,-0.243440828188861
52.9,-0.134813282691911,0.0674523433890528,0.0673607734417461,-0.404439350492502,-0.179750822441129
52.92,-0.094326874277059,0.0471858335398876,0.0471409838448285,-0.282980452153919,-0.125769089846199
52.94,-0.0611296234048852,0.0305742183773723,0.0305553895610852,-0.183388823814962,-0.081506143917768
52.96,-0.0352835708900354,0.017644921154456,0.0176386467594809,-0.105850703741547,-0.0470447572184539
52.98,-0.0168037875293968,0.00840260537117084,0.00840118183663737,-0.0504113616232053,-0.0224050496103172
53,-0.00570598474146231,0.00285307438575707,0.00285291034339052,-0.0171179541870587,-0.00760797963869892
53.02,-0.00131470652882942,0.000657357623203947,0.00065734890562084,-0.0039441195861775,-0.00175294203832259
53.04,-0.000251476582970294,0.00012573845120774,0.000125738131989828,-0.000754429749277752,-0.000335302110815591
53.06,-4.39810977973744e-05,2.19905538087185e-05,2.19905441900633e-05,-0.000131943293663238,-5.86414638496196e-05
53.08,-7.30682529393261e-06,3.65341282403345e-06,3.65341272329962e-06,-2.19204763329261e-05,-9.74243391044414e-06
53.1,-1.17313918625046e-06,5.86569554958572e-07,5.86569745791853e-07,-3.51941781900553e-06,-1.56418567946424e-06
53.12,-1.82790129283282e-07,9.13950841696312e-08,9.13952359469313e-08,-5.48370725215467e-07,-2.43720319127886e-07
53.14,-2.80594723619985e-08,1.40297418152406e-08,1.40299651809363e-08,-8.41788074669126e-08,-3.74127952048414e-08
53.16,-4.25005032255302e-09,2.12499309898448e-09,2.12524195248529e-09,-1.27505187644918e-08,-5.66692459668492e-09
53.18,-6.36454285464821e-10,3.18217085544235e-10,3.18456142669476e-10,-1.909727265767e-09,-8.48783825015256e-10
53.2,-9.46560903255483e-11,4.73034500779538e-11,4.74942833588417e-11,-2.84250410856811e-10,-1.26327993612348e-10
53.22,-1.37244350971853e-11,6.82405089241508e-12,7.09121748565801e-12,-4.17455409273249e-11,-1.85466683335039e-11
53.24,-1.91225338330393e-12,9.19920322687313e-13,1.14695997253978e-12,-6.08787254875034e-12,-2.70299123151979e-12
53.26,-1.52666624710249e-13,1.90833280887811e-13,3.05333249420498e-13,-8.86168279500355e-13,-3.85966574303437e-13
53.28,3.81666561775622e-14,-4.99643865114894e-14,2.17202206731446e-13,-1.28223805425944e-13,-5.08888749034163e-14
53.3,1.13612399838595e-13,-7.72208810492164e-14,1.52666624710249e-13,-1.8469832844029e-14,-3.81666561775622e-14
53.32,9.65275764464941e-14,-5.83609202689319e-14,1.93055152892988e-13,-2.66566368838556e-15,-3.81666561775622e-14
53.34,7.63333123551244e-14,-4.16771102269196e-14,2.28999937065373e-13,-3.79395974348151e-16,-3.81666561775622e-14
53.36,9.28848619717051e-14,-8.13968692995253e-14,2.28999937065373e-13,-5.41612674083845e-17,-3.81666561775622e-14
53.38,9.36530488589197e-14,-3.81666561775622e-14,1.94360464057783e-13,-7.71380591622773e-18,-3.81666561775622e-14
53.4,9.38879026357972e-14,-7.32758367389077e-14,1.87775805271594e-13,-1.09529190910956e-18,-3.81666561775622e-14
53.42,1.45092020225926e-13,-9.93507595640403e-14,1.52666624710249e-13,-1.55408042057636e-19,-3.81666561775622e-14
53.44,9.88506047795688e-14,-1.14499968532687e-13,2.06482644640929e-13,-2.20016212145369e-20,-3.81666561775622e-14
53.46,1.10045139398469e-13,-9.31892258767968e-14,1.95288110022028e-13,-3.09189552984211e-21,-3.81666561775622e-14
53.48,1.44868478465251e-13,-1.06701822287688e-13,1.52666624710249e-13,-4.35353226156177e-22,-3.81666561775622e-14
53.5,8.1192558247302e-14,-4.78851479619174e-14,2.19281445281018e-13,-6.12639203427136e-23,-3.81666561775622e-14
53.52,7.63333123551244e-14,-5.57886903690227e-14,2.28999937065373e-13,-8.61018815864587e-24,-3.81666561775622e-14
53.54,1.14499968532687e-13,-1.14499968532687e-13,1.8123091398106e-13,-1.21257172925278e-24,-3.81666561775622e-14
53.56,1.52666624710249e-13,-7.63333123551244e-14,1.61865328761811e-13,-1.69411380282508e-25,-3.81666561775622e-14
53.58,7.63333123551244e-14,-3.90206925130397e-14,1.54374697381204e-13,-2.3646260641097e-26,-3.81666561775622e-14
53.6,1.4291754707364e-13,-5.76648114507796e-14,1.72164779983466e-13,-3.30928218450936e-27,-3.81666561775622e-14
53.62,7.63333123551244e-14,-3.81666561775622e-14,2.28999937065373e-13,-4.62055754604786e-28,-3.81666561775622e-14
53.64,7.79478297570519e-14,-7.79478297570519e-14,2.25770902261518e-13,-6.44454661623234e-29,-3.81666561775622e-14
53.66,1.35430492999997e-13,-5.54027878878138e-14,1.9452767364487e-13,-9.02728552042615e-30,-3.81666561775622e-14
53.68,1.52666624710249e-13,-4.92036509361798e-14,2.17962942306756e-13,-1.250381346797e-30,-3.81666561775622e-14
53.7,1.14499968532687e-13,-3.81666561775622e-14,1.52666624710249e-13,-1.74072460158131e-31,-3.81666561775622e-14
53.72,1.14499968532687e-13,-9.22116909592761e-14,2.28999937065373e-13,-2.42247708799962e-32,-3.81666561775622e-14
53.74,1.14499968532687e-13,-7.60444850457062e-14,1.52666624710249e-13,-3.36693721137756e-33,-3.81666561775622e-14
53.76,1.14499968532687e-13,-7.63333123551244e-14,1.69351356176541e-13,-4.68435350017684e-34,-3.81666561775622e-14
53.78,1.14499968532687e-13,-5.91492982487957e-14,1.52666624710249e-13,-6.50680868383006e-35,-3.81666561775622e-14
53.8,1.52666624710249e-13,-1.14499968532687e-13,1.52666624710249e-13,-8.98738166832782e-36,-3.81666561775622e-14
53.82,1.14499968532687e-13,-1.1095899025807e-13,1.52666624710249e-13,-1.24486322926321e-36,-3.81666561775622e-14
53.84,1.1102822177704e-13,-4.51101496888561e-14,2.28999937065373e-13,-1.72518914427843e-37,-3.81666561775622e-14
53.86,1.2204435421085e-13,-3.81666561775622e-14,2.13911165709047e-13,-2.39015703138294e-38,-3.81666561775622e-14
53.88,1.14499968532687e-13,-9.95119806417889e-14,1.52666624710249e-13,-3.321773183575e-39,-3.81666561775622e-14
53.9,1.14499968532687e-13,-4.58461286212389e-14,2.28999937065373e-13,-4.57946851090466e-40,-3.81666561775622e-14
53.92,1.14499968532687e-13,-4.38703164062181e-14,1.52666624710249e-13,-6.31822568632549e-41,-3.81666561775622e-14
53.94,7.63333123551244e-14,-3.81666561775622e-14,2.28999937065373e-13,-8.74121507167632e-42,-3.81666561775622e-14
53.96,1.0614492543025e-13,-3.81666561775622e-14,1.69376710915121e-13,-1.20730592848633e-42,-3.81666561775622e-14
53.98,1.50416283500515e-13,-1.09999286113219e-13,1.48165942290782e-13,-1.66688029834098e-43,-3.81666561775622e-14
54,9.78700465493751e-14,-1.14499968532687e-13,1.85926468676872e-13,-2.31131270906026e-44,-3.81666561775622e-14
54.02,1.38323983578188e-13,-1.00157327400625e-13,1.6700926584231e-13,-3.17177830147899e-45,-3.81666561775622e-14
54.04,9.64240648297619e-14,-7.43184635834116e-14,1.88818432116098e-13,-4.37589092503206e-46,-3.81666561775622e-14
54.06,1.37732408916563e-13,-3.81666561775622e-14,1.52666624710249e-13,-6.0377867054251e-47,-3.81666561775622e-14
54.08,1.34299509443493e-13,-7.49008867110737e-14,1.92265706531862e-13,-8.32381210996263e-48,-3.81666561775622e-14
54.1,1.14499968532687e-13,-9.68575267089825e-14,2.11357495241669e-13,-1.14927006557911e-48,-3.81666561775622e-14
54.12,1.14499968532687e-13,-4.81935428947013e-14,1.52666624710249e-13,-1.58404649663117e-49,-3.81666561775622e-14
54.14,1.14499968532687e-13,-6.5360755421537e-14,1.79860723954224e-13,-2.17244777782523e-50,-3.81666561775622e-14
54.16,1.14499968532687e-13,-7.57147370758005e-14,2.28999937065373e-13,-2.98823645755106e-51,-3.81666561775622e-14
54.18,7.89656065476996e-14,-3.81666561775622e-14,2.23735348680223e-13,-4.11383641255935e-52,-3.81666561775622e-14
54.2,7.63333123551244e-14,-3.81666561775622e-14,2.15361201010538e-13,-5.66364407423615e-53,-3.81666561775622e-14
54.22,1.14499968532687e-13,-3.81666561775622e-14,1.83460987947139e-13,-7.82460254943742e-54,-3.81666561775622e-14
54.24,8.32694149685536e-14,-4.16347074842768e-14,2.28999937065373e-13,-1.07209580136071e-54,-3.81666561775622e-14
54.26,1.14499968532687e-13,-1.14499968532687e-13,1.52666624710249e-13,-1.47115800381939e-55,-3.81666561775622e-14
54.28,1.14499968532687e-13,-3.81666561775622e-14,2.05412872331752e-13,-2.02422217777299e-56,-3.81666561775622e-14
54.3,1.43544280776976e-13,-1.14499968532687e-13,1.52666624710249e-13,-2.78118579727005e-57,-3.81666561775622e-14
54.32,1.14499968532687e-13,-1.09001851981717e-13,1.58164741261218e-13,-3.8210416110656e-58,-3.81666561775622e-14
54.34,9.24469643731733e-14,-7.03939602136599e-14,1.96772633029275e-13,-5.27091559801718e-59,-3.81666561775622e-14
54.36,8.48060600636171e-14,-5.51121515945476e-14,2.12054441648388e-13,-7.19945012115607e-60,-3.81666561775622e-14
54.38,1.3593964956483e-13,-7.16206064683995e-14,2.28999937065373e-13,-9.88632596702578e-61,-3.81666561775622e-14
54.4,1.14499968532687e-13,-1.14499968532687e-13,2.01174673787685e-13,-1.35800945772929e-61,-3.81666561775622e-14
54.42,9.37309864761879e-14,-7.97046202905597e-14,1.94204588823246e-13,-1.86420384306612e-62,-3.81666561775622e-14
54.44,1.43280484031733e-13,-9.57276871756557e-14,2.28999937065373e-13,-2.56372055185714e-63,-3.81666561775622e-14
54.46,1.05051074144563e-13,-7.63333123551244e-14,2.28999937065373e-13,-3.51808861297408e-64,-3.81666561775622e-14
54.48,1.02560348183898e-13,-3.81666561775622e-14,2.05120696367795e-13,-4.80656782746108e-65,-3.81666561775622e-14
54.5,1.13750325015387e-13,-1.13750325015387e-13,1.54165911744848e-13,-6.58720128524077e-66,-3.81666561775622e-14
54.52,1.15894713805617e-13,-3.81666561775622e-14,2.26210446519511e-13,-9.03257172864143e-67,-3.81666561775622e-14
54.54,1.14499968532687e-13,-7.63333123551244e-14,1.52666624710249e-13,-1.23913712464222e-67,-3.81666561775622e-14
54.56,1.14499968532687e-13,-7.63333123551244e-14,2.28999937065373e-13,-1.7064678882207e-68,-3.81666561775622e-14
54.58,7.63333123551244e-14,-1.09101955976711e-13,2.28999937065373e-13,-2.32901143618623e-69,-3.81666561775622e-14
54.6,7.63333123551244e-14,-3.81666561775622e-14,2.17218186439485e-13,-3.18722431417496e-70,-3.81666561775622e-14
54.62,1.14499968532687e-13,-1.14499968532687e-13,1.52666624710249e-13,-4.37125652475343e-71,-3.81666561775622e-14
54.64,9.73871697200683e-14,-4.86935848600341e-14,2.28999937065373e-13,-5.98750646958953e-72,-3.81666561775622e-14
54.66,1.14499968532687e-13,-7.98822016846888e-14,2.28999937065373e-13,-8.20341849760689e-73,-3.81666561775622e-14
54.68,9.92308242306639e-14,-8.39616799286412e-14,1.83204913314294e-13,-1.12776637822391e-73,-3.81666561775622e-14
54.7,8.7097780206124e-14,-3.81666561775622e-14,2.07471001363374e-13,-1.53623034280804e-74,-3.81666561775622e-14
54.72,1.14499968532687e-13,-3.81666561775622e-14,1.81424943792069e-13,-2.10337868005472e-75,-3.81666561775622e-14
54.74,1.02190727077939e-13,-3.81666561775622e-14,1.77285107619743e-13,-2.88124783008459e-76,-3.81666561775622e-14
54.76,1.14499968532687e-13,-3.81666561775622e-14,1.84431212182731e-13,-3.94493793316364e-77,-3.81666561775622e-14
54.78,1.24739556966895e-13,-7.63333123551244e-14,2.08520760196957e-13,-5.4128220469884e-78,-3.81666561775622e-14
54.8,1.14499968532687e-13,-5.54146770672646e-14,1.69914645599951e-13,-7.40511302043423e-79,-3.81666561775622e-14
54.82,1.42782442601036e-13,-5.79350203959882e-14,2.28999937065373e-13,-1.00940395112427e-79,-3.81666561775622e-14
54.84,1.1666120117949e-13,-1.12338735885883e-13,1.56989090003855e-13,-1.38043570394535e-80,-3.81666561775622e-14
54.86,1.14499968532687e-13,-1.14495115979865e-13,2.28999937065373e-13,-1.887544117532e-81,-3.81666561775622e-14
54.88,8.06763785855667e-14,-4.68527886384468e-14,2.28999937065373e-13,-2.58366047004232e-82,-3.81666561775622e-14
54.9,7.63333123551244e-14,-5.49726070319786e-14,1.9538803535654e-13,-3.55105397265955e-83,-3.81666561775622e-14
54.92,8.04008502749558e-14,-7.83670813150401e-14,1.52666624710249e-13,-4.83363138477145e-84,-3.81666561775622e-14
54.94,1.14499968532687e-13,-5.33792228808897e-14,2.13787370362046e-13,-6.60377190301131e-85,-3.81666561775622e-14
54.96,9.99899073486507e-14,-6.71867785456341e-14,1.99979814697301e-13,-9.0377340320209e-86,-3.81666561775622e-14
54.98,1.14499968532687e-13,-1.14499968532687e-13,2.05809479030724e-13,-1.23544193207162e-86,-3.81666561775622e-14
55,1.14499968532687e-13,-3.81666561775622e-14,2.28999937065373e-13,-1.68590224053991e-87,-3.81666561775622e-14
