Time_s,BottomArm_deg,MiddleArm_deg,TopArm_deg,Bicep_deg,Wrist_deg
0,6.31022048802362e-12,-3.02788805675327e-12,-1.52666624710249e-12,-0,-0
0.02,-0.000464198398030895,0.000232100030386852,0.000232098367771265,-0,-0
0.04,-0.00364038062016284,0.00182024053502869,0.00182014007786529,-0,-0
0.06,-0.0111729477578699,0.00558694549277483,0.00558600205286876,-0,-0
0.08,-0.0235185151865611,0.0117613469082805,0.011757166296486,-0,-0
0.1,-0.0407548659432305,0.0203837044306231,0.0203711512013495,-0,-0
0.12,-0.0628829838417669,0.0314564165169091,0.0314265294422071,-0,-0
0.14,-0.0898809889498671,0.0449709667650942,0.044909911584285,-0,-0
0.16,-0.121726409805966,0.0609190611415875,0.0608070739090193,-0,-0
0.18,-0.158384493030962,0.0792867373941501,0.0790971504556461,-0,-0
0.2,-0.199821131179175,0.100060835944927,0.0997590800410101,-0,-0
0.22,-0.245996770659463,0.123225919502191,0.122768583771517,-0,-0
0.24,-0.296864605113332,0.148763325967539,0.148097294168165,-0,-0
0.26,-0.352373847804082,0.176652780231686,0.175714403379625,-0,-0
0.28,-0.412470651351628,0.206872838305667,0.205587125128013,-0,-0
0.3,-0.477103560169191,0.239403651048442,0.237683365903416,-0,-0
0.32,-0.546191534170147,0.27421056963272,0.271956147624951,-0,-0
0.34,-0.619681752309924,0.311273655738002,0.308371855740027,-0,-0
0.36,-0.697500760527556,0.350562682110407,0.346886398166267,-0,-0
0.38,-0.779569516632328,0.392044737018479,0.387452629295491,-0,-0
0.4,-0.865810383805482,0.435687817899335,0.430023726524629,-0,-0
0.42,-0.956143581039892,0.481458974911175,0.474551485078217,-0,-0
0.44,-1.05046895012471,0.529314712701946,0.520977719555753,-0,-0
0.46,-1.14870392455366,0.579220786381167,0.569252340988652,-0,-0
0.48,-1.25075522805384,0.631137399739472,0.619319906379447,-0,-0
0.5,-1.35652116760991,0.685020292390156,0.671120827974176,-0,-0
0.52,-1.46590172673776,0.740826049479171,0.7245961111889,-0,-0
0.54,-1.57879314070784,0.798509178463812,0.779684870647873,-0,-0
0.56,-1.69507883710576,0.85801716097059,0.836320291776253,-0,-0
0.58,-1.8146524200601,0.919302799005608,0.894440111871497,-0,-0
0.6,-1.93740183236419,0.982315667504557,0.953979429284081,-0,-0
0.62,-2.06320717494992,1.04700085107713,1.01486983007814,-0,-0
0.64,-2.19194885343653,1.11330334186136,1.07704307023989,-0,-0
0.66,-2.32350543693159,1.18116683272592,1.14043016988642,-0,-0
0.68,-2.4577449071006,1.25052877073182,1.204957780768,-0,-0
0.7,-2.59454364964375,1.32133097539109,1.27055625469874,-0,-0
0.72,-2.73377321291618,1.39351221408277,1.33715404820429,-0,-0
0.74,-2.87529864784727,1.46700717424423,1.40467718590267,-0,-0
0.76,-3.01898629995916,1.54175088495592,1.47305247539377,-0,-0
0.78,-3.16470078485889,1.61767696506456,1.54220632520867,-0,-0
0.8,-3.31229770298638,1.69471327403114,1.61206213805589,-0,-0
0.82,-3.46164141903283,1.77279242296313,1.68254692881519,-0,-0
0.84,-3.61259009698322,1.8518429389941,1.75358576735351,-0,-0
0.86,-3.76499845558925,1.93179075997603,1.82510306100773,-0,-0
0.88,-3.91872175891541,2.01256170313559,1.89702387972873,-0,-0
0.9,-4.07361526256283,2.09408120791112,1.96927364730587,-0,-0
0.92,-4.22952672386669,2.17626932637606,2.0417764684767,-0,-0
0.94,-4.38631175629764,2.25905090431098,2.11445882998069,-0,-0
0.96,-4.54381888084284,2.34234563999198,2.18724613376283,-0,-0
0.98,-4.7018972431656,2.42607317676494,2.2600646253088,-0,-0
1,-4.86039549267617,2.510152441689,2.33284101815867,-0,-0
1.02,-5.01916128736991,2.59450124141935,2.40550256720902,-0,-0
1.04,-5.17804173543181,2.67903630362204,2.47797771124965,-0,-0
1.06,-5.33688392954679,2.76367446809697,2.55019462435917,-0,-0
1.08,-5.49553410821895,2.84833116086176,2.62208295106604,-0,-0
1.1,-5.65383859751987,2.9329214850259,2.69357317155859,-0,-0
1.12,-5.8116430274616,3.01735985319758,2.76459617552275,-0,-0
1.14,-5.96879504621556,3.10156099442336,2.83508549251968,-0,-0
1.16,-6.12514044179654,3.18543867870668,2.90497389743212,-0,-0
1.18,-6.28052482449523,3.26890618530382,2.97419511286056,-0,-0
1.2,-6.43479645780859,3.35187762354301,3.04268561008043,-0,-0
1.22,-6.58780263405187,3.43426645935504,3.11038198136733,-0,-0
1.24,-6.73939028370748,3.5159857509197,3.17722144450737,-0,-0
1.26,-6.88941378814001,3.59695191648887,3.24314645997523,-0,-0
1.28,-7.03771802295285,3.67707669393331,3.30809455495939,-0,-0
1.3,-7.18415584788343,3.7562754940091,3.37200876604254,-0,-0
1.32,-7.32858041019462,3.83446382614401,3.43483285737959,-0,-0
1.34,-7.47084375223016,3.91155655105055,3.4965107094727,-0,-0
1.36,-7.61080687398062,3.98747304579772,3.55699153696885,-0,-0
1.38,-7.74832341818675,4.06212893228878,3.61622123808065,-0,-0
1.4,-7.88325094526324,4.13544182309384,3.67414832186582,-0,-0
1.42,-8.01545346681912,4.20733268751071,3.73072509224547,-0,-0
1.44,-8.14479256501779,4.27772128696159,3.78590306806964,-0,-0
1.46,-8.27113448718543,4.346529903626,3.83963642490023,-0,-0
1.48,-8.39435345887931,4.41368512746028,3.8918834958637,-0,-0
1.5,-8.51431297245013,4.47910797195608,3.9425977856345,-0,-0
1.52,-8.63088890611635,4.54272612047504,3.99173895626898,-0,-0
1.54,-8.74395882491258,4.60446830363598,4.03926759270043,-0,-0
1.56,-8.85339834248449,4.66426233668149,4.08514356133992,-0,-0
1.58,-8.95910531268876,4.72204814517778,4.12933686488586,-0,-0
1.6,-9.06095207330715,4.77775210934578,4.17180594262454,-0,-0
1.62,-9.15883387259416,4.83131309142313,4.21251958235127,-0,-0
1.64,-9.252646220902,4.88267029702239,4.25144650011085,-0,-0
1.66,-9.34228370169011,4.93176260376533,4.288554877507,-0,-0
1.68,-9.42765989001048,4.97853938664706,4.32382092453305,-0,-0
1.7,-9.50867222000618,5.02294144538217,4.35721357112072,-0,-0
1.72,-9.58523232387855,5.06491748174017,4.38870756843331,-0,-0
1.74,-9.65725868382506,5.10442011640135,4.41828022827066,-0,-0
1.76,-9.72466906704022,5.14140177582164,4.44590810008909,-0,-0
1.78,-9.78739505989922,5.17582262344448,4.47157306833963,-0,-0
1.8,-9.84536767877854,5.20764270143075,4.49525623327814,-0,-0
1.82,-9.89851306946388,5.23681956403679,4.51693612300296,-0,-0
1.84,-9.94677909537808,5.26332283655436,4.53659967302897,-0,-0
1.86,-9.99010935448648,5.28711998759609,4.55423139276353,-0,-0
1.88,-10.0284549815859,5.30818279218934,4.56981820942384,-0,-0
1.9,-10.061783330446,5.32649209857845,4.58335296122835,-0,-0
1.92,-10.0900439200382,5.34201913543385,4.59482044492677,-0,-0
1.94,-10.113208800817,5.35474766345301,4.60421389391431,-0,-0
1.96,-10.1312532973375,5.36466340726303,4.61152706481589,-0,-0
1.98,-10.1441500974195,5.3717508036119,4.61675183170321,-0,-0
2,-10.1519037789314,5.37601197258784,4.61989216546087,-0,-0
2.02,-10.1549714363574,5.37769788923011,4.62113442672295,-0,-0
2.04,-10.1557138968688,5.37810593187954,4.62143507433127,-0,-0
2.06,-10.1558587271555,5.37818552806921,4.62149372037666,-0,-0
2.08,-10.1558843235575,5.37819959540783,4.62150408508993,-0,-0
2.1,-10.1558886320856,5.3782019633003,4.62150582973517,-0,-0
2.12,-10.1549218655786,5.37767064607922,4.6211143536173,-0,-0
2.14,-10.1482663634495,5.37401295357927,4.61841904841619,-0,-0
2.16,-10.1324808839413,5.36533800983185,4.61202446039019,-0,-0
2.18,-10.1066181795265,5.35112617353845,4.60154193896251,-0,-0
2.2,-10.07053498552,5.33130029512853,4.58690507195591,-0,-0
2.22,-10.0242283328145,5.30586099321822,4.56810092831114,-0,-0
2.24,-9.96774463869836,5.27483671106834,4.54513333558389,-0,-0
2.26,-9.90116120952552,5.23827355525594,4.51801559746586,-0,-0
2.28,-9.8245516661442,5.19621636408382,4.48675640809512,-0,-0
2.3,-9.73804162873025,5.14873922298628,4.45138314308402,-0,-0
2.32,-9.64170187438546,5.09588703030002,4.41189752663051,-0,-0
2.34,-9.53566567380549,5.03773974264834,4.36832469853097,-0,-0
2.36,-9.42006416821423,4.97437704882225,4.32068649309709,-0,-0
2.38,-9.29502500394179,4.90587770714552,4.26900089688505,-0,-0
2.4,-9.16073247708163,4.83235225291865,4.21330831261316,-0,-0
2.42,-9.01731531661489,4.75388210530367,4.15362309602916,-0,-0
2.44,-8.86495449496448,4.67057810756997,4.08998070167854,-0,-0
2.46,-8.7038301997628,4.58255178627024,4.02241482866451,-0,-0
2.48,-8.53411917955417,4.48991400246388,3.95095632520514,-0,-0
2.5,-8.3560505945413,4.39280482924006,3.87565917593612,-0,-0
2.52,-8.16980052050862,4.29133716055606,3.79655214896121,-0,-0
2.54,-7.9755859006685,4.18564693370759,3.71368241043259,-0,-0
2.56,-7.77362851299757,4.07587382600904,3.62709925940539,-0,-0
2.58,-7.5641473716205,3.96215726832936,3.53685067690922,-0,-0
2.6,-7.34739495061008,3.84465525287254,3.44300159919534,-0,-0
2.62,-7.12358560537818,3.72350713295969,3.34559844228951,-0,-0
2.64,-6.89296688673219,3.59887059088797,3.24470500135593,-0,-0
2.66,-6.65578668704547,3.47090447460446,3.14038638657031,-0,-0
2.68,-6.41229107507175,3.33976771366337,3.03270798062483,-0,-0
2.7,-6.1627520666581,3.2056329401535,2.92175089906104,-0,-0
2.72,-5.90740987440039,3.06865790721452,2.80758049868655,-0,-0
2.74,-5.64653002774085,2.92901355581967,2.690277984484,-0,-0
2.76,-5.38037893643934,2.78687176444308,2.56992729471147,-0,-0
2.78,-5.10921689785826,2.64240204219789,2.4466110688937,-0,-0
2.8,-4.83333051617095,2.49578607920432,2.32043057940297,-0,-0
2.82,-4.55297421863171,2.34719128756862,2.19146990180242,-0,-0
2.84,-4.26842538751343,2.19679532748579,2.05983020071588,-0,-0
2.86,-3.97995915632989,2.04477469877188,1.92561413947558,-0,-0
2.88,-3.68784742574305,1.89130428855834,1.78892526990118,-0,-0
2.9,-3.39237921730079,1.73656478402259,1.64988254545394,-0,-0
2.92,-3.09381864770744,1.58072708962802,1.50859018523662,-0,-0
2.94,-2.79244954404719,1.42396836246454,1.36516998467137,-0,-0
2.96,-2.48855141336891,1.2664630095734,1.21974406305169,-0,-0
2.98,-2.18240282556512,1.10838409088475,1.07243691124256,-0,-0
3,-1.87428708904651,0.949904066421584,0.923380758861034,-0,-0
3.02,-1.5644835840478,0.791192691842177,0.772707949275416,-0,-0
3.04,-1.25327095020789,0.632418292200445,0.62055291069014,-0,-0
3.06,-0.940932398507624,0.473747581103467,0.467057941379907,-0,-0
3.08,-0.627749131411109,0.315344700379417,0.312366752245395,-0,-0
3.1,-0.314002111187065,0.157372363229497,0.156624989898721,-0,-0
3.12,2.5742364580337e-05,-1.28221294499361e-05,-1.292021335159e-05,-0,-0
3.14,0.314053950314107,-0.15665176982365,-0.157397456845506,-0,-0
3.16,0.627800370971112,-0.312391849435044,-0.315370813345647,-0,-0
3.18,0.940983436929881,-0.467082847086029,-0.473773666797042,-0,-0
3.2,1.25332098464752,-0.620576631742127,-0.632444456557855,-0,-0
3.22,1.56453438068534,-0.772732742962785,-0.791218642146747,-0,-0
3.24,1.87433843249927,-0.923406090414411,-0.949930083732764,-0,-0
3.26,2.18245276808954,-1.07246081771859,-1.10840997338291,-0,-0
3.28,2.48860253495576,-1.21976896736293,-1.26648918081724,-0,-0
3.3,2.79249967263769,-1.36519403926144,-1.42399429683445,-0,-0
3.32,3.09386471060132,-1.50861109243279,-1.58075174163054,-0,-0
3.34,3.39242712079463,-1.64990495767546,-1.73658995760727,-0,-0
3.36,3.68789904939233,-1.78895032510775,-1.89133084404842,-0,-0
3.38,3.98000431173958,-1.92563465048259,-2.04479879824296,-0,-0
3.4,4.2684723816836,-2.05985197013933,-2.19682014964551,-0,-0
3.42,4.55301977096862,-2.1914907904114,-2.34721546820229,-0,-0
3.44,4.83337266235952,-2.32044927739779,-2.49580878889783,-0,-0
3.46,5.10926791057221,-2.44663529073641,-2.64242869159962,-0,-0
3.48,5.38042285853605,-2.56994718532842,-2.78689520726103,-0,-0
3.5,5.64657286921479,-2.69029722157611,-2.92903650100052,-0,-0
3.52,5.90744977719629,-2.80759807025553,-3.06867943701332,-0,-0
3.54,6.16279357776079,-2.92176937298444,-3.20565524680388,-0,-0
3.56,6.41233845596381,-3.03272968948495,-3.33979291145157,-0,-0
3.58,6.65582789721448,-3.14040470311911,-3.4709266312302,-0,-0
3.6,6.89300579131426,-3.24472209471611,-3.59889158835291,-0,-0
3.62,7.12361943304192,-3.34561290709618,-3.72352554032077,-0,-0
3.64,7.34743190335157,-3.44301768723203,-3.84467525346901,-0,-0
3.66,7.5641899362048,-3.53686955668196,-3.96218018741398,-0,-0
3.68,7.77366215193852,-3.62711367489231,-4.07589211239462,-0,-0
3.7,7.97561874338845,-3.7136964565796,-4.18566479625945,-0,-0
3.72,8.16982861161649,-3.79656395880484,-4.29135250171179,-0,-0
3.74,8.35607438330721,-3.87566898576926,-4.39281787583448,-0,-0
3.76,8.53415749399138,-3.95097287468053,-4.48993479865535,-0,-0
3.78,8.70385493740423,-4.02242514084438,-4.58256531787832,-0,-0
3.8,8.86497697260475,-4.08998999328902,-4.67059042304061,-0,-0
3.82,9.01733833086522,-4.15363265580935,-4.75389470206742,-0,-0
3.84,9.16075287533188,-4.21331673194332,-4.83236343084497,-0,-0
3.86,9.29505047843249,-4.26901153263341,-4.90589163772298,-0,-0
3.88,9.42008629878967,-4.32069565845696,-4.9743891684801,-0,-0
3.9,9.53568415501512,-4.36833229945203,-5.03774987580151,-0,-0
3.92,9.64171429541631,-4.41190257094095,-5.09589385456446,-0,-0
3.94,9.7380548717007,-4.4513885478412,-5.14874649294209,-0,-0
3.96,9.82456578246488,-4.48676217852577,-5.19622411153109,-0,-0
3.98,9.90117628028652,-4.51802176138824,-5.23828182591443,-0,-0
4,9.96775729403102,-4.54513849849027,-5.27484365882567,-0,-0
4.02,10.0242249544997,-4.56809952174248,-5.30585914397881,-0,-0
4.04,10.0705458785917,-4.58690950418629,-5.33130627774454,-0,-0
4.06,10.1066223707241,-4.60154364828662,-5.35112847465904,-0,-0
4.08,10.1324118351203,-4.61199647878495,-5.36530006584485,-0,-0
4.1,10.1479188065368,-4.61827828438215,-5.37382194757712,-0,-0
4.12,10.1540512524187,-4.62076180466832,-5.37719217456318,-0,-0
4.14,10.1555371588969,-4.62136350761826,-5.37800879984148,-0,-0
4.16,10.1558280576549,-4.62148130141169,-5.37816867264509,-0,-0
4.18,10.1558792417787,-4.62150202733313,-5.3781968025501,-0,-0
4.2,10.1558878050478,-4.621505494844,-5.37820150877454,-0,-0
4.22,10.1554053783151,-4.6213101453462,-5.37793637562188,-0,-0
4.24,10.1520774874395,-4.61996251205287,-5.37610743846324,-0,-0
4.26,10.1441790025226,-4.61676353973659,-5.37176668870003,-0,-0
4.28,10.1312554626217,-4.61152794200707,-5.36466459719014,-0,-0
4.3,10.113204935109,-4.60421232551701,-5.35474553949906,-0,-0
4.32,10.090033718304,-4.59481629759565,-5.34201353181503,-0,-0
4.34,10.0617782530202,-4.58335090019194,-5.32648930906033,-0,-0
4.36,10.0284531039088,-4.56981745859965,-5.3081817584104,-0,-0
4.38,9.99009997608036,-4.5542275693037,-5.28711483834874,-0,-0
4.4,9.94677188167124,-4.53659673806277,-5.26331887467792,-0,-0
4.42,9.89850535834394,-4.51693298486274,-5.23681532912125,-0,-0
4.44,9.84535195902002,-4.49524977224537,-5.20763408111166,-0,-0
4.46,9.7873894848729,-4.47157082734193,-5.17581955585406,-0,-0
4.48,9.72466284684095,-4.44590559360468,-5.14139835436745,-0,-0
4.5,9.65724320944516,-4.41827383420132,-5.10441163823055,-0,-0
4.52,9.58522107073233,-4.38870295983053,-5.06491130741335,-0,-0
4.54,9.50865861078983,-4.35720794803378,-5.02293398930883,-0,-0
4.56,9.42764555219956,-4.32381499484612,-4.97853153273893,-0,-0
4.58,9.34227421695813,-4.28855105141517,-4.93175738573904,-0,-0
4.6,9.25263126078058,-4.25144030328927,-4.88266210456359,-0,-0
4.62,9.15881609106814,-4.21251214711633,-4.83130337091409,-0,-0
4.64,9.06093595617516,-4.17179924072932,-4.77774328952844,-0,-0
4.66,8.95908855225383,-4.12932987365456,-4.7220389788156,-0,-0
4.68,8.85338497884469,-4.08513811490678,-4.66425499424729,-0,-0
4.7,8.74393923143245,-4.039259314105,-4.60445761600908,-0,-0
4.72,8.63086939584865,-3.99173070234842,-4.54271548146172,-0,-0
4.74,8.51429357608881,-3.94258958513854,-4.47909739377556,-0,-0
4.76,8.39433389525203,-3.89187522874212,-4.41367445686684,-0,-0
4.78,8.27111727609307,-3.83962929144464,-4.34652047410258,-0,-0
4.8,8.1447722935827,-3.78589447553695,-4.27771023776775,-0,-0
4.82,8.01542964179205,-3.73071477461283,-4.20731977000374,-0,-0
4.84,7.88322971519854,-3.67413927462637,-4.1354302658525,-0,-0
4.86,7.74830016922652,-3.61621117317412,-4.06211632781693,-0,-0
4.88,7.61078543934636,-3.55698241259797,-3.9874613722493,-0,-0
4.9,7.47082334598932,-3.49650213813267,-3.91154539589766,-0,-0
4.92,7.32855706089653,-3.43482273451664,-3.83445117301508,-0,-0
4.94,7.18412995773626,-3.37199724691103,-3.75626157283693,-0,-0
4.96,7.03769378828909,-3.30808395700508,-3.67706359470254,-0,-0
4.98,6.8893889285672,-3.24313549690733,-3.59693851520074,-0,-0
5,6.7393669258517,-3.1772113767282,-3.51597306610137,-0,-0
5.02,6.58777790311762,-3.11037110148182,-3.43425311696751,-0,-0
5.04,6.43477143960995,-3.04267457228999,-3.35186413879783,-0,-0
5.06,6.28049818389871,-2.97418299187529,-3.26889198422937,-0,-0
5.08,6.12511475302847,-2.90496240320091,-3.18542490176595,-0,-0
5.1,5.96876967267794,-2.83507423288049,-3.10154734408339,-0,-0
5.12,5.81161754022969,-2.76458485537948,-3.0173461450377,-0,-0
5.14,5.65381280862627,-2.69356159716651,-2.93290767028226,-0,-0
5.16,5.49550820062312,-2.62207128244126,-2.84831730172091,-0,-0
5.18,5.33685766635261,-2.55018239250289,-2.76366061978669,-0,-0
5.2,5.17801569333914,-2.47796587709661,-2.67902242420667,-0,-0
5.22,5.01913510570582,-2.40549086381295,-2.59448718513779,-0,-0
5.24,4.86036950518976,-2.33282907869736,-2.51013865967251,-0,-0
5.26,4.70187118959134,-2.26005270305232,-2.42605933366362,-0,-0
5.28,4.54379286517684,-2.18723421171406,-2.34233182566924,-0,-0
5.3,4.38628674924042,-2.11444700146591,-2.25903783600931,-0,-0
5.32,4.22950119534701,-2.04176458232356,-2.17625587766815,-0,-0
5.34,4.07358870018678,-1.96926151700429,-2.09406707263499,-0,-0
5.36,3.91869698357937,-1.89701219957535,-2.01254873971252,-0,-0
5.38,3.76497451607471,-1.82509164402194,-1.93177831663624,-0,-0
5.4,3.61256482042224,-1.75357394511036,-1.85182965509049,-0,-0
5.42,3.46161722751101,-1.68253546715197,-1.77277980389823,-0,-0
5.44,3.31227488623723,-1.61205116501329,-1.69470148049494,-0,-0
5.46,3.16467455397419,-1.54219413430876,-1.61766312283354,-0,-0
5.48,3.01896293622193,-1.47304133810994,-1.54173874485182,-0,-0
5.5,2.8752775542656,-1.40466692928094,-1.46699635539702,-0,-0
5.52,2.73374996513244,-1.33714295216808,-1.39350014439017,-0,-0
5.54,2.59452149954625,-1.27054561455413,-1.32131952476312,-0,-0
5.56,2.45772153402639,-1.2049466331493,-1.25051662890371,-0,-0
5.58,2.32348371918361,-1.14041971496852,-1.18115562265142,-0,-0
5.6,2.19192725035184,-1.0770326658665,-1.11329219440047,-0,-0
5.62,2.06318644856188,-1.01485979721867,-1.04699019508816,-0,-0
5.64,1.9373819273566,-0.953969768256756,-0.98230545416909,-0,-0
5.66,1.81463330043735,-0.894430801432471,-0.919293013252955,-0,-0
5.68,1.69506146005908,-0.836311762765792,-0.858008321892817,-0,-0
5.7,1.57877086149323,-0.779674130160134,-0.798497686232013,-0,-0
5.72,1.46588315354785,-0.724587052054511,-0.740816555738456,-0,-0
5.74,1.35650453753019,-0.671112652016863,-0.685011846437528,-0,-0
5.76,1.2507391783617,-0.619312010785338,-0.631129253159798,-0,-0
5.78,1.14869116700519,-0.569245993156651,-0.579214373501758,-0,-0
5.8,1.05045414561602,-0.520970413121448,-0.529307219025673,-0,-0
5.82,0.956122870912225,-0.474541377625031,-0.4814483911432,-0,-0
5.84,0.86579624158699,-0.430016743586055,-0.435680662790272,-0,-0
5.86,0.779556353756341,-0.387446116213762,-0.392038089891463,-0,-0
5.88,0.697488623702838,-0.346880382563151,-0.350556562582655,-0,-0
5.9,0.619674564228342,-0.308368237084618,-0.311270083311494,-0,-0
5.92,0.546179308712578,-0.271950091399145,-0.274204402396897,-0,-0
5.94,0.477086474447047,-0.237674937509944,-0.239394998412524,-0,-0
5.96,0.412460455339184,-0.205582061578599,-0.206867706746528,-0,-0
5.98,0.352363716613867,-0.175709371628163,-0.17664768164235,-0,-0
6,0.296860971980474,-0.148095462113164,-0.148761524199376,-0,-0
6.02,0.245988823277016,-0.122764625650768,-0.123221930480281,-0,-0
6.04,0.199814746865112,-0.0997558947900063,-0.100057636931424,-0,-0
6.06,0.158378809518332,-0.0790943140362877,-0.0792838903375237,-0,-0
6.08,0.12172075387813,-0.0608042510304192,-0.0609162281283403,-0,-0
6.1,0.0898821212873646,-0.0449104681001921,-0.0449715424865571,-0,-0
6.12,0.0628783927141322,-0.0314242367077401,-0.0314541181365077,-0,-0
6.14,0.0407531135702793,-0.0203702752299378,-0.0203828280284462,-0,-0
6.16,0.0235226450876236,-0.0117592300303816,-0.0117634130727943,-0,-0
6.18,0.0112030149687004,-0.00560103276830013,-0.00560198198564771,-0,-0
6.2,0.00380994979989418,-0.00190499145582674,-0.00190495832797611,-0,-0
6.22,0.000877408972347756,-0.000840055770598463,-3.73426248152556e-05,-0,-0
6.24,0.000167426935911214,-0.00323389095754671,0.00306647996271808,-0,-0
6.26,2.93017537974427e-05,-0.00969254150527826,0.00966324831313376,-0,-0
6.28,4.86138968272875e-06,-0.0203731054439387,0.0203682470444847,-0,-0
6.3,7.79076009254204e-07,-0.0353022105499461,0.0353014323043616,-0,-0
6.32,1.22375669915044e-07,-0.054478003095273,0.0544778809205761,-0,-0
6.34,1.87019687934756e-08,-0.077869811912107,0.0778697932541102,-0,-0
6.36,2.83256832902216e-09,-0.105473485981391,0.105473483157947,-0,-0
6.38,4.24387749210605e-10,-0.137260571196895,0.137260570774386,-0,-0
6.4,6.30299608394562e-11,-0.173202697846259,0.173202697783675,-0,-0
6.42,9.33917138107711e-12,-0.213270928233153,0.213270928223986,-0,-0
6.44,1.39436657445057e-12,-0.2574273629061,0.257427362904798,-0,-0
6.46,2.64070458943491e-13,-0.305631668524495,0.305631668524349,-0,-0
6.48,1.01777749806833e-13,-0.357849790666355,0.357849790666429,-0,-0
6.5,2.75744580542341e-14,-0.414034318273686,0.414034318273758,-0,-0
6.52,5.08888749034163e-14,-0.4741356782394,0.474135678239415,-0,-0
6.54,3.55369890531301e-14,-0.538105420118632,0.538105420118739,-0,-0
6.56,7.38665754302794e-14,-0.605877540327145,0.605877540327183,-0,-0
6.58,7.63333123551244e-14,-0.677402232095447,0.677402232095475,-0,-0
6.6,7.87180700547447e-14,-0.752618014169931,0.752618014169972,-0,-0
6.62,8.21682630067362e-14,-0.831456149305391,0.831456149305456,-0,-0
6.64,5.75789734672011e-14,-0.913849545422734,0.913849545422783,-0,-0
6.66,3.99802197468507e-14,-0.999729329086752,0.999729329086879,-0,-0
6.68,4.04089407385774e-14,-1.08900921126839,1.08900921126841,-0,-0
6.7,6.47904764926112e-14,-1.18162314735876,1.18162314735881,-0,-0
6.72,7.63333123551244e-14,-1.27748624426934,1.27748624426944,-0,-0
6.74,6.27587193466136e-14,-1.37651337190723,1.37651337190723,-0,-0
6.76,7.63333123551244e-14,-1.47861895999791,1.478618959998,-0,-0
6.78,6.98627475621957e-14,-1.58370964350495,1.583709643505,-0,-0
6.8,7.63333123551244e-14,-1.69169172810512,1.69169172810519,-0,-0
6.82,7.63986500744231e-14,-1.80247419613134,1.80247419613141,-0,-0
6.84,7.77289445661148e-14,-1.91595674805441,1.91595674805448,-0,-0
6.86,7.63333123551244e-14,-2.03203741287906,2.03203741287913,-0,-0
6.88,6.5839474879186e-14,-2.15061449771199,2.15061449771204,-0,-0
6.9,3.16964562354085e-14,-2.2715742476892,2.27157424768928,-0,-0
6.92,7.63333123551244e-14,-2.39481407385869,2.39481407385873,-0,-0
6.94,6.74747795343919e-14,-2.52022209452887,2.52022209452886,-0,-0
6.96,5.08888749034163e-14,-2.64768269069032,2.6476826906904,-0,-0
6.98,7.63333123551244e-14,-2.77708057218139,2.77708057218142,-0,-0
7,5.08888749034163e-14,-2.90829849817291,2.90829849817298,-0,-0
7.02,5.08888749034163e-14,-3.04121067341773,3.04121067341777,-0,-0
7.04,4.03552776910153e-14,-3.17570029506527,3.17570029506536,-0,-0
7.06,6.74602663103617e-14,-3.31164088250874,3.31164088250879,-0,-0
7.08,7.93037854766093e-14,-3.44890551758154,3.4489055175816,-0,-0
7.1,6.37683077145555e-14,-3.58736653419027,3.58736653419032,-0,-0
7.12,7.63333123551244e-14,-3.72689251026212,3.7268925102622,-0,-0
7.14,5.08888749034163e-14,-3.86735190830364,3.8673519083037,-0,-0
7.16,2.67678250975734e-14,-4.00861293540073,4.00861293540081,-0,-0
7.18,7.63333123551244e-14,-4.15054021247195,4.15054021247203,-0,-0
7.2,3.26006373451491e-14,-4.29299769092847,4.29299769092851,-0,-0
7.22,6.17152625197501e-14,-4.43584832615537,4.43584832615541,-0,-0
7.24,5.08888749034163e-14,-4.57895292478494,4.57895292478502,-0,-0
7.26,2.14094629685934e-14,-4.72217305932218,4.72217305932225,-0,-0
7.28,4.33945745912758e-14,-4.86536828670667,4.8653682867068,-0,-0
7.3,5.08888749034163e-14,-5.00839760632646,5.00839760632655,-0,-0
7.32,7.14855447145401e-14,-5.15111931236898,5.15111931236907,-0,-0
7.34,7.63333123551244e-14,-5.29339097290047,5.29339097290054,-0,-0
7.36,8.01964540741709e-14,-5.43507183008308,5.43507183008315,-0,-0
7.38,5.08888749034163e-14,-5.57601733666078,5.57601733666086,-0,-0
7.4,5.08888749034163e-14,-5.71608518724329,5.71608518724335,-0,-0
7.42,4.65597567933676e-14,-5.85513294962219,5.85513294962225,-0,-0
7.44,7.63333123551244e-14,-5.9930173608227,5.99301736082276,-0,-0
7.46,3.69084398378284e-14,-6.12959810719024,6.12959810719028,-0,-0
7.48,5.73803514856778e-14,-6.26473366307888,6.26473366307893,-0,-0
7.5,2.69796504280441e-14,-6.39828070258247,6.39828070258257,-0,-0
7.52,2.55334254659185e-14,-6.53010058834941,6.53010058834947,-0,-0
7.54,7.63333123551244e-14,-6.66005389620858,6.6600538962087,-0,-0
7.56,6.21873252410424e-14,-6.78800068695257,6.78800068695267,-0,-0
7.58,7.50578501051929e-14,-6.91381181143445,6.91381181143452,-0,-0
7.6,3.59988777557015e-14,-7.03734525106792,7.037345251068,-0,-0
7.62,1.96163358905123e-14,-7.15846913730672,7.15846913730679,-0,-0
7.64,2.54444374517081e-14,-7.27705327112369,7.27705327112376,-0,-0
7.66,5.69868951986841e-15,-7.39296703802254,7.39296703802262,-0,-0
7.68,3.89186103179863e-14,-7.50608230242138,7.50608230242144,-0,-0
7.7,6.80189112188808e-14,-7.61628199236479,7.61628199236488,-0,-0
7.72,3.39306988918677e-14,-7.7234350007919,7.72343500079197,-0,-0
7.74,7.63333123551244e-14,-7.82742464661081,7.82742464661089,-0,-0
7.76,5.08888749034163e-14,-7.92813549039541,7.92813549039547,-0,-0
7.78,5.08888749034163e-14,-8.02545192504511,8.0254519250452,-0,-0
7.8,3.6119767657738e-14,-8.1192696162599,8.11926961626,-0,-0
7.82,8.18048004675178e-14,-8.20948087917002,8.2094808791701,-0,-0
7.84,2.99500649999146e-14,-8.295977445223,8.29597744522308,-0,-0
7.86,5.16063784886931e-14,-8.37866410661147,8.37866410661155,-0,-0
7.88,5.08888749034163e-14,-8.45744517121919,8.45744517121927,-0,-0
7.9,3.9231686848609e-14,-8.53222524817219,8.53222524817228,-0,-0
7.92,2.72163380627325e-14,-8.60293280892156,8.60293280892163,-0,-0
7.94,5.08888749034163e-14,-8.66947089908649,8.66947089908657,-0,-0
7.96,7.2004032484855e-14,-8.73176601736013,8.7317660173602,-0,-0
7.98,5.94325405934638e-14,-8.78974694724599,8.78974694724607,-0,-0
8,2.86748748569185e-14,-8.84334348310442,8.84334348310454,-0,-0
8.02,6.69725464360676e-14,-8.89249200346292,8.89249200346299,-0,-0
8.04,6.70253971161951e-14,-8.93714511675548,8.93714511675554,-0,-0
8.06,5.08888749034163e-14,-8.97723688929061,8.97723688929066,-0,-0
8.08,3.88667030705542e-14,-9.01272378385459,9.01272378385466,-0,-0
8.1,6.71620513907182e-14,-9.0435650804625,9.04356508046257,-0,-0
8.12,8.39865292639102e-14,-9.06972067330523,9.0697206733053,-0,-0
8.14,6.6500233449263e-14,-9.09116788219382,9.09116788219386,-0,-0
8.16,5.52117633780494e-14,-9.10787795441088,9.10787795441095,-0,-0
8.18,2.85175948697036e-14,-9.11982450257108,9.11982450257116,-0,-0
8.2,5.24229041970381e-14,-9.1269984842942,9.1269984842943,-0,-0
8.22,7.36179226013108e-14,-9.129838712264,9.12983871226408,-0,-0
8.24,6.2997129621783e-14,-9.13052555888813,9.13052555888819,-0,-0
8.26,5.18116728277258e-14,-9.13066026720434,9.13066026720441,-0,-0
8.28,5.08888749034163e-14,-9.13068396233712,9.13068396233715,-0,-0
8.3,5.36111567010235e-14,-9.13068789501609,9.13068789501617,-0,-0
8.32,4.40806231971263e-14,-9.12979117877023,9.12979117877031,-0,-0
8.34,7.63333123551244e-14,-9.12362714355963,9.12362714355974,-0,-0
8.36,6.74411702573027e-14,-9.10900503591287,9.10900503591294,-0,-0
8.38,5.08888749034163e-14,-9.0850775742788,9.08507757427888,-0,-0
8.4,5.08888749034163e-14,-9.05167098760932,9.05167098760939,-0,-0
8.42,5.67630794587143e-14,-9.00880649925068,9.00880649925071,-0,-0
8.44,3.38491988075627e-14,-8.95654102177849,8.95654102177857,-0,-0
8.46,6.70436682259754e-14,-8.8949387543601,8.89493875436023,-0,-0
8.48,5.53878751144904e-14,-8.82410307857813,8.8241030785782,-0,-0
8.5,4.75659242151374e-14,-8.74412274417326,8.74412274417335,-0,-0
8.52,7.25694674247045e-14,-8.65509659299392,8.655096592994,-0,-0
8.54,7.63333123551244e-14,-8.55715656930669,8.55715656930672,-0,-0
8.56,7.63333123551244e-14,-8.45043475079037,8.45043475079042,-0,-0
8.58,6.38477826523517e-14,-8.33506264888452,8.33506264888461,-0,-0
8.6,7.63333123551244e-14,-8.2112312447107,8.21123124471072,-0,-0
8.62,7.63333123551244e-14,-8.07906996127882,8.07906996127891,-0,-0
8.64,1.01777749806833e-13,-7.93876741344038,7.9387674134404,-0,-0
8.66,8.62654201814015e-14,-7.79050999966956,7.79050999966965,-0,-0
8.68,5.89043841772807e-14,-7.6344882159391,7.63448821593915,-0,-0
8.7,6.77542975862035e-14,-7.47090654275522,7.4709065427553,-0,-0
8.72,5.08888749034163e-14,-7.29998846262862,7.29998846262872,-0,-0
8.74,5.08888749034163e-14,-7.12193373257094,7.12193373257099,-0,-0
8.76,7.63333123551244e-14,-6.93697367987174,6.93697367987179,-0,-0
8.78,8.62359084236265e-14,-6.74534276619907,6.7453427661992,-0,-0
8.8,5.93410833070114e-14,-6.54727402323323,6.54727402323329,-0,-0
8.82,5.08888749034163e-14,-6.343024799649,6.34302479964903,-0,-0
8.84,7.86130090447369e-14,-6.13283650942777,6.13283650942782,-0,-0
8.86,8.08460121371114e-14,-5.91695674043579,5.91695674043582,-0,-0
8.88,6.78310859365402e-14,-5.69565007468046,5.69565007468058,-0,-0
8.9,7.62493224724604e-14,-5.46917730660067,5.46917730660075,-0,-0
8.92,5.08888749034163e-14,-5.23779524510881,5.23779524510884,-0,-0
8.94,7.55757494407307e-14,-5.00179151286152,5.00179151286155,-0,-0
8.96,6.68374241762886e-14,-4.76141617675327,4.76141617675336,-0,-0
8.98,6.36817437033207e-14,-4.51694793958365,4.51694793958373,-0,-0
9,3.61429398073253e-14,-4.268660548639,4.26866054863908,-0,-0
9.02,7.18635011789138e-14,-4.0168266662676,4.01682666626768,-0,-0
9.04,6.8235223764369e-14,-3.76172276596421,3.76172276596426,-0,-0
9.06,7.63333123551244e-14,-3.50362807230519,3.50362807230527,-0,-0
9.08,7.22454046552256e-14,-3.24281116783497,3.24281116783506,-0,-0
9.1,9.30582383543926e-14,-2.97954947143145,2.97954947143147,-0,-0
9.12,3.24240210304859e-14,-2.71411844951076,2.71411844951084,-0,-0
9.14,6.74514585943136e-14,-2.44679036976027,2.44679036976038,-0,-0
9.16,5.08888749034163e-14,-2.17784156596205,2.17784156596213,-0,-0
9.18,5.08888749034163e-14,-1.90754060455651,1.90754060455656,-0,-0
9.2,7.63333123551244e-14,-1.63615637333998,1.63615637334001,-0,-0
9.22,5.08888749034163e-14,-1.36395808494032,1.36395808494039,-0,-0
9.24,5.13419509245001e-14,-1.09121132523085,1.09121132523098,-0,-0
9.26,3.75515651725972e-14,-0.818179783880315,0.81817978388038,-0,-0
9.28,7.63333123551244e-14,-0.545124821648607,0.545124821648637,-0,-0
9.3,6.1618399605039e-14,-0.272305481974362,0.272305481974417,-0,-0
9.32,3.91030709138632e-14,2.19792686304689e-05,-2.19792685541356e-05,-0,-0
9.34,5.08888749034163e-14,0.271604213723902,-0.271604213723849,-0,-0
9.36,5.08888749034163e-14,0.542190010906384,-0.542190010906333,-0,-0
9.38,6.86879488628809e-14,0.811532227381655,-0.811532227381535,-0,-0
9.4,9.01719526335263e-14,1.07938832978552,-1.07938832978544,-0,-0
9.42,5.38506717911633e-14,1.34551344703852,-1.34551344703845,-0,-0
9.44,5.08888749034163e-14,1.60967012277058,-1.6096701227705,-0,-0
9.46,7.01013269394015e-14,1.87162391827764,-1.8716239182776,-0,-0
9.48,8.31622625817887e-14,2.13114094455617,-2.13114094455613,-0,-0
9.5,5.08888749034163e-14,2.3879997189044,-2.38799971890435,-0,-0
9.52,7.63215134509957e-14,2.6419713489221,-2.64197134892198,-0,-0
9.54,9.57213177533849e-14,2.8928319435621,-2.89283194356205,-0,-0
9.56,9.74565434025686e-14,3.14036777480366,-3.14036777480365,-0,-0
9.58,5.16884506892936e-14,3.38436408946001,-3.38436408945993,-0,-0
9.6,6.45734316248038e-14,3.62460554283955,-3.62460554283953,-0,-0
9.62,7.04869555124045e-14,3.86090122967324,-3.86090122967321,-0,-0
9.64,3.93314720419439e-14,4.09303309235228,-4.09303309235221,-0,-0
9.66,7.33602792534898e-14,4.32080755735868,-4.32080755735866,-0,-0
9.68,8.83418967368113e-14,4.54403112545678,-4.54403112545678,-0,-0
9.7,6.59139295288315e-14,4.76251112056382,-4.76251112056379,-0,-0
9.72,7.63333123551244e-14,4.97606439211852,-4.97606439211845,-0,-0
9.74,8.71127717874146e-14,5.18451383432122,-5.18451383432117,-0,-0
9.76,4.88149194152899e-14,5.38767121583318,-5.3876712158331,-0,-0
9.78,3.41252701267204e-14,5.58536624909277,-5.58536624909274,-0,-0
9.8,7.63333123551244e-14,5.77743165832189,-5.77743165832182,-0,-0
9.82,5.69516566825721e-14,5.96369797470968,-5.96369797470964,-0,-0
9.84,5.37578629945152e-14,6.14402136287163,-6.14402136287159,-0,-0
9.86,5.31288428765267e-14,6.3182354392561,-6.31823543925599,-0,-0
9.88,5.08888749034163e-14,6.48618736932066,-6.48618736932061,-0,-0
9.9,1.01777749806833e-13,6.64773908729287,-6.64773908729284,-0,-0
9.92,7.88106395165881e-14,6.80274887588008,-6.80274887588006,-0,-0
9.94,6.21984220397633e-14,6.95107522232517,-6.95107522232513,-0,-0
9.96,7.63333123551244e-14,7.09261385797958,-7.09261385797957,-0,-0
9.98,6.37353907237681e-14,7.22721656665644,-7.22721656665641,-0,-0
10,7.63333123551244e-14,7.35477348065619,-7.35477348065615,-0,-0
10.02,7.63333123551244e-14,7.47517498533027,-7.47517498533025,-0,-0
10.04,7.89031786070268e-14,7.58831200790329,-7.58831200790323,-0,-0
10.06,6.45480263910633e-14,7.69409154276851,-7.69409154276848,-0,-0
10.08,6.96601433073018e-14,7.79242453412374,-7.79242453412368,-0,-0
10.1,5.16224829334026e-14,7.88321055886434,-7.88321055886432,-0,-0
10.12,5.28547511524189e-14,7.96637342556765,-7.96637342556757,-0,-0
10.14,7.16111481758109e-14,8.04184135032639,-8.0418413503264,-0,-0
10.16,7.11988982083467e-14,8.10953995764737,-8.1095399576473,-0,-0
10.18,5.08888749034163e-14,8.16943108012871,-8.16943108012866,-0,-0
10.2,7.63333123551244e-14,8.22144283024491,-8.22144283024483,-0,-0
10.22,7.63333123551244e-14,8.26552740813389,-8.26552740813385,-0,-0
10.24,5.66894153440823e-14,8.30165248213584,-8.30165248213589,-0,-0
10.26,7.63333123551244e-14,8.32978234535687,-8.3297823453568,-0,-0
10.28,6.543069629401e-14,8.34988472148932,-8.34988472148927,-0,-0
10.3,8.15408628188246e-14,8.36196816193159,-8.36196816193153,-0,-0
10.32,9.02276522730661e-14,8.36674773345648,-8.36674773345648,-0,-0
10.34,8.58788887062622e-14,8.36790475589583,-8.36790475589583,-0,-0
10.36,6.27233408701189e-14,8.36813053069036,-8.36813053069032,-0,-0
10.38,7.63333123551244e-14,8.36817043543584,-8.36817043543581,-0,-0
10.4,6.34956413316705e-14,8.36817711020373,-8.36817711020368,-0,-0
10.42,7.63333123551244e-14,8.36780107511298,-8.36780107511295,-0,-0
10.44,7.63333123551244e-14,8.36520987789812,-8.36520987789811,-0,-0
10.46,7.63333123551244e-14,8.35905940267313,-8.35905940267313,-0,-0
10.48,8.15026765353307e-15,8.34898328856646,-8.34898328856637,-0,-0
10.5,8.07136091740587e-14,8.33491101810331,-8.33491101810329,-0,-0
10.52,5.29111111390283e-14,8.3168541741881,-8.31685417418805,-0,-0
10.54,7.30003402840239e-14,8.29481661535769,-8.2948166153577,-0,-0
10.56,7.63581545312586e-14,8.26881933633164,-8.26881933633162,-0,-0
10.58,7.63333123551244e-14,8.23888977050064,-8.23888977050058,-0,-0
10.6,4.87543928180624e-14,8.20505434592997,-8.20505434592996,-0,-0
10.62,6.13143378655194e-14,8.16734237622715,-8.1673423762271,-0,-0
10.64,9.52897964163716e-14,8.12580094856574,-8.12580094856566,-0,-0
10.66,8.1214872185328e-14,8.08045623219828,-8.08045623219826,-0,-0
10.68,5.95900341143789e-14,8.03135478740803,-8.03135478740797,-0,-0
10.7,7.63333123551244e-14,7.97854382584451,-7.97854382584449,-0,-0
10.72,6.9759078493026e-14,7.92207079451513,-7.92207079451511,-0,-0
10.74,7.0331628410192e-14,7.86199341332744,-7.86199341332745,-0,-0
10.76,8.36203944352578e-14,7.79836799615188,-7.79836799615186,-0,-0
10.78,9.98406330431123e-14,7.73124861027995,-7.73124861027991,-0,-0
10.8,5.13805573088054e-14,7.66070114960985,-7.66070114960979,-0,-0
10.82,5.7593819678442e-14,7.58679165323816,-7.5867916532381,-0,-0
10.84,7.27934410261326e-14,7.50958657661292,-7.50958657661292,-0,-0
10.86,7.79655231622958e-14,7.42916886456568,-7.42916886456562,-0,-0
10.88,9.74340432004185e-14,7.34560411903683,-7.34560411903674,-0,-0
10.9,6.71691592817738e-14,7.25897224167735,-7.25897224167726,-0,-0
10.92,8.35666275781395e-14,7.16935645751154,-7.16935645751148,-0,-0
10.94,4.83987867952061e-14,7.0768394950009,-7.0768394950009,-0,-0
10.96,8.16221249904344e-14,6.98150683131607,-6.98150683131601,-0,-0
10.98,6.55575823046542e-14,6.88345559064004,-6.88345559063999,-0,-0
11,6.0405536240472e-14,6.78276898390939,-6.78276898390935,-0,-0
11.02,8.45076501384998e-14,6.6795443104454,-6.67954431044537,-0,-0
11.04,1.01777749806833e-13,6.57387926459859,-6.57387926459858,-0,-0
11.06,8.11929352076481e-14,6.46587170398643,-6.46587170398639,-0,-0
11.08,9.03742947432787e-14,6.35562643591217,-6.35562643591214,-0,-0
11.1,5.73405662737592e-14,6.24324663011184,-6.24324663011181,-0,-0
11.12,7.47893082580777e-14,6.12883489305797,-6.12883489305791,-0,-0
11.14,7.63333123551244e-14,6.01250112689229,-6.01250112689225,-0,-0
11.16,5.36951259919469e-14,5.89435476003008,-5.89435476003008,-0,-0
11.18,5.08888749034163e-14,5.77450606890439,-5.77450606890436,-0,-0
11.2,7.76315623410824e-14,5.65307393937794,-5.65307393937787,-0,-0
11.22,7.11269636037173e-14,5.53016810245664,-5.53016810245666,-0,-0
11.24,3.51998543338399e-14,5.40590639928924,-5.40590639928917,-0,-0
11.26,9.40079123947769e-14,5.2804076956688,-5.28040769566874,-0,-0
11.28,7.35493982838495e-14,5.15379098104904,-5.15379098104904,-0,-0
11.3,7.63333123551244e-14,5.0261768208608,-5.02617682086074,-0,-0
11.32,6.81243996400297e-14,4.89768951487651,-4.89768951487643,-0,-0
11.34,6.77793951388704e-14,4.76844945472607,-4.76844945472603,-0,-0
11.36,5.08888749034163e-14,4.6385817029454,-4.63858170294534,-0,-0
11.38,3.53672084368728e-14,4.5082114784695,-4.5082114784694,-0,-0
11.4,2.54444374517081e-14,4.37746442605366,-4.37746442605367,-0,-0
11.42,7.63333123551244e-14,4.24646752918938,-4.24646752918935,-0,-0
11.44,7.08338335662943e-14,4.11534758153189,-4.11534758153191,-0,-0
11.46,2.99013678595754e-14,3.98423216985989,-3.98423216985982,-0,-0
11.48,2.75588204206031e-14,3.85324937512318,-3.85324937512313,-0,-0
11.5,7.41582593001537e-14,3.72252749139101,-3.72252749139098,-0,-0
11.52,5.30468351954061e-14,3.59219555588748,-3.59219555588743,-0,-0
11.54,7.63333123551244e-14,3.46238015856612,-3.46238015856609,-0,-0
11.56,8.25567646869941e-14,3.33321147642804,-3.33321147642797,-0,-0
11.58,7.63333123551244e-14,3.20481724577502,-3.20481724577499,-0,-0
11.6,7.63333123551244e-14,3.07732503203588,-3.07732503203579,-0,-0
11.62,7.31402505095914e-14,2.95086276457169,-2.95086276457166,-0,-0
11.64,6.69676556414402e-14,2.8255575499369,-2.82555754993682,-0,-0
11.66,8.32773152514183e-14,2.70153244753067,-2.70153244753063,-0,-0
11.68,5.08888749034163e-14,2.57891652564008,-2.57891652564001,-0,-0
11.7,8.8407072027805e-14,2.45783311504777,-2.45783311504772,-0,-0
11.72,9.26596000078183e-14,2.33840502160959,-2.33840502160953,-0,-0
11.74,4.31990045676808e-14,2.22075567382371,-2.22075567382362,-0,-0
11.76,9.76121942509534e-15,2.10500236179949,-2.10500236179946,-0,-0
11.78,7.20460260121476e-14,1.99126541175559,-1.99126541175555,-0,-0
11.8,7.93775379517635e-14,1.87966523345354,-1.87966523345356,-0,-0
11.82,5.23694224776826e-14,1.77031536103679,-1.77031536103672,-0,-0
11.84,7.49179724010942e-14,1.66333001861866,-1.66333001861853,-0,-0
11.86,7.63333123551244e-14,1.55882447194382,-1.55882447194383,-0,-0
11.88,5.13964863418893e-14,1.45689822322082,-1.45689822322069,-0,-0
11.9,7.63333123551244e-14,1.35766880066403,-1.35766880066397,-0,-0
11.92,5.37790534632401e-14,1.26123785872296,-1.26123785872295,-0,-0
11.94,6.01073920206402e-14,1.16770699354891,-1.16770699354885,-0,-0
11.96,7.99737131292767e-14,1.07717722647824,-1.07717722647818,-0,-0
11.98,5.08888749034163e-14,0.98974516650149,-0.989745166501448,-0,-0
12,8.09655050592625e-14,0.905498003130967,-0.905498003130912,-0,-0
12.02,8.89259514648801e-14,0.824535060737958,-0.82453506073792,-0,-0
12.04,8.98378955660591e-14,0.746941131198501,-0.746941131198417,-0,-0
12.06,7.63333123551244e-14,0.672799134877931,-0.672799134877889,-0,-0
12.08,6.69443663223249e-14,0.602192357279764,-0.602192357279671,-0,-0
12.1,5.9960285542625e-14,0.535190584625236,-0.535190584625122,-0,-0
12.12,3.21856397414624e-14,0.471870087020014,-0.471870087019894,-0,-0
12.14,7.26077037758095e-14,0.412304761507459,-0.412304761507426,-0,-0
12.16,5.30197924471845e-14,0.356555739912269,-0.356555739912235,-0,-0
12.18,7.63333123551244e-14,0.304684784288243,-0.304684784288192,-0,-0
12.2,2.49196919926501e-14,0.256755032932314,-0.256755032932239,-0,-0
12.22,7.62386754793234e-14,0.212802677486323,-0.212802677486247,-0,-0
12.24,8.49981794692095e-14,0.172893384327701,-0.172893384327633,-0,-0
12.26,6.28947363081064e-14,0.137065267551593,-0.137065267551492,-0,-0
12.28,7.63333123551244e-14,0.105357416284643,-0.105357416284598,-0,-0
12.3,2.94538823037714e-14,0.0778070594992314,-0.0778070594991551,-0,-0
12.32,6.77768410036618e-14,0.0544440388609513,-0.0544440388608918,-0,-0
12.34,5.08888749034163e-14,0.0352870076141604,-0.0352870076140954,-0,-0
12.36,5.08888749034163e-14,0.0203681374890115,-0.0203681374889459,-0,-0
12.38,3.06748630621815e-14,0.00970089493712846,-0.0097008949370828,-0,-0
12.4,-5.5438620696576e-09,0.0032958686517028,-0.00329587974062961,-0,-0
12.42,-0.000465212978082904,0.000295770227916086,-0.00122621731616061,-0,-0
12.44,-0.00364050792304424,-0.00349516846311727,-0.00378587924472246,-0,-0
12.46,-0.0111731911104538,-0.0111478404225613,-0.0111985589256353,-0,-0
12.48,-0.0235195544176182,-0.0235153473364499,-0.0235237674820576,-0,-0
12.5,-0.0407555413546713,-0.0407548674977916,-0.040756216873556,-0,-0
12.52,-0.0628816136855848,-0.0628815084318121,-0.0628817193404279,-0,-0
12.54,-0.089887090559416,-0.0898870743241042,-0.0898871068831284,-0,-0
12.56,-0.121724742604151,-0.121724740161401,-0.121724745065047,-0,-0
12.58,-0.158384021145006,-0.158384020779672,-0.158384021514038,-0,-0
12.6,-0.199821552621189,-0.199821552567128,-0.199821552676012,-0,-0
12.62,-0.245995671469269,-0.245995671461458,-0.24599567147736,-0,-0
12.64,-0.296863052722799,-0.296863052721804,-0.296863052724018,-0,-0
12.66,-0.352371817584586,-0.352371817584527,-0.35237181758472,-0,-0
12.68,-0.412460677861081,-0.412460677861221,-0.412460677861107,-0,-0
12.7,-0.477081211739762,-0.477081211739843,-0.477081211739711,-0,-0
12.72,-0.546166417301406,-0.546166417301533,-0.546166417301364,-0,-0
12.74,-0.619646731004661,-0.61964673100481,-0.619646731004683,-0,-0
12.76,-0.697453347132809,-0.697453347132935,-0.697453347132791,-0,-0
12.78,-0.779499681665342,-0.779499681665462,-0.779499681665335,-0,-0
12.8,-0.865710942854733,-0.865710942854836,-0.86571094285473,-0,-0
12.82,-0.956005961797859,-0.956005961797946,-0.956005961797808,-0,-0
12.84,-1.05029074810191,-1.05029074810203,-1.05029074810185,-0,-0
12.86,-1.14847313133637,-1.14847313133647,-1.14847313133642,-0,-0
12.88,-1.25046193129966,-1.25046193129979,-1.25046193129966,-0,-0
12.9,-1.35614115929112,-1.35614115929121,-1.35614115929107,-0,-0
12.92,-1.46542181020186,-1.46542181020195,-1.46542181020181,-0,-0
12.94,-1.57819089736152,-1.57819089736164,-1.57819089736147,-0,-0
12.96,-1.69433649153296,-1.69433649153306,-1.69433649153295,-0,-0
12.98,-1.81374549769033,-1.81374549769051,-1.81374549769033,-0,-0
13,-1.93629847627679,-1.93629847627692,-1.93629847627681,-0,-0
13.02,-2.0618710489735,-2.06187104897368,-2.06187104897347,-0,-0
13.04,-2.19034598188594,-2.19034598188607,-2.19034598188589,-0,-0
13.06,-2.3215943936171,-2.32159439361723,-2.32159439361706,-0,-0
13.08,-2.45548590678642,-2.45548590678655,-2.45548590678642,-0,-0
13.1,-2.59189050180339,-2.5918905018035,-2.59189050180336,-0,-0
13.12,-2.73066777100275,-2.73066777100288,-2.73066777100275,-0,-0
13.14,-2.87168484223877,-2.87168484223892,-2.87168484223872,-0,-0
13.16,-3.01480422513862,-3.01480422513874,-3.01480422513866,-0,-0
13.18,-3.15988210716008,-3.15988210716022,-3.15988210716007,-0,-0
13.2,-3.30677593747782,-3.30677593747795,-3.30677593747777,-0,-0
13.22,-3.45534285726539,-3.45534285726554,-3.45534285726534,-0,-0
13.24,-3.60543022030146,-3.60543022030156,-3.60543022030141,-0,-0
13.26,-3.75689596217654,-3.75689596217668,-3.75689596217654,-0,-0
13.28,-3.90958859806527,-3.90958859806536,-3.90958859806524,-0,-0
13.3,-4.06335718962202,-4.06335718962213,-4.06335718962202,-0,-0
13.32,-4.21805039678839,-4.21805039678852,-4.21805039678845,-0,-0
13.34,-4.37351500047032,-4.37351500047043,-4.37351500047032,-0,-0
13.36,-4.52959722780319,-4.52959722780329,-4.52959722780314,-0,-0
13.38,-4.68614427007579,-4.68614427007594,-4.68614427007578,-0,-0
13.4,-4.84300112357298,-4.84300112357309,-4.84300112357294,-0,-0
13.42,-5.00001287592771,-5.00001287592783,-5.00001287592767,-0,-0
13.44,-5.15702444410204,-5.15702444410213,-5.15702444410199,-0,-0
13.46,-5.31388126347142,-5.31388126347159,-5.31388126347142,-0,-0
13.48,-5.47042845672047,-5.4704284567206,-5.47042845672047,-0,-0
13.5,-5.62651108149665,-5.62651108149678,-5.6265110814966,-0,-0
13.52,-5.78197557097614,-5.78197557097623,-5.78197557097609,-0,-0
13.54,-5.93666832497141,-5.93666832497144,-5.93666832497136,-0,-0
13.56,-6.09043541966747,-6.09043541966761,-6.09043541966744,-0,-0
13.58,-6.24312902533688,-6.24312902533701,-6.24312902533688,-0,-0
13.6,-6.39459440668767,-6.39459440668782,-6.39459440668764,-0,-0
13.62,-6.54468323129735,-6.54468323129746,-6.54468323129729,-0,-0
13.64,-6.69324771494084,-6.69324771494099,-6.69324771494082,-0,-0
13.66,-6.84014044811317,-6.84014044811325,-6.84014044811313,-0,-0
13.68,-6.98521780115029,-6.98521780115041,-6.98521780115024,-0,-0
13.7,-7.12833816931458,-7.12833816931469,-7.12833816931453,-0,-0
13.72,-7.26935651459214,-7.26935651459226,-7.26935651459204,-0,-0
13.74,-7.40813470430544,-7.40813470430557,-7.40813470430544,-0,-0
13.76,-7.54453636934131,-7.54453636934141,-7.5445363693413,-0,-0
13.78,-7.67842448298656,-7.67842448298667,-7.6784244829865,-0,-0
13.8,-7.80967411883888,-7.80967411883897,-7.80967411883887,-0,-0
13.82,-7.93815006123958,-7.93815006123966,-7.93815006123953,-0,-0
13.84,-8.06372452183933,-8.06372452183944,-8.06372452183935,-0,-0
13.86,-8.18627631509275,-8.18627631509289,-8.18627631509275,-0,-0
13.88,-8.30568329025056,-8.30568329025066,-8.30568329025051,-0,-0
13.9,-8.42182439136293,-8.42182439136302,-8.42182439136285,-0,-0
13.92,-8.53459645418294,-8.53459645418307,-8.53459645418292,-0,-0
13.94,-8.64387607544599,-8.64387607544617,-8.64387607544602,-0,-0
13.96,-8.74955894084946,-8.74955894084959,-8.74955894084944,-0,-0
13.98,-8.85154173109017,-8.85154173109027,-8.85154173109017,-0,-0
14,-8.94972178356488,-8.94972178356501,-8.94972178356484,-0,-0
14.02,-9.04400606273848,-9.04400606273864,-9.0440060627385,-0,-0
14.04,-9.13430312828099,-9.13430312828107,-9.13430312828094,-0,-0
14.06,-9.22051695802507,-9.22051695802515,-9.22051695802497,-0,-0
14.08,-9.30256458081753,-9.30256458081763,-9.30256458081748,-0,-0
14.1,-9.38036607023217,-9.38036607023226,-9.38036607023213,-0,-0
14.12,-9.45384047817649,-9.45384047817662,-9.45384047817645,-0,-0
14.14,-9.52292819734726,-9.52292819734738,-9.52292819734721,-0,-0
14.16,-9.58754990861373,-9.58754990861383,-9.58754990861373,-0,-0
14.18,-9.64764179379345,-9.64764179379358,-9.64764179379344,-0,-0
14.2,-9.703148246453,-9.70314824645316,-9.70314824645302,-0,-0
14.22,-9.75401248366754,-9.75401248366764,-9.75401248366754,-0,-0
14.24,-9.80018077543783,-9.80018077543792,-9.80018077543777,-0,-0
14.26,-9.84162236650647,-9.84162236650652,-9.84162236650643,-0,-0
14.28,-9.87828012055155,-9.87828012055165,-9.8782801205515,-0,-0
14.3,-9.91012269560859,-9.91012269560868,-9.91012269560854,-0,-0
14.32,-9.93711998416143,-9.93711998416158,-9.9371199841614,-0,-0
14.34,-9.95924249244265,-9.95924249244279,-9.95924249244267,-0,-0
14.36,-9.97647426270559,-9.97647426270569,-9.97647426270557,-0,-0
14.38,-9.98879881838562,-9.9887988183857,-9.98879881838557,-0,-0
14.4,-9.99619589468863,-9.99619589468865,-9.99619589468863,-0,-0
14.42,-9.99912385619458,-9.99912385619475,-9.99912385619463,-0,-0
14.44,-9.99983243692208,-9.9998324369222,-9.99983243692207,-0,-0
14.46,-9.99997058970735,-9.99997058970742,-9.9999705897073,-0,-0
14.48,-9.99999513573084,-9.99999513573097,-9.99999513573079,-0,-0
14.5,-9.99999921018917,-9.99999921018926,-9.99999921018911,-0,-0
14.52,-9.99907476625786,-9.99907476625803,-9.99907476625787,-0,-0
14.54,-9.99272302981962,-9.99272302981971,-9.99272302981956,-0,-0
14.56,-9.97764970136715,-9.97764970136724,-9.97764970136716,-0,-0
14.58,-9.95294981183554,-9.95294981183566,-9.95294981183555,-0,-0
14.6,-9.91848896987882,-9.91848896987894,-9.91848896987877,-0,-0
14.62,-9.87423509307265,-9.87423509307272,-9.87423509307262,-0,-0
14.64,-9.8202358191549,-9.82023581915502,-9.82023581915491,-0,-0
14.66,-9.75654618996415,-9.75654618996427,-9.75654618996413,-0,-0
14.68,-9.6832228413398,-9.68322284133992,-9.68322284133979,-0,-0
14.7,-9.60035131204674,-9.60035131204686,-9.60035131204669,-0,-0
14.72,-9.50801196199937,-9.50801196199947,-9.50801196199934,-0,-0
14.74,-9.40628091730881,-9.40628091730894,-9.40628091730876,-0,-0
14.76,-9.29526729085948,-9.29526729085958,-9.29526729085942,-0,-0
14.78,-9.17507881040151,-9.17507881040158,-9.17507881040145,-0,-0
14.8,-9.04582602555864,-9.04582602555873,-9.04582602555857,-0,-0
14.82,-8.90766689558563,-8.90766689558571,-8.90766689558563,-0,-0
14.84,-8.76070835205772,-8.7607083520578,-8.76070835205771,-0,-0
14.86,-8.60510134437299,-8.60510134437313,-8.60510134437301,-0,-0
14.88,-8.44100402588546,-8.44100402588557,-8.44100402588542,-0,-0
14.9,-8.26857435166386,-8.26857435166399,-8.26857435166386,-0,-0
14.92,-8.08797944476489,-8.08797944476502,-8.08797944476489,-0,-0
14.94,-7.89941866480583,-7.89941866480592,-7.89941866480583,-0,-0
14.96,-7.7030529931276,-7.70305299312767,-7.70305299312755,-0,-0
14.98,-7.49908391732915,-7.49908391732926,-7.49908391732915,-0,-0
15,-7.2877148469545,-7.28771484695458,-7.28771484695447,-0,-0
15.02,-7.06914956052948,-7.0691495605296,-7.06914956052948,-0,-0
15.04,-6.84361462935739,-6.84361462935752,-6.84361462935739,-0,-0
15.06,-6.61132968375747,-6.61132968375761,-6.61132968375746,-0,-0
15.08,-6.37251396037415,-6.37251396037421,-6.3725139603741,-0,-0
15.1,-6.12740986885313,-6.12740986885331,-6.12740986885318,-0,-0
15.12,-5.87625811103386,-5.876258111034,-5.87625811103385,-0,-0
15.14,-5.61930070505298,-5.61930070505307,-5.61930070505296,-0,-0
15.16,-5.35681131128412,-5.35681131128424,-5.35681131128412,-0,-0
15.18,-5.0890291540124,-5.08902915401248,-5.08902915401238,-0,-0
15.2,-4.81622364358082,-4.8162236435809,-4.81622364358081,-0,-0
15.22,-4.53866609137938,-4.5386660913795,-4.53866609137936,-0,-0
15.24,-4.25662814390702,-4.25662814390713,-4.25662814390702,-0,-0
15.26,-3.97038746031437,-3.97038746031448,-3.97038746031435,-0,-0
15.28,-3.68023589194387,-3.680235891944,-3.68023589194382,-0,-0
15.3,-3.38644804484473,-3.38644804484481,-3.38644804484468,-0,-0
15.32,-3.08931755629505,-3.08931755629514,-3.08931755629499,-0,-0
15.34,-2.78913861710275,-2.78913861710282,-2.78913861710273,-0,-0
15.36,-2.4862056309899,-2.48620563099002,-2.48620563098988,-0,-0
15.38,-2.18082176630606,-2.18082176630619,-2.18082176630602,-0,-0
15.4,-1.87328646377411,-1.87328646377422,-1.87328646377407,-0,-0
15.42,-1.56390049137445,-1.56390049137457,-1.56390049137444,-0,-0
15.44,-1.25297134070936,-1.25297134070949,-1.25297134070936,-0,-0
15.46,-0.940805583840086,-0.94080558384019,-0.940805583840086,-0,-0
15.48,-0.627710599156324,-0.627710599156455,-0.627710599156324,-0,-0
15.5,-0.313997757684604,-0.313997757684631,-0.313997757684553,-0,-0
15.52,2.57431032580971e-05,2.57431031751659e-05,2.5743103302388e-05,-0,-0
15.54,0.314049198664043,0.314049198663971,0.314049198664098,-0,-0
15.56,0.627762721707809,0.627762721707673,0.627762721707834,-0,-0
15.58,0.940856409371353,0.940856409371248,0.940856409371382,-0,-0
15.6,1.25302093300696,1.25302093300681,1.25302093300698,-0,-0
15.62,1.5639511943611,1.56395119436101,1.56395119436111,-0,-0
15.64,1.87333676031965,1.87333676031953,1.8733367603197,-0,-0
15.66,2.18087313615423,2.18087313615412,2.18087313615427,-0,-0
15.68,2.48625735742585,2.48625735742576,2.48625735742589,-0,-0
15.7,2.78918603002408,2.78918603002394,2.78918603002408,-0,-0
15.72,3.08936517291518,3.08936517291507,3.08936517291525,-0,-0
15.74,3.38649701420927,3.38649701420918,3.3864970142093,-0,-0
15.76,3.68028391923125,3.6802839192311,3.68028391923125,-0,-0
15.78,3.97043939531775,3.97043939531756,3.97043939531783,-0,-0
15.8,4.25667657798842,4.25667657798829,4.25667657798842,-0,-0
15.82,4.53870690140473,4.5387069014046,4.53870690140476,-0,-0
15.84,4.81626979967107,4.81626979967099,4.81626979967112,-0,-0
15.86,5.08907344204501,5.08907344204489,5.08907344204504,-0,-0
15.88,5.35685432715503,5.35685432715491,5.35685432715507,-0,-0
15.9,5.61934936901054,5.61934936901044,5.61934936901065,-0,-0
15.92,5.87629681426711,5.87629681426704,5.87629681426714,-0,-0
15.94,6.12744319048658,6.12744319048648,6.12744319048661,-0,-0
15.96,6.37255290067014,6.37255290067004,6.37255290067016,-0,-0
15.98,6.61136753986473,6.61136753986462,6.61136753986479,-0,-0
16,6.8436560880694,6.84365608806928,6.84365608806938,-0,-0
16.02,7.06919125936486,7.06919125936474,7.06919125936486,-0,-0
16.04,7.28774467822209,7.28774467822198,7.28774467822212,-0,-0
16.06,7.49911503806824,7.49911503806813,7.49911503806825,-0,-0
16.08,7.70308702645699,7.70308702645687,7.70308702645702,-0,-0
16.1,7.89945015107033,7.89945015107022,7.89945015107035,-0,-0
16.12,8.0880191066232,8.0880191066231,8.08801910662321,-0,-0
16.14,8.2686068661387,8.26860686613852,8.2686068661387,-0,-0
16.16,8.44102219531833,8.44102219531818,8.44102219531837,-0,-0
16.18,8.60513033006212,8.60513033006198,8.60513033006212,-0,-0
16.2,8.76073305814845,8.76073305814834,8.76073305814849,-0,-0
16.22,8.90768992784209,8.90768992784196,8.90768992784209,-0,-0
16.24,9.04585715928592,9.04585715928578,9.04585715928592,-0,-0
16.26,9.17509402544809,9.17509402544802,9.17509402544808,-0,-0
16.28,9.29527508560571,9.2952750856056,9.29527508560576,-0,-0
16.3,9.40629704025809,9.40629704025797,9.40629704025809,-0,-0
16.32,9.50802725333295,9.50802725333279,9.50802725333297,-0,-0
16.34,9.60037195106002,9.60037195105989,9.60037195106002,-0,-0
16.36,9.68324288227045,9.68324288227037,9.68324288227046,-0,-0
16.38,9.75654996365895,9.75654996365883,9.75654996365895,-0,-0
16.4,9.82024219302128,9.82024219302117,9.82024219302131,-0,-0
16.42,9.87424447233317,9.87424447233307,9.87424447233314,-0,-0
16.44,9.91849330163242,9.9184933016323,9.91849330163243,-0,-0
16.46,9.95295630804316,9.95295630804305,9.95295630804319,-0,-0
16.48,9.97759808571464,9.97759808571455,9.97759808571466,-0,-0
16.5,9.99237831296194,9.99237831296178,9.99237831296194,-0,-0
16.52,9.99824762951863,9.9982476295185,9.99824762951868,-0,-0
16.54,9.99966488006813,9.99966488006802,9.99966488006814,-0,-0
16.56,9.99994135914198,9.9999413591419,9.99994135914202,-0,-0
16.58,9.99999026812685,9.99999026812675,9.99999026812683,-0,-0
16.6,9.99999833729058,9.99999833729047,9.9999983372906,-0,-0
16.62,9.99953472030618,9.99953472030608,9.99953472030618,-0,-0
16.64,9.99636178847719,9.99636178847705,9.99636178847724,-0,-0
16.66,9.98882642470564,9.9888264247055,9.98882642470561,-0,-0
16.68,9.97648030363017,9.97648030363008,9.9764803036302,-0,-0
16.7,9.95924362395374,9.9592436239536,9.95924362395376,-0,-0
16.72,9.9371122045245,9.93711220452446,9.93711220452452,-0,-0
16.74,9.91011651819703,9.9101165181969,9.91011651819701,-0,-0
16.76,9.87827530426259,9.87827530426249,9.87827530426261,-0,-0
16.78,9.84161551603648,9.84161551603639,9.84161551603652,-0,-0
16.8,9.80017908139639,9.80017908139623,9.80017908139637,-0,-0
16.82,9.75400566770108,9.75400566770094,9.75400566770111,-0,-0
16.84,9.7031341563494,9.70313415634924,9.70313415634937,-0,-0
16.86,9.64763338699161,9.64763338699157,9.64763338699164,-0,-0
16.88,9.5875393969853,9.58753939698518,9.58753939698533,-0,-0
16.9,9.52291762572263,9.52291762572251,9.52291762572261,-0,-0
16.92,9.45383275711423,9.45383275711415,9.45383275711426,-0,-0
16.94,9.38035092171285,9.38035092171276,9.38035092171287,-0,-0
16.96,9.30254709591158,9.3025470959115,9.30254709591162,-0,-0
16.98,9.22050242346902,9.22050242346891,9.22050242346907,-0,-0
17,9.13428883191832,9.13428883191822,9.13428883191829,-0,-0
17.02,9.04399416668705,9.04399416668689,9.04399416668704,-0,-0
17.04,8.94970873539837,8.94970873539832,8.94970873539839,-0,-0
17.06,8.85152220012948,8.85152220012934,8.85152220012949,-0,-0
17.08,8.74954110809225,8.74954110809212,8.74954110809227,-0,-0
17.1,8.64385895254562,8.64385895254546,8.64385895254557,-0,-0
17.12,8.53457778015789,8.53457778015778,8.53457778015789,-0,-0
17.14,8.42180953320007,8.42180953319996,8.4218095332001,-0,-0
17.16,8.30566427064594,8.30566427064585,8.30566427064592,-0,-0
17.18,8.18625280740579,8.18625280740564,8.18625280740579,-0,-0
17.2,8.06370472772907,8.06370472772897,8.06370472772911,-0,-0
17.22,7.93812896626258,7.93812896626246,7.93812896626262,-0,-0
17.24,7.80965322789257,7.80965322789244,7.80965322789254,-0,-0
17.26,7.67840497403256,7.67840497403244,7.67840497403259,-0,-0
17.28,7.54451252038879,7.54451252038872,7.54451252038885,-0,-0
17.3,7.40810993242315,7.40810993242303,7.40810993242316,-0,-0
17.32,7.26933332364424,7.26933332364416,7.26933332364426,-0,-0
17.34,7.12831509765559,7.12831509765551,7.12831509765566,-0,-0
17.36,6.98519594989871,6.98519594989857,6.98519594989873,-0,-0
17.38,6.84011772430993,6.84011772430983,6.84011772430998,-0,-0
17.4,6.69322208558543,6.6932220855853,6.69322208558543,-0,-0
17.42,6.54465849683227,6.54465849683219,6.54465849683232,-0,-0
17.44,6.39456981783518,6.39456981783503,6.39456981783521,-0,-0
17.46,6.24310387561618,6.24310387561606,6.24310387561618,-0,-0
17.48,6.09041153678878,6.09041153678865,6.0904115367888,-0,-0
17.5,5.93664299696144,5.93664299696127,5.93664299696144,-0,-0
17.52,5.78194923528402,5.78194923528392,5.78194923528405,-0,-0
17.54,5.62648562855447,5.62648562855437,5.62648562855449,-0,-0
17.56,5.47040276598405,5.47040276598396,5.47040276598405,-0,-0
17.58,5.31385562960151,5.31385562960144,5.31385562960154,-0,-0
17.6,5.15699883129766,5.15699883129753,5.15699883129766,-0,-0
17.62,4.9999871239692,4.9999871239691,4.99998712396922,-0,-0
17.64,4.84297551063643,4.84297551063632,4.84297551063645,-0,-0
17.66,4.68611859941266,4.68611859941254,4.68611859941269,-0,-0
17.68,4.52957153135996,4.52957153135986,4.52957153136001,-0,-0
17.7,4.37348883594997,4.37348883594986,4.37348883594999,-0,-0
17.72,4.21802446327472,4.2180244632746,4.21802446327472,-0,-0
17.74,4.06333270491338,4.0633327049133,4.0633327049134,-0,-0
17.76,3.90956359580772,3.90956359580759,3.90956359580774,-0,-0
17.78,3.75687092944278,3.7568709294427,3.75687092944283,-0,-0
17.8,3.60540578886701,3.60540578886691,3.60540578886709,-0,-0
17.82,3.45531658355101,3.4553165835509,3.45531658355102,-0,-0
17.84,3.30675201653649,3.30675201653632,3.30675201653649,-0,-0
17.86,3.15986027277401,3.15986027277391,3.15986027277403,-0,-0
17.88,3.01478037788278,3.01478037788264,3.01478037788277,-0,-0
17.9,2.87166189208446,2.87166189208433,2.87166189208454,-0,-0
17.92,2.73064424398924,2.73064424398907,2.7306442439892,-0,-0
17.94,2.59186602363136,2.59186602363123,2.59186602363137,-0,-0
17.96,2.45546551025411,2.45546551025397,2.45546551025414,-0,-0
17.98,2.32157471309646,2.32157471309642,2.32157471309649,-0,-0
18,2.19032474855666,2.19032474855658,2.19032474855666,-0,-0
18.02,2.06184968015118,2.06184968015108,2.06184968015115,-0,-0
18.04,1.9362749049125,1.93627490491238,1.93627490491255,-0,-0
18.06,1.81372371826539,1.81372371826531,1.81372371826544,-0,-0
18.08,1.69432019494287,1.69432019494276,1.69432019494291,-0,-0
18.1,1.57817236422633,1.57817236422618,1.57817236422633,-0,-0
18.12,1.46540341117104,1.46540341117094,1.46540341117108,-0,-0
18.14,1.35612445772288,1.35612445772282,1.3561244577229,-0,-0
18.16,1.25044063652999,1.25044063652991,1.25044063653002,-0,-0
18.18,1.1484578420719,1.14845784207177,1.14845784207194,-0,-0
18.2,1.05027950142864,1.05027950142856,1.05027950142865,-0,-0
18.22,0.955990503675906,0.955990503675823,0.955990503675931,-0,-0
18.24,0.865697140780746,0.865697140780608,0.865697140780771,-0,-0
18.26,0.779484621494357,0.779484621494288,0.779484621494415,-0,-0
18.28,0.697436903597999,0.697436903597895,0.697436903598005,-0,-0
18.3,0.619637479810907,0.619637479810767,0.619637479810894,-0,-0
18.32,0.546157889318123,0.546157889318021,0.54615788931811,-0,-0
18.34,0.47707014832063,0.477070148320521,0.477070148320648,-0,-0
18.36,0.41244970225201,0.412449702251907,0.412449702251962,-0,-0
18.38,0.352357095115686,0.352357095115559,0.352357095115735,-0,-0
18.4,0.296851579278234,0.296851579278125,0.296851579278253,-0,-0
18.42,0.245992292802445,0.245992292802321,0.245992292802485,-0,-0
18.44,0.199814472850641,0.199814472850536,0.199814472850665,-0,-0
18.46,0.158377470515765,0.158377470515672,0.158377470515799,-0,-0
18.48,0.121720572264706,0.121720572264572,0.121720572264699,-0,-0
18.5,0.0898767885878504,0.0898767885877995,0.0898767885878758,-0,-0
18.52,0.0628797564920496,0.0628797564919939,0.0628797564920799,-0,-0
18.54,0.0407588170381329,0.0407588170379802,0.0407588170381583,-0,-0
18.56,0.0235217700826076,0.0235217700825273,0.0235217700826474,-0,-0
18.58,0.0112016527728988,0.0112016527727908,0.0112016527729371,-0,-0
18.6,0.00380580381774385,0.00380578482392607,0.00380582322503678,-0,-0
18.62,0.000858982236830724,-0.000717809563531858,0.00249003334331712,-0,-0
18.64,-0.000111057453544511,-0.0123005321617114,0.0129154803000091,-0,-0
18.66,-0.00130543995684514,-0.0379583976804266,0.0393504225400151,-0,-0
18.68,-0.0038719341168857,-0.0792723667602393,0.083149383789223,-0,-0
18.7,-0.008624349798734,-0.136146173034414,0.144736369030163,-0,-0
18.72,-0.016288074187071,-0.208044336079294,0.224226919807797,-0,-0
18.74,-0.027554003672005,-0.29431540936713,0.321614894784386,-0,-0
18.76,-0.0430891534186595,-0.394260172715313,0.436813541724565,-0,-0
18.78,-0.0635146469539133,-0.507092666273103,0.569587549438884,-0,-0
18.8,-0.0894419309757016,-0.6320501980988,0.719695476147862,-0,-0
18.82,-0.12142755628356,-0.768288754325975,0.886741122272981,-0,-0
18.84,-0.159987274667758,-0.914937118074663,1.07024157481776,-0,-0
18.86,-0.205571810516408,-1.07107309249091,1.26958260790897,-0,-0
18.88,-0.2586183998555,-1.23579622001116,1.48413925432157,-0,-0
18.9,-0.319485262425185,-1.40814670219879,1.71313786062232,-0,-0
18.92,-0.388476943882403,-1.5871483513622,1.9557253264553,-0,-0
18.94,-0.465833578981968,-1.77180410890317,2.21095894019101,-0,-0
18.96,-0.55173142882038,-1.96110193169402,2.47781711691826,-0,-0
18.98,-0.646312257748214,-2.15402905503078,2.75524031951489,-0,-0
19,-0.749623538847741,-2.34954482637525,3.04206089054507,-0,-0
19.02,-0.861652550949045,-2.54660395600142,3.33705864368685,-0,-0
19.04,-0.982327853552149,-2.74415650518866,3.63896537088743,-0,-0
19.06,-1.11151465825393,-2.94114631677627,3.94646400367274,-0,-0
19.08,-1.24898406855844,-3.1365220904115,4.25818285491432,-0,-0
19.1,-1.39447213652151,-3.329233724528,4.57273708900912,-0,-0
19.12,-1.54765254439584,-3.51823261465719,4.88871250871068,-0,-0
19.14,-1.70812064096635,-3.70248765944051,5.20467380385096,-0,-0
19.16,-1.87541334018103,-3.88098504554488,5.51918104553006,-0,-0
19.18,-2.0490135981107,-4.0527292628122,5.83079484512216,-0,-0
19.2,-2.22834971352599,-4.21674796795246,6.13808211617205,-0,-0
19.22,-2.41278053963433,-4.3721303584132,6.4396475162085,-0,-0
19.24,-2.60164592871988,-4.51795088855293,6.73408498747216,-0,-0
19.26,-2.79421496829853,-4.65336969019292,7.02005052024954,-0,-0
19.28,-2.98972009032854,-4.77759031886821,7.29623817312455,-0,-0
19.3,-3.18735672610849,-4.88986653892871,7.56138552894154,-0,-0
19.32,-3.38628478958929,-4.98951270699501,7.81428362594581,-0,-0
19.34,-3.58563317258659,-5.07595975665788,8.0538362636257,-0,-0
19.36,-3.78450793357576,-5.14863153433082,8.27893459289539,-0,-0
19.38,-3.98199225702882,-5.20708938553193,8.48860494167635,-0,-0
19.4,-4.17715546269194,-5.2509707916492,8.68194774559792,-0,-0
19.42,-4.36905296394447,-5.27998554070138,8.8581317206666,-0,-0
19.44,-4.55674889671299,-5.29398484043598,9.01647557982453,-0,-0
19.46,-4.7392908193385,-5.29284915145742,9.15631561753304,-0,-0
19.48,-4.91573871373837,-5.27658359092278,9.27711811528189,-0,-0
19.5,-5.08516984628068,-5.24530179783194,9.37846343978556,-0,-0
19.52,-5.24667102652809,-5.19919515781222,9.4600071915346,-0,-0
19.54,-5.39937809551277,-5.138592838294,9.52156265589449,-0,-0
19.56,-5.54242147865418,-5.0638585059948,9.5629608727701,-0,-0
19.58,-5.67498381763822,-4.9754767852968,9.58417060077562,-0,-0
19.6,-5.79629571137436,-4.87402664130397,9.58526658266598,-0,-0
19.62,-5.90674237309197,-4.76113878944354,9.56811488250358,-0,-0
19.64,-6.01122692665519,-4.64220689065112,9.54130406653329,-0,-0
19.66,-6.11348388832967,-4.52098263465465,9.51102487153239,-0,-0
19.68,-6.21455808593021,-4.39852532418047,9.47901858762858,-0,-0
19.7,-6.31464905501626,-4.2750665503374,9.44564891477879,-0,-0
19.72,-6.4137789773981,-4.15066568001194,9.4109923521113,-0,-0
19.74,-6.51193868971794,-4.02535193933049,9.37507444456737,-0,-0
19.76,-6.60911381496066,-3.89914959855795,9.33791208565093,-0,-0
19.78,-6.70528625771464,-3.77207967811143,9.29951720533661,-0,-0
19.8,-6.80044042455583,-3.64416562819863,9.25990479391696,-0,-0
19.82,-6.89456047914096,-3.51543076031991,9.21908942607556,-0,-0
19.84,-6.98762934483718,-3.3858976166167,9.17708419358868,-0,-0
19.86,-7.07963462015341,-3.25559229546232,9.13390721871693,-0,-0
19.88,-7.17055717455501,-3.12453603917205,9.08956916838631,-0,-0
19.9,-7.26038206728056,-2.99275332637227,9.0440852285728,-0,-0
19.92,-7.34909429318551,-2.86026869037378,8.99747028493958,-0,-0
19.94,-7.43667779830407,-2.72710609469376,8.94973804976589,-0,-0
19.96,-7.52311753267117,-2.59329019996503,8.90090314584535,-0,-0
19.98,-7.60840051558868,-2.45884688916747,8.85098187966633,-0,-0
20,-7.69250879009084,-2.32379943586835,8.79998580688808,-0,-0
20.02,-7.77542831854851,-2.1881734051067,8.74792995745264,-0,-0
20.04,-7.85714473258259,-2.05199420036521,8.69482886999445,-0,-0
20.06,-7.93764233112437,-1.91528677444646,8.64069575025606,-0,-0
20.08,-8.01691011554447,-1.77807812520909,8.5855474472011,-0,-0
20.1,-8.09493100913473,-1.64039277659997,8.52939564892942,-0,-0
20.12,-8.17169083834045,-1.50225660729383,8.4722542808781,-0,-0
20.14,-8.24717676035346,-1.36369606323745,8.41413798309422,-0,-0
20.16,-8.32137436137848,-1.22473711363305,8.35505996990123,-0,-0
20.18,-8.39426976812998,-1.08540599643483,8.29503369960321,-0,-0
20.2,-8.46585284058577,-0.945730007580242,8.23407495709499,-0,-0
20.22,-8.53610661246585,-0.805734704797429,8.17219451397911,-0,-0
20.24,-8.60501919079705,-0.665447113458757,8.10940641787259,-0,-0
20.26,-8.67257818629825,-0.524894129918678,8.04572412354256,-0,-0
20.28,-8.73876975813792,-0.384102497851175,7.9811598498991,-0,-0
20.3,-8.80358507104279,-0.243099821176982,7.91572867523597,-0,-0
20.32,-8.86700936830052,-0.101912803043356,7.84944170456047,-0,-0
20.34,-8.92903005160882,0.0394313692176005,7.78231120009902,-0,-0
20.36,-8.98963686228261,0.180905167651369,7.71435043143702,-0,-0
20.38,-9.04881758358498,0.322481218252083,7.64557122639302,-0,-0
20.4,-9.10656033145023,0.464132025148387,7.57598539654409,-0,-0
20.42,-9.16285802158138,0.605829866283694,7.50560699129881,-0,-0
20.44,-9.21769543998396,0.747547241597056,7.43444540512359,-0,-0
20.46,-9.27106335438257,0.8892563465907,7.36251291363427,-0,-0
20.48,-9.32295192397226,1.03092939744792,7.2898211898939,-0,-0
20.5,-9.37334974793147,1.17253845806023,7.21638077178141,-0,-0
20.52,-9.4222507490842,1.31405583850103,7.1422044911482,-0,-0
20.54,-9.46964289075562,1.45545347514507,7.06730196573562,-0,-0
20.56,-9.51551590254302,1.59670326030975,6.99168344422027,-0,-0
20.58,-9.55986255878837,1.7377773186544,6.91536019730846,-0,-0
20.6,-9.60267338350441,1.87864749505012,6.83834213635626,-0,-0
20.62,-9.64393918991382,2.01928557182758,6.76063907282222,-0,-0
20.64,-9.68365618656047,2.15966417585642,6.68226275306415,-0,-0
20.66,-9.72181168743565,2.29975439465865,6.60322085135118,-0,-0
20.68,-9.7583995657678,2.4395283231801,6.52352347991606,-0,-0
20.7,-9.79341302322105,2.5789579376043,6.44318019209399,-0,-0
20.72,-9.82684364281936,2.71801475629627,6.36219953574931,-0,-0
20.74,-9.85868865233703,2.85667164650931,6.28059196877102,-0,-0
20.76,-9.8889390030324,2.99489987714871,6.19836519135545,-0,-0
20.78,-9.91758757250669,3.13267105439825,6.11552742106379,-0,-0
20.8,-9.94463043939504,3.26995764726731,6.03208770250014,-0,-0
20.82,-9.97006132461275,3.40673139062235,5.9480538963001,-0,-0
20.84,-9.99387437395902,3.54296405094968,5.86343379472309,-0,-0
20.86,-10.0160692190465,3.67862927468603,5.77823677072107,-0,-0
20.88,-10.036636382609,3.81369745168664,5.69246875345938,-0,-0
20.9,-10.0555731675151,3.94814127572872,5.60613771590186,-0,-0
20.92,-10.0728762063212,4.08193319246124,5.51925115445324,-0,-0
20.94,-10.0885404507454,4.2150448823353,5.43181568732594,-0,-0
20.96,-10.1025668818895,4.34745055780239,5.34383963909549,-0,-0
20.98,-10.1149495957895,4.47912144204974,5.25532883069875,-0,-0
21,-10.1256852388238,4.61002972006331,5.16628970158281,-0,-0
21.02,-10.1347733441803,4.74014888640537,5.0767292790205,-0,-0
21.04,-10.1422111560501,4.86945131618001,4.98665362499664,-0,-0
21.06,-10.1479965779039,4.99790961217034,4.89606881225729,-0,-0
21.08,-10.1521326694572,5.12549907469505,4.80498218486968,-0,-0
21.1,-10.154613664781,5.25219028564984,4.71339823422407,-0,-0
21.12,-10.1554404472685,5.37795728126875,4.62132318348718,-0,-0
21.14,-10.1546132858515,5.50277376339862,4.52876288110326,-0,-0
21.16,-10.1521307727693,5.62661239452642,4.43572245155211,-0,-0
21.18,-10.1479977505734,5.74944958503843,4.34220858977277,-0,-0
21.2,-10.1422116158865,5.8712572062344,4.2482256930025,-0,-0
21.22,-10.1347730351492,5.99200900099193,4.15377892207872,-0,-0
21.24,-10.1256850482088,6.11168024306744,4.05887386027763,-0,-0
21.26,-10.1149485586854,6.23024479429528,3.96351533260533,-0,-0
21.28,-10.1025653356136,6.34767701851113,3.86770826256211,-0,-0
21.3,-10.0885418315234,6.4639545966897,3.77145864327256,-0,-0
21.32,-10.0728761447122,6.57904926972772,3.67477009556209,-0,-0
21.34,-10.0555727546303,6.69293726412783,3.57764777934178,-0,-0
21.36,-10.0366355666132,6.80559441145117,3.48009657937064,-0,-0
21.38,-10.0160668542895,6.91699527301639,3.38212081570211,-0,-0
21.4,-9.99387513125556,7.02711931985893,3.28372628680745,-0,-0
21.42,-9.97006122091586,7.13593996633232,3.18491671755103,-0,-0
21.44,-9.94462964944505,7.24343347162546,3.08569668952754,-0,-0
21.46,-9.91758689581516,7.34957777216051,2.98607115725585,-0,-0
21.48,-9.88893744316707,7.45434915301904,2.88604449339083,-0,-0
21.5,-9.85868673933944,7.55772468254126,2.78562124580693,-0,-0
21.52,-9.82684447964409,7.65968528475176,2.68480692630772,-0,-0
21.54,-9.79341251858549,7.76020488636875,2.58360506855052,-0,-0
21.56,-9.75839872101004,7.85926281526897,2.48202062406507,-0,-0
21.58,-9.72181044109882,7.95683799578379,2.38005837676913,-0,-0
21.6,-9.68365341970504,8.05290785058748,2.27772269265474,-0,-0
21.62,-9.64393946817979,8.14745580561527,2.17501935056763,-0,-0
21.64,-9.60267276327088,8.24045785138124,2.07195230695266,-0,-0
21.66,-9.55986131433349,8.33189372280315,1.96852642023705,-0,-0
21.68,-9.51551476574677,8.42174497042443,1.86474693540732,-0,-0
21.7,-9.469640885387,8.50999128405596,1.76061867569851,-0,-0
21.72,-9.42224846495753,8.59661344636817,1.65614671501443,-0,-0
21.74,-9.37335004800006,8.68159648737915,1.55133700687122,-0,-0
21.76,-9.32295095420242,8.7649176019098,1.44619390778425,-0,-0
21.78,-9.27106206051551,8.84656017801735,1.34072309019268,-0,-0
21.8,-9.21769376250384,8.92650719207945,1.23493015492517,-0,-0
21.82,-9.16285493771417,9.00473998036744,1.12882045250254,-0,-0
21.84,-9.1065600626686,9.08124667366531,1.02240062086291,-0,-0
21.86,-9.04881653633718,9.15600710156462,0.915675837058646,-0,-0
21.88,-8.98963520419919,9.22900525312474,0.808652111386245,-0,-0
21.9,-8.92902850388911,9.3002273256355,0.70133591840482,-0,-0
21.92,-8.86700709594615,9.36965745906691,0.593733465469581,-0,-0
21.94,-8.80358237012564,9.43728080394791,0.485851208462871,-0,-0
21.96,-8.73876953317697,9.50308776330648,0.37769650555586,-0,-0
21.98,-8.6725767266273,9.56705959349966,0.269275421371174,-0,-0
22,-8.60501741285741,9.62918476438317,0.160595258469201,-0,-0
22.02,-8.53610450954226,9.68945122466639,0.0516633232093725,-0,-0
22.04,-8.46584953177875,9.74784519462624,-0.0575131515110685,-0,-0
22.06,-8.39426886558806,9.8043600367099,-0.166925872658454,-0,-0
22.08,-8.3213729815886,9.85898092328936,-0.276567479368213,-0,-0
22.1,-8.24717473405317,9.91169653520336,-0.386430001160053,-0,-0
22.12,-8.17168891510536,9.96249874925239,-0.496504887958546,-0,-0
22.14,-8.09492854529368,10.0113770655709,-0.606783708057275,-0,-0
22.16,-8.01690699186251,10.0583216601469,-0.717257800157393,-0,-0
22.18,-7.9376416140387,10.1033292926764,-0.827917641722453,-0,-0
22.2,-7.85714280861755,10.1463860463253,-0.938754607780062,-0,-0
22.22,-7.77542606588277,10.1874863012977,-1.04975900620085,-0,-0
22.24,-7.69250627545089,10.2266237720908,-1.16092106790668,-0,-0
22.26,-7.60839705594495,10.2637904014196,-1.27223090734231,-0,-0
22.28,-7.52311597086107,10.2989850767958,-1.38367791535093,-0,-0
22.3,-7.43667627149743,10.3321997505741,-1.49525179093821,-0,-0
22.32,-7.34909197079482,10.3634278253346,-1.60694187790061,-0,-0
22.34,-7.26037979512197,10.3926678285244,-1.71873692230601,-0,-0
22.36,-7.17055462572439,10.4199154082897,-1.83062560888479,-0,-0
22.38,-7.07963105509664,10.4451659063107,-1.94259640102498,-0,-0
22.4,-6.98762819071201,10.4684234632606,-2.05463709872479,-0,-0
22.42,-6.89455808300386,10.4896793889351,-2.16673582103874,-0,-0
22.44,-6.80043770375478,10.5089345670104,-2.27887995075138,-0,-0
22.46,-6.70528331185352,10.5261888978861,-2.3910567145225,-0,-0
22.48,-6.60911024625619,10.5414408529257,-2.50325305783892,-0,-0
22.5,-6.51193651384483,10.5546946298643,-2.61545557341505,-0,-0
22.52,-6.41377755422991,10.5659497319638,-2.72765061158752,-0,-0
22.54,-6.31464845744334,10.5752051752059,-2.83982419901724,-0,-0
22.56,-6.2145668836516,10.5824656582656,-2.95196210313277,-0,-0
22.58,-6.11354925093542,10.5877337642285,-3.06404975644433,-0,-0
22.6,-6.0116108138219,10.5910098590901,-3.17607220874957,-0,-0
22.62,-5.90877195543344,10.5923060785337,-3.28801452768419,-0,-0
22.64,-5.80504587177027,10.5916189743501,-3.39986104103334,-0,-0
22.66,-5.7004505575581,10.5889562182322,-3.51159601497233,-0,-0
22.68,-5.59500312791241,10.584323929595,-3.62320340909336,-0,-0
22.7,-5.48872016023838,10.5777273310919,-3.73466682716405,-0,-0
22.72,-5.38161958948899,10.5691753416065,-3.84596976157662,-0,-0
22.74,-5.273718718376,10.5586758875923,-3.95709529884027,-0,-0
22.76,-5.16503334112456,10.5462334911338,-4.06802588865572,-0,-0
22.78,-5.05558140216528,10.5318583450206,-4.1787441662997,-0,-0
22.8,-4.94538010143733,10.5155592260748,-4.28923229781572,-0,-0
22.82,-4.83444609588045,10.4973438988887,-4.39947188042232,-0,-0
22.84,-4.72279932280171,10.4772293287578,-4.50944542035764,-0,-0
22.86,-4.61045461090436,10.4552191599834,-4.6191333456664,-0,-0
22.88,-4.4974301909213,10.4313265511058,-4.72851698485417,-0,-0
22.9,-4.38374377418512,10.4055637859129,-4.83757714433594,-0,-0
22.92,-4.26941258824911,10.3779421139272,-4.9462941618021,-0,-0
22.94,-4.15445437575607,10.3484746205851,-5.05464838698932,-0,-0
22.96,-4.03888781112868,10.3171777358009,-5.16262046100249,-0,-0
22.98,-3.92272900886591,10.2840604639193,-5.27018919347477,-0,-0
23,-3.80599609917927,10.2491382995679,-5.37733430076985,-0,-0
23.02,-3.6887069718149,10.2124264048042,-5.48403518377137,-0,-0
23.04,-3.57087889229231,10.1739382865836,-5.59027040804086,-0,-0
23.06,-3.452530915929,10.1336938822279,-5.69601992399175,-0,-0
23.08,-3.33367990378759,10.0917060902192,-5.80126150936709,-0,-0
23.1,-3.21434333128285,10.0479900722437,-5.90597314448148,-0,-0
23.12,-3.09453959319022,10.0025647019719,-6.01013354335823,-0,-0
23.14,-2.97428634807276,9.95544656060568,-6.11372042558886,-0,-0
23.16,-2.85360105209877,9.90665163741781,-6.2167109584996,-0,-0
23.18,-2.73250300542299,9.8562037034624,-6.31908477644074,-0,-0
23.2,-2.61100862500478,9.80411521331687,-6.42081713967836,-0,-0
23.22,-2.48913626756375,9.75040676030226,-6.5218858635651,-0,-0
23.24,-2.3669039596308,9.69509793992915,-6.62226821468369,-0,-0
23.26,-2.24432944934066,9.63820735888036,-6.7219407332401,-0,-0
23.28,-2.12143107214006,9.57975672044373,-6.82088106428928,-0,-0
23.3,-1.99822677824531,9.51976631187261,-6.91906597575241,-0,-0
23.32,-1.87473403557078,9.45825404020901,-7.01647074429346,-0,-0
23.34,-1.75097107568101,9.3952419493197,-7.11307245041172,-0,-0
23.36,-1.62695586495332,9.33075097601656,-7.20884738434936,-0,-0
23.38,-1.50270619702505,9.26480111640931,-7.30377096622564,-0,-0
23.4,-1.37824078991333,9.19741877560896,-7.39782229415082,-0,-0
23.42,-1.25357693614281,9.12862111015319,-7.49097470761581,-0,-0
23.44,-1.1287327977905,9.05843113404417,-7.58320483824024,-0,-0
23.46,-1.00372647792819,8.9868718537727,-7.67448917735123,-0,-0
23.48,-0.87857591599348,8.91396507683254,-7.76480324679393,-0,-0
23.5,-0.753299112443818,8.83973313917597,-7.85412276023506,-0,-0
23.52,-0.627914349819146,8.76420214441053,-7.94242626000765,-0,-0
23.54,-0.502439326284512,8.68739119501064,-8.02968669383634,-0,-0
23.56,-0.376892175814478,8.60932464658539,-8.11588096561997,-0,-0
23.58,-0.25129094673128,8.53002618842403,-8.20098545243912,-0,-0
23.6,-0.12565365012539,8.44951840988747,-8.28497544890215,-0,-0
23.62,1.64967072571669e-06,8.36782690390362,-8.36782906469207,-0,-0
23.64,0.12565696819034,8.28497459112825,-8.44952192356823,-0,-0
23.66,0.251294253379679,8.20098359715534,-8.53002867647979,-0,-0
23.68,0.376895482829372,8.11587899159703,-8.6093270189419,-0,-0
23.7,0.502442622733328,8.02968447425257,-8.68739329248014,-0,-0
23.72,0.627917533080192,7.94242270786452,-8.76420260115289,-0,-0
23.74,0.753302525529101,7.85412158994786,-8.83973660093593,-0,-0
23.76,0.87857924273936,7.76480121768626,-8.913967458213,-0,-0
23.78,1.00372975579074,7.67448675489718,-8.98687370179364,-0,-0
23.8,1.12873608689127,7.5832024951544,-9.05843307233284,-0,-0
23.82,1.25358013948518,7.4909719382932,-9.12862239103518,-0,-0
23.84,1.37824385978425,7.39781894500148,-9.19741913344783,-0,-0
23.86,1.50270971782232,7.30376951586421,-9.26480458401696,-0,-0
23.88,1.62695912621009,7.20884489805072,-9.33075271589184,-0,-0
23.9,1.75097425019804,7.11306968674174,-9.39524317949457,-0,-0
23.92,1.87473716876534,7.0164678733543,-9.45825506611395,-0,-0
23.94,1.99822970380904,6.91906256445066,-9.51976626666367,-0,-0
23.96,2.12143433553673,6.82087855619414,-9.57975843596689,-0,-0
23.98,2.24433301400897,6.72193891842991,-9.6382105187143,-0,-0
24,2.3669073107838,6.62226588985637,-9.69510005660841,-0,-0
24.02,2.48913958721345,6.52188343687534,-9.75040872633797,-0,-0
24.04,2.61101181788571,6.42081447596762,-9.80411660411063,-0,-0
24.06,2.73250570311813,6.31908133551393,-9.85620301811353,-0,-0
24.08,2.85360466301253,6.21670890101988,-9.90665470911287,-0,-0
24.1,2.97428956371801,6.1137177817674,-9.95544804665008,-0,-0
24.12,3.09454270936292,6.01013077585032,-10.0025657881769,-0,-0
24.14,3.21434648767751,5.90597044486966,-10.0479912921575,-0,-0
24.16,3.33368285401359,5.80125858852873,-10.091706577455,-0,-0
24.18,3.45253364599657,5.69601677700694,-10.1336936255232,-0,-0
24.2,3.57088257125698,5.59026813989497,-10.1739413078448,-0,-0
24.22,3.68871014771874,5.48403246986554,-10.2124276909072,-0,-0
24.24,3.80599910145078,5.37733145313989,-10.2491390120376,-0,-0
24.26,3.92273184276569,5.27018621089475,-10.2840606650413,-0,-0
24.28,4.03889036411164,5.16261730901099,-10.3171770767518,-0,-0
24.3,4.1544575072533,5.05464561919247,-10.3484757271594,-0,-0
24.32,4.26941594584325,4.94629151225855,-10.3779438999877,-0,-0
24.34,4.38374693407781,4.83757434255201,-10.4055650083461,-0,-0
24.36,4.49743322233882,4.72851410721022,-10.4313274040805,-0,-0
24.38,4.61045744638515,4.61913042043818,-10.4552194240356,-0,-0
24.4,4.72280149425824,4.50944225136324,-10.4772277678782,-0,-0
24.42,4.83444954628173,4.39946917885398,-10.4973458202153,-0,-0
24.44,4.94538309697314,4.28922943169203,-10.5155599304874,-0,-0
24.46,5.05558412298766,4.17874123261254,-10.5318583206688,-0,-0
24.48,5.16503610022083,4.06802295372634,-10.5462335875627,-0,-0
24.5,5.27372161535698,3.9570923755154,-10.5586763538979,-0,-0
24.52,5.38162209528345,3.84596676852272,-10.5691748220887,-0,-0
24.54,5.4887237874286,3.73466405733171,-10.5777295198303,-0,-0
24.56,5.59500617961222,3.62320053538754,-10.5843247171851,-0,-0
24.58,5.70045337083233,3.51159311307782,-10.5889564244259,-0,-0
24.6,5.80504851845738,3.39985813085063,-10.591618783832,-0,-0
24.62,5.908774282415,3.28801158795319,-10.5923051776994,-0,-0
24.64,6.01161357606083,3.17606927669115,-10.591009960751,-0,-0
24.66,6.11355181940875,3.06404680899649,-10.5877334521499,-0,-0
24.68,6.2145695342121,2.9519591625691,-10.5824655220526,-0,-0
24.7,6.31465091401076,2.83982124373417,-10.5752046399014,-0,-0
24.72,6.41377966970411,2.72764763512247,-10.5659485152459,-0,-0
24.74,6.51193877834523,2.61545260508401,-10.5546937244605,-0,-0
24.76,6.6091129398044,2.50325012261874,-10.5414407753895,-0,-0
24.78,6.70528615435061,2.39105378261953,-10.5261891055075,-0,-0
24.8,6.80044052199885,2.27887700041784,-10.5089347360581,-0,-0
24.82,6.89456050794836,2.16673286844303,-10.4896788149455,-0,-0
24.84,6.98763044232573,2.05463417448898,-10.4684225412868,-0,-0
24.86,7.07963354708373,1.9425934580361,-10.4451654330154,-0,-0
24.88,7.1705566094643,1.830622707008,-10.4199140083796,-0,-0
24.9,7.26038237393973,1.71873395402735,-10.3926675288971,-0,-0
24.92,7.34909435725716,1.60693893346669,-10.3634271697883,-0,-0
24.94,7.43667837258673,1.49524888059597,-10.3321985924247,-0,-0
24.96,7.52311888141454,1.38367490104865,-10.2989853231587,-0,-0
24.98,7.60839910161377,1.27222800315409,-10.2637891534462,-0,-0
25,7.69250867034737,1.16091811591204,-10.2266231182554,-0,-0
25.02,7.77542841382328,1.04975606820513,-10.1874855558561,-0,-0
25.04,7.85714474936459,0.9387517408984,-10.1463846175967,-0,-0
25.06,7.93764364645981,0.827914774250554,-10.1033279988145,-0,-0
25.08,8.01691026142083,0.71725471691857,-10.0583223348154,-0,-0
25.1,8.09492942154577,0.606780993893069,-10.0113740339827,-0,-0
25.12,8.17169106261512,0.496501946769644,-9.96249770472111,-0,-0
25.14,8.24717690195769,0.386427080897127,-9.91169548076851,-0,-0
25.16,8.32137454743929,0.276564677312258,-9.85897896166597,-0,-0
25.18,8.3942708676252,0.166922976434425,-9.80435873782641,-0,-0
25.2,8.46585196711935,0.0575101697615011,-9.74784451710354,-0,-0
25.22,8.53610514270421,-0.051665959080278,-9.68944798798536,-0,-0
25.24,8.60501929753786,-0.160598126089972,-9.62918328280083,-0,-0
25.26,8.67257846312208,-0.269278265031513,-9.56705791437854,-0,-0
25.28,8.73877108152383,-0.377699313682585,-9.50308583589021,-0,-0
25.3,8.80358524636302,-0.485854287005246,-9.43728063094642,-0,-0
25.32,8.86700787577057,-0.593736123275162,-9.36965455249465,-0,-0
25.34,8.92902918947499,-0.701338552032327,-9.30022430821251,-0,-0
25.36,8.9896371496914,-0.808654994902497,-9.22900381657971,-0,-0
25.38,9.04881826128691,-0.915678674559266,-9.15600538900999,-0,-0
25.4,9.10656203785902,-1.02240352326313,-9.08124528080642,-0,-0
25.42,9.16285785683319,-1.12882356106146,-9.00473970082741,-0,-0
25.44,9.21769374634986,-1.23493261954624,-8.92650342492286,-0,-0
25.46,9.27106284181775,-1.3407257258281,-8.84655735722954,-0,-0
25.48,9.32295233325406,-1.44619667891948,-8.76491548212965,-0,-0
25.5,9.37335128095866,-1.5513397446615,-8.68159420111655,-0,-0
25.52,9.42224967580347,-1.65614945050829,-8.5966111381201,-0,-0
25.54,9.46964280977572,-1.76062157488899,-8.50998976139648,-0,-0
25.56,9.51551574118935,-1.86474961984827,-8.42174243769323,-0,-0
25.58,9.55986130143456,-1.96852887384688,-8.33189015612116,-0,-0
25.6,9.60267239076585,-2.07195467158612,-8.24045391107062,-0,-0
25.62,9.64394117575162,-2.17502220059127,-8.14745398784599,-0,-0
25.64,9.68365626773428,-2.27772581348881,-8.05290715506253,-0,-0
25.66,9.72180977520899,-2.38006066638289,-7.95683386737471,-0,-0
25.68,9.75840002401965,-2.48202338082953,-7.85926057883977,-0,-0
25.7,9.79341309968737,-2.58360765391506,-7.76020196735006,-0,-0
25.72,9.82684498124267,-2.68480949114692,-7.65968230166485,-0,-0
25.74,9.85868945869508,-2.78562434994302,-7.55772369295281,-0,-0
25.76,9.88893853268231,-2.88604719706651,-7.45434670887934,-0,-0
25.78,9.91758614513013,-2.9860734031992,-7.34957374679716,-0,-0
25.8,9.94462949286041,-3.08569908784903,-7.24342995723662,-0,-0
25.82,9.97006185876047,-3.18491932046851,-7.13593711178771,-0,-0
25.84,9.99387646016342,-3.2837290579319,-7.02711703189686,-0,-0
25.86,10.0160692929139,-3.38212387007811,-6.91699385051301,-0,-0
25.88,10.0366361947008,-3.48009917341828,-6.80559155615033,-0,-0
25.9,10.0555720150727,-3.57765002565857,-6.6929333675319,-0,-0
25.92,10.0728750282895,-3.6747722429792,-6.57904511253842,-0,-0
25.94,10.0885425751682,-3.77146127279114,-6.46395181459585,-0,-0
25.96,10.1025673850349,-3.86771123484413,-6.34767515453158,-0,-0
25.98,10.1149488127959,-3.96351782295257,-6.23024166669566,-0,-0
26,10.1256855501554,-4.05887640460186,-6.11167728861775,-0,-0
26.02,10.134772620947,-4.15378123959613,-5.99200542931274,-0,-0
26.04,10.1422098418927,-4.24822764170757,-5.87125277068458,-0,-0
26.06,10.1479985242117,-4.34221122947931,-5.74944677695787,-0,-0
26.08,10.1521323688497,-4.43572532307861,-5.62661007608264,-0,-0
26.1,10.1546124386577,-4.52876506644878,-5.50276997167579,-0,-0
26.12,10.1554408473321,-4.62132573714406,-5.37795422131463,-0,-0
26.14,10.1546131451558,-4.71340050664634,-5.25218670764137,-0,-0
26.16,10.1521306235425,-4.80498401380111,-5.12549467108043,-0,-0
26.18,10.1479982482846,-4.8960717219694,-4.99790720406543,-0,-0
26.2,10.1422110413675,-4.98665600100585,-4.86944796665492,-0,-0
26.22,10.1347717068664,-5.0767311842075,-4.74014477922372,-0,-0
26.24,10.1256851549855,-5.16629209806871,-4.610026379836,-0,-0
26.26,10.1149493792745,-5.25533118646487,-4.47911803912818,-0,-0
26.28,10.1025651543563,-5.34384151214265,-4.3474464741888,-0,-0
26.3,10.0885418901388,-5.43181856453601,-4.21504218781197,-0,-0
26.32,10.072874982897,-5.51925319351683,-4.08192936153738,-0,-0
26.34,10.0555731735903,-5.60614016514125,-3.94813795001565,-0,-0
26.36,10.0366356276541,-5.6924709362789,-3.81369382594783,-0,-0
26.38,10.016067106041,-5.77823849263294,-3.67862515422542,-0,-0
26.4,9.9938759109662,-5.86343677296245,-3.54296123342595,-0,-0
26.42,9.97006078490207,-5.94805613063529,-3.40672784506795,-0,-0
26.44,9.9446281858331,-6.03208932474063,-3.26995355215883,-0,-0
26.46,9.91758719098931,-6.11552972500211,-3.13266755070697,-0,-0
26.48,9.88893633136975,-6.19836666037344,-2.9948957170265,-0,-0
26.5,9.85868869329723,-6.28059442685456,-2.85666824159312,-0,-0
26.52,9.8268446187906,-6.36220237544194,-2.71801157215876,-0,-0
26.54,9.79341069461494,-6.44318175134051,-2.57895394806443,-0,-0
26.56,9.75839880524229,-6.52352565105596,-2.4395247000978,-0,-0
26.58,9.7218103594799,-6.60322279300441,-2.29975065369356,-0,-0
26.6,9.68365457676696,-6.68226458930122,-2.15966039060133,-0,-0
26.62,9.64393967860678,-6.7606417765589,-2.01928214090914,-0,-0
26.64,9.60267137478019,-6.83834376980966,-1.87864366646502,-0,-0
26.66,9.55986140173853,-6.91536218529616,-1.73777361450703,-0,-0
26.68,9.51551452035834,-6.9916853327624,-1.59669953111849,-0,-0
26.7,9.46964047980666,-7.06730339978578,-1.45544965497219,-0,-0
26.72,9.42225018611876,-7.14220680801725,-1.31405218701157,-0,-0
26.74,9.37334997408681,-7.21638345119795,-1.17253483560762,-0,-0
26.76,9.32295092234035,-7.2898232771721,-1.0309256958283,-0,-0
26.78,9.2710620017606,-7.3625148421084,-0.889252634774586,-0,-0
26.8,9.21769396278841,-7.43444726057269,-0.747543525912974,-0,-0
26.82,9.16285678398172,-7.50560896892741,-0.605826147170083,-0,-0
26.84,9.10656067482294,-7.57598822317561,-0.464128241241377,-0,-0
26.86,9.04881660145898,-7.64557333297085,-0.32247746979716,-0,-0
26.88,8.98963512684627,-7.71435209883318,-0.180901455207172,-0,-0
26.9,8.92902724423587,-7.78231227338101,-0.0394277691821223,-0,-0
26.92,8.86700784798411,-7.84944355520572,0.101916512978054,-0,-0
26.94,8.80358350595903,-7.91573046658181,0.243103541315778,-0,-0
26.96,8.73876968570739,-7.98116256482604,0.384106458785914,-0,-0
26.98,8.67257648266231,-8.04572584442047,0.524897828170195,-0,-0
27,8.60501653348164,-8.10940751790997,0.665450620521524,-0,-0
27.02,8.53610481219159,-8.17219616884211,0.80573838548312,-0,-0
27.04,8.46585114669491,-8.23407671110674,0.945733703656305,-0,-0
27.06,8.39426781665127,-8.29503525474421,1.08540964094032,-0,-0
27.08,8.32137281788738,-8.35506178533222,1.22474088768876,-0,-0
27.1,8.24717361868661,-8.41413862163131,1.36369935235816,-0,-0
27.12,8.17168914497406,-8.47225601625322,1.50226034471205,-0,-0
27.14,8.09492901247034,-8.52939716890434,1.64039640095333,-0,-0
27.16,8.01690701089658,-8.58554808102996,1.77808132847367,-0,-0
27.18,7.93764159624311,-8.64069828086951,1.91529094164261,-0,-0
27.2,7.85714246021232,-8.69483015792084,2.05199771656668,-0,-0
27.22,7.77542535934659,-8.74793066155968,2.1881765908653,-0,-0
27.24,7.6925065323688,-8.79998711250161,2.32380294271349,-0,-0
27.26,7.60839718654984,-8.85098220871741,2.45884984190933,-0,-0
27.28,7.52311644308333,-8.9009055208804,2.59329436330222,-0,-0
27.3,7.43667583714482,-8.94973961619978,2.72710978871069,-0,-0
27.32,7.34909181965608,-8.99747134404424,2.86027210053194,-0,-0
27.34,7.26037996730383,-9.04408667032213,2.99275696131789,-0,-0
27.36,7.17055480844587,-9.08957035097558,3.12453948856067,-0,-0
27.38,7.07963102315862,-9.13390709409763,3.2555948842552,-0,-0
27.4,6.98762819834875,-9.17708670969522,3.38590197562149,-0,-0
27.42,6.89455794625374,-9.21909043283807,3.51543408082008,-0,-0
27.44,6.80043742651103,-9.25990526612939,3.64416856249032,-0,-0
27.46,6.70528363494013,-9.29951809942943,3.77208291736307,-0,-0
27.48,6.60911139109345,-9.33791320707162,3.8991530322981,-0,-0
27.5,6.51193591729385,-9.37507515310663,4.02535506118017,-0,-0
27.52,6.41377744446459,-9.41099472763168,4.15066996407035,-0,-0
27.54,6.31464848188937,-9.44565301594398,4.27507175703214,-0,-0
27.56,6.21456632367749,-9.47903699698072,4.39853898764739,-0,-0
27.58,6.11354921675628,-9.51113512336046,4.52105143237199,-0,-0
27.6,6.01161192988983,-9.54193103655959,4.64258549359752,-0,-0
27.62,5.90877088924165,-9.57141056679807,4.76311924719362,-0,-0
27.64,5.80504600537303,-9.59956482228657,4.88263517360536,-0,-0
27.66,5.70045078195633,-9.62637536569697,5.00110839366174,-0,-0
27.68,5.59500304595898,-9.65183020736625,5.11851926383331,-0,-0
27.7,5.48872088983339,-9.67591803396914,5.23484880552912,-0,-0
27.72,5.38162012412567,-9.69862383209414,5.35007524466661,-0,-0
27.74,5.27371848215988,-9.71993584096665,5.46417955710121,-0,-0
27.76,5.16503283811138,-9.73984091993274,5.57714172039441,-0,-0
27.78,5.05558140236802,-9.75832848967263,5.68894398969898,-0,-0
27.8,4.94538002463322,-9.77538366735474,5.79956515233358,-0,-0
27.82,4.83444627699649,-9.79099482036684,5.90898679504205,-0,-0
27.84,4.72279937224257,-9.80515394051823,6.01719372271697,-0,-0
27.86,4.610454618143,-9.81784517498904,6.12416419022285,-0,-0
27.88,4.4974301475675,-9.8290585662808,6.22988158416485,-0,-0
27.9,4.38374365677195,-9.8387834868918,6.33432880578273,-0,-0
27.92,4.26941241308793,-9.84700849357344,6.43748813457772,-0,-0
27.94,4.15445444542395,-9.85372413340193,6.53934369438399,-0,-0
27.96,4.03888783486427,-9.85892143110271,6.63988015598859,-0,-0
27.98,3.92272902767876,-9.8625874070547,6.73907871917457,-0,-0
28,3.80599610463436,-9.86471336956768,6.83692442470169,-0,-0
28.02,3.68870696630461,-9.86529047178315,6.93340225018173,-0,-0
28.04,3.57087889831856,-9.86430833534186,7.02849591255149,-0,-0
28.06,3.45253088032306,-9.86176192196383,7.1221939786395,-0,-0
28.08,3.33367990615127,-9.85764054962424,7.21448001291477,-0,-0
28.1,3.21434335563815,-9.85193471246094,7.30533867020112,-0,-0
28.12,3.09453961775229,-9.84463850839549,7.39475793947043,-0,-0
28.14,2.97428646532023,-9.83574435106814,7.48272434108783,-0,-0
28.16,2.85360105091555,-9.82524246190406,7.56922241343534,-0,-0
28.18,2.73250307244075,-9.81313326756215,7.65424616409546,-0,-0
28.2,2.61100863065793,-9.79940341423864,7.7377769151248,-0,-0
28.22,2.48913628362182,-9.78404950622819,7.81980522510373,-0,-0
28.24,2.36690400673913,-9.76706625341624,7.90031996542346,-0,-0
28.26,2.24432957295683,-9.74844770453249,7.9793094114913,-0,-0
28.28,2.12143098180373,-9.7281892525887,8.05676311397248,-0,-0
28.3,1.9982267403848,-9.70628958268656,8.13267378810883,-0,-0
28.32,1.87473400623343,-9.68274029607883,8.20702747702503,-0,-0
28.34,1.75097100921056,-9.65753910759384,8.27981602782271,-0,-0
28.36,1.62695581499164,-9.63068330711276,8.35103090631527,-0,-0
28.38,1.50270624047699,-9.60216881072679,8.42066229822894,-0,-0
28.4,1.37824069364007,-9.57199638293165,8.48870505445651,-0,-0
28.42,1.25357696269582,-9.54016267176337,8.55515010732087,-0,-0
28.44,1.128732825442,-9.50666399599072,8.61998806533708,-0,-0
28.46,1.00372649892872,-9.4715010008082,8.68321372286057,-0,-0
28.48,0.878575966912827,-9.43467266254361,8.74482028356548,-0,-0
28.5,0.753299102474333,-9.39617644187316,8.80479947454134,-0,-0
28.52,0.627914357604748,-9.35601908388847,8.8631521292756,-0,-0
28.54,0.502439326722665,-9.31419447626055,8.91986648429373,-0,-0
28.56,0.376892177318236,-9.27070570086511,8.97493979665668,-0,-0
28.58,0.251290951758419,-9.22555457610782,9.02836810158785,-0,-0
28.6,0.125653661512602,-9.17874211711363,9.08014663746076,-0,-0
28.62,-1.64935469964781e-06,-9.13027054265692,9.13027183669762,-0,-0
28.64,-0.125656964547816,-9.0801460131367,9.17874408076045,-0,-0
28.66,-0.251294252811347,-9.02836698390842,9.22555604516839,-0,-0
28.68,-0.376895471260536,-8.97493837149401,9.27070685967871,-0,-0
28.7,-0.502442602305801,-8.91986461505581,9.31419518751822,-0,-0
28.72,-0.627917551511479,-8.86314881639597,9.35601832809764,-0,-0
28.74,-0.753302462261172,-8.80479895995017,9.39617853584605,-0,-0
28.76,-0.878579262119466,-8.74481880413526,9.43467377219419,-0,-0
28.78,-1.00372977000188,-8.68321197169478,9.47150182950471,-0,-0
28.8,-1.12873610056539,-8.61998638659609,9.50666489466443,-0,-0
28.82,-1.25358022985423,-8.55514836903169,9.54016350482271,-0,-0
28.84,-1.37824384244622,-8.48870231159693,9.57199617945033,-0,-0
28.86,-1.50270976081242,-8.4206624090739,9.60217157431944,-0,-0
28.88,-1.62695912845509,-8.3510294408323,9.63068443378223,-0,-0
28.9,-1.7509742549032,-8.27981407873068,9.65753973678696,-0,-0
28.92,-1.87473718478774,-8.20702514830147,9.68274052246364,-0,-0
28.94,-1.99822980222083,-8.13267086146997,9.70628917260314,-0,-0
28.96,-2.12143423324204,-8.05676120307751,9.72818991528305,-0,-0
28.98,-2.24433295856552,-7.97930816191492,9.74844906498432,-0,-0
29,-2.36690730428635,-7.90031828834802,9.76706715198682,-0,-0
29.02,-2.48913951441333,-7.81980325095405,9.78405008306205,-0,-0
29.04,-2.61101175435642,-7.73777447249362,9.79940350140961,-0,-0
29.06,-2.73250574103293,-7.65424198672892,9.81313148714615,-0,-0
29.08,-2.85360455715706,-7.56922136951764,9.82524406484791,-0,-0
29.1,-2.9742896059196,-7.4827219946107,9.83574453777567,-0,-0
29.12,-3.09454271672187,-7.39475544402565,9.84463853945177,-0,-0
29.14,-3.21434649309927,-7.30533629235778,9.85193487765838,-0,-0
29.16,-3.33368290574914,-7.21447724019534,9.85764027110273,-0,-0
29.18,-3.45253363483409,-7.12219052406826,9.86176088276339,-0,-0
29.2,-3.5708825731383,-7.02849501884883,9.86431013020393,-0,-0
29.22,-3.68871014813032,-6.93339998146438,9.86529075591478,-0,-0
29.24,-3.80599910537462,-6.83692169137897,9.86471313707697,-0,-0
29.26,-3.92273184997001,-6.7390755891069,9.86258670853878,-0,-0
29.28,-4.03889031153054,-6.63987626042493,9.85891985713684,-0,-0
29.3,-4.1544575962265,-6.53934130135772,9.85372428429297,-0,-0
29.32,-4.26941601133993,-6.43748665094146,9.84700971352821,-0,-0
29.34,-4.38374690390953,-6.33432658646523,9.83878384712544,-0,-0
29.36,-4.49743330814619,-6.22987920510548,9.82905871647017,-0,-0
29.38,-4.61045760571464,-6.1241614693853,9.81784493097366,-0,-0
29.4,-4.72280141555664,-6.01718928835286,9.80515170027368,-0,-0
29.42,-4.83444996729696,-5.90898527152716,9.79099599875512,-0,-0
29.44,-4.94538299430494,-5.79956238363925,9.77538337550567,-0,-0
29.46,-5.05558406427063,-5.68894070845461,9.7583276028885,-0,-0
29.48,-5.16503595732815,-5.57713915280412,9.73984089057475,-0,-0
29.5,-5.27372099013562,-5.46417608310908,9.71993470311646,-0,-0
29.52,-5.3816222626759,-5.35007126395029,9.69862206654942,-0,-0
29.54,-5.48872366790425,-5.2348457424016,9.67591738490913,-0,-0
29.56,-5.59500625216561,-5.11851677013467,9.65183025907862,-0,-0
29.58,-5.70045344962861,-5.00110521474301,9.62637453696809,-0,-0
29.6,-5.80504848399477,-4.88263174762159,9.59956370889164,-0,-0
29.62,-5.90877358188728,-4.76311607009418,9.57140978312334,-0,-0
29.64,-6.01161436576625,-4.64258203477278,9.54192988392744,-0,-0
29.66,-6.11355187607638,-4.52104825382757,9.51113428666147,-0,-0
29.68,-6.21456940351126,-4.39853621669585,9.47903674046912,-0,-0
29.7,-6.31465101846025,-4.27506842072426,9.44565202246089,-0,-0
29.72,-6.41377966102471,-4.15066632050496,9.41099332942951,-0,-0
29.74,-6.5119385392356,-4.02535180925547,9.37507426815085,-0,-0
29.76,-6.60911376728924,-3.89914956891377,9.33791202322526,-0,-0
29.78,-6.70528612035043,-3.7720795616957,9.29951704182755,-0,-0
29.8,-6.80044024116836,-3.64416547660131,9.25990458373058,-0,-0
29.82,-6.89456034146997,-3.51543064943332,9.21908927462412,-0,-0
29.84,-6.98762947765861,-3.38589771226059,9.17708434131505,-0,-0
29.86,-7.07963424184557,-3.25559202022269,9.13390682240458,-0,-0
29.88,-7.17055736086216,-3.12453615935158,9.08956936654654,-0,-0
29.9,-7.26038209629354,-2.99275335679896,9.04408524882001,-0,-0
29.92,-7.34909432860528,-2.86026872830582,8.99747030491645,-0,-0
29.94,-7.43667818058971,-2.7271063232255,8.94973840706588,-0,-0
29.96,-7.52311737767706,-2.59329011677336,8.90090299882092,-0,-0
29.98,-7.60840053742336,-2.4588469051735,8.85098189383247,-0,-0
30,-7.69250869143404,-2.32379938608473,8.79998572045472,-0,-0
30.02,-7.77542816828591,-2.18817333121602,8.74792983222597,-0,-0
30.04,-7.85714458885646,-2.05199413853905,8.69482874807085,-0,-0
30.06,-7.93764248985295,-1.9152868426921,8.64069587638297,-0,-0
30.08,-8.0169097705737,-1.77807798015471,8.58554718764714,-0,-0
30.1,-8.09493116587857,-1.64039281853866,8.5293957953387,-0,-0
30.12,-8.17169095689703,-1.50225665208805,8.4722543662974,-0,-0
30.14,-8.24717682985061,-1.36369609940857,8.41413801165209,-0,-0
30.16,-8.32137479401601,-1.22473724863704,8.35506026309594,-0,-0
30.18,-8.39426963294317,-1.08540596177048,8.29503360089844,-0,-0
30.2,-8.46585290274786,-0.945730026013543,8.23407499309034,-0,-0
30.22,-8.53610655946871,-0.805734689906046,8.1721944838226,-0,-0
30.24,-8.60501906697558,-0.665447085043899,8.1094063441866,-0,-0
30.26,-8.67257801969897,-0.5248941047706,8.04572400796516,-0,-0
30.28,-8.73876994201106,-0.384102530451798,7.98115995542893,-0,-0
30.3,-8.80358469892495,-0.243099763445199,7.91572846429373,-0,-0
30.32,-8.86700948748853,-0.101912802525897,7.8494418127529,-0,-0
30.34,-8.9290302370248,0.039431349987132,7.78231130799171,-0,-0
30.36,-8.98963696674969,0.180905149903497,7.71435046552997,-0,-0
30.38,-9.04881809487991,0.322481185065677,7.64557149211172,-0,-0
30.4,-9.10656022201852,0.464132028942725,7.57598533630112,-0,-0
30.42,-9.16285812123533,0.605829862987602,7.50560703868157,-0,-0
30.44,-9.21769542001868,0.747547244960004,7.43444540440305,-0,-0
30.46,-9.27106325832801,0.889256348141285,7.36251287711832,-0,-0
30.48,-9.32295175324863,1.03092938697452,7.28982109430615,-0,-0
30.5,-9.37334995890847,1.17253846752334,7.21638086277564,-0,-0
30.52,-9.42225033451588,1.3140558104424,7.14220430709082,-0,-0
30.54,-9.46964294955305,1.45545348924904,7.06730202906266,-0,-0
30.56,-9.5155161291003,1.5967032849271,6.9916835488715,-0,-0
30.58,-9.5598626964516,1.73777733035012,6.9153602329159,-0,-0
30.6,-9.60267397990108,1.87864758109965,6.83834238051613,-0,-0
30.62,-9.64393909115284,2.01928555593532,6.76063903205252,-0,-0
30.64,-9.68365632197388,2.15966420013498,6.6822628072026,-0,-0
30.66,-9.72181166845968,2.29975439273449,6.60322085249434,-0,-0
30.68,-9.75839946774393,2.43952830402842,6.5235234529236,-0,-0
30.7,-9.79341284339481,2.57895789343026,6.44318011008476,-0,-0
30.72,-9.82684387663105,2.71801481341059,6.36219961541954,-0,-0
30.74,-9.85868819310929,2.85667152567908,6.28059180455227,-0,-0
30.76,-9.88893906457825,2.99489989832134,6.19836524787568,-0,-0
30.78,-9.91758781371956,3.13267112586033,6.11552751118194,-0,-0
30.8,-9.94463058299416,3.2699576899848,6.03208772994195,-0,-0
30.82,-9.9700619504866,3.40673159903219,5.94805410364484,-0,-0
30.84,-9.99387426025269,3.54296401136067,5.86343375522057,-0,-0
30.86,-10.0160693425284,3.67862931971454,5.77823680970867,-0,-0
30.88,-10.0366363583344,3.81369744305745,5.69246875379234,-0,-0
30.9,-10.0555730511639,3.94814122965689,5.60613768715165,-0,-0
30.92,-10.0728760096845,4.08193311050029,5.51925108035714,-0,-0
30.94,-10.0885406780142,4.21504498036854,5.43181575238373,-0,-0
30.96,-10.1025664298296,4.34745035605133,5.34383950618701,-0,-0
30.98,-10.1149497327675,4.47912150381784,5.25532890481038,-0,-0
31,-10.1256854513971,4.6100298207162,5.16628976817913,-0,-0
31.02,-10.1347734613343,4.74014894543223,5.0767292958248,-0,-0
31.04,-10.1422117368511,4.86945161505477,4.98665378761665,-0,-0
31.06,-10.1479964290387,4.99790953409479,4.89606876574522,-0,-0
31.08,-10.1521327559995,5.12549912244925,4.80498220577766,-0,-0
31.1,-10.1546136019708,5.25219025005005,4.71339822004327,-0,-0
31.12,-10.1554402935347,5.37795719189246,4.62132314418454,-0,-0
31.14,-10.1546130834335,5.50277364479947,4.52876281763091,-0,-0
31.16,-10.1521309848016,5.62661252476381,4.43572250647893,-0,-0
31.18,-10.1479973073493,5.74944930585464,4.34220847584838,-0,-0
31.2,-10.1422117948333,5.87125731364988,4.248225762213,-0,-0
31.22,-10.1347732132648,5.99200911759023,4.15377896961968,-0,-0
31.24,-10.1256851488763,6.11168031625034,4.05887387438207,-0,-0
31.26,-10.1149491144649,6.2302451828026,3.96351547204849,-0,-0
31.28,-10.102565165597,6.34767689980258,3.86770821516157,-0,-0
31.3,-10.0885419016395,6.46395464935362,3.77145865867266,-0,-0
31.32,-10.0728760582857,6.57904920489491,3.6747700744655,-0,-0
31.34,-10.0555725791818,6.69293713005223,3.57764773574787,-0,-0
31.36,-10.0366353693492,6.8055942612527,3.4800965261343,-0,-0
31.38,-10.0160670599301,6.91699543748249,3.38212086612737,-0,-0
31.4,-9.99387469209538,7.02711895939052,3.28372618084256,-0,-0
31.42,-9.97006141893422,7.13594011724909,3.18491677600576,-0,-0
31.44,-9.94462979925814,7.24343359858574,3.08569672644077,-0,-0
31.46,-9.91758697644521,7.34957785140911,2.9860711722593,-0,-0
31.48,-9.88893794898077,7.45434960478217,2.88604461415232,-0,-0
31.5,-9.85868656065217,7.557724525417,2.78562120107192,-0,-0
31.52,-9.82684453482555,7.65968533839599,2.6848069387604,-0,-0
31.54,-9.79341241583998,7.76020479003378,2.58360504381044,-0,-0
31.56,-9.75839853974183,7.85926264148629,2.4820205807544,-0,-0
31.58,-9.7218102487482,7.95683781294429,2.38005833094754,-0,-0
31.6,-9.68365361859721,8.05290804880486,2.27772273952958,-0,-0
31.62,-9.64393904360397,8.14745537110344,2.17501925009272,-0,-0
31.64,-9.6026729665538,8.24045804203253,2.07195235293266,-0,-0
31.66,-9.55986144411625,8.33189386021776,1.96852645164022,-0,-0
31.68,-9.51551483777138,8.42174506179269,1.86474695559892,-0,-0
31.7,-9.46964137713818,8.50999182564464,1.76061879057007,-0,-0
31.72,-9.42224828422115,8.59661325218454,1.65614667473006,-0,-0
31.74,-9.37335009680684,8.68159654676474,1.55133701928248,-0,-0
31.76,-9.32295084949482,8.76491748222087,1.44619388383429,-0,-0
31.78,-9.27106188333499,8.84655997040803,1.34072304947051,-0,-0
31.8,-9.21769358281168,8.92650698474519,1.23493011726867,-0,-0
31.82,-9.16285512359851,9.00474020597407,1.12882049439187,-0,-0
31.84,-9.10655966510443,9.08124617799228,1.02240052860217,-0,-0
31.86,-9.04881671271059,9.1560072957161,0.91567586316091,-0,-0
31.88,-8.98963533389565,9.229005418872,0.80865214172491,-0,-0
31.9,-8.92902857505878,9.30022743623081,0.701335945074555,-0,-0
31.92,-8.86700754597199,9.36965805850281,0.593733566370043,-0,-0
31.94,-8.80358222188787,9.43728061273644,0.485851180450269,-0,-0
31.96,-8.73876959050796,9.50308784608042,0.377696520562544,-0,-0
31.98,-8.67257666087416,9.56705950052669,0.269275405774333,-0,-0
32,-8.6050172785506,9.62918457382338,0.16059522903131,-0,-0
32.02,-8.53610434900737,9.68945100708437,0.0516632985336447,-0,-0
32.04,-8.46584970249595,9.74784544511578,-0.0575131152602654,-0,-0
32.06,-8.39426851980775,9.80435952079361,-0.166925946653772,-0,-0
32.08,-8.32137310673859,9.85898107299341,-0.276567481758051,-0,-0
32.1,-8.24717489731723,9.91169677938153,-0.386429970936202,-0,-0
32.12,-8.17168901049256,9.96249891844424,-0.496504852500343,-0,-0
32.14,-8.09492901219798,10.0113778030937,-0.606783619851847,-0,-0
32.16,-8.01690689349958,10.0583215071901,-0.717257815215485,-0,-0
32.18,-7.93764170698379,10.1033294450571,-0.827917624084735,-0,-0
32.2,-7.85714279440044,10.1463860145396,-0.938754617615805,-0,-0
32.22,-7.77542599688458,10.1874861755074,-1.0497590263278,-0,-0
32.24,-7.69250614472914,10.2266235652397,-1.16092107542097,-0,-0
32.26,-7.60839722924377,10.2637907071713,-1.27223087504229,-0,-0
32.28,-7.52311565152331,10.2989845197148,-1.38367796136399,-0,-0
32.3,-7.43667623536805,10.3321996568273,-1.49525182133164,-0,-0
32.32,-7.34909216328892,10.3634281634932,-1.6069418589155,-0,-0
32.34,-7.26037993106022,10.3926680953837,-1.71873688908607,-0,-0
32.36,-7.1705549231041,10.4199159626071,-1.83062557571624,-0,-0
32.38,-7.07963102791851,10.445165851513,-1.94259640720266,-0,-0
32.4,-6.98762836321394,10.46842377911,-2.05463709625049,-0,-0
32.42,-6.89455809691708,10.4896794093201,-2.16673582568773,-0,-0
32.44,-6.80043770371876,10.5089345476282,-2.27887996878857,-0,-0
32.46,-6.70528329825736,10.5261888659984,-2.39105671875819,-0,-0
32.48,-6.60911045628466,10.5414412812745,-2.50325304684255,-0,-0
32.5,-6.51193622486403,10.5546940465991,-2.61545556969534,-0,-0
32.52,-6.41377743636329,10.5659494937112,-2.72765060552984,-0,-0
32.54,-6.31464864587018,10.5752055780512,-2.83982419816303,-0,-0
32.56,-6.21456699733045,10.5824659152874,-2.95196209447012,-0,-0
32.58,-6.11354915227274,10.5877335485579,-3.06404975324272,-0,-0
32.6,-6.0116108247751,10.591009883433,-3.17607220908396,-0,-0
32.62,-5.9087718444801,10.592305824017,-3.28801452269993,-0,-0
32.64,-5.8050458750404,10.5916189948956,-3.39986102779635,-0,-0
32.66,-5.70045061121701,10.5889563237508,-3.5115960428271,-0,-0
32.68,-5.59500328466253,10.5843242555093,-3.62320347874485,-0,-0
32.7,-5.48872045386487,10.5777280168875,-3.73466689729377,-0,-0
32.72,-5.38161940091688,10.5691748887687,-3.84596971214041,-0,-0
32.74,-5.27371862715701,10.5586756840743,-3.95709525435078,-0,-0
32.76,-5.16503330243403,10.5462333976118,-4.06802587619802,-0,-0
32.78,-5.05558124310071,10.5318579333375,-4.17874412203136,-0,-0
32.8,-4.94537996790767,10.5155588758071,-4.28923225415452,-0,-0
32.82,-4.83444616699089,10.4973440845868,-4.3994719100134,-0,-0
32.84,-4.72279905848151,10.4772285991478,-4.50944532516878,-0,-0
32.86,-4.61045468003396,10.4552193572781,-4.61913336963778,-0,-0
32.88,-4.4974301884886,10.4313265622512,-4.72851696364668,-0,-0
32.9,-4.38374381254887,10.4055639091201,-4.83757715120956,-0,-0
32.92,-4.26941280821626,10.3779427699624,-4.94629428035996,-0,-0
32.94,-4.15445429797669,10.3484743873851,-5.05464833763698,-0,-0
32.96,-4.03888782308533,10.3171777797927,-5.16262046172464,-0,-0
32.98,-3.92272896613244,10.2840603278092,-5.27018916481353,-0,-0
33,-3.80599603733521,10.2491380951771,-5.37733425858733,-0,-0
33.02,-3.68870690789169,10.212426198474,-5.48403512309149,-0,-0
33.04,-3.57087896463509,10.1739385392553,-5.59027046628338,-0,-0
33.06,-3.45253078605314,10.1336934193554,-5.69601981022722,-0,-0
33.08,-3.33367991558983,10.0917061041425,-5.80126155292136,-0,-0
33.1,-3.21434341260985,10.0479903649479,-5.90597323953737,-0,-0
33.12,-3.09453964884726,10.0025649248736,-6.01013359532988,-0,-0
33.14,-2.97428642975408,9.95544688545279,-6.1137205323507,-0,-0
33.16,-2.85360104736359,9.90665161668956,-6.21671095410756,-0,-0
33.18,-2.7325030565362,9.85620391017678,-6.31908486552624,-0,-0
33.2,-2.61100862806058,9.8041152272497,-6.420817141363,-0,-0
33.22,-2.48913628274242,9.75040681885459,-6.52188590637378,-0,-0
33.24,-2.36690399993155,9.69509811225542,-6.62226831630211,-0,-0
33.26,-2.24432954919224,9.63820783309799,-6.72194095941444,-0,-0
33.28,-2.12143099822078,9.57975635073728,-6.82088087614571,-0,-0
33.3,-1.99822674295688,9.51976613601013,-6.9190658681845,-0,-0
33.32,-1.87473401897517,9.458253952954,-7.01647069588743,-0,-0
33.34,-1.75097102516713,9.39524165391348,-7.11307228844097,-0,-0
33.36,-1.62695582772727,9.33075074444369,-7.20884725073243,-0,-0
33.38,-1.50270622019718,9.26480126826162,-7.30377106032326,-0,-0
33.4,-1.37824072483633,9.19741830945859,-7.39782200769641,-0,-0
33.42,-1.25357696294721,9.12862131430641,-7.49097484398918,-0,-0
33.44,-1.12873280399731,9.05843118439269,-7.58320486401892,-0,-0
33.46,-1.00372648336714,8.98687190414176,-7.67448919979276,-0,-0
33.48,-0.878575955012981,8.91396549151311,-7.7648035482929,-0,-0
33.5,-0.753299102158427,8.8397330194205,-7.8541226657021,-0,-0
33.52,-0.627914355629604,8.76420222694191,-7.94242632478178,-0,-0
33.54,-0.502439325644634,8.68739119132913,-8.02968669319818,-0,-0
33.56,-0.376892174387093,8.60932462209658,-8.11588094744714,-0,-0
33.58,-0.251290945500266,8.53002613427292,-8.20098540156529,-0,-0
33.6,-0.125653654152939,8.4495186379554,-8.28497566626199,-0,-0
33.62,1.65002942894777e-06,8.36782658636985,-8.36782874759535,-0,-0
33.64,0.125656965681617,8.28497442196918,-8.44952174888507,-0,-0
33.66,0.251294256377094,8.2009836775469,-8.53002876582982,-0,-0
33.68,0.376895477952188,8.11587888756078,-8.60932690294915,-0,-0
33.7,0.502442608924685,8.02968426336517,-8.68739304493905,-0,-0
33.72,0.627917540649278,7.94242279825094,-8.76420271005278,-0,-0
33.74,0.753302485544435,7.85412121208055,-8.8397361139897,-0,-0
33.76,0.878579253547844,7.76480130299995,-8.91396757642831,-0,-0
33.78,1.00372975427588,7.67448674266925,-8.98687369790685,-0,-0
33.8,1.12873608907333,7.58320250302065,-9.05843310309857,-0,-0
33.82,1.25358019350533,7.49097220632638,-9.12862281452875,-0,-0
33.84,1.37824384096942,7.39781885719945,-9.19741899829634,-0,-0
33.86,1.50270972962023,7.3037695603363,-9.26480466585679,-0,-0
33.88,1.62695912693277,7.20884490208533,-9.3307527143057,-0,-0
33.9,1.75097424678545,7.11306968151391,-9.3952431509101,-0,-0
33.92,1.87473715979316,7.01646784733011,-9.45825501854606,-0,-0
33.94,1.99822976152532,6.91906271716824,-9.51976657841623,-0,-0
33.96,2.12143425612076,6.82087835541712,-9.57975803867539,-0,-0
33.98,2.24433296763025,6.72193880055567,-9.6382103070047,-0,-0
34,2.366907312317,6.62226588611683,-9.69510006656127,-0,-0
34.02,2.48913951770312,6.52188330241725,-9.7504084163427,-0,-0
34.04,2.61101175150504,6.42081435753905,-9.80411631991848,-0,-0
34.06,2.73250574528879,6.31908140645154,-9.85620319067153,-0,-0
34.08,2.85360453225999,6.21670871562414,-9.90665417344791,-0,-0
34.1,2.97428961673817,6.11371786022214,-9.95544824853982,-0,-0
34.12,3.09454273423459,6.01013079892141,-10.0025658943202,-0,-0
34.14,3.21434651189194,5.90597045345039,-10.0479914036659,-0,-0
34.16,3.33368302196277,5.80125875467008,-10.0917071908313,-0,-0
34.18,3.45253362889625,5.69601676149782,-10.133693563013,-0,-0
34.2,3.57088265102399,5.59026821915226,-10.1739415720145,-0,-0
34.22,3.68871015402156,5.48403247505919,-10.2124277130492,-0,-0
34.24,3.80599912750648,5.37733148959064,-10.24913907813,-0,-0
34.26,3.9227319227808,5.27018629606092,-10.2840608887725,-0,-0
34.28,4.03889055424564,5.16261744734544,-10.3171776559858,-0,-0
34.3,4.15445737865692,5.05464553122866,-10.3484753498121,-0,-0
34.32,4.26941590361518,4.94629147164289,-10.3779437918579,-0,-0
34.34,4.38374686225488,4.83757430386987,-10.4055647996267,-0,-0
34.36,4.49743314367255,4.72851407573732,-10.4313271733081,-0,-0
34.38,4.61045738800073,4.61913039777781,-10.4552192592237,-0,-0
34.4,4.72280158438859,4.50944228276095,-10.4772280190769,-0,-0
34.42,4.83444940000924,4.3994691431448,-10.4973454088132,-0,-0
34.44,4.94538310308271,4.28922946674459,-10.515559911719,-0,-0
34.46,5.05558426385353,4.17874128066403,-10.5318586804799,-0,-0
34.48,5.1650362043373,4.06802297011828,-10.5462338652175,-0,-0
34.5,5.2737214595187,3.95709234101701,-10.5586759615961,-0,-0
34.52,5.38162211247057,3.84596676818793,-10.5691748692408,-0,-0
34.54,5.48872346066239,3.73466399475976,-10.5777287352982,-0,-0
34.56,5.59500622036938,3.62320052841455,-10.5843248284005,-0,-0
34.58,5.70045336194589,3.51159309187364,-10.5889564259501,-0,-0
34.6,5.80504855344448,3.3998581156411,-10.5916188857441,-0,-0
34.62,5.90877455642509,3.28801159877408,-10.5923058105798,-0,-0
34.64,6.01161350073404,3.1760692675094,-10.5910097972315,-0,-0
34.66,6.11355188652303,3.06404680673594,-10.5877336051778,-0,-0
34.68,6.21456954098214,2.9519591672306,-10.5824655307145,-0,-0
34.7,6.31465093125074,2.83982126117875,-10.5752046563141,-0,-0
34.72,6.41377973002324,2.72764765183199,-10.5659486223259,-0,-0
34.74,6.51193904235835,2.61545260836438,-10.5546942604752,-0,-0
34.76,6.60911271563046,2.50325011418565,-10.5414403396074,-0,-0
34.78,6.70528607260618,2.39105376585765,-10.5261889653672,-0,-0
34.8,6.80044040137578,2.27887700376434,-10.5089345015111,-0,-0
34.82,6.89456037826732,2.16673288118168,-10.4896785586783,-0,-0
34.84,6.98763035048741,2.05463418345692,-10.4684223647322,-0,-0
34.86,7.07963369719856,1.94259344240815,-10.445165717789,-0,-0
34.88,7.17055636214882,1.83062274214353,-10.4199135375253,-0,-0
34.9,7.26038236384677,1.7187339806527,-10.3926674797002,-0,-0
34.92,7.34909459483478,1.60693891421907,-10.3634275871509,-0,-0
34.94,7.43667841681844,1.4952488689967,-10.3321986789098,-0,-0
34.96,7.52311864779619,1.38367492814315,-10.2989849209017,-0,-0
34.98,7.60839918836901,1.27222799496452,-10.2637892975506,-0,-0
35,7.69250822858684,1.16091817800347,-10.2266223763381,-0,-0
35.02,7.7754285524498,1.04975604465887,-10.187485789435,-0,-0
35.04,7.85714479255619,0.938751720826279,-10.1463847066128,-0,-0
35.06,7.93764371615203,0.82791474335545,-10.1033281378019,-0,-0
35.08,8.01691071173182,0.717254634186286,-10.0583230559841,-0,-0
35.1,8.09492939992126,0.606781000140937,-10.0113739960182,-0,-0
35.12,8.17169118369671,0.49650193374196,-9.96249787815199,-0,-0
35.14,8.24717691347647,0.386427073389917,-9.9116955071847,-0,-0
35.16,8.32137464620832,0.276564672344489,-9.8589790876249,-0,-0
35.18,8.39427114261542,0.166922952833819,-9.80435909684664,-0,-0
35.2,8.4658525164487,0.0575100837376047,-9.74784528016435,-0,-0
35.22,8.53610497526208,-0.0516659268330334,-9.68944775322794,-0,-0
35.24,8.60501933278487,-0.160598137325162,-9.62918333899102,-0,-0
35.26,8.67257841771549,-0.269278253486205,-9.56705784736273,-0,-0
35.28,8.73877101098632,-0.377699294874848,-9.50308573248455,-0,-0
35.3,8.80358516573823,-0.485854274376058,-9.4372805318888,-0,-0
35.32,8.86700816807273,-0.593736186644682,-9.36965493903023,-0,-0
35.34,8.92902882677624,-0.701338482783395,-9.3002238560056,-0,-0
35.36,8.9896369827558,-0.808654969584245,-9.22900362601534,-0,-0
35.38,9.0488180682193,-0.915678635296367,-9.15600515193958,-0,-0
35.4,9.10656182155166,-1.02240347547584,-9.08124501387807,-0,-0
35.42,9.16285772222318,-1.12882353011972,-9.00473953601559,-0,-0
35.44,9.21769395042387,-1.23493266464849,-8.9265036662884,-0,-0
35.46,9.27106373752278,-1.34072591890368,-8.8465583809818,-0,-0
35.48,9.32295224198014,-1.4461966576699,-8.7649153769894,-0,-0
35.5,9.37335117308006,-1.55133972152166,-8.68159408495799,-0,-0
35.52,9.42224953656335,-1.65614941860812,-8.59661098291809,-0,-0
35.54,9.46964279643684,-1.76062157140229,-8.50998974456869,-0,-0
35.56,9.51551589206641,-1.86474965171885,-8.4217425769084,-0,-0
35.58,9.55986191035788,-1.96852901251852,-8.3318907780948,-0,-0
35.6,9.60267382422557,-2.07195500461024,-8.24045538250523,-0,-0
35.62,9.64394109669006,-2.17502218234658,-8.14745391015261,-0,-0
35.64,9.68365592145191,-2.27772573241668,-8.0529068073048,-0,-0
35.66,9.72181059744647,-2.38006086195083,-7.95683465515423,-0,-0
35.68,9.75840010624968,-2.48202340202869,-7.8592606450466,-0,-0
35.7,9.79341321758179,-2.58360767981074,-7.76020208578887,-0,-0
35.72,9.82684357057417,-2.68480914918968,-7.6596810177946,-0,-0
35.74,9.85868943272287,-2.78562434283687,-7.55772367218436,-0,-0
35.76,9.88893857656427,-2.88604721263745,-7.45434673678337,-0,-0
35.78,9.91758663008846,-2.98607352543439,-7.34957415892355,-0,-0
35.8,9.94463064871231,-3.08569937665734,-7.24343092881383,-0,-0
35.82,9.97006163044489,-3.1849192584466,-7.13593693012566,-0,-0
35.84,9.99387452541966,-3.28372857039328,-7.02711546796507,-0,-0
35.86,10.0160690985856,-3.38212381617538,-6.9169937016023,-0,-0
35.88,10.0366359934654,-3.48009912035469,-6.80559140170953,-0,-0
35.9,10.0555726685191,-3.57765018999308,-6.69293386607795,-0,-0
35.92,10.0728765182556,-3.67477262184782,-6.57904622295354,-0,-0
35.94,10.088542019268,-3.77146112483687,-6.46395141329212,-0,-0
35.96,10.1025657769836,-3.86771080767471,-6.34767401820338,-0,-0
35.98,10.1149486106062,-3.96351776227836,-6.23024153041784,-0,-0
36,10.1256852617231,-4.05887632660566,-6.11167709406278,-0,-0
36.02,10.1347735304186,-4.15378147780452,-5.99200603166212,-0,-0
36.04,10.1422118993818,-4.24822820035486,-5.87125409355221,-0,-0
36.06,10.147998255373,-4.34221115741008,-5.74944660788446,-0,-0
36.08,10.1521311167866,-4.43572496677971,-5.62660931558602,-0,-0
36.1,10.1546123559214,-4.52876504957549,-5.50276992062165,-0,-0
36.12,10.1554408326075,-4.62132573421435,-5.37795421276802,-0,-0
36.14,10.1546136165585,-4.71340064606113,-5.25218697087398,-0,-0
36.16,10.1521323751082,-4.80498452536719,-5.12549562522794,-0,-0
36.18,10.1479982218991,-4.89607171828804,-4.99790718951573,-0,-0
36.2,10.1422103356269,-4.98665580408962,-4.86944760321631,-0,-0
36.22,10.1347716565684,-5.07673118174754,-4.74014475317438,-0,-0
36.24,10.1256853880545,-5.1662921673622,-4.61002649256461,-0,-0
36.26,10.1149488705597,-5.25533103645702,-4.47911780186165,-0,-0
36.28,10.1025663225983,-5.34384188888167,-4.34744699670926,-0,-0
36.3,10.088541846677,-5.43181858339355,-4.21504216745154,-0,-0
36.32,10.0728765063246,-5.5192537024536,-4.08192999497333,-0,-0
36.34,10.0555730457512,-5.60614012179021,-3.94813789927135,-0,-0
36.36,10.0366355397536,-5.69247089591336,-3.81369379248487,-0,-0
36.38,10.0160670265797,-5.77823846216905,-3.67862512485967,-0,-0
36.4,9.99387599745587,-5.86343681061643,-3.54296126378809,-0,-0
36.42,9.97006054453965,-5.94805604859833,-3.40672776534204,-0,-0
36.44,9.94463004131562,-6.03208997845293,-3.2699541424493,-0,-0
36.46,9.91758682860491,-6.11552959705426,-3.13266744150668,-0,-0
36.48,9.88893680498728,-6.19836682779356,-2.99489585206281,-0,-0
36.5,9.85868861335862,-6.2805944082505,-2.85666822112799,-0,-0
36.52,9.82684467742647,-6.36220241941345,-2.71801158907012,-0,-0
36.54,9.79341057804103,-6.44318170844552,-2.57895392165522,-0,-0
36.56,9.75839876283442,-6.52352563443007,-2.43952469100405,-0,-0
36.58,9.72180910505008,-6.60322227495215,-2.29975040127456,-0,-0
36.6,9.68365534695303,-6.682264905567,-2.15966053210621,-0,-0
36.62,9.64394002519713,-6.7606419234574,-2.01928219852302,-0,-0
36.64,9.60267092985023,-6.83834357043459,-1.87864359954166,-0,-0
36.66,9.55986150803447,-6.91536221960475,-1.73777362592094,-0,-0
36.68,9.5155145190334,-6.99168534115177,-1.5966995320939,-0,-0
36.7,9.46964027238048,-7.06730330531404,-1.4554496355055,-0,-0
36.72,9.42225020757286,-7.14220679360897,-1.31405218394465,-0,-0
36.74,9.373348594048,-7.21638278303543,-1.1725347510148,-0,-0
36.76,9.32295083065774,-7.28982322891686,-1.03092569086608,-0,-0
36.78,9.27106192176009,-7.36251480498429,-0.889252633665101,-0,-0
36.8,9.21769267942794,-7.43444660524878,-0.74754352207276,-0,-0
36.82,9.16285682985187,-7.50560899838102,-0.605826148143799,-0,-0
36.84,9.10656062644544,-7.57598819577094,-0.464128242786494,-0,-0
36.86,9.04881666321334,-7.64557336172711,-0.322477464918199,-0,-0
36.88,8.98963521083224,-7.71435217699919,-0.180901457721864,-0,-0
36.9,8.92902804496677,-7.78231274446923,-0.0394276962676468,-0,-0
36.92,8.86700756410681,-7.84944337863031,0.101916483492085,-0,-0
36.94,8.80358375559709,-7.91573061772123,0.243103576079942,-0,-0
36.96,8.73876952053081,-7.98116247101576,0.384106430001602,-0,-0
36.98,8.67257634743103,-8.04572574421035,0.524897809276829,-0,-0
37,8.60501652866169,-8.10940751647478,0.665450619511871,-0,-0
37.02,8.53610476303049,-8.17219613804529,0.80573837382142,-0,-0
37.04,8.46585115521622,-8.23407668117269,0.945733720737152,-0,-0
37.06,8.39426943339198,-8.29503637164119,1.08541008013283,-0,-0
37.08,8.3213727599879,-8.35506175092707,1.22474086759721,-0,-0
37.1,8.24717442412943,-8.41413922528357,1.36369959882,-0,-0
37.12,8.1716890523517,-8.4722559490316,1.50226031161831,-0,-0
37.14,8.09492905413035,-8.52939720423487,1.64039641425433,-0,-0
37.16,8.01690694326074,-8.58554802968101,1.77808130061725,-0,-0
37.18,7.9376416163802,-8.64069829786629,1.91529094936208,-0,-0
37.2,7.85714191592542,-8.69482972518361,2.0519974628042,-0,-0
37.22,7.77542644202649,-8.74793160563357,2.18817708175674,-0,-0
37.24,7.6925064302895,-8.79998701392416,2.32380289839604,-0,-0
37.26,7.60839711114151,-8.85098214150397,2.45884980117771,-0,-0
37.28,7.52311661194289,-8.90090568247492,2.59329445191017,-0,-0
37.3,7.43667578390958,-8.94973956153469,2.727109760751,-0,-0
37.32,7.34909100868294,-8.99747054863671,2.86027160877056,-0,-0
37.34,7.2603799952808,-9.0440866963372,2.99275698051457,-0,-0
37.36,7.17055454085943,-9.08957007198298,3.12453931230347,-0,-0
37.38,7.07963244736734,-9.1339086072011,3.25559588476641,-0,-0
37.4,6.98762822892558,-9.17708674330595,3.38590199687113,-0,-0
37.42,6.89455789007742,-9.21909037133398,3.51543403587111,-0,-0
37.44,6.80043680951714,-9.25990455424363,3.64416806603199,-0,-0
37.46,6.70528360131363,-9.2995180524826,3.77208289946114,-0,-0
37.48,6.60911098384647,-9.33791270900427,3.89915267854681,-0,-0
37.5,6.51193724602711,-9.37507681943426,4.02535627932098,-0,-0
37.52,6.41377749423837,-9.41099479134862,4.15067001216206,-0,-0
37.54,6.31464834001581,-9.44565281877864,4.27507163228695,-0,-0
37.56,6.2145658340933,-9.47903632483579,4.39853848742274,-0,-0
37.58,6.1135491449676,-9.51113501542304,4.52105137551356,-0,-0
37.6,6.01161164347983,-9.5419306165229,4.64258518444148,-0,-0
37.62,5.90768161517771,-9.56968109989165,4.76210126107526,-0,-0
37.64,5.79659611924074,-9.5859067379004,4.87448940195913,-0,-0
37.66,5.6749349423657,-9.5842800366266,4.97564040361763,-0,-0
37.68,5.54229425645988,-9.56294316921148,5.06394624486854,-0,-0
37.7,5.39924728684389,-9.52154011105868,5.13867817600034,-0,-0
37.72,5.24653744865645,-9.45997794630386,5.19927527864662,-0,-0
37.74,5.08501999563343,-9.37839238384508,5.24534995068344,-0,-0
37.76,4.91559003581848,-9.27704545686523,5.27662898372589,-0,-0
37.78,4.73913805008354,-9.15622508552045,5.29287886524829,-0,-0
37.8,4.55659411075025,-9.01637130092874,5.29400160619306,-0,-0
37.82,4.36889837680875,-8.85801970071011,5.27999396082518,-0,-0
37.84,4.1769998028916,-8.68181897708177,5.25096274784343,-0,-0
37.86,3.98183691599086,-8.48846164676458,5.20706612066406,-0,-0
37.88,3.78435384818156,-8.27877650268153,5.14859224633712,-0,-0
37.9,3.58548102048631,-8.05364801296741,5.07588924608315,-0,-0
37.92,3.38613623454426,-7.81411766475578,4.98946049918537,-0,-0
37.94,3.18721278164526,-7.56119843535079,4.88979003869139,-0,-0
37.96,2.98958167818905,-7.29603867301813,4.77749754968212,-0,-0
37.98,2.79408242418708,-7.01984415411529,4.65326579691266,-0,-0
38,2.60152245493261,-6.73386715208865,4.51782936882919,-0,-0
38.02,2.41266657340027,-6.43942243080972,4.37199498332853,-0,-0
38.04,2.22823276154879,-6.13786751605402,4.21662297549624,-0,-0
38.06,2.04890923618235,-5.83057213876578,4.05258746420578,-0,-0
38.08,1.87531932342629,-5.51895531669889,3.88083258584614,-0,-0
38.1,1.70803793882397,-5.20444692808134,3.70232557890142,-0,-0
38.12,1.54758813055678,-4.88848633043734,3.51805809734273,-0,-0
38.14,1.39441042298246,-4.57251317475239,3.32905797589868,-0,-0
38.16,1.24892576184295,-4.25795963706912,3.13634342087949,-0,-0
38.18,1.11146510167425,-3.94624310808289,2.94096270515823,-0,-0
38.2,0.982300889516267,-3.63875639404518,2.74396756668727,-0,-0
38.22,0.861643256946788,-3.33686190342487,2.54641295260817,-0,-0
38.24,0.749614908611611,-3.04186344107139,2.34935120659722,-0,-0
38.26,0.646316622952624,-2.75505365266658,2.15383514281694,-0,-0
38.28,0.551747458191643,-2.47764123690325,1.96090854615817,-0,-0
38.3,0.46585450946555,-2.21078594329535,1.77160853231837,-0,-0
38.32,0.388511946821818,-1.95556866900966,1.5869565984465,-0,-0
38.34,0.319527317398853,-1.71298838901362,1.40795528838769,-0,-0
38.36,0.258675633933659,-1.48401222800492,1.23561327619309,-0,-0
38.38,0.205638028833489,-1.26946880902412,1.07089463031149,-0,-0
38.4,0.160058846001065,-1.07013452312772,0.914759825641106,-0,-0
38.42,0.121512348807213,-0.886660656649973,0.768125325312212,-0,-0
38.44,0.0895305289514636,-0.719620518013188,0.631888109228335,-0,-0
38.46,0.0636117832594758,-0.569532562410886,0.506941943635989,-0,-0
38.48,0.043187345955281,-0.436755606408593,0.394105037907072,-0,-0
38.5,0.0276632301941026,-0.321593396509191,0.294185719011008,-0,-0
38.52,0.0164037993880743,-0.224230681948693,0.207933511246478,-0,-0
38.54,0.00874167425452972,-0.144743421089691,0.136038720427575,-0,-0
38.56,0.00399569350858704,-0.0831792147249483,0.0791933086422058,-0,-0
38.58,0.00145261687663016,-0.039438943278874,0.0379880249653079,-0,-0
38.6,0.00038666477694768,-0.0133513862237658,0.0129648752679503,-0,-0
38.62,7.99633497865411e-05,-0.00308127390290029,0.00300131796195849,-0.0020954426401816,-0
38.64,1.44817078536431e-05,-0.000586707788249099,0.000572226334298973,-0.0163695612493702,-0
38.66,2.46136723030294e-06,-0.000102587224751546,0.000100125865160717,-0.0502825539936199,-0
38.68,4.01235136558052e-07,-1.70323736300364e-05,1.66311388266505e-05,-0.10584001899567,-0
38.7,6.34908802492202e-08,-2.7299994731832e-06,2.66650869471173e-06,-0.183403037881712,-0
38.72,9.84491850853586e-09,-4.27343232237608e-07,4.17498484341535e-07,-0.282981842791972,-0
38.74,1.5044228128434e-09,-6.57778305895656e-08,6.42735526190763e-08,-0.404489166404422,-0
38.76,2.25555614971308e-10,-9.91669550659848e-09,9.69128862546633e-09,-0.547765211337892,-0
38.78,3.36192914812797e-11,-1.48412814501242e-09,1.45070038472152e-09,-0.712727533903521,-0
38.8,5.03540209813295e-12,-2.20283062635387e-10,2.15338108680701e-10,-0.899196025991057,-0
38.82,7.87948199020877e-13,-3.24658298530765e-11,3.17968988161576e-11,-1.1069801932321,-0
38.84,1.78111062161957e-13,-4.78516280249187e-12,4.74248270293574e-12,-1.33589219036678,-0
38.86,5.52243859076022e-14,-7.13012877221235e-13,7.47128336681315e-13,-1.58566341570519,-0
38.88,9.62870980516787e-14,-1.29967513136118e-13,1.98064847858511e-13,-1.85606947083695,-0
38.9,7.63333123551244e-14,-7.63333123551244e-14,1.01777749806833e-13,-2.14686755219674,-0
38.92,9.9169557388511e-14,-4.82806824850947e-14,1.52666624710249e-13,-2.45774708030321,-0
38.94,7.63333123551244e-14,-2.54444374517081e-14,1.52201403549255e-13,-2.78840358007355,-0
38.96,8.9037137436833e-14,-6.36294872734158e-14,1.52666624710249e-13,-3.13854261035455,-0
38.98,7.67628678549054e-14,-2.63035484512702e-14,1.51807513710687e-13,-3.50773583177727,-0
39,7.63333123551244e-14,-4.36318232581757e-14,1.199651356133e-13,-3.89570193310011,-0
39.02,7.63333123551244e-14,-2.54444374517081e-14,1.01777749806833e-13,-4.30202836405829,-0
39.04,8.67028127229085e-14,-5.55943116195562e-14,1.22516750542401e-13,-4.72631146924935,-0
39.06,5.51461621648998e-14,-7.20760250936408e-14,1.102923243298e-13,-5.16814101208454,-0
39.08,5.91958140380012e-14,-5.97194340859545e-14,1.36052746441079e-13,-5.62707580461551,-0
39.1,7.63333123551244e-14,-4.95926762798328e-14,1.28518385882124e-13,-6.10263736130055,-0
39.12,7.16287705689613e-14,-2.54444374517081e-14,1.01777749806833e-13,-6.594397174147,-0
39.14,9.70610405416516e-14,-3.0161146716889e-14,1.01777749806833e-13,-7.1018576333008,-0
39.16,6.90597492516935e-14,-3.99915636585699e-14,1.52666624710249e-13,-7.62451312350816,-0
39.18,8.50713702698792e-14,-5.96269328181711e-14,1.52666624710249e-13,-8.16186020581652,-0
39.2,5.47338811282664e-14,-7.63333123551244e-14,1.01777749806833e-13,-8.71333644255187,-0
39.22,1.00211704479676e-13,-5.2454920230573e-14,1.49534534055935e-13,-9.27841760616322,-0
39.24,9.67670319500694e-14,-5.08888749034163e-14,1.01777749806833e-13,-9.85655890285323,-0
39.26,5.76132356280673e-14,-6.96089516304733e-14,1.52666624710249e-13,-10.4471742684618,-0
39.28,5.14535610664965e-14,-2.54444374517081e-14,1.52101938547169e-13,-11.0496832632983,-0
39.3,8.9479983657242e-14,-5.00399697508892e-14,1.26373282106014e-13,-11.6635085186048,-0
39.32,5.08888749034163e-14,-2.54444374517081e-14,1.49646411700642e-13,-12.2879990516449,-0
39.34,6.10586037988343e-14,-7.63333123551244e-14,1.32327166919413e-13,-12.9225833235295,-0
39.36,7.63333123551244e-14,-2.54444374517081e-14,1.28236431045262e-13,-13.5666197482751,-0
39.38,1.01777749806833e-13,-7.63333123551244e-14,1.52666624710249e-13,-14.2194711233561,-0
39.4,7.63333123551244e-14,-2.54444374517081e-14,1.52666624710249e-13,-14.8804970096344,-0
39.42,5.87878580324684e-14,-7.63333123551244e-14,1.17575716064937e-13,-15.5490413708357,-0
39.44,7.63333123551244e-14,-6.31162041042694e-14,1.26232408208539e-13,-16.2244365091255,-0
39.46,9.46947026546263e-14,-7.27917887790213e-14,1.08860796959039e-13,-16.90603134416,-0
39.48,7.24244619100661e-14,-2.54444374517081e-14,1.09595450696949e-13,-17.5931480806366,-0
39.5,5.74606383037481e-14,-6.31897855544607e-14,1.52666624710249e-13,-18.2851069051155,-0
39.52,7.63333123551244e-14,-6.00205267385297e-14,1.52666624710249e-13,-18.981228044091,-0
39.54,5.43135994252895e-14,-4.7464150381543e-14,1.45817175666502e-13,-19.680816070191,-0
39.56,7.63333123551244e-14,-2.54444374517081e-14,1.51880085564352e-13,-20.3831871920515,-0
39.58,6.25309638983334e-14,-3.12654819491667e-14,1.41024535715332e-13,-21.0876495261671,-0
39.6,5.49767487463611e-14,-3.36201851375977e-14,1.44490877024359e-13,-21.7935050745989,-0
39.62,5.08888749034163e-14,-2.54444374517081e-14,1.51305065386593e-13,-22.5000579093445,-0
39.64,1.01777749806833e-13,-7.63333123551244e-14,1.01777749806833e-13,-23.2066099327547,-0
39.66,7.88649489245577e-14,-3.05077105905748e-14,1.47603351571382e-13,-23.9124663418126,-0
39.68,9.05600943827412e-14,-6.21065303275076e-14,1.01777749806833e-13,-24.6169277974496,-0
39.7,7.63333123551244e-14,-4.83518076025563e-14,1.01777749806833e-13,-25.3192996700686,-0
39.72,6.45173079119866e-14,-2.54444374517081e-14,1.25409758693108e-13,-26.0188892975492,-0
39.74,7.12200676125115e-14,-5.60021196460292e-14,1.52666624710249e-13,-26.7150045539376,-0
39.76,8.37660778622515e-14,-2.54444374517081e-14,1.01777749806833e-13,-27.4069606781567,-0
39.78,7.63333123551244e-14,-4.75082396282816e-14,1.52666624710249e-13,-28.0940804471515,-0
39.8,7.86864930613516e-14,-5.32420556096435e-14,1.52666624710249e-13,-28.7756754788254,-0
39.82,7.63333123551244e-14,-2.85566933632717e-14,1.46442112887122e-13,-29.4510755735638,-0
39.84,8.21139881514579e-14,-7.63333123551244e-14,1.01777749806833e-13,-30.1196158934516,-0
39.86,6.67626454671631e-14,-2.54444374517081e-14,1.20919083582755e-13,-30.7806293683547,-0
39.88,7.63333123551244e-14,-2.54444374517081e-14,1.01777749806833e-13,-31.4334846126308,-0
39.9,5.15846804544745e-14,-2.68360485538246e-14,1.51275013608132e-13,-32.0775227152905,-0
39.92,7.63333123551244e-14,-6.31512790414867e-14,1.52666624710249e-13,-32.7121017048291,-0
39.94,9.69736210330526e-14,-5.56930036771962e-14,1.01777749806833e-13,-33.3366055835257,-0
39.96,5.08888749034163e-14,-2.54444374517081e-14,1.52666624710249e-13,-33.9504146267211,-0
39.98,6.48736120555919e-14,-2.54444374517081e-14,1.52666624710249e-13,-34.5529092255485,-0
40,7.25812677008175e-14,-7.63333123551244e-14,1.01777749806833e-13,-35.1435382634124,-0
40.02,6.38741606284304e-14,-7.63333123551244e-14,1.26696053260221e-13,-35.7216741311391,-0
40.04,9.118595513037e-14,-4.02970802269537e-14,1.22961339159758e-13,-36.2867595270082,-0
40.06,7.63333123551244e-14,-2.54444374517081e-14,1.26927692595312e-13,-36.8382399850026,-0
40.08,8.18777208686007e-14,-3.09888459651844e-14,1.12866566833785e-13,-37.3755645734075,-0
40.1,9.47406855288632e-14,-3.95185660076468e-14,1.01777749806833e-13,-37.898214282801,-0
40.12,7.63333123551244e-14,-5.64416189485589e-14,1.01777749806833e-13,-38.4056842509393,-0
40.14,7.50185448722295e-14,-7.63333123551244e-14,1.04407284772622e-13,-38.8974445696333,-0
40.16,9.69837927101369e-14,-7.15393552584288e-14,1.01777749806833e-13,-39.3730184449672,-0
40.18,9.16047739599502e-14,-6.6160336508242e-14,1.11950725653715e-13,-39.8319409212295,-0
40.2,9.1801800268145e-14,-2.54444374517081e-14,1.21729648884208e-13,-40.2737430203351,-0
40.22,5.34689065710918e-14,-2.80244691193837e-14,1.01777749806833e-13,-40.6980366589208,-0
40.24,9.98928624312699e-14,-7.63333123551244e-14,1.05547524557958e-13,-41.1043645721699,-0
40.26,5.08888749034163e-14,-4.3447805199581e-14,1.52666624710249e-13,-41.4923203654385,-0
40.28,7.63333123551244e-14,-7.06778692237114e-14,1.41355738447423e-13,-41.8615384079693,-0
40.3,9.85712740748994e-14,-4.92856370374497e-14,1.04984225538766e-13,-42.2116465914574,-0
40.32,7.63333123551244e-14,-7.63333123551244e-14,1.23670177772035e-13,-42.5422814534753,-0
40.34,7.63333123551244e-14,-4.57717369254946e-14,1.12012025762676e-13,-42.8531827634178,-0
40.36,8.79603302597958e-14,-5.30792765457816e-14,1.29412588900906e-13,-43.1439733343767,-0
40.38,1.01777749806833e-13,-2.54444374517081e-14,1.01777749806833e-13,-43.4143869659683,-0
40.4,8.82689675709513e-14,-6.43976571392975e-14,1.01777749806833e-13,-43.6641623243883,-0
40.42,5.69326325674435e-14,-2.54444374517081e-14,1.40579109382194e-13,-43.8930416658776,-0
40.44,6.98070976386265e-14,-3.84968668847039e-14,1.52666624710249e-13,-44.1008208544587,-0
40.46,8.49124780973779e-14,-4.23097091611628e-14,1.18936081291339e-13,-44.2873019802839,-0
40.48,7.62275456496569e-14,-2.54444374517081e-14,1.01989283217767e-13,-44.4522645331303,-0
40.5,1.01777749806833e-13,-2.81620275015857e-14,1.49949034660371e-13,-44.5955577269166,-0
40.52,7.63333123551244e-14,-4.67400831676022e-14,1.10075333278461e-13,-44.7170449126963,-0
40.54,6.58146208524397e-14,-4.03701834007316e-14,1.52666624710249e-13,-44.8165851176394,-0
40.56,7.83813316215847e-14,-2.95404759846287e-14,1.01777749806833e-13,-44.8941466323898,-0
40.58,7.95564619894113e-14,-3.18907367202819e-14,1.46220325441675e-13,-44.9495939055724,-0
40.6,5.08888749034163e-14,-5.96778817171616e-14,1.52666624710249e-13,-44.9828749854636,-0
40.62,5.73502123391071e-14,-5.08888749034163e-14,1.52666624710249e-13,-44.9960548890892,-0
40.64,7.63333123551244e-14,-7.63333123551244e-14,1.52666624710249e-13,-44.9992457046714,-0
40.66,7.63333123551244e-14,-4.65566092719243e-14,1.31554452890033e-13,-44.999867668266,-0
40.68,1.01777749806833e-13,-6.40777356401447e-14,1.01777749806833e-13,-44.9999781334022,-0
40.7,6.15404479625344e-14,-7.63333123551244e-14,1.31363478592013e-13,-44.9999964787396,-0
40.72,7.63333123551244e-14,-2.54444374517081e-14,1.01777749806833e-13,-44.9979165958566,-0
40.74,7.63333123551244e-14,-7.63333123551244e-14,1.52666624710249e-13,-44.9836221835848,-0
40.76,5.08888749034163e-14,-3.834473240865e-14,1.01777749806833e-13,-44.9496972789426,-0
40.78,5.69935877108512e-14,-2.54444374517081e-14,1.13987175421702e-13,-44.8941453993416,-0
40.8,5.8347577531827e-14,-5.08888749034163e-14,1.16695155063654e-13,-44.8166024176787,-0
40.82,7.54597532308978e-14,-5.00153157791897e-14,1.01777749806833e-13,-44.7170321719962,-0
40.84,7.63333123551244e-14,-5.14530487831915e-14,1.51538276950698e-13,-44.5955372017478,-0
40.86,5.42981560605006e-14,-4.74795937463319e-14,1.4584806239608e-13,-44.4522346172906,-0
40.88,6.53850827385304e-14,-5.44368531219364e-14,1.52666624710249e-13,-44.2872457044203,-0
40.9,7.47300781539308e-14,-2.86509058540953e-14,1.0498421820922e-13,-44.1008031361689,-0
40.92,7.63333123551244e-14,-6.75080153395752e-14,1.10603046822382e-13,-43.8930250394666,-0
40.94,5.08888749034163e-14,-5.79314098993256e-14,1.20179652262631e-13,-43.6641264977933,-0
40.96,7.63333123551244e-14,-2.54444374517081e-14,1.16357294481634e-13,-43.4143464719445,-0
40.98,7.63333123551244e-14,-4.83681500071616e-14,1.01777749806833e-13,-43.1439217987869,-0
41,7.63333123551244e-14,-4.55409658637605e-14,1.21874278218885e-13,-42.8531095391666,-0
41.02,5.08888749034163e-14,-4.03894147985366e-14,1.3772164736342e-13,-42.5422527266803,-0
41.04,7.63333123551244e-14,-7.63333123551244e-14,1.01777749806833e-13,-42.2115932241806,-0
41.06,7.63333123551244e-14,-4.2899981917117e-14,1.01777749806833e-13,-41.8614771550326,-0
41.08,7.63333123551244e-14,-2.54444374517081e-14,1.22473150421197e-13,-41.4922554116795,-0
41.1,5.78534728846363e-14,-3.93736334141482e-14,1.15706945769273e-13,-41.1042801644935,-0
41.12,7.63333123551244e-14,-2.54444374517081e-14,1.41465888683378e-13,-40.6979613404979,-0
41.14,5.08888749034163e-14,-3.15932745519163e-14,1.01777749806833e-13,-40.2736946282441,-0
41.16,1.00014511848267e-13,-7.28068364379942e-14,1.01777749806833e-13,-39.8318710450207,-0
41.18,7.66351017459262e-14,-2.57462268425099e-14,1.02381328588436e-13,-39.37294407543,-0
41.2,7.63333123551244e-14,-3.05591868018018e-14,1.52666624710249e-13,-38.8973632550541,-0
41.22,9.03722100910951e-14,-6.22944146191537e-14,1.52666624710249e-13,-38.405582544119,-0
41.24,5.08888749034163e-14,-7.39818458838988e-14,1.52666624710249e-13,-37.8981425029579,-0
41.26,7.63333123551244e-14,-6.52135454497213e-14,1.12897516712236e-13,-37.3754899043604,-0
41.28,9.17959149223299e-14,-7.63333123551244e-14,1.21741419575838e-13,-36.8381531119939,-0
41.3,8.56905899916979e-14,-4.15315972668428e-14,1.01777749806833e-13,-36.286669323104,-0
41.32,5.38169785014249e-14,-2.54444374517081e-14,1.46810417514232e-13,-35.7215760603427,-0
41.34,6.05427707328175e-14,-4.47522291105107e-14,1.21085541465635e-13,-35.143427595187,-0
41.36,7.63333123551244e-14,-2.54444374517081e-14,1.52666624710249e-13,-34.5528258370126,-0
41.38,7.63333123551244e-14,-7.63333123551244e-14,1.01777749806833e-13,-33.9503154282788,-0
41.4,7.63333123551244e-14,-5.08888749034163e-14,1.52666624710249e-13,-33.3365028119744,-0
41.42,7.63333123551244e-14,-3.51184391665598e-14,1.52666624710249e-13,-32.7119969369299,-0
41.44,7.63333123551244e-14,-4.01414458397174e-14,1.01777749806833e-13,-32.0774072773939,-0
41.46,7.11030236048214e-14,-6.58727348545185e-14,1.52666624710249e-13,-31.4333758120736,-0
41.48,7.63333123551244e-14,-7.11637564257147e-14,1.42327512851429e-13,-30.7805322216181,-0
41.5,7.38671629503815e-14,-3.03767362611939e-14,1.52666624710249e-13,-30.1195086207044,-0
41.52,7.53712871244872e-14,-2.64064626823453e-14,1.03701800268107e-13,-29.4509663335376,-0
41.54,9.8001378160753e-14,-5.2777060726456e-14,1.52666624710249e-13,-28.7755638749538,-0
41.56,7.63333123551244e-14,-4.90561642096287e-14,1.52666624710249e-13,-28.0939613405845,-0
41.58,1.0025232174917e-13,-2.54444374517081e-14,1.03303177864495e-13,-27.406852275721,-0
41.6,9.51315023925833e-14,-6.3040817526626e-14,1.3937412988175e-13,-26.7148939020034,-0
41.62,7.63333123551244e-14,-5.48366046487263e-14,1.01777749806833e-13,-26.0187753620514,-0
41.64,7.63333123551244e-14,-2.54444374517081e-14,1.19203867626369e-13,-25.3191849403388,-0
41.66,5.42112496525487e-14,-4.75665001542838e-14,1.52666624710249e-13,-24.6168116352976,-0
41.68,6.70898499553456e-14,-4.39313622512657e-14,1.2026467460639e-13,-23.9123490092225,-0
41.7,7.63333123551244e-14,-5.7074214918933e-14,1.33407527274057e-13,-23.2064949461595,-0
41.72,8.3459781652257e-14,-3.25709067488408e-14,1.01777749806833e-13,-22.4999420754409,-0
41.74,7.63333123551244e-14,-2.54444374517081e-14,1.01777749806833e-13,-21.7933893635128,-0
41.76,7.63333123551244e-14,-4.34057995885017e-14,1.34705262573455e-13,-21.087534096431,-0
41.78,5.08888749034163e-14,-6.08450004623369e-14,1.1726606169962e-13,-20.3830742909917,-0
41.8,6.0545157316716e-14,-5.57170161100661e-14,1.43010342296949e-13,-19.6807015045997,-0
41.82,5.49578686955174e-14,-2.54444374517081e-14,1.01777749806833e-13,-18.9811091598085,-0
41.84,5.41336965867598e-14,-2.86892591350517e-14,1.46176981343562e-13,-18.2849922883707,-0
41.86,7.46099028627354e-14,-2.71678469440972e-14,1.01777749806833e-13,-17.5930344840045,-0
41.88,7.63333123551244e-14,-7.63333123551244e-14,1.01777749806833e-13,-16.9059190712755,-0
41.9,1.01777749806833e-13,-2.54444374517081e-14,1.28215515337206e-13,-16.2243327816671,-0
41.92,5.12223746071469e-14,-2.61114368591693e-14,1.51999625302788e-13,-15.5489234116987,-0
41.94,5.86449111507465e-14,-4.3132838656086e-14,1.52666624710249e-13,-14.8803828526239,-0
41.96,6.47859959265424e-14,-5.32386794979603e-14,1.29571991853085e-13,-14.2193625151254,-0
41.98,9.2301289918334e-14,-4.14124150149178e-14,1.33713704933252e-13,-13.5665131322984,-0
42,8.00971053536073e-14,-4.71250819049334e-14,1.52666624710249e-13,-12.9224832746103,-0
42.02,8.51205829948284e-14,-4.30189787311161e-14,1.35092083430841e-13,-12.2879081234267,-0
42.04,9.09091529385863e-14,-5.45961186186318e-14,1.01777749806833e-13,-11.6633940616294,-0
42.06,9.59038233460012e-14,-2.54444374517081e-14,1.01777749806833e-13,-11.0495844650777,-0
42.08,8.18896564091276e-14,-3.65571255597145e-14,1.41553936602242e-13,-10.4470776470869,-0
42.1,7.63333123551244e-14,-2.54444374517081e-14,1.01777749806833e-13,-9.85646481292381,-0
42.12,8.45581297041576e-14,-5.98836776570581e-14,1.18227384504899e-13,-9.27833950721985,-0
42.14,7.63333123551244e-14,-2.98004606487666e-14,1.52666624710249e-13,-8.71324562734555,-0
42.16,5.67187009860737e-14,-3.12742635343656e-14,1.52666624710249e-13,-8.16175340057675,-0
42.18,9.77449698000182e-14,-7.230053234831e-14,1.4460106469662e-13,-7.62442389585633,-0
42.2,5.32790653600434e-14,-7.15529314418702e-14,1.06558130720087e-13,-7.10177158375912,-0
42.22,7.68556258206875e-14,-5.03665614378531e-14,1.01777749806833e-13,-6.59431406829957,-0
42.24,6.34712162867591e-14,-7.63333123551244e-14,1.26942432573518e-13,-6.10257753667675,-0
42.26,7.63333123551244e-14,-7.63333123551244e-14,1.52666624710249e-13,-5.6269783803173,-0
42.28,7.63333123551244e-14,-5.90218247171997e-14,1.52666624710249e-13,-5.16805663735578,-0
42.3,6.41565598873101e-14,-5.19798074194959e-14,1.26131254742461e-13,-4.72623955745127,-0
42.32,7.63333123551244e-14,-7.63333123551244e-14,1.52666624710249e-13,-4.30196072018459,-0
42.34,9.76717011317471e-14,-7.63333123551244e-14,1.01777749806833e-13,-3.89564758849355,-0
42.36,7.63333123551244e-14,-4.24179786360503e-14,1.52666624710249e-13,-3.50769721467619,-0
42.38,7.63333123551244e-14,-3.92303460007039e-14,1.25094807612257e-13,-3.13846068497361,-0
42.4,5.59677301747333e-14,-2.54444374517081e-14,1.42508914167615e-13,-2.78834981963298,-0
42.42,7.1327147954482e-14,-7.63333123551244e-14,1.52666624710249e-13,-2.45769656164424,-0
42.44,6.87910515644245e-14,-2.54444374517081e-14,1.52666624710249e-13,-2.14682133281804,-0
42.46,5.08888749034163e-14,-5.9178792337872e-14,1.35512104692996e-13,-1.85604847289861,-0
42.48,5.88726110197828e-14,-3.34281735680746e-14,1.09761485923199e-13,-1.58561996673591,-0
42.5,7.63333123551244e-14,-4.90437800803887e-14,1.52666624710249e-13,-1.33582788600701,-0
42.52,9.69702526508595e-14,-3.02519346076812e-14,1.01777749806833e-13,-1.1069411732865,-0
42.54,7.63333123551244e-14,-4.77554835016963e-14,1.46399841906809e-13,-0.899161313097107,-0
42.56,7.63333123551244e-14,-7.61927567788773e-14,1.52666624710249e-13,-0.712696285690707,-0
42.58,6.39080513314892e-14,-3.78696984753434e-14,1.52666624710249e-13,-0.547765995984524,-0
42.6,7.63333123551244e-14,-7.40314273379502e-14,1.04079634824007e-13,-0.404440448120331,-0
42.62,7.63333123551244e-14,-7.63333123551244e-14,1.2143665964631e-13,-0.28295322359594,-0
42.64,8.87948375643802e-14,-2.54444374517081e-14,1.27743574291737e-13,-0.183392589311818,-0
42.66,7.63333123551244e-14,-6.54775734035383e-14,1.01777749806833e-13,-0.105853058875376,-0
42.68,5.99945553724072e-14,-2.99972776862036e-14,1.43560944241258e-13,-0.0504218141771235,-0
42.7,5.08888749034163e-14,-6.03249233408344e-14,1.36658235695959e-13,-0.0171446081321681,-6.39340034879231e-08
42.72,5.08888749034163e-14,-5.04338379505593e-14,1.27677224211398e-13,-0.00394406303028962,-0.000924657546836612
42.74,7.63333123551244e-14,-3.31015451490969e-14,1.09434857504221e-13,-0.000753719848591277,-0.0072755727861598
42.76,7.63333123551244e-14,-3.38282135629189e-14,1.52666624710249e-13,-0.000131843710003372,-0.0223486925216685
42.78,7.63333123551244e-14,-5.76860718685508e-14,1.3907223077998e-13,-2.18866255874841e-05,-0.0470403825511841
42.8,5.08888749034163e-14,-5.98936714551888e-14,1.52666624710249e-13,-3.51958372082866e-06,-0.0815217706284627
42.82,9.82263310468195e-14,-7.27818935951114e-14,1.45563787190223e-13,-5.49393506084223e-07,-0.125769543457202
42.84,5.08888749034163e-14,-2.54444374517081e-14,1.52666624710249e-13,-8.41512155804783e-08,-0.179760743370856
42.86,5.08888749034163e-14,-7.63333123551244e-14,1.1284196560805e-13,-1.27524156350078e-08,-0.243451804154233
42.88,7.24922970308184e-14,-2.92854527760142e-14,1.09459780455445e-13,-1.90867575211309e-09,-0.316768492498645
42.9,7.63333123551244e-14,-2.54444374517081e-14,1.52666624710249e-13,-2.82961392156408e-10,-0.399640866456557
42.92,6.29060674039249e-14,-5.2298927354107e-14,1.28632239709231e-13,-4.18601180074694e-11,-0.492000810537817
42.94,7.86351114697994e-14,-3.00480356810582e-14,1.01777749806833e-13,-6.08874465437865e-12,-0.593719341657626
42.96,7.63333123551244e-14,-6.18823058226791e-14,1.23764611645358e-13,-8.85867656587611e-13,-0.704734041717438
42.98,5.08888749034163e-14,-5.08888749034163e-14,1.25008251296142e-13,-1.28307538251606e-13,-0.824922916220865
43,6.46529999678583e-14,-5.29726875805922e-14,1.25138374581365e-13,-1.84941209785346e-14,-0.954165524613881
43.02,5.59055149924035e-14,-2.54444374517081e-14,1.52666624710249e-13,-2.65961072228747e-15,-1.09233848653472
43.04,6.87822958709683e-14,-6.12312793868123e-14,1.16879782775145e-13,-3.81148330778313e-16,-1.23930037498629
43.06,7.63333123551244e-14,-4.80959519160293e-14,1.01777749806833e-13,-5.41600478449648e-17,-1.39489738777859
43.08,7.89388934963996e-14,-3.06555997342585e-14,1.06988912089383e-13,-7.70323031337319e-18,-1.55899430001656
43.1,7.63333123551244e-14,-3.19772070554082e-14,1.46133855106549e-13,-1.09405941851956e-18,-1.73142357691259
43.12,5.68380430110843e-14,-7.63333123551244e-14,1.13676086022169e-13,-1.55070581686665e-19,-1.91201259095597
43.14,7.63333123551244e-14,-6.68649490583037e-14,1.01777749806833e-13,-2.20086749622682e-20,-2.10059008264854
43.16,5.08888749034163e-14,-2.85636967278681e-14,1.08016268359152e-13,-3.09741163504408e-21,-2.29695020221455
43.18,5.13421903626974e-14,-5.04355594441351e-14,1.51759993791687e-13,-4.35228401137867e-22,-2.50091362877376
43.2,5.08888749034163e-14,-2.54444374517081e-14,1.52666624710249e-13,-6.12906819413007e-23,-2.71228394506941
43.22,5.08888749034163e-14,-3.47014196329475e-14,1.11034731988072e-13,-8.60751970716522e-24,-2.9308440321901
43.24,1.00787439478577e-13,-7.43526916986125e-14,1.52666624710249e-13,-1.2070361991861e-24,-3.15638068709161
43.26,7.63333123551244e-14,-2.54444374517081e-14,1.29507352699568e-13,-1.69949572705647e-25,-3.38867935371951
43.28,7.2844088817262e-14,-7.63333123551244e-14,1.01777749806833e-13,-2.36529419951234e-26,-3.62748630839795
43.3,7.63333123551244e-14,-5.20121659706902e-14,1.26098896191267e-13,-3.30776053927495e-27,-3.8725908265086
43.32,8.71114794698512e-14,-2.54444374517081e-14,1.23334084036286e-13,-4.6228355093315e-28,-4.12374319968286
43.34,8.93573840999239e-14,-5.02851688655254e-14,1.27825893296431e-13,-6.45087794790149e-29,-4.38069416389918
43.36,6.17346801097034e-14,-6.54875071488372e-14,1.41820819503962e-13,-9.00835018005282e-30,-4.64319265131927
43.38,5.8051893634837e-14,-2.54444374517081e-14,1.16103787269674e-13,-1.25597270817661e-30,-4.91097566356881
43.4,6.602360022967e-14,-2.54444374517081e-14,1.22397174057741e-13,-1.74062359737247e-31,-5.18377557164334
43.42,7.63333123551244e-14,-7.30692566237111e-14,1.01777749806833e-13,-2.41888443382019e-32,-5.46133287514527
43.44,7.63333123551244e-14,-2.54444374517081e-14,1.52666624710249e-13,-3.36254942807203e-33,-5.74337043590977
43.46,5.08888749034163e-14,-6.55977620878646e-14,1.12513300074092e-13,-4.6722458669613e-34,-6.02960862766293
43.48,6.6523217767432e-14,-7.63333123551244e-14,1.33046435534864e-13,-6.5107475608143e-35,-6.31976822479998
43.5,9.90133962271388e-14,-3.09731446110957e-14,1.52666624710249e-13,-9.00163115305837e-36,-6.61355320911591
43.52,5.34646217735002e-14,-2.80201843217921e-14,1.50090877840165e-13,-1.24482807864359e-36,-6.91068158679045
43.54,7.63333123551244e-14,-2.54444374517081e-14,1.01777749806833e-13,-1.72642443538591e-37,-7.21086100872899
43.56,7.11376526351165e-14,-6.59419929151085e-14,1.12169069246848e-13,-2.39000332996318e-38,-7.51379208532983
43.58,7.76748450003121e-14,-7.36502470647491e-14,9.90946845164572e-14,-3.30695513801386e-39,-7.81917695239608
43.6,9.05427886891884e-14,-7.63333123551244e-14,1.01777749806833e-13,-4.59585991561774e-40,-8.12671613039556
43.62,8.06376541998221e-14,-2.54444374517081e-14,1.01777749806833e-13,-6.3195166166737e-41,-8.43609957322178
43.64,6.33757959732153e-14,-5.13594702155264e-14,1.52666624710249e-13,-8.73617635758525e-42,-8.74702877547364
43.66,8.65532588111339e-14,-6.11088213594258e-14,1.3222673179823e-13,-1.20770380893179e-42,-9.05919465018359
43.68,7.63333123551244e-14,-7.63333123551244e-14,1.26737053560357e-13,-1.66798126806697e-43,-9.372288808491
43.7,7.63333123551244e-14,-5.66433843879473e-14,1.13286768775895e-13,-2.3068727793982e-44,-9.68600250913831
43.72,7.63333123551244e-14,-3.90648374588766e-14,1.15398149814001e-13,-3.1853335188993e-45,-10.0000257742548
43.74,5.08888749034163e-14,-6.02856190089712e-14,1.20571238017942e-13,-4.37552104877402e-46,-10.3140492353137
43.76,7.55814298279143e-14,-2.54444374517081e-14,1.03281514861253e-13,-6.0282793842216e-47,-10.6277628602898
43.78,7.63333123551244e-14,-2.54444374517081e-14,1.01777749806833e-13,-8.31168983424522e-48,-10.9408568030344
43.8,6.03481381167926e-14,-7.63333123551244e-14,1.52666624710249e-13,-1.14595364710247e-48,-11.2530221734314
43.82,8.14600781732567e-14,-6.10477107202042e-14,1.52666624710249e-13,-1.58534034273131e-49,-11.5639494515635
43.84,7.87606022677413e-14,-3.0299017276942e-14,1.47812044885015e-13,-2.17540347370027e-50,-11.8733361586569
43.86,9.95676022625059e-14,-4.86787273590896e-14,1.01777749806833e-13,-2.98875534774153e-51,-12.1808736393283
43.88,6.86816865485451e-14,-6.10300607419657e-14,1.52666624710249e-13,-4.1176611926318e-52,-12.4862576208004
43.9,5.08888749034163e-14,-3.71628250699267e-14,1.52666624710249e-13,-5.66444345079152e-53,-12.7891886039554
43.92,7.63333123551244e-14,-4.91921665550104e-14,1.01777749806833e-13,-7.79117998740294e-54,-13.0893666051158
43.94,7.63333123551244e-14,-3.63227490054731e-14,1.30910001602719e-13,-1.07612964429979e-54,-13.3864924469387
43.96,7.63333123551244e-14,-4.5613926454887e-14,1.4211672781319e-13,-1.47148293195656e-55,-13.6802838794919
43.98,7.63333123551244e-14,-2.54444374517081e-14,1.2491113996168e-13,-2.02294280710089e-56,-13.9704392012212
44,6.6748204215522e-14,-4.4614653730913e-14,1.20947966086037e-13,-2.78177714453849e-57,-14.2566753791006
44.02,7.63333123551244e-14,-5.24884832574093e-14,1.28821795612534e-13,-3.82258596383852e-58,-14.5387110081953
44.04,8.24053367399566e-14,-3.75884862213726e-14,1.01777749806833e-13,-5.26175647688039e-59,-14.8162652708061
44.06,8.28350018762905e-14,-7.63333123551244e-14,1.39663245667917e-13,-7.22890515731015e-60,-15.0890691368282
44.08,7.63333123551244e-14,-5.94310685971736e-14,1.35582237322734e-13,-9.88525174033858e-61,-15.3568553986461
44.1,1.01669794648101e-13,-2.55523926104396e-14,1.01777749806833e-13,-1.35582108069913e-61,-15.6193511201289
44.12,7.63333123551244e-14,-7.36348089569548e-14,1.01777749806833e-13,-1.8612073619576e-62,-15.8762999236708
44.14,5.50366914858603e-14,-3.37400706165962e-14,1.01777749806833e-13,-2.55552057817046e-63,-16.1274493815835
44.16,6.13953887581678e-14,-5.08888749034163e-14,1.22790777516336e-13,-3.52182720424993e-64,-16.3725456117199
44.18,5.29432966324776e-14,-7.4278890626063e-14,1.48557781252126e-13,-4.81191660723159e-65,-16.6113657086711
44.2,9.8546193817665e-14,-7.31017563659569e-14,1.08240861785168e-13,-6.58857256099118e-66,-16.8436573636228
44.22,9.34424439735467e-14,-6.79980065218386e-14,1.35996013043677e-13,-9.04349846480438e-67,-17.0691917717844
44.24,5.73508699627035e-14,-2.54444374517081e-14,1.14701739925407e-13,-1.23964880053457e-67,-17.2877515239208
44.26,7.63333123551244e-14,-7.22428247754445e-14,1.05868237386513e-13,-1.69944619404169e-68,-17.4991178543514
44.28,6.13958233277195e-14,-2.54444374517081e-14,1.31652727861642e-13,-2.33869177220613e-69,-17.7030767573812
44.3,7.00367286991383e-14,-6.37401450431522e-14,1.14370917118805e-13,-3.18772036697882e-70,-17.8994503206999
44.32,8.68701347722506e-14,-4.65180822859606e-14,1.31592979875996e-13,-4.3679869815284e-71,-18.0880189469517
44.34,5.97828586981161e-14,-2.54444374517081e-14,1.34878657120849e-13,-5.98765294841248e-72,-18.268604131935
44.36,6.50814843956727e-14,-2.54444374517081e-14,1.52666624710249e-13,-8.20336926869559e-73,-18.4410298650478
44.38,6.98717298667642e-14,-2.54444374517081e-14,1.52666624710249e-13,-1.1260975307113e-73,-18.6051210012121
44.4,8.24506186854096e-14,-3.15617437819934e-14,1.40432012049678e-13,-1.54210280248323e-74,-18.760725986445
44.42,7.63333123551244e-14,-4.04994459864616e-14,1.16832758341586e-13,-2.10312361941816e-75,-18.907692148425
44.44,5.08888749034163e-14,-5.01048353358591e-14,1.03345828941947e-13,-2.87732995684585e-76,-19.0458601625497
44.46,1.01127219202421e-13,-5.1539405507828e-14,1.52666624710249e-13,-3.93800159699168e-77,-19.175100172614
44.48,9.83060886025117e-14,-5.43605361077371e-14,1.01777749806833e-13,-5.39324146977021e-78,-19.2952845639212
44.5,9.08896450927376e-14,-4.00007701893213e-14,1.52666624710249e-13,-7.41547821058528e-79,-19.4062860460528
44.52,7.63333123551244e-14,-5.25771371022592e-14,1.52666624710249e-13,-1.01029559888887e-79,-19.5080249890127
44.54,7.63333123551244e-14,-2.96078037459965e-14,1.44339892121672e-13,-1.38053058369228e-80,-19.6003732676315
44.56,5.08888749034163e-14,-2.54444374517081e-14,1.52666624710249e-13,-1.89042004937874e-81,-19.6832432835124
44.58,7.63333123551244e-14,-5.79879809785986e-14,1.52666624710249e-13,-2.58545204409957e-82,-19.7565593941203
44.6,7.63333123551244e-14,-2.54444374517081e-14,1.52666624710249e-13,-3.53705994866714e-83,-19.8202448724363
44.62,7.63333123551244e-14,-2.54444374517081e-14,1.52666624710249e-13,-4.85539888066658e-84,-19.8742314687299
44.64,7.63333123551244e-14,-5.8072764483462e-14,1.01777749806833e-13,-6.60452295752042e-85,-19.918493859044
44.66,9.22083053245575e-14,-5.71944233905743e-14,1.20916638771383e-13,-9.03017298198546e-86,-19.9529564623039
44.68,7.63333123551244e-14,-4.27203462416987e-14,1.01777749806833e-13,-1.23527898647902e-86,-19.9775948425798
44.7,7.63333123551244e-14,-2.54444374517081e-14,1.01777749806833e-13,-1.68905954431061e-87,-19.9923874155195
44.72,6.94811803541566e-14,-7.63333123551244e-14,1.15482013808768e-13,-2.31455258444394e-88,-19.9982429835385
44.74,6.23690059350881e-14,-3.692456848338e-14,1.41186493678577e-13,-3.16235327060293e-89,-19.9996640396416
44.76,6.97616946186714e-14,-6.31900768822184e-14,1.52666624710249e-13,-4.30524858554304e-90,-19.9999414084085
44.78,7.48810247353375e-14,-2.83490126912819e-14,1.04682325046406e-13,-5.8805298973776e-91,-19.9999902806587
44.8,5.090695011408e-14,-2.545347505704e-14,1.52666624710249e-13,-8.03106125473466e-92,-19.9999984423536
44.82,7.91688840130033e-14,-4.80533032455373e-14,1.01777749806833e-13,-1.09797163246315e-92,-19.9981509875987
44.84,7.63333123551244e-14,-6.21580233067143e-14,1.52666624710249e-13,-1.50737623544232e-93,-19.9854258331439
44.86,7.63333123551244e-14,-7.63333123551244e-14,1.04350086198382e-13,-2.04932974187033e-94,-19.9553021504626
44.88,7.63333123551244e-14,-7.63333123551244e-14,1.12328659374332e-13,-2.79691797156417e-95,-19.9059232075452
44.9,7.63333123551244e-14,-4.10644389967639e-14,1.52666624710249e-13,-3.82358157328458e-96,-19.836975221244
44.92,7.63333123551244e-14,-2.54444374517081e-14,1.36894847258114e-13,-5.2212046202697e-97,-19.748468432785
44.94,5.37747125854934e-14,-5.37747125854934e-14,1.46894949346095e-13,-7.13352396914015e-98,-19.6404691330659
44.96,7.02242701142141e-14,-6.66656147497255e-14,1.52666624710249e-13,-9.77304972183562e-99,-19.513075941339
44.98,6.7839816786825e-14,-5.93463212185256e-14,1.18764740943431e-13,-1.32756186836451e-99,-19.3664634612219
45,7.63333123551244e-14,-2.54444374517081e-14,1.01777749806833e-13,-1.81223383338817e-100,-19.2007171128177
45.02,7.63333123551244e-14,-6.17750819075914e-14,1.16335980254365e-13,-2.47533245402437e-101,-19.0160182716864
45.04,9.20490148371607e-14,-4.49019073910517e-14,1.01777749806833e-13,-3.3799709812601e-102,-18.8125545564094
45.06,9.44554511746527e-14,-6.16887150907648e-14,1.16422347071192e-13,-4.62630940873865e-103,-18.5905138105959
45.08,7.63333123551244e-14,-7.63333123551244e-14,1.52666624710249e-13,-6.30928080852434e-104,-18.3501451794145
45.1,7.63333123551244e-14,-6.58345921065313e-14,1.01777749806833e-13,-8.57925642911474e-105,-18.0916767202201
45.12,7.39274213952481e-14,-3.02562193714608e-14,1.52666624710249e-13,-1.17064356662312e-105,-17.8153371614142
45.14,5.08888749034163e-14,-2.54444374517081e-14,1.52666624710249e-13,-1.5967229673085e-106,-17.5214179198973
45.16,7.43613368347259e-14,-2.93883884925052e-14,1.48722673669452e-13,-2.17914814281344e-107,-17.2102059703441
45.18,9.00252491647726e-14,-4.89494387358279e-14,1.25282751090952e-13,-2.98877900047693e-108,-16.8819891011456
45.2,5.1710714770585e-14,-7.4689632620787e-14,1.01777749806833e-13,-4.05631977568065e-109,-16.5371534989244
45.22,7.63333123551244e-14,-3.85049149043375e-14,1.52666624710249e-13,-5.53216737900653e-110,-16.1759776293452
45.24,8.70241278594382e-14,-7.63333123551244e-14,1.31284993701621e-13,-7.55349727896626e-111,-15.7988354213077
45.26,5.95857907763856e-14,-5.08888749034163e-14,1.19171581552771e-13,-1.03027829821553e-111,-15.4061045055009
45.28,7.96373485679554e-14,-2.87484736645391e-14,1.08385822232494e-13,-1.4062787548584e-112,-14.9981647294153
45.3,9.24820110010107e-14,-4.40359150633517e-14,1.52666624710249e-13,-1.92373182609953e-113,-14.5754175202983
45.32,6.68686693749197e-14,-5.74040263947151e-14,1.01777749806833e-13,-2.61054502601378e-114,-14.1383124271562
45.34,7.63333123551244e-14,-6.16268313100426e-14,1.52666624710249e-13,-3.55937454090397e-115,-13.6872390715013
45.36,7.63333123551244e-14,-3.20634200532023e-14,1.3942865950726e-13,-4.85632291340865e-116,-13.2226553323682
45.38,5.08888749034163e-14,-3.45149718122343e-14,1.52666624710249e-13,-6.62424409931561e-117,-12.7450236238889
45.4,8.4068611790847e-14,-6.08627134836792e-14,1.52666624710249e-13,-9.05932744092571e-118,-12.2548060815099
45.42,7.63333123551244e-14,-7.63333123551244e-14,1.4303276910145e-13,-1.23370620934289e-118,-11.7525086055733
45.44,7.22591484205744e-14,-2.54444374517081e-14,1.44518296841149e-13,-1.67610534403514e-119,-11.238616916099
45.46,5.74206770891083e-14,-7.30674112622784e-14,1.46134822524557e-13,-2.28539538851944e-120,-10.7136233755947
45.48,1.00038375469042e-13,-2.54444374517081e-14,1.52666624710249e-13,-3.1142856594335e-121,-10.1780586129705
45.5,1.00655820646825e-13,-5.20108040634239e-14,1.52666624710249e-13,-4.24415628686216e-122,-9.63244956482406
45.52,6.31297538938784e-14,-6.40924333646622e-14,1.28184866729324e-13,-5.81709092535278e-123,-9.07732197453885
45.54,7.63333123551244e-14,-2.54444374517081e-14,1.52666624710249e-13,-7.88321139386046e-124,-8.51326014704121
45.56,7.63333123551244e-14,-2.54444374517081e-14,1.01777749806833e-13,-1.07474783762682e-124,-7.94078395764779
45.58,9.01228459618538e-14,-3.70993412966869e-14,1.2508755749679e-13,-1.46603007325846e-125,-7.36047083188323
45.6,7.63333123551244e-14,-2.54444374517081e-14,1.21018331804985e-13,-1.99791613234168e-126,-6.77289497373
45.62,9.79225643134315e-14,-2.92996229451092e-14,1.52666624710249e-13,-2.72539066654059e-127,-6.17863301013895
45.64,1.01777749806833e-13,-7.63333123551244e-14,1.19185918705736e-13,-3.72306237770348e-128,-5.57827265774997
45.66,8.73898324725713e-14,-2.54444374517081e-14,1.30553584475355e-13,-5.04885011808876e-129,-4.97241604185654
45.68,7.63333123551244e-14,-2.54444374517081e-14,1.13223526372054e-13,-6.877008238472e-130,-4.36164661883963
45.7,8.18053319767497e-14,-4.5416855281791e-14,1.41722585466998e-13,-9.37440518903209e-131,-3.74657186758857
45.72,8.4346783909138e-14,-7.63333123551244e-14,1.36639681602222e-13,-1.27772917382261e-131,-3.12780011251979
45.74,8.46538748503169e-14,-2.54444374517081e-14,1.18418874797218e-13,-1.74655470881449e-132,-2.50593981637387
45.76,7.20938573797541e-14,-4.6649419928046e-14,1.52666624710249e-13,-2.37519293844179e-133,-1.88160998962434
45.78,5.34387295484461e-14,-2.54444374517081e-14,1.47566915420189e-13,-3.22500085223733e-134,-1.25542297282295
45.8,5.51681410045343e-14,-7.63333123551244e-14,1.44108092508013e-13,-4.39540379460174e-135,-0.627995505363888
45.82,7.63333123551244e-14,-7.10098982688745e-14,1.47343210623999e-13,-5.98515943479402e-136,5.14778703978393e-05
45.84,1.01574382873034e-13,-5.10922418372152e-14,1.01777749806833e-13,-8.14623485009174e-137,0.628098535967104
45.86,6.354713198661e-14,-7.63333123551244e-14,1.27350110543861e-13,-1.11603705360375e-137,1.25552407448619
45.88,1.01777749806833e-13,-7.63333123551244e-14,1.02906796775154e-13,-1.51088294644675e-138,1.88171390345911
45.9,6.01030082744203e-14,-5.79050456131164e-14,1.34238357968241e-13,-2.05897129713291e-139,2.50604463908622
45.92,7.63333123551244e-14,-5.12193028994603e-14,1.01777749806833e-13,-2.80642310840279e-140,3.12790197302898
45.94,5.08888749034163e-14,-7.63333123551244e-14,1.52666624710249e-13,-3.82204256117862e-141,3.74667268602162
45.96,5.52187399603515e-14,-6.7673582241254e-14,1.52666624710249e-13,-5.21127715187342e-142,4.36174429413196
45.98,8.45786722260291e-14,-7.63333123551244e-14,1.01777749806833e-13,-7.11094131910893e-143,4.97251077296007
46,7.63333123551244e-14,-5.00030971789114e-14,1.01777749806833e-13,-9.63792610822067e-144,5.57837748880133
46.02,9.73253967572922e-14,-6.74286062560437e-14,1.01777749806833e-13,-1.31172854380552e-144,6.17873451287648
46.04,8.08865718778989e-14,-3.45509564972571e-14,1.01777749806833e-13,-1.78679912043819e-145,6.77299233891281
46.06,5.08888749034163e-14,-7.63333123551244e-14,1.01777749806833e-13,-2.43389594290207e-146,7.36056633783264
46.08,6.85566602875985e-14,-4.31122228358904e-14,1.01777749806833e-13,-3.3256997552638e-147,7.94086987183221
46.1,5.46292432949033e-14,-2.54444374517081e-14,1.45185887927275e-13,-4.51754421498324e-148,8.51334820035387
46.12,7.63333123551244e-14,-7.38355257137306e-14,1.52666624710249e-13,-6.1310090893512e-149,9.07742620825038
46.14,7.63333123551244e-14,-6.58784164665128e-14,1.42211728821637e-13,-8.35339266176157e-150,9.63253812676958
46.16,7.27709078234699e-14,-4.73264703717618e-14,1.08902558870142e-13,-1.13681220506673e-150,10.1781464578549
46.18,7.63333123551244e-14,-7.63333123551244e-14,1.51888974624219e-13,-1.54643570006495e-151,10.7137110766753
46.2,7.7458436393782e-14,-7.63333123551244e-14,1.01777749806833e-13,-2.11677540002131e-152,11.2386865923757
46.22,7.63333123551244e-14,-2.54444374517081e-14,1.52666624710249e-13,-2.86437951646133e-153,11.7526004339519
46.24,8.68194999680272e-14,-5.53609371293188e-14,1.31694249484443e-13,-3.90069231890088e-154,12.2548997346067
46.26,7.78240611848485e-14,-4.93981260736921e-14,1.52666624710249e-13,-5.31339219177034e-155,12.7451038319986
46.28,9.04539315702326e-14,-4.80920739249079e-14,1.52666624710249e-13,-7.2323881473602e-156,13.222731297027
46.3,9.20958466180225e-14,-8.72548950236175e-14,1.52666624710249e-13,-9.85812134492564e-157,13.6873045124634
46.32,7.63333123551244e-14,-2.54444374517081e-14,1.01777749806833e-13,-1.34376564801734e-157,14.13837162025
46.34,7.43878303914112e-14,-4.89433929397031e-14,1.29167669222254e-13,-1.8205887371352e-158,14.575504208467
46.36,7.63333123551244e-14,-2.54444374517081e-14,1.07891621522204e-13,-2.47613442429321e-159,14.9982400730103
46.38,9.46437978086961e-14,-5.44558509024845e-14,1.45532672712112e-13,-3.37090188361738e-160,15.4061707429207
46.4,1.01777749806833e-13,-7.63333123551244e-14,1.01777749806833e-13,-4.5894639682401e-161,15.7988979778773
46.42,7.63333123551244e-14,-6.70102110548866e-14,1.01777749806833e-13,-6.26946614151066e-162,16.1760200431848
46.44,5.08888749034163e-14,-6.98295289611843e-14,1.46162841316309e-13,-8.5075895380388e-163,16.5372043218434
46.46,5.09809602684478e-14,-2.56286081817711e-14,1.01777749806833e-13,-1.15422829549858e-163,16.8820675391401
46.48,7.63333123551244e-14,-4.47232984656691e-14,1.01777749806833e-13,-1.57226440690608e-164,17.2102557593425
46.5,7.63333123551244e-14,-2.99026525000819e-14,1.52666624710249e-13,-2.13869280401605e-165,17.5214649459473
46.52,7.54206435458777e-14,-2.72697750702015e-14,1.52666624710249e-13,-2.90858721868179e-166,17.8153824686759
46.54,9.01137260410254e-14,-6.25528986692235e-14,1.52666624710249e-13,-3.97751750103619e-167,18.0916956598209
46.56,7.63333123551244e-14,-7.31505645454741e-14,1.01777749806833e-13,-5.38042363996067e-168,18.350199512159
46.58,7.63333123551244e-14,-5.26712933402465e-14,1.2543976882171e-13,-7.32260325932985e-169,18.5905698276754
46.6,7.63333123551244e-14,-3.64685844025024e-14,1.01777749806833e-13,-9.96933714152371e-170,18.8125909122217
46.62,7.63333123551244e-14,-4.97830293846652e-14,1.01777749806833e-13,-1.35639802583162e-170,19.0160478396145
46.64,7.10434524750811e-14,-6.57535925950379e-14,1.52666624710249e-13,-1.8483888146603e-171,19.2007311265152
46.66,7.63333123551244e-14,-3.99997364236272e-14,1.3811132573833e-13,-2.51732768693983e-172,19.3664712006331
46.68,6.15052785163209e-14,-4.66772446775173e-14,1.3143381748444e-13,-3.40947052257162e-173,19.5131208858367
46.7,7.43910484320555e-14,-5.28311388264851e-14,1.0566227765297e-13,-4.63450400610772e-174,19.640497011263
46.72,7.63333123551244e-14,-3.1030516012917e-14,1.01777749806833e-13,-6.30610158427508e-175,19.7484854184923
46.74,5.63781493818809e-14,-6.53547633981953e-14,1.4168807575332e-13,-8.58219318406378e-176,19.8369849130081
46.76,5.08888749034163e-14,-2.54444374517081e-14,1.21275073237593e-13,-1.17212532430808e-176,19.9058905424568
46.78,7.35309771460745e-14,-3.10491078698079e-14,1.52666624710249e-13,-1.58914931813352e-177,19.9551861260871
46.8,7.75568144475925e-14,-2.78914416366442e-14,1.50219620525313e-13,-2.15608915242937e-178,19.9847827236248
46.82,9.47905244751759e-14,-6.23588616918112e-14,1.38692174046936e-13,-2.93561482977414e-179,19.9964928148063
46.84,7.63333123551244e-14,-2.54444374517081e-14,1.01777749806833e-13,-3.99162796130124e-180,19.9993295777801
46.86,1.00441801286811e-13,-7.36614153150817e-14,1.01777749806833e-13,-5.42734172414028e-181,19.9998827791201
46.88,7.33227589768774e-14,-4.78783215251693e-14,1.52666624710249e-13,-7.41607643087617e-182,19.9999804726748
46.9,1.01777749806833e-13,-7.19556943787399e-14,1.10532985759602e-13,-1.00290121097319e-182,19.999996872845
46.92,7.63333123551244e-14,-7.63333123551244e-14,1.26497785086985e-13,-1.36421390829589e-183,19.999075214107
46.94,6.62166162740388e-14,-5.60999201929532e-14,1.01777749806833e-13,-1.85646791108893e-184,19.9927219907594
46.96,7.63333123551244e-14,-5.02403517689035e-14,1.27870710393053e-13,-2.5249510924581e-185,19.9776490725489
46.98,7.05372668741163e-14,-2.54444374517081e-14,7.40730568274487e-14,-3.44032902719853e-186,19.9529531060253
47,8.31105871255705e-14,-2.54444374517081e-14,1.15332299347725e-13,-4.68131706436365e-187,19.9184803537659
47.02,6.01134678184391e-14,-4.38936232817538e-14,1.34217438880203e-13,-6.33893581256288e-188,19.8742356308382
47.04,7.63333123551244e-14,-2.54444374517081e-14,1.5161481219969e-13,-8.6120076088904e-189,19.8202393345492
47.06,7.63333123551244e-14,-2.54444374517081e-14,1.05333354281329e-13,-1.17130702502653e-189,19.756549360758
47.08,9.26968323235576e-14,-9.72372910651951e-14,1.10858667290107e-13,-1.59355366008406e-190,19.6832309144614
47.1,5.08888749034163e-14,-5.57764849543426e-14,1.22334577207614e-13,-2.17625727056389e-191,19.600347411285
47.12,7.63333123551244e-14,-7.1715598327942e-14,1.48048910683066e-13,-2.94791906826514e-192,19.5080080429248
47.14,7.37654116561052e-14,-3.05802388497466e-14,1.01777749806833e-13,-4.00028222713959e-193,19.4062804740734
47.16,7.63333123551244e-14,-4.30018771106735e-14,1.01777749806833e-13,-5.44431759150491e-194,19.2952646507197
47.18,8.23682709314572e-14,-5.69238334797491e-14,1.01777749806833e-13,-7.40037025279976e-195,19.1750780995915
47.2,7.45368056188551e-14,-7.27402988825859e-14,1.52666624710249e-13,-1.00607243775874e-195,19.0458355127455
47.22,7.63333123551244e-14,-5.47854092810801e-14,1.52666624710249e-13,-1.37368062596338e-196,18.9076573334553
47.24,8.19774358342838e-14,-7.06891888759651e-14,1.4137837775193e-13,-1.85728707820858e-197,18.7607082203573
47.26,7.63333123551244e-14,-5.4072819366749e-14,1.24038242795208e-13,-2.52523538921491e-198,18.6051025572449
47.28,9.25111043807782e-14,-2.54444374517081e-14,1.20311040658941e-13,-3.43509178699e-199,18.4410031647255
47.3,8.79550370063631e-14,-3.70661621029468e-14,1.2502119910931e-13,-4.67060553160604e-200,18.2685742873272
47.32,7.00934655389544e-14,-4.46490280872463e-14,1.52666624710249e-13,-6.3631606541272e-201,18.0879815638419
47.34,5.08888749034163e-14,-2.54444374517081e-14,1.52666624710249e-13,-8.65186749521832e-202,17.8994122523019
47.36,7.63333123551244e-14,-5.9011087545251e-14,1.36422199426579e-13,-1.17133134847436e-202,17.7030536148781
47.38,1.0141507359098e-13,-7.56079599234196e-14,1.52666624710249e-13,-1.59093750663318e-203,17.4990865427868
47.4,7.63333123551244e-14,-2.54444374517081e-14,1.50540919442976e-13,-2.16266530036927e-204,17.2877174374836
47.42,5.08888749034163e-14,-6.85809692312397e-14,1.44914281586364e-13,-2.94144776159699e-205,17.0691559249529
47.44,6.56559079975516e-14,-5.49785036399788e-14,1.23132558521978e-13,-4.01659721863631e-206,16.843611355512
47.46,7.63333123551244e-14,-4.89975069261936e-14,1.48883888755803e-13,-5.43675994721702e-207,16.6113272656497
47.48,7.99816569594254e-14,-2.54444374517081e-14,1.45369935501647e-13,-7.37860815908982e-208,16.3725136948968
47.5,7.63333123551244e-14,-4.28081265834544e-14,1.19141438938579e-13,-1.00386941835241e-208,16.127408270471
47.52,6.95269177335534e-14,-7.63333123551244e-14,1.15390539049975e-13,-1.36417201303947e-209,15.8762574085671
47.54,7.85616400287169e-14,-5.31172025770088e-14,1.52666624710249e-13,-1.85439102297489e-210,15.6193062842254
47.56,7.63333123551244e-14,-7.63333123551244e-14,1.22458068744752e-13,-2.53022852032897e-211,15.3568052708073
47.58,6.96442091896339e-14,-6.96442091896339e-14,1.52666624710249e-13,-3.42038208847205e-212,15.0890290631353
47.6,6.63348349953758e-14,-5.63363576356273e-14,1.2177470452633e-13,-4.648622024755e-213,14.8162242868854
47.62,7.63333123551244e-14,-7.63333123551244e-14,1.01777749806833e-13,-6.32141374758852e-214,14.5386656472782
47.64,6.54787226065397e-14,-4.00342851548315e-14,1.23486929304002e-13,-8.59284998075418e-215,14.2566283606939
47.66,6.42367982632735e-14,-6.29853889952672e-14,1.39318701350392e-13,-1.17060074906275e-215,13.970388256119
47.68,7.63333123551244e-14,-7.63333123551244e-14,1.40848479044517e-13,-1.59053323575438e-216,13.6802331026551
47.7,5.7903225977117e-14,-6.93189612814236e-14,1.52666624710249e-13,-2.15301606341021e-217,13.38644840219
47.72,5.20625470426721e-14,-5.08888749034163e-14,1.52666624710249e-13,-2.92421179108284e-218,13.0893184858279
47.74,7.6063515176976e-14,-2.59840318080048e-14,1.02317344163129e-13,-3.97229876825993e-219,12.7891397222021
47.76,7.63333123551244e-14,-7.32365211378741e-14,1.46473042275748e-13,-5.40139952525658e-220,12.4862080457336
47.78,7.95663932148649e-14,-3.6550115747692e-14,1.52666624710249e-13,-7.375479291576e-221,12.1808205848281
47.8,7.63333123551244e-14,-7.48892489360027e-14,1.04665876645076e-13,-9.97587968258298e-222,11.873285895854
47.82,5.08888749034163e-14,-6.66055692622658e-14,1.11505492899691e-13,-1.35419544273e-222,11.5639004235901
47.84,6.67999278963166e-14,-2.54444374517081e-14,1.20844518724448e-13,-1.84182540509148e-223,11.2529710271833
47.86,7.63333123551244e-14,-7.63333123551244e-14,1.01777749806833e-13,-2.50230658677878e-224,10.9408054334268
47.88,7.63333123551244e-14,-3.08394095904034e-14,1.52666624710249e-13,-3.40139065638292e-225,10.6277112105763
47.9,7.63333123551244e-14,-3.53120287192993e-14,1.01777749806833e-13,-4.63784399488938e-226,10.313997382013
47.92,6.83380161785789e-14,-6.03427200020335e-14,1.52666624710249e-13,-6.26877522265442e-227,9.99997425775681
47.94,7.63333123551244e-14,-5.08888749034163e-14,1.01777749806833e-13,-8.51663175790103e-228,9.68595077874736
47.96,7.63333123551244e-14,-4.08145141483464e-14,1.37296548013611e-13,-1.1577887556074e-228,9.37223734473401
47.98,5.08888749034163e-14,-3.55287416451839e-14,1.52666624710249e-13,-1.57346225590355e-229,9.05914346524332
48,5.80055216024472e-14,-7.63333123551244e-14,1.52666624710249e-13,-2.14347391848288e-230,8.74697888497231
48.02,5.63491795498781e-14,-5.08888749034163e-14,1.52666624710249e-13,-2.91041211873908e-231,8.43604984671373
48.04,9.01619533253173e-14,-7.05254141143668e-14,1.13393546288348e-13,-3.93926952137419e-232,8.12666299907912
48.06,7.63333123551244e-14,-2.75097278534674e-14,1.52666624710249e-13,-5.35047834135924e-233,7.8191263532022
48.08,5.08888749034163e-14,-7.63333123551244e-14,1.52666624710249e-13,-7.26562684188865e-234,7.51374178999312
48.1,9.95206293289174e-14,-2.54444374517081e-14,1.48152383754418e-13,-9.87402681895225e-235,7.21081110836175
48.12,8.794584241809e-14,-5.31082522291932e-14,1.29441564584318e-13,-1.34831673041666e-235,6.91063667666352
48.14,5.1812409060634e-14,-2.72915057661436e-14,1.52666624710249e-13,-1.82226670061966e-236,6.61350362299138
48.16,7.63333123551244e-14,-7.63333123551244e-14,1.1421238039398e-13,-2.47450249189859e-237,6.31971611787267
48.18,7.63333123551244e-14,-4.64262887999927e-14,1.31684773361964e-13,-3.36458970643308e-238,6.02956132214144
48.2,6.78126908056497e-14,-3.39650590011828e-14,1.18818992905782e-13,-4.57025592269525e-239,5.74332416704192
48.22,5.41125593591408e-14,-2.54444374517081e-14,1.08225118718282e-13,-6.21252098189732e-240,5.46128929829954
48.24,6.02090866328467e-14,-2.54444374517081e-14,1.20418173265693e-13,-8.46482947167762e-241,5.18373591115906
48.26,6.96787168673426e-14,-4.42342794156345e-14,1.33876782746322e-13,-1.14408527641358e-241,4.91092672592069
48.28,7.63333123551244e-14,-4.34411541773488e-14,1.01777749806833e-13,-1.55377597164707e-242,4.64314490407782
48.3,6.96588198238829e-14,-2.54444374517081e-14,1.39317639647766e-13,-2.11167534043518e-243,4.38065077830446
48.32,5.08888749034163e-14,-4.37756444257433e-14,1.52666624710249e-13,-2.86931859643185e-244,4.12370187903174
48.34,7.63333123551244e-14,-2.54444374517081e-14,1.37359917300531e-13,-3.90900263383571e-245,3.87255621523971
48.36,7.63333123551244e-14,-3.52561832640724e-14,1.52666624710249e-13,-5.30364070536774e-246,3.6274508889244
48.38,7.20052093207953e-14,-4.65607718690871e-14,1.52666624710249e-13,-7.1782941735658e-247,3.38863157696828
48.4,7.32452251599071e-14,-2.54444374517081e-14,1.07953924197267e-13,-9.7509936793697e-248,3.15634279978117
48.42,7.63333123551244e-14,-2.70036365421534e-14,1.01777749806833e-13,-1.32388603494558e-248,2.93080684067307
48.44,7.63333123551244e-14,-7.3641699346134e-14,1.04469362815823e-13,-1.79787001454725e-249,2.71224726664865
48.46,8.96688263272713e-14,-5.21154653960019e-14,1.28448777751126e-13,-2.45523246985013e-250,2.50088976687637
48.48,5.1357814240143e-14,-2.54444374517081e-14,1.51728746036795e-13,-3.31594876599439e-251,2.29691361244965
48.5,9.43629491101394e-14,-7.63333123551244e-14,1.01777749806833e-13,-4.50414869002563e-252,2.10054960866525
48.52,7.63333123551244e-14,-7.63333123551244e-14,1.24406334888593e-13,-6.12277001238992e-253,1.91198210880452
48.54,7.63333123551244e-14,-6.70185999942256e-14,1.01777749806833e-13,-8.31538591788325e-254,1.73139537168927
48.56,7.26666539160913e-14,-2.54444374517081e-14,1.09111066684899e-13,-1.13035527000211e-254,1.55897158169788
48.58,6.74299561719635e-14,-5.97922310865772e-14,1.19584462173154e-13,-1.53923109818185e-255,1.3948805931196
48.6,8.68471053162988e-14,-5.53057264327756e-14,1.22805335729181e-13,-2.08023186157447e-256,1.2392672855577
48.62,9.54870312406612e-14,-5.08888749034163e-14,1.40085187577906e-13,-2.82427563440465e-257,1.09230843851188
48.64,7.63333123551244e-14,-3.71872080061485e-14,1.52666624710249e-13,-3.83743299322575e-258,0.9541423567628
48.66,7.63333123551244e-14,-4.22840791793037e-14,1.01777749806833e-13,-5.21342763739738e-259,0.824902771812859
48.68,5.89376750413423e-14,-7.63333123551244e-14,1.01777749806833e-13,-7.10261675587804e-260,0.704724524656785
48.7,8.08503794067434e-14,-7.63333123551244e-14,1.43632490607011e-13,-9.63104695978204e-261,0.593708231567279
48.72,7.30679609615442e-14,-7.30679609615442e-14,1.52666624710249e-13,-1.30344156739802e-261,0.491971783845829
48.74,7.25146853390427e-14,-2.54444374517081e-14,1.09415003838996e-13,-1.7706802319742e-262,0.399627222155458
48.76,7.63333123551244e-14,-2.77189596604226e-14,1.01777749806833e-13,-2.40366619514914e-263,0.316755139728387
48.78,7.63333123551244e-14,-2.54444374517081e-14,1.51451362204801e-13,-3.26230172998262e-264,0.24343844717289
48.8,6.3407977422586e-14,-2.54444374517081e-14,1.52666624710249e-13,-4.455345646758e-265,0.179764583960018
48.82,1.01731983568452e-13,-7.62417798783628e-14,1.52575092233487e-13,-6.01337757920118e-266,0.125755339709888
48.84,7.63333123551244e-14,-2.54444374517081e-14,1.01777749806833e-13,-8.17050345844845e-267,0.0815059597171134
48.86,7.63333123551244e-14,-3.75742231140432e-14,1.01777749806833e-13,-1.11041932537996e-267,0.0470450246578538
48.88,7.63333123551244e-14,-2.54444374517081e-14,1.01777749806833e-13,-1.50784453990491e-268,0.0224051117791352
48.9,-9.72740921914576e-08,4.86370484803331e-08,4.86372224563495e-08,-4.37733739444507e-07,0.00761500308874158
48.92,-0.000465249466321365,0.00023262556962149,0.00023262389681029,-0.00209362259877853,0.00082722911991519
48.94,-0.00363819130407051,0.00181914570693029,0.00181904558988878,-0.0163718608356617,-0.00694131047339046
48.96,-0.0111746985406481,0.00558782131120693,0.00558687701666863,-0.0502861424752328,-0.0222907730605376
48.98,-0.0235239288066226,0.0117640564496694,0.0117598703687036,-0.10585767068246,-0.0470381018516181
49,-0.0407600796441237,0.0203863161841452,0.0203737531286117,-0.183420311906975,-0.0815185747765158
49.02,-0.0628824115677904,0.0314561297375557,0.0314262439513687,-0.282970681599997,-0.125764503658096
49.04,-0.0898818372442779,0.0449713928523544,0.0449103337735718,-0.404467769816415,-0.179763415811165
49.06,-0.121730587953053,0.0609211623165629,0.0608091507298877,-0.547786408709197,-0.24346062040578
49.08,-0.158388535062725,0.0792887739260107,0.0790991557038426,-0.712745683335181,-0.316775858408992
49.1,-0.199821639009448,0.100061093580376,0.099759330154314,-0.899191906810185,-0.399640847345377
49.12,-0.245997024983227,0.123226047876048,0.122768709692362,-1.10697640906939,-0.491989515123416
49.14,-0.296865060237169,0.148763554859042,0.148097520371377,-1.33587483856666,-0.593722150471369
49.16,-0.352378161240053,0.176654971248345,0.175716524552744,-1.58567173117555,-0.704742991633188
49.18,-0.412474993166448,0.206875052958895,0.205589250403154,-1.85608936528475,-0.824928606793166
49.2,-0.477097836694134,0.239400725999788,0.237680570626725,-2.14686583514145,-0.954162593396198
49.22,-0.546190554675258,0.274210068316705,0.271955670094902,-2.45774582348628,-1.09233147710502
49.24,-0.619682901530401,0.311274247920548,0.308372411620545,-2.78840996912676,-1.23929331961192
49.26,-0.697501671909121,0.350563151595539,0.346886839061216,-3.13852496010903,-1.39489998227069
49.28,-0.779573088481519,0.3920465885822,0.387454344113734,-3.50775420088785,-1.55900186706126
49.3,-0.865814715530102,0.435690074795397,0.430025792864441,-3.8957214108161,-1.73143173814049
49.32,-0.956138773072335,0.481456460488733,0.47454920297193,-4.30202549599383,-1.91201133155279
49.34,-1.05046717198392,0.529313779365535,0.520976879788724,-4.72630798287256,-2.10058132572113
49.36,-1.14870513096839,0.579221423772234,0.569252905686326,-5.16813450863898,-2.29694867050621
49.38,-1.25075646756735,0.631138055273475,0.619320485457459,-5.62706347318991,-2.50091709919553
49.4,-1.35652390395777,0.685021752537575,0.671122090191628,-6.10264735214834,-2.71228771206592
49.42,-1.4659054046135,0.740828020954815,0.724597795735193,-6.59441626331299,-2.93085167258355
49.44,-1.57878931872283,0.798507113781361,0.779683141066988,-7.1018562745881,-3.15638056648361
49.46,-1.69507698300696,0.858016155385703,0.83631945850167,-7.62451044473189,-3.38867130876975
49.48,-1.81465343541942,0.919303350403979,0.894440566739371,-8.16184788332235,-3.62748794814329
49.5,-1.93740295237662,0.982316281085646,0.953979923624066,-8.71333327644093,-3.87259256730708
49.52,-2.06320917771022,1.04700196100143,1.01487069624675,-9.27842744402585,-4.12374553067816
49.54,-2.19195175688278,1.11330495867026,1.07704431356404,-9.85657238314739,-4.3806988369544
49.56,-2.32350242803482,1.18116513969957,1.1404289073963,-10.4471740922251,-4.64318848543337
49.58,-2.45774356045227,1.25052800811589,1.20495722368133,-11.0496847082786,-4.91097098145718
49.6,-2.59454445006545,1.32133142836103,1.27055658530467,-11.6634975883989,-5.18377670595506
49.62,-2.73377398503858,1.39351265389547,1.33715436222691,-12.2880035544958,-5.46133491310924
49.64,-2.87530056078619,1.46700828605708,1.4046779297473,-12.9225905206476,-5.74337356473227
49.66,-3.01898834325244,1.54175208522029,1.47305324831648,-13.5666272524994,-6.02961211222197
49.68,-3.1646985329176,1.61767562890743,1.54220549729364,-14.2194691808256,-6.31976408036693
49.7,-3.31229702592578,1.69471286955494,1.61206189460824,-14.8804916009884,-6.6135518226615
49.72,-3.46164183434545,1.77279267837039,1.68254706597817,-15.5490352808113,-6.91068234702722
49.74,-3.61259029807777,1.85184306265915,1.75358583322289,-16.2244379866675,-7.21086132740776
49.76,-3.76499973017955,1.93179156301766,1.82510344380473,-16.9060373041397,-7.51379435739542
49.78,-3.91872275554124,2.01256235421221,1.89702413786559,-17.5931511426256,-7.81917828561136
49.8,-4.07361384327385,2.09408027933553,1.96927328839201,-18.2851055212373,-8.12671356499438
49.82,-4.22952678760916,2.17626937413785,2.04177647396761,-18.981223755559,-8.43609944691509
49.84,-4.38631165628734,2.25905082815071,2.1144588243109,-19.6808143360714,-8.74702859380952
49.86,-4.54381877749332,2.34234555346267,2.1872461427874,-20.3831875402569,-9.0591944623364
49.88,-4.70189769172048,2.42607354778792,2.2600645889195,-21.0876511373723,-9.37228939438772
49.9,-4.86039538074963,2.51015232084364,2.3328410814166,-21.7935051169463,-9.68600227419834
49.92,-5.01916113586542,2.59450100727653,2.40550279059444,-22.5000579204112,-10.000025742405
49.94,-5.17804175137902,2.6790363379668,2.47797766808121,-23.2066106875243,-10.3140491944553
49.96,-5.33688393033193,2.76367450323225,2.55019455537276,-23.9124661313808,-10.6277627250581
49.98,-5.49553401311783,2.84833116025494,2.62208280532165,-24.6169268690287,-10.940856386235
50,-5.65383816121585,2.93292136146966,2.69357274507197,-25.3192971804531,-11.2530209690903
50.02,-5.81164368580792,3.01736007804324,2.76459674536983,-26.0188901729756,-11.5639511879891
50.04,-5.96879548581637,3.10156116067644,2.83508584196651,-26.7150079085911,-11.8733368482627
50.06,-6.12514020569461,3.18543857383633,2.9049737427667,-27.406964979529,-12.1808733242351
50.08,-6.28052476877649,3.26890615926725,2.97419507907959,-28.0940795785535,-12.4862575904682
50.1,-6.43479511180627,3.35187701003145,3.0426847507015,-28.7756677347646,-12.7891856598954
50.12,-6.58780243232387,3.43426636474493,3.11038185818015,-29.4510740247192,-13.0893662332086
50.14,-6.73939220114234,3.51598666235272,3.17722259492378,-30.1196173458191,-13.3864965981419
50.16,-6.88941355770023,3.59695181307857,3.24314630504829,-30.7806373834828,-13.6802832815479
50.18,-7.037717850089,3.67707662157976,3.30809442393924,-31.4334872485717,-13.970438777143
50.2,-7.18415512434112,3.75627513961938,3.37200835049079,-32.0775164923913,-14.2566739966183
50.22,-7.3285787232012,3.83446297700394,3.43483194591479,-32.712092746155,-14.53870788718
50.24,-7.47084623342205,3.91155781458421,3.49651201569799,-33.3366061960488,-14.8162694204661
50.26,-7.61080826301585,3.98747375612905,3.5569922629204,-33.9504169647193,-15.0890742065419
50.28,-7.74832343648015,4.06212893995704,3.61622125275102,-34.5529251915945,-15.3568556407087
50.3,-7.88325147264402,4.13544209517466,3.67414859286568,-35.1435383530216,-15.6193503791207
50.32,-8.01545027883923,4.20733101299428,3.73072354110591,-35.7216581178777,-15.8762924968345
50.34,-8.14479433468572,4.27772221473797,3.78590393776195,-36.2867640396068,-16.1274506842697
50.36,-8.2711377341452,4.34653161994739,3.83963797927703,-36.8382445632678,-16.3725531392301
50.38,-8.3943528999024,4.41368483122174,3.89188323007592,-37.3755738399633,-16.6113661510948
50.4,-8.51431145737065,4.47910716462204,3.94259707853761,-37.8982239263887,-16.843655078395
50.42,-8.63088484439575,4.54272395163217,3.99173707192564,-38.4056676499441,-17.0691856221974
50.44,-8.74395672920273,4.6044671825643,4.03926662564036,-38.8974341924465,-17.2877485299762
50.46,-8.85340360335052,4.66426516473127,4.08514594237796,-39.3730216943114,-17.4991207530273
50.48,-8.95910451482729,4.72204771691118,4.12933650060544,-39.8319408256057,-17.7030848113803
50.5,-9.06095157140882,4.77775184008701,4.17180571239534,-40.2737612640757,-17.8994494507003
50.52,-9.15883268254588,4.83131244901441,4.2125190514055,-40.6980345668257,-18.0880153630336
50.54,-9.25264291489294,4.88266850515355,4.25144505305829,-41.1043442699231,-18.2685974532991
50.56,-9.34228843644933,4.93176517532281,4.28855692992526,-41.4923228736936,-18.4410323883083
50.58,-9.42766170293263,4.97854037230003,4.32382170676391,-41.8615423828378,-18.6051299479279
50.6,-9.50867255319013,5.02294162673139,4.35721371411788,-42.2116509548544,-18.7607337577131
50.62,-9.5852335610657,5.06491815529573,4.38870809912545,-42.5423080068863,-18.9076924475051
50.64,-9.65725406601891,5.10441759453691,4.4182782821713,-42.8531580724252,-19.045848032189
50.66,-9.72467305867782,5.14140395701692,4.44590977706906,-43.1439738062068,-19.1750994694253
50.68,-9.7873984466896,5.17582447573846,4.4715744840612,-43.4143910874092,-19.2952849277374
50.7,-9.84536603281438,5.20764179949545,4.49525555347267,-43.6641658035666,-19.4062959126963
50.72,-9.89851261019353,5.23681931230225,4.51693593362909,-43.8930562487039,-19.508024999424
50.74,-9.94677404950941,5.26332007013734,4.536597595502,-44.1008148493941,-19.6003621552863
50.76,-9.99011031136921,5.28712051239151,4.5542317858787,-44.2872960194611,-19.683242675316
50.78,-10.0284602703997,5.30818569443018,4.56982037399284,-44.4522607464853,-19.7565603317713
50.8,-10.0617826132622,5.32649170499445,4.58335266783163,-44.5955531645738,-19.8202458509217
50.82,-10.0900422416102,5.3420182137658,4.59481976121363,-44.7170415755893,-19.8742407002619
50.84,-10.1132043467604,5.35474521676294,4.60421208402487,-44.8165927775765,-19.9184856789229
50.86,-10.1312493190638,5.36466122150167,4.61152545052445,-44.8941361250821,-19.9529493889254
50.88,-10.1441572476641,5.37175473280759,4.61675472949042,-44.9495967229296,-19.9775985435242
50.9,-10.1519035706933,5.37601185815076,4.61989208110193,-44.9828767139179,-19.9923896506302
50.92,-10.1549711503027,5.37769773202054,4.62113431088515,-44.9960551027625,-19.9982467123389
50.94,-10.1557138688417,5.37810591647642,4.62143506298217,-44.9992457830336,-19.9996647924594
50.96,-10.1558586263693,5.37818547267886,4.62149367956536,-44.9998676513659,-19.9999411783848
50.98,-10.1558843438229,5.37819960654536,4.62150409329598,-44.9999781316846,-19.9999902807487
51,-10.1558886142449,5.3782019534953,4.62150582251097,-44.9999964771054,-19.9999984342691
51.02,-10.1554044835328,5.3779358838673,4.62130978301214,-44.9979166823862,-19.9990740810605
51.04,-10.1520771887976,5.37610727433783,4.61996239110891,-44.9836225905373,-19.9927211513499
51.06,-10.1441800449715,5.37176726154597,4.61676396220955,-44.9496946637563,-19.9776420727806
51.08,-10.1312532231301,5.36466336676719,4.61152703322674,-44.8941529033458,-19.9529568459315
51.1,-10.1132068340209,5.35474658264033,4.60421309694061,-44.8166034835795,-19.9184904371464
51.12,-10.0900385747949,5.34201619890838,4.59481827448082,-44.7170258161759,-19.8742336960782
51.14,-10.0617777441673,5.32648902996208,4.58335069120723,-44.5955322291736,-19.8202365462994
51.16,-10.0284514811932,5.30818086812482,4.56981679352946,-44.452222910977,-19.7565435159898
51.18,-9.99009995741537,5.28711482822156,4.55422756107412,-44.2872514232723,-19.6832228547877
51.2,-9.94677234472401,5.26331912857185,4.53659692859655,-44.1008076097171,-19.600358937652
51.22,-9.89850546696864,5.23681538880766,4.51693302892079,-43.8930255175771,-19.5080113411454
51.24,-9.8453576421382,5.20763719239112,4.49525213363482,-43.6641296775407,-19.4062798566848
51.26,-9.78738872022612,5.17581913718122,4.47157051000327,-43.4143491752929,-19.2952663001302
51.28,-9.72465659125517,5.14139493428281,4.44590297393063,-43.1439025822091,-19.1750678143151
51.3,-9.65724814571097,5.10441433257061,4.41827592122121,-42.8531327649231,-19.0458367844102
51.32,-9.58522088380017,5.06491120508943,4.38870288217011,-42.5422532484151,-18.9076681104067
51.34,-9.50865881360738,5.02293409787591,4.35720804323621,-42.2115915495822,-18.7607073553699
51.36,-9.4276469154287,4.97853227383352,4.32381558332844,-41.8614783776942,-18.6051015011974
51.38,-9.34226911658219,4.93175461567286,4.28854884027097,-41.4922389448059,-18.4409950865804
51.4,-9.25263186376024,4.88266243189125,4.25144056507381,-41.1042967378527,-18.2685763279346
51.42,-9.15881876976011,4.83130482117911,4.21251332466772,-40.6979744644654,-18.0879886508735
51.44,-9.06093495327454,4.77774274921005,4.17179878979812,-40.2736891967307,-17.8994174207692
51.46,-8.95908694543452,4.72203811319443,4.1293291522202,-39.831864534527,-17.7030509042342
51.48,-8.85338186663915,4.66425332101001,4.08513670728208,-39.3729268336677,-17.4990785927412
51.5,-8.74393778861217,4.60445684366867,4.03925865019614,-38.8973517715938,-17.2877118984861
51.52,-8.63087030072437,4.54271596719158,3.99173111291598,-38.405604897163,-17.0691577320724
51.54,-8.5142928046343,4.47909698132155,3.9425892299326,-37.8981427765028,-16.843619011779
51.56,-8.39433326939517,4.41367412522429,3.89187493102649,-37.3754883111559,-16.6113281382915
51.58,-8.27111647453688,4.34652004942868,3.83962891102398,-36.8381516832477,-16.3725118592212
51.6,-8.14476949467429,4.2777087617854,3.78589312806237,-36.2866548538418,-16.127402157263
51.62,-8.01543222191064,4.20732111809721,3.73071605265825,-35.7215798855569,-15.8762577269142
51.64,-7.88322962282934,4.13543021687481,3.67413923124089,-35.1434427681383,-15.6193078969504
51.66,-7.7483007264153,4.0621166160927,3.61621145578134,-34.5528256431512,-15.3568113969561
51.68,-7.61078486008636,3.98746107575126,3.5569821105979,-33.9503142133129,-15.0890285392501
51.7,-7.47082037217901,3.91154388336895,3.49650056739699,-33.3364919857701,-14.8162186603422
51.72,-7.32855725651757,3.83445127165324,3.43482283967166,-32.7119990881251,-14.5386662613889
51.74,-7.18413232259215,3.75626275173153,3.37199854918676,-32.0774166360669,-14.2566296160297
51.76,-7.03769357652906,3.67706349916915,3.308083814663,-31.4333804522556,-13.9703913121136
51.78,-6.88938896899554,3.59693854170065,3.24313550268338,-30.7805290483165,-13.6802351325851
51.8,-6.73936625368149,3.51597274664451,3.17721097349861,-30.1195024268768,-13.3864455230564
51.82,-6.58777659410244,3.434252508873,3.11037028686025,-29.4509596004386,-13.0893153779727
51.84,-6.43477144364614,3.35186415025497,3.04267455205025,-28.7755639673716,-12.7891395410541
51.86,-6.28049966699853,3.26889263987738,2.97418397858166,-28.0939687862193,-12.4862083494308
51.88,-6.12511481446364,3.18542492384875,2.90496245518538,-27.4068527579722,-12.1808234479877
51.9,-5.96876978983404,3.10154738222324,2.83507433957185,-26.7148941427025,-11.8732862856455
51.92,-5.81161708128449,3.01734597821244,2.76458447994278,-26.0187715289641,-11.5638984573174
51.94,-5.65381286103302,2.93290767559413,2.69356166836527,-25.3191857456674,-11.2529714425188
51.96,-5.49550817389487,2.84831730161132,2.62207124140424,-24.6168124654732,-10.9408055402103
51.98,-5.33685786437132,2.7636606032915,2.55018272610274,-23.9123503485843,-10.6277112660374
52,-5.17801568449083,2.67902246665826,2.47796578108144,-23.2064947740048,-10.3139976773354
52.02,-5.01913518731319,2.59448731221976,2.40549074170463,-22.4999420722479,-9.99997425433242
52.04,-4.86036960199918,2.51013875994371,2.3328290320329,-21.7933898704664,-9.68595105354064
52.06,-4.70187120575768,2.4260593428118,2.26005270943411,-21.0875337556256,-9.3722372247225
52.08,-4.54379284352117,2.34233181199953,2.18723420565947,-20.3830719858183,-9.05914310480814
52.1,-4.38628602462321,2.25903730593594,2.11444692241196,-19.6806999270403,-8.74697774535126
52.12,-4.2295013830185,2.17625600231046,2.04176462576584,-18.9811102650167,-8.4360490066741
52.14,-4.07358966275855,2.09406771073989,1.96926174656839,-18.2849970244477,-8.12666534419898
52.16,-3.91869714033483,2.01254884015591,1.89701224321705,-17.5930368029468,-7.81912746797637
52.18,-3.76497311681683,1.93177742597177,1.82509123832858,-16.9059187620484,-7.51374167202152
52.2,-3.61256519495787,1.85182988431519,1.75357406948053,-16.2243257469591,-7.21081144309295
52.22,-3.4616170188347,1.77277968088268,1.68253539009367,-15.5489242503836,-6.91063300017049
52.24,-3.31227244912294,1.69470001203626,1.61205030780327,-14.8803816013106,-6.61350293391586
52.26,-3.16467677362894,1.61766444910207,1.54219493667835,-14.2193713490199,-6.31972059956441
52.28,-3.01896235058126,1.54173840091397,1.47304111647359,-13.5665110795111,-6.02956047978273
52.3,-2.87527548243115,1.46699515087794,1.40466612402201,-12.9224782863654,-5.74332368282904
52.32,-2.73375052415802,1.39350047070076,1.33714316849346,-12.2878983582257,-5.4612881592114
52.34,-2.59452148154085,1.32131952791538,1.27054558877072,-11.6633945519215,-5.18373091196508
52.36,-2.45772166775019,1.25051670788647,1.20494668408806,-11.0495864290372,-4.9109273017943
52.38,-2.32348390810918,1.18115572784238,1.14041979572463,-10.4470907363859,-4.64315143839372
52.4,-2.19192695575771,1.11329202892492,1.07703254158429,-9.85646122528625,-4.38064943346056
52.42,-2.0631865535807,1.04699025428942,1.01485984135816,-9.27832591677402,-4.1237004074551
52.44,-1.9373821679809,0.982305597467711,0.953969859933835,-8.71323991353375,-3.87255107268167
52.46,-1.81463319691655,0.919292969412761,0.894430739629896,-8.16175694685489,-3.62744753193552
52.48,-1.69505833620129,0.85800663128009,0.836310354429012,-7.62442661792463,-3.38863405241095
52.5,-1.57877465177629,0.79849973166708,0.779675847989663,-7.1017902362379,-3.15635121610572
52.52,-1.46588288708623,0.740816411399935,0.724586931809352,-6.59431513262918,-2.93080672561297
52.54,-1.3565039562792,0.68501153138978,0.671112389654419,-6.10255770455621,-2.71224786869168
52.56,-1.25073875590911,0.631129033650422,0.619311808873508,-5.62698383125537,-2.50088170278016
52.58,-1.14868815581051,0.579212793305306,0.569244571339264,-5.16805816697388,-2.29691474087727
52.6,-1.05045172712019,0.529305948439864,0.520969272266135,-4.7262385098545,-2.10055044882423
52.62,-0.956128570388838,0.481451367088041,0.474544088182565,-4.30197955914052,-1.91199091517357
52.64,-0.86579526657229,0.43568015254113,0.430016280980258,-3.89563395719082,-1.73139286986259
52.66,-0.779555795982082,0.392037798708481,0.387445850675696,-3.50767642598379,-1.55896730043725
52.68,-0.697487782345339,0.350556130504449,0.34687997408666,-3.13846247281317,-1.3948722101392
52.7,-0.61966987650443,0.311267673430395,0.308365963536398,-2.78835136754243,-1.2392672744633
52.72,-0.546178304641342,0.27420388884287,0.271949601527684,-2.45769070730163,-1.09230698102294
52.74,-0.477092586409197,0.239398125040271,0.237677919302835,-2.14684219986659,-0.954152088829598
52.76,-0.412462006377334,0.206868498503855,0.20558282014962,-1.8560309340965,-0.824902637376203
52.78,-0.352363677571399,0.176647661018327,0.17570935325612,-1.58560656430555,-0.704714028580249
52.8,-0.296855665209937,0.148758833165712,0.148092847536083,-1.33583256318786,-0.593703361416831
52.82,-0.245989492068272,0.123222269244728,0.122764955564261,-1.10694251165172,-0.491974449622984
52.84,-0.199820532469859,0.100060557254391,0.0997587595062673,-0.899186925426974,-0.399638633523108
52.86,-0.15837748366423,0.0792832226080543,0.0790936559896621,-0.712695953690513,-0.316753757195828
52.88,-0.12172068881277,0.060916195538359,0.060804218555982,-0.547741863424871,-0.243440828188861
52.9,-0.0898755217946075,0.0449682289260352,0.0449071822944974,-0.404439350492502,-0.179750822441129
52.92,-0.0628845828513727,0.0314572223599251,0.031427322563219,-0.282980452153919,-0.125769089846199
52.94,-0.0407530822699235,0.0203828122515815,0.0203702597073901,-0.183388823814962,-0.081506143917768
52.96,-0.0235223805933569,0.0117632807696373,0.0117590978396539,-0.105850703741547,-0.0470447572184539
52.98,-0.0112025250195979,0.00560173691411389,0.00560078789109158,-0.0504113616232053,-0.0224050496103172
53,-0.00380398982764154,0.00190204959050471,0.00190194022892701,-0.0171179541870587,-0.00760797963869892
53.02,-0.000876471019219616,0.000438238415469298,0.000438232603747227,-0.0039441195861775,-0.00175294203832259
53.04,-0.000167651055313529,8.38256341384936e-05,8.38254213265519e-05,-0.000754429749277752,-0.000335302110815591
53.06,-2.93207318649163e-05,1.46603692058123e-05,1.46603627933755e-05,-0.000131943293663238,-5.86414638496196e-05
53.08,-4.87121686262174e-06,2.43560854935564e-06,2.43560848219974e-06,-2.19204763329261e-05,-9.74243391044414e-06
53.1,-7.82092790833637e-07,3.91046369972381e-07,3.91046497194568e-07,-3.51941781900553e-06,-1.56418567946424e-06
53.12,-1.21860086188854e-07,6.09300561130874e-08,6.09301572979542e-08,-5.48370725215467e-07,-2.43720319127886e-07
53.14,-1.8706314907999e-08,9.35316121016042e-09,9.35331012062421e-09,-8.41788074669126e-08,-3.74127952048414e-08
53.16,-2.83336688170202e-09,1.41666206598965e-09,1.41682796832352e-09,-1.27505187644918e-08,-5.66692459668492e-09
53.18,-4.24302856976547e-10,2.12144723696156e-10,2.12304095112984e-10,-1.909727265767e-09,-8.48783825015256e-10
53.2,-6.31040602170322e-11,3.15356333853026e-11,3.16628555725611e-11,-2.84250410856811e-10,-1.26327993612348e-10
53.22,-9.14962339812352e-12,4.54936726161005e-12,4.72747832377201e-12,-4.17455409273249e-11,-1.85466683335039e-11
53.24,-1.27483558886929e-12,6.13280215124875e-13,7.64639981693184e-13,-6.08787254875034e-12,-2.70299123151979e-12
53.26,-1.01777749806833e-13,1.27222187258541e-13,2.03555499613665e-13,-8.86168279500355e-13,-3.85966574303437e-13
53.28,2.54444374517081e-14,-3.33095910076596e-14,1.44801471154297e-13,-1.28223805425944e-13,-5.08888749034163e-14
53.3,7.57415998923964e-14,-5.14805873661443e-14,1.01777749806833e-13,-1.8469832844029e-14,-3.81666561775622e-14
53.32,6.43517176309961e-14,-3.8907280179288e-14,1.28703435261992e-13,-2.66566368838556e-15,-3.81666561775622e-14
53.34,5.08888749034163e-14,-2.77847401512797e-14,1.52666624710249e-13,-3.79395974348151e-16,-3.81666561775622e-14
53.36,6.192324131447e-14,-5.42645795330168e-14,1.52666624710249e-13,-5.41612674083845e-17,-3.81666561775622e-14
53.38,6.24353659059465e-14,-2.54444374517081e-14,1.29573642705188e-13,-7.71380591622773e-18,-3.81666561775622e-14
53.4,6.25919350905315e-14,-4.88505578259385e-14,1.25183870181063e-13,-1.09529190910956e-18,-3.81666561775622e-14
53.42,9.67280134839504e-14,-6.62338397093602e-14,1.01777749806833e-13,-1.55408042057636e-19,-3.81666561775622e-14
53.44,6.59004031863792e-14,-7.63333123551244e-14,1.37655096427286e-13,-2.20016212145369e-20,-3.81666561775622e-14
53.46,7.33634262656461e-14,-6.21261505845312e-14,1.30192073348019e-13,-3.09189552984211e-21,-3.81666561775622e-14
53.48,9.65789856435004e-14,-7.11345481917923e-14,1.01777749806833e-13,-4.35353226156177e-22,-3.81666561775622e-14
53.5,5.4128372164868e-14,-3.19234319746116e-14,1.46187630187345e-13,-6.12639203427136e-23,-3.81666561775622e-14
53.52,5.08888749034163e-14,-3.71924602460151e-14,1.52666624710249e-13,-8.61018815864587e-24,-3.81666561775622e-14
53.54,7.63333123551244e-14,-7.63333123551244e-14,1.20820609320707e-13,-1.21257172925278e-24,-3.81666561775622e-14
53.56,1.01777749806833e-13,-5.08888749034163e-14,1.07910219174541e-13,-1.69411380282508e-25,-3.81666561775622e-14
53.58,5.08888749034163e-14,-2.60137950086932e-14,1.02916464920803e-13,-2.3646260641097e-26,-3.81666561775622e-14
53.6,9.52783647157601e-14,-3.84432076338531e-14,1.14776519988977e-13,-3.30928218450936e-27,-3.81666561775622e-14
53.62,5.08888749034163e-14,-2.54444374517081e-14,1.52666624710249e-13,-4.62055754604786e-28,-3.81666561775622e-14
53.64,5.19652198380346e-14,-5.19652198380346e-14,1.50513934841012e-13,-6.44454661623234e-29,-3.81666561775622e-14
53.66,9.02869953333315e-14,-3.69351919252092e-14,1.29685115763247e-13,-9.02728552042615e-30,-3.81666561775622e-14
53.68,1.01777749806833e-13,-3.28024339574532e-14,1.45308628204504e-13,-1.250381346797e-30,-3.81666561775622e-14
53.7,7.63333123551244e-14,-2.54444374517081e-14,1.01777749806833e-13,-1.74072460158131e-31,-3.81666561775622e-14
53.72,7.63333123551244e-14,-6.14744606395174e-14,1.52666624710249e-13,-2.42247708799962e-32,-3.81666561775622e-14
53.74,7.63333123551244e-14,-5.06963233638041e-14,1.01777749806833e-13,-3.36693721137756e-33,-3.81666561775622e-14
53.76,7.63333123551244e-14,-5.08888749034163e-14,1.12900904117694e-13,-4.68435350017684e-34,-3.81666561775622e-14
53.78,7.63333123551244e-14,-3.94328654991971e-14,1.01777749806833e-13,-6.50680868383006e-35,-3.81666561775622e-14
53.8,1.01777749806833e-13,-7.63333123551244e-14,1.01777749806833e-13,-8.98738166832782e-36,-3.81666561775622e-14
53.82,7.63333123551244e-14,-7.39726601720464e-14,1.01777749806833e-13,-1.24486322926321e-36,-3.81666561775622e-14
53.84,7.40188145180264e-14,-3.00734331259041e-14,1.52666624710249e-13,-1.72518914427843e-37,-3.81666561775622e-14
53.86,8.13629028072333e-14,-2.54444374517081e-14,1.42607443806031e-13,-2.39015703138294e-38,-3.81666561775622e-14
53.88,7.63333123551244e-14,-6.63413204278593e-14,1.01777749806833e-13,-3.321773183575e-39,-3.81666561775622e-14
53.9,7.63333123551244e-14,-3.05640857474926e-14,1.52666624710249e-13,-4.57946851090466e-40,-3.81666561775622e-14
53.92,7.63333123551244e-14,-2.92468776041454e-14,1.01777749806833e-13,-6.31822568632549e-41,-3.81666561775622e-14
53.94,5.08888749034163e-14,-2.54444374517081e-14,1.52666624710249e-13,-8.74121507167632e-42,-3.81666561775622e-14
53.96,7.0763283620167e-14,-2.54444374517081e-14,1.12917807276747e-13,-1.20730592848633e-42,-3.81666561775622e-14
53.98,1.00277522333677e-13,-7.33328574088129e-14,9.8777294860521e-14,-1.66688029834098e-43,-3.81666561775622e-14
54,6.52466976995834e-14,-7.63333123551244e-14,1.23950979117915e-13,-2.31131270906026e-44,-3.81666561775622e-14
54.02,9.22159890521251e-14,-6.67715516004169e-14,1.1133951056154e-13,-3.17177830147899e-45,-3.81666561775622e-14
54.04,6.42827098865079e-14,-4.9545642388941e-14,1.25878954744065e-13,-4.37589092503206e-46,-3.81666561775622e-14
54.06,9.18216059443756e-14,-2.54444374517081e-14,1.01777749806833e-13,-6.0377867054251e-47,-3.81666561775622e-14
54.08,8.95330062956621e-14,-4.99339244740491e-14,1.28177137687908e-13,-8.32381210996263e-48,-3.81666561775622e-14
54.1,7.63333123551244e-14,-6.4571684472655e-14,1.40904996827779e-13,-1.14927006557911e-48,-3.81666561775622e-14
54.12,7.63333123551244e-14,-3.21290285964675e-14,1.01777749806833e-13,-1.58404649663117e-49,-3.81666561775622e-14
54.14,7.63333123551244e-14,-4.35738369476913e-14,1.19907149302816e-13,-2.17244777782523e-50,-3.81666561775622e-14
54.16,7.63333123551244e-14,-5.0476491383867e-14,1.52666624710249e-13,-2.98823645755106e-51,-3.81666561775622e-14
54.18,5.26437376984664e-14,-2.54444374517081e-14,1.49156899120149e-13,-4.11383641255935e-52,-3.81666561775622e-14
54.2,5.08888749034163e-14,-2.54444374517081e-14,1.43574134007025e-13,-5.66364407423615e-53,-3.81666561775622e-14
54.22,7.63333123551244e-14,-2.54444374517081e-14,1.22307325298092e-13,-7.82460254943742e-54,-3.81666561775622e-14
54.24,5.5512943312369e-14,-2.77564716561845e-14,1.52666624710249e-13,-1.07209580136071e-54,-3.81666561775622e-14
54.26,7.63333123551244e-14,-7.63333123551244e-14,1.01777749806833e-13,-1.47115800381939e-55,-3.81666561775622e-14
54.28,7.63333123551244e-14,-2.54444374517081e-14,1.36941914887834e-13,-2.02422217777299e-56,-3.81666561775622e-14
54.3,9.56961871846507e-14,-7.63333123551244e-14,1.01777749806833e-13,-2.78118579727005e-57,-3.81666561775622e-14
54.32,7.63333123551244e-14,-7.26679013211446e-14,1.05443160840812e-13,-3.8210416110656e-58,-3.81666561775622e-14
54.34,6.16313095821155e-14,-4.69293068091066e-14,1.3118175535285e-13,-5.27091559801718e-59,-3.81666561775622e-14
54.36,5.65373733757447e-14,-3.67414343963651e-14,1.41369627765592e-13,-7.19945012115607e-60,-3.81666561775622e-14
54.38,9.06264330432201e-14,-4.7747070978933e-14,1.52666624710249e-13,-9.88632596702578e-61,-3.81666561775622e-14
54.4,7.63333123551244e-14,-7.63333123551244e-14,1.3411644919179e-13,-1.35800945772929e-61,-3.81666561775622e-14
54.42,6.24873243174586e-14,-5.31364135270398e-14,1.29469725882164e-13,-1.86420384306612e-62,-3.81666561775622e-14
54.44,9.55203226878222e-14,-6.38184581171038e-14,1.52666624710249e-13,-2.56372055185714e-63,-3.81666561775622e-14
54.46,7.00340494297088e-14,-5.08888749034163e-14,1.52666624710249e-13,-3.51808861297408e-64,-3.81666561775622e-14
54.48,6.83735654559317e-14,-2.54444374517081e-14,1.36747130911863e-13,-4.80656782746108e-65,-3.81666561775622e-14
54.5,7.5833550010258e-14,-7.5833550010258e-14,1.02777274496565e-13,-6.58720128524077e-66,-3.81666561775622e-14
54.52,7.72631425370783e-14,-2.54444374517081e-14,1.50806964346341e-13,-9.03257172864143e-67,-3.81666561775622e-14
54.54,7.63333123551244e-14,-5.08888749034163e-14,1.01777749806833e-13,-1.23913712464222e-67,-3.81666561775622e-14
54.56,7.63333123551244e-14,-5.08888749034163e-14,1.52666624710249e-13,-1.7064678882207e-68,-3.81666561775622e-14
54.58,5.08888749034163e-14,-7.27346373178071e-14,1.52666624710249e-13,-2.32901143618623e-69,-3.81666561775622e-14
54.6,5.08888749034163e-14,-2.54444374517081e-14,1.4481212429299e-13,-3.18722431417496e-70,-3.81666561775622e-14
54.62,7.63333123551244e-14,-7.63333123551244e-14,1.01777749806833e-13,-4.37125652475343e-71,-3.81666561775622e-14
54.64,6.49247798133788e-14,-3.24623899066894e-14,1.52666624710249e-13,-5.98750646958953e-72,-3.81666561775622e-14
54.66,7.63333123551244e-14,-5.32548011231259e-14,1.52666624710249e-13,-8.20341849760689e-73,-3.81666561775622e-14
54.68,6.61538828204426e-14,-5.59744532857608e-14,1.22136608876196e-13,-1.12776637822391e-73,-3.81666561775622e-14
54.7,5.80651868040827e-14,-2.54444374517081e-14,1.38314000908916e-13,-1.53623034280804e-74,-3.81666561775622e-14
54.72,7.63333123551244e-14,-2.54444374517081e-14,1.20949962528046e-13,-2.10337868005472e-75,-3.81666561775622e-14
54.74,6.81271513852928e-14,-2.54444374517081e-14,1.18190071746496e-13,-2.88124783008459e-76,-3.81666561775622e-14
54.76,7.63333123551244e-14,-2.54444374517081e-14,1.22954141455154e-13,-3.94493793316364e-77,-3.81666561775622e-14
54.78,8.31597046445965e-14,-5.08888749034163e-14,1.39013840131305e-13,-5.4128220469884e-78,-3.81666561775622e-14
54.8,7.63333123551244e-14,-3.69431180448431e-14,1.13276430399967e-13,-7.40511302043423e-79,-3.81666561775622e-14
54.82,9.51882950673572e-14,-3.86233469306588e-14,1.52666624710249e-13,-1.00940395112427e-79,-3.81666561775622e-14
54.84,7.77741341196599e-14,-7.48924905905889e-14,1.04659393335904e-13,-1.38043570394535e-80,-3.81666561775622e-14
54.86,7.63333123551244e-14,-7.63300773199097e-14,1.52666624710249e-13,-1.887544117532e-81,-3.81666561775622e-14
54.88,5.37842523903778e-14,-3.12351924256312e-14,1.52666624710249e-13,-2.58366047004232e-82,-3.81666561775622e-14
54.9,5.08888749034163e-14,-3.66484046879858e-14,1.30258690237694e-13,-3.55105397265955e-83,-3.81666561775622e-14
54.92,5.36005668499706e-14,-5.22447208766934e-14,1.01777749806833e-13,-4.83363138477145e-84,-3.81666561775622e-14
54.94,7.63333123551244e-14,-3.55861485872598e-14,1.42524913574697e-13,-6.60377190301131e-85,-3.81666561775622e-14
54.96,6.66599382324338e-14,-4.47911856970894e-14,1.33319876464868e-13,-9.0377340320209e-86,-3.81666561775622e-14
54.98,7.63333123551244e-14,-7.63333123551244e-14,1.37206319353816e-13,-1.23544193207162e-86,-3.81666561775622e-14
55,7.63333123551244e-14,-2.54444374517081e-14,1.52666624710249e-13,-1.68590224053991e-87,-3.81666561775622e-14
