Time_s,BottomArm_deg,MiddleArm_deg,TopArm_deg,Bicep_deg,Wrist_deg
0,6.31022048802362e-12,-3.02788805675327e-12,-1.52666624710249e-12,-0,-180
0.02,-7.54284156556853e-05,3.77142294841867e-05,3.77141863103907e-05,-0,-180
0.04,-0.000950989887634194,0.000475498370114829,0.000475491517456944,-0,-180
0.06,-0.00432331904664483,0.00216173044444905,0.00216158858987191,-0,-180
0.08,-0.0125152109632021,0.00625819735321715,0.00625701331134912,-0,-180
0.1,-0.028226402029189,0.0141162109749093,0.0141101876256611,-0,-180
0.12,-0.0542665581362288,0.0271444051533424,0.0271221285743728,-0,-180
0.14,-0.0933861713396369,0.0467259983406938,0.0466600487263907,-0,-180
0.16,-0.148211311760112,0.0741884202042519,0.0740223955687418,-0,-180
0.18,-0.221200682639383,0.110784426124239,0.110414607547367,-0,-180
0.2,-0.314519515111946,0.157631302081401,0.156883469625587,-0,-180
0.22,-0.429966503709288,0.215675764988135,0.214278631227498,-0,-180
0.24,-0.569210803019864,0.285815631351488,0.283367078987097,-0,-180
0.26,-0.733513399969652,0.368759745384112,0.364693524074284,-0,-180
0.28,-0.923789286149103,0.465058580413541,0.458610650874834,-0,-180
0.3,-1.14083228072314,0.575219412593926,0.565386761194292,-0,-180
0.32,-1.3850182081977,0.699551494603692,0.68506221233455,-0,-180
0.34,-1.65657645274446,0.838304232798948,0.817580103930583,-0,-180
0.36,-1.95537176024846,0.991548962150167,0.962684966489367,-0,-180
0.38,-2.28119499074086,1.15932895470712,1.12005985471515,-0,-180
0.4,-2.63356118444259,1.34154779250591,1.28923502730789,-0,-180
0.42,-3.01173546930041,1.53797614048,1.46960640938565,-0,-180
0.44,-3.4149784812745,1.7483824534122,1.66054488824526,-0,-180
0.46,-3.84226732230042,1.97237365239981,1.86128074859271,-0,-180
0.48,-4.29251031380887,2.2095094975396,2.07099986419256,-0,-180
0.5,-4.76443351641019,2.45923340885848,2.28880405795092,-0,-180
0.52,-5.25665540928884,2.7209101665704,2.51374865405834,-0,-180
0.54,-5.76777536278911,2.9938756731597,2.74487680589508,-0,-180
0.56,-6.29622176582137,3.27734398081419,2.98117430023562,-0,-180
0.58,-6.84035975151702,3.57046865697876,3.22161410189262,-0,-180
0.6,-7.39846633187275,3.8723264187288,3.46515609419354,-0,-180
0.62,-7.96875649163845,4.1819327779211,3.71076086605703,-0,-180
0.64,-8.54939242838741,4.49824899055198,3.95739450556323,-0,-180
0.66,-9.13841818436893,4.82013989276372,4.2040347013469,-0,-180
0.68,-9.73388381303909,5.1464578808845,4.44968070436688,-0,-180
0.7,-10.3337451238327,5.47597957356625,4.69335554509518,-0,-180
0.72,-10.9359048979467,5.80743575976063,4.93411705882738,-0,-180
0.74,-11.5382173762085,6.13951922561663,5.17105568691258,-0,-180
0.76,-12.138485655553,6.47088631517016,5.40330507630286,-0,-180
0.78,-12.7344770660248,6.80017066673308,5.630051406238,-0,-180
0.8,-13.323892787721,7.12597223490429,5.85050116385525,-0,-180
0.82,-13.9044190952776,7.44688842589842,6.06393411586313,-0,-180
0.84,-14.4736929521671,7.76150080407059,6.26966375885519,-0,-180
0.86,-15.0293809664751,8.06842323055802,6.46708558580585,-0,-180
0.88,-15.5690465828161,8.36622992617934,6.65559148745024,-0,-180
0.9,-16.0903142254024,8.65355106706493,6.83466191997012,-0,-180
0.92,-16.590793343345,8.92903144074471,7.00381219238468,-0,-180
0.94,-17.0681901190085,9.19139450763982,7.1626362128529,-0,-180
0.96,-17.5201192313218,9.43933512185111,7.3107147136549,-0,-180
0.98,-17.9443410804598,9.67165296749617,7.44771105204312,-0,-180
1,-18.3386749394252,9.88720073358645,7.5733210387333,-0,-180
1.02,-18.7012203391852,10.0850032485778,7.68733927345122,-0,-180
1.04,-19.0307584797112,10.2644679245473,7.78975817582784,-0,-180
1.06,-19.3275343708573,10.4258070305511,7.88100654237895,-0,-180
1.08,-19.5926495014734,10.5696955321091,7.96172980767719,-0,-180
1.1,-19.8279746402956,10.6972201030359,8.03276144248881,-0,-180
1.12,-20.0354462667462,10.8094920069259,8.09490053244162,-0,-180
1.14,-20.2165915403885,10.9073927565491,8.14878481683853,-0,-180
1.16,-20.3717122456813,10.9911334716199,8.19465375693787,-0,-180
1.18,-20.5004386401428,11.0605578068233,8.23252712139713,-0,-180
1.2,-20.6016651532021,11.1151070090425,8.26218767929352,-0,-180
1.22,-20.6741639308701,11.1541513034024,8.28336498311012,-0,-180
1.24,-20.7164661267427,11.1769238331249,8.29569635129165,-0,-180
1.26,-20.7272898441153,11.1827494525983,8.29884855029501,-0,-180
1.28,-20.7052460734365,11.1708844211868,8.29242745405514,-0,-180
1.3,-20.6492756047562,11.1407499398044,8.27610112787686,-0,-180
1.32,-20.5585231751366,11.0918632885996,8.24955959519681,-0,-180
1.34,-20.4324200651538,11.0238820003018,8.21253667247368,-0,-180
1.36,-20.2706114251456,10.9365650097263,8.16478703998635,-0,-180
1.38,-20.0730776308598,10.8298395606947,8.10612239534168,-0,-180
1.4,-19.8401971593219,10.7038383701178,8.03643464049778,-0,-180
1.42,-19.5724129950988,10.5587206970335,7.95559487482845,-0,-180
1.44,-19.2705977641054,10.3948754717031,7.86357280990796,-0,-180
1.46,-18.9357957989942,10.2127846058815,7.7603614149501,-0,-180
1.48,-18.5694086162269,10.0131304706378,7.64604872065225,-0,-180
1.5,-18.1728145413894,9.7965889999065,7.52069245298081,-0,-180
1.52,-17.7477618284935,9.56405320940194,7.38446959947804,-0,-180
1.54,-17.2960349257339,9.31645087200262,7.23756468331217,-0,-180
1.56,-16.8196688190154,9.05486883725596,7.08026516844009,-0,-180
1.58,-16.3206590069044,8.78039149310432,6.91285196267366,-0,-180
1.6,-15.8011688810162,8.49422020182485,6.73569653079074,-0,-180
1.62,-15.263396696232,8.19759863642348,6.54921370501056,-0,-180
1.64,-14.7096241331445,7.89184026730692,6.35389739264254,-0,-180
1.66,-14.1420790312222,7.57824884888756,6.15025272971899,-0,-180
1.68,-13.5630690629597,7.25819258717756,5.93887992001289,-0,-180
1.7,-12.9748651865337,6.93303504518459,5.72041082631451,-0,-180
1.72,-12.3797665851413,6.60416717631561,5.49556669084445,-0,-180
1.74,-11.7800025934207,6.27294998220921,5.26507537428083,-0,-180
1.76,-11.177811237939,5.94075206204018,5.02974825016563,-0,-180
1.78,-10.5753915033871,5.60891904497497,4.79043851591537,-0,-180
1.8,-9.97491236468533,5.27877441157441,4.5480440846616,-0,-180
1.82,-9.37848351988717,4.95159412276364,4.3035164983324,-0,-180
1.84,-8.78820555112411,4.62863930705934,4.05783000074892,-0,-180
1.86,-8.20611917140538,4.31111520370806,3.81200479821748,-0,-180
1.88,-7.63421607988835,4.00017712085018,3.56708729323111,-0,-180
1.9,-7.07445762534548,3.69693949896059,3.32414926211822,-0,-180
1.92,-6.52875870975315,3.40246328589471,3.08428236703497,-0,-180
1.94,-5.99895021630276,3.11773216894821,2.84858027324432,-0,-180
1.96,-5.48681947520972,2.84367789093793,2.61814039865228,-0,-180
1.98,-4.99416913240841,2.5812149906072,2.39408052229931,-0,-180
2,-4.52266765187937,2.33115272744171,2.17748491433326,-0,-180
2.02,-4.07394734361768,2.09425639843474,1.96942784966919,-0,-180
2.04,-3.64958652855601,1.8712391310224,1.77096331978569,-0,-180
2.06,-3.25099425195791,1.66270106391573,1.58307137514396,-0,-180
2.08,-2.87967987143916,1.46928454514597,1.40676442348974,-0,-180
2.1,-2.53694064349999,1.29150349854766,1.24295350704487,-0,-180
2.12,-2.22388775122575,1.12976947665429,1.09244456925341,-0,-180
2.14,-1.9401211149153,0.983712772244574,0.955296932356533,-0,-180
2.16,-1.68339883435056,0.852035871261069,0.830636799884763,-0,-180
2.18,-1.44994988788932,0.73268258577746,0.716803167848753,-0,-180
2.2,-1.23518638386387,0.623212353861951,0.611687092703966,-0,-180
2.22,-1.03423712353903,0.521075055513598,0.512993603661377,-0,-180
2.24,-0.842106167636617,0.423686842719628,0.418328371715182,-0,-180
2.26,-0.653963246269376,0.328576368808457,0.325344267800776,-0,-180
2.28,-0.465267472636083,0.233444367478044,0.231807745074327,-0,-180
2.3,-0.271873035108436,0.136214345290483,0.135655627202541,-0,-180
2.32,-0.070037095304512,0.0350371207084719,0.0349999217520726,-0,-180
2.34,0.143509059353092,-0.0716763393163088,-0.0718322673890025,-0,-180
2.36,0.371581658314815,-0.185264739645664,-0.186309084158716,-0,-180
2.38,0.61650718828776,-0.306799440702675,-0.30967204408469,-0,-180
2.4,0.880233767619508,-0.437137678619509,-0.442992216924519,-0,-180
2.42,1.16426952676003,-0.576894434486216,-0.587134785040732,-0,-180
2.44,1.46975938280072,-0.726479727262561,-0.74279620007814,-0,-180
2.46,1.79743964782327,-0.886080403348978,-0.910475237276218,-0,-180
2.48,2.14776409444105,-1.05572054520935,-1.09053596975344,-0,-180
2.5,2.52089947216621,-1.23526207666078,-1.28320061719114,-0,-180
2.52,2.91674075005396,-1.42441535067354,-1.48855242272834,-0,-180
2.54,3.33488914349273,-1.62273625798332,-1.70651666917021,-0,-180
2.56,3.7747774639524,-1.82968432668456,-1.9369251890397,-0,-180
2.58,4.23564922212904,-2.0446188025327,-2.1794996022235,-0,-180
2.6,4.71655780405002,-2.26680530782257,-2.43384526984471,-0,-180
2.62,5.21639913524219,-2.49543608850114,-2.69946500790308,-0,-180
2.64,5.73389321314836,-2.72963363195246,-2.97574300826467,-0,-180
2.66,6.26772970316823,-2.96850290402827,-3.26202964396315,-0,-180
2.68,6.81639762444094,-3.21108770635365,-3.55753521812784,-0,-180
2.7,7.37833165884209,-3.45642122508022,-3.86141737767227,-0,-180
2.72,7.95182255432924,-3.70351553673232,-4.17272368326447,-0,-180
2.74,8.53514956757827,-3.95139001037241,-4.49047649733105,-0,-180
2.76,9.12645863794351,-4.19906152778953,-4.81359527797612,-0,-180
2.78,9.72383232586248,-4.44556506262113,-5.14094275680452,-0,-180
2.8,10.3252989406677,-4.68995183118632,-5.47133475256616,-0,-180
2.82,10.9288091117888,-4.93130360433251,-5.80352634448044,-0,-180
2.84,11.5322572238071,-5.16873187193986,-6.1362306979424,-0,-180
2.86,12.1334816896294,-5.40138819219973,-6.46812239857575,-0,-180
2.88,12.7302637413597,-5.62845756847874,-6.79784230461267,-0,-180
2.9,13.3203633803709,-5.84919337723506,-7.12402113124438,-0,-180
2.92,13.9014587567599,-6.06285671200836,-7.44525210662352,-0,-180
2.94,14.4712031922795,-6.26877161835053,-7.76012515765512,-0,-180
2.96,15.0272896373311,-6.46634852464736,-8.06726855975828,-0,-180
2.98,15.5672894205061,-6.65498217788069,-8.36526070948973,-0,-180
3,16.0888322759373,-6.83415544360254,-8.65273454297174,-0,-180
3.02,16.589586053881,-7.00341026709503,-8.9283678811843,-0,-180
3.04,17.0671508357045,-7.1622925757615,-9.19082372482699,-0,-180
3.06,17.5192173609394,-7.31041867803608,-9.43884020214341,-0,-180
3.08,17.9436270342847,-7.44748271557447,-9.67126244493751,-0,-180
3.1,18.3381112195556,-7.57314470019589,-9.88689340440847,-0,-180
3.12,18.7007044715384,-7.68717769041393,-10.0847219653508,-0,-180
3.14,19.0302993803652,-7.78961516668537,-10.2642178042589,-0,-180
3.16,19.32718611545,-7.88090015871995,-10.4256179118483,-0,-180
3.18,19.592382594605,-7.9616495388259,-10.5695509850438,-0,-180
3.2,19.8277124424825,-8.03268233069324,-10.6970780247816,-0,-180
3.22,20.0352442085538,-8.09484028242258,-10.809382754184,-0,-180
3.24,20.2164189782947,-8.14873363406792,-10.9072995455729,-0,-180
3.26,20.3715682111893,-8.19461127442504,-10.9910557537772,-0,-180
3.28,20.500319917589,-8.23249227145804,-11.0604938065043,-0,-180
3.3,20.601569878803,-8.26215982331378,-11.1150556894206,-0,-180
3.32,20.6740765963398,-8.28333949924014,-11.1541042792618,-0,-180
3.34,20.7164009945745,-8.29567737981791,-11.1768887761066,-0,-180
3.36,20.72722996384,-8.29883111470639,-11.1827172246647,-0,-180
3.38,20.7051970317208,-8.29241316185114,-11.170858021974,-0,-180
3.4,20.6492044892596,-8.27608031110929,-11.140711624418,-0,-180
3.42,20.5585076296245,-8.24955509695783,-11.0918549320789,-0,-180
3.44,20.4323854681925,-8.21252644296556,-11.0238633234841,-0,-180
3.46,20.2705509315419,-8.16476877007351,-10.9365322190804,-0,-180
3.48,20.0731031737643,-8.10613060868976,-10.8298535744761,-0,-180
3.5,19.8401871662227,-8.03643172779815,-10.7038329887296,-0,-180
3.52,19.5723957130374,-7.95558950517043,-10.5587112834063,-0,-180
3.54,19.2705526056382,-7.86355782472703,-10.3948505920079,-0,-180
3.56,18.9358295115074,-7.7603736061868,-10.2128034500894,-0,-180
3.58,18.5693928535679,-7.64604331659533,-10.0131217524765,-0,-180
3.6,18.1728023075579,-7.52068813568301,-9.79658221084122,-0,-180
3.62,17.7477470129183,-7.3844640450532,-9.564044923666,-0,-180
3.64,17.2960557718754,-7.2375738420994,-9.31646277465842,-0,-180
3.66,16.8196434590422,-7.08025420934146,-9.05485445891844,-0,-180
3.68,16.3206578690258,-6.91285180380168,-8.780390900754,-0,-180
3.7,15.8011728823307,-6.73569896857892,-8.49422253720775,-0,-180
3.72,15.2634053134082,-6.54921884584514,-8.19760359592874,-0,-180
3.74,14.709608266057,-6.35388821255205,-7.89183126699042,-0,-180
3.76,14.1420802639781,-6.15025397871853,-7.57824955939657,-0,-180
3.78,13.5630664092403,-5.93887831596735,-7.25819111722145,-0,-180
3.8,12.9748651336575,-5.72041129580987,-6.93303500112465,-0,-180
3.82,12.3797657119401,-5.49556627074521,-6.60416669880511,-0,-180
3.84,11.7799993666633,-5.26506992976179,-6.27294858945054,-0,-180
3.86,11.1778106508785,-5.029748019614,-5.94075173858971,-0,-180
3.88,10.5753906390839,-4.79043878985307,-5.60891847006878,-0,-180
3.9,9.97490684703736,-4.54804650654245,-5.27877046650788,-0,-180
3.92,9.37848377422415,-4.30351612860469,-4.95159437152019,-0,-180
3.94,8.78820731921432,-4.05782974784107,-4.62864053907583,-0,-180
3.96,8.20612682953702,-3.81200533597768,-4.31112020288892,-0,-180
3.98,7.63422370230726,-3.56708840209438,-4.00018199753642,-0,-180
4,7.07445442564537,-3.32414847166192,-3.69693753990485,-0,-180
4.02,6.52874467434243,-3.08427860040499,-3.40245471144816,-0,-180
4.04,5.998932341206,-2.84857491665663,-3.11772138857879,-0,-180
4.06,5.48684696043109,-2.61814937064149,-2.84369426266963,-0,-180
4.08,4.99417202105911,-2.39408153382883,-2.58121668890913,-0,-180
4.1,4.52266970114425,-2.17748568454606,-2.33115391103418,-0,-180
4.12,4.07394771382839,-1.96942799693784,-2.09425660831902,-0,-180
4.14,3.64958405329743,-1.77096230696279,-1.87123773814432,-0,-180
4.16,3.25099401012732,-1.58307127597714,-1.66270092747525,-0,-180
4.18,2.87968303784406,-1.40676581096871,-1.46928627587809,-0,-180
4.2,2.5369392023419,-1.24295286432406,-1.29150271723081,-0,-180
4.22,2.2239616406438,-1.09248025883319,-1.12980752562249,-0,-180
4.24,1.94107316206417,-0.955758209795323,-0.984201906716032,-0,-180
4.26,1.68772474808701,-0.832741895158923,-0.854251071715137,-0,-180
4.28,1.462476633282,-0.722922904573042,-0.739077484562591,-0,-180
4.3,1.26344495419234,-0.625539570536814,-0.637598279134318,-0,-180
4.32,1.08851697595255,-0.539684474438987,-0.548636104728838,-0,-180
4.34,0.935505488136349,-0.464384193206313,-0.470996617707256,-0,-180
4.36,0.802218647873799,-0.398638557382831,-0.403501460987721,-0,-180
4.38,0.686514279891831,-0.34145172990032,-0.345013267656729,-0,-180
4.4,0.586385855403665,-0.291878379543609,-0.294476767799136,-0,-180
4.42,0.500013549394313,-0.249117426623383,-0.250876095055497,-0,-180
4.44,0.425685260253448,-0.212970306352383,-0.212692609817226,-0,-180
4.46,0.361884671081192,-0.184168075959695,-0.177668437967284,-0,-180
4.48,0.307208743028184,-0.164033830317575,-0.143069870101944,-0,-180
4.5,0.260473801577791,-0.154329830187448,-0.105948911914687,-0,-180
4.52,0.22058758668422,-0.156948417965099,-0.0633245395974776,-0,-180
4.54,0.186602803406889,-0.173836834101424,-0.0123096066851982,-0,-180
4.56,0.15769544161041,-0.206905913628252,0.0498213312639755,-0,-180
4.58,0.133127941882613,-0.257859322600939,0.125499675602095,-0,-180
4.6,0.112289456363219,-0.328366736810292,0.216996906395779,-0,-180
4.62,0.0946318635197327,-0.419815740959883,0.326241178425589,-0,-180
4.64,0.0796858192694025,-0.533399954501123,0.454889786696923,-0,-180
4.66,0.0670499432025196,-0.670125846141082,0.60434683253705,-0,-180
4.68,0.0563756771630517,-0.830742600537563,0.775708177540959,-0,-180
4.7,0.0473668320160645,-1.01581721109919,0.969836671481841,-0,-180
4.72,0.039772652503192,-1.22576964028338,1.18740391819434,-0,-180
4.74,0.0333752000972043,-1.46076283604176,1.42879271237207,-0,-180
4.76,0.0279902024376165,-1.7208065666914,1.6941996264124,-0,-180
4.78,0.0234618767757862,-2.00577705067948,1.98365955607732,-0,-180
4.8,0.0196537945408374,-2.31524751489223,2.29688529177992,-0,-180
4.82,0.0164561847092535,-2.6488639259271,2.63363556200149,-0,-180
4.84,0.0137720610887087,-3.00597846712892,2.99336246196504,-0,-180
4.86,0.0115202464746067,-3.38584639282642,3.37540508308446,-0,-180
4.88,0.00963238911175075,-3.78761580890141,3.77898223940229,-0,-180
4.9,0.0080504040002381,-4.21029378337026,4.20316111407349,-0,-180
4.92,0.00672513760037919,-4.65275979225561,4.64687202581018,-0,-180
4.94,0.00561596744086862,-5.11385747227703,5.1090006026523,-0,-180
4.96,0.00468797186308516,-5.59226599509351,5.58826199995583,-0,-180
4.98,0.00391188335129092,-6.08657590297311,6.08327681304335,-0,-180
5,0.00326321369565589,-6.59529678735716,6.59257966912179,-0,-180
5.02,0.00272101484747861,-7.11679964451091,7.11456283459118,-0,-180
5.04,0.00226816739548425,-7.64942859822601,7.64758772360802,-0,-180
5.06,0.00189014301577939,-8.19141881859682,8.18990405882392,-0,-180
5.08,0.00157462105843304,-8.74090411931813,8.73965787649305,-0,-180
5.1,0.00131137980870417,-9.29595396151315,9.2949286841322,-0,-180
5.12,0.00109188095898015,-9.85456075400258,9.85371719519511,-0,-180
5.14,0.000908790204434296,-10.4146375352365,10.4139434841363,-0,-180
5.16,0.000756235913947944,-10.9740427142927,10.9734715409425,-0,-180
5.18,0.000629129147453206,-11.5305665770166,11.5300964135282,-0,-180
5.2,0.000523252321038502,-12.081950781676,12.0815636537185,-0,-180
5.22,0.00043509453666779,-12.6258870583788,12.6255681868783,-0,-180
5.24,0.000361700080767523,-13.1600449108697,13.1597821647191,-0,-180
5.26,0.000300605134655759,-13.6820782107504,13.6818616320105,-0,-180
5.28,0.000249781465043135,-14.1895900812715,14.1894114748063,-0,-180
5.3,0.000207507739111027,-14.6802176256775,14.6800702668511,-0,-180
5.32,0.000172352804477631,-15.1516136381553,15.1514920053249,-0,-180
5.34,0.000143129197065667,-15.6014412953595,15.6013408492689,-0,-180
5.36,0.000118828993022796,-16.0275077395218,16.0274247602429,-0,-180
5.38,9.86366779962795e-05,-16.4275653942672,16.4274968154947,-0,-180
5.4,8.18625625269603e-05,-16.7994940190083,16.7994373182711,-0,-180
5.42,6.79279112609132e-05,-17.1414109259843,17.1413640300989,-0,-180
5.44,5.63552664400539e-05,-17.4522370070478,17.4521982084921,-0,-180
5.46,4.67480133543309e-05,-17.7321028529928,17.7320707439546,-0,-180
5.48,3.87686648949088e-05,-17.9821922385191,17.9821656624802,-0,-180
5.5,3.21476326310602e-05,-18.2040556170375,18.2040336159383,-0,-180
5.52,2.66532093119485e-05,-18.3996706587994,18.3996524429394,-0,-180
5.54,2.20943135129713e-05,-18.5704295815353,18.5704144985436,-0,-180
5.56,1.83127391751591e-05,-18.7166576543606,18.7166451644973,-0,-180
5.58,1.51758795203943e-05,-18.8379436302637,18.8379332874658,-0,-180
5.6,1.25740587449487e-05,-18.9333711633956,18.9333625986109,-0,-180
5.62,1.04171171828657e-05,-19.0016839455691,19.0016768527436,-0,-180
5.64,8.62907053117601e-06,-19.0415720526328,19.0415661785675,-0,-180
5.66,7.14699013349489e-06,-19.0517313397613,19.0517264748665,-0,-180
5.68,5.91889382865669e-06,-19.0309271021829,19.0309230727772,-0,-180
5.7,4.90081756415938e-06,-18.9782274039816,18.9782240666614,-0,-180
5.72,4.05743046411592e-06,-18.8927278871161,18.8927251227562,-0,-180
5.74,3.3588495303637e-06,-18.773858280836,18.773855990801,-0,-180
5.76,2.78018046032183e-06,-18.6213511756522,18.6213492783458,-0,-180
5.78,2.30093993712748e-06,-18.4351691510722,18.4351675788979,-0,-180
5.8,1.90415791337904e-06,-18.21553200396,18.2155307009071,-0,-180
5.82,1.5754865575448e-06,-17.9630685512889,17.9630674711306,-0,-180
5.84,1.30346639404219e-06,-17.6784309241924,17.6784300285116,-0,-180
5.86,1.07830095644285e-06,-17.3626767903982,17.3626760474479,-0,-180
5.88,8.91933494636768e-07,-17.0170520098564,17.0170513933711,-0,-180
5.9,7.37714821686628e-07,-16.6429790010807,16.6429784893154,-0,-180
5.92,6.10084721701041e-07,-16.242111442476,16.2421110174619,-0,-180
5.94,5.04468342544703e-07,-15.8162290508032,15.8162286976753,-0,-180
5.96,4.17107150486408e-07,-15.3672011786798,15.3672008851204,-0,-180
5.98,3.44843521944726e-07,-14.8970674234425,14.8970671792705,-0,-180
6,2.85074505457645e-07,-14.4079402900524,14.407940086845,-0,-180
6.02,2.35651996647617e-07,-13.9019888426473,13.9019886734307,-0,-180
6.04,1.94763726338409e-07,-13.3814910266852,13.3814908857056,-0,-180
6.06,1.60960418298268e-07,-12.8486597623935,12.8486596448711,-0,-180
6.08,1.33015123931361e-07,-12.3057761389864,12.305776040964,-0,-180
6.1,1.09911073106777e-07,-11.7551215131372,11.7551214313387,-0,-180
6.12,9.08128183389978e-08,-11.198951084701,11.1989510164089,-0,-180
6.14,7.50292039143899e-08,-10.6394970694774,10.6394970124357,-0,-180
6.16,6.19787954808431e-08,-10.0789578676931,10.0789578200339,-0,-180
6.18,5.11967112658502e-08,-9.51948157149715,9.51948153166294,-0,-180
6.2,4.22872132239586e-08,-8.96316966548751,8.9631696321848,-0,-180
6.22,3.49254255599807e-08,-8.41206262549935,8.412062597652,-0,-180
6.24,2.88437405077987e-08,-7.86814470276006,7.86814467947114,-0,-180
6.26,2.3818581594099e-08,-7.33331498534645,7.3333149658693,-0,-180
6.28,1.96668862524181e-08,-6.80941219376975,6.8094121774813,-0,-180
6.3,1.62382136043168e-08,-6.29822547923616,6.29822546561539,-0,-180
6.32,1.3406272952186e-08,-5.80144197223223,5.8014419608441,-0,-180
6.34,1.10676164662794e-08,-5.32068821357819,5.32068820405897,-0,-180
6.36,9.13669145119652e-09,-4.85752657589283,4.85752656793813,-0,-180
6.38,7.54148883764639e-09,-4.41335605263275,4.41335604598842,-0,-180
6.4,6.2245550472536e-09,-3.98963453755957,3.98963453201201,-0,-180
6.42,5.13734034046417e-09,-3.58766348488146,3.58766348025206,-0,-180
6.44,4.23976439393781e-09,-3.20866097632415,3.20866097246317,-0,-180
6.46,3.49876782007912e-09,-2.85379007362313,2.85379007040494,-0,-180
6.48,2.887214335822e-09,-2.52413647006177,2.52413646738119,-0,-180
6.5,2.38217064798436e-09,-2.22061832941468,2.22061832718369,-0,-180
6.52,1.96547108734296e-09,-1.94409709943615,1.9440970975807,-0,-180
6.54,1.62160280135814e-09,-1.69409118946455,1.69409118792264,-0,-180
6.56,1.33778776224456e-09,-1.4683655324842,1.46836553120372,-0,-180
6.58,1.10364191821867e-09,-1.26350663413448,1.26350663307181,-0,-180
6.6,9.10345593690529e-10,-1.07539484716051,1.07539484627905,-0,-180
6.62,7.50910714880292e-10,-0.899667278081819,0.899667277351008,-0,-180
6.64,6.19314758738951e-10,-0.731937270944631,0.7319372703389,-0,-180
6.66,5.10797306942791e-10,-0.567952776407445,0.567952775905417,-0,-180
6.68,4.21253117074762e-10,-0.403751787989842,0.40375178757375,-0,-180
6.7,3.47438025939331e-10,-0.235718254669314,0.235718254324444,-0,-180
6.72,2.86533260577621e-10,-0.0606725039136214,0.0606725036277303,-0,-180
6.74,2.36206032684498e-10,0.124201673530347,-0.124201673767354,-0,-180
6.76,1.94818452426791e-10,0.321265604256337,-0.321265604452973,-0,-180
6.78,1.60624140915497e-10,0.53246363628396,-0.532463636447086,-0,-180
6.8,1.32460492722258e-10,0.759355129219514,-0.75935512935491,-0,-180
6.82,1.09207097899025e-10,1.00312088447676,-1.00312088458924,-0,-180
6.84,9.00103945652321e-11,1.26453972572671,-1.26453972582008,-0,-180
6.86,7.4234736006551e-11,1.54416306165251,-1.54416306173025,-0,-180
6.88,6.11984250235335e-11,1.84217088299384,-1.84217088305846,-0,-180
6.9,5.0442710672902e-11,2.15848503811448,-2.15848503816826,-0,-180
6.92,4.15834995353053e-11,2.49280042757332,-2.49280042761811,-0,-180
6.94,3.4285063477147e-11,2.84454697385066,-2.84454697388796,-0,-180
6.96,2.82500017670521e-11,3.21300962751907,-3.21300962755018,-0,-180
6.98,2.3322283984721e-11,3.59731043986563,-3.59731043989157,-0,-180
7,1.92683428042778e-11,3.99638548286881,-3.99638548289043,-0,-180
7.02,1.58380758131955e-11,4.40906344339274,-4.40906344341081,-0,-180
7.04,1.30710811160153e-11,4.83407718752236,-4.83407718753752,-0,-180
7.06,1.07914534050774e-11,5.27000556552624,-5.27000556553892,-0,-180
7.08,8.88223875833806e-12,5.71544681781913,-5.7154468178297,-0,-180
7.1,7.31867305307636e-12,6.16887386848132,-6.16887386849012,-0,-180
7.12,6.0938935568341e-12,6.62872385520057,-6.62872385520793,-0,-180
7.14,5.04441748795774e-12,7.09340094493746,-7.09340094494353,-0,-180
7.16,4.14826283179197e-12,7.56127723883105,-7.56127723883616,-0,-180
7.18,3.41309336211446e-12,8.03070518137154,-8.03070518137584,-0,-180
7.2,2.84977699459131e-12,8.50003068156377,-8.50003068156737,-0,-180
7.22,2.35201813236793e-12,8.96758832063032,-8.96758832063332,-0,-180
7.24,1.92460294994437e-12,9.43171627404968,-9.43171627405216,-0,-180
7.26,1.60299955945761e-12,9.89075391769489,-9.89075391769695,-0,-180
7.28,1.33178279730605e-12,10.3430715674669,-10.3430715674686,-0,-180
7.3,1.12239430147675e-12,10.7870374127665,-10.7870374127679,-0,-180
7.32,9.58694380806965e-13,11.2210319984316,-11.2210319984328,-0,-180
7.34,7.37888686099536e-13,11.6434842657697,-11.6434842657706,-0,-180
7.36,6.11014895830904e-13,12.0528418221311,-12.052841822132,-0,-180
7.38,5.72538645102481e-13,12.4475605905695,-12.4475605905703,-0,-180
7.4,4.82821177455761e-13,12.826237256973,-12.8262372569735,-0,-180
7.42,4.0711099922733e-13,13.1873641534303,-13.1873641534307,-0,-180
7.44,3.56819276981858e-13,13.5295860898605,-13.5295860898609,-0,-180
7.46,2.75053997076743e-13,13.8515837395753,-13.8515837395757,-0,-180
7.48,2.33227303257224e-13,14.1520845080789,-14.1520845080792,-0,-180
7.5,2.54444374517081e-13,14.4299003259851,-14.4299003259854,-0,-180
7.52,2.16952166046516e-13,14.6840201236264,-14.6840201236266,-0,-180
7.54,1.78111062161957e-13,14.9139390442756,-14.9139390442757,-0,-180
7.56,1.73357482522826e-13,15.1201158894645,-15.1201158894646,-0,-180
7.58,1.67369770949379e-13,15.3036228741423,-15.3036228741425,-0,-180
7.6,1.18542862018931e-13,15.465898589675,-15.4658985896751,-0,-180
7.62,1.09521856072105e-13,15.6085951107858,-15.6085951107859,-0,-180
7.64,1.04908636196237e-13,15.7328490678681,-15.7328490678681,-0,-180
7.66,1.4263877395242e-13,15.8390182333941,-15.8390182333941,-0,-180
7.68,1.23875392094537e-13,15.9269165440614,-15.9269165440615,-0,-180
7.7,1.02045976668253e-13,15.9959576885502,-15.9959576885502,-0,-180
7.72,6.40136993807805e-14,16.0453060794431,-16.0453060794431,-0,-180
7.74,5.3761846792901e-14,16.0741545412134,-16.0741545412135,-0,-180
7.76,9.17595174920854e-14,16.0814976417662,-16.0814976417662,-0,-180
7.78,5.08888749034163e-14,16.0665060577019,-16.0665060577019,-0,-180
7.8,1.23821990980315e-13,16.0284201573371,-16.0284201573371,-0,-180
7.82,8.55987985445789e-14,15.9665880009364,-15.9665880009364,-0,-180
7.84,7.63333123551244e-14,15.8805263427032,-15.8805263427031,-0,-180
7.86,1.01777749806833e-13,15.7699373683628,-15.7699373683628,-0,-180
7.88,9.80294948502998e-14,15.6345900473382,-15.6345900473382,-0,-180
7.9,5.90984946027421e-14,15.4744966151156,-15.4744966151156,-0,-180
7.92,1.0693198312875e-13,15.2898181245588,-15.2898181245588,-0,-180
7.94,9.27451017531662e-14,15.0808467106119,-15.0808467106119,-0,-180
7.96,1.01777749806833e-13,14.8481027874655,-14.8481027874656,-0,-180
7.98,5.08888749034163e-14,14.5921471659145,-14.5921471659144,-0,-180
8,1.01777749806833e-13,14.3136884943355,-14.3136884943355,-0,-180
8.02,8.41296750334701e-14,14.0136079365261,-14.0136079365261,-0,-180
8.04,1.00649466870166e-13,13.6928621428344,-13.6928621428344,-0,-180
8.06,5.08888749034163e-14,13.3524848094229,-13.352484809423,-0,-180
8.08,2.78685055689966e-14,12.993710128682,-12.993710128682,-0,-180
8.1,7.29779314399423e-14,12.617694635172,-12.6176946351719,-0,-180
8.12,7.63333123551244e-14,12.2257769818912,-12.2257769818912,-0,-180
8.14,6.25131643005294e-14,11.8193379078274,-11.8193379078274,-0,-180
8.16,8.68228405605129e-14,11.3998063892106,-11.3998063892105,-0,-180
8.18,7.36692227702223e-14,10.9686788359096,-10.9686788359096,-0,-180
8.2,7.63333123551244e-14,10.527501035148,-10.527501035148,-0,-180
8.22,7.91402142862199e-14,10.0778280858434,-10.0778280858433,-0,-180
8.24,7.29127122980961e-14,9.62128237905533,-9.62128237905528,-0,-180
8.26,7.63333123551244e-14,9.15951255247891,-9.1595125524789,-0,-180
8.28,5.08888749034163e-14,8.69419199236672,-8.6941919923667,-0,-180
8.3,9.5452308976387e-14,8.22702441370299,-8.22702441370299,-0,-180
8.32,7.6657582066877e-14,7.75972249748228,-7.75972249748219,-0,-180
8.34,6.99611148240702e-14,7.29402407817755,-7.29402407817756,-0,-180
8.36,3.47385057765884e-14,6.83167362327323,-6.8316736232732,-0,-180
8.38,7.63333123551244e-14,6.37442448485186,-6.37442448485188,-0,-180
8.4,7.86659060233649e-14,5.92404293788992,-5.92404293788991,-0,-180
8.42,9.47234311954058e-14,5.48224595873007,-5.48224595873004,-0,-180
8.44,7.63333123551244e-14,5.0508114234992,-5.05081142349921,-0,-180
8.46,6.55551623848458e-14,4.63145317393573,-4.6314531739357,-0,-180
8.48,7.63333123551244e-14,4.22587026517762,-4.22587026517759,-0,-180
8.5,5.63620735373035e-14,3.83574372125846,-3.83574372125838,-0,-180
8.52,5.08888749034163e-14,3.46269298619981,-3.46269298619979,-0,-180
8.54,6.0926656187937e-14,3.1082839033238,-3.10828390332374,-0,-180
8.56,5.08888749034163e-14,2.77408345741342,-2.77408345741345,-0,-180
8.58,7.15599099049735e-14,2.46154422354489,-2.46154422354484,-0,-180
8.6,5.08888749034163e-14,2.17204876960345,-2.1720487696034,-0,-180
8.62,8.18139091677115e-14,1.90685673429956,-1.90685673429954,-0,-180
8.64,7.63333123551244e-14,1.66648250073049,-1.66648250073043,-0,-180
8.66,5.27547469905914e-14,1.4506410327362,-1.45064103273617,-0,-180
8.68,5.08888749034163e-14,1.25832052335259,-1.25832052335257,-0,-180
8.7,8.19130806003656e-14,1.08805030192138,-1.08805030192127,-0,-180
8.72,5.08888749034163e-14,0.938153207271183,-0.938153207271153,-0,-180
8.74,9.07393400739061e-14,0.80685327568514,-0.806853275685086,-0,-180
8.76,1.01777749806833e-13,0.692279544607222,-0.69227954460715,-0,-180
8.78,7.63333123551244e-14,0.592734164386877,-0.592734164386814,-0,-180
8.8,-7.10147645619035e-10,0.506520358440917,-0.506520359883342,-0,-180
8.82,-7.49492793452653e-05,0.431999232523438,-0.432151118160602,-0,-180
8.84,-0.000945781933608655,0.367015945955353,-0.368928813051982,-0,-180
8.86,-0.00429524039647457,0.308565750873738,-0.317238357189711,-0,-180
8.88,-0.0124484297891885,0.253144277572814,-0.278242985130982,-0,-180
8.9,-0.0280946670411846,0.197031047640279,-0.253606172346697,-0,-180
8.92,-0.0540414941586317,0.136493691899625,-0.245204462175828,-0,-180
8.94,-0.0930662535845473,0.0679473573151317,-0.254993583763147,-0,-180
8.96,-0.147825365032793,-0.0119644086820745,-0.284911696993517,-0,-180
8.98,-0.220687246952352,-0.106233761271117,-0.336684341337971,-0,-180
9,-0.313866962198443,-0.217596293241528,-0.411988404754123,-0,-180
9.02,-0.429248844098892,-0.34839757088229,-0.512232182784245,-0,-180
9.04,-0.568389540468607,-0.500595429480939,-0.638559994209482,-0,-180
9.06,-0.732572257707381,-0.67581631232379,-0.791904371804325,-0,-180
9.08,-0.922796612148826,-0.875355404275316,-0.972965383955613,-0,-180
9.1,-1.13965653926301,-1.10006714769506,-1.18207570841109,-0,-180
9.12,-1.38365726042275,-1.35067117566985,-1.41952748606867,-0,-180
9.14,-1.65490604294792,-1.62746532221615,-1.6852408280927,-0,-180
9.16,-1.9532873341283,-1.93049593518337,-1.97894290076336,-0,-180
9.18,-2.27847554556552,-2.25957524848558,-2.30017564294965,-0,-180
9.2,-2.6298769637234,-2.61422844319586,-2.6482321975061,-0,-180
9.22,-3.00672321109806,-2.99378770464046,-3.02224934452305,-0,-180
9.24,-3.40810627664098,-3.39742978275231,-3.42123976850791,-0,-180
9.26,-3.83288610961028,-3.82408770017417,-3.84399544604366,-0,-180
9.28,-4.27978025036182,-4.27254063665837,-4.28917684418278,-0,-180
9.3,-4.74737828505684,-4.74143012445815,-4.75532558880122,-0,-180
9.32,-5.23405961472532,-5.22918029681593,-5.24077973469798,-0,-180
9.34,-5.73820873641143,-5.73421202995799,-5.74389019362508,-0,-180
9.36,-6.25803859977435,-6.25476956658925,-6.26284086724179,-0,-180
9.38,-6.79166164224566,-6.78899167017548,-6.79571959318828,-0,-180
9.4,-7.33712826998442,-7.33495064121423,-7.34055615950229,-0,-180
9.42,-7.89241946340684,-7.89064576316049,-7.8953141268771,-0,-180
9.44,-8.45542826005901,-8.45398562772681,-8.45787148597715,-0,-180
9.46,-9.02405193086239,-9.02288001876665,-9.02611328013869,-0,-180
9.48,-9.59611367171768,-9.59516284875718,-9.59785199926034,-0,-180
9.5,-10.1694206346734,-10.168650101713,-10.1708857990787,-0,-180
9.52,-10.7417640492684,-10.7411402970999,-10.7429983214865,-0,-180
9.54,-11.3109352130225,-11.3104308168308,-11.3119743608079,-0,-180
9.56,-11.8747328525968,-11.8743253739846,-11.8756071762949,-0,-180
9.58,-12.4309546532539,-12.4306257357798,-12.4316898564413,-0,-180
9.6,-12.9774359874071,-12.9771706770444,-12.9780538130701,-0,-180
9.62,-13.5120419856046,-13.5118281094248,-13.5125608351853,-0,-180
9.64,-14.0326676068192,-14.0324952654032,-14.0331030575958,-0,-180
9.66,-14.5373294808376,-14.5371906663159,-14.5376946627094,-0,-180
9.68,-15.0240002786569,-15.0238884801937,-15.0243063263565,-0,-180
9.7,-15.4907728103492,-15.4906827636918,-15.491029124075,-0,-180
9.72,-15.9358312079325,-15.9357586640482,-15.9360457161397,-0,-180
9.74,-16.3574184579123,-16.3573599873014,-16.3575978523164,-0,-180
9.76,-16.7538585967674,-16.7538114347705,-16.754008522189,-0,-180
9.78,-17.1236741247978,-17.1236360526479,-17.1237993237568,-0,-180
9.8,-17.4653164022731,-17.4652856296903,-17.465420882364,-0,-180
9.82,-17.7775468066548,-17.7775218982067,-17.7776339348568,-0,-180
9.84,-18.0598682611441,-18.0598480664903,-18.0599408681883,-0,-180
9.86,-18.3128458310979,-18.3128294292579,-18.3129062977139,-0,-180
9.88,-18.5378772386523,-18.5378638942421,-18.5379275614566,-0,-180
9.9,-18.7367820229314,-18.7367711474707,-18.7368238778254,-0,-180
9.92,-18.9115295665666,-18.9115206880607,-18.9115643603483,-0,-180
9.94,-19.0636060444147,-19.0635987842793,-19.0636349533816,-0,-180
9.96,-19.1934978704141,-19.1934919235961,-19.1935218781208,-0,-180
9.98,-19.3009570008193,-19.3009521208529,-19.3009769291851,-0,-180
10,-19.3853807327117,-19.3853767209812,-19.3853972652315,-0,-180
10.02,-19.4457266573113,-19.4457233524202,-19.4457403662645,-0,-180
10.04,-19.4809279822633,-19.4809252536511,-19.4809393441794,-0,-180
10.06,-19.4898959672091,-19.4898937091669,-19.4899053788712,-0,-180
10.08,-19.4715685343882,-19.4715666611958,-19.471576326409,-0,-180
10.1,-19.4249935136276,-19.4249919557558,-19.4249999613038,-0,-180
10.12,-19.3494479548453,-19.3494466559966,-19.3494532867427,-0,-180
10.14,-19.2442125844161,-19.2442114987069,-19.2442169912863,-0,-180
10.16,-19.1088734379723,-19.1088725281344,-19.1088770782055,-0,-180
10.18,-18.9431861822438,-18.9431854179267,-18.9431891874327,-0,-180
10.2,-18.7470717643578,-18.747071120776,-18.7470742438743,-0,-180
10.22,-18.5207242343528,-18.5207236912692,-18.5207262788342,-0,-180
10.24,-18.2644485794842,-18.2644481202878,-18.2644502642093,-0,-180
10.26,-17.9787150288156,-17.9787146398299,-17.9787164162922,-0,-180
10.28,-17.6642415329104,-17.6642412028682,-17.6642426748836,-0,-180
10.3,-17.3218786978402,-17.3218784174165,-17.32187963718,-0,-180
10.32,-16.9526051169109,-16.9526048783547,-16.9526058891477,-0,-180
10.34,-16.5576975160165,-16.5576973128969,-16.5576981504261,-0,-180
10.36,-16.1383496557165,-16.1383494826326,-16.1383501766173,-0,-180
10.38,-15.6960351226895,-15.6960349751191,-15.6960355501405,-0,-180
10.4,-15.2323200524326,-15.2323199265719,-15.2323204029922,-0,-180
10.42,-14.748863549071,-14.748863441708,-14.7488638364101,-0,-180
10.44,-14.2474370768776,-14.2474369852936,-14.2474373122692,-0,-180
10.46,-13.7299323761094,-13.7299322980018,-13.7299325688277,-0,-180
10.48,-13.1982460475524,-13.1982459809567,-13.1982462052579,-0,-180
10.5,-12.65440634625,-12.6544062894941,-12.6544064752406,-0,-180
10.52,-12.100489658255,-12.1004896099119,-12.1004897637088,-0,-180
10.54,-11.5386155229921,-11.538615481841,-11.538615609168,-0,-180
10.56,-10.9709611116176,-10.9709610766158,-10.9709611820066,-0,-180
10.58,-10.3997122122837,-10.3997121825373,-10.3997122697552,-0,-180
10.6,-9.82708428149426,-9.82708425623616,-9.82708432840447,-0,-180
10.62,-9.25530802519183,-9.2553080037656,-9.25530806346964,-0,-180
10.64,-8.68661256637082,-8.68661254821324,-8.68661259759671,-0,-180
10.66,-8.12323128468442,-8.12323126931253,-8.12323131015391,-0,-180
10.68,-7.56733522184101,-7.56733520884252,-7.56733524260947,-0,-180
10.7,-7.02113683606701,-7.02113682508723,-7.02113685300154,-0,-180
10.72,-6.48676721909488,-6.48676720983087,-6.48676723290275,-0,-180
10.74,-5.9663195164952,-5.96631950868799,-5.96631952775381,-0,-180
10.76,-5.4618458226706,-5.46184581609877,-5.46184583185147,-0,-180
10.78,-4.97533008744931,-4.97533008192388,-4.9753300949371,-0,-180
10.8,-4.50864404292782,-4.50864403828801,-4.50864404903566,-0,-180
10.82,-4.06368033740389,-4.06368033351228,-4.06368034238775,-0,-180
10.84,-3.64217387597364,-3.6421738727135,-3.64217388004187,-0,-180
10.86,-3.245779261764,-3.24577925903613,-3.24577926508625,-0,-180
10.88,-2.87607934859243,-2.87607934631269,-2.87607935130689,-0,-180
10.9,-2.53447062992007,-2.5344706280172,-2.53447063213907,-0,-180
10.92,-2.22217587791654,-2.22217587633012,-2.22217587973162,-0,-180
10.94,-1.93901315088132,-1.93901314956031,-1.93901315236717,-0,-180
10.96,-1.68267397429068,-1.6826739731917,-1.68267397550763,-0,-180
10.98,-1.44947052381894,-1.44947052290555,-1.44947052481611,-0,-180
11,-1.23491920685704,-1.23491920609833,-1.23491920767458,-0,-180
11.02,-1.03406631269985,-1.03406631207019,-1.03406631337031,-0,-180
11.04,-0.842013734785736,-0.842013734263221,-0.842013735335606,-0,-180
11.06,-0.653920412711267,-0.653920412277819,-0.653920413162294,-0,-180
11.08,-0.465255685143096,-0.465255684783573,-0.465255685512963,-0,-180
11.1,-0.271864231272187,-0.271864230973999,-0.27186423157546,-0,-180
11.12,-0.0700236411051613,-0.0700236408577386,-0.0700236413537176,-0,-180
11.14,0.143506217273908,0.143506217479217,0.143506217070276,-0,-180
11.16,0.371558073620717,0.371558073791186,0.371558073454024,-0,-180
11.18,0.616467675788656,0.616467675930198,0.616467675652259,-0,-180
11.2,0.880134131687477,0.880134131805036,0.880134131575913,-0,-180
11.22,1.16405767520091,1.16405767529864,1.1640576751098,-0,-180
11.24,1.46927704436053,1.46927704444181,1.46927704428616,-0,-180
11.26,1.79654166965541,1.79654166972298,1.79654166959474,-0,-180
11.28,2.14625792681781,2.14625792687406,2.14625792676836,-0,-180
11.3,2.51846674485723,2.51846674490407,2.51846674481696,-0,-180
11.32,2.91295223324565,2.91295223328466,2.91295223321294,-0,-180
11.34,3.32927151529275,3.32927151532526,3.32927151526616,-0,-180
11.36,3.7666079774739,3.76660797750101,3.7666079774524,-0,-180
11.38,4.22412404278754,4.22412404281006,4.22412404277005,-0,-180
11.4,4.70065753468372,4.70065753470248,4.70065753466955,-0,-180
11.42,5.19490138528197,5.19490138529761,5.1949013852705,-0,-180
11.44,5.70540631383184,5.70540631384489,5.70540631382267,-0,-180
11.46,6.23057119431786,6.23057119432878,6.23057119431042,-0,-180
11.48,6.7686613324122,6.76866133242123,6.76866133240618,-0,-180
11.5,7.31788770007004,7.31788770007758,7.31788770006524,-0,-180
11.52,7.87632745450254,7.87632745450884,7.87632745449866,-0,-180
11.54,8.44199100880828,8.4419910088135,8.44199100880518,-0,-180
11.56,9.01283172835421,9.01283172835852,9.0128317283517,-0,-180
11.58,9.58674433050322,9.58674433050679,9.58674433050121,-0,-180
11.6,10.1616025563142,10.1616025563172,10.1616025563125,-0,-180
11.62,10.7352453518578,10.7352453518602,10.7352453518565,-0,-180
11.64,11.3055022642613,11.3055022642634,11.3055022642603,-0,-180
11.66,11.8702015045548,11.8702015045565,11.870201504554,-0,-180
11.68,12.4271637776954,12.4271637776968,12.4271637776947,-0,-180
11.7,12.974290364691,12.9742903646922,12.9742903646905,-0,-180
11.72,13.5094230049197,13.5094230049206,13.5094230049193,-0,-180
11.74,14.0305037554639,14.0305037554646,14.0305037554635,-0,-180
11.76,14.5355129169659,14.5355129169665,14.5355129169656,-0,-180
11.78,15.0224749226823,15.0224749226828,15.0224749226821,-0,-180
11.8,15.4894974653062,15.4894974653066,15.4894974653061,-0,-180
11.82,15.9347910184962,15.9347910184966,15.9347910184962,-0,-180
11.84,16.3565602383023,16.3565602383026,16.3565602383022,-0,-180
11.86,16.7531689415918,16.753168941592,16.7531689415917,-0,-180
11.88,17.1230681370854,17.1230681370855,17.1230681370853,-0,-180
11.9,17.464782340845,17.4647823408451,17.4647823408449,-0,-180
11.92,17.7771226790724,17.7771226790725,17.7771226790724,-0,-180
11.94,18.05953761918,18.0595376191801,18.05953761918,-0,-180
11.96,18.312584430603,18.312584430603,18.312584430603,-0,-180
11.98,18.5376596975163,18.5376596975163,18.5376596975163,-0,-180
12,18.7365837569621,18.7365837569621,18.7365837569621,-0,-180
12.02,18.911334414716,18.911334414716,18.911334414716,-0,-180
12.04,19.0634683517203,19.0634683517203,19.0634683517203,-0,-180
12.06,19.1933841705275,19.1933841705274,19.1933841705275,-0,-180
12.08,19.3008880027003,19.3008880027002,19.3008880027003,-0,-180
12.1,19.3852973445716,19.3852973445715,19.3852973445716,-0,-180
12.12,19.445640409086,19.445640409086,19.445640409086,-0,-180
12.14,19.4808536949509,19.4808536949507,19.4808536949509,-0,-180
12.16,19.489857754101,19.489857754101,19.489857754101,-0,-180
12.18,19.4715488220677,19.4715488220677,19.4715488220677,-0,-180
12.2,19.4249996700872,19.4249996700871,19.4249996700872,-0,-180
12.22,19.3494191181325,19.3494191181323,19.3494191181325,-0,-180
12.24,19.2441528660064,19.2441528660063,19.2441528660064,-0,-180
12.26,19.1088503653852,19.1088503653852,19.1088503653852,-0,-180
12.28,18.9431827806545,18.9431827806544,18.9431827806544,-0,-180
12.3,18.7470867245708,18.7470867245707,18.7470867245708,-0,-180
12.32,18.520731058101,18.5207310581008,18.520731058101,-0,-180
12.34,18.2644310756444,18.2644310756443,18.2644310756444,-0,-180
12.36,17.978671018599,17.9786710185988,17.978671018599,-0,-180
12.38,17.6642344744221,17.664234474422,17.6642344744222,-0,-180
12.4,17.321870193559,17.3218701935589,17.321870193559,-0,-180
12.42,16.952629450209,16.952629450209,16.9526294502091,-0,-180
12.44,16.5576839885442,16.5576839885441,16.5576839885442,-0,-180
12.46,16.1383243986955,16.1383243986954,16.1383243986955,-0,-180
12.48,15.6960183635312,15.696018363531,15.6960183635312,-0,-180
12.5,15.2323235441681,15.2323235441681,15.2323235441681,-0,-180
12.52,14.7488743644852,14.748874364485,14.7488743644852,-0,-180
12.54,14.2474571767422,14.2474571767421,14.2474571767421,-0,-180
12.56,13.7299309699934,13.7299309699932,13.7299309699934,-0,-180
12.58,13.1982288193406,13.1982288193404,13.1982288193406,-0,-180
12.6,12.654405026992,12.6544050269919,12.654405026992,-0,-180
12.62,12.1004913736997,12.1004913736996,12.1004913736998,-0,-180
12.64,11.5386201924038,11.5386201924037,11.5386201924039,-0,-180
12.66,10.9709623361325,10.9709623361324,10.9709623361326,-0,-180
12.68,10.3997111881772,10.399711188177,10.3997111881771,-0,-180
12.7,9.82708491364747,9.82708491364735,9.82708491364748,-0,-180
12.72,9.25530781918413,9.255307819184,9.25530781918414,-0,-180
12.74,8.68661311553829,8.68661311553817,8.68661311553829,-0,-180
12.76,8.12322260589268,8.12322260589258,8.12322260589267,-0,-180
12.78,7.56733934815094,7.56733934815081,7.56733934815096,-0,-180
12.8,7.02114868334814,7.02114868334802,7.02114868334814,-0,-180
12.82,6.48677583206313,6.48677583206296,6.48677583206313,-0,-180
12.84,5.96631468900382,5.96631468900371,5.96631468900385,-0,-180
12.86,5.46183336296564,5.46183336296556,5.46183336296567,-0,-180
12.88,4.97530322969983,4.97530322969968,4.97530322969983,-0,-180
12.9,4.50864393097954,4.50864393097935,4.50864393097956,-0,-180
12.92,4.06371170611535,4.06371170611524,4.0637117061154,-0,-180
12.94,3.64217462825619,3.64217462825609,3.64217462825617,-0,-180
12.96,3.24577146891464,3.24577146891451,3.24577146891469,-0,-180
12.98,2.87605365529714,2.87605365529705,2.87605365529712,-0,-180
13,2.53445759964003,2.5344575996399,2.53445759964003,-0,-180
13.02,2.2222652188508,2.22226521885067,2.2222652188508,-0,-180
13.04,1.93999928320099,1.93999928320089,1.93999928320098,-0,-180
13.06,1.68699195642057,1.68699195642044,1.68699195642057,-0,-180
13.08,1.46198935965957,1.46198935965941,1.46198935965959,-0,-180
13.1,1.26313064074219,1.26313064074208,1.26313064074219,-0,-180
13.12,1.08832614845803,1.08832614845795,1.08832614845808,-0,-180
13.14,0.93540301886234,0.935403018862238,0.935403018862335,-0,-180
13.16,0.802146223518876,0.802146223518759,0.802146223518876,-0,-180
13.18,0.686452481210212,0.686452481210097,0.686452481210263,-0,-180
13.2,0.586354505794271,0.586354505639117,0.586354505961162,-0,-180
13.22,0.499988864876781,0.499973584864299,0.500006165204106,-0,-180
13.24,0.425653650819701,0.425474428756385,0.425884993122274,-0,-180
13.26,0.361755041337573,0.361008316061521,0.362869204687572,-0,-180
13.28,0.306722907383149,0.304768581475885,0.31012630296989,-0,-180
13.3,0.259085282256043,0.255165209889088,0.267160566783733,-0,-180
13.32,0.217347011315473,0.210781251238124,0.233629861839471,-0,-180
13.34,0.180024410037081,0.170446079028404,0.20933117674419,-0,-180
13.36,0.145646083029286,0.133254378848437,0.194157589672848,-0,-180
13.38,0.112749750887871,0.0985682893240062,0.188051910179188,-0,-180
13.4,0.0798917829037931,0.0660021726372174,0.190910313794706,-0,-180
13.42,0.0456571549751536,0.0354421906100881,0.202671695496844,-0,-180
13.44,0.00867614304171449,0.00700036080485533,0.2231504570021,-0,-180
13.46,-0.0323647762451603,-0.0189839670153743,0.252093823460973,-0,-180
13.48,-0.0786873396218787,-0.0419797473890561,0.289115071193013,-0,-180
13.5,-0.131457316807392,-0.0612567348514614,0.333751138296402,-0,-180
13.52,-0.191699552949613,-0.0759470204220136,0.385356539066753,-0,-180
13.54,-0.260332119265399,-0.0850399377493851,0.443162210958296,-0,-180
13.56,-0.338121782032365,-0.0874246644746466,0.506243483723344,-0,-180
13.58,-0.425697789258319,-0.0818942902847711,0.573538700706803,-0,-180
13.6,-0.523516262746728,-0.0671854445943705,0.643839098086555,-0,-180
13.62,-0.631814984425777,-0.0420426712194986,0.715801017133324,-0,-180
13.64,-0.75072038667023,-0.00512426880999503,0.787972115882678,-0,-180
13.66,-0.880113534285053,0.0448483906024773,0.858785299849866,-0,-180
13.68,-1.01968264593214,0.109122468093921,0.926587292786823,-0,-180
13.7,-1.16889084987146,0.188843633153132,0.989670800233364,-0,-180
13.72,-1.32704116581923,0.285143285691135,1.04625745035991,-0,-180
13.74,-1.49319764860352,0.398986323437158,1.09455907057051,-0,-180
13.76,-1.66622514969748,0.531199059883222,1.13278835547388,-0,-180
13.78,-1.84479638007869,0.682456698282315,1.15917276141464,-0,-180
13.8,-2.02739372384946,0.853258840905845,1.17197268637114,-0,-180
13.82,-2.21231055028439,1.04381561973912,1.16957489835732,-0,-180
13.84,-2.39768577208396,1.25424469048944,1.15034177880504,-0,-180
13.86,-2.58149123184939,1.48431010548279,1.11281603625111,-0,-180
13.88,-2.76156383757236,1.73353128560918,1.05563937637414,-0,-180
13.9,-2.93561113358161,2.00116573844667,0.977556345912183,-0,-180
13.92,-3.10126947352626,2.2861122034439,0.87752853463465,-0,-180
13.94,-3.25604808751254,2.587060557963,0.754538861210922,-0,-180
13.96,-3.39742741630123,2.90232984823863,0.607792514126783,-0,-180
13.98,-3.52285757908393,3.22993620968061,0.436635999286665,-0,-180
14,-3.62974162138569,3.56760867259483,0.240506192996401,-0,-180
14.02,-3.7156192040609,3.91273033177922,0.0191233454026825,-0,-180
14.04,-3.77791677658278,4.26245509972802,-0.227851986458326,-0,-180
14.06,-3.81426552727857,4.6136285262268,-0.500480072312213,-0,-180
14.08,-3.82232823914861,4.96285756297057,-0.798771480344399,-0,-180
14.1,-3.80000199111429,5.30654340551135,-1.12252594454094,-0,-180
14.12,-3.74521936753213,5.64087927099493,-1.47152580130308,-0,-180
14.14,-3.65616475923238,5.96191647164808,-1.84537013824936,-0,-180
14.16,-3.53135448150496,6.26567206388156,-2.24344962416131,-0,-180
14.18,-3.36930529970159,6.54799606440665,-2.66516971753025,-0,-180
14.2,-3.16896649592738,6.80483056472581,-3.10965823585495,-0,-180
14.22,-2.92955209672319,7.03219317730181,-3.57587638203063,-0,-180
14.24,-2.65045927594967,7.22614762938169,-4.06263824464696,-0,-180
14.26,-2.33149643969026,7.38304720976292,-4.56846701213053,-0,-180
14.28,-1.972688204283,7.49943033085734,-5.09166699215055,-0,-180
14.3,-1.57449254316183,7.57230581219657,-5.63019808656834,-0,-180
14.32,-1.13748024087113,7.59886526705397,-6.1817672077035,-0,-180
14.34,-0.662641424419219,7.57688371686652,-6.74367298445667,-0,-180
14.36,-0.151351979496768,7.50478696680633,-7.31281925559007,-0,-180
14.38,0.394975603908874,7.38120716891502,-7.88574357465232,-0,-180
14.4,0.974454934239046,7.2056378665724,-8.45851773194204,-0,-180
14.42,1.58498541417322,6.97810967587892,-9.0267909865798,-0,-180
14.44,2.22420614793907,6.69927346970857,-9.58578636875717,-0,-180
14.46,2.88954191355063,6.37031755101801,-10.1302970171555,-0,-180
14.48,3.57815236352292,5.9930440713409,-10.6547335348885,-0,-180
14.5,4.28692849794507,5.56987245396013,-11.153233462383,-0,-180
14.52,5.0125904420178,5.10357364044762,-11.6196172458519,-0,-180
14.54,5.75162646582728,4.59732533948706,-12.047506518947,-0,-180
14.56,6.50028280373613,4.05469077086723,-12.4305078842362,-0,-180
14.58,7.25460640169732,3.47939555699191,-12.7621779387297,-0,-180
14.6,8.01042492890483,2.87538820956584,-13.0363986222405,-0,-180
14.62,8.76337377642331,2.24656004523196,-13.2471755734942,-0,-180
14.64,9.50886893963568,1.59675086871978,-13.3888679847898,-0,-180
14.66,10.2421428030025,0.92970032802208,-13.4564795840846,-0,-180
14.68,10.9582844613221,0.248926617885567,-13.4457409864651,-0,-180
14.7,11.6521764914205,-0.44238209385111,-13.3528809771705,-0,-180
14.72,12.3185901782036,-1.1413571268713,-13.1750483406909,-0,-180
14.74,12.9522089501884,-1.84551233746803,-12.9102809775655,-0,-180
14.76,13.5478034732525,-2.55276560821321,-12.5578001165757,-0,-180
14.78,14.0998748954057,-3.26146607961173,-12.1171355614095,-0,-180
14.8,14.6031766882709,-3.9703501376041,-11.5891768104727,-0,-180
14.82,15.0527680668452,-4.6785390381986,-10.9759187288185,-0,-180
14.84,15.4435252799792,-5.38548078976847,-10.2795932693706,-0,-180
14.86,15.770927725061,-6.0909013127322,-9.50372132840208,-0,-180
14.88,16.0308835110904,-6.79472768744807,-8.65257267544521,-0,-180
14.9,16.2197160489601,-7.49699607866329,-7.73100705505251,-0,-180
14.92,16.3341283257654,-8.19775105895005,-6.74435548518027,-0,-180
14.94,16.3716691184865,-8.896944248979,-5.6987066211025,-0,-180
14.96,16.330569042028,-9.59431417232307,-4.60059454117787,-0,-180
14.98,16.2096586299133,-10.2892648594804,-3.45687759475222,-0,-180
15,16.0087611357933,-10.9807636385995,-2.27487171201264,-0,-180
15.02,15.7280682832805,-11.6672030227193,-1.06199078257866,-0,-180
15.04,15.3688411217648,-12.3463406121802,0.173991372182366,-0,-180
15.06,14.9328927603874,-13.0151970400307,1.42520478081613,-0,-180
15.08,14.4227175077536,-13.670018914337,2.68366578005169,-0,-180
15.1,13.8413856214314,-14.3062602395084,3.94134028421231,-0,-180
15.12,13.1924106757115,-14.9185786878033,5.19017543088596,-0,-180
15.14,12.4798424750151,-15.5009674766693,6.42217461745897,-0,-180
15.16,11.707930768123,-16.0467499890157,7.6293823675531,-0,-180
15.18,10.8812512709009,-16.5488154322185,8.80397257867425,-0,-180
15.2,10.0045029945776,-16.9997061181172,9.93822434582058,-0,-180
15.22,9.08271511496082,-17.3922045547094,11.0248802397195,-0,-180
15.24,8.12059727162773,-17.7189390441385,12.05673525005,-0,-180
15.26,7.12308710135779,-17.9735554581585,13.0275010856425,-0,-180
15.28,6.09487954680384,-18.1502438648836,13.9312902376404,-0,-180
15.3,5.0405724067514,-18.2442079133041,14.7629146661657,-0,-180
15.32,3.96453257194035,-18.2514181315888,15.5176116305935,-0,-180
15.34,2.87098706751147,-18.1689816616254,16.1913519316655,-0,-180
15.36,1.76398946802229,-17.9950929463209,16.780832840631,-0,-180
15.38,0.647393209304128,-17.7285399133422,17.2830808254223,-0,-180
15.4,-0.475027865079675,-17.3693037188433,17.6961010024268,-0,-180
15.42,-1.59959681770346,-16.9182802291417,18.018748687983,-0,-180
15.44,-2.72270026271947,-16.3770709530138,18.2506565195689,-0,-180
15.46,-3.84073648410459,-15.7479126753002,18.3922879732356,-0,-180
15.48,-4.95014252416519,-15.0341259175312,18.4455298689404,-0,-180
15.5,-6.04725032527004,-14.2388972523765,18.4125153303551,-0,-180
15.52,-7.12835975146614,-13.3662736164951,18.2967184748969,-0,-180
15.54,-8.18967126296505,-12.4206178844613,18.102404519626,-0,-180
15.56,-9.22734986625795,-11.4067947671435,17.8348005862076,-0,-180
15.58,-10.2373012248474,-10.3295633294904,17.4993731748406,-0,-180
15.6,-11.2154167656449,-9.19422161291814,17.1024141223575,-0,-180
15.62,-12.1574486037815,-8.00619926505654,16.6504641632497,-0,-180
15.64,-13.0590009677653,-6.77106160931981,16.1501622602685,-0,-180
15.66,-13.9157137784389,-5.49465713594539,15.6082269447555,-0,-180
15.68,-14.7230819392711,-4.18287671793495,15.0310452342323,-0,-180
15.7,-15.4766233361172,-2.8417909924764,14.4246582952222,-0,-180
15.72,-16.1719213877668,-1.47762023023137,13.7945949834523,-0,-180
15.74,-16.8047010482074,-0.096725188095523,13.1457551946136,-0,-180
15.76,-17.3707660858921,1.29441446190874,12.4822999790385,-0,-180
15.78,-17.8663243611828,2.68916211426206,11.8076554489067,-0,-180
15.8,-18.2878287418961,4.08076563784689,11.1244375198968,-0,-180
15.82,-18.6322119589575,5.46235496470758,10.4344840107902,-0,-180
15.84,-18.8967550467294,6.82691888409545,9.73886486833315,-0,-180
15.86,-19.0796089506859,8.1674324804269,9.03796315518492,-0,-180
15.88,-19.1793038317384,9.47675457151396,8.33150682381755,-0,-180
15.9,-19.1948925178585,10.7476156055895,7.61865329288504,-0,-180
15.92,-19.1263340993064,11.9728195256725,6.8981035586271,-0,-180
15.94,-18.9740976576415,13.1450954805039,6.16816537229599,-0,-180
15.96,-18.7394205185726,14.25729086376,5.42687779914483,-0,-180
15.98,-18.4241089129187,15.3023234101846,4.67209389199036,-0,-180
16,-18.0305168323742,16.2732426625013,3.90157849097476,-0,-180
16.02,-17.561492222741,17.1632909326458,3.11310247954578,-0,-180
16.04,-17.0204935749539,17.9662227779265,2.30459347424469,-0,-180
16.06,-16.4111582611072,18.6759868213704,1.47413447323403,-0,-180
16.08,-15.7374793424525,19.287114989768,0.62011696950803,-0,-180
16.1,-15.003659946875,19.7947624703318,-0.258689996812403,-0,-180
16.12,-14.2140836890933,20.1949224569158,-1.16303632535598,-0,-180
16.14,-13.3730561711477,20.4841413732746,-2.09320891817588,-0,-180
16.16,-12.4849923345594,20.6601082157907,-3.04884438058652,-0,-180
16.18,-11.5544254684442,20.7220628938341,-4.02880705622089,-0,-180
16.2,-10.5855042346457,20.6696101175523,-5.03139992144524,-0,-180
16.22,-9.58247479015797,20.5041676260585,-6.05401854607936,-0,-180
16.24,-8.54939005795794,20.2282626539863,-7.09326588746276,-0,-180
16.26,-7.4901843974235,19.8457994100771,-8.14487820936412,-0,-180
16.28,-6.40860309243778,19.3617354367358,-9.2037442220667,-0,-180
16.3,-5.30827801529625,18.7822785259721,-10.263873425556,-0,-180
16.32,-4.19273050036291,18.1147907606143,-11.3184612403967,-0,-180
16.34,-3.06534051322292,17.3673753349214,-12.3599510564409,-0,-180
16.36,-1.92937945030437,16.5486697028524,-13.380055573732,-0,-180
16.38,-0.788077923350966,15.6680112721837,-14.369983671207,-0,-180
16.4,0.35539473620383,14.7348432007862,-15.3204755594874,-0,-180
16.42,1.49788568127324,13.7587191273517,-16.2220926720178,-0,-180
16.44,2.63624405780416,12.7489986430205,-17.0653902569003,-0,-180
16.46,3.76726100851322,11.7145998967225,-17.8408671134236,-0,-180
16.48,4.88767873389079,10.6640377897066,-18.5395912226669,-0,-180
16.5,5.9941377935815,9.60515846521201,-19.153115256239,-0,-180
16.52,7.08324426805968,8.54506591000849,-19.6741635294963,-0,-180
16.54,8.15134467635109,7.49005907666939,-20.0957259987266,-0,-180
16.56,9.19475192927669,6.44558815880233,-20.4124476606771,-0,-180
16.58,10.2095928156142,5.41624237404425,-20.6199823557162,-0,-180
16.6,11.1919026375373,4.4057186655537,-20.7154353461213,-0,-180
16.62,12.1374887047582,3.41692708441756,-20.6968874175639,-0,-180
16.64,13.042048519634,2.45196613085786,-20.5637726509709,-0,-180
16.66,13.9014007572057,1.51205901230453,-20.3172577861467,-0,-180
16.68,14.7109427334325,0.597930775984634,-19.9587285785957,-0,-180
16.7,15.466347006598,-0.290483770814148,-19.4912903144187,-0,-180
16.72,16.1631552669089,-1.15373002669536,-18.9185916995498,-0,-180
16.74,16.7972929397377,-1.99294976972645,-18.2455202195915,-0,-180
16.76,17.3645476734416,-2.80956588580099,-17.4770978393652,-0,-180
16.78,17.8610424615604,-3.60536853933854,-16.6190694586637,-0,-180
16.8,18.2832952124748,-4.38240585500892,-15.6777077831899,-0,-180
16.82,18.6284917810969,-5.14291577553468,-14.6598455116025,-0,-180
16.84,18.8937339151255,-5.88907016739798,-13.5720209281012,-0,-180
16.86,19.0770567224665,-6.62308099114408,-12.4213448311824,-0,-180
16.88,19.1770748752041,-7.34700514720761,-11.2150015521192,-0,-180
16.9,19.1930871660077,-8.06265584863624,-9.96024352835622,-0,-180
16.92,19.1247965156294,-8.77148259068364,-8.66420737284184,-0,-180
16.94,18.9728175424062,-9.47452034634932,-7.33414865266886,-0,-180
16.96,18.7383837156976,-10.1722708932537,-5.97724178089521,-0,-180
16.98,18.4232352807253,-10.8646177356931,-4.6005572310028,-0,-180
17,18.0297049512124,-11.5507594296186,-3.21109854715661,-0,-180
17.02,17.5609625349316,-12.2291900042149,-1.81577838448037,-0,-180
17.04,17.0200566797938,-12.8975692117491,-0.42134881965584,-0,-180
17.06,16.4108135241954,-13.5528106293363,0.965540059218535,-0,-180
17.08,15.7372060721314,-14.1910317457989,2.3383766589083,-0,-180
17.1,15.0034263006255,-14.8076091285805,3.69078376308768,-0,-180
17.12,14.2138547062186,-15.3972779088505,5.01655331849744,-0,-180
17.14,13.3728622326042,-15.9541707274008,6.30958831350505,-0,-180
17.16,12.484882258534,-16.4720109868545,7.56397058150048,-0,-180
17.18,11.5542539605452,-16.9441790631578,8.77388256076496,-0,-180
17.2,10.5854075158863,-17.3641821275757,9.93390236704829,-0,-180
17.22,9.58239053184839,-17.7252224493391,11.0384317669115,-0,-180
17.24,8.54932895909786,-18.0210667320422,12.0823707326556,-0,-180
17.26,7.49009804807252,-18.2456893478366,13.0606431509805,-0,-180
17.28,6.40852961246945,-18.3939583860387,13.96872238221,-0,-180
17.3,5.30824538542795,-18.461317227134,14.8022628001242,-0,-180
17.32,4.19270588092988,-18.4438222858569,15.5570956315703,-0,-180
17.34,3.0653130338239,-18.3386754469066,16.2297220777412,-0,-180
17.36,1.92935715888734,-18.1439254606839,16.8170807034459,-0,-180
17.38,0.788059450306271,-17.8586002344206,17.3167514673265,-0,-180
17.4,-0.355409852949695,-17.4825367001546,17.7268996809198,-0,-180
17.42,-1.49789842907756,-17.0165349305606,18.0465575837938,-0,-180
17.44,-2.63625466864927,-16.462177578579,18.2755884568796,-0,-180
17.46,-3.76726870069424,-15.8214722868311,18.4144470354687,-0,-180
17.48,-4.88768587003656,-15.0973552586996,18.4648239475022,-0,-180
17.5,-5.9941495250595,-14.2931561972712,18.4291860495577,-0,-180
17.52,-7.08324830612765,-13.4128920876229,18.3111510867611,-0,-180
17.54,-8.1513548039156,-12.4605959315367,18.1147792433834,-0,-180
17.56,-9.19475838657828,-11.4408946626368,17.8451756686193,-0,-180
17.58,-10.2095798851468,-10.3586349065074,17.5080178317796,-0,-180
17.6,-11.1918842744393,-9.21905593189139,17.1096332479583,-0,-180
17.62,-12.1374957803463,-8.02740470505117,16.6564508680122,-0,-180
17.64,-13.0420832373731,-6.78913557679554,16.1550643372909,-0,-180
17.66,-13.9013574005513,-5.51003118258613,15.6121843032125,-0,-180
17.68,-14.710900328292,-4.19594460209702,15.0342067131961,-0,-180
17.7,-15.4662960573168,-2.85289671072713,14.4271604548674,-0,-180
17.72,-16.163167844864,-1.48705478199344,13.7965525012048,-0,-180
17.74,-16.7973104138253,-0.104742879108822,13.1472735955466,-0,-180
17.76,-17.3645283022607,1.28760556837913,12.4834596503571,-0,-180
17.78,-17.8610530865513,2.68338180732267,11.8085250349251,-0,-180
17.8,-18.2834012375011,4.07586119110284,11.1250788641051,-0,-180
17.82,-18.6284888839004,5.45819467275265,10.4349445666026,-0,-180
17.84,-18.8936623686491,6.82340100146973,9.73918702973378,-0,-180
17.86,-19.0770565389344,8.16446791439934,9.03817982236061,-0,-180
17.88,-19.1771374815018,9.47423338925988,8.33163944860757,-0,-180
17.9,-19.1930463038052,10.745462476405,7.61872206601468,-0,-180
17.92,-19.1247941739389,11.9709960916131,6.89812833540395,-0,-180
17.94,-18.9728415433595,13.1435710723031,6.16816261633839,-0,-180
17.96,-18.7383669489848,14.255995502412,5.42685233420027,-0,-180
17.98,-18.4232347804404,15.3012297939784,4.67205488993247,-0,-180
18,-18.0297920309986,16.2723195447795,3.90153145220007,-0,-180
18.02,-17.5608745363462,17.1624915347937,3.11304676567336,-0,-180
18.04,-17.0199878155168,17.9655542360693,2.30453881335248,-0,-180
18.06,-16.4107461216417,18.6754316313168,1.47408343058494,-0,-180
18.08,-15.7371417860854,19.2866523616081,0.620069867305276,-0,-180
18.1,-15.0033770511935,19.794365444579,-0.258735506916454,-0,-180
18.12,-14.2138533649586,20.1945947049123,-1.16307608849509,-0,-180
18.14,-13.3728489588677,20.4838250410597,-2.09325384575087,-0,-180
18.16,-12.4848428359796,20.6598978058134,-3.04887167488978,-0,-180
18.18,-11.5542964190386,20.7218711526321,-4.02883448739962,-0,-180
18.2,-10.5853955903719,20.6694427710043,-5.03142491487191,-0,-180
18.22,-9.58235792820251,20.5039276303578,-6.0540549795734,-0,-180
18.24,-8.54932911928986,20.2281986945803,-7.09327741014669,-0,-180
18.26,-7.49011947068206,19.8456843067023,-8.14489417128449,-0,-180
18.28,-6.40855039518757,19.3616428412664,-9.20375636941123,-0,-180
18.3,-5.30822764720458,18.7821613375107,-10.2638800889696,-0,-180
18.32,-4.19270459934747,18.1147920282455,-11.3184775462343,-0,-180
18.34,-3.06531245255747,17.3673308530068,-12.3599564412686,-0,-180
18.36,-1.92935748763901,16.5486448967698,-13.3800646943259,-0,-180
18.38,-0.788059411474462,15.6679870737274,-14.3699895921052,-0,-180
18.4,0.35540980399064,14.7348010257257,-15.320456570556,-0,-180
18.42,1.49790276159767,13.7587381917284,-16.2221591383036,-0,-180
18.44,2.63625423107168,12.7489829857223,-17.0653900600256,-0,-180
18.46,3.76726743206464,11.7145840415599,-17.840851941864,-0,-180
18.48,4.88769136811343,10.6640306490287,-18.5396248834864,-0,-180
18.5,5.99415738117763,9.60515075565989,-19.15318829739,-0,-180
18.52,7.08324897897832,8.5450589796313,-19.6741622812606,-0,-180
18.54,8.15134880575317,7.49005336053393,-20.095725766944,-0,-180
18.56,9.19472847127182,6.44559776417291,-20.4123442126824,-0,-180
18.58,10.2096158086503,5.41622684395085,-20.6200515705957,-0,-180
18.6,11.1919004308853,4.40571821642638,-20.7154207759484,-0,-180
18.62,12.13747528278,3.41693344967443,-20.6968439902067,-0,-180
18.64,13.0420429480334,2.45196796128984,-20.5637544593284,-0,-180
18.66,13.9013979842893,1.51205942973021,-20.3172477535853,-0,-180
18.68,14.7109496783033,0.597926592246646,-19.9587395310814,-0,-180
18.7,15.4663407196841,-0.29048182395274,-19.4912768444301,-0,-180
18.72,16.163185673344,-1.15374237260873,-18.9186392684862,-0,-180
18.74,16.797328112904,-1.99296223314443,-18.245569506978,-0,-180
18.76,17.3645492068731,-2.80956677540977,-17.4770988447477,-0,-180
18.78,17.861039082014,-3.60536804826256,-16.6190646692394,-0,-180
18.8,18.2833780417081,-4.38242392873748,-15.6777889747602,-0,-180
18.82,18.6284794205342,-5.14291396125102,-14.6598339648882,-0,-180
18.84,18.8937035336688,-5.88906610153095,-13.5719969098366,-0,-180
18.86,19.0770105609881,-6.62307586347402,-12.4213135881438,-0,-180
18.88,19.1770133222478,-7.34699955781707,-11.2149657488653,-0,-180
18.9,19.1930979097469,-8.0626569008956,-9.96024854767152,-0,-180
18.92,19.1248063223971,-8.77148327462307,-8.66421131312919,-0,-180
18.94,18.9728093984029,-9.47451979278587,-7.33414589917761,-0,-180
18.96,18.7382679791399,-10.1722633137468,-5.97721334434337,-0,-180
18.98,18.4231243442086,-10.864609095569,-4.60053912481302,-0,-180
19,18.0298053905178,-11.5507695193621,-3.21110650220503,-0,-180
19.02,17.5609516144909,-12.2291884443418,-1.81577851597775,-0,-180
19.04,17.020063705264,-12.8975704640492,-0.421348067190479,-0,-180
19.06,16.4108116449465,-13.5528100651393,0.965539661381883,-0,-180
19.08,15.7372062532202,-14.191031742751,2.33837672398522,-0,-180
19.1,15.003370287689,-14.8075819002913,3.69075681643711,-0,-180
19.12,14.2138205327886,-15.3972560042021,5.01653150257934,-0,-180
19.14,13.3728531294278,-15.9541626685016,6.30958043500467,-0,-180
19.16,12.4848307478236,-16.4719550959037,7.56391623516687,-0,-180
19.18,11.5542987486382,-16.9442389987761,8.77393996858603,-0,-180
19.2,10.5853997166495,-17.364167656659,9.93388877768488,-0,-180
19.22,9.58239322339205,-17.725227230837,11.0384362352615,-0,-180
19.24,8.54932465862714,-18.0210544554217,12.0823594378461,-0,-180
19.26,7.49011232272932,-18.2457377823338,13.0606877082741,-0,-180
19.28,6.40852819836659,-18.3939515630555,13.9687161179187,-0,-180
19.3,5.30823196669074,-18.4612426864445,14.8021937227972,-0,-180
19.32,4.19270493433289,-18.4438161789295,15.5570900004764,-0,-180
19.34,3.06531188739928,-18.3386662380066,16.2297135014477,-0,-180
19.36,1.92935655696869,-18.1439233559946,16.817078996708,-0,-180
19.38,0.788059145619168,-17.8586192100165,17.3167707106557,-0,-180
19.4,-0.355411759731486,-17.4826185070511,17.7269826841124,-0,-180
19.42,-1.49789810269902,-17.0165073174725,18.0465299223596,-0,-180
19.44,-2.63625544892931,-16.4621779195948,18.2755893249097,-0,-180
19.46,-3.76727091790047,-15.8214854588024,18.4144613767922,-0,-180
19.48,-4.88769198352508,-15.0973889248539,18.4648602914244,-0,-180
19.5,-5.99416192901943,-14.2932108928716,18.4292452668883,-0,-180
19.52,-7.08323040851341,-13.4128318178135,18.3110852359787,-0,-180
19.54,-8.15135273224971,-12.4605916433843,18.1147742473746,-0,-180
19.56,-9.19476529511541,-11.4409109164577,17.8451928437191,-0,-180
19.58,-10.2095945032439,-10.3586619224111,17.5080462443987,-0,-180
19.6,-11.1919102782105,-9.21909362807472,17.1096723793418,-0,-180
19.62,-12.1374635609455,-8.02736860533371,16.656413048758,-0,-180
19.64,-13.0420561850275,-6.78911151139875,16.1550395562849,-0,-180
19.66,-13.9013354327841,-5.51001595142325,15.6121687533886,-0,-180
19.68,-14.7108857912982,-4.19593738088748,15.0341989249047,-0,-180
19.7,-15.466286187416,-2.85289362536045,14.427156436912,-0,-180
19.72,-16.1631644994104,-1.4870546860312,13.7965513316658,-0,-180
19.74,-16.7973359503136,-0.104747222404418,13.1472787196876,-0,-180
19.76,-17.3645507240558,1.28760407717128,12.4834626940068,-0,-180
19.78,-17.8610591197026,2.68338177402491,11.8085252438646,-0,-180
19.8,-18.2834130571165,4.07586268364441,11.1250793883916,-0,-180
19.82,-18.6284865789288,5.45819431463457,10.4349439454165,-0,-180
19.84,-18.8936299189167,6.82339167396125,9.7391845513123,-0,-180
19.86,-19.0770056545938,8.16444900129892,9.03817612080599,-0,-180
19.88,-19.1771187155648,9.47422504694268,8.33163773990764,-0,-180
19.9,-19.1930841258727,10.7454833488411,7.61872526232663,-0,-180
19.92,-19.1247868022726,11.9709916408843,6.89812727786507,-0,-180
19.94,-18.9728192504588,13.1435550274886,6.16815938072778,-0,-180
19.96,-18.7383795173121,14.2560061614123,5.42685432113987,-0,-180
19.98,-18.4232329239626,15.3012282898645,4.67205440116524,-0,-180
20,-18.0298026351775,16.272331230325,3.90153383769051,-0,-180
20.02,-17.560870631115,17.1624869521406,3.11304548438311,-0,-180
20.04,-17.0199804410879,17.9655443529152,2.3045362279747,-0,-180
20.06,-16.4107355981201,18.6754156606004,1.47407934644846,-0,-180
20.08,-15.7371303183122,19.2866327057006,0.620064945882848,-0,-180
20.1,-15.0033685760942,19.7943490310507,-0.258739489141051,-0,-180
20.12,-14.2138521337142,20.1945920560974,-1.1630766677839,-0,-180
20.14,-13.3728512729651,20.4838304399279,-2.09325241402459,-0,-180
20.16,-12.4848306164909,20.6598646614344,-3.04887842416632,-0,-180
20.18,-11.554299097771,20.7218788125197,-4.02883243331221,-0,-180
20.2,-10.5854089733514,20.6694868404827,-5.03141646399691,-0,-180
20.22,-9.58236700585824,20.5039605613317,-6.05404929371612,-0,-180
20.24,-8.54933102585531,20.2282065427225,-7.09327603828009,-0,-180
20.26,-7.49012514177428,19.8457104026342,-8.14489196899341,-0,-180
20.28,-6.40854814618245,19.3616321396566,-9.20375641027156,-0,-180
20.3,-5.30822934746913,18.7821721957448,-10.263880722633,-0,-180
20.32,-4.19270636547871,18.1148063185252,-11.3184803317433,-0,-180
20.34,-3.06531150501123,17.3673268562027,-12.3599560121172,-0,-180
20.36,-1.92935702337231,16.5486456389948,-13.3800660210072,-0,-180
20.38,-0.788059008553461,15.6679914487525,-14.3699940684585,-0,-180
20.4,0.355410368425528,14.7348024086259,-15.3204586904904,-0,-180
20.42,1.49790146931483,13.7587215167515,-16.2221315858626,-0,-180
20.44,2.63625574475795,12.7489862867976,-17.0653996084054,-0,-180
20.46,3.76726882970754,11.7145858999696,-17.8408601852387,-0,-180
20.48,4.88767362767416,10.6640205320363,-18.5395161721556,-0,-180
20.5,5.99414674214222,9.60515045124887,-19.1531319327152,-0,-180
20.52,7.08324721996128,8.5450597586867,-19.6741546847473,-0,-180
20.54,8.15135478804476,7.49005103667831,-20.095752067716,-0,-180
20.56,9.19473438062471,6.44559481592515,-20.4123678006443,-0,-180
20.58,10.2096216760956,5.41622358760557,-20.6200722438649,-0,-180
20.6,11.191911351849,4.40571188525439,-20.7154547435801,-0,-180
20.62,12.137469776657,3.41693680155862,-20.6968286428102,-0,-180
20.64,13.0420713619459,2.45195238381396,-20.5638251188615,-0,-180
20.66,13.9013977588154,1.5120597093833,-20.3172465943733,-0,-180
20.68,14.7109603816448,0.597921663442323,-19.9587601221395,-0,-180
20.7,15.4663659237959,-0.290492533620577,-19.4913211214218,-0,-180
20.72,16.1631683684597,-1.15373553527347,-18.9186101225821,-0,-180
20.74,16.7973300509713,-1.9929628490392,-18.2455715436177,-0,-180
20.76,17.3645265779328,-2.80956012018198,-17.4770696935866,-0,-180
20.78,17.8609914518803,-3.60535607001284,-16.6190111773118,-0,-180
20.8,18.2832948422849,-4.38240614075063,-15.6777063193261,-0,-180
20.82,18.6284767414502,-5.14291348376335,-14.659831723783,-0,-180
20.84,18.8937034208528,-5.88906608211532,-13.5719970128014,-0,-180
20.86,19.0770790659026,-6.62308405937369,-12.4213593847595,-0,-180
20.88,19.1771499172379,-7.34701283350273,-11.2150447734125,-0,-180
20.9,19.1930796050455,-8.06265538466754,-9.96023985965632,-0,-180
20.92,19.1247824838592,-8.77148167380368,-8.66420179802797,-0,-180
20.94,18.9727563012492,-9.4745164553132,-7.33412897139023,-0,-180
20.96,18.7383115404562,-10.1722661724404,-5.97722437834001,-0,-180
20.98,18.423220911326,-10.8646167408989,-4.6005548827729,-0,-180
21,18.0297543743229,-11.550764559289,-3.21110245724697,-0,-180
21.02,17.5609525417976,-12.2291886995994,-1.81577860711076,-0,-180
21.04,17.020064400569,-12.8975707715498,-0.421348035501271,-0,-180
21.06,16.4108012956496,-13.5528075305074,0.965537359239482,-0,-180
21.08,15.7371911364546,-14.1910263800208,2.33837143297103,-0,-180
21.1,15.0034257114933,-14.8076084896835,3.69078301238465,-0,-180
21.12,14.213855176563,-15.3972775839764,5.01655294048334,-0,-180
21.14,13.3728564318579,-15.954164953218,6.30958258450761,-0,-180
21.16,12.4848641350108,-16.4719900632013,7.56395021278299,-0,-180
21.18,11.5542778852655,-16.9442100588549,8.77391219451228,-0,-180
21.2,10.58540227641,-17.3641712632523,9.93389209744191,-0,-180
21.22,9.58239782689017,-17.7252159486202,11.03842194408,-0,-180
21.24,8.54932723229036,-18.0207686320527,12.0820448146605,-0,-180
21.26,7.49022569594312,-18.2445904053131,13.0593855874211,-0,-180
21.28,6.40904680685231,-18.3908696246515,13.9651240110577,-0,-180
21.3,5.30968159213312,-18.4543456362804,14.7940342127698,-0,-180
21.32,4.19602091197063,-18.4305830171186,15.5411954686998,-0,-180
21.34,3.07198930526983,-18.3163124738768,16.2023155193653,-0,-180
21.36,1.9415180719698,-18.1093629496596,16.7737216324984,-0,-180
21.38,0.808562768025433,-17.8086215950913,17.2524114308625,-0,-180
21.4,-0.322864080712522,-17.4140307365259,17.6361673128359,-0,-180
21.42,-1.44872304092418,-16.9271618387279,17.9243069001404,-0,-180
21.44,-2.56485571917173,-16.3498320406419,18.1164103604472,-0,-180
21.46,-3.66705517801431,-15.6853490109121,18.2137621229066,-0,-180
21.48,-4.75099260282453,-14.9376439546694,18.218569301484,-0,-180
21.5,-5.81228334471251,-14.1115640273006,18.1343719497222,-0,-180
21.52,-6.84639976453736,-13.212430086028,17.9655910823679,-0,-180
21.54,-7.84884072013682,-12.2463526233204,17.7178882768752,-0,-180
21.56,-8.81483169938525,-11.2195010237185,17.3972470190061,-0,-180
21.58,-9.73973399658062,-10.138778209123,17.010670324306,-0,-180
21.6,-10.6188059768594,-9.01125153281997,16.5653668312364,-0,-180
21.62,-11.4474346007579,-7.84432955072821,16.0688127201164,-0,-180
21.64,-12.221062537156,-6.6455699539775,15.52835386723,-0,-180
21.66,-12.9353034277968,-5.42269212060874,14.9510721352855,-0,-180
21.68,-13.5860604252657,-4.1835358215492,14.3436184428895,-0,-180
21.7,-14.169428910471,-2.93598993564925,13.7119993981669,-0,-180
21.72,-14.6820579410965,-1.68799808195588,13.0615842716067,-0,-180
21.74,-15.1210021054412,-0.447478579259943,12.3969537912869,-0,-180
21.76,-15.4839096170315,0.77771186549431,11.7219162407723,-0,-180
21.78,-15.7689918560302,1.97980583118396,11.0395093613707,-0,-180
21.8,-15.9753308422718,3.15127000427027,10.3520670478662,-0,-180
21.82,-16.102457659282,4.28468817311328,9.66126259506826,-0,-180
21.84,-16.1508012685415,5.37298482714723,8.96823027183405,-0,-180
21.86,-16.1215475452629,6.40945973005312,8.27365919668356,-0,-180
21.88,-16.0164518210631,7.38772430790351,7.57790571502247,-0,-180
21.9,-15.8380525688624,8.30194626511103,6.8811130120504,-0,-180
21.92,-15.5894288904964,9.14677409518487,6.18332036647233,-0,-180
21.94,-15.2742804491677,9.91754456943559,5.48457154070247,-0,-180
21.96,-14.8967315052955,10.6102343561919,4.78500980313335,-0,-180
21.98,-14.4613031286321,11.2215756683321,4.08496384703084,-0,-180
22,-13.9728202500019,11.7491030572551,3.38501943037466,-0,-180
22.02,-13.4362987615443,12.1911368220275,2.68607807118516,-0,-180
22.04,-12.8570366789996,12.5471608557512,1.9893888981942,-0,-180
22.06,-12.2401805479335,12.8170985147539,1.29659436620419,-0,-180
22.08,-11.5910676939433,13.0021577981868,0.609711894962781,-0,-180
22.1,-10.9148806027269,13.1041313136939,-0.0688367222527865,-0,-180
22.12,-10.2168408657287,13.1260788628211,-0.736323474995043,-0,-180
22.14,-9.50190220808063,13.0713252592402,-1.38963185855789,-0,-180
22.16,-8.77496002692776,12.9442593543083,-2.02543314059361,-0,-180
22.18,-8.04070053474799,12.7496650568568,-2.64014312728889,-0,-180
22.2,-7.30364042515644,12.4931788644722,-3.23018708604469,-0,-180
22.22,-6.56807472199452,12.1803221351302,-3.7917468958726,-0,-180
22.24,-5.83810563047773,11.8172289581827,-4.32118977704944,-0,-180
22.26,-5.11761275933367,11.4101057586676,-4.81499998523857,-0,-180
22.28,-4.41025833384862,10.9651707173675,-5.26987887688989,-0,-180
22.3,-3.71952241062437,10.4885168629358,-5.68275042054163,-0,-180
22.32,-3.04853772809848,9.98624049785055,-6.05120649083892,-0,-180
22.34,-2.40037739591141,9.46396654170901,-6.37290867177684,-0,-180
22.36,-1.77775121745908,8.9271578769288,-6.64630597748848,-0,-180
22.38,-1.18321053384764,8.38086142620085,-6.8702332857976,-0,-180
22.4,-0.618933972169951,7.82975944795829,-7.04430493237478,-0,-180
22.42,-0.0869661426545366,7.27809439291195,-7.16850450265814,-0,-180
22.44,0.410948054299962,6.72970900969293,-7.243452384883,-0,-180
22.46,0.873346235970957,6.18803811690994,-7.27033773443095,-0,-180
22.48,1.29916599288131,5.65608289778913,-7.25101114117914,-0,-180
22.5,1.68739709462968,5.13653761617173,-7.18750622000155,-0,-180
22.52,2.03749088514772,4.63170516988376,-7.08249648118978,-0,-180
22.54,2.34917946555003,4.14356969060456,-6.93899763994875,-0,-180
22.56,2.62250179871964,3.67381839039323,-6.7603355709715,-0,-180
22.58,2.85767815766765,3.22393740506168,-6.54998591975121,-0,-180
22.6,3.05535345884674,2.79511171178103,-6.31172321586816,-0,-180
22.62,3.21633395399592,2.38838449017253,-6.04935311588659,-0,-180
22.64,3.34187132395492,2.0044981703138,-5.76684487948748,-0,-180
22.66,3.43318708097847,1.64420744469068,-5.46801308029121,-0,-180
22.68,3.49195845576585,1.30796094921368,-5.1567392754454,-0,-180
22.7,3.51991442282861,0.996174906445669,-4.83674176563953,-0,-180
22.72,3.51913153695143,0.708989872127243,-4.51163334969047,-0,-180
22.74,3.49164728662139,0.446574578284111,-4.18480604591677,-0,-180
22.76,3.43974922788568,0.208855527220039,-3.85945524767518,-0,-180
22.78,3.36577300442277,-0.0043298478626827,-3.53853023765728,-0,-180
22.8,3.27213818640212,-0.193296982476301,-3.22471383456829,-0,-180
22.82,3.16128422560657,-0.358471334895504,-2.92041989323351,-0,-180
22.84,3.03572611955508,-0.500519120838964,-2.62771896237187,-0,-180
22.86,2.89786401348765,-0.620088663178436,-2.34846308595567,-0,-180
22.88,2.75012032868555,-0.71805703168349,-2.08416460235562,-0,-180
22.9,2.59486997430126,-0.795505323328476,-1.83597519697226,-0,-180
22.92,2.43434681548787,-0.853492890433809,-1.60487408101435,-0,-180
22.94,2.27071829689932,-0.893320991158483,-1.39145922445778,-0,-180
22.96,2.10601140164503,-0.91637914457063,-1.19606834651322,-0,-180
22.98,1.94211077455899,-0.924116382946465,-1.01882461857871,-0,-180
23,1.78074427138611,-0.918103586318774,-0.859564353022361,-0,-180
23.02,1.62346809329485,-0.899963052100744,-0.717912304635598,-0,-180
23.04,1.4716643095069,-0.871351105508952,-0.593305733500655,-0,-180
23.06,1.32648959852761,-0.833990615082514,-0.48491292313368,-0,-180
23.08,1.18895676779495,-0.789533626246423,-0.391867848494336,-0,-180
23.1,1.05984084499977,-0.739655449003794,-0.31307367979999,-0,-180
23.12,0.939723059268487,-0.685971438883297,-0.247336274340735,-0,-180
23.14,0.828995533082844,-0.630025601340422,-0.19337798522213,-0,-180
23.16,0.727796907028995,-0.573274946957829,-0.149786158525915,-0,-180
23.18,0.636144439179721,-0.517056821697714,-0.115174813056074,-0,-180
23.2,0.553824111438515,-0.462583408500112,-0.088075466070366,-0,-180
23.22,0.480448052122848,-0.410902368155853,-0.0670298882141636,-0,-180
23.24,0.415481048614797,-0.36277057113194,-0.0507395306875067,-0,-180
23.26,0.358268193098538,-0.318584611186954,-0.0381581652883725,-0,-180
23.28,0.308151309632525,-0.278501796706646,-0.0284808812470737,-0,-180
23.3,0.264432183617617,-0.242481974570812,-0.0210627688286736,-0,-180
23.32,0.226438335462268,-0.210368609240212,-0.0154009681356529,-0,-180
23.34,0.193533216246471,-0.181930726188498,-0.0111018913942605,-0,-180
23.36,0.165109449614242,-0.156882689877407,-0.00785433814144229,-0,-180
23.38,0.140634153728507,-0.134938151671898,-0.00542039687438056,-0,-180
23.4,0.11960735365767,-0.11579343066333,-0.00361094293311658,-0,-180
23.42,0.101582817476031,-0.0991546179076449,-0.00227935620856273,-0.00022604842109228,-180
23.44,0.0861654912718567,-0.0847446879149314,-0.00131207726239161,-0.00286117057058542,-180
23.46,0.0729944934855158,-0.0722955674683128,-0.000619813158691622,-0.0129513087239332,-180
23.48,0.0617697958891703,-0.0615768349608788,-0.000135577320561766,-0.037547548483063,-180
23.5,0.0522160661430498,-0.0523681638971548,0.00019359328732969,-0.0846832724062171,-180
23.52,0.044096083289115,-0.0444741667038689,0.000408004638923699,-0.162767834272334,-180
23.54,0.0372046707972173,-0.0377215315511624,0.00053838070465058,-0.28014823259173,-180
23.56,0.0313624261920789,-0.0319551628386143,0.000608175971222618,-0.444685979346337,-180
23.58,0.0264148678289944,-0.0270388851810499,0.000635067650405242,-0.663588170157021,-180
23.6,0.0222309441531139,-0.0228552950853117,0.00063224382938428,-0.94344627699865,-180
23.62,0.0186960147359634,-0.0192999929693085,0.000609604840466678,-1.2898551670896,-180
23.64,0.0157122194030214,-0.0162826385694991,0.000574422791180166,-1.70753478036592,-180
23.66,0.0131962679035317,-0.0137254045105831,0.000531980755646244,-2.20037549808925,-180
23.68,0.01107539488958,-0.0115594498717608,0.000486071554436544,-2.77102671262449,-180
23.7,0.0092900534568847,-0.00972795940855209,0.000439333676270487,-3.42179793083112,-180
23.72,0.00778815809212502,-0.00818072529037311,0.000393576589538895,-4.15387239234747,-180
23.74,0.00652544949232227,-0.00687471466193009,0.000349977783828571,-4.96761374229544,-180
23.76,0.00546464305539133,-0.00577339817535152,0.000309257558785017,-5.86273499934661,-180
23.78,0.00457409726692442,-0.00484554910763395,0.000271805675697791,-6.83824879327715,-180
23.8,0.00382660517350017,-0.0040641222758692,0.000237765924322668,-7.89226621931242,-180
23.82,0.00319992779901665,-0.00340689314726203,0.000207140150743509,-9.02276000256841,-180
23.84,0.00267472267563647,-0.00285440640965455,0.000179806405713698,-10.2267972715346,-180
23.86,0.00223477639347217,-0.00239026703519152,0.000155576639712969,-11.5009955318765,-180
23.88,0.0018664809656232,-0.00200064607886854,0.000134225346927004,-12.8415596306573,-180
23.9,0.00155822399579727,-0.00167368279473272,0.000115500941600811,-14.2441050833145,-180
23.92,0.00130036758059064,-0.00139949151884996,9.91533945711128e-05,-15.704004976703,-180
23.94,0.00108482270557429,-0.00116974102102956,8.49388889468652e-05,-17.2163136179077,-180
23.96,0.000904689626811819,-0.000977294890157154,7.26196204464015e-05,-18.7756362709336,-180
23.98,0.000754218851073772,-0.000816184696300861,6.19758564603337e-05,-20.3763634733454,-180
24,0.000628600623834345,-0.00068140015170069,5.28065045820988e-05,-22.0126653340813,-180
24.02,0.000523694908268657,-0.000568612182654571,4.49221310132199e-05,-23.6783483510793,-180
24.04,0.00043618578282517,-0.000474344633993914,3.8162230267522e-05,-25.3672851341604,-180
24.06,0.00036319708157404,-0.000395571936214184,3.23772041137005e-05,-27.0730472474038,-180
24.08,0.000302334905566725,-0.000329768658536524,2.74353854979561e-05,-28.7891287759071,-180
24.1,0.000251605535742539,-0.000274825867091266,2.32214650167749e-05,-30.5089562515323,-180
24.12,0.000209336193724001,-0.000228969415351233,1.96340084089244e-05,-32.2259015192811,-180
24.14,0.000174112960731702,-0.000190695714912125,1.6583299825546e-05,-33.9333554191217,-180
24.16,0.000144786409108504,-0.00015877989077785,1.39938598810803e-05,-35.624666139652,-180
24.18,0.000120371541848493,-0.000132169634935549,1.17983551840983e-05,-37.2932625359361,-180
24.2,0.000100050456092367,-0.000109989259799167,9.93898518508079e-06,-38.9326464996307,-180
24.22,8.31433952627352e-05,-9.15094828627216e-05,8.36621323007514e-06,-40.536386397302,-180
24.24,6.90754027837259e-05,-7.61121225825012e-05,7.03680674282048e-06,-42.0982942956777,-180
24.26,5.73748110019122e-05,-6.32891361491819e-05,5.91438532405503e-06,-43.6122304892144,-180
24.28,4.76478525446824e-05,-5.26156031702863e-05,4.96779230992397e-06,-45.0721909828102,-180
24.3,3.95618063194877e-05,-4.37317945154953e-05,4.17001694142623e-06,-46.4725029314085,-180
24.32,3.28416136870285e-05,-3.63398243780035e-05,3.49823053250297e-06,-47.8076600106518,-180
24.34,2.7259236738466e-05,-3.0192331126424e-05,2.93310817411343e-06,-49.0723021261748,-180
24.36,2.261931348168e-05,-2.50770077806924e-05,2.45770386845124e-06,-50.261791161009,-180
24.38,1.87668599089432e-05,-2.08252247962077e-05,2.05837152921291e-06,-51.3711085775633,-180
24.4,1.55678901409788e-05,-1.72909476308981e-05,1.72306209879516e-06,-52.3960027609302,-180
24.42,1.2911925833745e-05,-1.43535937939746e-05,1.44167112912421e-06,-53.3326952218125,-180
24.44,1.07074225434623e-05,-1.19131095128238e-05,1.20568918866412e-06,-54.179629888525,-180
24.46,8.87794714017261e-06,-9.88584238425893e-06,1.00789683064747e-06,-54.9385686806327,-180
24.48,7.35945960839646e-06,-8.20160791178277e-06,8.42149445580626e-07,-55.6137346563863,-180
24.5,6.09998976671572e-06,-6.80338585793559e-06,7.03396860017417e-07,-56.2103787224664,-180
24.52,5.0553417795541e-06,-5.64262072525273e-06,5.87279566876268e-07,-56.7346035026913,-180
24.54,4.18898155937382e-06,-4.67912770519674e-06,4.90146637060607e-07,-57.1908142514789,-180
24.56,3.47069569131696e-06,-3.87963686181793e-06,4.08941509543258e-07,-57.5804347421911,-180
24.58,2.87502977626044e-06,-3.21608489058034e-06,3.41055440955556e-07,-57.9029338240158,-180
24.6,2.38125156508332e-06,-2.66559223253068e-06,2.84340847825068e-07,-58.1561697550843,-180
24.62,1.97208212400878e-06,-2.20907006819024e-06,2.36988096848082e-07,-58.337184766856,-180
24.64,1.63299430862218e-06,-1.83045217956888e-06,1.97458023613326e-07,-58.4428120522691,-180
24.66,1.35203250354676e-06,-1.51650351992957e-06,1.64471169049442e-07,-58.4697317349605,-180
24.68,1.11933994090282e-06,-1.25630276191664e-06,1.36962947994754e-07,-58.4146393917422,-180
24.7,9.26483868540916e-07,-1.0404957886718e-06,1.14011999396601e-07,-58.2751063956186,-180
24.72,7.66810242325541e-07,-8.61696549809123e-07,9.48864120548909e-08,-58.04834783754,-180
24.74,6.34582962942888e-07,-7.13531339644295e-07,7.89485166465553e-08,-57.732617986057,-180
24.76,5.25093375333487e-07,-5.90763714334369e-07,6.56704005001575e-08,-57.3266104262875,-180
24.78,4.34451825805891e-07,-4.89064401164843e-07,5.46127025811398e-08,-56.8295236390077,-180
24.8,3.59418657238044e-07,-4.04824661779102e-07,4.5406089060723e-08,-56.2412136478788,-180
24.82,2.97295791321432e-07,-3.35036453255475e-07,3.7740801605121e-08,-55.5622389689166,-180
24.84,2.4589365533708e-07,-2.77257084285642e-07,3.13635436683639e-08,-54.793346578243,-180
24.86,2.0335967366214e-07,-2.29417903217071e-07,2.60583448061749e-08,-53.936140438713,-180
24.88,1.68166321332161e-07,-1.89812157279182e-07,2.16459560725699e-08,-52.9927019619227,-180
24.9,1.39053965819602e-07,-1.57031351222725e-07,1.79774970858098e-08,-51.9655324365947,-180
24.92,1.14963827697092e-07,-1.29890642765945e-07,1.49269093561806e-08,-50.8578730893259,-180
24.94,9.5037694574765e-08,-1.0742915884363e-07,1.23915914910524e-08,-49.6730952258117,-180
24.96,7.85607478122613e-08,-8.88458830824303e-08,1.02852780102872e-08,-48.4150420708374,-180
24.98,6.49338291384053e-08,-7.34690250237386e-08,8.53527572223636e-09,-47.0881180030879,-180
25,5.3665595970417e-08,-6.07472362281667e-08,7.08174131456662e-09,-45.6969823530516,-180
25.02,4.43514531270994e-08,-5.02264396614214e-08,5.87506286763429e-09,-44.2465505230329,-180
25.04,3.66468504178544e-08,-4.15194594168052e-08,4.87266673901488e-09,-42.7423745629425,-180
25.06,3.02799253049648e-08,-3.43206930877782e-08,4.04083947628555e-09,-41.1897970447489,-180
25.08,2.5017144963817e-08,-2.83675361444824e-08,3.35055728029852e-09,-39.594727704578,-180
25.1,2.06672438646847e-08,-2.34447844072595e-08,2.77766483599952e-09,-37.9632132274605,-180
25.12,1.70725492840456e-08,-1.93748753952585e-08,2.30244224171193e-09,-36.3014571196365,-180
25.14,1.41019854796465e-08,-1.60100498598238e-08,1.90823259637519e-09,-34.6158466686482,-180
25.16,1.16467360189735e-08,-1.32278357654452e-08,1.58118800828383e-09,-32.9128904245862,-180
25.18,9.61857759127538e-09,-1.09285241744913e-08,1.3100229165283e-09,-31.1991367354689,-180
25.2,7.94309652070383e-09,-9.0282742587907e-09,1.08530123063927e-09,-29.4812531401091,-180
25.22,6.55902451969239e-09,-7.45786486579534e-09,8.98980365475862e-10,-27.7659265023944,-180
25.24,5.41584357339482e-09,-6.16030255465394e-09,7.44567770659944e-10,-26.0598596161217,-180
25.26,4.47136512838063e-09,-5.08780834370369e-09,6.16541628957508e-10,-24.369675762957,-180
25.28,3.69135482493105e-09,-4.20166690529405e-09,5.10515325600307e-10,-22.7020052030284,-180
25.3,3.04726576740685e-09,-3.46976250080679e-09,4.22668960216974e-10,-21.0634151336223,-180
25.32,2.51539609741703e-09,-2.86511381659313e-09,3.49891673005307e-10,-19.4602952237129,-180
25.34,2.07617767514932e-09,-2.36566787226125e-09,2.89591974861741e-10,-17.8989449933324,-180
25.36,1.71366824703677e-09,-1.95322367116787e-09,2.39667345267344e-10,-16.3855772566353,-180
25.38,1.41423637937509e-09,-1.61244356541136e-09,1.98354597716402e-10,-14.9259154142536,-180
25.4,1.16708160794835e-09,-1.33108257809317e-09,1.64111214536253e-10,-13.5259336222735,-180
25.42,9.63095078718958e-10,-1.09877481981623e-09,1.35792901151798e-10,-12.1910619697459,-180
25.44,7.94716014509259e-10,-9.06918690825997e-10,1.12355342941449e-10,-10.9265374295161,-180
25.46,6.55722353573126e-10,-7.4857618797974e-10,9.29506820191682e-11,-9.73738275261647,-180
25.48,5.41001856914017e-10,-6.17774276833572e-10,7.68965251726374e-11,-8.6282329716628,-180
25.5,4.46319003213582e-10,-5.09769892646466e-10,6.36068542585068e-11,-7.60335632971608,-180
25.52,3.68201727689774e-10,-4.20678603991407e-10,5.26064912031351e-11,-6.66675360851806,-180
25.54,3.03751978587727e-10,-3.4712147579611e-10,4.34712749581898e-11,-5.81988863970198,-180
25.56,2.50571373542865e-10,-2.86417693809871e-10,3.59815111653146e-11,-5.060991375298,-180
25.58,2.06663783961155e-10,-2.36341228770288e-10,2.97633333039498e-11,-4.38606510821026,-180
25.6,1.70477840961656e-10,-1.9497153359404e-10,2.45954703821903e-11,-3.78941241037328,-180
25.62,1.40608105313885e-10,-1.60808340868529e-10,2.04022023850506e-11,-3.26494971331401,-180
25.64,1.15938928291865e-10,-1.3266115964928e-10,1.68183640073173e-11,-2.80615889874745,-180
25.66,9.56376315421838e-11,-1.09425752500008e-10,1.39568291605016e-11,-2.40640043351879,-180
25.68,7.88585307373242e-11,-9.02247579196752e-11,1.15411512337006e-11,-2.0593622661983,-180
25.7,6.50476769418642e-11,-7.44611674894985e-11,9.55716409767966e-12,-1.75912169619997,-180.000000008823
25.72,5.36470993856457e-11,-6.14076528084166e-11,7.88777561002952e-12,-1.4999726471802,-180.000113041267
25.74,4.42657534141942e-11,-5.06523072145729e-11,6.53990768734871e-12,-1.27701477510717,-180.00142602196
25.76,3.64688785180247e-11,-4.17636547245556e-11,5.41550957635375e-12,-1.08560388450438,-180.006478635079
25.78,3.0077448942989e-11,-3.44544990061313e-11,4.50396883967662e-12,-0.921623175738661,-180.018777055371
25.8,2.48397422143206e-11,-2.83909406461229e-11,3.70386505651256e-12,-0.781430072580482,-180.042351121522
25.82,2.04686117220287e-11,-2.3441365546551e-11,3.11835408919116e-12,-0.661774140003107,-180.081398256313
25.84,1.68692545901056e-11,-1.93729057472783e-11,2.59533262007423e-12,-0.559803433409149,-180.140054703756
25.86,1.39267473689425e-11,-1.59608623512694e-11,2.14021277356286e-12,-0.473065980743279,-180.222312320515
25.88,1.1459761159989e-11,-1.31669795459336e-11,1.78111062161957e-12,-0.399382676720637,-180.33179306444
25.9,9.49093597761746e-12,-1.08548543099072e-11,1.48601947043189e-12,-0.336868806622101,-180.471733539178
25.92,7.84354791560889e-12,-8.92216745027668e-12,1.27222187258541e-12,-0.283903357811273,-180.644977171906
25.94,6.43032307172489e-12,-7.3691494240246e-12,1.02301316489531e-12,-0.239057681713644,-180.853779824672
25.96,5.31619609023194e-12,-6.07783787660813e-12,9.15999748261493e-13,-0.201143432245261,-181.10013242607
25.98,4.36917549645438e-12,-5.03073087019879e-12,7.2697973912666e-13,-0.169123328375204,-181.385514423245
26,3.64762121163488e-12,-4.1365247836877e-12,6.2158501978172e-13,-0.142101176357017,-181.710907236312
26.02,2.99947969801042e-12,-3.43203513468946e-12,5.11852670325304e-13,-0.119318524577249,-182.076933103525
26.04,2.49030002361454e-12,-2.81782286383389e-12,4.80189464929597e-13,-0.100129739263194,-182.483850506933
26.06,2.07706223777946e-12,-2.36633268300886e-12,4.16492632487936e-13,-0.0839707302280364,-182.931348855099
26.08,1.69274239862879e-12,-1.90833280887811e-12,3.32152303052596e-13,-0.0703828131902734,-183.419077130583
26.1,1.43480125128577e-12,-1.58746787599601e-12,2.74269882497301e-13,-0.0589621011578293,-183.946142029787
26.12,1.15622479200428e-12,-1.32211267278986e-12,2.54444374517081e-13,-0.0493689894546566,-184.511391596529
26.14,9.86453648224089e-13,-1.13324086054181e-12,2.42685549732024e-13,-0.0413169974506771,-185.113424410682
26.16,8.20931798349009e-13,-9.54863785501899e-13,1.90135899824967e-13,-0.0345614884640937,-185.75052184106
26.18,6.96121366074724e-13,-7.5421156867264e-13,1.85312389856457e-13,-0.0288965060334428,-186.420747492676
26.2,5.85222061389287e-13,-6.36110936292703e-13,1.52666624710249e-13,-0.0241502325144615,-187.122025320009
26.22,4.852273746001e-13,-5.37899312521161e-13,1.59798876780829e-13,-0.0201753438580692,-187.852002230829
26.24,4.48959602549734e-13,-4.83444311582455e-13,1.94515228032653e-13,-0.0168480081348845,-188.608159861932
26.26,3.30777686872206e-13,-3.61025881283135e-13,1.52666624710249e-13,-0.0140644828754064,-189.387846714662
26.28,2.84388837453108e-13,-3.28527674130047e-13,1.48166599225931e-13,-0.0117356990136838,-190.188188424359
26.3,2.77161943233725e-13,-2.57171243252146e-13,1.07231487276961e-13,-0.00978921488996635,-191.006311810859
26.32,2.28999937065373e-13,-2.28999937065373e-13,1.52666624710249e-13,-0.00816297074354276,-191.839176914698
26.34,2.03555499613665e-13,-2.16668600636152e-13,1.52666624710249e-13,-0.00680457742639714,-192.683644346622
26.36,1.54536708383462e-13,-1.27222187258541e-13,1.01777749806833e-13,-0.00567044239319021,-193.536523699824
26.38,1.41978348592834e-13,-1.27222187258541e-13,7.22654271382465e-14,-0.00472404588045492,-194.394566445205
26.4,1.52666624710249e-13,-1.27222187258541e-13,1.01777749806833e-13,-0.00393412536608697,-195.254478850687
26.42,1.12728939573093e-13,-1.27222187258541e-13,1.52666624710249e-13,-0.00327550157115505,-196.11295602983
26.44,1.43517208891635e-13,-1.27222187258541e-13,1.01777749806833e-13,-0.00272639672367707,-196.966675878274
26.46,1.01777749806833e-13,-7.63333123551244e-14,1.01777749806833e-13,-0.00226872797127356,-197.8123290928
26.48,1.08094935046007e-13,-5.7206060142591e-14,1.01777749806833e-13,-0.00188743153456725,-198.646618981766
26.5,9.55416843389526e-14,-3.79165683874681e-14,1.01777749806833e-13,-0.00156978999153405,-199.46631096967
26.52,8.42046825450402e-14,-5.08888749034163e-14,1.01777749806833e-13,-0.00130524616119984,-200.268216489734
26.54,7.63333123551244e-14,-5.14325609476303e-14,1.02865121895261e-13,-0.00108505650749808,-201.049167622856
26.56,7.72479499581481e-14,-2.72737126577556e-14,1.0360702501288e-13,-0.000901810726605605,-201.806116072379
26.58,7.63333123551244e-14,-7.63333123551244e-14,1.01777749806833e-13,-0.000749349393091439,-202.536093902052
26.6,7.63333123551244e-14,-6.16315944256263e-14,5.08888749034163e-14,-0.000622551272741011,-203.236207460713
26.62,7.63333123551244e-14,-5.27084509186399e-14,1.0541690183728e-13,-0.000517059814593202,-203.903817621889
26.64,7.63333123551244e-14,-7.24818759851617e-14,1.52666624710249e-13,-0.000429367893406885,-204.536203096298
26.66,7.63333123551244e-14,-7.63333123551244e-14,1.52666624710249e-13,-0.000356484798581609,-205.130881010509
26.68,5.77904969340506e-14,-7.63333123551244e-14,1.52666624710249e-13,-0.000295913383208784,-205.685545359426
26.7,7.40258820189892e-14,-7.1718451682854e-14,1.48051764037978e-13,-0.000245588820146124,-206.197998214963
26.72,8.66056319350638e-14,-6.11611944833557e-14,1.52666624710249e-13,-0.000203791623031596,-206.666302891485
26.74,6.9427765596632e-14,-6.9427765596632e-14,1.38855531193264e-13,-0.000169064792672092,-207.089842293005
26.76,7.63333123551244e-14,-7.63333123551244e-14,1.01777749806833e-13,-0.000140237745107854,-207.469332559473
26.78,7.63333123551244e-14,-2.54444374517081e-14,1.18550175936939e-13,-0.00011630698527679,-207.806860472395
26.8,1.01777749806833e-13,-7.63333123551244e-14,1.31135095068331e-13,-9.64437712718933e-05,-208.1051771792
26.82,5.76222268418434e-14,-2.54444374517081e-14,1.39199920833395e-13,-7.99617370756378e-05,-208.367271584538
26.84,9.59614240983941e-14,-2.54444374517081e-14,1.01777749806833e-13,-6.62842704943908e-05,-208.595385765393
26.86,7.63333123551244e-14,-6.95798692805454e-14,1.52666624710249e-13,-5.49364378362354e-05,-208.790257087082
26.88,5.22545425660121e-14,-2.54444374517081e-14,1.49935289385057e-13,-4.55259044360174e-05,-208.951492832481
26.9,5.09738748034951e-14,-5.08038750033374e-14,1.52496624910091e-13,-3.77219146211019e-05,-209.078087585061
26.92,1.01777749806833e-13,-2.54444374517081e-14,1.52666624710249e-13,-3.12515621949132e-05,-209.168594643189
26.94,7.63333123551244e-14,-2.54444374517081e-14,1.01777749806833e-13,-2.58884762372849e-05,-209.221355400235
26.96,1.00406005841912e-13,-2.81879253815487e-14,1.01777749806833e-13,-2.1440989237797e-05,-209.234853522442
26.98,7.63333123551244e-14,-2.54444374517081e-14,1.01777749806833e-13,-1.77558432153718e-05,-209.207377897107
27,6.04988795812995e-14,-6.04988795812995e-14,1.01777749806833e-13,-1.47024158143023e-05,-209.137536421232
27.02,8.64377723003635e-14,-3.31144262049427e-14,1.3732664720378e-13,-1.21724292994359e-05,-209.024164544954
27.04,5.63819439099e-14,-5.36354094066581e-14,1.52666624710249e-13,-1.0076618015687e-05,-208.866302643166
27.06,7.63333123551244e-14,-6.07176323384826e-14,1.01777749806833e-13,-8.34085756356878e-06,-208.663262056306
27.08,7.63333123551244e-14,-2.54444374517081e-14,1.01777749806833e-13,-6.90276008905803e-06,-208.414792993845
27.1,5.08888749034163e-14,-4.21375236292659e-14,1.19280452355133e-13,-5.71221069983941e-06,-208.120658130247
27.12,7.63333123551244e-14,-2.54444374517081e-14,1.17044391795387e-13,-4.7264943561219e-06,-207.781112884043
27.14,7.63333123551244e-14,-2.54444374517081e-14,1.3262211626439e-13,-3.91043430384222e-06,-207.396657989874
27.16,7.63333123551244e-14,-3.97286427003492e-14,1.01777749806833e-13,-3.23499663129931e-06,-206.968028558929
27.18,7.63333123551244e-14,-3.62794053310379e-14,1.41831656830919e-13,-2.67585061314371e-06,-206.496325196438
27.2,9.61063409079214e-14,-6.49904945573022e-14,1.52666624710249e-13,-2.21306570419502e-06,-205.982815641074
27.22,5.50736897258486e-14,-2.75368448629243e-14,1.48481809887816e-13,-1.83018832416407e-06,-205.428961046504
27.24,1.01777749806833e-13,-7.63333123551244e-14,1.02979516230882e-13,-1.51339692547543e-06,-204.836547733975
27.26,7.8593844278029e-14,-7.63333123551244e-14,1.4814556086444e-13,-1.25132625492197e-06,-204.20752549845
27.28,1.01777749806833e-13,-6.47433914454372e-14,1.01777749806833e-13,-1.03458412590039e-06,-203.544018569413
27.3,7.73254078022043e-14,-7.63333123551244e-14,1.50682433816089e-13,-8.55222778880183e-07,-202.848487148071
27.32,7.63333123551244e-14,-2.54444374517081e-14,1.01777749806833e-13,-7.06921851069112e-07,-202.123312002384
27.34,8.66475762134225e-14,-4.60729651683043e-14,1.32038096993653e-13,-5.84291483018628e-07,-201.37117859466
27.36,5.9190434563615e-14,-7.63333123551244e-14,1.52666624710249e-13,-4.82886598277805e-07,-200.594893853582
27.38,5.400304545425e-14,-2.54444374517081e-14,1.46438283608581e-13,-3.99048846782436e-07,-199.797360013597
27.4,6.03593207196479e-14,-5.73924207226612e-14,1.01777749806833e-13,-3.29745265942265e-07,-198.981592533144
27.42,7.63333123551244e-14,-4.18416037670119e-14,1.19872292079641e-13,-2.72435189410492e-07,-198.150737173194
27.44,9.40670923519774e-14,-6.09119974454142e-14,1.01777749806833e-13,-2.25076938032389e-07,-197.307932989941
27.46,6.94689432870202e-14,-2.54444374517081e-14,1.01777749806833e-13,-1.85937247322453e-07,-196.456444557028
27.48,7.63333123551244e-14,-3.47452058181284e-14,1.34065087977408e-13,-1.53591249784958e-07,-195.599567687045
27.5,5.08888749034163e-14,-4.33307718512618e-14,1.52666624710249e-13,-1.26865495308328e-07,-194.740628016353
27.52,7.13204813427734e-14,-2.54444374517081e-14,1.42640962685547e-13,-1.04777914853857e-07,-193.882965791323
27.54,6.02079131303658e-14,-7.16737932416496e-14,1.52666624710249e-13,-8.65276152865199e-08,-193.029919351209
27.56,7.63333123551244e-14,-2.54444374517081e-14,1.01777749806833e-13,-7.14531449133904e-08,-192.184831586229
27.58,7.63333123551244e-14,-5.21505258596762e-14,1.01777749806833e-13,-5.90003209393501e-08,-191.351003245054
27.6,5.24970316434556e-14,-5.24970316434556e-14,1.52666624710249e-13,-4.87144603512315e-08,-190.531703572115
27.62,1.01777749806833e-13,-5.24150190386148e-14,1.01777749806833e-13,-4.02209689336042e-08,-189.730172931451
27.64,7.63333123551244e-14,-7.63333123551244e-14,1.51490854565052e-13,-3.32026793172676e-08,-188.949471354398
27.66,8.75253366035951e-14,-3.25706440533268e-14,1.1603016301007e-13,-2.74085770172902e-08,-188.19275251225
27.68,7.63333123551244e-14,-2.54444374517081e-14,1.30406702768069e-13,-2.26242505623504e-08,-187.462967625736
27.7,6.00243081914028e-14,-5.80624457791513e-14,1.20048616382806e-13,-1.86736655235745e-08,-186.762973919595
27.72,7.63333123551244e-14,-3.25865647988429e-14,1.08919877153967e-13,-1.54120615582933e-08,-186.095540633549
27.74,9.27669096907721e-14,-6.7322472239064e-14,1.34644944478128e-13,-1.27195083372468e-08,-185.463301252699
27.76,6.60916837013182e-14,-5.58500550475121e-14,1.22261007114445e-13,-1.0495984428555e-08,-184.868659603654
27.78,7.63333123551244e-14,-3.1946399302912e-14,1.52666624710249e-13,-8.6609855673772e-09,-184.314069638402
27.8,5.68811796097855e-14,-2.54444374517081e-14,1.4068201529751e-13,-7.14641241506079e-09,-183.80168182051
27.82,6.78452387362799e-14,-2.54444374517081e-14,1.52666624710249e-13,-5.89633781616598e-09,-183.333279233856
27.84,6.82866814267632e-14,-6.02400504984019e-14,1.52666624710249e-13,-4.8647765523906e-09,-182.908563152961
27.86,7.18172796822986e-14,-4.63728422305904e-14,1.52666624710249e-13,-4.01326253919861e-09,-182.524036221029
27.88,7.96515177114532e-14,-5.4207080259745e-14,1.01777749806833e-13,-3.31055932681698e-09,-182.174208409694
27.9,5.46492337707258e-14,-3.29651551863272e-14,1.52666624710249e-13,-2.7308338255848e-09,-181.852353053507
27.92,7.84805001363561e-14,-5.08888749034163e-14,1.01777749806833e-13,-2.25248545969153e-09,-181.551102436944
27.94,7.56440212618417e-14,-7.4954730168559e-14,1.01777749806833e-13,-1.85782327712514e-09,-181.26302081125
27.96,1.01777749806833e-13,-5.04591307742073e-14,1.52666624710249e-13,-1.53231640425634e-09,-180.980880600531
27.98,7.63333123551244e-14,-2.54444374517081e-14,1.52666624710249e-13,-1.26363528444267e-09,-180.697887514969
28,9.31769579452877e-14,-6.77325204935796e-14,1.18979333529922e-13,-1.04207588526815e-09,-180.407805152232
28.02,6.3061776012664e-14,-2.54444374517081e-14,1.52666624710249e-13,-8.59321098140829e-10,-180.105051588468
28.04,6.09789786534125e-14,-5.6153104855132e-14,1.52666624710249e-13,-7.08575548713604e-10,-179.784735574759
28.06,9.3542972669381e-14,-5.50062634721421e-14,1.52666624710249e-13,-5.842517687767e-10,-179.442645858763
28.08,6.78167179142457e-14,-7.63333123551244e-14,1.35738781699419e-13,-4.81720757990251e-10,-179.075268747222
28.1,7.43537236052594e-14,-4.89092861535513e-14,1.29201776008406e-13,-3.97139094753423e-10,-178.67980514874
28.12,7.13127172081871e-14,-3.54856277455828e-14,1.52666624710249e-13,-3.27405549628321e-10,-178.25395313443
28.14,9.17425485099463e-14,-6.62981110582382e-14,1.11812951103719e-13,-2.69905859446634e-10,-177.796101695844
28.16,6.61331446803392e-14,-3.30665723401696e-14,1.01777749806833e-13,-2.22493950805947e-10,-177.305175749658
28.18,9.32613155412602e-14,-5.08888749034163e-14,1.35633756179104e-13,-1.83407402445417e-10,-176.780576931433
28.2,7.63333123551244e-14,-3.35121695926929e-14,1.01777749806833e-13,-1.51172234486177e-10,-176.222280271366
28.22,5.29022808430409e-14,-7.63333123551244e-14,1.48639812831e-13,-1.24596019924537e-10,-175.63057085622
28.24,7.16721873397834e-14,-2.54444374517081e-14,1.01777749806833e-13,-1.02690990786458e-10,-175.006132538522
28.26,9.87921284840198e-14,-7.33476910323116e-14,1.07748992452458e-13,-8.46325405127025e-11,-174.350083130313
28.28,1.01658028240838e-13,-7.62135907891304e-14,1.01897471372827e-13,-6.97463502175467e-11,-173.663819544899
28.3,6.38381899859037e-14,-5.13430676166829e-14,1.27676379971807e-13,-5.74796962516664e-11,-172.948985282537
28.32,5.28600502404823e-14,-7.43621370180584e-14,1.50695449373183e-13,-4.73631724927217e-11,-172.207659031952
28.34,7.63333123551244e-14,-4.46962025368998e-14,1.01777749806833e-13,-3.90279608629587e-11,-171.441905411332
28.36,6.3438696900528e-14,-7.63333123551244e-14,1.01777749806833e-13,-3.21583774010443e-11,-170.6541604967
28.38,6.55996850774832e-14,-2.54444374517081e-14,1.23245004362115e-13,-2.64966968789971e-11,-169.847003674541
28.4,7.18578629854229e-14,-6.73824136157215e-14,1.52666624710249e-13,-2.18312015961883e-11,-169.023158153971
28.42,8.441595542279e-14,-7.63333123551244e-14,1.17943035942164e-13,-1.79865215637913e-11,-168.185497380297
28.44,1.01777749806833e-13,-6.35836609474217e-14,1.01777749806833e-13,-1.4817491548037e-11,-167.337014946736
28.46,5.4987769895146e-14,-2.54444374517081e-14,1.44468834726789e-13,-1.22067976873606e-11,-166.480758135835
28.48,7.63333123551244e-14,-2.97936450362299e-14,1.43968209541205e-13,-1.00557858512233e-11,-165.619884396905
28.5,8.33232635746043e-14,-4.38989236839363e-14,1.52666624710249e-13,-8.28350621172244e-12,-164.757596918654
28.52,5.08888749034163e-14,-5.85660243153596e-14,1.19545037846597e-13,-6.82354173158771e-12,-163.897137753328
28.54,5.45692142570237e-14,-2.91247768053156e-14,1.52666624710249e-13,-5.62035165922266e-12,-163.041751051576
28.56,7.63333123551244e-14,-2.75362430615411e-14,1.52666624710249e-13,-4.62913425642245e-12,-162.194697636506
28.58,7.63333123551244e-14,-5.62779559070959e-14,1.01777749806833e-13,-3.81273312644366e-12,-161.359236378025
28.6,5.46417146956838e-14,-6.88276327705894e-14,1.52666624710249e-13,-3.1401672603714e-12,-160.538568083071
28.62,5.13923182889953e-14,-5.03854315178372e-14,1.52666624710249e-13,-2.58614303913752e-12,-159.735863568358
28.64,1.01777749806833e-13,-3.8810740550982e-14,1.2851035600538e-13,-2.12991461814949e-12,-158.95427018392
28.66,9.75624611792156e-14,-7.42256680413159e-14,1.48451336082632e-13,-1.75392341533893e-12,-158.196719473668
28.68,7.63333123551244e-14,-2.54444374517081e-14,1.01777749806833e-13,-1.44434312461673e-12,-157.466267166846
28.7,5.08888749034163e-14,-2.54444374517081e-14,1.29192250158959e-13,-1.18936979871844e-12,-156.765725806495
28.72,7.63333123551244e-14,-2.54444374517081e-14,1.01777749806833e-13,-9.79369013903899e-13,-156.09782329068
28.74,7.13954799923974e-14,-2.54444374517081e-14,1.11653414532287e-13,-8.06432815007016e-13,-155.465191588671
28.76,8.39755413179986e-14,-6.86910833922502e-14,1.373821667845e-13,-6.64009105553009e-13,-154.870288323647
28.78,7.63333123551244e-14,-2.54444374517081e-14,1.24931910160735e-13,-5.4669258241599e-13,-154.315390906587
28.8,5.08888749034163e-14,-2.54444374517081e-14,1.07607989835454e-13,-4.50105121913861e-13,-153.802768657025
28.82,7.28219048507901e-14,-2.54444374517081e-14,1.52666624710249e-13,-3.7057424167294e-13,-153.334293893899
28.84,9.55897419401118e-14,-2.54444374517081e-14,1.52666624710249e-13,-3.05086992078474e-13,-152.910709139606
28.86,8.30884727313808e-14,-5.08888749034163e-14,1.33977347634797e-13,-2.51173276949523e-13,-152.531169250517
28.88,7.63333123551244e-14,-5.08888749034163e-14,1.01777749806833e-13,-2.06766902751492e-13,-152.193525903418
28.9,7.63333123551244e-14,-7.62096495613837e-14,1.52419299122767e-13,-1.70206701177435e-13,-151.895117346393
28.92,6.32878798667877e-14,-3.78434424150796e-14,1.40267619746877e-13,-1.40112102927967e-13,-151.632958421452
28.94,7.63333123551244e-14,-4.64327962143739e-14,1.01777749806833e-13,-1.15333686796626e-13,-151.404803453873
28.96,7.72145197455643e-14,-7.45708975742446e-14,1.03540164587712e-13,-9.49343538258006e-14,-151.209922984511
28.98,7.63333123551244e-14,-2.54444374517081e-14,1.52666624710249e-13,-7.8144962297548e-14,-151.048704840252
29,9.86029833369447e-14,-6.99837794153487e-14,1.46317091770473e-13,-6.43163987410467e-14,-150.922039394404
29.02,6.27461462282782e-14,-4.9158980101432e-14,1.25492292456556e-13,-5.29365285227878e-14,-150.83150874385
29.04,7.63333123551244e-14,-6.53495841609257e-14,1.01777749806833e-13,-4.35691114570491e-14,-150.778688276362
29.06,8.85642176522657e-14,-7.63333123551244e-14,1.28204814115966e-13,-3.58581270300117e-14,-150.765224959761
29.08,5.62278247424811e-14,-3.61223371298377e-14,1.41988725032119e-13,-2.95115506229559e-14,-150.792717707606
29.1,9.4563432899237e-14,-6.91189954475289e-14,1.38237990895058e-13,-2.42873606372939e-14,-150.862548140318
29.12,6.58753313505353e-14,-4.63603994608862e-14,1.52666624710249e-13,-1.9986481632554e-14,-150.975866977397
29.14,9.81319268542015e-14,-7.26874894024934e-14,1.05423572759464e-13,-1.64473276160481e-14,-151.133707631283
29.16,7.35722857677412e-14,-7.0811259180358e-14,1.07299802981599e-13,-1.35346608143805e-14,-151.336708770494
29.18,8.18256023947108e-14,-4.53965848638298e-14,1.41682044631076e-13,-1.11375358232859e-14,-151.585237449719
29.2,9.20429207350903e-14,-5.68636542116399e-14,1.21247407950317e-13,-9.16505517050991e-15,-151.879417711751
29.22,7.63333123551244e-14,-7.63333123551244e-14,1.01777749806833e-13,-7.54116593536173e-15,-152.218914124889
29.24,5.19554436762047e-14,-7.42001748095475e-14,1.50533487164672e-13,-6.20490664273581e-15,-152.603336528801
29.26,5.77190077099284e-14,-6.26730467421003e-14,1.52666624710249e-13,-5.10546992477616e-15,-153.031944989431
29.28,7.12903221012383e-14,-6.62473318473522e-14,1.52666624710249e-13,-4.20068396631368e-15,-153.503654983363
29.3,5.21140182334267e-14,-2.54444374517081e-14,1.50216338050228e-13,-3.45615843693153e-15,-154.017197532639
29.32,6.49965836575262e-14,-5.3659854959928e-14,1.52666624710249e-13,-2.84365962944938e-15,-154.571098305364
29.34,5.08888749034163e-14,-7.63333123551244e-14,1.52666624710249e-13,-2.33942055312262e-15,-155.163460576362
29.36,6.35924318407896e-14,-2.54444374517081e-14,1.27259510835502e-13,-1.92465646511398e-15,-155.792481275306
29.38,6.12788896515182e-14,-5.55532828589205e-14,1.01777749806833e-13,-1.58339680208804e-15,-156.455950864209
29.4,7.63333123551244e-14,-2.54444374517081e-14,1.01777749806833e-13,-1.30260892580475e-15,-157.151524125243
29.42,7.06909842026314e-14,-3.10867656042011e-14,1.01777749806833e-13,-1.07160883147495e-15,-157.876714795866
29.44,8.79321652827407e-14,-2.54444374517081e-14,1.01777749806833e-13,-8.81540579545542e-16,-158.628842691379
29.46,7.63333123551244e-14,-2.54444374517081e-14,1.21262229750655e-13,-7.25135860836499e-16,-159.405103296327
29.48,5.08888749034163e-14,-2.54444374517081e-14,1.01777749806833e-13,-5.96486417035848e-16,-160.202630498459
29.5,9.95287826097458e-14,-7.40843451580377e-14,1.01777749806833e-13,-4.90655473637169e-16,-161.018389476372
29.52,7.63333123551244e-14,-5.08888749034163e-14,1.52666624710249e-13,-4.03593699893082e-16,-161.84926526051
29.54,7.63333123551244e-14,-5.6306447163783e-14,1.21804614998174e-13,-3.31985109138452e-16,-162.692078835957
29.56,7.63333123551244e-14,-7.37735028579173e-14,1.06897368801247e-13,-2.73054949751003e-16,-163.543557342442
29.58,7.63333123551244e-14,-2.92162366029959e-14,1.01777749806833e-13,-2.24584047125564e-16,-164.400432069817
29.6,6.89020266992646e-14,-6.14707410434049e-14,1.16640321118552e-13,-1.84719076936156e-16,-165.259373665143
29.62,5.08888749034163e-14,-2.54444374517081e-14,1.52666624710249e-13,-1.51925341965557e-16,-166.117037331111
29.64,5.24691543598617e-14,-7.31727534422336e-14,1.52666624710249e-13,-1.24951151358483e-16,-166.970078972725
29.66,6.1881301090874e-14,-3.98964487159585e-14,1.52666624710249e-13,-1.02768511102096e-16,-167.815153629066
29.68,7.63333123551244e-14,-7.13352379257517e-14,1.52666624710249e-13,-8.45142297203081e-17,-168.648995879033
29.7,7.82026134446936e-14,-7.63333123551244e-14,1.2909148834811e-13,-6.95047645692566e-17,-169.468294378869
29.72,9.20372738585095e-14,-6.06293508517393e-14,1.33185672813603e-13,-5.71600558025329e-17,-170.26984960498
29.74,5.08888749034163e-14,-4.95431981240555e-14,1.28567864037901e-13,-4.70067444309269e-17,-171.050519818662
29.76,7.63333123551244e-14,-3.74091874877264e-14,1.01777749806833e-13,-3.86569638059701e-17,-171.807222453801
29.78,7.63333123551244e-14,-4.4309140581004e-14,1.52666624710249e-13,-3.1789109798961e-17,-172.537010252713
29.8,6.75768047294968e-14,-2.54444374517081e-14,1.52666624710249e-13,-2.61398582164677e-17,-173.237034026593
29.82,7.63333123551244e-14,-2.54444374517081e-14,1.01777749806833e-13,-2.149476674452e-17,-173.90448431589
29.84,7.63333123551244e-14,-2.54444374517081e-14,1.01777749806833e-13,-1.76749739492258e-17,-174.536746340022
29.86,9.74698124360001e-14,-3.4060312193373e-14,1.10393624548497e-13,-1.45337638523171e-17,-175.131336810313
29.88,9.13484522377887e-14,-5.54747172170368e-14,1.01777749806833e-13,-1.19510498023609e-17,-175.685874786843
29.9,1.01777749806833e-13,-7.63333123551244e-14,1.01777749806833e-13,-9.82629674984511e-18,-176.19831066145
29.92,9.58524941105456e-14,-3.13696931479951e-14,1.07703005503119e-13,-8.07933994319716e-18,-176.666622491003
29.94,7.63333123551244e-14,-2.54444374517081e-14,1.01777749806833e-13,-6.64301496164691e-18,-177.090047151552
29.96,8.26406356489901e-14,-3.80590840394395e-14,1.40051978122517e-13,-5.46187453928302e-18,-177.469503344491
29.98,5.47994787432199e-14,-7.63333123551244e-14,1.01777749806833e-13,-4.49067583350462e-18,-177.807006072342
30,7.63333123551244e-14,-2.54444374517081e-14,1.23003314313999e-13,-3.69224434110348e-18,-178.105263567127
30.02,9.5742001815752e-14,-7.63333123551244e-14,1.01777749806833e-13,-3.03544420595076e-18,-178.367520390738
30.04,6.56273402642427e-14,-7.63333123551244e-14,1.52666624710249e-13,-2.4955676842672e-18,-178.596923873269
30.06,5.98449785988915e-14,-5.84211049641739e-14,1.19689957197783e-13,-2.0516874480423e-18,-178.79679690961
30.08,7.63333123551244e-14,-3.95827195971055e-14,1.01777749806833e-13,-1.6867238655371e-18,-178.970312949484
30.1,-8.3523327895467e-09,4.17617281355147e-09,4.17633808705739e-09,-2.50571838090488e-08,-179.120446403186
30.12,-7.59263216143546e-05,3.79631830956731e-05,3.79631386906019e-05,-0.00022777896504234,-179.25010915919
30.14,-0.000950358547491335,0.000475182691079017,0.000475175856403889,-0.00285107564231918,-179.362918364738
30.16,-0.00431699872782603,0.00215856979241314,0.00215842892329517,-0.0129509961469321,-179.463678452182
30.18,-0.0125169229791925,0.00625905376061594,0.00625786891944697,-0.0375507680399295,-179.557964778559
30.2,-0.0282345413120684,0.0141202847847646,0.0141142530875011,-0.0847036136166406,-179.651635533707
30.22,-0.0542532467634639,0.0271377360783497,0.027115486347093,-0.162759667276114,-179.750500637202
30.24,-0.0933722973092219,0.0467190374893744,0.0466531357608625,-0.280116519750716,-179.860155062822
30.26,-0.148220798980095,0.0741931905494503,0.0740271120510934,-0.444660907801998,-179.985792935956
30.28,-0.221195151844007,0.110781637004523,0.110411866393026,-0.66358051019707,-180.132099260482
30.3,-0.314491722147557,0.157617238494263,0.156869745452476,-0.943460951866789,-180.30329638227
30.32,-0.429994459802571,0.215689971882466,0.214292370613816,-1.28994702761687,-180.503022147812
30.34,-0.56920101381415,0.28581062830152,0.283362299056978,-1.70751878259485,-180.734232365371
30.36,-0.733484001428777,0.368744630603619,0.364679271251753,-2.20027170741248,-180.999563811918
30.38,-0.923797882824381,0.465063029990146,0.458614783636402,-2.77103344673122,-181.300954855899
30.4,-1.14085900037025,0.575233358436866,0.565399465296577,-3.42189848801619,-181.639896420816
30.42,-1.3850210534565,0.699552991842478,0.685063549384823,-4.15384966796216,-182.017265902283
30.44,-1.6565543111745,0.838292453694968,0.817569868236948,-4.96758707410983,-182.433730766774
30.46,-1.95539426658708,0.991561066726596,0.9626951829963,-5.86276899731173,-182.889397980096
30.48,-2.2811858738282,1.15932399212796,1.12005580532297,-6.83813992776284,-183.383878734426
30.5,-2.63353099979133,1.3415311679673,1.28922193846237,-7.89226041590128,-183.916649421791
30.52,-3.01174577411903,1.53798188352301,1.46961075794918,-9.02278006653098,-184.486705554844
30.54,-3.41500272188282,1.74839614114449,1.66055477989942,-10.2268567717361,-185.092769796341
30.56,-3.84227589763728,1.97237855419787,1.86128412161131,-11.5009952372712,-185.733217259893
30.58,-4.29249102651646,2.2094982867093,2.07099269225547,-12.8414854498477,-186.406294532078
30.6,-4.76441167990764,2.45922054221632,2.28879638685946,-14.2440718044943,-187.109960635763
30.62,-5.25665913638751,2.72091238617176,2.51374988544957,-15.7040210574433,-187.841922747773
30.64,-5.76777404912692,2.9938748668035,2.74487643509203,-17.2163081435823,-188.599730128879
30.66,-6.29624240473277,3.27735667523898,2.98117976481822,-18.7756930357405,-189.380814273922
30.68,-6.84036757451669,3.57047353464962,3.22161588084825,-20.3763943070952,-190.182329206647
30.7,-7.3984637989908,3.87232479168603,3.46515571145428,-22.012627044874,-191.001418894302
30.72,-7.96875607288686,4.18193248925239,3.71076088025171,-23.6783474115868,-191.835092256306
30.74,-8.54938187081749,4.49824196008908,3.95739455078841,-25.3672869520151,-192.680241197752
30.76,-9.13841842090133,4.82014004049149,4.20403472107519,-27.0730471145323,-193.533688337201
30.78,-9.73388977638878,5.14646220071746,4.44967815167537,-28.7891324027978,-194.392204182346
30.8,-10.3337451839778,5.47597957342419,4.69335576971021,-30.5089572615081,-195.25251155535
30.82,-10.9359049123257,5.80743565343726,4.93411788402891,-32.2259121154071,-196.111318306927
30.84,-11.538218142947,6.1395194853864,5.17105755865693,-33.933352253028,-196.965312929149
30.86,-12.1384891382104,6.47088799310202,5.40330978667739,-35.6246621318909,-197.811196707975
30.88,-12.7344679652312,6.80016584032371,5.63004282156345,-37.2932286901609,-198.645670618148
30.9,-13.323893857436,7.12597282190818,5.85050217711305,-38.9326544057232,-199.465542331813
30.92,-13.9044212503568,7.44688963784133,6.06393579046838,-40.5364307333589,-200.267562742345
30.94,-14.4737041368289,7.76150714717194,6.26967078200738,-42.0983145046905,-201.048614716117
30.96,-15.0293594869436,8.06841102038522,6.46707379761958,-43.6121630041264,-201.805630577008
30.98,-15.56904532755,8.36622922508076,6.65559097510199,-45.0721954411062,-202.535723047384
31,-16.0903186656495,8.65355360975548,6.834664133781,-46.4725068304729,-203.235942154472
31.02,-16.5908089216303,8.92904030547941,7.00381922095518,-47.8076333153904,-203.903558127431
31.04,-17.0681558301597,9.19137509696065,7.16262179953138,-49.072315148613,-204.535942881299
31.06,-17.5201149970564,9.43933274099756,7.31071305287307,-50.2617825836517,-205.130713050846
31.08,-17.9443482068925,9.67165697118445,7.44771378746689,-51.371108545201,-205.685406316867
31.1,-18.3387041752914,9.88721705596323,7.57333170235509,-52.3960000550691,-206.197877233198
31.12,-18.701180112591,10.0849809021371,7.68732515092551,-53.3326100439856,-206.666203126288
31.14,-19.0307650347339,10.2644715504516,7.78976040795267,-54.1796823909856,-207.089756662965
31.16,-19.3275335719453,10.4258065897847,7.88100627569724,-54.9386568542089,-207.469258307945
31.18,-19.5926744915602,10.5697092582037,7.96173793296168,-55.6137147736944,-207.806799233156
31.2,-19.8279364095695,10.6971991677302,8.03274923846807,-56.2102874326023,-208.105095492823
31.22,-20.0354522552305,10.8094952754172,8.09490240846203,-56.7346134199485,-208.367266730526
31.24,-20.2165941035767,10.9073941508594,8.1487856052943,-57.1908410921438,-208.595387405141
31.26,-20.3717384159921,10.9911476669774,8.19466168568889,-57.5805056228942,-208.790225343099
31.28,-20.5004139907731,11.0605444746448,8.23251976312969,-57.9029284302329,-208.951441451505
31.3,-20.6016544571397,11.1151012359522,8.26218452020191,-58.156120317211,-209.07804129714
31.32,-20.6741617893307,11.1541501495897,8.28336435624873,-58.3371894302267,-209.168579089333
31.34,-20.7164955625697,11.1769396796498,8.29570493294144,-58.4428053074174,-209.221389710018
31.36,-20.7272922977178,11.1827507731542,8.29884926475274,-58.469729347886,-209.23485395355
31.38,-20.7052107605881,11.1708654067312,8.29241714802404,-58.4146588632325,-209.207320553329
31.4,-20.6492908377347,11.1407581524779,8.27610560175571,-58.275105355549,-209.13754532666
31.42,-20.5585324541336,11.091868299889,8.24956234422229,-58.0483293382724,-209.024158582919
31.44,-20.4324157025507,11.0238796384548,8.21253536373295,-57.7326312445728,-208.866310584026
31.46,-20.2705727267212,10.9365439881057,8.16477522372886,-57.3265272019877,-208.663259430569
31.48,-20.0731178525778,10.8298614956476,8.1061349395794,-56.8295908267449,-208.414791961998
31.5,-19.8401886775817,10.7038337250676,8.03643193197712,-56.2412959815764,-208.120645134659
31.52,-19.5724127277463,10.5587205510093,7.95559479075493,-55.5622291170956,-207.781112195303
31.54,-19.2705651164292,10.394857414697,7.86356174267022,-54.7932344266126,-207.396615258023
31.56,-18.9358357835633,10.2128068412463,7.76037546851642,-53.9361527307657,-206.968074747948
31.58,-18.5693971016497,10.0131240341365,7.64604451565549,-52.9927007601418,-206.496349042174
31.6,-18.1728170133535,9.79659039085446,7.52069340333244,-51.9656218883864,-205.982809837655
31.62,-17.7477283851861,9.56403432044449,7.38445622281413,-50.8578281003649,-205.428913135048
31.64,-17.2960594212231,9.31646477304387,7.23757501900262,-49.6730948700523,-204.836546678327
31.66,-16.8196636358576,9.0548658877855,7.08026286921557,-48.4150340891647,-204.207516418913
31.68,-16.3206588942185,8.78039143137814,6.9128519267504,-47.0881204782607,-203.544059721862
31.7,-15.8011508599465,8.49420990139165,6.73568737124029,-45.6969089245434,-202.848454034643
31.72,-15.263412857296,8.19760786926262,6.54922263862518,-44.2466292634755,-202.123314278278
31.74,-14.7096198446039,7.89183782932499,6.35389482471407,-42.7423572731545,-201.371178344431
31.76,-14.1420797789497,7.57824927140566,6.15025326109746,-41.1897924436666,-200.594895980391
31.78,-13.5630587050201,7.25818683868975,5.93887195535597,-39.5946910173822,-199.797345309161
31.8,-12.9748739611441,6.93303976759608,5.72041895964718,-37.9632218842136,-198.981610777241
31.82,-12.3797660604926,6.60416691148302,5.49556607049722,-36.3014724755542,-198.150736101559
31.84,-11.7800017619404,6.27294964237859,5.2650737638314,-34.6158615311177,-197.307930653019
31.86,-11.1778109585273,5.94075240971105,5.02974418318363,-32.9128808986695,-196.456440356364
31.88,-10.575392456246,5.60891993985777,4.79043657723612,-31.1991336377577,-195.599566742082
31.9,-9.97490635667826,5.27877005430976,4.54804704005149,-29.4812524505615,-194.740626161851
31.92,-9.37848451675741,4.95159485353158,4.30351611744566,-27.7659262861247,-193.882963090674
31.94,-8.78820768328141,4.62864077955571,4.0578297458885,-26.0598434993213,-193.029921706396
31.96,-8.20612227106327,4.31111727181756,3.81200487366706,-24.3696751828288,-192.184837555687
31.98,-7.63423096604067,4.00018662465145,3.56708952792344,-22.7020449908682,-191.351022465933
32,-7.07445470015788,3.69693772074287,3.32414850588375,-21.0634074817478,-190.531703716517
32.02,-6.52874111698186,3.40245252965733,3.08427766812813,-19.4602907218732,-189.730145340827
32.04,-5.99893167914426,3.11772098881939,2.84857472057913,-17.8989530181716,-188.949476492484
32.06,-5.4868186131557,2.84367739736892,2.61814007652746,-16.3854947693353,-188.192747370963
32.08,-4.99417750570244,2.58121991905403,2.39408344294953,-14.9259366421732,-187.462968309774
32.1,-4.52267960491405,2.33115964821143,2.1774893760255,-13.5259632992093,-186.762981640268
32.12,-4.07394888616872,2.09425729103871,1.96942843245033,-12.1910668198577,-186.095533402223
32.14,-3.64955421839087,1.87122097792242,1.77095005614556,-10.926518681827,-185.463259334554
32.16,-3.25100029116557,1.66270441079718,1.5830739418579,-9.73733819385497,-184.868669091679
32.18,-2.87967389190957,1.46928126915705,1.40676181408469,-8.62813096229065,-184.314065476815
32.2,-2.5369616663275,1.29151485934225,1.24296293180505,-7.60343428382941,-183.801717138341
32.22,-2.22392900265192,1.12979007322174,1.09246534207153,-6.66676671750195,-183.333383355803
32.24,-1.941075783456,0.984203295194693,0.955759427176612,-5.81988840620374,-182.90994420067
32.26,-1.68773803737222,0.854258061274781,0.832748135364979,-5.06101870883697,-182.530509352412
32.28,-1.46246698928143,0.739072449632584,0.722918326409516,-4.38597238624199,-182.192986191466
32.3,-1.2634320524464,0.63759157992945,0.625533399037296,-3.78937496487496,-181.894687481072
32.32,-1.08853669318264,0.548646289366137,0.539693972565696,-3.26502079908588,-181.632510398417
32.34,-0.93550828345506,0.470998055736354,0.464385546836709,-2.80615081394901,-181.403075406046
32.36,-0.802212422908848,0.403498273463839,0.398635525645092,-2.40640140021607,-181.203200699342
32.38,-0.686509468503797,0.34501081110422,0.341449378434019,-2.05938056994108,-181.029690284339
32.4,-0.586405017731352,0.294486520846298,0.291887779346197,-1.75912290118091,-180.879561450069
32.42,-0.500009118888271,0.250939694750556,0.249050385382979,-1.49997024067225,-180.749985119906
32.44,-0.4256817937396,0.213519717209553,0.212150328413141,-1.27701013698942,-180.63850506814
32.46,-0.361882221573172,0.181432373722641,0.180442628520366,-1.08562500678283,-180.542812503099
32.48,-0.307215332377881,0.153962108437127,0.153248807131177,-0.921632746728529,-180.460816373123
32.5,-0.260472898906689,0.130491473115675,0.129978734184461,-0.781410621910663,-180.390705310757
32.52,-0.220588314655157,0.110477212459613,0.110109467268802,-0.661760039189536,-180.330880019431
32.54,-0.186608231662128,0.093435215919141,0.0931720257844956,-0.55982172511264,-180.279910862421
32.56,-0.157689653467296,0.0789384906450902,0.0787505655912665,-0.473067168709684,-180.236533584244
32.58,-0.133128124471877,0.0666308541321594,0.0664969109646805,-0.399383295290652,-180.199691647554
32.6,-0.112288928549582,0.0561920018812252,0.0560967110245295,-0.336866138717236,-180.168433069283
32.62,-0.0946313516075995,0.0473494507139665,0.0472817718169863,-0.283893667592853,-180.141946833734
32.64,-0.0796880298099948,0.0398679741241946,0.0398199785927894,-0.239063858150863,-180.119531929024
32.66,-0.0670489711766701,0.0335414508574882,0.0335074744047948,-0.2011467757866,-180.100573387851
32.68,-0.0563738985780225,0.0281989445685422,0.0281749267223684,-0.16912161387263,-180.084560806901
32.7,-0.0473670029651957,0.023691971652844,0.0236750151252642,-0.142100960334012,-180.071050480138
32.72,-0.0397726951768437,0.0198923203460703,0.0198803652480633,-0.11931805678218,-180.059659028367
32.74,-0.0333751133591423,0.0166917629968205,0.0166833447001042,-0.100125323090597,-180.050062661526
32.76,-0.0279914278851473,0.0139986732748697,0.0139927512691162,-0.0839742736316677,-180.0419871368
32.78,-0.0234608472250184,0.0117325025064204,0.0117283427519367,-0.0703825357749816,-180.035191267874
32.8,-0.0196538887808046,0.00982840346551389,0.00982548415903872,-0.0589616628734984,-180.029480831426
32.82,-0.0164562970453187,0.00822917153264116,0.0082271248340019,-0.0493688890997187,-180.024684444541
32.84,-0.013772061490725,0.00688674728054231,0.00688531381239449,-0.0413161832786955,-180.020658091632
32.86,-0.0115203109489192,0.00576065688554216,0.00575965383060215,-0.0345609321482739,-180.017280466068
32.88,-0.00963253937450823,0.00481662026536905,0.00481591897306188,-0.0288976177151393,-180.014448808852
32.9,-0.00805012380963256,0.00402530674807745,0.00402481698221484,-0.02415037119076,-180.012075185591
32.92,-0.00672512993827475,0.00336273585093265,0.00336239404116385,-0.0201753896760727,-180.010087694835
32.94,-0.00561601431818627,0.00280812632861209,0.00280788796264656,-0.0168480428737473,-180.008424021434
32.96,-0.00468801064654263,0.00234408836518418,0.0023439222658117,-0.0140640318927667,-180.007032015944
32.98,-0.00391199409916214,0.00195605487848589,0.00195593921167302,-0.01173598227037,-180.005867991133
33,-0.00326316951696998,0.00163162499566499,0.00163154451617784,-0.00978950853541378,-180.004894754266
33.02,-0.0027209696982534,0.00136051282450449,0.00136045687083735,-0.00816290908583362,-180.004081454542
33.04,-0.00226817575593609,0.00113410731748309,0.00113406843684561,-0.00680452726275599,-180.00340226363
33.06,-0.00189012493192629,0.000945075965330928,0.000945048965655218,-0.00567037479283156,-180.002835187396
33.08,-0.00157461340611203,0.000787316071941284,0.00078729733376364,-0.00472384021682676,-180.002361920108
33.1,-0.00131143383947398,0.000655723419142254,0.000655710420125883,-0.00393430151768204,-180.001967150758
33.12,-0.00109183447505119,0.000545921742149551,0.000545912732874197,-0.00327550342480892,-180.001637751712
33.14,-0.000908791392265841,0.000454398816955441,0.000454392575289423,-0.00272637417665103,-180.001363187088
33.16,-0.000756240906452206,0.000378122614295941,0.00037811829218171,-0.00226872271938471,-180.001134361359
33.18,-0.000629129170341876,0.00031456608081522,0.000314563089637258,-0.00188738751108737,-180.000943693755
33.2,-0.000523254823069554,0.000261628446204422,0.000261626377075625,-0.00156976446950269,-180.000784882235
33.22,-0.000435100207030983,0.000217550818936679,0.000217549388227622,-0.00130530062131355,-180.00065265031
33.24,-0.000361687461415229,0.000180844225041311,0.000180843236511466,-0.00108506238439826,-180.000542531192
33.26,-0.000300604828895397,0.000150302755918243,0.000150302073104377,-0.00090181448685652,-180.000450907243
33.28,-0.000249783974636673,0.000124892223094299,0.000124891751690461,-0.000749351924136368,-180.000374675962
33.3,-0.000207509882241814,0.000103755103874116,0.000103754778545809,-0.000622529646963651,-180.000311264823
33.32,-0.000172358289299996,8.61792569177431e-05,8.61790325019802e-05,-0.00051707486806875,-180.000258537434
33.34,-0.000143126853927672,7.15635043484124e-05,7.15633497166258e-05,-0.000429380561978676,-180.000214690281
33.36,-0.000118827192238062,5.94136494344288e-05,5.94135428894939e-05,-0.000356481576924756,-180.000178240788
33.38,-9.86370375847832e-05,4.93185555710688e-05,4.93184821381998e-05,-0.000295911112916825,-180.000147955556
33.4,-8.18617805464298e-05,4.09309155643787e-05,4.09308651069049e-05,-0.000245585341873021,-180.000122792671
33.42,-6.79273955037453e-05,3.39637152066097e-05,3.39636804260443e-05,-0.000203782186742731,-180.000101891093
33.44,-5.6357543885767e-05,2.81787839178247e-05,2.81787600307505e-05,-0.000169072631828297,-180.000084536316
33.46,-4.67458293119125e-05,2.3372922958044e-05,2.3372906529361e-05,-0.000140237488161831,-180.000070118744
33.48,-3.87687044701832e-05,1.93843579068744e-05,1.93843466650866e-05,-0.000116306113600814,-180.000058153057
33.5,-3.21478624104084e-05,1.60739351271867e-05,1.60739274323492e-05,-9.64435875032058e-05,-180.000048221794
33.52,-2.66532360892894e-05,1.3326620749257e-05,1.33266155016703e-05,-7.99597085460486e-05,-180.000039979854
33.54,-2.20944791204604e-05,1.10472414106937e-05,1.1047237836989e-05,-6.62834375925148e-05,-180.000033141719
33.56,-1.83129322963073e-05,9.15646735493294e-06,9.156465001347e-06,-5.49387970384413e-05,-180.000027469398
33.58,-1.51753639257473e-05,7.58768284339607e-06,7.58768125042938e-06,-4.55260921298995e-05,-180.000022763046
33.6,-1.2574043082816e-05,6.28702214534892e-06,6.28702108340814e-06,-3.7722129488396e-05,-180.000018861065
33.62,-1.04172308986704e-05,5.20861586263672e-06,5.20861515019248e-06,-3.12516927625357e-05,-180.000015625846
33.64,-8.62917276110036e-06,4.31458668588343e-06,4.31458623600129e-06,-2.58875185536112e-05,-180.000012943759
33.66,-7.14724561735313e-06,3.57362296929319e-06,3.57362274188769e-06,-2.14417370735829e-05,-180.000010720869
33.68,-5.91877476755134e-06,2.95938750638825e-06,2.95938738838528e-06,-1.77563244571169e-05,-180.000008878162
33.7,-4.90075190982922e-06,2.45037602771209e-06,2.45037604254905e-06,-1.47022560201705e-05,-180.000007351128
33.72,-4.05744676108788e-06,2.02872343499282e-06,2.02872347520168e-06,-1.21723405139235e-05,-180.00000608617
33.74,-3.35881994049225e-06,1.67941004462569e-06,1.67941000350553e-06,-1.00764599715461e-05,-180.00000503823
33.76,-2.78015030673981e-06,1.39007520425878e-06,1.39007522970322e-06,-8.34045114197108e-06,-180.000004170226
33.78,-2.30102867056826e-06,1.15051436072857e-06,1.15051446172596e-06,-6.90308624831331e-06,-180.000003451543
33.8,-1.90406074557906e-06,9.52030423678405e-07,9.52030500011717e-07,-5.71218248418015e-06,-180.000002856091
33.82,-1.57548785162699e-06,7.8774396066755e-07,7.87744061053095e-07,-4.72646376822708e-06,-180.000002363232
33.84,-1.30347625776097e-06,6.5173810343605e-07,6.51738254026342e-07,-3.91042896385924e-06,-180.000001955214
33.86,-1.07830291396098e-06,5.39151450772111e-07,5.39151597230355e-07,-3.2349089859546e-06,-180.000001617454
33.88,-8.9194224341363e-07,4.45971125550448e-07,4.45971260459901e-07,-2.67582693075672e-06,-180.000001337913
33.9,-7.37720724318392e-07,3.68860370889825e-07,3.6886052355645e-07,-2.21316251356804e-06,-180.000001106581
33.92,-6.10064442981952e-07,3.05032235955409e-07,3.05032356208739e-07,-1.83019359437139e-06,-180.000000915097
33.94,-5.04467504095328e-07,2.52233746240994e-07,2.52233873463181e-07,-1.51340273461998e-06,-180.000000756701
33.96,-4.17110778424177e-07,2.08555369300191e-07,2.08555496522378e-07,-1.25133242909309e-06,-180.000000625666
33.98,-3.44847941375919e-07,1.72423978749766e-07,1.72424123354584e-07,-1.03454404585813e-06,-180.000000517272
34,-2.85085498109882e-07,1.42542723610504e-07,1.42542850832691e-07,-8.55256699131454e-07,-180.000000427628
34.02,-2.35646435533836e-07,1.17823247487153e-07,1.17823357606148e-07,-7.06939619909907e-07,-180.00000035347
34.04,-1.94761380177968e-07,9.73806699518157e-08,9.73807918667338e-08,-5.84284301860826e-07,-180.000000292142
34.06,-1.60960993799567e-07,8.04805138813932e-08,8.04806623166042e-08,-4.82883243432995e-07,-180.000000241442
34.08,-1.33013942849062e-07,6.65069968689684e-08,6.6507118952622e-08,-3.9904206052359e-07,-180.000000199521
34.1,-1.09909408032156e-07,5.49547294605156e-08,5.49548318240615e-08,-3.2972856686711e-07,-180.000000164864
34.12,-9.08159656428869e-08,4.54079827919714e-08,4.54081354880682e-08,-2.724482137593e-07,-180.000000136224
34.14,-7.50251176833266e-08,3.75125584791936e-08,3.75126864263202e-08,-2.25075541938907e-07,-180.000000112538
34.16,-6.1978652717229e-08,3.09893353776578e-08,3.09894790252392e-08,-1.85936252053524e-07,-180.000000092968
34.18,-5.11969610144116e-08,2.55984929534202e-08,2.55986077293931e-08,-1.5359112545317e-07,-180.000000076796
34.2,-4.22871592884061e-08,2.11436050886405e-08,2.11437323108277e-08,-1.26861860188594e-07,-180.000000063431
34.22,-3.49257290359657e-08,1.74628814358941e-08,1.74630086580814e-08,-1.04777450577969e-07,-180.000000052389
34.24,-2.8843736379545e-08,1.4421842745335e-08,1.44220208563972e-08,-8.65314225823767e-08,-180.000000043266
34.26,-2.38176951365042e-08,1.19088342306928e-08,1.19090135724361e-08,-7.14532590345946e-08,-180.000000035727
34.28,-1.96667261373305e-08,9.83338851310272e-09,9.83351573528998e-09,-5.90003996996942e-08,-180.0000000295
34.3,-1.62381670610742e-08,8.11908353053708e-09,8.11922674567309e-09,-4.87147223645297e-08,-180.000000024357
34.32,-1.34063539553295e-08,6.70316624901933e-09,6.70331155774802e-09,-4.02193453033309e-08,-180.00000002011
34.34,-1.10680089686997e-08,5.53399581190269e-09,5.53413980608026e-09,-3.32041633318016e-08,-180.000000016602
34.36,-9.13632373091739e-09,4.56816574013246e-09,4.56831453208341e-09,-2.74091916060425e-08,-180.000000013705
34.38,-7.54126164222784e-09,3.77058618776146e-09,3.77073572662495e-09,-2.26239356264489e-08,-180.000000011312
34.4,-6.22442590267194e-09,3.11221792812528e-09,3.11234571080345e-09,-1.86735423267367e-08,-180.000000009337
34.42,-5.13721645996985e-09,2.56861155887078e-09,2.56871000773473e-09,-1.54117760503081e-08,-180.000000007706
34.44,-4.23955006259311e-09,2.11977529481704e-09,2.11987680904636e-09,-1.27188877068438e-08,-180.000000006359
34.46,-3.49875814316334e-09,1.74936678000661e-09,1.74949227961919e-09,-1.04964882840338e-08,-180.000000005248
34.48,-2.88688781351454e-09,1.44346772930087e-09,1.44354730640093e-09,-8.66094945261377e-09,-180.00000000433
34.5,-2.38206382782932e-09,1.19105735835211e-09,1.19113369166447e-09,-7.14638417715497e-09,-180.000000003573
34.52,-1.96538033642883e-09,9.8270347010205e-10,9.82867119938756e-10,-5.89633706121948e-09,-180.000000002948
34.54,-1.6214195676115e-09,8.10684339368297e-10,8.10913339305363e-10,-4.86462912139758e-09,-180.000000002432
34.56,-1.33765274216073e-09,6.68821658318779e-10,6.68979037705075e-10,-4.01326570638193e-09,-180.000000002007
34.58,-1.10348199702265e-09,5.5174886139595e-10,5.51877939366791e-10,-3.31070586415719e-09,-180.000000001655
34.6,-9.10199498689336e-10,4.55111945228471e-10,4.55226971531927e-10,-2.73083342612221e-09,-180.000000001365
34.62,-7.50732965444084e-10,3.75370018759615e-10,3.75519149346752e-10,-2.25248141059636e-09,-180.000000001126
34.64,-6.19196042031398e-10,3.09615609971333e-10,3.09707654247324e-10,-1.85783536941637e-09,-180.000000000929
34.66,-5.10680830416325e-10,2.55365859645614e-10,2.55486517676333e-10,-1.53225199311405e-09,-180.000000000766
34.68,-4.21156621454462e-10,2.10603755164683e-10,2.10696373753447e-10,-1.26369994062002e-09,-180.000000000632
34.7,-3.47286820545372e-10,1.73646817261747e-10,1.73818114345787e-10,-1.04209570311446e-09,-180.000000000521
34.72,-2.86334021695087e-10,1.43192094290556e-10,1.43318955483374e-10,-8.59307610039148e-10,-180.00000000043
34.74,-2.36117843480641e-10,1.18058921740321e-10,1.18217411030786e-10,-7.08571225338359e-10,-180.000000000354
34.76,-1.94668166408192e-10,9.73382203434217e-11,9.74571682520292e-11,-5.84239827880962e-10,-180.000000000292
34.78,-1.60507927224587e-10,8.0228519174842e-11,8.03557413621005e-11,-4.81699669337011e-10,-180.000000000241
34.8,-1.32292019162872e-10,6.61968984563392e-11,6.62631110653785e-11,-3.97158193558098e-10,-180.000000000199
34.82,-1.09021116380018e-10,5.45360026274609e-11,5.46632248147194e-11,-3.27404856387141e-10,-180.000000000164
34.84,-8.9859507660755e-11,4.49326569343936e-11,4.505407291362e-11,-2.69905216167537e-10,-180.000000000135
34.86,-7.40765117529735e-11,3.70802285218278e-11,3.72023760568684e-11,-2.22494093661851e-10,-180.000000000111
34.88,-6.10431391242962e-11,3.05470139995998e-11,3.07016362039601e-11,-1.83401558637686e-10,-180.000000000092
34.9,-5.02799227161665e-11,2.51399613580832e-11,2.52926279827935e-11,-1.51173061835517e-10,-180.000000000076
34.92,-4.13890284009196e-11,2.07199586379115e-11,2.08471808251701e-11,-1.2460160219612e-10,-180.000000000062
34.94,-3.41567882287221e-11,1.71038385518128e-11,1.71944032097859e-11,-1.02690807481699e-10,-180.000000000051
34.96,-2.81161786393998e-11,1.40784298186088e-11,1.42082039751387e-11,-8.46321434220302e-11,-180.000000000042
34.98,-2.3142669164941e-11,1.15680745859047e-11,1.16731123322773e-11,-6.9746821581488e-11,-180.000000000035
35,-1.90833280887811e-11,9.54166404439055e-12,9.66888623164909e-12,-5.74764455296248e-11,-180.000000000029
