Time_s,BottomArm_deg,MiddleArm_deg,TopArm_deg,Bicep_deg,Wrist_deg
0,9.51621960693884e-12,-4.50366542895234e-12,-2.44266599536398e-12,0,0
0.02,-7.53272866675579e-05,3.76636647747964e-05,3.76636219378605e-05,0,0
0.04,-0.00095246329024359,0.000476235095401555,0.000476228194718594,0,0
0.06,-0.00431720288323443,0.00215867187581321,0.00215853099516812,0,0
0.08,-0.0125163630484962,0.00625877364850907,0.00625758910091965,0,0
0.1,-0.0282239986331132,0.0141150080035113,0.0141089872043576,0,0
0.12,-0.0542629191738958,0.0271425817726574,0.0271203130141035,0,0
0.14,-0.0933711251909887,0.046718449261156,0.0466525518907659,0,0
0.16,-0.148209180039861,0.0741873483456015,0.0740213357940313,0,0
0.18,-0.22121865968914,0.110793489707737,0.110423519385173,0,0
0.2,-0.314490218990445,0.157616478425868,0.156869002624393,0,0
0.22,-0.429965363855411,0.215675185381296,0.214278071393724,0,0
0.24,-0.569225758639917,0.285823270863324,0.283374385901251,0,0
0.26,-0.733490232634117,0.36874783563273,0.364682290746031,0,0
0.28,-0.923791103735507,0.465059522476883,0.458611523200783,0,0
0.3,-1.14084087341282,0.575223902035955,0.565390841093828,0,0
0.32,-1.38502568765628,0.699555437287764,0.685065719090419,0,0
0.34,-1.65655160012819,0.83829101589671,0.81756860953197,0,0
0.36,-1.95539670361932,0.991562380411595,0.962696285855694,0,0
0.38,-2.28118781946036,1.15932505614967,1.12005666303286,0,0
0.4,-2.63355298410005,1.34154327587305,1.28923147324721,0,0
0.42,-3.01174319764103,1.53798045464495,1.46960966068411,0,0
0.44,-3.41497773046282,1.74838203468156,1.66054457412691,0,0
0.46,-3.84226529759303,1.97237249909846,1.86127994619917,0,0
0.48,-4.29249855470308,2.20950267461495,2.07099547028002,0,0
0.5,-4.76440710328639,2.4592178625873,2.28879474765173,0,0
0.52,-5.2566717294162,2.72091992290917,2.51375398261611,0,0
0.54,-5.7677790202913,2.99387789645278,2.74487788472328,0,0
0.56,-6.29621968521363,3.27734270585934,2.98117373755885,0,0
0.58,-6.84035474936689,3.57046553399214,3.22161297847533,0,0
0.6,-7.39847578727329,3.8723324363885,3.46515768518078,0,0
0.62,-7.96875489530294,4.18193174566015,3.71076069923036,0,0
0.64,-8.54938981650249,4.4982472601873,3.9573944872239,0,0
0.66,-9.13841754502973,4.82013946558911,4.20403474268747,0,0
0.68,-9.73388672644488,5.14646000690144,4.44967939767551,0,0
0.7,-10.3337444074939,5.47597896987061,4.69335645819566,0,0
0.72,-10.9359050241157,5.8074363267492,4.93411355461114,0,0
0.74,-11.538218103907,6.13951945182071,5.17105765479766,0,0
0.76,-12.1384899240116,6.47088836664458,5.40331091930131,0,0
0.78,-12.7344727962515,6.80016839133128,5.63004760794001,0,0
0.8,-13.3238939853123,7.12597289158408,5.85050237324719,0,0
0.82,-13.904423544557,7.44689092527407,6.06393743144299,0,0
0.84,-14.47370733434,7.76150896102633,6.26967280085289,0,0
0.86,-15.0293626226508,8.06841281116129,6.46707559647219,0,0
0.88,-15.5690435421809,8.36622821688374,6.65559014447659,0,0
0.9,-16.0903159167711,8.65355205495781,6.8346629008606,0,0
0.92,-16.5908161319245,8.92904441468388,7.00382251426908,0,0
0.94,-17.0681844643715,9.19139132473305,7.1626339316341,0,0
0.96,-17.5201103389065,9.43933012333838,7.31071123195269,0,0
0.98,-17.9443499954455,9.67165798227508,7.4477145006596,0,0
1,-18.3387101857527,9.88722041670982,7.57333391466261,0,0
1.02,-18.701184391841,10.0849832831451,7.68732666707543,0,0
1.04,-19.0307632581205,10.2644705704067,7.78975981224046,0,0
1.06,-19.3275050145772,10.4257908523224,7.8809967927576,0,0
1.08,-19.5926844374526,10.5697147227869,7.9617411720095,0,0
1.1,-19.8279687946218,10.6972169019076,8.03275957632498,0,0
1.12,-20.0354543092805,10.8094963974322,8.09490305464551,0,0
1.14,-20.2165896990741,10.9073917550793,8.14878425092318,0,0
1.16,-20.3717351606303,10.9911459016203,8.19466070060503,0,0
1.18,-20.5004357882462,11.0605562645807,8.23252627080126,0,0
1.2,-20.6016652923158,11.1151070846202,8.262187721729,0,0
1.22,-20.6741428587487,11.1541399495878,8.28335881325644,0,0
1.24,-20.7165013690951,11.176942805571,8.29570662583712,0,0
1.26,-20.7272716758707,11.1827396742492,8.29884325993638,0,0
1.28,-20.7052189745078,11.1708698297045,8.29241954559968,0,0
1.3,-20.6492869529543,11.1407560583758,8.27610446170246,0,0
1.32,-20.5585154033021,11.0918590915933,8.24955729351828,0,0
1.34,-20.4324224734625,11.0238833055227,8.212537398861,0,0
1.36,-20.2706101883681,10.936564339207,8.16478666612256,0,0
1.38,-20.0731186611025,10.8298619375929,8.10613519470398,0,0
1.4,-19.8401903496973,10.7038346422467,8.03643247029463,0,0
1.42,-19.57239121046,10.5587087099021,7.95558772114215,0,0
1.44,-19.27060706776,10.394880620081,7.86357597245027,0,0
1.46,-18.935807674879,10.2127912106905,7.76036558965126,0,0
1.48,-18.569391853404,10.0131211020439,7.64604260672643,0,0
1.5,-18.172815331765,9.7965894455761,7.52069276004693,0,0
1.52,-17.7477517783874,9.56404753501737,7.38446559066855,0,0
1.54,-17.296058814463,9.31646442836813,7.23757476077371,0,0
1.56,-16.8196639040695,9.05486604036762,7.08026298681719,0,0
1.58,-16.32066092515,8.78039259149301,6.91285289338291,0,0
1.6,-15.8011704096452,8.49422107885748,6.73569734149367,0,0
1.62,-15.2634085710716,8.1976054221638,6.54922027166237,0,0
1.64,-14.7096242636968,7.89184034370764,6.35389750718194,0,0
1.66,-14.1420695113708,7.57824348073585,6.15024634958626,0,0
1.68,-13.5630706868988,7.25819348893203,5.93888120617111,0,0
1.7,-12.9748663441757,6.93303566783018,5.72041192942772,0,0
1.72,-12.3797657962429,6.60416677561202,5.49556578865773,0,0
1.74,-11.7800026086784,6.27294998318398,5.26507546209688,0,0
1.76,-11.177811117383,5.94075227581544,5.02974599676793,0,0
1.78,-10.5753914968747,5.60891904025841,4.79043852324185,0,0
1.8,-9.9749077044144,5.27877100313588,4.5480465211993,0,0
1.82,-9.3784829063036,4.95159371044473,4.30351657765764,0,0
1.84,-8.78820720707156,4.62864041918994,4.05782992416467,0,0
1.86,-8.20611732663033,4.3111140235692,3.81200458918107,0,0
1.88,-7.63422133720538,4.00018045934633,3.56708814107252,0,0
1.9,-7.07445663629871,3.69693887904405,3.32414905596197,0,0
1.92,-6.52873898845557,3.40245117898963,3.08427721860466,0,0
1.94,-5.99894291259561,3.117727733485,2.84857815139619,0,0
1.96,-5.48682467499255,2.84368096585578,2.61814214101554,0,0
1.98,-4.99417008698762,2.58121553765827,2.3940808833876,0,0
2,-4.52269222531349,2.33116692426559,2.17749413760766,0,0
2.02,-4.07393981058784,2.09425209881969,1.96942489493832,0,0
2.04,-3.64954994389194,1.87121856438298,1.77094832066604,0,0
2.06,-3.25101878000445,1.66271465768152,1.58308179863981,0,0
2.08,-2.87968422373366,1.4692869219428,1.40676633357907,0,0
2.1,-2.53693184307876,1.29149873727596,1.24294956907753,0,0
2.12,-2.2238551076094,1.12975200309217,1.09242967395482,0,0
2.14,-1.94012457932818,0.983714611742252,0.955298535433371,0,0
2.16,-1.68339863863251,0.852035767357357,0.830636709184914,0,0
2.18,-1.44995331193939,0.732684397453045,0.716804764588519,0,0
2.2,-1.23518596937165,0.623212134252557,0.611686899508524,0,0
2.22,-1.03423686543227,0.521074915832889,0.512993486476444,0,0
2.24,-0.842107460765936,0.423687587443207,0.41832891010541,0,0
2.26,-0.653963594713299,0.328576377642606,0.325344620991268,0,0
2.28,-0.465272673210138,0.233446683541806,0.231810646671154,0,0
2.3,-0.271874419934813,0.136214990019417,0.135656368944215,0,0
2.32,-0.070027489671648,0.0350325759729339,0.0349948585150453,0,0
2.34,0.143511206601408,-0.0716773570465636,-0.0718333958758723,0,0
2.36,0.371568996214587,-0.185258770040859,-0.186302406976895,0,0
2.38,0.616499782081457,-0.306795972760441,-0.309668121276362,0,0
2.4,0.880234523010274,-0.437138030809686,-0.442992617911002,0,0
2.42,1.16429367964348,-0.576905501995454,-0.587147751494274,0,0
2.44,1.46974318049091,-0.726472414013494,-0.742787425661822,0,0
2.46,1.79742851360077,-0.886075458536005,-0.910469154718096,0,0
2.48,2.14776407224485,-1.0557205304499,-1.09053596135414,0,0
2.5,2.520901817538,-1.2352630620676,-1.28320193326071,0,0
2.52,2.91672537890265,-1.42440902652995,-1.48854373676911,0,0
2.54,3.33489349742572,-1.62273797014096,-1.70651917183618,0,0
2.56,3.77479155761579,-1.82968966832911,-1.9369333744561,0,0
2.58,4.23565435740597,-2.04462063880482,-2.17950263259018,0,0
2.6,4.71655324930341,-2.26680373607888,-2.4338425699923,0,0
2.62,5.2163810884845,-2.49543035655298,-2.69945412906846,0,0
2.64,5.73391159876148,-2.72963885587862,-2.9757542852899,0,0
2.66,6.26772396055324,-2.96850142649344,-3.26202609082148,0,0
2.68,6.81639266541353,-3.21108663497573,-3.55753210355338,0,0
2.7,7.37831764823252,-3.45641905431231,-3.86140839033472,0,0
2.72,7.95182059559799,-3.70351532799566,-4.17272241552306,0,0
2.74,8.5351550461394,-3.95138982753701,-4.49048019441141,0,0
2.76,9.12645462588554,-4.19906226487822,-4.81359249151107,0,0
2.78,9.72383254232332,-4.44556491957333,-5.14094292445662,0,0
2.8,10.3252994276226,-4.68995119637309,-5.47133516773661,0,0
2.82,10.9288090552411,-4.931301244705,-5.80352663879964,0,0
2.84,11.5322578210022,-5.16873322330574,-6.13623090755342,0,0
2.86,12.1334824827285,-5.40138918334842,-6.46812278705001,0,0
2.88,12.7302702564338,-5.62846375690323,-6.79784575687654,0,0
2.9,13.3203596021377,-5.84919042322636,-7.1240190531483,0,0
2.92,13.9014567105129,-6.06285535187615,-7.44525096117313,0,0
2.94,14.4712090598092,-6.26877524046046,-7.76012848401263,0,0
2.96,15.0272879861869,-6.46634764398117,-8.06726762355092,0,0
2.98,15.5672934653361,-6.65498426941483,-8.36526301654859,0,0
3,16.0888479742336,-6.83416292871497,-8.65274348617097,0,0
3.02,16.5895663673838,-7.00340147065093,-8.92835669314936,0,0
3.04,17.067152315967,-7.16229319958573,-9.19082456326601,0,0
3.06,17.5192225861084,-7.31042075666039,-9.43884314733041,0,0
3.08,17.9436180956422,-7.44747931360243,-9.67125742983165,0,0
3.1,18.3381053315951,-7.5731425592616,-9.8868901188547,0,0
3.12,18.700691819743,-7.68717324522814,-10.084714936607,0,0
3.14,19.0303354427628,-7.78962745966853,-10.2642377557813,0,0
3.16,19.3271834100723,-7.88089926384434,-10.4256164219952,0,0
3.18,19.59236856078,-7.96164498225626,-10.5695432786001,0,0
3.2,19.8277210677018,-8.0326850831093,-10.6970827477774,0,0
3.22,20.0352477485789,-8.09484139529215,-10.8093846876007,0,0
3.24,20.2163907464408,-8.14872493949073,-10.9072841845545,0,0
3.26,20.3715945987209,-8.19461926701836,-10.9910700663,0,0
3.28,20.5003186533145,-8.23249189447729,-11.0604931228473,0,0
3.3,20.6015640664689,-8.26215810854247,-11.1150525529649,0,0
3.32,20.6740758538234,-8.28333928242925,-11.1541038794085,0,0
3.34,20.7164355007218,-8.29568743985946,-11.1769073522703,0,0
3.36,20.7271982615206,-8.29882188345006,-11.1827001621466,0,0
3.38,20.7052042340432,-8.29241526443678,-11.170861900336,0,0
3.4,20.649220717576,-8.27608507900057,-11.1407203743335,0,0
3.42,20.5585014579264,-8.24955326902243,-11.0918515991342,0,0
3.44,20.4323915221859,-8.21252826319477,-11.0238666024744,0,0
3.46,20.2705824330066,-8.16477839774039,-10.9365493342324,0,0
3.48,20.0730954854585,-8.10612821624408,-10.8298493834427,0,0
3.5,19.8401819256414,-8.03643005924599,-10.7038301203265,0,0
3.52,19.5723781207234,-7.95558372518765,-10.5587016022635,0,0
3.54,19.2705914744459,-7.86357100688311,-10.3948720915726,0,0
3.56,18.935828659679,-7.76037330336274,-10.2128029754482,0,0
3.58,18.5693663433774,-7.64603361221896,-10.0131069278903,0,0
3.6,18.1728181570133,-7.52069418675336,-9.79659111841736,0,0
3.62,17.7477381313594,-7.38446047549635,-9.56403990361265,0,0
3.64,17.2960493965698,-7.23757112864566,-9.3164591521863,0,0
3.66,16.8196679046714,-7.08026510360649,-9.05486837659595,0,0
3.68,16.3206590768389,-6.91285232918208,-8.78039158317722,0,0
3.7,15.8011614140298,-6.73569304599482,-8.4942159732454,0,0
3.72,15.2634091667179,-6.54922090181563,-8.19760579010589,0,0
3.74,14.709610650875,-6.35388957080422,-7.89183261838443,0,0
3.76,14.1420792662952,-6.15025321648023,-7.57824899328855,0,0
3.78,13.5630697200791,-5.93888077065031,-7.2581929543549,0,0
3.8,12.9748745869001,-5.72041990741799,-6.93304009472123,0,0
3.82,12.3797610623103,-5.49556049691574,-6.60416436582339,0,0
3.84,11.7800014471682,-5.26507383153962,-6.27294945085054,0,0
3.86,11.1778108628057,-5.02974797603027,-5.9407518712623,0,0
3.88,10.5753931322679,-4.79043526025059,-5.60892056883398,0,0
3.9,9.9749071656152,-4.548046611695,-5.27877064643359,0,0
3.92,9.37848388923942,-4.30351630487951,-4.95159440618291,0,0
3.94,8.7882043265191,-4.05782992415029,-4.62863852095519,0,0
3.96,8.20611759644141,-3.81200458349065,-4.31111420633473,0,0
3.98,7.63422693124192,-3.5670890364645,-4.00018401212338,0,0
4,7.07445859451897,-3.32414946625946,-3.69694010624964,0,0
4.02,6.52874108921243,-3.08427775493914,-3.40245247352596,0,0
4.04,5.99892771114899,-2.84857362385017,-3.11771855301212,0,0
4.06,5.48684166556915,-2.61814770882424,-2.84369107634569,0,0
4.08,4.99417085286849,-2.39408117240284,-2.58121597687217,0,0
4.1,4.52266525821112,-2.17748405549707,-2.33115132243454,0,0
4.12,4.07393907627467,-1.96942462819831,-2.09425166689984,0,0
4.14,3.64954972929198,-1.77094825185589,-1.87121843157071,0,0
4.16,3.25099135169596,-1.58307016980445,-1.6626994383072,0,0
4.18,2.87969446949402,-1.40677082117042,-1.46929252314696,0,0
4.2,2.5369613552341,-1.24296280617742,-1.29151468193205,0,0
4.22,2.22392689913274,-1.09246438314268,-1.12978894650229,0,0
4.24,1.9411022155884,-0.95577169316289,-0.984217301646132,0,0
4.26,1.68773648011631,-0.832747409355703,-0.854257238303568,0,0
4.28,1.46246636788688,-0.722918032219803,-0.739072124551932,0,0
4.3,1.26343258600205,-0.625533654975577,-0.637591856385102,0,0
4.32,1.08851415757945,-0.53968311636503,-0.548634649315942,0,0
4.34,0.935521670253539,-0.46439203191867,-0.471004940164044,0,0
4.36,0.802222040860649,-0.398640208693538,-0.403503199427656,0,0
4.38,0.686505481885753,-0.341447429105242,-0.345008776479252,0,0
4.4,0.586386269991139,-0.291878582476515,-0.294476979229553,0,0
4.42,0.500010576333188,-0.24911585420443,-0.250874696845134,0,0
4.44,0.425692853769398,-0.212975674732282,-0.212694816618341,0,0
4.46,0.361874413803016,-0.184158488837413,-0.177667801769612,0,0
4.48,0.307210541756011,-0.164036352709926,-0.14306913749075,0,0
4.5,0.260473024768387,-0.154328666619021,-0.105949300526188,0,0
4.52,0.220585989629678,-0.156944821873899,-0.0633265433524593,0,0
4.54,0.186606777636031,-0.173849840405005,-0.0123005636898599,0,0
4.56,0.157690725367073,-0.206886724740732,0.0498068565898416,0,0
4.58,0.133127595244175,-0.257857862929358,0.125498563790365,0,0
4.6,0.112291515816856,-0.328380575179531,0.217008676846149,0,0
4.62,0.0946319113976574,-0.419816478698156,0.326241867910863,0,0
4.64,0.079684729141273,-0.533389283365325,0.454880216569833,0,0
4.66,0.0670481907275532,-0.670104582178702,0.604327343317449,0,0
4.68,0.0563740531348346,-0.8307190165601,0.775686241984266,0,0
4.7,0.0473683030464743,-1.01584344941625,0.969861412917007,0,0
4.72,0.0397728751182697,-1.2257746551955,1.18740870602525,0,0
4.74,0.033375200919155,-1.46076324395336,1.42879311917755,0,0
4.76,0.027990831233803,-1.72082523540866,1.69421765347329,0,0
4.78,0.0234610947160592,-2.00575075729204,1.98363405960086,0,0
4.8,0.019653828260701,-2.31524914684343,2.29688688907723,0,0
4.82,0.0164561955096618,-2.64886469853421,2.63363632332533,0,0
4.84,0.0137719140163818,-3.00597097820272,2.99335512164086,0,0
4.86,0.0115204954547336,-3.38586168609367,3.3754201250772,0,0
4.88,0.00963222659036635,-3.78760485267597,3.77897144592406,0,0
4.9,0.0080500741526497,-4.21026854880285,4.2031362082055,0,0
4.92,0.00672531087408117,-4.65277496309265,4.64688702486817,0,0
4.94,0.00561595352984479,-5.1138563389287,5.10899948280974,0,0
4.96,0.00468797593761333,-5.59226661855956,5.58826261931562,0,0
4.98,0.00391185813635282,-6.08657323961419,6.08327417389391,0,0
5,0.00326306331437128,-6.5952788381185,6.59256186332067,0,0
5.02,0.00272104840349977,-7.11680400709937,7.11456716544788,0,0
5.04,0.00226819084599983,-7.64943173175829,7.64759083519692,0,0
5.06,0.00189013165648341,-8.1914176542251,8.18990290485662,0,0
5.08,0.0015746666924899,-8.74090918349418,8.73966289912498,0,0
5.1,0.00131137934865947,-9.29595403580494,9.29492875879032,0,0
5.12,0.00109183688844803,-9.85455902004596,9.85371550018164,0,0
5.14,0.000908797501453975,-10.4146375325918,10.4139434751009,0,0
5.16,0.000756237383271516,-10.9740426246089,10.9734714499766,0,0
5.18,0.000629147909268781,-11.5305620726146,11.5300918932305,0,0
5.2,0.000523249459010672,-12.081951927319,12.0815648017331,0,0
5.22,0.00043508080857878,-12.6258961388811,12.6255772786406,0,0
5.24,0.000361685792902655,-13.1600587268807,13.159795992286,0,0
5.26,0.000300604545355143,-13.6820787497465,13.6818621714685,0,0
5.28,0.000249783348819562,-14.1895859167222,14.1894073087704,0,0
5.3,0.00020750679634911,-14.680219728114,14.6800723700141,0,0
5.32,0.000172352162788526,-15.1516155434529,15.15149391111,0,0
5.34,0.000143124414735157,-15.6014640989279,15.601363656445,0,0
5.36,0.000118827883655271,-16.0275140617914,16.0274310833389,0,0
5.38,9.86368247701474e-05,-16.4275636299194,16.4274950510371,0,0
5.4,8.18626845266581e-05,-16.7994922378798,16.7994355370525,0,0
5.42,6.79279428796635e-05,-17.1414099594501,17.1413630635411,0,0
5.44,5.63546256795003e-05,-17.452246716227,17.4522079181293,0,0
5.46,4.67459841754421e-05,-17.7321396341842,17.7321075265869,0,0
5.48,3.87688934470759e-05,-17.9821870564084,17.982160480208,0,0
5.5,3.21474908749902e-05,-18.2040585270018,18.2040365260016,0,0
5.52,2.66529617925626e-05,-18.3996768946918,18.3996586790041,0,0
5.54,2.20942446793101e-05,-18.5704315387241,18.5704164557799,0,0
5.56,1.83121060346228e-05,-18.7166821832743,18.7166696938488,0,0
5.58,1.51753216344985e-05,-18.8379703938636,18.8379600514503,0,0
5.6,1.25739944294872e-05,-18.9333748132559,18.9333662485154,0,0
5.62,1.04171690702578e-05,-19.001679566515,19.0016724736539,0,0
5.64,8.62909171719413e-06,-19.0415695153059,19.041563641226,0,0
5.66,7.14700076885264e-06,-19.0517295867375,19.0517247218353,0,0
5.68,5.91878345985494e-06,-19.0309436695126,19.0309396401822,0,0
5.7,4.90074959522889e-06,-18.9782398032526,18.9782364659788,0,0
5.72,4.05745369086789e-06,-18.8927223266403,18.8927195622645,0,0
5.74,3.35895472601218e-06,-18.7738285964738,18.7738263063672,0,0
5.76,2.78021432782504e-06,-18.6213395657407,18.6213376684111,0,0
5.78,2.30091865736021e-06,-18.4351776093039,18.435176037144,0,0
5.8,1.90413395804376e-06,-18.2155431585025,18.2155418554658,0,0
5.82,1.57554798143612e-06,-17.9630333972525,17.9630323170525,0,0
5.84,1.30346834869009e-06,-17.6784294538259,17.6784285581438,0,0
5.86,1.07830619034629e-06,-17.3626725395989,17.362671796645,0,0
5.88,8.91960154742421e-07,-17.0170282266627,17.0170276101593,0,0
5.9,7.37686672592872e-07,-16.6430074340214,16.643006922275,0,0
5.92,6.10086479132842e-07,-16.2421093141097,16.2421088890943,0,0
5.94,5.04473270563414e-07,-15.8162226990227,15.8162223458916,0,0
5.96,4.17110660069902e-07,-15.3671961041678,15.367195810606,0,0
5.98,3.44845303856375e-07,-14.8970644866218,14.8970642424485,0,0
6,2.85083512702025e-07,-14.4079254399054,14.4079252366919,0,0
6.02,2.35640315965384e-07,-13.9020086223011,13.9020084530924,0,0
6.04,1.94762162025784e-07,-13.3814936488233,13.3814935078448,0,0
6.06,1.60960049283819e-07,-12.848660248914,12.8486601313917,0,0
6.08,1.33017802239127e-07,-12.3057717065831,12.3057716085588,0,0
6.1,1.09910245699752e-07,-11.7551225682888,11.7551224864909,0,0
6.12,9.08118908659905e-08,-11.1989518574258,11.1989517891343,0,0
6.14,7.5025698385663e-08,-10.6394983928386,10.6394983357992,0,0
6.16,6.19805807832626e-08,-10.0789585378309,10.0789584901705,0,0
6.18,5.11964561468557e-08,-9.51948103954278,9.51948099970864,0,0
6.2,4.22868659326134e-08,-8.96316821526113,8.96316818195862,0,0
6.22,3.49249546480468e-08,-8.4120596334002,8.41205960555311,0,0
6.24,2.88434577069259e-08,-7.86814253986359,7.86814251657472,0,0
6.26,2.38178821058734e-08,-7.3333062931449,7.33330627366819,0,0
6.28,1.96668469161529e-08,-6.80941122987801,6.80941121358953,0,0
6.3,1.62381252439642e-08,-6.29822431488055,6.29822430125969,0,0
6.32,1.34068936409695e-08,-5.80146060570362,5.80146059431504,0,0
6.34,1.10676747917134e-08,-5.32068911616979,5.32068910665052,0,0
6.36,9.13624423613351e-09,-4.85750154557918,4.8575015376247,0,0
6.38,7.54151758939449e-09,-4.41336273347187,4.41336272682739,0,0
6.4,6.22463740395191e-09,-3.9896451655924,3.98964516004477,0,0
6.42,5.13728944362143e-09,-3.58765488154377,3.58765487691433,0,0
6.44,4.2397427824476e-09,-3.20865632912594,3.20865632526489,0,0
6.46,3.4987228073662e-09,-2.85377802913886,2.8537780259207,0,0
6.48,2.88715453111449e-09,-2.52413074020762,2.52413073752699,0,0
6.5,2.38218849940744e-09,-2.22062375700778,2.22062375477664,0,0
6.52,1.9654730509099e-09,-1.94409347641485,1.94409347455936,0,0
6.54,1.62167848786014e-09,-1.694106390423,1.69410638888095,0,0
6.56,1.33781272538853e-09,-1.46835865874279,1.4683586574622,0,0
6.58,1.1035715405901e-09,-1.26348999721933,1.26348999615656,0,0
6.6,9.10337550134068e-10,-1.07538492912847,1.075384928247,0,0
6.62,7.50883164077643e-10,-0.899666522960386,0.899666522229531,0,0
6.64,6.19347886719062e-10,-0.731940709124865,0.731940708518996,0,0
6.66,5.10816861509137e-10,-0.56795270687189,0.567952706369753,0,0
6.68,4.21287998208643e-10,-0.403751836235795,0.403751835819654,0,0
6.7,3.47430129366618e-10,-0.235720692066629,0.235720691721729,0,0
6.72,2.86493832734251e-10,-0.0606723339075065,0.0606723336215236,0,0
6.74,2.36232610270541e-10,0.124203205411784,-0.124203205648871,0,0
6.76,1.94790753539782e-10,0.321259582618184,-0.321259582814907,0,0
6.78,1.60660898332179e-10,0.532463667519007,-0.532463667682207,0,0
6.8,1.32473908924622e-10,0.75935708946812,-0.759357089603682,0,0
6.82,1.09180067923883e-10,1.003099500595,-1.00309950070751,0,0
6.84,9.00031187005506e-11,1.26453958849602,-1.26453958858959,0,0
6.86,7.42154276516487e-11,1.54418226046914,-1.5441822605469,0,0
6.88,6.11998729389527e-11,1.84217159741934,-1.84217159748408,0,0
6.9,5.04660852362641e-11,2.15848122326585,-2.1584812233197,0,0
6.92,4.1543986966905e-11,2.49278003619345,-2.49278003623832,0,0
6.94,3.42727959061839e-11,2.84454599707693,-2.84454599711439,0,0
6.96,2.82813476486923e-11,3.21301331046824,-3.21301331049949,0,0
6.98,2.33558373763548e-11,3.59730900262879,-3.59730900265484,0,0
7,1.92200941897857e-11,3.99638482449281,-3.99638482451456,0,0
7.02,1.58751416050883e-11,4.40907594116094,-4.40907594117911,0,0
7.04,1.30742288434057e-11,4.83406456075449,-4.83406456076966,0,0
7.06,1.07629456966387e-11,5.27000497536939,-5.27000497538208,0,0
7.08,8.92419710275777e-12,5.71544590337589,-5.71544590338657,0,0
7.1,7.32257319635345e-12,6.16887836564756,-6.16887836565646,0,0
7.12,6.05814112106873e-12,6.62872234408864,-6.62872234409607,0,0
7.14,5.01038763358091e-12,7.09339914426276,-7.093399144269,0,0
7.16,4.15211366198334e-12,7.56127576132824,-7.56127576133349,0,0
7.18,3.41335655609969e-12,8.03070510601003,-8.03070510601443,0,0
7.2,2.80216172868898e-12,8.50003064438137,-8.50003064438502,0,0
7.22,2.32288206630488e-12,8.96758868322537,-8.96758868322841,0,0
7.24,1.97723751032265e-12,9.43171799161491,-9.43171799161754,0,0
7.26,1.64072546537552e-12,9.89075474225726,-9.89075474225948,0,0
7.28,1.32311074748882e-12,10.3430757770047,-10.3430757770066,0,0
7.3,1.11955524787516e-12,10.7870367865642,-10.7870367865658,0,0
7.32,9.21561060060497e-13,11.2210249346835,-11.2210249346848,0,0
7.34,7.88777561002952e-13,11.6434812887046,-11.6434812887056,0,0
7.36,6.36110936292703e-13,12.0528403310636,-12.0528403310645,0,0
7.38,5.49121051681737e-13,12.4475811057143,-12.4475811057151,0,0
7.4,5.01722813562469e-13,12.8262357689609,-12.8262357689615,0,0
7.42,3.76000394975439e-13,13.1873460719019,-13.1873460719025,0,0
7.44,3.32848497277929e-13,13.5295869346174,-13.5295869346179,0,0
7.46,3.02479624123205e-13,13.8515921922987,-13.8515921922992,0,0
7.48,2.62202253829939e-13,14.1520784526646,-14.1520784526649,0,0
7.5,2.28999937065373e-13,14.4299292605602,-14.4299292605605,0,0
7.52,1.62124973591247e-13,14.6840184746499,-14.6840184746501,0,0
7.54,2.0048705623054e-13,14.9139397240284,-14.9139397240287,0,0
7.56,1.52666624710249e-13,15.1201169425795,-15.1201169425797,0,0
7.58,1.46139205817484e-13,15.3036118844445,-15.3036118844447,0,0
7.6,1.32965085320108e-13,15.4659197919148,-15.4659197919149,0,0
7.62,9.9414428758306e-14,15.6086060539045,-15.6086060539046,0,0
7.64,1.01777749806833e-13,15.7328281498402,-15.7328281498404,0,0
7.66,8.4389756382878e-14,15.8390172773255,-15.8390172773256,0,0
7.68,1.01777749806833e-13,15.9269154348069,-15.926915434807,0,0
7.7,1.33881368951541e-13,15.9959571103552,-15.9959571103553,0,0
7.72,1.18247942369044e-13,16.0453225340684,-16.0453225340685,0,0
7.74,8.28592338018893e-14,16.0741438371651,-16.0741438371652,0,0
7.76,7.63736246573003e-14,16.081502102422,-16.081502102422,0,0
7.78,3.68635146715839e-14,16.0665130329456,-16.0665130329457,0,0
7.8,7.63333123551244e-14,16.0284041225166,-16.0284041225168,0,0
7.82,6.47680066176549e-14,15.9666008457134,-15.9666008457135,0,0
7.84,7.63333123551244e-14,15.8805554292498,-15.8805554292498,0,0
7.86,7.63333123551244e-14,15.7699403655542,-15.7699403655543,0,0
7.88,8.40734517245441e-14,15.6345674119671,-15.6345674119672,0,0
7.9,7.63333123551244e-14,15.4745024285347,-15.4745024285348,0,0
7.92,1.01777749806833e-13,15.2898236357152,-15.2898236357153,0,0
7.94,5.19239485902402e-14,15.0808753183248,-15.0808753183248,0,0
7.96,5.76162966594237e-14,14.8480978571699,-14.84809785717,0,0
7.98,1.21567767644679e-13,14.5921420345759,-14.5921420345759,0,0
8,7.63333123551244e-14,14.3136922536102,-14.3136922536103,0,0
8.02,7.63333123551244e-14,14.0136124043823,-14.0136124043823,0,0
8.04,9.07419346242792e-14,13.6928415738997,-13.6928415738998,0,0
8.06,6.24695503324133e-14,13.3525076506068,-13.3525076506068,0,0
8.08,8.42293253934103e-14,12.9937086482843,-12.9937086482843,0,0
8.1,7.20261851906846e-14,12.6176872573265,-12.6176872573266,0,0
8.12,5.4336684280408e-14,12.2257751357231,-12.2257751357232,0,0
8.14,7.6633455339278e-14,11.8193442115192,-11.8193442115193,0,0
8.16,5.08888749034163e-14,11.3998148344713,-11.3998148344713,0,0
8.18,3.95700979399811e-14,10.9686906227845,-10.9686906227846,0,0
8.2,6.5232787105502e-14,10.5274928173333,-10.5274928173334,0,0
8.22,5.08888749034163e-14,10.0778260381928,-10.0778260381929,0,0
8.24,5.08888749034163e-14,9.62128342184898,-9.62128342184908,0,0
8.26,6.86892321540063e-14,9.15951017827869,-9.15951017827878,0,0
8.28,5.10172043179197e-14,8.69419451955766,-8.69419451955775,0,0
8.3,5.08888749034163e-14,8.22702445461226,-8.22702445461231,0,0
8.32,5.6787267627612e-14,7.75972265392952,-7.75972265392951,0,0
8.34,7.61488039441445e-14,7.29402287688364,-7.29402287688366,0,0
8.36,5.08888749034163e-14,6.83167727809496,-6.83167727809503,0,0
8.38,6.82454457813804e-14,6.37442506871318,-6.37442506871318,0,0
8.4,6.69814366205407e-14,5.92403126041453,-5.92403126041455,0,0
8.42,1.12651028116454e-13,5.48225688168442,-5.48225688168454,0,0
8.44,5.64498279987129e-14,5.05081165583221,-5.05081165583224,0,0
8.46,6.43797255391404e-14,4.63145116966698,-4.63145116966704,0,0
8.48,7.63333123551244e-14,4.22586296600779,-4.22586296600782,0,0
8.5,5.08888749034163e-14,3.83573496511361,-3.83573496511361,0,0
8.52,7.17836267778865e-14,3.46268337094509,-3.46268337094511,0,0
8.54,2.77841769493218e-14,3.10828224978003,-3.1082822497801,0,0
8.56,7.63333123551244e-14,2.77408612766823,-2.77408612766826,0,0
8.58,6.21908622929701e-14,2.46156819392724,-2.46156819392729,0,0
8.6,6.48355596213765e-14,2.17204978828393,-2.17204978828397,0,0
8.62,5.08888749034163e-14,1.90682541965406,-1.90682541965405,0,0
8.64,6.31223821437097e-14,1.66647134445402,-1.66647134445411,0,0
8.66,6.98608013183602e-14,1.45066099335345,-1.45066099335345,0,0
8.68,2.8034528192589e-14,1.25831750414697,-1.25831750414695,0,0
8.7,1.01777749806833e-13,1.08804556564295,-1.08804556564296,0,0
8.72,7.63333123551244e-14,0.938147001253821,-0.938147001253919,0,0
8.74,7.63333123551244e-14,0.80684570881038,-0.806845708810456,0,0
8.76,5.89865691868731e-14,0.692282200856237,-0.692282200856323,0,0
8.78,5.08888749034163e-14,0.59273176861105,-0.592731768611027,0,0
8.8,-8.28995458654166e-11,0.506515649210727,-0.506515649379258,0,0
8.82,-7.5352025121791e-05,0.432005391220355,-0.432158091668271,0,0
8.84,-0.000943462325760687,0.36701001661967,-0.368918204076191,0,0
8.86,-0.00429054160429536,0.308562693977146,-0.317225842729989,0,0
8.88,-0.0124506199420371,0.253144056076305,-0.27824716310681,0,0
8.9,-0.0281024274908449,0.197027544602446,-0.253618234714443,0,0
8.92,-0.0540419419047102,0.136493288663863,-0.245204957047778,0,0
8.94,-0.0930652796650539,0.0679479648658508,-0.25499224281309,0,0
8.96,-0.147800816398761,-0.0119449954963187,-0.284882005529881,0,0
8.98,-0.220702332725915,-0.106246523725522,-0.33670174201965,0,0
9,-0.313873014176237,-0.217601628056605,-0.411995166505892,0,0
9.02,-0.429242220060388,-0.348391632289953,-0.512224883274467,0,0
9.04,-0.568402713385445,-0.500607564624226,-0.638574181188321,0,0
9.06,-0.732568890486113,-0.675813192578441,-0.79190076321363,0,0
9.08,-0.92276164131908,-0.875322375044758,-0.972928536184524,0,0
9.1,-1.13965823925898,-1.10006878723027,-1.18207746530911,0,0
9.12,-1.38365346732751,-1.35066754327944,-1.41952353773816,0,0
9.14,-1.65492557506301,-1.62748422271609,-1.68526096225726,0,0
9.16,-1.95328441043732,-1.93049310074775,-1.97893989048535,0,0
9.18,-2.27844848365321,-2.25954884671853,-2.30014794921249,0,0
9.2,-2.62987723585129,-2.61422871318072,-2.64823247040411,0,0
9.22,-3.0067225144952,-2.99378702364907,-3.0222486317501,0,0
9.24,-3.40811204220231,-3.39743545715847,-3.42124562120257,0,0
9.26,-3.83288591994888,-3.82408751538492,-3.84399525069538,0,0
9.28,-4.27978164046437,-4.2725420103508,-4.28917824959921,0,0
9.3,-4.74736652718471,-4.74141850482206,-4.75531369224603,0,0
9.32,-5.23405653281376,-5.2291772490398,-5.24077661760345,0,0
9.34,-5.73820990530537,-5.73421318834285,-5.74389137275469,0,0
9.36,-6.25804988008131,-6.25478074292901,-6.26285225610652,0,0
9.38,-6.79166109836333,-6.7889911315886,-6.79571904316771,0,0
9.4,-7.33712609049093,-7.33494848120576,-7.34055395822653,0,0
9.42,-7.89240875478766,-7.89063515479976,-7.89530330531349,0,0
9.44,-8.45543167928465,-8.4539890102898,-8.45787494716309,0,0
9.46,-9.02405270671388,-9.02288078343829,-9.02611406902629,0,0
9.48,-9.59611323606528,-9.59516242774815,-9.5978515454871,0,0
9.5,-10.1694210455504,-10.1686505257934,-10.1708861931072,0,0
9.52,-10.7417642729234,-10.741140521687,-10.7429985437605,0,0
9.54,-11.3109392698818,-11.3104348906279,-11.3119783946663,0,0
9.56,-11.87473380249,-11.8743263262769,-11.8756081227131,0,0
9.58,-12.43095440163,-12.4306254839222,-12.4316896050587,0,0
9.6,-12.9774238782115,-12.9771585555099,-12.9780417224579,0,0
9.62,-13.5120443550378,-13.5118304805789,-13.512563201841,0,0
9.64,-14.0326885863196,-14.0325162553802,-14.033124019837,0,0
9.66,-14.537330931621,-14.5371921176071,-14.5376961125804,0,0
9.68,-15.0239854580851,-15.0238736557113,-15.0242915127466,0,0
9.7,-15.4907771330434,-15.4906870872109,-15.491033445198,0,0
9.72,-15.9358367708445,-15.9357642277667,-15.9360512774488,0,0
9.74,-16.3574296945426,-16.3573712251687,-16.3576090863909,0,0
9.76,-16.753865266249,-16.7538181048315,-16.7540151904126,0,0
9.78,-17.1236702826128,-17.1236322102387,-17.1237954820574,0,0
9.8,-17.4653177902752,-17.4652870177785,-17.4654222701501,0,0
9.82,-17.7775354665246,-17.7775105576552,-17.7776225957519,0,0
9.84,-18.0598678031879,-18.0598476085345,-18.0599404102242,0,0
9.86,-18.3128774188418,-18.3128610178358,-18.3129378831805,0,0
9.88,-18.5378984044294,-18.5378850605035,-18.5379487258487,0,0
9.9,-18.7367832784718,-18.7367724030423,-18.7368251332688,0,0
9.92,-18.9115055252441,-18.9114966463412,-18.9115403202591,0,0
9.94,-19.0635979729185,-19.0635907126741,-19.0636268822351,0,0
9.96,-19.1935015311607,-19.193495584384,-19.1935255387279,0,0
9.98,-19.3009675883164,-19.3009627084408,-19.3009875163683,0,0
10,-19.3853865404007,-19.3853825287092,-19.3854030727817,0,0
10.02,-19.4457245633687,-19.4457212584661,-19.4457382723643,0,0
10.04,-19.4809355845783,-19.4809328559961,-19.4809469463817,0,0
10.06,-19.4899064760166,-19.4899042180071,-19.489915887552,0,0
10.08,-19.471558727556,-19.47155685434,-19.4715665196702,0,0
10.1,-19.4250250563565,-19.4250234985466,-19.4250315037813,0,0
10.12,-19.3494489470656,-19.3494476482189,-19.3494542789548,0,0
10.14,-19.2441821299745,-19.2441810442282,-19.2441865370031,0,0
10.16,-19.1088755017241,-19.1088745918887,-19.1088791419469,0,0
10.18,-18.9431910261576,-18.9431902618448,-18.9431940313279,0,0
10.2,-18.7471090796382,-18.7471084360815,-18.7471115590425,0,0
10.22,-18.5207355547304,-18.5207350116533,-18.5207375991824,0,0
10.24,-18.2644314672817,-18.2644310080778,-18.2644331520418,0,0
10.26,-17.9787168063941,-17.9787164174094,-17.9787181938664,0,0
10.28,-17.664239960707,-17.6642396306645,-17.6642411026815,0,0
10.3,-17.3218485718968,-17.3218482914647,-17.3218495112754,0,0
10.32,-16.9526341456716,-16.9526339071228,-16.9526349178747,0,0
10.34,-16.5576945120517,-16.5576943089316,-16.5576951464637,0,0
10.36,-16.1383511512003,-16.1383509781168,-16.1383516720992,0,0
10.38,-15.6960243187942,-15.696024171222,-15.6960247462532,0,0
10.4,-15.2323247078435,-15.2323245819837,-15.2323250583996,0,0
10.42,-14.7488750201285,-14.7488749127672,-14.7488753074601,0,0
10.44,-14.2474587618676,-14.2474586702868,-14.2474589972466,0,0
10.46,-13.7299204874947,-13.7299204093855,-13.7299206802191,0,0
10.48,-13.1982439083305,-13.1982438417347,-13.1982440660371,0,0
10.5,-12.6544086711912,-12.6544086144358,-12.6544088001804,0,0
10.52,-12.1004927986017,-12.1004927502592,-12.1004929040537,0,0
10.54,-11.5386163267029,-11.538616285552,-11.5386164128782,0,0
10.56,-10.9709635230588,-10.9709634880577,-10.9709635934459,0,0
10.58,-10.3997120709799,-10.3997120412335,-10.3997121284516,0,0
10.6,-9.82708451688781,-9.82708449162966,-9.82708456379853,0,0
10.62,-9.25530988765237,-9.25530986622584,-9.25530992593111,0,0
10.64,-8.68661296269135,-8.68661294453384,-8.68661299391722,0,0
10.66,-8.12322167885872,-8.12322166348734,-8.12322170432679,0,0
10.68,-7.56733596070927,-7.56733594771072,-7.56733598147772,0,0
10.7,-7.02114894096814,-7.0211489299881,-7.02114895790341,0,0
10.72,-6.48676639233422,-6.48676638307029,-6.48676640614209,0,0
10.74,-5.96631374821645,-5.96631374040938,-5.96631375947486,0,0
10.76,-5.46184846644104,-5.46184845986931,-5.46184847562192,0,0
10.78,-4.97530831942864,-4.97530831390342,-4.97530832691609,0,0
10.8,-4.50864354335332,-4.50864353871353,-4.50864354946118,0,0
10.82,-4.06368194401163,-4.06368194012009,-4.06368194899555,0,0
10.84,-3.64216816064391,-3.64216815738388,-3.64216816471214,0,0
10.86,-3.24579749072371,-3.24579748799588,-3.24579749404602,0,0
10.88,-2.87605273506555,-2.8760527327859,-2.87605273777989,0,0
10.9,-2.53444899167737,-2.53444898977457,-2.53444899389629,0,0
10.92,-2.22220695718682,-2.22220695560042,-2.22220695900202,0,0
10.94,-1.93901166744628,-1.93901166612533,-1.93901166893206,0,0
10.96,-1.68267690465125,-1.68267690355237,-1.68267690586817,0,0
10.98,-1.44947084732813,-1.44947084641475,-1.44947084832533,0,0
11,-1.23490354658972,-1.23490354583116,-1.23490354740722,0,0
11.02,-1.03407376015549,-1.0340737595258,-1.03407376082593,0,0
11.04,-0.842013996084041,-0.842013995561653,-0.842013996633966,0,0
11.06,-0.653920667496179,-0.653920667062814,-0.653920667947183,0,0
11.08,-0.465252248902263,-0.465252248542795,-0.465252249272155,0,0
11.1,-0.271868423508366,-0.271868423210172,-0.271868423811606,0,0
11.12,-0.0700361488216746,-0.0700361485743166,-0.0700361490701777,0,0
11.14,0.143504684813791,0.143504685019074,0.143504684610174,0,0
11.16,0.371569509269491,0.371569509439867,0.371569509102733,0,0
11.18,0.616470531192903,0.616470531334342,0.616470531056449,0,0
11.2,0.880127071840504,0.880127071958005,0.880127071728982,0,0
11.22,1.16403056360824,1.16403056370589,1.16403056351707,0,0
11.24,1.46928435040873,1.46928435048987,1.46928435033429,0,0
11.26,1.79654841733002,1.79654841739752,1.79654841726932,0,0
11.28,2.14625290523139,2.14625290528758,2.14625290518193,0,0
11.3,2.51846350405603,2.51846350410276,2.51846350401577,0,0
11.32,2.91297520573435,2.91297520577327,2.91297520570157,0,0
11.34,3.32924153930737,3.32924153933971,3.32924153928072,0,0
11.36,3.76661087969265,3.76661087971961,3.76661087967107,0,0
11.38,4.22412668574718,4.22412668576961,4.22412668572968,0,0
11.4,4.70066486380917,4.70066486382784,4.70066486379497,0,0
11.42,5.19489672042794,5.1948967204435,5.19489672041648,0,0
11.44,5.70539606857204,5.70539606858503,5.7053960685628,0,0
11.46,6.23055510658198,6.23055510659276,6.23055510657449,0,0
11.48,6.76867230082912,6.76867230083806,6.76867230082308,0,0
11.5,7.31788948451689,7.31788948452437,7.31788948451203,0,0
11.52,7.87632653085703,7.87632653086325,7.87632653085312,0,0
11.54,8.44199303256406,8.44199303256919,8.44199303256094,0,0
11.56,9.0128288715295,9.01282887153375,9.01282887152701,0,0
11.58,9.58674362775573,9.58674362775926,9.58674362775372,0,0
11.6,10.1616023018022,10.1616023018051,10.1616023018006,0,0
11.62,10.7352459004506,10.735245900453,10.7352459004493,0,0
11.64,11.3054970155287,11.3054970155306,11.3054970155276,0,0
11.66,11.8701988829798,11.8701988829814,11.870198882979,0,0
11.68,12.4271780790594,12.4271780790606,12.4271780790587,0,0
11.7,12.9742779981118,12.9742779981128,12.9742779981113,0,0
11.72,13.5094248136549,13.5094248136557,13.5094248136544,0,0
11.74,14.0305065340106,14.0305065340113,14.0305065340103,0,0
11.76,14.535519762361,14.5355197623614,14.5355197623607,0,0
11.78,15.0224895815074,15.0224895815077,15.0224895815071,0,0
11.8,15.4895051871862,15.4895051871864,15.489505187186,0,0
11.82,15.9347893794344,15.9347893794346,15.9347893794343,0,0
11.84,16.3565585118596,16.3565585118597,16.3565585118594,0,0
11.86,16.75314311163,16.7531431116301,16.7531431116299,0,0
11.88,17.1230702506621,17.123070250662,17.1230702506619,0,0
11.9,17.4648151968251,17.4648151968251,17.464815196825,0,0
11.92,17.7771414552111,17.777141455211,17.777141455211,0,0
11.94,18.0595185662102,18.0595185662101,18.0595185662101,0,0
11.96,18.3125766204302,18.3125766204301,18.3125766204302,0,0
11.98,18.5376657672948,18.5376657672947,18.5376657672948,0,0
12,18.7365850428019,18.7365850428017,18.7365850428018,0,0
12.02,18.9113418916416,18.9113418916414,18.9113418916416,0,0
12.04,19.0634624586214,19.0634624586213,19.0634624586214,0,0
12.06,19.1933859425954,19.1933859425953,19.1933859425954,0,0
12.08,19.300895722193,19.3008957221928,19.3008957221929,0,0
12.1,19.3852857378366,19.3852857378364,19.3852857378366,0,0
12.12,19.4456640897676,19.4456640897674,19.4456640897676,0,0
12.14,19.4808820770686,19.4808820770684,19.4808820770685,0,0
12.16,19.4898612208316,19.4898612208314,19.4898612208315,0,0
12.18,19.4715222041889,19.4715222041887,19.4715222041888,0,0
12.2,19.4249955453579,19.4249955453577,19.4249955453579,0,0
12.22,19.3494256951762,19.349425695176,19.3494256951761,0,0
12.24,19.2441965136368,19.2441965136366,19.2441965136368,0,0
12.26,19.1088309421126,19.1088309421124,19.1088309421126,0,0
12.28,18.9431785719315,18.9431785719313,18.9431785719315,0,0
12.3,18.7470930256917,18.7470930256914,18.7470930256916,0,0
12.32,18.520724726596,18.5207247265958,18.520724726596,0,0
12.34,18.2644239437663,18.2644239437661,18.2644239437663,0,0
12.36,17.9787115910435,17.9787115910433,17.9787115910435,0,0
12.38,17.6642328600457,17.6642328600455,17.6642328600458,0,0
12.4,17.3218731119604,17.3218731119601,17.3218731119603,0,0
12.42,16.9526087974061,16.9526087974058,16.9526087974061,0,0
12.44,16.5576868709597,16.5576868709595,16.5576868709597,0,0
12.46,16.1383493380923,16.1383493380922,16.1383493380923,0,0
12.48,15.6960218285452,15.6960218285449,15.6960218285451,0,0
12.5,15.2323231676875,15.2323231676873,15.2323231676875,0,0
12.52,14.7488722857686,14.7488722857684,14.7488722857686,0,0
12.54,14.2474544542688,14.2474544542686,14.2474544542688,0,0
12.56,13.7299334167527,13.7299334167524,13.7299334167527,0,0
12.58,13.1982336243283,13.1982336243281,13.1982336243283,0,0
12.6,12.6544047750616,12.6544047750613,12.6544047750615,0,0
12.62,12.1004913327308,12.1004913327306,12.1004913327308,0,0
12.64,11.5386157739023,11.5386157739021,11.5386157739023,0,0
12.66,10.9709630857983,10.9709630857981,10.9709630857983,0,0
12.68,10.3997115574586,10.3997115574583,10.3997115574586,0,0
12.7,9.82708383238624,9.82708383238604,9.82708383238625,0,0
12.72,9.2553084745173,9.2553084745171,9.2553084745173,0,0
12.74,8.68661651585352,8.68661651585334,8.68661651585352,0,0
12.76,8.12322142499104,8.12322142499087,8.12322142499106,0,0
12.78,7.56733652310271,7.56733652310252,7.56733652310273,0,0
12.8,7.02114877156331,7.02114877156308,7.02114877156331,0,0
12.82,6.48676604279135,6.48676604279114,6.48676604279134,0,0
12.84,5.96631602068127,5.96631602068108,5.96631602068125,0,0
12.86,5.46183383132667,5.46183383132649,5.46183383132669,0,0
12.88,4.97531980275534,4.97531980275518,4.97531980275532,0,0
12.9,4.50864771008614,4.50864771008599,4.50864771008617,0,0
12.92,4.0636786808974,4.06367868089721,4.06367868089744,0,0
12.94,3.64216835819267,3.64216835819249,3.64216835819271,0,0
12.96,3.24579724092677,3.2457972409266,3.24579724092684,0,0
12.98,2.87605193137785,2.87605193137764,2.87605193137785,0,0
13,2.534446025935,2.53444602593477,2.534446025935,0,0
13.02,2.22225036011498,2.22225036011479,2.22225036011498,0,0
13.04,1.93998944696976,1.9399894469696,1.93998944696978,0,0
13.06,1.68699053557853,1.68699053557838,1.68699053557858,0,0
13.08,1.46198916455465,1.46198916455442,1.46198916455465,0,0
13.1,1.2631314241958,1.26313142419559,1.2631314241958,0,0
13.12,1.0883338784645,1.08833387846431,1.08833387846453,0,0
13.14,0.935383066987885,0.935383066987666,0.935383066987888,0,0
13.16,0.802131409880261,0.802131409880116,0.802131409880323,0,0
13.18,0.686451563645503,0.686451563645285,0.686451563645496,0,0
13.2,0.586369774917413,0.586369773974092,0.586369775932749,0,0
13.22,0.499992866060292,0.499977544372157,0.500010215496211,0,0
13.24,0.425653189347418,0.425473993519054,0.425884491201474,0,0
13.26,0.361749322076317,0.361003040326736,0.362862535111618,0,0
13.28,0.306723559581415,0.304769184598667,0.310127065367906,0,0
13.3,0.259085472449359,0.255165401929131,0.267160654039717,0,0
13.32,0.217346317305716,0.210780648088394,0.233628149333166,0,0
13.34,0.180023552235565,0.170445215699716,0.209328265008303,0,0
13.36,0.145647211235382,0.133256329160123,0.194164288976314,0,0
13.38,0.112749724628323,0.098565874060743,0.188041154430632,0,0
13.4,0.0798915933396784,0.0660026172002764,0.190911973240097,0,0
13.42,0.0456550625572855,0.035443902794982,0.202678589690607,0,0
13.44,0.00867775089321261,0.00699949912424235,0.223147228313376,0,0
13.46,-0.0323570200341213,-0.0189882277783653,0.252081911309149,0,0
13.48,-0.0786867821972837,-0.0419799880192548,0.289114398292937,0,0
13.5,-0.131463365334725,-0.0612529632756656,0.333756753445165,0,0
13.52,-0.191700699557758,-0.0759461734466537,0.385357328238483,0,0
13.54,-0.260330463111408,-0.0850410512394809,0.443161159225148,0,0
13.56,-0.338133119712074,-0.0874154683367937,0.50624833933371,0,0
13.58,-0.425697701152837,-0.0818943654358482,0.573538691594032,0,0
13.6,-0.523502796321169,-0.0671988590417894,0.643837003372839,0,0
13.62,-0.631814502299182,-0.0420432737397458,0.715801094091329,0,0
13.64,-0.750729855850643,-0.00511257949492374,0.787970995595115,0,0
13.66,-0.880110075417295,0.0448434093341657,0.858786460917762,0,0
13.68,-1.01967127457572,0.109104169580654,0.926592958022634,0,0
13.7,-1.16889620002655,0.188853465008548,0.98966701024074,0,0
13.72,-1.32703997664648,0.285140627816121,1.04625874669045,0,0
13.74,-1.49319600513076,0.398981927643016,1.09456149779728,0,0
13.76,-1.66622328051511,0.531192599215396,1.13279239907044,0,0
13.78,-1.8447975778128,0.682462632182742,1.15916862309006,0,0
13.8,-2.02739053161779,0.85323242703759,1.17199293579486,0,0
13.82,-2.21231058517745,1.04381661111552,1.16957408082585,0,0
13.84,-2.39768433777645,1.25426379759353,1.15032408205234,0,0
13.86,-2.58149154743766,1.48430894892352,1.11281732525393,0,0
13.88,-2.76156511736409,1.7335276621324,1.05564359952296,0,0
13.9,-2.9356226004878,2.00114233003924,0.977586149530041,0,0
13.92,-3.10127321269206,2.28610675610451,0.877536409757103,0,0
13.94,-3.2560463973027,2.58706250670847,0.754535778770369,0,0
13.96,-3.3974289077803,2.90232880559362,0.607794737788106,0,0
13.98,-3.5228384490519,3.2299467049255,0.436610191373879,0,0
14,-3.62976216907749,3.56760138671777,0.24053091013314,0,0
14.02,-3.71561889823591,3.91273046326377,0.0191229845439061,0,0
14.04,-3.77792331329679,4.26245475591879,-0.227845522061166,0,0
14.06,-3.81426645125781,4.61362860074508,-0.500479222144499,0,0
14.08,-3.82233252768552,4.96285815415857,-0.798767749008948,0,0
14.1,-3.79999785610411,5.30654202985973,-1.12252899950166,0,0
14.12,-3.74522718649926,5.64088210324225,-1.47151995928996,0,0
14.14,-3.6561757321542,5.96192164565255,-1.84536256990135,0,0
14.16,-3.53134931843765,6.26566893032285,-2.24345276582426,0,0
14.18,-3.36931077885455,6.54799958123463,-2.66516634211722,0,0
14.2,-3.16898597250834,6.80484515718488,-3.10964728729339,0,0
14.22,-2.92955071537144,7.03219189264087,-3.57587698464387,0,0
14.24,-2.65046754731649,7.22615522673567,-4.06263419556659,0,0
14.26,-2.33149023880615,7.38304078433928,-4.56846962294703,0,0
14.28,-1.97272167339667,7.49946714090748,-5.09165380691186,0,0
14.3,-1.57445087608156,7.57225597089851,-5.63021196893654,0,0
14.32,-1.13748650419551,7.59887312269705,-6.18176526667357,0,0
14.34,-0.662685893046551,7.57694467894727,-6.74366386699324,0,0
14.36,-0.151351287578555,7.50478589295761,-7.3128192217857,0,0
14.38,0.394970921739068,7.38121451502326,-7.8857435412561,0,0
14.4,0.974442501178933,7.20565874374583,-8.45851957048373,0,0
14.42,1.58499051884318,6.97810044200544,-9.02678914138047,0,0
14.44,2.22420768113405,6.69927052203221,-9.58578548782468,0,0
14.46,2.88953776281149,6.3703263002452,-10.1303007363507,0,0
14.48,3.57813961692681,5.99307350542293,-10.6547505060609,0,0
14.5,4.28692045748616,5.56989341858908,-11.1532491959294,0,0
14.52,5.01260275250982,5.10353781413823,-11.6195830906794,0,0
14.54,5.75162653498351,4.59732655613818,-12.0475084724984,0,0
14.56,6.50028190899677,4.0546981826599,-12.4305199026071,0,0
14.58,7.25460498036849,3.47943096906238,-12.762249342569,0,0
14.6,8.01042524661844,2.87538920472188,-13.0364010661715,0,0
14.62,8.7633745643013,2.24656246592668,-13.2471830349007,0,0
14.64,9.50887120667168,1.59675452624772,-13.3888827090118,0,0
14.66,10.2421364421593,0.929695365893122,-13.456450661659,0,0
14.68,10.9582807133875,0.248925244838373,-13.445728220317,0,0
14.7,11.652171363186,-0.442383179119416,-13.3528661691624,0,0
14.72,12.318576208332,-1.14135904879908,-13.1750121959612,0,0
14.74,12.9522509140613,-1.84550878063848,-12.9103784773493,0,0
14.76,13.547792902892,-2.55276591149456,-12.5577788021135,0,0
14.78,14.0998737087513,-3.2614660911258,-12.1171334742068,0,0
14.8,14.6032501958793,-3.97035116124048,-11.589293602387,0,0
14.82,15.0526960121643,-4.67853766300141,-10.9758166839568,0,0
14.84,15.4435482424428,-5.38548155103433,-10.2796217125311,0,0
14.86,15.7709881743582,-6.09090301958356,-9.50378833122914,0,0
14.88,16.0309623899638,-6.79472963516003,-8.65265063851823,0,0
14.9,16.2196426685908,-7.49699482650813,-7.73094271138341,0,0
14.92,16.3341538223973,-8.19775169652588,-6.74437499334436,0,0
14.94,16.3717076616876,-8.89694513869688,-5.69873224093161,0,0
14.96,16.3306127650627,-9.59431541151988,-4.60061980008497,0,0
14.98,16.2097066173797,-10.2892669246485,-3.45690085897141,0,0
15,16.0087592351009,-10.9807635046987,-2.27487108594051,0,0
15.02,15.7280640462632,-11.6672026181197,-1.06198965587448,0,0
15.04,15.3688438589566,-12.3463410313055,0.173990784330898,0,0
15.06,14.9328762125096,-13.0151940671791,1.42520644469661,0,0
15.08,14.4226581308366,-13.6700036978107,2.68366528324523,0,0
15.1,13.8413798053425,-14.3062583460461,3.94133958449553,0,0
15.12,13.1924282570417,-14.9185871477352,5.19018019471956,0,0
15.14,12.4798243708691,-15.5009564350874,6.42216706569633,0,0
15.16,11.7079117294921,-16.0467348938497,7.62937101892006,0,0
15.18,10.881237365024,-16.5488010750015,8.80396114474691,0,0
15.2,10.0045659888704,-16.9997874418941,9.93829052911381,0,0
15.22,9.08266910122763,-17.3921294625089,11.0248176312796,0,0
15.24,8.12061295963663,-17.7189709347018,12.0567622042566,0,0
15.26,7.12306262551542,-17.9734934587386,13.0274478047345,0,0
15.28,6.09488118045038,-18.1502495373643,13.9312952569966,0,0
15.3,5.04057848753661,-18.2442329001177,14.7629369263397,0,0
15.32,3.96454199620438,-18.2514680414513,15.5176568587339,0,0
15.34,2.87098937026446,-18.1689988712946,16.1913679376414,0,0
15.36,1.76399056402437,-17.9951051545549,16.7808444559704,0,0
15.38,0.647392690310548,-17.7285362401874,17.2830774862592,0,0
15.4,-0.475028095943758,-17.3693078669748,17.6961053072725,0,0
15.42,-1.59959716712928,-16.9182807089318,18.0187493989314,0,0
15.44,-2.72270094044114,-16.3770772824714,18.2506632278292,0,0
15.46,-3.84074912953514,-15.7480346875299,18.3924156052315,0,0
15.48,-4.95014472645974,-15.0341384171179,18.4455433353681,0,0
15.5,-6.04725086380027,-14.2388982631452,18.4125166529739,0,0
15.52,-7.12836443736107,-13.3662897659397,18.2967360887974,0,0
15.54,-8.18969209099661,-12.420677347732,18.1024686270965,0,0
15.56,-9.22735239103532,-11.4068009273867,17.8348071619168,0,0
15.58,-10.2372977949698,-10.3295577285448,17.4993671087574,0,0
15.6,-11.2153858053275,-9.19417735422955,17.1023676923439,0,0
15.62,-12.1574605904731,-8.00621442880385,16.650479250349,0,0
15.64,-13.0590231647993,-6.77108307948481,16.1501833523604,0,0
15.66,-13.9157756653649,-5.4947022636774,15.6082714144977,0,0
15.68,-14.7231503082727,-4.18291418711969,15.0310822960349,0,0
15.7,-15.4766896042786,-2.84181727035401,14.424685120854,0,0
15.72,-16.1719159302464,-1.47761873366556,13.7945932686468,0,0
15.74,-16.804715456413,-0.0967277725266029,13.1457583903751,0,0
15.76,-17.3707647764807,1.29441412369336,12.4822998069364,0,0
15.78,-17.8663164153149,2.68916150366773,11.8076544952123,0,0
15.8,-18.2878166356638,4.08076382182782,11.1244363895629,0,0
15.82,-18.6322101084354,5.46235424171577,10.4344837875565,0,0
15.84,-18.8968554467269,6.82694807920228,9.73887118529906,0,0
15.86,-19.0796230607796,8.16743741457288,9.03796396809024,0,0
15.88,-19.1793301449746,9.47676640708617,8.33150869059,0,0
15.9,-19.1949094937886,10.7476246979301,7.61865471540141,0,0
15.92,-19.1262775776066,11.9727838998118,6.89809715704319,0,0
15.94,-18.9740940235282,13.1450929384612,6.16816478091241,0,0
15.96,-18.7393968213033,14.2572713913615,5.42687376808859,0,0
15.98,-18.424100447927,15.302315637363,4.67209205591414,0,0
16,-18.0305162769566,16.27324239029,3.90157819912869,0,0
16.02,-17.5614903735218,17.163289160289,3.11310182202487,0,0
16.04,-17.0205642894556,17.9663195777963,2.3046161657713,0,0
16.06,-16.4112256242724,18.6760903018652,1.47415926981589,0,0
16.08,-15.7375404592478,19.287220124601,0.620142518486922,0,0
16.1,-15.0036612115289,19.7947648189012,-0.258688844631215,0,0
16.12,-14.2140867674332,20.1949285337001,-1.16303393489019,0,0
16.14,-13.3730458021499,20.4841158455387,-2.09321343633886,0,0
16.16,-12.4850370709971,20.6602280622368,-3.04881742020438,0,0
16.18,-11.5543999020879,20.7219861672528,-4.02882087777057,0,0
16.2,-10.5854995822984,20.6695948423689,-5.0314013165535,0,0
16.22,-9.5824789153778,20.5041830568222,-6.05401482670037,0,0
16.24,-8.5494010428993,20.2283075890499,-7.09325918214623,0,0
16.26,-7.49018682394647,19.8458110648562,-8.14487617755598,0,0
16.28,-6.40859778804011,19.3617095236353,-9.20374366057088,0,0
16.3,-5.30828730086151,18.7823342275406,-10.2638764339425,0,0
16.32,-4.19274004364883,18.1148570468512,-11.3184714783468,0,0
16.34,-3.06533900259199,17.3673647457912,-12.3599475929384,0,0
16.36,-1.9293809349133,16.5486880282878,-13.380064153628,0,0
16.38,-0.788078155047485,15.6680171646163,-14.3699879181375,0,0
16.4,0.355395666614266,14.7348813269419,-15.3205194572965,0,0
16.42,1.49788686999356,13.7587286842921,-16.2221098037993,0,0
16.44,2.63624501856727,12.7490011252188,-17.0653987540187,0,0
16.46,3.76726005577468,11.7145975706578,-17.8408593949677,0,0
16.48,4.88768324108373,10.6640396937851,-18.5396183899643,0,0
16.5,5.99414257268804,9.60515807727296,-19.1531410659784,0,0
16.52,7.0832384474811,8.54506667404555,-19.674136537276,0,0
16.54,8.15135057448598,7.49005584919274,-20.095751912083,0,0
16.56,9.19475567200488,6.44558542874347,-20.4124629131837,0,0
16.58,10.2096131411309,5.41622985159068,-20.6200538310255,0,0
16.6,11.1919073341343,4.40571515616283,-20.7154509929796,0,0
16.62,12.1374885150913,3.41692651598935,-20.6968878106414,0,0
16.64,13.0421001955906,2.45193677387478,-20.5639034470119,0,0
16.66,13.9013972578445,1.51206028034071,-20.317250451264,0,0
16.68,14.7109464383426,0.597928537032112,-19.9587364123074,0,0
16.7,15.4662888009253,-0.290459116869929,-19.4911858953931,0,0
16.72,16.1632331025444,-1.15376018768473,-18.9187169494308,0,0
16.74,16.7972579661787,-1.99293826826258,-18.2454711033359,0,0
16.76,17.3645498827783,-2.80956675085024,-17.4771005649763,0,0
16.78,17.8609785795284,-3.60535255492005,-16.6189971403016,0,0
16.8,18.2833976375668,-4.38242798193673,-15.677808977684,0,0
16.82,18.6284446552993,-5.14290760981624,-14.6598039698638,0,0
16.84,18.8937169310841,-5.88906790953731,-13.572007389209,0,0
16.86,19.0769987063708,-6.62307427447279,-12.421305736705,0,0
16.88,19.1771313840289,-7.34701104377458,-11.215033747064,0,0
16.9,19.1930613980429,-8.06265405475863,-9.96023050264563,0,0
16.92,19.1248144186111,-8.77148399668899,-8.66421435583459,0,0
16.94,18.9728231704591,-9.47452078386814,-7.33415022170725,0,0
16.96,18.7383051754342,-10.1722657927438,-5.97722229160151,0,0
16.98,18.4232248982591,-10.8646170989333,-4.60055531957161,0,0
17,18.0297986321009,-11.5507691505251,-3.21110570787214,0,0
17.02,17.5609431128904,-12.2291877036579,-1.81577832382534,0,0
17.04,17.0199789515449,-12.8975549170669,-0.421356950150051,0,0
17.06,16.4108007501903,-13.5528077572625,0.965537598270779,0,0
17.08,15.7372112593452,-14.1910339925892,2.33837861625233,0,0
17.1,15.0034204225688,-14.8076064606937,3.69078092514578,0,0
17.12,14.2138231747038,-15.3972578469327,5.01653308721562,0,0
17.14,13.3728517084357,-15.9541616390441,6.30957918085026,0,0
17.16,12.4848882992648,-16.472016830042,7.56397615821506,0,0
17.18,11.5542541951131,-16.9441782343149,8.77388167765197,0,0
17.2,10.5854068964906,-17.3641800337362,9.93390027225989,0,0
17.22,9.58236705797845,-17.7251706789961,11.0383835691751,0,0
17.24,8.54932430948579,-18.0210533494757,12.0823583269649,0,0
17.26,7.49012374182895,-18.2457768536442,13.0607235008005,0,0
17.28,6.40853874306933,-18.3939964546651,13.9687573382526,0,0
17.3,5.30824846348045,-18.4613336166699,14.8022779464847,0,0
17.32,4.19270343005001,-18.4438039827221,15.557078468821,0,0
17.34,3.06531277787299,-18.3386731133836,16.2297198808853,0,0
17.36,1.92935502411277,-18.1438899418957,16.8170463613347,0,0
17.38,0.788057353288068,-17.8585212925971,17.3166737318123,0,0
17.4,-0.355410965916484,-17.4826170398994,17.7269806735077,0,0
17.42,-1.49790287823913,-17.0166290303442,18.0466541678601,0,0
17.44,-2.63624644550695,-16.4620805173273,18.2754870953904,0,0
17.46,-3.76727148321816,-15.8214948260197,18.4144708960067,0,0
17.48,-4.88768656084101,-15.0973605354047,18.4648294697693,0,0
17.5,-5.99414707833403,-14.2931465515757,18.4291753538902,0,0
17.52,-7.08324561395504,-13.4128851481395,18.311143061617,0,0
17.54,-8.15132676042061,-12.4605214390007,18.1146977117746,0,0
17.56,-9.19476630945855,-11.4409139818014,17.8451958144072,0,0
17.58,-10.2096143667613,-10.3586972976303,17.508083664478,0,0
17.6,-11.1919086481333,-9.21909156184359,17.1096699252446,0,0
17.62,-12.137488835963,-8.02739751850672,16.6564427546785,0,0
17.64,-13.0420683552785,-6.78912273208565,16.155050750115,0,0
17.66,-13.9013906928405,-5.51005476383318,15.6122074878053,0,0
17.68,-14.7109105432882,-4.19595018259269,15.0342117426548,0,0
17.7,-15.4663589348709,-2.85292147028307,14.4271852982772,0,0
17.72,-16.1632236953452,-1.48706952376599,13.7965686084821,0,0
17.74,-16.7973208975512,-0.104744066845427,13.1472752762575,0,0
17.76,-17.3645069367371,1.28760718522349,12.4834557340492,0,0
17.78,-17.8610760773358,2.68338342970603,11.8085272088173,0,0
17.8,-18.2833268750077,4.07585222318762,11.1250721419111,0,0
17.82,-18.6284911873034,5.45819597172975,10.4349444666665,0,0
17.84,-18.8937295199694,6.8234214003416,9.739191119763,0,0
17.86,-19.0770931833185,8.16448206925308,9.03818212309108,0,0
17.88,-19.1770953152962,9.47421440531418,8.33163620414427,0,0
17.9,-19.1930843162867,10.7454834270229,7.61872551198949,0,0
17.92,-19.1247302411976,11.9709558737074,6.89812119821857,0,0
17.94,-18.9728396952186,13.1435697020778,6.16816239076384,0,0
17.96,-18.7383851930443,14.2560105937023,5.42685544291362,0,0
17.98,-18.4231745658147,15.3011725673162,4.67204283732258,0,0
18,-18.0297960516748,16.2723237965485,3.90153245047273,0,0
18.02,-17.560959262258,17.1625939039498,3.11307036229008,0,0
18.04,-17.0200587806105,17.9656508148943,2.30456159353374,0,0
18.06,-16.4107612379545,18.6754548600356,1.47408890314473,0,0
18.08,-15.7372008951583,19.2867540334958,0.620094104130534,0,0
18.1,-15.0034137596726,19.7944360405991,-0.258718901381403,0,0
18.12,-14.2138478876344,20.1945829931757,-1.16307907200754,0,0
18.14,-13.3728175149109,20.4837494109838,-2.09327110524607,0,0
18.16,-12.4848881772254,20.6600191577674,-3.04884574841879,0,0
18.18,-11.5542884981462,20.7218471528749,-4.0288391254706,0,0
18.2,-10.5854058830577,20.6694763998326,-5.03141865466198,0,0
18.22,-9.58236681841671,20.5039598862691,-6.05404976727375,0,0
18.24,-8.54932690296509,20.2281890082688,-7.09327812480967,0,0
18.26,-7.49011126873117,19.8456466714347,-8.14489658900944,0,0
18.28,-6.40854941354604,19.3616377170044,-9.20375624602918,0,0
18.3,-5.30824763566685,18.7822769542523,-10.2638870795952,0,0
18.32,-4.19269961251205,18.1147592696437,-11.3184724513455,0,0
18.34,-3.06531111550946,17.3673214186946,-12.3599539391842,0,0
18.36,-1.92935236182343,16.548589369357,-13.3800383915934,0,0
18.38,-0.788059557114969,15.6679994131701,-14.369999653991,0,0
18.4,0.355411303384528,14.7348518190761,-15.3205147735808,0,0
18.42,1.49790386584591,13.758742965143,-16.2221681891523,0,0
18.44,2.6362514392442,12.7489715308594,-17.0653595600875,0,0
18.46,3.7672705622991,11.7145883297973,-17.8408720097261,0,0
18.48,4.88768976728628,10.6640298083841,-18.5396137649536,0,0
18.5,5.99415129237195,9.6051506891391,-19.1531550898209,0,0
18.52,7.0832441141137,8.54506052806647,-19.6741387548112,0,0
18.54,8.15135253641046,7.49005209492285,-20.0957413771264,0,0
18.56,9.19475820867153,6.44558222357062,-20.4124577454721,0,0
18.58,10.2096147522528,5.41622774788914,-20.6200479961817,0,0
18.6,11.1919060181824,4.40571517100415,-20.7154380731549,0,0
18.62,12.137482197587,3.41692965511182,-20.6968634643442,0,0
18.64,13.042109385366,2.45193127514188,-20.563921297451,0,0
18.66,13.9013659421727,1.51207624269879,-20.3171756767911,0,0
18.68,14.7109427985679,0.597930005722921,-19.958725687087,0,0
18.7,15.4663010437164,-0.290464597955025,-19.4912048745951,0,0
18.72,16.1632406435277,-1.1537633342825,-18.9187264967729,0,0
18.74,16.7973292335898,-1.99296259474767,-18.245570527101,0,0
18.76,17.3645250515545,-2.80955967990095,-17.4770677972304,0,0
18.78,17.8609984306961,-3.60535771803798,-16.6190186974255,0,0
18.8,18.2833974431446,-4.38242811489854,-15.6778083235254,0,0
18.82,18.6284939394379,-5.14291659760469,-14.6598466301097,0,0
18.84,18.8937168359589,-5.88906818233444,-13.5720071051846,0,0
18.86,19.0769855315689,-6.62307302846735,-12.4212966592846,0,0
18.88,19.1771494605033,-7.34701304548198,-11.2150442119117,0,0
18.9,19.1929818538228,-8.06264783041315,-9.96019168690376,0,0
18.92,19.1248104732497,-8.77148379220525,-8.66421303660944,0,0
18.94,18.9728460302236,-9.47452228697227,-7.33415795661691,0,0
18.96,18.738387543761,-10.1722712410543,-5.97724288911568,0,0
18.98,18.4231846552334,-10.8646137955889,-4.60054929225322,0,0
19,18.0297943456407,-11.5507683873675,-3.21110591018682,0,0
19.02,17.5609378790101,-12.2291865102231,-1.81577894873508,0,0
19.04,17.0200638142529,-12.8975703895472,-0.421348334613924,0,0
19.06,16.4107984406639,-13.5528064226832,0.965536432511642,0,0
19.08,15.7372011874603,-14.1910297709367,2.33837472716372,0,0
19.1,15.0034252990842,-14.8076082437131,3.6907828705254,0,0
19.12,14.2138515035935,-15.397275157438,5.01655060615132,0,0
19.14,13.3728060665104,-15.9541232010627,6.30954130831542,0,0
19.16,12.4848830459115,-16.4720105675819,7.56397024838908,0,0
19.18,11.5542537111449,-16.9441771389948,8.77388079877732,0,0
19.2,10.5854062182602,-17.3641783447908,9.93389883778861,0,0
19.22,9.58239785361702,-17.7252369373861,11.0384452563622,0,0
19.24,8.5493005796003,-18.0209886877482,12.0822988576076,0,0
19.26,7.49012172539766,-18.2457698591466,13.0607171607689,0,0
19.28,6.40853124120795,-18.3939644663274,13.9687279789521,0,0
19.3,5.30824948149565,-18.4613395464304,14.8022834978467,0,0
19.32,4.19270428119434,-18.4438113824696,15.5570854991318,0,0
19.34,3.06531336318471,-18.3386808746344,16.2297273688992,0,0
19.36,1.92935294448293,-18.1438600508232,16.8170176448198,0,0
19.38,0.788059561212668,-17.8586345284681,17.3167857848608,0,0
19.4,-0.355411547677826,-17.4826030431456,17.7269670928937,0,0
19.42,-1.49790022100429,-17.0165550681092,18.0465788450292,0,0
19.44,-2.63625507062451,-16.4621715831315,18.2755828156145,0,0
19.46,-3.76726919113954,-15.8214692130779,18.4144443613738,0,0
19.48,-4.88767790032196,-15.097305127711,18.464770609796,0,0
19.5,-5.99416964905453,-14.29324088012,18.4292783150725,0,0
19.52,-7.08324275259197,-13.4128712681492,18.3111288320207,0,0
19.54,-8.1513292326762,-12.4605246522111,18.1147020830983,0,0
19.56,-9.1947682262595,-11.440915725249,17.8451985568821,0,0
19.58,-10.20959159599,-10.3586552369569,17.5080395489369,0,0
19.6,-11.191911460737,-9.21909443699807,17.1096736993691,0,0
19.62,-12.1374810518604,-8.02738811529269,16.6564336471631,0,0
19.64,-13.0421061545576,-6.78915676313362,16.1550856579912,0,0
19.66,-13.9013871913759,-5.51005283686383,15.6122057084387,0,0
19.68,-14.7109359334908,-4.19596446569896,15.0342259788731,0,0
19.7,-15.4663649101473,-2.85292463384599,14.4271882542856,0,0
19.72,-16.1632421790267,-1.48707532679764,13.7965744957791,0,0
19.74,-16.7973221842716,-0.104745303472826,13.147275899747,0,0
19.76,-17.3645509341649,1.28760409119838,12.4834628367477,0,0
19.78,-17.8610502366673,2.68338154413839,11.8085243448559,0,0
19.8,-18.2834013300252,4.07586143004994,11.1250785099391,0,0
19.82,-18.6284610131051,5.45818924087279,10.4349423016688,0,0
19.84,-18.8937239094175,6.8234195403183,9.73919068528345,0,0
19.86,-19.0770913484074,8.16448128585821,9.03818191454828,0,0
19.88,-19.1770556370418,9.47419632902481,8.33163312754727,0,0
19.9,-19.1930902660513,10.7454867369373,7.61872595962815,0,0
19.92,-19.1248021746419,11.9710014031259,6.89812911727728,0,0
19.94,-18.9727851785444,13.1435303602688,6.16815481330359,0,0
19.96,-18.7383881181168,14.256013395694,5.42685577029286,0,0
19.98,-18.4231542040023,15.3011537969156,4.67203857176628,0,0
20,-18.0297833628211,16.2723104018082,3.90152928118755,0,0
20.02,-17.5609643441844,17.1626000937784,3.11307167549669,0,0
20.04,-17.0200644621609,17.9656585739192,2.30456335222257,0,0
20.06,-16.4107902439927,18.6754991983789,1.47409951119988,0,0
20.08,-15.7372076073335,19.2867653269629,0.620096926304534,0,0
20.1,-15.0034412629185,19.7944889474927,-0.258706123078378,0,0
20.12,-14.2138576363876,20.1946038071581,-1.16307409995556,0,0
20.14,-13.3728326812888,20.4837859343595,-2.09326287671406,0,0
20.16,-12.4848767893407,20.6599887834534,-3.04885254506382,0,0
20.18,-11.554299549848,20.721880476075,-4.02883301033039,0,0
20.2,-10.5854059144149,20.6694770410827,-5.03141928124597,0,0
20.22,-9.58237657981672,20.5039965244651,-6.05404514305864,0,0
20.24,-8.5493239366839,20.2281779275335,-7.0932806087419,0,0
20.26,-7.49012312486484,19.8457012943385,-8.14489372250866,0,0
20.28,-6.4085558499395,19.3616709595857,-9.20375670493654,0,0
20.3,-5.30824559692787,18.7822654386742,-10.2638871823415,0,0
20.32,-4.19270520236817,18.1147969405746,-11.3184791383631,0,0
20.34,-3.06531056635074,17.3673162921266,-12.359952794476,0,0
20.36,-1.92935789255878,16.5486512382396,-13.380068371915,0,0
20.38,-0.788058275940456,15.6679653517496,-14.3699741799412,0,0
20.4,0.355411069648405,14.7348502901381,-15.3205124837992,0,0
20.42,1.4979032487243,13.7587397919564,-16.2221619838929,0,0
20.44,2.63625423441335,12.7489821489136,-17.0653873545232,0,0
20.46,3.76726560054005,11.7145818294733,-17.8408382668451,0,0
20.48,4.88768849984173,10.6640297413348,-18.5396084264346,0,0
20.5,5.99416833744509,9.6051523398084,-19.1532487829987,0,0
20.52,7.08322643444727,8.54506502458193,-19.6740569089901,0,0
20.54,8.15134690944082,7.49005453355593,-20.0957196475452,0,0
20.56,9.19476628285188,6.44557782005958,-20.4124908768472,0,0
20.58,10.2096212088488,5.41622379253741,-20.6200720881585,0,0
20.6,11.1919114215868,4.4057116932377,-20.7154565481436,0,0
20.62,12.1374796943361,3.41693084695973,-20.6968575764395,0,0
20.64,13.0420920132868,2.45194066140295,-20.5638786330736,0,0
20.66,13.9013862272065,1.51206547089534,-20.3172221072672,0,0
20.68,14.7109394576377,0.597931392064481,-19.9587195608724,0,0
20.7,15.4663633259902,-0.290491600876382,-19.4913176714252,0,0
20.72,16.1631849053033,-1.15374213124542,-18.9186378865204,0,0
20.74,16.7973239109014,-1.99296090088639,-18.2455631906172,0,0
20.76,17.3645356736115,-2.80956289514775,-17.4770813210759,0,0
20.78,17.8610753412984,-3.60537731033401,-16.619105150909,0,0
20.8,18.2833506977882,-4.38241820812248,-15.6777620466547,0,0
20.82,18.6284855199626,-5.1429150540312,-14.6598393209129,0,0
20.84,18.8937057581183,-5.88906641206168,-13.5719986729977,0,0
20.86,19.07709638003,-6.62308615270051,-12.4213707910233,0,0
20.88,19.1771147187732,-7.34700936606855,-11.2150242772394,0,0
20.9,19.192993451607,-8.06264838611841,-9.96019742154424,0,0
20.92,19.124788833494,-8.77148197362479,-8.66420426683226,0,0
20.94,18.9727832934624,-9.4745179712376,-7.33413741299276,0,0
20.96,18.7383794431312,-10.1722704654466,-5.97724077020006,0,0
20.98,18.4231557687939,-10.864611440471,-4.60054432514319,0,0
21,18.029793081422,-11.5507684500952,-3.21110532745915,0,0
21.02,17.5608690779316,-12.2291774647502,-1.81577914140843,0,0
21.04,17.0200587474951,-12.8975699359897,-0.421348283228959,0,0
21.06,16.4107680342877,-13.5527989398638,0.965530320654793,0,0
21.08,15.7372033492434,-14.1910311166597,2.33837599340034,0,0
21.1,15.0033799167029,-14.8075870811642,3.69076179805682,0,0
21.12,14.2138571678141,-15.3972792988912,5.01655462568646,0,0
21.14,13.37280915154,-15.9541262995482,6.30954423362285,0,0
21.16,12.4848895691062,-16.4720178127655,7.56397716474416,0,0
21.18,11.5542993033977,-16.9442393506853,8.77394016565547,0,0
21.2,10.585370751396,-17.3641170244495,9.9338410311354,0,0
21.22,9.58239602188889,-17.7252124887362,11.0384187118562,0,0
21.24,8.54932351983095,-18.0207593806005,12.0820362578518,0,0
21.26,7.49025258364949,-18.2446849111487,13.0594727570038,0,0
21.28,6.40906216847613,-18.3909391766283,13.9651884724596,0,0
21.3,5.30966995781171,-18.4542737160858,14.7939667738732,0,0
21.32,4.19602149306179,-18.4305874603758,15.5411996390555,0,0
21.34,3.07198967755811,-18.3163155064047,16.2023183434097,0,0
21.36,1.94151866367404,-18.109375263623,16.7737336189388,0,0
21.38,0.808563578555453,-17.8085937050996,17.2523829773512,0,0
21.4,-0.322871099701666,-17.4141553552876,17.6362961097575,0,0
21.42,-1.44872313312535,-16.927166082476,17.9243111569898,0,0
21.44,-2.56485217558005,-16.3498120948919,18.1163884286959,0,0
21.46,-3.66704397131812,-15.6852995671433,18.2137068964027,0,0
21.48,-4.75100183512334,-14.9376764908063,18.2186061153767,0,0
21.5,-5.81229884050126,-14.1116068503294,18.1344213328786,0,0
21.52,-6.84640656219218,-13.2124452297621,17.9656086947985,0,0
21.54,-7.84884044048027,-12.2463527852145,17.7178882159068,0,0
21.56,-8.81480856286195,-11.2194709843367,17.3972100025185,0,0
21.58,-9.73973237609283,-10.1387767730386,17.0106683769041,0,0
21.6,-10.6188351561071,-9.01127436441808,16.5653965208069,0,0
21.62,-11.4474860179063,-7.8443593215071,16.0688537728878,0,0
21.64,-12.2210618674374,-6.64556982601141,15.5283535677989,0,0
21.66,-12.9353696289265,-5.4227094554779,14.9511036889342,0,0
21.68,-13.5860776571376,-4.18353828612482,14.3436246354106,0,0
21.7,-14.1694502177916,-2.93599044626964,13.712005061824,0,0
21.72,-14.6820031816401,-1.68800381367574,13.0615736628466,0,0
21.74,-15.1210001073591,-0.447479244405069,12.3969534477211,0,0
21.76,-15.4838273804013,0.777687188546217,11.7219084449549,0,0
21.78,-15.769023245929,1.97981769343852,11.0395112811936,0,0
21.8,-15.9753461183363,3.15127713245417,10.3520675830181,0,0
21.82,-16.1024787667751,4.28470024005305,9.66126305877686,0,0
21.84,-16.1508455468729,5.3730144632924,8.96823102361152,0,0
21.86,-16.1215440161253,6.40945703557657,8.27365901069674,0,0
21.88,-16.0164580745285,7.38772990275205,7.57790564879536,0,0
21.9,-15.8379755641579,8.30187029871705,6.88111180194685,0,0
21.92,-15.589434848525,9.14678057180553,6.18332054310852,0,0
21.94,-15.2742839068803,9.91754858125737,5.48457180705274,0,0
21.96,-14.8967296147838,10.610231416496,4.78501004693888,0,0
21.98,-14.4612546450033,11.2214989918223,4.08496413440897,0,0
22,-13.9728301237106,11.7491204324933,3.3850195438828,0,0
22.02,-13.4363308067195,12.1912012646049,2.68607681670185,0,0
22.04,-12.8570357369736,12.5471582371927,1.98938957668982,0,0
22.06,-12.2401818808727,12.8171013532558,1.29659483393766,0,0
22.08,-11.5910682192441,13.0021588484788,0.609712453036583,0,0
22.1,-10.9148811568322,13.1041324322148,-0.0688361560623831,0,0
22.12,-10.2168372845307,13.1260626439644,-0.736320014908022,0,0
22.14,-9.50190516488585,13.0713433936341,-1.38963583063261,0,0
22.16,-8.77495483437759,12.9442116695903,-2.02541786662315,0,0
22.18,-8.04070413824511,12.7497484463934,-2.64017611844893,0,0
22.2,-7.30364016251261,12.4931759813934,-3.23018569305332,0,0
22.22,-6.56807470437145,12.1803186587348,-3.79174487544688,0,0
22.24,-5.83810662565978,11.8172220782407,-4.32118460567459,0,0
22.26,-5.11761170123564,11.4101080332378,-4.81500249070154,0,0
22.28,-4.41026058965121,10.9651662905803,-5.26987301266125,0,0
22.3,-3.71951438019432,10.4885270253545,-5.68276838075603,0,0
22.32,-3.04854501519146,9.98623412007737,-6.05119160373892,0,0
22.34,-2.40037503931032,9.46396781388396,-6.37291316304645,0,0
22.36,-1.77775321312889,8.92715710634717,-6.64630249101478,0,0
22.38,-1.18318983403081,8.380864513265,-6.87026740247578,0,0
22.4,-0.618919516369842,7.82975963855241,-7.04432738215537,0,0
22.42,-0.0870030658306,7.27809787520434,-7.16845115697992,0,0
22.44,0.41095164080642,6.72970818335605,-7.24345728861406,0,0
22.46,0.873390381320054,6.18802618387319,-7.27039351679611,0,0
22.48,1.2991272474202,5.65609560642976,-7.25096567872399,0,0
22.5,1.68739383448944,5.1365386739698,-7.18750259029141,0,0
22.52,2.03746142906233,4.63171775238676,-7.08246679391921,0,0
22.54,2.34920282625554,4.14355836860228,-6.93901904090086,0,0
22.56,2.62249937032699,3.67381954430658,-6.76033352063713,0,0
22.58,2.85765266628185,3.22395160497069,-6.54996690993233,0,0
22.6,3.05535886561568,2.79510828975909,-6.31172662946695,0,0
22.62,3.21633875773786,2.3883812686545,-6.04935574849115,0,0
22.64,3.34187306410937,2.00449686346263,-5.76684560914609,0,0
22.66,3.43319693651014,1.64420008720989,-5.46801677127282,0,0
22.68,3.49192009527216,1.30799131427638,-5.15672834880483,0,0
22.7,3.51994468201915,0.996149031629852,-4.83674718057272,0,0
22.72,3.51911777184925,0.709002665193117,-4.51163247727556,0,0
22.74,3.49164947414207,0.446572403602993,-4.18480593135776,0,0
22.76,3.43975397652717,0.208850303794485,-3.8594543393505,0,0
22.78,3.36577728849179,-0.004335138843969,-3.53852865017659,0,0
22.8,3.27212997574205,-0.193285676316662,-3.22471831884516,0,0
22.82,3.16130345135798,-0.358501670499337,-2.92040458986529,0,0
22.84,3.03572106086948,-0.500510147041663,-2.62772416402837,0,0
22.86,2.89786249662915,-0.62008553164914,-2.34846515468714,0,0
22.88,2.75012773246978,-0.718077338895817,-2.08414861804869,0,0
22.9,2.59487000706227,-0.795505512781768,-1.83597500145424,0,0
22.92,2.43434624712977,-0.853489646900546,-1.60487721961821,0,0
22.94,2.27071846368562,-0.893323134354506,-1.39145694407761,0,0
22.96,2.10601146446945,-0.916379147066672,-1.19606840173863,0,0
22.98,1.9421110950198,-0.924115067898174,-1.01882641265849,0,0
23,1.78074887370252,-0.918090051155889,-0.859584033641086,0,0
23.02,1.62346909103887,-0.899961075475953,-0.717915480595858,0,0
23.04,1.47165631514094,-0.871361546524361,-0.593286298309134,0,0
23.06,1.3264890012988,-0.833991012919562,-0.484911888180764,0,0
23.08,1.18895562309487,-0.789534193049636,-0.391866088252507,0,0
23.1,1.05985003866198,-0.739651392988772,-0.313087189932476,0,0
23.12,0.939725502936847,-0.685970663342376,-0.247339531302491,0,0
23.14,0.828983265200916,-0.630026477306879,-0.193364805052485,0,0
23.16,0.727795906408815,-0.57327472416724,-0.149785387171917,0,0
23.18,0.636154293877061,-0.517058531912568,-0.11518287778587,0,0
23.2,0.553825192004537,-0.462583610614099,-0.0880763335940088,0,0
23.22,0.48044621344265,-0.410901457469666,-0.0670289838906454,0,0
23.24,0.41547147928647,-0.362765584650553,-0.0507350711632462,0,0
23.26,0.358267006177677,-0.318583833182448,-0.0381577713037984,0,0
23.28,0.308157259215182,-0.278505509019413,-0.0284830481917739,0,0
23.3,0.264432606097373,-0.242482195354258,-0.0210629658007766,0,0
23.32,0.226436450683265,-0.210367185800598,-0.0154005252992992,0,0
23.34,0.193529935671818,-0.181928192052838,-0.0111011740388578,0,0
23.36,0.165111360916258,-0.156884153719578,-0.00785477043269569,0,0
23.38,0.14063454667491,-0.134938435606033,-0.00542050306627847,0,0
23.4,0.119607528141698,-0.115793546114799,-0.00361100082614798,-2.24728074049815e-10,0
23.42,0.101582355918463,-0.0991541974666832,-0.00227931751219632,0.000225712364030631,0
23.44,0.0861646484516336,-0.084743929514254,-0.00131199670302018,0.00285850351060673,0
23.46,0.0729947316885553,-0.0722957608833881,-0.000619856949652653,0.0129532530984461,0
23.48,0.0617697265727599,-0.0615767566869691,-0.000135586491082598,0.0375468509162759,0
23.5,0.0522158478811909,-0.0523679503786788,0.00019359740350134,0.0846788789376098,0
23.52,0.0440965791413862,-0.0444746166573331,0.000407960022304404,0.162784654194765,0
23.54,0.0372038474670188,-0.0377207477484171,0.000538418440105564,0.280111689274088,0
23.56,0.0313614536877217,-0.0319542307852714,0.000608214598700056,0.444628042198774,0
23.58,0.0264147204474044,-0.0270387371168009,0.000635066737910643,0.663577770862671,0
23.6,0.0222316730207428,-0.0228559953005327,0.000632216177218449,0.943522760151258,0
23.62,0.0186960868358937,-0.0193000586877837,0.000609598546222889,1.28986635953391,0
23.64,0.0157121851472743,-0.0162826009661839,0.00057441941197815,1.70753111092856,0
23.66,0.0131958824462023,-0.0137250193341202,0.000531980717870351,2.2003008232762,0
23.68,0.0110755192747446,-0.0115595711879356,0.000486068573602049,2.77105864341879,0
23.7,0.00929004343122286,-0.00972794704588036,0.000439331334114832,3.4217967441745,0
23.72,0.00778810520207061,-0.00818067000450502,0.000393574167798136,4.15385595710933,0
23.74,0.00652538128659539,-0.00687464388069221,0.000349975179817016,4.9675880375222,0
23.76,0.00546474302231222,-0.00577349867466973,0.000309258127591512,5.86278425303797,0
23.78,0.00457394085209018,-0.00484538786150752,0.000271800797226393,6.83816513968566,0
23.8,0.00382659263707706,-0.00406410844161832,0.000237764623402646,7.8922605644714,0
23.82,0.00319999524624533,-0.00340696198212655,0.000207141552904194,9.02281113334639,0
23.84,0.00267471782988344,-0.00285440073264217,0.000179805573570002,10.2267954426933,0
23.86,0.00223475238864735,-0.00239024151693905,0.000155575122586605,11.500975135793,0
23.88,0.00186641801594232,-0.00200057991286314,0.000134222122554492,12.8414960544976,0
23.9,0.00155817778980649,-0.0016736340302185,0.000115498378126294,14.2440540231881,0
23.92,0.0013004087857081,-0.00139953448429925,9.91551585342491e-05,15.7040576463376,0
23.94,0.00108482967653452,-0.00116974809913581,8.49389965190851e-05,17.216324173531,0
23.96,0.000904689192629641,-0.000977294209604489,7.26193740049471e-05,18.7756367995469,0
23.98,0.000754242970740969,-0.000816210062624445,6.19771043371414e-05,20.3763991328189,0
24,0.000628571740603294,-0.00068136932137432,5.28045561395312e-05,22.0126251049811,0
24.02,0.00052369688484659,-0.000568614159314825,4.49221311381985e-05,23.6783518526389,0
24.04,0.000436184174334966,-0.000474342811031367,3.81620156101172e-05,25.3672840484863,0
24.06,0.000363194796606868,-0.0003955694034228,3.23769562219668e-05,27.0730458873626,0
24.08,0.000302339238685388,-0.000329773229748382,2.74356236186698e-05,28.7891303890543,0
24.1,0.000251601550771392,-0.000274821525279428,2.32211081001136e-05,30.5089573214239,0
24.12,0.000209327570716129,-0.000228960084307135,1.96333001993049e-05,32.2259123489964,0
24.14,0.000174118739879312,-0.000190701904161952,1.65837098911034e-05,33.9333388432556,0
24.16,0.000144787106267092,-0.000158780608716536,1.39938806364742e-05,35.6246619403812,0
24.18,0.00012037126016499,-0.000132169301010701,1.17983027994435e-05,37.2932633897162,0
24.2,0.000100049185653007,-0.000109987858463504,9.93885420407843e-06,38.9326585697546,0
24.22,8.31417368326564e-05,-9.15076619248336e-05,8.36605058894877e-06,40.5364100775122,0
24.24,6.90744270171118e-05,-7.61110449156571e-05,7.03670471111685e-06,42.0983121783313,0
24.26,5.73745945145376e-05,-6.32888865844198e-05,5.91435208495465e-06,43.61223437776,0
24.28,4.76476722444489e-05,-5.26153951411361e-05,4.96776435963562e-06,45.0721951361086,0
24.3,3.95631448224462e-05,-4.37332470915639e-05,4.17013093206159e-06,46.4724363047676,0
24.32,3.28419303995443e-05,-3.63401628989906e-05,3.49825233113251e-06,47.8076378546141,0
24.34,2.72578844927631e-05,-3.01908435267507e-05,2.93297275592845e-06,49.0724077985479,0
24.36,2.26193301337438e-05,-2.50770206792812e-05,2.45769999333721e-06,50.2617872708205,0
24.38,1.87674031201086e-05,-2.08258168383194e-05,2.05842024320027e-06,51.371036555557,0
24.4,1.55676570900492e-05,-1.72906877566477e-05,1.7230352222671e-06,52.3960388460828,0
24.42,1.29117825084489e-05,-1.43534329992108e-05,1.44165357737525e-06,53.332721957876,0
24.44,1.07072045455623e-05,-1.19128667809325e-05,1.20566442985666e-06,54.1796797177161,0
24.46,8.87780510956016e-06,-9.88568364109066e-06,1.00788007648873e-06,54.9386049488076,0
24.48,7.35946282349845e-06,-8.20160974062853e-06,8.42148000603541e-07,55.6137319641161,0
24.5,6.09998513936211e-06,-6.80337928203313e-06,7.03394901106863e-07,56.2103787437873,0
24.52,5.0552972606768e-06,-5.64257022854614e-06,5.87273567087348e-07,56.7346191222642,0
24.54,4.18909266869358e-06,-4.6792498823806e-06,4.90157569909151e-07,57.1907630501974,0
24.56,3.47056464138465e-06,-3.87949081583649e-06,4.08926441165285e-07,57.5805051679108,0
24.58,2.8749601105181e-06,-3.21600703614851e-06,3.41047087148757e-07,57.9029789791175,0
24.6,2.38130338781216e-06,-2.66564932063955e-06,2.84346043553176e-07,58.1561234196984,0
24.62,1.97210112946122e-06,-2.20909075110649e-06,2.36989726727413e-07,58.3371617642597,0
24.64,1.63298330028829e-06,-1.83043957390871e-06,1.97456350533951e-07,58.4428245358766,0
24.66,1.35204244756608e-06,-1.51651433832266e-06,1.64471967089895e-07,58.4697122736144,0
24.68,1.11928314387289e-06,-1.25623924164039e-06,1.36956224989692e-07,58.4147575851697,0
24.7,9.26521569777887e-07,-1.04053768046647e-06,1.14016179398508e-07,58.2750046565402,0
24.72,7.66814823738246e-07,-8.61701515692507e-07,9.48867780328553e-08,58.0483307797138,0
24.74,6.34572681535258e-07,-7.13519792234224e-07,7.89471364202295e-08,57.7326565933769,0
24.76,5.25103292141812e-07,-5.9077471145488e-07,6.56714856266938e-08,57.3265602782711,0
24.78,4.34438192691844e-07,-4.89049146356534e-07,5.4610953793909e-08,56.8296011571203,0
24.8,3.59404467606421e-07,-4.04808769763683e-07,4.54043530461367e-08,56.2413111233627,0
24.82,2.97295003436992e-07,-3.35035586211065e-07,3.77405827740723e-08,55.5622435954619,0
24.84,2.45892465758152e-07,-2.77255736152021e-07,3.13632958383068e-08,54.793356498509,0
24.86,2.0336516776262e-07,-2.29424061418807e-07,2.60589245959421e-08,53.9360740292328,0
24.88,1.68165835291266e-07,-1.89811634175453e-07,2.16458164185403e-08,52.9927071379502,0
24.9,1.39047836666079e-07,-1.57024482894115e-07,1.79766882954444e-08,51.9656300150114,0
24.92,1.14965485178426e-07,-1.29892607965736e-07,1.49271337727034e-08,50.8578402674885,0
24.94,9.50383880765365e-08,-1.07429983399433e-07,1.23916265446518e-08,49.673079330813,0
24.96,7.85606933200638e-08,-8.88458642040009e-08,1.02851963283745e-08,48.4150412781618,0
24.98,6.49333792745631e-08,-7.34684766042885e-08,8.53521686479619e-09,47.088130604979,0
25,5.3666457840425e-08,-6.07482880822726e-08,7.08184005671905e-09,45.696955310538,0
25.02,4.43501173727868e-08,-5.02249637722492e-08,5.87489280658816e-09,44.246594330986,0
25.04,3.66469216508703e-08,-4.15195742256758e-08,4.87265923792753e-09,42.7423712424567,0
25.06,3.02798510478121e-08,-3.43206504943819e-08,4.04082597586735e-09,41.1897988504471,0
25.08,2.50177982722925e-08,-2.83683730659804e-08,3.35063164541963e-09,39.5947000319362,0
25.1,2.06671680474721e-08,-2.34447595902447e-08,2.77764243164746e-09,37.9632167789185,0
25.12,1.70720756118906e-08,-1.93744010196727e-08,2.30237629665705e-09,36.3014744831302,0
25.14,1.41013483639694e-08,-1.60094405032684e-08,1.90810263595482e-09,34.6158672914389,0
25.16,1.16470433633221e-08,-1.32282164108498e-08,1.58117957252246e-09,32.9128827361878,0
25.18,9.61861908330806e-09,-1.0928638893859e-08,1.31004647726483e-09,31.1991362113134,0
25.2,7.94305570386865e-09,-9.02827148853275e-09,1.0853124560394e-09,29.4812527364554,0
25.22,6.55889750816201e-09,-7.45784285870213e-09,8.98921468516859e-10,27.7659229454196,0
25.24,5.4157668576016e-09,-6.16025974908951e-09,7.44526305349169e-10,26.0598536345066,0
25.26,4.47128092373017e-09,-5.0878059979398e-09,6.16540900700566e-10,24.369667012837,0
25.28,3.69131085841862e-09,-4.20174140339048e-09,5.10529035233067e-10,22.7020059070303,0
25.3,3.04722258894067e-09,-3.46981457019832e-09,4.22693759007454e-10,21.0634040269048,0
25.32,2.5154418925294e-09,-2.86527058290928e-09,3.49848316310845e-10,19.4603310404062,0
25.34,2.07621228586458e-09,-2.36573220554987e-09,2.89585383100171e-10,17.8989455707889,0
25.36,1.71357988161615e-09,-1.95321334379611e-09,2.39661854443762e-10,16.3855055530979,0
25.38,1.41422282937118e-09,-1.6125399692158e-09,1.98297747487487e-10,14.9259399288183,0
25.4,1.16713530851403e-09,-1.33115979030844e-09,1.64148692920326e-10,13.5259668572209,0
25.42,9.6306049403441e-10,-1.09879518056978e-09,1.3576013097282e-10,12.1910390933088,0
25.44,7.94694637276858e-10,-9.06972896623157e-10,1.12347077918913e-10,10.9265159424058,0
25.46,6.55675437320898e-10,-7.48570358547335e-10,9.2914409132261e-11,9.73731251044033,0
25.48,5.4103340351673e-10,-6.17879645794787e-10,7.6885323301105e-11,8.6282288300529,0
25.5,4.46322621087923e-10,-5.09875814528174e-10,6.35971369296145e-11,7.60336931714412,0
25.52,3.68189301209804e-10,-4.20774205704395e-10,5.26103489320429e-11,6.66675526734093,0
25.54,3.03714982618713e-10,-3.47197383452829e-10,4.3507845271568e-11,5.8199515518457,0
25.56,2.50553049783519e-10,-2.86471820992864e-10,3.59427278681052e-11,5.06098467909134,0
25.58,2.06648984240933e-10,-2.36401775705058e-10,2.97187468494862e-11,4.38596697012739,0
25.6,1.70452828348538e-10,-1.95054022501084e-10,2.46084833439442e-11,3.78938173474228,0
25.62,1.40601630245578e-10,-1.60902298693754e-10,2.0386814119111e-11,3.26495320641513,0
25.64,1.15947280639549e-10,-1.32782792486263e-10,1.68355118467138e-11,2.80620547625634,0
25.66,9.56271089443204e-11,-1.09532915947662e-10,1.39312514407933e-11,2.40640502582198,0
25.68,7.8874839050903e-11,-9.03428105769743e-11,1.15098730645734e-11,2.05935625885281,0
25.7,6.50077510302515e-11,-7.45075453652462e-11,9.54119960124675e-12,1.75910686563271,4.61612706230539e-09
25.72,5.36283377152036e-11,-6.14551883945502e-11,7.89393896269843e-12,1.4999747121306,0.00011297126984331
25.74,4.42405825810589e-11,-5.06993773706786e-11,6.53512810197483e-12,1.2770172760224,0.00142605902586186
25.76,3.64687267520433e-11,-4.18341218627707e-11,5.39083954817918e-12,1.08559398341497,0.0064757606822403
25.78,3.0065296713481e-11,-3.45470707937177e-11,4.52910986640405e-12,0.921619108518623,0.0187746809390321
25.8,2.47965119796529e-11,-2.84739983274591e-11,3.70293078525788e-12,0.781426970977171,0.0423482985579712
25.82,2.04692873624928e-11,-2.348744311335e-11,3.08475675731639e-12,0.661757006071922,0.0813789366372973
25.84,1.68697636938933e-11,-1.94269466016918e-11,2.56985429481892e-12,0.55980319266859,0.140053917654819
25.86,1.39178936460109e-11,-1.60170383717695e-11,2.08644387104007e-12,0.4730812214646,0.222343738784014
25.88,1.1476633743557e-11,-1.32500578545838e-11,1.74797967357507e-12,0.399384818934783,0.3317984828764
25.9,9.49139012440299e-12,-1.08991106784256e-11,1.47577737219907e-12,0.336868326988967,0.47173141149069
25.92,7.80261423354031e-12,-9.04939166867401e-12,1.22133299768199e-12,0.283892498346603,0.644928938655913
25.94,6.43694210616271e-12,-7.45471960423103e-12,1.06866637297174e-12,0.239059129734814,0.853787223081236
25.96,5.37775818553443e-12,-6.17202326461328e-12,8.65110873358077e-13,0.201145877073551,1.10014807045446
25.98,4.40188767914551e-12,-5.06584991326155e-12,7.63333123551244e-13,0.169121756721719,1.38550105883857
26,3.62971027028341e-12,-4.24037676912441e-12,6.19510784151844e-13,0.142100251525147,1.71089766558265
26.02,2.99940385677803e-12,-3.51778733913727e-12,5.59777623937579e-13,0.119321418279792,2.07696550316232
26.04,2.50834550575879e-12,-2.90480270302581e-12,4.57999874130746e-13,0.100126341556735,2.48380435195118
26.06,2.08136573213153e-12,-2.41722155791227e-12,3.62992976201961e-13,0.0839706047132937,2.9313462581626
26.08,1.67933287181274e-12,-2.01011055868494e-12,3.1772283586084e-13,0.0703825348982465,3.41907142737926
26.1,1.39047167744499e-12,-1.68830525421169e-12,2.88861194367747e-13,0.0589632902170298,3.94616624632998
26.12,1.17128992311798e-12,-1.39944405984395e-12,2.54444374517081e-13,0.0493683220499987,4.51137496774335
26.14,9.82842344048395e-13,-1.14499968532687e-12,2.03555499613665e-13,0.0413158435778558,5.11339234126285
26.16,7.88777561002952e-13,-9.95397625305107e-13,1.52666624710249e-13,0.0345605133935845,5.75049151028498
26.18,6.67773534721853e-13,-8.27230113951485e-13,1.52666624710249e-13,0.0288971470479716,6.42076866403302
26.2,5.8049044120551e-13,-7.28425445731981e-13,1.52666624710249e-13,0.0241503980156458,7.12203094938009
26.22,5.08888749034163e-13,-6.16284239932881e-13,1.52666624710249e-13,0.0201753773825357,7.85200309456177
26.24,4.11882569641351e-13,-5.13660319448183e-13,1.52666624710249e-13,0.0168478912935634,8.60815435748101
26.26,3.67736699768344e-13,-4.60415160693595e-13,1.52666624710249e-13,0.0140643681556859,9.38784108351515
26.28,2.79888811968789e-13,-3.81666561775622e-13,1.15027619737979e-13,0.0117356297835239,10.1881848354499
26.3,2.54444374517081e-13,-3.81666561775622e-13,1.52666624710249e-13,0.00978924001879223,11.00631268717
26.32,2.03555499613665e-13,-3.00539593121659e-13,1.01777749806833e-13,0.00816307084287222,11.8391810663097
26.34,1.81095835863844e-13,-2.79888811968789e-13,1.01777749806833e-13,0.00680460995935588,12.6836453783207
26.36,1.78111062161957e-13,-2.53215363432015e-13,9.93197276366999e-14,0.00567037738146339,13.5365217262971
26.38,1.77501310034289e-13,-2.28999937065373e-13,5.08888749034163e-14,0.00472385226294452,14.3945638826654
26.4,1.52666624710249e-13,-2.03555499613665e-13,5.08888749034163e-14,0.00393411983200194,15.2544788079608
26.42,1.16565026125985e-13,-1.88768223294512e-13,5.08888749034163e-14,0.00327560755161172,16.1129514063932
26.44,1.14870348336713e-13,-1.65018463632076e-13,1.01777749806833e-13,0.00272639635763099,16.9666759922197
26.46,1.01777749806833e-13,-1.78829868024958e-13,1.01777749806833e-13,0.00226869293191683,17.8123344904053
26.48,1.01777749806833e-13,-1.78111062161957e-13,5.08888749034163e-14,0.0018874271311694,18.6466205013347
26.5,7.63333123551244e-14,-1.53116947259607e-13,5.08888749034163e-14,0.00156973228288083,19.4663305417368
26.52,7.63333123551244e-14,-1.78111062161957e-13,1.01777749806833e-13,0.00130524945523503,20.2682151889741
26.54,5.59562336394542e-14,-1.32289545994579e-13,9.16430323347566e-14,0.00108506084394386,21.0491650116985
26.56,7.60290873237551e-14,-1.27222187258541e-13,5.21057750288937e-14,0.000901810857859283,21.8061162401399
26.58,5.08888749034163e-14,-1.37782080207637e-13,1.01777749806833e-13,0.000749368767524229,22.5360715132307
26.6,5.83148556103819e-14,-1.45240644003283e-13,1.01777749806833e-13,0.000622526902293445,23.2362452296463
26.62,7.63333123551244e-14,-1.36243608417735e-13,5.08888749034163e-14,0.000517055780502991,23.9038261637002
26.64,8.75832449538376e-14,-1.52666624710249e-13,5.08888749034163e-14,0.000429384003109163,24.5361628502535
26.66,5.08888749034163e-14,-1.52666624710249e-13,5.08888749034163e-14,0.000356483438732706,25.1308862371671
26.68,6.51122917272928e-14,-1.41445604082417e-13,5.08888749034163e-14,0.000295912479181235,25.6855497037001
26.7,7.29457065547296e-14,-1.30609793058935e-13,5.08888749034163e-14,0.000245585091677025,26.1980180821708
26.72,5.79478456532484e-14,-1.08836720556665e-13,5.79478456532484e-14,0.000203785475135218,26.6663422567609
26.74,7.21117038930259e-14,-1.52666624710249e-13,5.08888749034163e-14,0.000169067747529397,27.0898200939715
26.76,7.45939884357221e-14,-1.0003842588743e-13,5.43675227422209e-14,0.000140237266033544,27.4693366625814
26.78,7.63333123551244e-14,-1.00725120356505e-13,5.08888749034163e-14,0.000116306103047045,27.8068689361814
26.8,7.63333123551244e-14,-1.27222187258541e-13,5.08888749034163e-14,9.64461707445196e-05,28.1051513556599
26.82,8.85148654385524e-14,-1.39403740341969e-13,7.52519810702722e-14,7.99595108720682e-05,28.367298476436
26.84,7.17304307761325e-14,-1.27222187258541e-13,6.00946380614002e-14,6.62822081464673e-05,28.5954147109396
26.86,6.19265533092813e-14,-1.56035705350227e-13,5.08888749034163e-14,5.49363317099035e-05,28.7902582674136
26.88,5.76860644954928e-14,-1.08574939398909e-13,5.08888749034163e-14,4.55272943721331e-05,28.9514621041373
26.9,2.63858830628665e-14,-1.01777749806833e-13,9.98948585845158e-14,3.77221445615982e-05,29.0780805262194
26.92,8.21544513914297e-14,-1.21401048222235e-13,5.08888749034163e-14,3.12514908888496e-05,29.168596362433
26.94,5.09603483737511e-14,-1.52523677769579e-13,1.01634802866163e-13,2.58871333358156e-05,29.2214125994666
26.96,6.8626970762334e-14,-1.27222187258541e-13,5.08888749034163e-14,2.14415336183257e-05,29.234823548494
26.98,5.08888749034163e-14,-1.01777749806833e-13,5.08888749034163e-14,1.77559548528863e-05,29.2073702710397
27,5.08888749034163e-14,-1.27222187258541e-13,5.08888749034163e-14,1.470224455349e-05,29.1375508112114
27.02,5.1027597844525e-14,-1.26944741376323e-13,5.08888749034163e-14,1.21722544753729e-05,29.0241825943391
27.04,7.63333123551244e-14,-1.21870180568641e-13,1.01777749806833e-13,1.00768276507732e-05,28.8662763836196
27.06,7.22877943974997e-14,-1.48621106752624e-13,5.08888749034163e-14,8.34049501565833e-06,28.6633172584712
27.08,6.50159781239067e-14,-1.30031956247813e-13,7.91430813443971e-14,6.90276092126202e-06,28.4147927018768
27.1,5.41985284950368e-14,-1.49356971118628e-13,5.08888749034163e-14,5.7122848846564e-06,28.1206416446398
27.12,5.53667927851478e-14,-1.27222187258541e-13,5.08888749034163e-14,4.7265520322613e-06,27.7810973721027
27.14,5.24433496454733e-14,-7.94422618392385e-14,5.08888749034163e-14,3.91038136777014e-06,27.3966746200606
27.16,5.08888749034163e-14,-1.01777749806833e-13,8.23960745266333e-14,3.23488146608683e-06,26.9680715233966
27.18,6.55041996105704e-14,-1.41837511965695e-13,8.01195243177246e-14,2.67576364668205e-06,26.4963629223688
27.2,6.42235978906923e-14,-1.16337481316953e-13,5.08888749034163e-14,2.21315027544954e-06,25.9827727089443
27.22,5.08888749034163e-14,-1.68301363346242e-13,8.21583521754017e-14,1.8302045945297e-06,25.4289513983117
27.24,7.34526320677161e-14,-1.07539110381649e-13,5.08888749034163e-14,1.5133989119175e-06,24.8365462268489
27.26,5.08888749034163e-14,-1.08386422467281e-13,8.85604044859365e-14,1.2513615320024e-06,24.2074984504757
27.28,5.08888749034163e-14,-1.0529961888432e-13,9.94298370885076e-14,1.03453631489457e-06,23.5440595024018
27.3,7.1470124424459e-14,-1.27222187258541e-13,5.08888749034163e-14,8.55221648282436e-07,22.8484880763865
27.32,5.08888749034163e-14,-1.27222187258541e-13,5.08888749034163e-14,7.06923261386205e-07,22.1233103980282
27.34,9.80176971626382e-14,-1.52666624710249e-13,5.08888749034163e-14,5.84283909546043e-07,21.3711871499543
27.36,5.97736155013214e-14,-1.0298753414884e-13,5.08888749034163e-14,4.82898353614267e-07,20.5948795211888
27.38,6.08473762037315e-14,-1.27222187258541e-13,5.08888749034163e-14,3.99044979858445e-07,19.7973648817644
27.4,5.08888749034163e-14,-1.52666624710249e-13,6.1529980629174e-14,3.29729857445988e-07,18.9816120114752
27.42,7.63333123551244e-14,-1.52666624710249e-13,5.08888749034163e-14,2.72444695812364e-07,18.1507256852503
27.44,7.26354624322176e-14,-1.09173449652646e-13,5.828457474923e-14,2.25077021985919e-07,17.3079328720011
27.46,7.35814601416906e-14,-1.27222187258541e-13,5.08888749034163e-14,1.85936959330007e-07,16.4564446987603
27.48,7.63333123551244e-14,-1.51752710134619e-13,9.99499206555734e-14,1.53588911488623e-07,15.5995684065327
27.5,5.08888749034163e-14,-1.25121503924197e-13,5.08888749034163e-14,1.26861402408705e-07,14.7406265802533
27.52,5.65299137290863e-14,-1.52666624710249e-13,5.08888749034163e-14,1.04777448123247e-07,13.882965308953
27.54,7.20872173661083e-14,-1.22976092269525e-13,5.08888749034163e-14,8.65279166563602e-08,13.0299202911405
27.56,6.45410312014041e-14,-1.52666624710249e-13,5.08888749034163e-14,7.14531977281161e-08,12.1848321064178
27.58,6.32583328655166e-14,-1.14147207768933e-13,5.08888749034163e-14,5.90027505522808e-08,11.3510198438086
27.6,5.08888749034163e-14,-1.27222187258541e-13,7.00198309756791e-14,4.87148871761787e-08,10.5317080904504
27.62,5.83961166395067e-14,-1.27222187258541e-13,5.08888749034163e-14,4.02191228910897e-08,9.73014706920194
27.64,7.63333123551244e-14,-1.01777749806833e-13,8.26052500793992e-14,3.32026445213573e-08,8.94947084617364
27.66,5.08888749034163e-14,-1.21856602640738e-13,5.08888749034163e-14,2.74092222428452e-08,8.19276965552475
27.68,4.85098628731924e-14,-1.24843175228317e-13,5.08888749034163e-14,2.26242395894092e-08,7.46296723908595
27.7,7.41862826674673e-14,-8.06273717304386e-14,5.08888749034163e-14,1.86733993022047e-08,6.76296136538041
27.72,5.78383707047952e-14,-1.27222187258541e-13,9.48282540054536e-14,1.54117032865385e-08,6.09551856616254
27.74,6.00150697412339e-14,-1.36348382096358e-13,6.91412645790515e-14,1.27193832837035e-08,5.46329183828602
27.76,6.09153252155923e-14,-1.11804200119009e-13,5.08888749034163e-14,1.04960442669973e-08,4.86866609072728
27.78,5.18587230930877e-14,-1.28192035448212e-13,5.08888749034163e-14,8.66094950317551e-09,4.31406507298806
27.8,5.59100947089829e-14,-1.57687844515815e-13,5.08888749034163e-14,7.14634958540371e-09,3.80167134645008
27.82,6.77447390766695e-14,-1.10366323085287e-13,5.08888749034163e-14,5.89647981371246e-09,3.33330771224106
27.84,5.08888749034163e-14,-1.03253501296672e-13,5.08888749034163e-14,4.86455891299431e-09,2.90851392126579
27.86,4.05155971698798e-14,-1.36617951227811e-13,5.08888749034163e-14,4.01315854523088e-09,2.52401151571849
27.88,7.44585459487024e-14,-1.29096953664963e-13,5.08888749034163e-14,3.31058898852085e-09,2.17421471957008
27.9,7.04546541816289e-14,-1.27222187258541e-13,5.08888749034163e-14,2.73089914513751e-09,1.85236566638606
27.92,5.50381211650181e-14,-1.27222187258541e-13,5.08888749034163e-14,2.25249031800456e-09,1.55110250724275
27.94,7.63333123551244e-14,-1.27222187258541e-13,5.08888749034163e-14,1.85783215661336e-09,1.26302096030724
27.96,5.68979600014745e-14,-1.21213102160482e-13,6.29070450995327e-14,1.53223541165509e-09,0.980881327045543
27.98,5.08888749034163e-14,-1.39125889910497e-13,7.46962802073284e-14,1.26369155180715e-09,0.697878614469547
28,6.90116503423215e-14,-1.19900525245738e-13,5.08888749034163e-14,1.04208113932632e-09,0.407803057339649
28.02,6.97706226496643e-14,-1.46103935004789e-13,5.08888749034163e-14,8.59311983233923e-10,0.105056160677509
28.04,7.11573484019352e-14,-1.27222187258541e-13,5.08888749034163e-14,7.08584096521316e-10,-0.21527187671766
28.06,5.34747381317239e-14,-1.27222187258541e-13,5.60606013600315e-14,5.84243751224347e-10,-0.557345170857264
28.08,5.08888749034163e-14,-1.0380612183875e-13,5.08888749034163e-14,4.81698347818786e-10,-0.924696562707959
28.1,7.63333123551244e-14,-1.52666624710249e-13,5.08888749034163e-14,3.97139416491342e-10,-1.3201958593436
28.12,5.08888749034163e-14,-1.01675816328546e-13,8.4882747157885e-14,3.27405141362579e-10,-1.74604608599009
28.14,7.63333123551244e-14,-1.22305509437973e-13,7.14166345345565e-14,2.69914838573531e-10,-2.20392810498552
28.16,5.02526415459128e-14,-1.01141516449329e-13,5.08888749034163e-14,2.22493819342928e-10,-2.69482382707321
28.18,7.45284711725361e-14,-1.03582590989421e-13,5.08888749034163e-14,1.83398601142183e-10,-3.21937955027272
28.2,7.63333123551244e-14,-1.1878156457092e-13,5.08888749034163e-14,1.51173771630012e-10,-3.7777289268163
28.22,5.08888749034163e-14,-1.27222187258541e-13,5.08888749034163e-14,1.2459607171507e-10,-4.36942954571577
28.24,5.94654955802134e-14,-1.27222187258541e-13,6.80421162570104e-14,1.02691042238924e-10,-4.99386787771031
28.26,7.63333123551244e-14,-1.01777749806833e-13,5.08888749034163e-14,8.46323114168884e-11,-5.64991466033356
28.28,5.23746326226221e-14,-1.25736429539335e-13,5.08888749034163e-14,6.97466931473311e-11,-6.33618416026527
28.3,6.48964877968892e-14,-1.08781556253569e-13,6.48964877968892e-14,5.74785288674118e-11,-7.05100028295065
28.32,8.85405818040312e-14,-1.15014917809634e-13,5.08888749034163e-14,4.73636616194177e-11,-7.79234766058986
28.34,6.61349513267698e-14,-1.27222187258541e-13,8.13810277501234e-14,3.90279354171718e-11,-8.55809415408571
28.36,5.08888749034163e-14,-1.52666624710249e-13,5.08888749034163e-14,3.21593115058389e-11,-9.34585450852784
28.38,7.63333123551244e-14,-1.08874807833437e-13,5.08888749034163e-14,2.64965249341748e-11,-10.1529933290897
28.4,6.60903260489598e-14,-1.37465173564705e-13,5.08888749034163e-14,2.18307273907275e-11,-10.9768337188281
28.42,8.1385959063735e-14,-1.47613978001638e-13,5.08888749034163e-14,1.79856866541691e-11,-11.8144890474745
28.44,5.49281926654199e-14,-1.01777749806833e-13,5.08888749034163e-14,1.48177363869956e-11,-12.6629884087607
28.46,9.43766933196109e-14,-9.11354253295676e-14,5.08888749034163e-14,1.2207021711215e-11,-13.5192440395818
28.48,5.08888749034163e-14,-1.27222187258541e-13,1.00160706310891e-13,1.00557134913101e-11,-14.380115286944
28.5,5.76618309651873e-14,-1.33995143320312e-13,6.44347870269583e-14,8.28343115524659e-12,-15.2424035019282
28.52,5.08888749034163e-14,-1.16808289856787e-13,5.08888749034163e-14,6.82349181645079e-12,-16.1028633336633
28.54,5.08888749034163e-14,-1.3956547410255e-13,5.08888749034163e-14,5.62027279960081e-12,-16.9582520416251
28.56,5.44356922172326e-14,-1.05324567120649e-13,5.79825095310489e-14,4.62915444613219e-12,-17.805301092441
28.58,7.63333123551244e-14,-1.17968723711259e-13,5.08888749034163e-14,3.81270693075187e-12,-18.6407664419067
28.6,5.08888749034163e-14,-1.27222187258541e-13,5.08888749034163e-14,3.14025647650457e-12,-19.4614186149127
28.62,5.13045005807989e-14,-1.27637812935923e-13,5.17201262581815e-14,2.58613997839841e-12,-20.2641373144769
28.64,9.45334474939535e-14,-1.19977884945662e-13,5.08888749034163e-14,2.1298062890511e-12,-21.045762623179
28.66,5.15405235928896e-14,-1.02429398496306e-13,5.08888749034163e-14,1.75392765410218e-12,-21.8032792955425
28.68,5.80083802831133e-14,-1.27222187258541e-13,5.08888749034163e-14,1.44438505821993e-12,-22.5337102090725
28.7,7.63333123551244e-14,-1.20855233384001e-13,5.08888749034163e-14,1.18936320168994e-12,-23.2342795420665
28.72,5.08888749034163e-14,-1.23670531047269e-13,5.7992187325959e-14,9.79355387509175e-13,-23.902190367561
28.74,5.26613007387363e-14,-1.28994613093861e-13,9.82328981361925e-14,8.06405251086262e-13,-24.5348434873448
28.76,5.08888749034163e-14,-1.31402594016142e-13,8.0513719112726e-14,6.64006836302698e-13,-25.129715853837
28.78,5.08888749034163e-14,-1.06868200515524e-13,5.08888749034163e-14,5.46693504791018e-13,-25.6846077660682
28.8,6.65857949699077e-14,-1.27222187258541e-13,5.08888749034163e-14,4.50106729626261e-13,-26.197227710579
28.82,5.48201817454401e-14,-1.0964036349088e-13,5.08888749034163e-14,3.70580334774423e-13,-26.6656871980837
28.84,7.24844845837632e-14,-1.44968969167526e-13,5.08888749034163e-14,3.05090031629875e-13,-27.0892797013412
28.86,5.13570466194616e-14,-1.27690358974586e-13,5.08888749034163e-14,2.51160285712567e-13,-27.4688889057589
28.88,6.19056953665723e-14,-8.73501328182804e-14,1.01777749806833e-13,2.06763471005226e-13,-27.8064917867717
28.9,6.3600335071568e-14,-1.39955164542097e-13,5.08888749034163e-14,1.70207418209663e-13,-28.1048791351185
28.92,7.87110722387776e-14,-1.29599947142194e-13,5.08888749034163e-14,1.40116789698255e-13,-28.3670122215846
28.94,5.08888749034163e-14,-1.16395645656593e-13,5.08888749034163e-14,1.15334150777977e-13,-28.5951936149334
28.96,5.22917249739603e-14,-1.25819337187997e-13,5.08888749034163e-14,9.49337981938436e-14,-28.7900827383249
28.98,6.91469315773334e-14,-1.38293863154667e-13,6.52616364589984e-14,7.81434509447678e-14,-28.9513133775928
29,5.14619736923487e-14,-1.52666624710249e-13,1.00631552228968e-13,6.43164473682574e-14,-29.0779605359357
29.02,7.63333123551244e-14,-1.27222187258541e-13,8.9666912604991e-14,5.29365468798333e-14,-29.1684916949359
29.04,5.7790593509441e-14,-1.08679468412857e-13,5.08888749034163e-14,4.3568718898127e-14,-29.2213218605538
29.06,5.25260375070207e-14,-1.23947862051332e-13,5.08888749034163e-14,3.58575049030777e-14,-29.2347946665634
29.08,5.98445000800344e-14,-1.36177812435159e-13,5.08888749034163e-14,2.95116237062495e-14,-29.2072806209862
29.1,6.74896428787039e-14,-1.52666624710249e-13,5.08888749034163e-14,2.42865580130114e-14,-29.1374906662734
29.12,6.93780907111272e-14,-1.38756181422254e-13,5.08888749034163e-14,1.99864406193255e-14,-29.0241365059582
29.14,5.08888749034163e-14,-1.27222187258541e-13,5.08888749034163e-14,1.64480295051324e-14,-28.8662427196518
29.16,7.14676420182783e-14,-1.32087857595387e-13,1.01777749806833e-13,1.35346962330029e-14,-28.6632891043505
29.18,5.08888749034163e-14,-1.52666624710249e-13,5.08888749034163e-14,1.11375234211467e-14,-28.4147649404408
29.2,5.08888749034163e-14,-1.27222187258541e-13,5.08888749034163e-14,9.16456654329314e-15,-28.1206471833724
29.22,7.35384681368059e-14,-1.27222187258541e-13,5.08888749034163e-14,7.54113134027384e-15,-27.7810923053393
29.24,5.58450058503599e-14,-1.27222187258541e-13,5.08888749034163e-14,6.20507837436354e-15,-27.3966322235377
29.26,5.08888749034163e-14,-1.2418085637994e-13,9.56950880496312e-14,5.10543701583185e-15,-26.968063277763
29.28,6.08885372106231e-14,-1.42666962403042e-13,5.08888749034163e-14,4.20066347296059e-15,-26.4963512598155
29.3,7.42273051585127e-14,-1.40997409582701e-13,5.08888749034163e-14,3.45628125261012e-15,-25.9827656346118
29.32,6.17684733860641e-14,-1.1265734828948e-13,5.08888749034163e-14,2.84353805035195e-15,-25.4289457540071
29.34,5.69479047717458e-14,-1.01777749806833e-13,6.30069346400752e-14,2.33943014963047e-15,-24.8365361915104
29.36,5.08888749034163e-14,-1.15211772602275e-13,7.77569204943013e-14,1.9246491219596e-15,-24.2075228522556
29.38,7.02499519723436e-14,-1.40499903944687e-13,5.08888749034163e-14,1.58342506206253e-15,-23.5440347512044
29.4,5.25579322630803e-14,-1.27222187258541e-13,5.08888749034163e-14,1.30259951188767e-15,-22.8484820413942
29.42,9.37847848287793e-14,-1.35215152236594e-13,1.01777749806833e-13,1.07157071045358e-15,-22.1233109642482
29.44,5.25367471871081e-14,-1.52666624710249e-13,5.08888749034163e-14,8.81501975185104e-16,-21.371185533039
29.46,6.79272740314013e-14,-8.47393506788476e-14,6.77009515508626e-14,7.25159981837127e-16,-20.5948785807139
29.48,5.08888749034163e-14,-1.35939642933694e-13,6.83237862537222e-14,5.96493346266172e-16,-19.7973643256743
29.5,5.1455163234746e-14,-1.283547639212e-13,5.08888749034163e-14,4.90653365029332e-16,-18.9816125255018
29.52,5.08888749034163e-14,-1.06858865172949e-13,5.08888749034163e-14,4.03589617196465e-16,-18.1507381120933
29.54,6.6970873909215e-14,-1.27222187258541e-13,5.08888749034163e-14,3.31981208821995e-16,-17.3079239659978
29.56,7.63333123551244e-14,-1.72425185215017e-13,5.08888749034163e-14,2.73050917316595e-16,-16.4564448785533
29.58,5.08888749034163e-14,-1.01052765818758e-13,5.08888749034163e-14,2.24585189221864e-16,-15.5995676061753
29.6,5.08888749034163e-14,-1.01777749806833e-13,5.08888749034163e-14,1.84719757486192e-16,-14.7406262685918
29.62,5.60474014869786e-14,-1.27222187258541e-13,5.08888749034163e-14,1.51927944438254e-16,-13.8829647355656
29.64,5.37331773846237e-14,-1.52666624710249e-13,9.60891448444176e-14,1.24950220000965e-16,-13.0299194806377
29.66,5.89191020466798e-14,-1.52666624710249e-13,5.08888749034163e-14,1.02763493016156e-16,-12.1848321058351
29.68,8.47317463330828e-14,-1.27222187258541e-13,5.08888749034163e-14,8.45141243699666e-17,-11.3510036028046
29.7,8.91609142604134e-14,-1.27432953617411e-13,5.08888749034163e-14,6.95074247442989e-17,-10.5317232522699
29.72,5.08888749034163e-14,-1.18907872812266e-13,1.01777749806833e-13,5.7159936212314e-17,-9.73014915944913
29.74,7.63333123551244e-14,-1.31984426543094e-13,5.08888749034163e-14,4.70060778905584e-17,-8.94947117454496
29.76,5.08888749034163e-14,-1.27222187258541e-13,5.08888749034163e-14,3.86566511150997e-17,-8.19277128235484
29.78,7.4452797324319e-14,-1.52666624710249e-13,5.08888749034163e-14,3.17881057828973e-17,-7.4629650274865
29.8,5.08888749034163e-14,-1.05235499350624e-13,5.08888749034163e-14,2.61398112740588e-17,-6.76296416605868
29.82,6.64194191420122e-14,-1.37136080471653e-13,5.08888749034163e-14,2.14949499996307e-17,-6.09552331874629
29.84,7.02038397855185e-14,-1.34278207001431e-13,5.08888749034163e-14,1.76749658188224e-17,-5.46325297578345
29.86,6.67547637744951e-14,-1.05068958097012e-13,5.08888749034163e-14,1.45342435388591e-17,-4.86869740319492
29.88,5.08888749034163e-14,-1.01777749806833e-13,7.94939205078315e-14,1.19505608131105e-17,-4.31407955702023
29.9,5.45459290886133e-14,-1.27222187258541e-13,5.82029832738104e-14,9.8261569137075e-18,-3.80167246458439
29.92,6.7155571514742e-14,-9.26000089664501e-14,5.08888749034163e-14,8.07966108797188e-18,-3.33342341085689
29.94,7.12427530190895e-14,-1.29767466926558e-13,5.08888749034163e-14,6.64295444978084e-18,-2.90994157049674
29.96,5.57446153235895e-14,-1.52666624710249e-13,8.15776312255783e-14,5.46185906137503e-18,-2.53049274456419
29.98,7.39865660477791e-14,-1.24875440951195e-13,5.55823675181069e-14,4.49061707382793e-18,-2.19297971170667
30,7.63333123551244e-14,-1.28714210441639e-13,1.01777749806833e-13,3.692075145797e-18,-1.89469255463547
30.02,7.63333123551244e-14,-1.33471148529336e-13,8.92798272652426e-14,3.0355308412429e-18,-1.63250340114336
30.04,5.62043674212282e-14,-1.27222187258541e-13,9.11467647712086e-14,2.49557299350188e-18,-1.40307715312668
30.06,5.08888749034163e-14,-1.02974092487694e-13,5.08888749034163e-14,2.0516712681423e-18,-1.20319711416824
30.08,7.63333123551244e-14,-7.63333123551244e-14,5.08888749034163e-14,1.68677119191298e-18,-1.02970362891381
30.1,-3.99967586878879e-10,1.99937117238011e-10,2.00081324836451e-10,1.20020801317861e-09,-0.879536692422022
30.12,-7.5422103695097e-05,3.77110734796949e-05,3.77110303337492e-05,0.000226266311377226,-0.749875966484584
30.14,-0.000950331132006675,0.00047516898089388,0.000475162151003666,0.00285099339589894,-0.637079975317626
30.16,-0.00432123929865006,0.00216069038887969,0.00216054889748389,0.0129637178591358,-0.536326453408336
30.18,-0.0125142180457053,0.00625770065183433,0.00625651709541958,0.0375426532418321,-0.442034416811656
30.2,-0.0282250288553682,0.0141155236452447,0.0141095017834817,0.0846750762862411,-0.348368845908703
30.22,-0.0542617097554587,0.0271419758402731,0.0271197095343833,0.16278505612425,-0.249492166827158
30.24,-0.0933698433325615,0.0467178061667848,0.0466519131461125,0.280109157938795,-0.139847286626555
30.26,-0.148210229804566,0.0741878763818994,0.074021857475372,0.444629201572606,-0.0142191032069915
30.28,-0.221195099575505,0.110781611405863,0.110411839706206,0.663580353340848,0.132099211535147
30.3,-0.314509544911459,0.157626258330717,0.156878544984447,0.943514409972446,0.303319283952724
30.32,-0.429964210258277,0.215674601326384,0.214277502143138,1.28985631053675,0.502981903611411
30.34,-0.569222310184949,0.28582151291261,0.283372697276591,1.70758263108799,0.734261286989366
30.36,-0.733488234995895,0.36874681489946,0.364681315366377,2.20028439264447,0.999569614549973
30.38,-0.923790267087806,0.465059098234094,0.458611111167196,2.77101063405405,1.30094410081973
30.4,-1.14082659549362,0.575216457773046,0.565384043881916,3.42180152176286,1.63985040747124
30.42,-1.38501783163747,0.699551313585728,0.685062015106744,4.15384003035492,2.01726124689555
30.44,-1.65655255988131,0.838291543547299,0.81756903232495,4.96758183592918,2.43372821006117
30.46,-1.95539833901144,0.991563277349413,0.962697006339472,5.86278109923483,2.88940381094683
30.48,-2.28118570807789,1.15932392484754,1.12005570143196,6.83813941425408,3.38387846773887
30.5,-2.63352899162249,1.34153008451481,1.28922103654941,7.89225445977919,3.91664650411869
30.52,-3.01176404009482,1.53799208930105,1.46961842935783,9.02283369869134,4.48673180331992
30.54,-3.41498300335136,1.74838502488795,1.66054670568195,10.2267991992726,5.09274153859842
30.56,-3.84226854572325,1.97237436673039,1.86128120539476,11.5009739256046,5.73320677820305
30.58,-4.29250777006006,2.20950803124004,2.0709988973826,12.8415333013347,6.40631810525007
30.6,-4.7644076085882,2.45921816236946,2.28879492173728,14.2440602687158,7.10995494538873
30.62,-5.2566513663513,2.72090775993838,2.51374731245517,15.7039994570673,7.84191208120639
30.64,-5.76778980348087,2.99388443148882,2.74488110982694,17.2163508704409,8.59975124666192
30.66,-6.2962222292731,3.27734426883665,2.98117441647706,18.7756397550859,9.38078792664455
30.68,-6.84035562550038,3.57046607751155,3.22161318365624,20.3763638298263,10.1823141323291
30.7,-7.39847116213663,3.87232949110501,3.46515690746751,22.0126447449788,11.0014276488711
30.72,-7.96875750698204,4.18193343403814,3.71076097766608,23.6783505424586,11.83509380359
30.74,-8.54937981562208,4.49824060839521,3.95739449759569,25.3672827292645,12.6802391139661
30.76,-9.13841836925747,4.82014001981471,4.20403466602912,27.0730468877615,13.5336882246001
30.78,-9.73388838762396,5.14646120173992,4.44967872851318,28.7891311205268,14.3922035657892
30.8,-10.3337443807215,5.47597892836591,4.693356602082,30.5089578053526,15.2525118481315
30.82,-10.9359048951321,5.80743562453306,4.93411801572022,32.2259124212958,16.1113184627214
30.84,-11.538216610624,6.13951896324298,5.17105389050385,33.9333397438398,16.9653066394463
30.86,-12.1384900049782,6.47088842326765,5.40331078366522,35.6246663987183,17.8111988485766
30.88,-12.7344717077057,6.8001678228896,5.63004635694106,37.293245192424,18.6456788875596
30.9,-13.3238944666529,7.12597315732122,5.85050256187138,38.9326565623261,19.4655434116874
30.92,-13.9044200042834,7.44688893842718,6.06393482361901,40.5364257493172,20.2675602475109
30.94,-14.4737056663615,7.76150800943421,6.26967164859208,42.098319682261,21.0486173069068
30.96,-15.0293646702809,8.06841396662922,6.46707664552584,43.6121803560174,21.8056392580068
30.98,-15.5690473623606,8.3662303818185,6.65559198985178,45.0722019465485,22.5357263016093
31,-16.0903053361159,8.65354601330352,6.83465775718668,46.4724649651188,23.2359212150987
31.02,-16.590794445966,8.92903207473688,7.00381271688918,47.8075891552365,23.9035360418552
31.04,-17.0681891909543,9.19139398998486,7.16263586374545,49.0724139535049,24.5359922935007
31.06,-17.5200892908567,9.43931824342177,7.31070275999019,50.2617082410681,25.1306758739287
31.08,-17.944348117319,9.67165692197037,7.44771375741532,51.3711083071702,25.6854061979335
31.1,-18.3387183378413,9.8872249640267,7.57333687280731,52.3960392987664,26.1978968570242
31.12,-18.7012234189205,10.0850049622556,7.68734036519582,53.3327279244166,26.6662620712057
31.14,-19.03076765055,10.264472999533,7.7897613061078,54.1796894372778,27.0897601864137
31.16,-19.3275360289258,10.4258079454135,7.88100709672093,54.9386633898214,27.4692615759976
31.18,-19.5926858850991,10.5697155180493,7.9617416430741,55.6137447160578,27.806814205161
31.2,-19.8279646850947,10.697214651911,8.03275826569934,56.210361059361,28.10513230796
31.22,-20.0354302288699,10.8094832534353,8.09489550832039,56.7345565723748,28.3672383056031
31.24,-20.2165913097552,10.9073926314466,8.14878474692901,57.1908339472911,28.5953838326167
31.26,-20.3717416693717,10.9911494319001,8.19466267196442,57.5805138908821,28.7902294772318
31.28,-20.5004027881618,11.0605384144278,8.23251641604798,57.9029001550397,28.951427313591
31.3,-20.6016685177454,11.1151088251383,8.2621886733342,58.1561556147777,29.0780589462646
31.32,-20.6741359111839,11.1541362058058,8.28335677799315,58.3371247289857,29.168546738252
31.34,-20.7164757672898,11.1769290229975,8.29569916178379,58.4427559185736,29.2213650153151
31.36,-20.7272917349941,11.1827504702874,8.29884910088756,58.4697279446782,29.2348532519439
31.38,-20.7052154638173,11.1708679391054,8.29241852035352,58.4146706022983,29.2073264229088
31.4,-20.6492870658558,11.1407561188322,8.27610449374163,58.2750959111479,29.1375406044337
31.42,-20.5585377022821,11.091871134212,8.24956389898117,58.0483425315171,29.0241651795757
31.44,-20.4324260273505,11.0238852286095,8.21253846239008,57.7326573590772,28.8663236413326
31.46,-20.2706171508218,10.9365681199401,8.16478878812416,57.3266404800588,28.6633160697915
31.48,-20.0731081684121,10.8298562138025,8.10613191765,56.8295658788737,28.4147794880302
31.5,-19.8401995152382,10.7038396601717,8.03643539233119,56.2413242033735,28.1206592455909
31.52,-19.572412833372,10.5587206084,7.955594822873,55.5622293860731,27.7811123297934
31.54,-19.2705900645121,10.3948712122496,7.86357019564206,54.7933012279802,27.3966486587618
31.56,-18.9358340703315,10.21280588923,7.76037486884877,53.9361480734231,26.9680724192745
31.58,-18.5693997663395,10.013125524253,7.64604548990165,52.9927081544016,26.4963527393092
31.6,-18.1727893682311,9.79657485458091,7.52068285696294,51.9655436503199,25.9827707185842
31.62,-17.747759432522,9.56405186060078,7.38446866194805,50.8579179989675,25.4289580843883
31.64,-17.2960307341446,9.31644849761473,7.23756293126301,49.6730098418817,24.8365041642108
31.66,-16.8196697916095,9.05486939720525,7.08026563707498,48.4150529008752,24.2075258247755
31.68,-16.3206570303304,8.78039037068065,6.91285106431029,47.0881147153564,23.544056840409
31.7,-15.8011745272741,8.494223436077,6.73569946986581,45.6969857011116,22.8484924229477
31.72,-15.2634108415419,8.19760672137689,6.54922155978188,44.2466225945889,22.1233109438334
31.74,-14.7096197301216,7.89183776683259,6.35389479319572,42.7423569905769,21.3711782031428
31.76,-14.1420819500067,7.57825049776606,6.15025476205229,41.1898006045632,20.5949000608411
31.78,-13.5630638810659,7.25818971386348,5.93887597019056,39.5947116293046,19.7973556151263
31.8,-12.974875012573,6.93304033183867,5.72041999630564,37.9632266704543,18.9816131703628
31.82,-12.3797637197062,6.60416572932682,5.49556332089332,36.3014607232574,18.1507302254083
31.84,-11.7800024565896,6.2729499059494,5.26507533296513,34.6158670018082,17.3079333883659
31.86,-11.1778110981693,5.94075195998175,5.02974839488377,32.9128921065867,16.4564459603257
31.88,-10.5753911672818,5.60891881446104,4.79043866590052,31.1991364841548,15.5995681652828
31.9,-9.97490637786001,5.27877007018264,4.5480470245461,29.481252452042,14.740626162591
31.92,-9.37848413162985,4.95159457982472,4.30351622938191,27.7659257974389,13.8829628463317
31.94,-8.78820477566713,4.62863882942234,4.05782987697233,26.0598380278096,13.0299189706411
31.96,-8.20611568427245,4.31111297911259,3.81200438363016,24.3696608139437,12.1848303712455
31.98,-7.6342159968172,4.00017709061276,3.5670872131218,22.7020094132956,11.3510046771476
32,-7.07445902585422,3.69694038315869,3.324149542721,21.0634185847759,10.5317092680305
32.02,-6.52874263387073,3.40245342690533,3.08427814489419,19.4602948449281,9.73014740235451
32.04,-5.99892651984082,3.11771783492617,2.84857326647706,17.898939190798,8.94946957879775
32.06,-5.48683827257967,2.84368906046559,2.61814658728958,16.3855492984992,8.19277463554488
32.08,-4.99417425569266,2.58121797897074,2.39408236074227,14.925927574327,7.46296377585146
32.1,-4.52266631196156,2.33115194501148,2.17748442627602,13.5259253381582,6.76296265974239
32.12,-4.07396645611034,2.09426728492608,1.96943538354151,12.1911176565266,6.09555882055714
32.14,-3.64955095677927,1.87121913578375,1.77094873285502,10.9265091853218,5.46325458630142
32.16,-3.25099045930271,1.66269895569714,1.5830697727123,9.73730932075065,4.86865465512736
32.18,-2.87970496936514,1.46929827826717,1.40677539951014,8.62822274656512,4.31411136895192
32.2,-2.53694094856585,1.29150365921094,1.24295364971448,7.60337283691197,3.80168641488276
32.22,-2.22392378638966,1.12978728469982,1.09246295700758,6.66675119671001,3.33337559540689
32.24,-1.9410746061791,0.984202671419719,0.955758880721771,5.81988489551037,2.90994244532292
32.26,-1.68772430002735,0.854250835791263,0.832741685149742,5.06097768171207,2.53048883884947
32.28,-1.46246374041798,0.739070752507123,0.722916785293904,4.38596267151541,2.19298133410243
32.3,-1.26344843341083,0.637600083542075,0.625541237580267,3.78942399135219,1.89471199431065
32.32,-1.08851670749634,0.548635966267675,0.539684344885883,3.26496094674474,1.63248047224614
32.34,-0.935525112495567,0.471006710051709,0.464393699879388,2.80620123602642,1.40310061708427
32.36,-0.802212835491269,0.403498484629504,0.398635726683326,2.40640263682806,1.20320131764791
32.38,-0.686499768812854,0.345005859983216,0.341444636440019,2.05935149059585,1.02967574466611
32.4,-0.58638547989357,0.294476577214651,0.291878194800229,1.75906431664756,0.879532157802732
32.42,-0.500022391756561,0.250946432072183,0.2490569162072,1.50001004511019,0.750005022125415
32.44,-0.425683843621785,0.213520755295371,0.212151339690307,1.27701628507882,0.638508142185104
32.46,-0.361872649371851,0.181427534790294,0.18043789702648,1.08559629550431,0.542798147460038
32.48,-0.307216719845003,0.153962808398662,0.153249494465925,0.921636908617732,0.460818454068017
32.5,-0.260473956618854,0.130492006119854,0.129979258793035,0.781413794749173,0.390706897176055
32.52,-0.220587142762086,0.110476622520828,0.110108885395985,0.66175652375508,0.330878261713847
32.54,-0.186601631896407,0.0934318972332779,0.0931687450270384,0.559801926783035,0.279900963256587
32.56,-0.157694026904905,0.078940687855071,0.078752741667181,0.473080288567763,0.23654014417267
32.58,-0.133128718233751,0.0666311522056094,0.0664972066385024,0.399385076532725,0.199692538174712
32.6,-0.112289352344095,0.056192214494691,0.056096922198125,0.336867410078868,0.168433704963887
32.62,-0.0946339775646731,0.0473507674762638,0.0472830809789505,0.283901545365717,0.141950772620563
32.64,-0.0796854554430373,0.0398666838103535,0.0398186945624552,0.23905613511847,0.119528067507902
32.66,-0.0670482411510656,0.0335410850868113,0.0335071101544902,0.201144585723985,0.100572292819686
32.68,-0.0563740627030615,0.0281990267689139,0.0281750086461949,0.169122106245474,0.0845610530878854
32.7,-0.0473678854767436,0.02369241354691,0.0236754557397668,0.142103607860204,0.0710518039013892
32.72,-0.0397727086687978,0.0198923270981498,0.0198803719878069,0.119318097257925,0.0596590486052889
32.74,-0.033375221537385,0.0166918171397805,0.0166833987351852,0.100125647624915,0.0500628237929575
32.76,-0.0279902138750711,0.0139980657514743,0.0139921447836188,0.0839706316053236,0.0419853157866038
32.78,-0.0234614882790354,0.0117328232610799,0.0117286630506902,0.0703844589354131,0.0351922294544766
32.8,-0.0196539478010999,0.00982843299283149,0.00982551365194891,0.0589618399344298,0.0294809199563215
32.82,-0.0164561480819088,0.00822909701328227,0.00822705038994529,0.0493684422096913,0.0246842210958424
32.84,-0.0137718937810734,0.00688666339038338,0.00688522999293493,0.0413156801499921,0.0206578400675866
32.86,-0.0115205028316695,0.00576075286055877,0.00575974973820891,0.0345615077965253,0.0172807538921472
32.88,-0.00963219756047045,0.00481644930800325,0.00481574811637817,0.0288965922732162,0.0144482961315888
32.9,-0.00805011517496864,0.00402530242954466,0.00402481266599683,0.024150345286748,0.0120751726392261
32.92,-0.00672524818968731,0.00336279498864618,0.00336245315475675,0.0201757444303836,0.0100878722117849
32.94,-0.0056160431784988,0.00280814076108825,0.00280790239047663,0.0168481294547507,0.00842406472456877
32.96,-0.00468794905664832,0.0023440575657599,0.00234389147526922,0.0140638471231979,0.00703192355930457
32.98,-0.00391186717008251,0.00195599140633238,0.0019558757546143,0.0117356014830646,0.005867800739651
33,-0.00326307410269049,0.00163157728370365,0.00163149681372694,0.00978922229233521,0.00489461114459989
33.02,-0.00272106172352999,0.00136055884082386,0.00136050287968254,0.00816318516163655,0.00408159257950541
33.04,-0.00226819500626141,0.00113411694320092,0.0011340780612798,0.00680458501358039,0.00340229250570976
33.06,-0.00189012417525344,0.00094507558685872,0.000945048587402383,0.0056703725229458,0.00283518626059887
33.08,-0.00157466055692133,0.000787339648406351,0.000787320908015109,0.00472398166923437,0.0023619908338943
33.1,-0.00131137072246099,0.000655691859282908,0.000655678862873559,0.0039341121665996,0.00196705608271025
33.12,-0.00109183576912864,0.000545922389174701,0.000545913379826713,0.00327550730690855,0.00163775365300143
33.14,-0.000908790868919495,0.000454398555247839,0.000454392313595323,0.00272637260658719,0.00136318630292188
33.16,-0.000756232987072487,0.000378118654489855,0.000378114332582083,0.00226869896130878,0.00113434948035237
33.18,-0.000629140851666726,0.000314571921570718,0.000314568930121452,0.00188742255509481,0.000943711277291031
33.2,-0.000523249101321813,0.000261625585198448,0.000261623516148809,0.00156974730417857,0.000784873651879567
33.22,-0.000435081953624813,0.000217541692050916,0.000217540261611982,0.00130524586103384,0.000652622930356024
33.24,-0.000361699844243515,0.000180850416450442,0.000180849427857931,0.0010850995330062,0.000542549766367765
33.26,-0.000300605958897868,0.000150303320872459,0.000150302638088286,0.000901817876882429,0.000450908938318728
33.28,-0.00024978352704851,0.000124891999236364,0.000124891527873731,0.000749350581434888,0.000374675290632324
33.3,-0.000207507082831847,0.000103753704048451,0.000103753378859729,0.000622521248809141,0.000311260624332583
33.32,-0.000172354512531423,8.6177368468651e-05,8.61771440882168e-05,0.000517063537804293,0.000258531768835302
33.34,-0.000143125236662547,7.15626956765206e-05,7.15625410409005e-05,0.000429375710193491,0.000214687855025243
33.36,-0.000118826985773166,5.94135461618752e-05,5.94134396608712e-05,0.000356480957523518,0.000178240478683885
33.38,-9.86370069511432e-05,4.93185401444139e-05,4.93184668830626e-05,0.000295911021129553,0.000147955510488122
33.4,-8.18648854787232e-05,4.0932467991819e-05,4.09324175123486e-05,0.000245594656654734,0.0001227973282555
33.42,-6.79279927748237e-05,3.39640137768905e-05,3.39639790866298e-05,0.000203783978626867,0.000101891989250932
33.44,-5.63549189480995e-05,2.8177471357558e-05,2.81774475987044e-05,0.000169064756974598,8.45323783921455e-05
33.46,-4.6745756612167e-05,2.33728864894807e-05,2.33728701889195e-05,0.000140237270099065,7.01186349842895e-05
33.48,-3.87697958198336e-05,1.93849034880131e-05,1.93848923431016e-05,0.000116309387537318,5.81546937220101e-05
33.5,-3.21475256867965e-05,1.60737666567473e-05,1.60737590554937e-05,9.64425772481103e-05,4.8221288580752e-05
33.52,-2.66529536774415e-05,1.33264794347908e-05,1.3326474294277e-05,7.99588612496974e-05,3.99794305870562e-05
33.54,-2.20939850737475e-05,1.10469942685752e-05,1.10469908302468e-05,6.62819554649797e-05,3.31409776865846e-05
33.56,-1.83126805074978e-05,9.15634144963744e-06,9.15633913419363e-06,5.49380418136578e-05,2.74690208486526e-05
33.58,-1.51754122660913e-05,7.58770694534794e-06,7.58770538339459e-06,4.55262371333745e-05,2.27631185136369e-05
33.6,-1.2574013114631e-05,6.28700708571095e-06,6.28700604248902e-06,3.77220394927434e-05,1.88610196846687e-05
33.62,-1.04171200082802e-05,5.20856031217196e-06,5.20855970060592e-06,3.12513601464446e-05,1.56256800282909e-05
33.64,-8.6293951683625e-06,4.31469778773675e-06,4.31469741641436e-06,2.58881857537192e-05,1.29440928594936e-05
33.66,-7.14697733157165e-06,3.57348881845245e-06,3.57348864490947e-06,2.14409322678678e-05,1.072046614187e-05
33.68,-5.91862432409615e-06,2.95931221293695e-06,2.95931214092549e-06,1.77558730989665e-05,8.87793654231374e-06
33.7,-4.90083833244589e-06,2.45041919166738e-06,2.45041921711182e-06,1.47025153378402e-05,7.35125765496706e-06
33.72,-4.05751197564242e-06,2.02875598368654e-06,2.02875604697943e-06,1.21725361522171e-05,6.0862680779636e-06
33.74,-3.35881037701014e-06,1.67940516306063e-06,1.67940529028282e-06,1.00764314661582e-05,5.03821574264969e-06
33.76,-2.78016605933646e-06,1.39008296832725e-06,1.3900831014613e-06,8.34049822413929e-06,4.17024912421541e-06
33.78,-2.30091384462137e-06,1.15045689842662e-06,1.15045701058603e-06,6.9027417277074e-06,3.45137086429916e-06
33.8,-1.90413896192618e-06,9.52069431912518e-07,9.52069582740839e-07,5.71241712627629e-06,2.85620858375282e-06
33.82,-1.57549890795452e-06,7.87749418187558e-07,7.87749585953355e-07,4.72649699441174e-06,2.36324851935231e-06
33.84,-1.30345891385752e-06,6.51729382711029e-07,6.51729512048798e-07,3.91037693463727e-06,1.95518845984181e-06
33.86,-1.0783223149467e-06,5.39161062591333e-07,5.39161314897209e-07,3.23496720571064e-06,1.61748357526705e-06
33.88,-8.91922864872893e-07,4.45961355224157e-07,4.45961532456243e-07,2.6757686800795e-06,1.3378843218748e-06
33.9,-7.37689916975834e-07,3.68844902179843e-07,3.68845125760581e-07,2.21307005499136e-06,1.10653500645358e-06
33.92,-6.10064204465585e-07,3.0503202589948e-07,3.05032204010542e-07,1.83019279520629e-06,9.15096346380098e-07
33.94,-5.04465616436547e-07,2.52232734832486e-07,2.52232963832423e-07,1.51339712099107e-06,7.56698494160964e-07
33.96,-4.1712263143584e-07,2.08561239384608e-07,2.08561451064894e-07,1.25136811556125e-06,6.25684002907586e-07
33.98,-3.44847231084806e-07,1.72423513764653e-07,1.72423768209028e-07,1.03454194927951e-06,5.17270943639312e-07
34,-2.85073250627071e-07,1.42536548980223e-07,1.4253677798016e-07,8.55219966493921e-07,4.27609923852684e-07
34.02,-2.35649162954062e-07,1.17824505143719e-07,1.17824683254781e-07,7.06947671790073e-07,3.53473769561981e-07
34.04,-1.94762282310644e-07,9.73810861287919e-08,9.73812429330719e-08,5.84286989596345e-07,2.92143457494967e-07
34.06,-1.60961374152038e-07,8.04805852982691e-08,8.04808007733485e-08,4.82884292234579e-07,2.41442124036511e-07
34.08,-1.33013177277635e-07,6.65065120318114e-08,6.65066904165674e-08,3.99039695825117e-07,1.99519830074934e-07
34.1,-1.09910992927364e-07,5.4955445574807e-08,5.49556006333563e-08,3.29733313225987e-07,1.64866652387964e-07
34.12,-9.08136338335673e-08,4.54067699990814e-08,4.5406958846776e-08,2.7244121987826e-07,1.36220600034246e-07
34.14,-7.50256396539617e-08,3.75127651699982e-08,3.75129432810604e-08,2.25077095185574e-07,1.12538544768366e-07
34.16,-6.19786781300004e-08,3.09892340414482e-08,3.09894695329897e-08,1.8593618094949e-07,9.2968077560292e-08
34.18,-5.11984015948043e-08,2.55991511471314e-08,2.55993267809852e-08,1.5359547821075e-07,7.67977429559145e-08
34.2,-4.2287016299502e-08,2.11434318164386e-08,2.11436152489434e-08,1.26861329738938e-07,6.34306747458503e-08
34.22,-3.49250242523528e-08,1.74624033966102e-08,1.74626139039262e-08,1.04775158023197e-07,5.23875976951287e-08
34.24,-2.88424425625893e-08,1.44211344676835e-08,1.44213335393432e-08,8.65275521155146e-08,4.32637940643006e-08
34.26,-2.38182144138624e-08,1.19090308736189e-08,1.19092485874029e-08,7.14548977743818e-08,3.57274742874183e-08
34.28,-1.96669101669367e-08,9.83338085193689e-09,9.83356106477992e-09,5.90009182098658e-08,2.95004945743732e-08
34.3,-1.62380836673161e-08,8.11891743336108e-09,8.11914361140783e-09,4.87143903891619e-08,2.43572230221761e-08
34.32,-1.34062438418131e-08,6.70302292369758e-09,6.70325192363464e-09,4.02188606738903e-08,2.01094377154358e-08
34.34,-1.10679010641318e-08,5.5338564842193e-09,5.53408548415637e-09,3.32038542629541e-08,1.6601948945314e-08
34.36,-9.13616757890525e-09,4.56803931878843e-09,4.5682459691907e-09,2.74087564800868e-08,1.37043992784259e-08
34.38,-7.54121822495051e-09,3.77055822360035e-09,3.77068544578761e-09,2.26239147126043e-08,1.13120039568084e-08
34.4,-6.22439823060062e-09,3.11212278198795e-09,3.11233539303121e-09,1.86733979743757e-08,9.33675906806928e-09
34.42,-5.13737789252161e-09,2.56859606099473e-09,2.56880727596433e-09,1.54122765978285e-08,7.7061896147278e-09
34.44,-4.23957566231364e-09,2.11973087453292e-09,2.11991303076108e-09,1.27189149941755e-08,6.35951211492917e-09
34.46,-3.4986167124771e-09,1.7492320229262e-09,1.74941013398836e-09,1.04959765864999e-08,5.24803545182194e-09
34.48,-2.88693199775267e-09,1.44338749925115e-09,1.44361866550105e-09,8.66105578590701e-09,4.3305717750655e-09
34.5,-2.38210416682692e-09,1.19098136175402e-09,1.19119352673234e-09,7.14654953391108e-09,3.57332033217025e-09
34.52,-1.96536308801474e-09,9.82630655132467e-10,9.82805084179276e-10,5.89628343122163e-09,2.94817185420937e-09
34.54,-1.62144693807674e-09,8.1062860899963e-10,8.10843773514558e-10,4.86457580824469e-09,2.43230800586897e-09
34.56,-1.33763550532723e-09,6.68715974913807e-10,6.68919530413421e-10,4.013144053343e-09,2.0065885554151e-09
34.58,-1.10347735748755e-09,5.51674450705428e-10,5.51890111479052e-10,3.310695535871e-09,1.65537413854832e-09
34.6,-9.10193108329186e-10,4.55027893369298e-10,4.55249220789303e-10,2.7308455159937e-09,1.36545262445094e-09
34.62,-7.50730201710243e-10,3.75294756495117e-10,3.75523756432182e-10,2.25248428830434e-09,1.12628613584625e-09
34.64,-6.19197571783818e-10,3.09527873578919e-10,3.09695142642351e-10,1.85787613021244e-09,9.28970927958519e-10
34.66,-5.10656128425649e-10,2.55251730900469e-10,2.55480730837535e-10,1.53225365937809e-09,7.66169182554311e-10
34.68,-4.21137161548048e-10,2.10515205079591e-10,2.1067533216289e-10,1.26363991991972e-09,6.31858408946782e-10
34.7,-3.47251559151328e-10,1.73563859841946e-10,1.73778446200374e-10,1.04207736932401e-09,5.21089792375836e-10
34.72,-2.86327690103388e-10,1.43095286075666e-10,1.43308737340077e-10,8.59310302399513e-10,4.2970109925133e-10
34.74,-2.36101227450829e-10,1.17989647989317e-10,1.18162468336415e-10,7.08593677215811e-10,3.54330204522872e-10
34.76,-1.94652823695341e-10,9.72380283923982e-11,9.74549781865462e-11,5.8424259148211e-10,2.92172757127134e-10
34.78,-1.60511754864483e-10,8.01540996824346e-11,8.03576551820483e-11,4.81697817562378e-10,2.40891416322454e-10
34.8,-1.3232714128794e-10,6.60958861705475e-11,6.62826460716419e-11,3.97152093976144e-10,1.98618687238188e-10
34.82,-1.09072373464581e-10,5.44359636056985e-11,5.46410737285273e-11,3.27404984272751e-10,1.6373889163056e-10
34.84,-8.98697935893637e-11,4.48840079197784e-11,4.50456561256461e-11,2.69905859650242e-10,1.34986542083776e-10
34.86,-7.41090603256584e-11,3.69345512491975e-11,3.71635511862629e-11,2.22491490354734e-10,1.1127809045702e-10
34.88,-6.11074780111813e-11,3.04528891677629e-11,3.07045498063426e-11,1.83399416211296e-10,9.17530562837902e-11
34.9,-5.03251183817086e-11,2.50557388408816e-11,2.52711375530897e-11,1.51173011378665e-10,7.56344225909758e-11
34.92,-4.1501024287804e-11,2.06741788315469e-11,2.08648974320279e-11,1.24597101971471e-10,6.23117662799419e-11
34.94,-3.4150821220941e-11,1.69842492517192e-11,1.72132491887846e-11,1.02690700786474e-10,5.13534540186701e-11
34.96,-2.81479216706204e-11,1.39857721491574e-11,1.41638832113194e-11,8.46357241729264e-11,4.23058771950409e-11
34.98,-2.31773345412261e-11,1.15197124917654e-11,1.17125806209424e-11,6.97471243388733e-11,3.48513680761663e-11
35,-1.91342169636845e-11,9.46533073203543e-12,9.66888623164909e-12,5.7476456802578e-11,2.87140476642526e-11
