t_ms_full,bottom_raw,mid_raw,top_raw,elbow_raw,wrist_raw,bottom_tx,mid_tx,top_tx,elbow_tx,wrist_tx
0,0,-7.63333123551244e-14,5.08888749034163e-14,0,0,0,-0,0,0,0
20,-1.25666735196761e-06,-2.3864385516233e-05,2.51210519770564e-05,0,0,-0,-0,0,0,0
40,-2.86555566604165e-05,-0.000293029639314958,0.0003216849293524,0,0,-0,-0,0,0,0
60,-0.000193333993663645,-0.00129542523016952,0.00148875108229251,0,0,-0,-0,0,0,0
80,-0.000749175768149668,-0.00363924259631335,0.00438832745373003,0,0,-0,-0,0,0,0
100,-0.00212633375389191,-0.00792818762914129,0.0100539426468839,0,0,-0,-0,0,0,0
120,-0.00493506772088472,-0.0146534960979793,0.0195860100162553,0,0,-0,-0,0,0,0
140,-0.00997468326972901,-0.0241520469366382,0.0341179509388229,0,0,-0,-0,0,0,0
160,-0.0182137007948877,-0.0365459975904658,0.0547345839533477,0,0,-0,-0,0,0,0
180,-0.0307465970674297,-0.051707588750066,0.0823919593107019,0,0,-0,-0,0,0,0
200,-0.0488089067555951,-0.0692756456896989,0.117946713329823,0,0,-0,-0,0,0,0
220,-0.0736980019030327,-0.0886245754386755,0.162044114984995,0,0,-0,-0,0,0,0
240,-0.10677792001328,-0.108886397748259,0.215143070517111,0,0,-0,-0,0,0,0
260,-0.149383912534162,-0.128958169514044,0.277428267234795,0,0,-0,-0,0,0,0
280,-0.202873465191132,-0.147520612982259,0.348879187794693,0,0,-0,-0,0,0,0
300,-0.268530963460942,-0.163052535222947,0.429192212116166,0,0,-0,-0,0,0,0
320,-0.347490609080788,-0.173880194829531,0.517758536392009,0,0,-0,-0,1,0,0
340,-0.440830133909155,-0.178159481843624,0.613743031396387,0,0,-0,-0,1,0,0
360,-0.549434133103718,-0.173934828717193,0.716017265719059,0,0,-1,-0,1,0,0
380,-0.674008132603636,-0.159151862850985,0.823195129821796,0,0,-1,-0,1,0,0
400,-0.8149897401684,-0.131737412200917,0.933637273343664,0,0,-1,-0,1,0,0
420,-0.972679855286488,-0.0895076070023798,1.04549786111127,0,0,-1,-0,1,0,0
440,-1.14703433865201,-0.0303540230539686,1.15672051596164,0,0,-1,-0,1,0,0
460,-1.3377954372813,0.047852690263767,1.26508132078967,0,0,-1,0,1,0,0
480,-1.5443897135289,0.147138367162428,1.36822393518582,0,0,-2,0,1,0,0
500,-1.76599193621683,0.269484149859551,1.46367375130458,0,0,-2,0,1,0,0
520,-2.00141095609875,0.416613263530509,1.54893917108936,0,0,-2,0,2,0,0
540,-2.24924289958421,0.590217062854504,1.6214483277703,0,0,-2,1,2,0,0
560,-2.50775659123416,0.791735245050616,1.67865028068977,0,0,-3,1,2,0,0
580,-2.7749001581908,1.02224202528089,1.71811715009466,0,0,-3,1,2,0,0
600,-3.0483941857568,1.28268418419645,1.73741192740237,0,0,-3,1,2,0,0
620,-3.32566481072786,1.57361248662848,1.73425458662239,0,0,-3,2,2,0,0
640,-3.60388404381565,1.89523869279037,1.70649122656673,0,0,-4,2,2,0,0
660,-3.88000062355638,2.24725954500888,1.65224209042869,0,0,-4,2,2,0,0
680,-4.15073609855688,2.62914518941202,1.5696371703363,0,0,-4,3,2,0,0
700,-4.412622207123,3.03979871457045,1.45709193111762,0,0,-4,3,1,0,0
720,-4.66207348917364,3.47758185047928,1.31330184353153,0,0,-5,3,1,0,0
740,-4.89531203447341,3.94050374572433,1.13699148891078,0,0,-5,4,1,0,0
760,-5.10849843845899,4.42597984792042,0.927160256373759,0,0,-5,4,1,0,0
780,-5.29773786278093,4.93091461229361,0.682969894724566,0,0,-5,5,1,0,0
800,-5.45910556436412,5.4517022555832,0.403710501360675,0,0,-5,5,0,0,0
820,-5.58876056584142,5.98420381604192,0.0888585825767212,0,0,-6,6,0,0,0
840,-5.68286700979599,6.52380879822165,-0.262087547538336,0,0,-6,7,-0,0,0
860,-5.73771638300578,7.06540929484663,-0.649534562021058,0,0,-6,7,-1,0,0
880,-5.7498880477339,7.60345959083093,-1.07372851068096,0,0,-6,8,-1,0,0
900,-5.71603316014044,8.1320015000571,-1.53499849670387,0,0,-6,8,-2,0,0
920,-5.63313427329074,8.64471975485088,-2.03357314089783,0,0,-6,9,-2,0,0
940,-5.49852270916046,9.13502915239886,-2.56961055434147,0,0,-5,9,-3,0,0
960,-5.30982224268704,9.59610864945571,-3.14325262191527,0,0,-5,10,-3,0,0
980,-5.06505638829737,10.0210149401509,-3.75454316608314,0,0,-5,10,-4,0,0
1000,-4.76263978833172,10.4027634381552,-4.40341294227241,0,0,-5,10,-4,0,0
1020,-4.40160672191379,10.7346333136585,-5.08949504597243,0,0,-4,11,-5,0,0
1040,-3.98110331980671,11.0098453499987,-5.81238628520874,0,0,-4,11,-6,0,0
1060,-3.5009285913713,11.2221547292016,-6.57122463965199,0,0,-4,11,-7,0,0
1080,-2.96126412093597,11.3657701781851,-7.36476526916471,0,0,-3,11,-7,0,0
1100,-2.36289305583378,11.4357881269232,-8.19114910918225,0,0,-2,11,-8,0,0
1120,-1.70668920665232,11.4277127891701,-9.0480689179404,0,0,-2,11,-9,0,0
1140,-0.99410451275277,11.3382302750223,-9.93236760859294,0,0,-1,11,-10,0,0
1160,-0.227050101685216,11.1652715815054,-10.8400062924207,0,0,-0,11,-11,0,0
1180,0.592481301487763,10.9075567884065,-11.7661002723602,0,0,1,11,-12,0,0
1200,1.46191452797124,10.565498418671,-12.7046308519983,0,0,1,11,-13,0,0
1220,2.37858483679682,10.1404728220861,-13.6485346996334,0,0,2,10,-14,0,0
1240,3.33944066526384,9.63533956001833,-14.5895846652596,0,0,3,10,-15,0,0
1260,4.34124587456778,9.05405476751361,-15.5183999085235,0,0,4,9,-16,0,0
1280,5.38032593661066,8.40205398724864,-16.4246198113767,0,0,5,8,-16,0,0
1300,6.45302158705214,7.68524128357407,-17.2967166023283,0,0,6,8,-17,0,0
1320,7.5551085119949,6.91089317445788,-18.1226490282494,0,0,8,7,-18,0,0
1340,8.6822924895433,6.08645097526639,-18.8894759031268,0,0,9,6,-19,0,0
1360,9.82983874318275,5.21995072771133,-19.5840740894028,0,0,10,5,-20,0,0
1380,10.9926239251444,4.31962895952557,-20.1936083565765,0,0,11,4,-20,0,0
1400,12.1652068890918,3.39342782781442,-20.705126575924,0,0,12,3,-21,0,0
1420,13.3416349936283,2.44907822164484,-21.1066085048194,0,0,13,2,-21,0,0
1440,14.5154789009833,1.49378100800605,-21.3874260652056,0,0,15,1,-21,0,0
1460,15.6797643837942,0.533960923990817,-21.5377982367305,0,0,16,1,-22,0,0
1480,16.8269377535441,-0.424799638131763,-21.549836106851,0,0,17,-0,-22,0,0
1500,17.9488534053232,-1.37792283582146,-21.4174799015565,0,0,18,-1,-21,0,0
1520,19.0367831552663,-2.3219271112337,-21.1366491464177,0,0,19,-2,-21,0,0
1540,20.0813706274074,-3.25446553201622,-20.7050444813899,0,0,20,-3,-21,0,0
1560,21.0728317756346,-4.17438999041072,-20.1226100968501,0,0,21,-4,-20,0,0
1580,22.0008052581053,-5.08169184582509,-19.3907362570021,0,0,22,-5,-19,0,0
1600,22.854902152388,-5.97754597166015,-18.513092207629,0,0,23,-6,-19,0,0
1620,23.6243312812326,-6.86415251584937,-17.494282675564,0,0,24,-7,-17,0,0
1640,24.2985914745033,-7.74471815336321,-16.3406124127918,0,0,24,-8,-16,0,0
1660,24.8676988492908,-8.62329342765697,-15.0596623885719,0,0,25,-9,-15,0,0
1680,25.3221699872269,-9.50460687718882,-13.6597467427444,0,0,25,-10,-14,0,0
1700,25.6537511539706,-10.3938649639063,-12.1502233787397,0,0,26,-10,-12,0,0
1720,25.8553616532924,-11.2965232831912,-10.540968712048,0,0,26,-11,-11,0,0
1740,25.9216341770278,-12.2179900870238,-8.84248215359664,0,0,26,-12,-9,0,0
1760,25.8491235313233,-13.1632888176853,-7.06570908802099,0,0,26,-13,-7,0,0
1780,25.6361439968525,-14.1367563482131,-5.22178086468705,0,0,26,-14,-5,0,0
1800,25.2832142772066,-15.1415786122468,-3.32213853493593,0,0,25,-15,-3,0,0
1820,24.7928716035933,-16.1793915186591,-1.37835124505069,0,0,25,-16,-1,0,0
1840,24.1693190849435,-17.2499134228155,0.597997663807714,0,0,24,-17,1,0,0
1860,23.4184734867969,-18.3504698774855,2.59527209292309,0,0,23,-18,3,0,0
1880,22.5477073807929,-19.4756306044472,4.60185882528529,0,0,23,-19,5,0,0
1900,21.5652135505213,-20.6169954712166,6.60621265301519,0,0,22,-21,7,0,0
1920,20.4799584285949,-21.7629571553856,8.59681813768399,0,0,20,-22,9,0,0
1940,19.301603102521,-22.8988046644399,10.5623141173287,0,0,19,-23,11,0,0
1960,18.0393830249102,-24.0068272265787,12.4912154639054,0,0,18,-24,12,0,0
1980,16.7030331433567,-25.0671347069419,14.3723465103122,0,0,17,-25,14,0,0
2000,15.3014126096876,-26.0578068150697,16.194164859125,0,0,15,-26,16,0,0
2020,13.8433118301034,-26.9565222229538,17.9453818088702,0,0,14,-27,18,0,0
2040,12.3367989930976,-27.7414511578275,19.6147641235945,0,0,12,-28,20,0,0
2060,10.7893513610401,-28.3929706759496,21.1915979143229,0,0,11,-28,21,0,0
2080,9.20768365252517,-28.8943867651438,22.6654450121993,0,0,9,-29,23,0,0
2100,7.597682321463,-29.2320111418466,24.0256567926625,0,0,8,-29,24,0,0
2120,5.96467416853032,-29.3968443339588,25.2622552886979,0,0,6,-29,25,0,0
2140,4.31328371384399,-29.3835297343154,26.3652336808328,0,0,4,-29,26,0,0
2160,2.64755469984589,-29.1898164217311,27.3243749811679,0,0,3,-29,27,0,0
2180,0.97115847007746,-28.8173991491272,28.1304520591834,0,0,1,-29,28,0,0
2200,-0.712573684933954,-28.2709189317463,28.7753377081196,0,0,-1,-28,29,0,0
2220,-2.4005675195585,-27.5560761048236,29.2511646968849,0,0,-2,-28,29,0,0
2240,-4.08982788309152,-26.6813476383679,29.5531251657371,0,0,-4,-27,30,0,0
2260,-5.77736932478858,-25.6548942950868,29.6773443367412,0,0,-6,-26,30,0,0
2280,-7.46010361806067,-24.4865312772886,29.6241195509424,0,0,-7,-24,30,0,0
2300,-9.13470075180627,-23.1854472524973,29.3960954266342,0,0,-9,-23,29,0,0
2320,-10.7975291926349,-21.7613232770108,29.0002631355534,0,0,-11,-22,29,0,0
2340,-12.4445251203869,-20.2234793913146,28.4471438170815,0,0,-12,-20,28,0,0
2360,-14.0710909268758,-18.5809515483324,27.7507881709801,0,0,-14,-19,28,0,0
2380,-15.6720346917054,-16.84259895032,26.9284762027312,0,0,-16,-17,27,0,0
2400,-17.2414666806731,-15.0169809386275,25.9997879761771,0,0,-17,-15,26,0,0
2420,-18.7727130541169,-13.1124072885302,24.9857213166568,0,0,-19,-13,25,0,0
2440,-20.2584669920176,-11.1372804345493,23.9079355258861,0,0,-20,-11,24,0,0
2460,-21.6903835779685,-9.09955742454232,22.7872268214166,0,0,-22,-9,23,0,0
2480,-23.0594142418041,-7.00737274801446,21.6431966464675,0,0,-23,-7,22,0,0
2500,-24.3560546445298,-4.86904785611789,20.4933113876147,0,0,-24,-5,20,0,0
2520,-25.5697627994825,-2.69273448975508,19.3523926505496,0,0,-26,-3,19,0,0
2540,-26.6898061313885,-0.48692355431827,18.2323943024631,0,0,-27,-0,18,0,0
2560,-27.7052530837465,1.73970367926681,17.1422309009509,0,0,-28,2,17,0,0
2580,-28.6052535627019,3.97822990093731,16.087837515354,0,0,-29,4,16,0,0
2600,-29.3793207118929,6.21946020562169,15.0723525459032,0,0,-29,6,15,0,0
2620,-30.0177396471081,8.45387626103182,14.096342689869,0,0,-30,8,14,0,0
2640,-30.5123144790012,10.6716682106845,13.1580043451738,0,0,-31,11,13,0,0
2660,-30.8560824252767,12.8626530457635,12.2536675456604,0,0,-31,13,12,0,0
2680,-31.0440796062756,15.0162786863947,11.3779932441328,0,0,-31,15,11,0,0
2700,-31.0734388664253,17.1215754528422,10.5243245920492,0,0,-31,17,11,0,0
2720,-30.9439028794107,19.1672721938147,9.68495817593919,0,0,-31,19,10,0,0
2740,-30.6573712090428,21.1416415473023,8.85149980734513,0,0,-31,21,9,0,0
2760,-30.2177627536231,23.0323916248921,8.01507431193477,0,0,-30,23,8,0,0
2780,-29.6313187440138,24.82692982465,7.1665648750249,0,0,-30,25,7,0,0
2800,-28.9058060582839,26.5120960990769,6.29681236746576,0,0,-29,27,6,0,0
2820,-28.0504144834856,28.0743384767575,5.39681098873664,0,0,-28,28,5,0,0
2840,-27.0753711107077,29.499842348003,4.45790615380305,0,0,-27,29,4,0,0
2860,-25.9914629518244,30.7746114805601,3.47194555332791,0,0,-26,31,3,0,0
2880,-24.8093798361755,31.8840696321613,2.43121562178038,0,0,-25,32,2,0,0
2900,-23.5400529737294,32.8143383909178,1.32890446087362,0,0,-24,33,1,0,0
2920,-22.1938634337701,33.5517075767327,0.158938958399811,0,0,-22,34,0,0,0
2940,-20.7808977974644,34.0842871663024,-1.08347015727912,0,0,-21,34,-1,0,0
2960,-19.3101728211929,34.4006488936646,-2.40237097823897,0,0,-19,34,-2,0,0
2980,-17.7901618494138,34.4923521063354,-3.80025439217948,0,0,-18,34,-4,0,0
3000,-16.2284547507702,34.3537112846312,-5.27821063238934,0,0,-16,34,-5,0,0
3020,-14.6319111025692,33.9834083717745,-6.83541806668246,0,0,-15,34,-7,0,0
3040,-13.0064293557651,33.3833096212857,-8.46953293058194,0,0,-13,33,-8,0,0
3060,-11.3572588268034,32.5605679907422,-10.1758707078969,0,0,-11,33,-10,0,0
3080,-9.68897170658342,31.527285703704,-11.9473390802153,0,0,-10,32,-12,0,0
3100,-8.00549516971436,30.2997252410745,-13.7743914261454,0,0,-8,30,-14,0,0
3120,-6.31026412400552,28.8985638793406,-15.6446061562877,0,0,-6,29,-16,0,0
3140,-4.60625922166793,27.3474162135774,-17.5427490794374,0,0,-5,27,-18,0,0
3160,-2.89612538027668,25.6721807476995,-19.4506476231171,0,0,-3,26,-19,0,0
3180,-1.18225689655254,23.8998168095022,-21.3473153826479,0,0,-1,24,-21,0,0
3200,0.533106279675647,22.0574744206626,-23.2093857879667,0,0,1,22,-23,0,0
3220,2.24779601447651,20.1710105411775,-25.0113503037162,0,0,2,20,-25,0,0
3240,3.95960869847427,18.2647427897428,-26.7264718505221,0,0,4,18,-27,0,0
3260,5.66622151109995,16.3606227328802,-28.3276748800554,0,0,6,16,-28,0,0
3280,7.36509925904162,14.4778761368869,-29.7885715740509,0,0,7,14,-30,0,0
3300,9.05339157525537,12.6328778265263,-31.0844280786441,0,0,9,13,-31,0,0
3320,10.7278290504322,10.8391660102975,-32.193158627254,0,0,11,11,-32,0,0
3340,12.3847293941663,9.10717766153287,-33.0973550900353,0,0,12,9,-33,0,0
3360,14.0197308534453,7.44506527563352,-33.7827687241351,0,0,14,7,-34,0,0
3380,15.6278789235055,5.85830661534506,-34.240656623093,0,0,16,6,-34,0,0
3400,17.2034826132972,4.35020695213136,-34.4668795650261,0,0,17,4,-34,0,0
3420,18.740013347603,2.92218666441417,-34.461473338331,0,0,19,3,-34,0,0
3440,20.2303321835041,1.57354243775372,-34.2294408941152,0,0,20,2,-34,0,0
3460,21.6661086916852,0.30261040364191,-33.7773518258504,0,0,22,0,-34,0,0
3480,23.0386624225741,-0.89428677240211,-33.1161471514701,0,0,23,-1,-33,0,0
3500,24.338050461062,-2.02142910429766,-32.2569118209564,0,0,24,-2,-32,0,0
3520,25.5543793861452,-3.08476561384508,-31.2137132915964,0,0,26,-3,-31,0,0
3540,26.6766123731196,-4.09060381945393,-29.9997243920773,0,0,27,-4,-30,0,0
3560,27.6940134732701,-5.04639891654322,-28.629480837757,0,0,28,-5,-29,0,0
3580,28.5956283408284,-5.96009780902754,-27.1170255211262,0,0,29,-6,-27,0,0
3600,29.3711045478136,-6.8402461309911,-25.4764473900536,0,0,29,-7,-25,0,0
3620,30.0109026949867,-7.69574702075964,-23.7214632333806,0,0,30,-8,-24,0,0
3640,30.5065032550446,-8.53569840358572,-21.8652447922876,0,0,31,-9,-22,0,0
3660,30.8511186203513,-9.36926826006873,-19.9206450187899,0,0,31,-9,-20,0,0
3680,31.0398279653331,-10.2054616336283,-17.9000247928646,0,0,31,-10,-18,0,0
3700,31.0700663077213,-11.0528832278983,-15.8153617777035,0,0,31,-11,-16,0,0
3720,30.9411240041326,-11.9195500764508,-13.6780286614933,0,0,31,-12,-14,0,0
3740,30.6547986739284,-12.8125913669512,-11.4990906541923,0,0,31,-13,-11,0,0
3760,30.2158404521154,-13.737769096847,-9.28933943617341,0,0,30,-14,-9,0,0
3780,29.6296693054826,-14.6996244271622,-7.05892882031148,0,0,30,-15,-7,0,0
3800,28.9043222727231,-15.7006706685996,-4.81784779792246,0,0,29,-16,-5,0,0
3820,28.0494220084195,-16.7411556851681,-2.57568179267386,0,0,28,-17,-3,0,0
3840,27.0745599528388,-17.8191650242855,-0.341706428194888,0,0,27,-18,-0,0,0
3860,25.9906312605219,-18.9298190517766,1.87508969330446,0,0,26,-19,2,0,0
3880,24.8087897817191,-20.0653151004271,4.06607361948154,0,0,25,-20,4,0,0
3900,23.5395784655157,-21.2149615257976,6.2227088452342,0,0,24,-21,6,0,0
3920,22.1935448436513,-22.3650038277179,8.33674994029974,0,0,22,-22,8,0,0
3940,20.7805330772287,-23.4989309393801,10.4000184445706,0,0,21,-23,10,0,0
3960,19.3099138296097,-24.5980388340695,12.4046533871697,0,0,19,-25,12,0,0
3980,17.7899509065172,-25.6417241783398,14.3424907630237,0,0,18,-26,14,0,0
4000,16.2283216113208,-26.6086774873277,16.2055964234926,0,0,16,-27,16,0,0
4020,14.6317683809594,-27.4774692047178,17.9857540234255,0,0,15,-27,18,0,0
4040,13.0063155571556,-28.2279658389501,19.6747803829318,0,0,13,-28,20,0,0
4060,11.357169415609,-28.8417963077732,21.2640751481478,0,0,11,-29,21,0,0
4080,9.68889848502438,-29.3036517142924,22.7449630175254,0,0,10,-29,23,0,0
4100,8.00543718133981,-29.6014431296096,24.1083795283095,0,0,8,-30,24,0,0
4120,6.31021305605685,-29.7269366692261,25.3451539069604,0,0,6,-30,25,0,0
4140,4.60621154052387,-29.6755015734934,26.4459161645047,0,0,5,-30,26,0,0
4160,2.89609035899361,-29.4464819906685,27.4017805575837,0,0,3,-29,27,0,0
4180,1.18222932190928,-29.0414566457046,28.2035421557,0,0,1,-29,28,0,0
4200,-0.533130109708256,-28.4651194286262,28.8432157086056,0,0,-1,-28,29,0,0
4220,-2.24781516980603,-27.7237531877021,29.3136763468709,0,0,-2,-28,29,0,0
4240,-3.95962341771699,-26.8252089706428,29.6097048914564,0,0,-4,-27,30,0,0
4260,-5.6662369408264,-25.7782423577374,29.7284329492859,0,0,-6,-26,30,0,0
4280,-7.36511385377765,-24.5918343593077,29.6695450911718,0,0,-7,-25,30,0,0
4300,-9.05338820078931,-23.2751130878715,29.435994136145,0,0,-9,-23,29,0,0
4320,-10.7278567854841,-21.8377387622726,29.0351923027438,0,0,-11,-22,29,0,0
4340,-12.384717239904,-20.2883140751323,28.477081148075,0,0,-12,-20,28,0,0
4360,-14.0197466114157,-18.6361582016316,27.77648957657,0,0,-14,-19,28,0,0
4380,-15.6278941041411,-16.8894861748343,26.9501488801198,0,0,-16,-17,27,0,0
4400,-17.203457747524,-15.0567292151323,26.0177808457081,0,0,-17,-15,26,0,0
4420,-18.7400633145099,-13.1462797283488,25.0006624192262,0,0,-19,-13,25,0,0
4440,-20.2303451197626,-11.1660285144504,23.9200797338486,0,0,-20,-11,24,0,0
4460,-21.6661174633239,-9.12393479429781,22.7969760331352,0,0,-22,-9,23,0,0
4480,-23.0386661117371,-7.02819018726416,21.6509683835466,0,0,-23,-7,22,0,0
4500,-24.3381637220034,-4.88671678024745,20.499402173414,0,0,-24,-5,20,0,0
4520,-25.5543889917102,-2.70776382343724,19.3571059527503,0,0,-26,-3,19,0,0
4540,-26.6766377932735,-0.49972008064784,18.2359816150162,0,0,-27,-0,18,0,0
4560,-27.6940175316234,1.72880348132352,17.1449057194264,0,0,-28,2,17,0,0
4580,-28.5956533571945,3.96894645796496,16.089799831192,0,0,-29,4,16,0,0
4600,-29.3710437068607,6.21154468310197,15.0737841877802,0,0,-29,6,15,0,0
4620,-30.0108721694282,8.44714175065926,14.0972913381579,0,0,-30,8,14,0,0
4640,-30.5064879133612,10.6659264880099,13.1586302160552,0,0,-31,11,13,0,0
4660,-30.8511653475396,12.8577564596729,12.2540480280159,0,0,-31,13,12,0,0
4680,-31.0399506023989,15.0121027508802,11.3781915704431,0,0,-31,15,11,0,0
4700,-31.069923812165,17.1179899667326,10.5243967688531,0,0,-31,17,11,0,0
4720,-30.9410286766807,19.1642338717092,9.68493229334443,0,0,-31,19,10,0,0
4740,-30.6550173577943,21.1390666285342,8.85141249529451,0,0,-31,21,9,0,0
4760,-30.2158188786622,23.0301984007378,8.01494909167643,0,0,-30,23,8,0,0
4780,-29.6296283345347,24.8249914233655,7.16640458047342,0,0,-30,25,7,0,0
4800,-28.9043679705777,26.5103878840398,6.29662702044155,0,0,-29,27,6,0,0
4820,-28.0493354759825,28.0729801562847,5.39665204641345,0,0,-28,28,5,0,0
4840,-27.0745640411672,29.4987900629717,4.45778419648574,0,0,-27,29,4,0,0
4860,-25.9907425081236,30.7736256956556,3.47179833128136,0,0,-26,31,3,0,0
4880,-24.8087913057171,31.883227471766,2.43107732173171,0,0,-25,32,2,0,0
4900,-23.5395815929727,32.813640629332,1.32878401158051,0,0,-24,33,1,0,0
4920,-22.1934779040635,33.5511111152543,0.158828182843425,0,0,-22,34,0,0,0
4940,-20.7805732986195,34.0837398989307,-1.08358429108992,0,0,-21,34,-1,0,0
4960,-19.3098619676004,34.3999657648899,-2.40254941032417,0,0,-19,34,-2,0,0
4980,-17.7899568227119,34.4920040467867,-3.80032781232588,0,0,-18,34,-4,0,0
5000,-16.2283215341542,34.3536451199171,-5.27819718586119,0,0,-16,34,-5,0,0
5020,-14.6317772086669,33.9831816762818,-6.83546720439779,0,0,-15,34,-7,0,0
5040,-13.0062927758463,33.382866012922,-8.46965812520756,0,0,-13,33,-8,0,0
5060,-11.3571687194183,32.5604067667091,-10.1759084283832,0,0,-11,33,-10,0,0
5080,-9.68889855035582,31.527161605798,-11.9473686418496,0,0,-10,32,-12,0,0
5100,-8.00543090997797,30.2995635481701,-13.7744320563989,0,0,-8,30,-14,0,0
5120,-6.3102068943857,28.8983508318957,-15.6446526379415,0,0,-6,29,-16,0,0
5140,-4.60621549863934,27.3472965264944,-17.5427729889246,0,0,-5,27,-18,0,0
5160,-2.89609110604151,25.6721229320166,-19.4506649639124,0,0,-3,26,-19,0,0
5180,-1.18222845961473,23.8997718823262,-21.3473314214633,0,0,-1,24,-21,0,0
5200,0.533129943839634,22.0574299016517,-23.2093899257322,0,0,1,22,-23,0,0
5220,2.24781569077766,20.1709784431363,-25.0113562079152,0,0,2,20,-25,0,0
5240,3.95962653138926,18.2647175474044,-26.7265080008252,0,0,4,18,-27,0,0
5260,5.66623570795236,16.3606022531519,-28.327683352896,0,0,6,16,-28,0,0
5280,7.36511141390947,14.4778596068575,-29.7885808470432,0,0,7,14,-30,0,0
5300,9.05340058269744,12.6328692899964,-31.0844182459695,0,0,9,13,-31,0,0
5320,10.7278378504704,10.8391551330502,-32.1931655253904,0,0,11,11,-32,0,0
5340,12.3847366744232,9.10716973912312,-33.0973583418487,0,0,12,9,-33,0,0
5360,14.0197412894091,7.44504690859121,-33.7828079159961,0,0,14,7,-34,0,0
5380,15.6278544036891,5.85837447875363,-34.2404443152725,0,0,16,6,-34,0,0
5400,17.2034934301314,4.35019002120134,-34.4669189049612,0,0,17,4,-34,0,0
5420,18.7400176663376,2.92218261279197,-34.4614774379127,0,0,19,3,-34,0,0
5440,20.2303315550326,1.57354540276897,-34.2294266650781,0,0,20,2,-34,0,0
5460,21.6661794659951,0.302528783323569,-33.7775776207918,0,0,22,0,-34,0,0
5480,23.0386457646189,-0.89427031952589,-33.1160968317468,0,0,23,-1,-33,0,0
5500,24.3380509644513,-2.02142928232752,-32.2569094804627,0,0,24,-2,-32,0,0
5520,25.5543944774193,-3.08477490068413,-31.2137385981743,0,0,26,-3,-31,0,0
5540,26.676508607824,-4.09055448298626,-29.9995684556937,0,0,27,-4,-30,0,0
5560,27.6940076764099,-5.04639699899091,-28.629472685551,0,0,28,-5,-29,0,0
5580,28.595618114644,-5.96009527126259,-27.1170142911344,0,0,29,-6,-27,0,0
5600,29.3709588723556,-6.84021980645319,-25.4763238927124,0,0,29,-7,-25,0,0
5620,30.0108919120866,-7.69574592271338,-23.7214554626522,0,0,30,-8,-24,0,0
5640,30.5064819955538,-8.5356974238897,-21.8652322693121,0,0,31,-9,-22,0,0
5660,30.8509528545858,-9.36927103957242,-19.9205642949457,0,0,31,-9,-20,0,0
5680,31.03984056524,-10.2054605624025,-17.9000298042407,0,0,31,-10,-18,0,0
5700,31.0700938260603,-11.0528795545648,-15.8153708610012,0,0,31,-11,-16,0,0
5720,30.9410657133062,-11.91955940387,-13.6780135865099,0,0,31,-12,-14,0,0
5740,30.6547977663216,-12.8125904608147,-11.499090754822,0,0,31,-13,-11,0,0
5760,30.2158011407488,-13.7377775823918,-9.28933426778817,0,0,30,-14,-9,0,0
5780,29.6296768803129,-14.6996209704999,-7.05892946856492,0,0,30,-15,-7,0,0
5800,28.9043180711489,-15.7006710542661,-4.8178475252865,0,0,29,-16,-5,0,0
5820,28.0493896483975,-16.7411652766224,-2.57568360182327,0,0,28,-17,-3,0,0
5840,27.0745675921012,-17.8191622748309,-0.341704838305485,0,0,27,-18,-0,0,0
5860,25.9906354304009,-18.9298176115837,1.87509126380418,0,0,26,-19,2,0,0
5880,24.8087733921861,-20.0653175331177,4.06606764593492,0,0,25,-20,4,0,0
5900,23.5394966119544,-21.2149622104733,6.22266409127955,0,0,24,-21,6,0,0
5920,22.1935326812629,-22.3650008289405,8.33674118517703,0,0,22,-22,8,0,0
5940,20.7805291482552,-23.4989286417183,10.4000149703179,0,0,21,-23,10,0,0
5960,19.3099197133891,-24.5980457295222,12.4046619845214,0,0,19,-25,12,0,0
5980,17.7899311300702,-25.6416892959671,14.3424566301481,0,0,18,-26,14,0,0
6000,16.2283099656177,-26.6086459402572,16.2055700605688,0,0,16,-27,16,0,0
6020,14.631743134191,-27.4773664685545,17.9856755450571,0,0,15,-27,18,0,0
6040,13.0063128805968,-28.2279531409185,19.6747716583882,0,0,13,-28,20,0,0
6060,11.3571513947013,-28.8416562562539,21.263976116685,0,0,11,-29,21,0,0
6080,9.68888310195777,-29.3034891788094,22.7448475490718,0,0,10,-29,23,0,0
6100,8.00543606525312,-29.6014303927185,24.1083707850966,0,0,8,-30,24,0,0
6120,6.31021359755986,-29.7269514553256,25.3451657726607,0,0,6,-30,25,0,0
6140,4.60621385970889,-29.6755692884997,26.4459713790912,0,0,5,-30,26,0,0
6160,2.89609138975312,-29.4465279961446,27.4018208460706,0,0,3,-29,27,0,0
6180,1.18222960494404,-29.041463937543,28.2035489690304,0,0,1,-29,28,0,0
6200,-0.533129434572843,-28.4650391929549,28.8431333555546,0,0,-1,-28,29,0,0
6220,-2.24781481332063,-27.7237617512111,29.3136853882957,0,0,-2,-28,29,0,0
6240,-3.95962628652931,-26.8253051812127,29.6098193503508,0,0,-4,-27,30,0,0
6260,-5.66623313946171,-25.7781817571209,29.7283551435934,0,0,-6,-26,30,0,0
6280,-7.36511270652019,-24.5918252777474,29.6695325579689,0,0,-7,-25,30,0,0
6300,-9.05339439441619,-23.2751700406728,29.436072973937,0,0,-9,-23,29,0,0
6320,-10.7278559065473,-21.8377342305346,29.0351857644591,0,0,-11,-22,29,0,0
6340,-12.3847437322646,-20.2884394877534,28.4772553015414,0,0,-12,-20,28,0,0
6360,-14.0197447012865,-18.6361511489616,27.7764802413951,0,0,-14,-19,28,0,0
6380,-15.6278950155027,-16.8894882652955,26.950151515322,0,0,-16,-17,27,0,0
6400,-17.2034490478457,-15.0567120672984,26.0177623777422,0,0,-17,-15,26,0,0
6420,-18.7400620052006,-13.1462784052265,25.0006611614692,0,0,-19,-13,25,0,0
6440,-20.2303396893589,-11.1660231251117,23.9200758168044,0,0,-20,-11,24,0,0
6460,-21.6661847894572,-9.1239931247182,22.7970006450065,0,0,-22,-9,23,0,0
6480,-23.0386014684856,-7.02815026694868,21.6509633106074,0,0,-23,-7,22,0,0
6500,-24.3381497706518,-4.88671137223334,20.4994034535402,0,0,-24,-5,20,0,0
6520,-25.5543777645461,-2.7077609985325,19.3571079962306,0,0,-26,-3,19,0,0
6540,-26.6766447431863,-0.499721888769703,18.23597904,0,0,-27,-0,18,0,0
6560,-27.6940060478804,1.72880433506217,17.1449087717404,0,0,-28,2,17,0,0
6580,-28.5955571936168,3.9689483002541,16.0898292855595,0,0,-29,4,16,0,0
6600,-29.37100630589,6.21154262428846,15.0737947008326,0,0,-29,6,15,0,0
6620,-30.0107772481236,8.44713038300787,14.0973158271225,0,0,-30,8,14,0,0
6640,-30.5065185719325,10.6659314884352,13.15862276376,0,0,-31,11,13,0,0
6660,-30.8511778209153,12.8577589610411,12.2540452377313,0,0,-31,13,12,0,0
6680,-31.0399553227878,15.0121036590212,11.3781904650534,0,0,-31,15,11,0,0
6700,-31.070064694241,17.1180423266425,10.5243837320074,0,0,-31,17,11,0,0
6720,-30.9411288397382,19.1642787745734,9.68492821346623,0,0,-31,19,10,0,0
6740,-30.6550194073342,21.139066955804,8.85141230360824,0,0,-31,21,9,0,0
6760,-30.215815921556,23.0301956369311,8.01494874701885,0,0,-30,23,8,0,0
6780,-29.6297036868338,24.8250496286694,7.16641598543513,0,0,-30,25,7,0,0
6800,-28.9043561924229,26.5103762695922,6.29662450443079,0,0,-29,27,6,0,0
6820,-28.0493701949135,28.0730197943972,5.3966637749732,0,0,-28,28,5,0,0
6840,-27.0745528048171,29.4987748077416,4.45777988588543,0,0,-27,29,4,0,0
6860,-25.9907282086065,30.7736024767117,3.4717911642455,0,0,-26,31,3,0,0
6880,-24.8087965274028,31.8832396147419,2.43108199935423,0,0,-25,32,2,0,0
6900,-23.5395770770015,32.8136312155947,1.32878112853394,0,0,-24,33,1,0,0
6920,-22.1934711890139,33.5510926738311,0.158821973120508,0,0,-22,34,0,0,0
6940,-20.7805812627508,34.0837726438923,-1.08357230001971,0,0,-21,34,-1,0,0
6960,-19.3098630969974,34.3999738420214,-2.40254602013305,0,0,-19,34,-2,0,0
6980,-17.7899627208973,34.4920406930992,-3.8003146216941,0,0,-18,34,-4,0,0
7000,-16.2283056945114,34.3535443569339,-5.27823139601827,0,0,-16,34,-5,0,0
7020,-14.6317754161682,33.9831722206824,-6.83547011528368,0,0,-15,34,-7,0,0
7040,-13.0062896918839,33.3828418252968,-8.46966575116178,0,0,-13,33,-8,0,0
7060,-11.3571716233694,32.5604439162915,-10.175896615214,0,0,-11,33,-10,0,0
7080,-9.68889667139517,31.5271422799035,-11.947373809419,0,0,-10,32,-12,0,0
7100,-8.00542704120969,30.2995112880882,-13.7744448220172,0,0,-8,30,-14,0,0
7120,-6.31020901393562,28.8983923286696,-15.644644614619,0,0,-6,29,-16,0,0
7140,-4.60621572104648,27.3473053342887,-17.5427719730701,0,0,-5,27,-18,0,0
7160,-2.89609060927668,25.6721160993342,-19.4506642061218,0,0,-3,26,-19,0,0
7180,-1.18222786087669,23.8997558553329,-21.3473236903284,0,0,-1,24,-21,0,0
7200,0.533130300025301,22.0574396603937,-23.2094044505304,0,0,1,22,-23,0,0
7220,2.24781568011772,20.1709760326224,-25.0113474826649,0,0,2,20,-25,0,0
7240,3.95962735666291,18.2647169201235,-26.7265195644932,0,0,4,18,-27,0,0
7260,5.66623339593106,16.3606094340683,-28.3276348924452,0,0,6,16,-28,0,0
7280,7.36511321420225,14.4778555087202,-29.7885979322984,0,0,7,14,-30,0,0
7300,9.05340345054165,12.6328622879112,-31.0844441476815,0,0,9,13,-31,0,0
7320,10.7278381061181,10.8391580906715,-32.1931567795518,0,0,11,11,-32,0,0
7340,12.3847413848905,9.1071581350582,-33.0973958050006,0,0,12,9,-33,0,0
7360,14.019746525213,7.44503498822689,-33.7828451661944,0,0,14,7,-34,0,0
7380,15.6278533017304,5.85837922627851,-34.2404317018637,0,0,16,6,-34,0,0
7400,17.203492763564,4.35019302535295,-34.466911495361,0,0,17,4,-34,0,0
7420,18.7400160999971,2.92218650675878,-34.4614675435118,0,0,19,3,-34,0,0
7440,20.2303282926459,1.57355119379286,-34.2294113627393,0,0,20,2,-34,0,0
7460,21.6661679331132,0.302543316662846,-33.7775376251239,0,0,22,0,-34,0,0
7480,23.038658617396,-0.894282090010439,-33.1161312517596,0,0,23,-1,-33,0,0
7500,24.338058085705,-2.02143457404622,-32.2569256603412,0,0,24,-2,-32,0,0
7520,25.5543784961877,-3.08476478990924,-31.2137092386739,0,0,26,-3,-31,0,0
7540,26.6765312526417,-4.09056514810725,-29.9996019774426,0,0,27,-4,-30,0,0
7560,27.6939829756295,-5.04638773772801,-28.6294413124275,0,0,28,-5,-29,0,0
7580,28.5956113776072,-5.96009351627117,-27.1170070094873,0,0,29,-6,-27,0,0
7600,29.3709528947849,-6.84021895652008,-25.4763188991977,0,0,29,-7,-25,0,0
7620,30.0109206398054,-7.69574920809241,-23.7214755636227,0,0,30,-8,-24,0,0
7640,30.5064865570967,-8.53569790376339,-21.8652351095226,0,0,31,-9,-22,0,0
7660,30.8509808863298,-9.36927095472666,-19.9205782994918,0,0,31,-9,-20,0,0
7680,31.0397781594633,-10.2054656102753,-17.9000046476223,0,0,31,-10,-18,0,0
7700,31.0700637554588,-11.0528841642909,-15.8153608287806,0,0,31,-11,-16,0,0
7720,30.941160750371,-11.9195444569378,-13.678038463196,0,0,31,-12,-14,0,0
7740,30.6548007967741,-12.8125912003005,-11.4990914824335,0,0,31,-13,-11,0,0
7760,30.2158256874126,-13.7377728028094,-9.28933780274157,0,0,30,-14,-9,0,0
7780,29.6296558013818,-14.69962808998,-7.0589281797282,0,0,30,-15,-7,0,0
7800,28.9043385356282,-15.7006654926809,-4.8178484041678,0,0,29,-16,-5,0,0
7820,28.0494080211796,-16.741160131767,-2.57568294334231,0,0,28,-17,-3,0,0
7840,27.0745740575128,-17.8191612314121,-0.341704096579559,0,0,27,-18,-0,0,0
7860,25.9906143761311,-18.9298242364482,1.87508550281905,0,0,26,-19,2,0,0
7880,24.8087848326803,-20.065316732995,4.06607187010556,0,0,25,-20,4,0,0
7900,23.5394823312226,-21.2149631892602,6.22265574032255,0,0,24,-21,6,0,0
7920,22.1935346791412,-22.3650017895272,8.33674208471204,0,0,22,-22,8,0,0
7940,20.7805502057161,-23.498941694946,10.4000358548064,0,0,21,-23,10,0,0
7960,19.309913435784,-24.598038688203,12.4046527608507,0,0,19,-25,12,0,0
7980,17.7899194447918,-25.6416671478918,14.3424346481374,0,0,18,-26,14,0,0
8000,16.2283149927655,-26.6086585191065,16.2055803531735,0,0,16,-27,16,0,0
8020,14.6317515029352,-27.4773570794312,17.9856601083732,0,0,15,-27,18,0,0
8040,13.0063453530855,-28.2275094274068,19.6743282329701,0,0,13,-28,20,0,0
8060,11.3573562106059,-28.8395844387952,21.2618949496215,0,0,11,-29,21,0,0
8080,9.68966283337616,-29.2974680027604,22.7386968491126,0,0,10,-29,23,0,0
8100,8.007625505328,-29.5880661709001,24.0943519354248,0,0,8,-30,24,0,0
8120,6.31523797846733,-29.7016032388883,25.3177757182491,0,0,6,-30,25,0,0
8140,4.61628861829439,-29.6330804519365,26.3983554750476,0,0,5,-30,26,0,0
8160,2.91437127779032,-29.3812068881603,27.3256054105174,0,0,3,-29,27,0,0
8180,1.21299740787292,-28.9478631254049,28.0893900699629,0,0,1,-29,28,0,0
8200,-0.48431440776975,-28.3383050788761,28.6810940432222,0,0,-0,-28,29,0,0
8220,-2.17394890502701,-27.5599066400953,29.0936482135855,0,0,-2,-28,29,0,0
8240,-3.85211160326394,-26.621899492539,29.3225175659911,0,0,-4,-27,29,0,0
8260,-5.51469520062577,-25.5343765901432,29.3658008992995,0,0,-6,-26,29,0,0
8280,-7.15733049572474,-24.3089399642984,29.2262078962356,0,0,-7,-24,29,0,0
8300,-8.77504246462197,-22.956518216278,28.9090313702717,0,0,-9,-23,29,0,0
8320,-10.3625599986815,-21.48928995717,28.4252257161965,0,0,-10,-21,28,0,0
8340,-11.9138417988061,-19.9185718818498,27.7884690658748,0,0,-12,-20,28,0,0
8360,-13.4223460458685,-18.2560302235134,27.0164982228791,0,0,-13,-18,27,0,0
8380,-14.8809678423186,-16.5132323013424,26.1296745598106,0,0,-15,-17,26,0,0
8400,-16.2818667544928,-14.7014207040363,25.1496249763352,0,0,-16,-15,25,0,0
8420,-17.6167688653277,-12.831920605957,24.098658137844,0,0,-18,-13,24,0,0
8440,-18.8769086403221,-10.9159531361708,22.9983584575189,0,0,-19,-11,23,0,0
8460,-20.0533781814858,-8.96477763182631,21.8687407942711,0,0,-20,-9,22,0,0
8480,-21.1368774567371,-6.98956304858712,20.7273953557836,0,0,-21,-7,21,0,0
8500,-22.1184215640708,-5.00160137781727,19.5891469300717,0,0,-22,-5,20,0,0
8520,-22.9893324852775,-3.01222217233152,18.465730420035,0,0,-23,-3,18,0,0
8540,-23.7417083940124,-1.03280624467441,17.3657515396466,0,0,-24,-1,17,0,0
8560,-24.3685677485458,0.925224406868855,16.2948549666476,0,0,-24,1,16,0,0
8580,-24.8642035511061,2.850420255603,15.2559882394709,0,0,-25,3,15,0,0
8600,-25.2246107406152,4.73140203116025,14.2497124495717,0,0,-25,5,14,0,0
8620,-25.447526439493,6.55688625583098,13.2746486554806,0,0,-25,7,13,0,0
8640,-25.532546516231,8.31573184453892,12.3278991111372,0,0,-26,8,12,0,0
8660,-25.4811468324792,9.99698272151029,11.4054549137129,0,0,-25,10,11,0,0
8680,-25.296744276229,11.5900038424872,10.5025582422697,0,0,-25,12,11,0,0
8700,-24.9846798092942,13.0847014696786,9.61405379192519,0,0,-25,13,10,0,0
8720,-24.5517015303293,14.4714180434301,8.73474611250617,0,0,-25,14,9,0,0
8740,-24.0059238841411,15.7412209420018,7.85964806922651,0,0,-24,16,8,0,0
8760,-23.3564124203641,16.8859243839969,6.98422435155272,0,0,-23,17,7,0,0
8780,-22.613276436797,17.8988291211,6.10461208206404,0,0,-23,18,6,0,0
8800,-21.7864665431037,18.7735804681995,5.21773376530656,0,0,-22,19,5,0,0
8820,-20.8865285756806,19.5058199557684,4.32147689683877,0,0,-21,20,4,0,0
8840,-19.923736296792,20.092352235972,3.41474262388746,0,0,-20,20,3,0,0
8860,-18.9081794144864,20.5317713008556,2.4975346342311,0,0,-19,21,2,0,0
8880,-17.8496179478555,20.8247487354365,1.57099695345317,0,0,-18,21,2,0,0
8900,-16.7571433110312,20.9732110019539,0.637355409371652,0,0,-17,21,1,0,0
8920,-15.6394025909491,20.9812706584798,-0.300048064151203,0,0,-16,21,-0,0,0
8940,-14.5044576396495,20.8548166371644,-1.23683643279633,0,0,-15,21,-1,0,0
8960,-13.3598123028625,20.6018953100363,-2.16772287343978,0,0,-13,21,-2,0,0
8980,-12.2123493808701,20.2313180728909,-3.08657051741194,0,0,-12,20,-3,0,0
9000,-11.0684720904493,19.7535848389641,-3.98656913264569,0,0,-11,20,-4,0,0
9020,-9.93404885804675,19.1804615269476,-4.86051202746871,0,0,-10,19,-5,0,0
9040,-8.81454581785299,18.5238861279087,-5.70076857724036,0,0,-9,19,-6,0,0
9060,-7.7149804521428,17.7964859952133,-6.49973921784195,0,0,-8,18,-6,0,0
9080,-6.64002257638088,17.0107841874634,-7.24992536063433,0,0,-7,17,-7,0,0
9100,-5.5940142978604,16.1790425631879,-7.94418967665378,0,0,-6,16,-8,0,0
9120,-4.58092402890933,15.3130490036826,-8.57610666677457,0,0,-5,15,-9,0,0
9140,-3.60456715515497,14.4237300185961,-9.13977936424305,0,0,-4,14,-9,0,0
9160,-2.66823879178495,13.5212269295782,-9.63070654632569,0,0,-3,14,-10,0,0
9180,-1.77524936938717,12.614566638902,-10.0449393847331,0,0,-2,13,-10,0,0
9200,-0.928491694750422,11.7117834691176,-10.3799610644645,0,0,-1,12,-10,0,0
9220,-0.130444026603069,10.8197871039648,-10.6346731372014,0,0,-0,11,-11,0,0
9240,0.616413789733492,9.94452136052093,-10.8087023049411,0,0,1,10,-11,0,0
9260,1.31027581364651,9.09083282311576,-10.903412919345,0,0,1,9,-11,0,0
9280,1.94933423113984,8.26279896029613,-10.9207658807935,0,0,2,8,-11,0,0
9300,2.5324575693913,7.46354305095731,-10.8641800161999,0,0,3,7,-11,0,0
9320,3.05861611397641,6.69562008422847,-10.7375927133008,0,0,3,7,-11,0,0
9340,3.52751463607803,5.96079190360517,-10.5460997146794,0,0,4,6,-11,0,0
9360,3.93890945199445,5.26052054875162,-10.2949980569566,0,0,4,5,-10,0,0
9380,4.29320841757208,4.59572143576711,-9.99032109781195,0,0,4,5,-10,0,0
9400,4.59121531799145,3.96699426649605,-9.63839744144393,0,0,5,4,-10,0,0
9420,4.83408675713427,3.37472543921452,-9.24571014468059,0,0,5,3,-9,0,0
9440,5.0235006695597,2.81902903051616,-8.8189068025499,0,0,5,3,-9,0,0
9460,5.16133274394419,2.30000462988829,-8.36449928166245,0,0,5,2,-8,0,0
9480,5.25013245936886,1.81741302454761,-7.88902760721422,0,0,5,2,-8,0,0
9500,5.29236347504669,1.37123747640984,-7.39865075772824,0,0,5,1,-7,0,0
9520,5.29118508336231,0.961070156126459,-6.89937935667543,0,0,5,1,-7,0,0
9540,5.24968288383146,0.58669268398928,-6.3967997196966,0,0,5,1,-6,0,0
9560,5.17126459455011,0.247721633751233,-5.89614701641135,0,0,5,0,-6,0,0
9580,5.05958754732568,-0.0564162688940181,-5.40219292930143,0,0,5,-0,-5,0,0
9600,4.91822017444508,-0.32618435428196,-4.91929139681272,0,0,5,-0,-5,0,0
9620,4.75099868463473,-0.562405873749276,-4.45123175241022,0,0,5,-1,-4,0,0
9640,4.56159807237346,-0.765817901956266,-4.00139653895967,0,0,5,-1,-4,0,0
9660,4.35375910540019,-0.937425683162034,-3.57261902798001,0,0,4,-1,-4,0,0
9680,4.13114289698669,-1.07838790250083,-3.16723508910441,0,0,4,-1,-3,0,0
9700,3.89730303578757,-1.19003900009732,-2.78708616601335,0,0,4,-1,-3,0,0
9720,3.6556467356391,-1.27386221887361,-2.43356759749832,0,0,4,-1,-2,0,0
9740,3.40942633386665,-1.33156734829477,-2.10757225155213,0,0,3,-1,-2,0,0
9760,3.16168827118346,-1.36502689863586,-1.80956132191919,0,0,3,-1,-2,0,0
9780,2.91526126136086,-1.37622574323637,-1.53964756601468,0,0,3,-1,-2,0,0
9800,2.67273077675063,-1.36735072121084,-1.29749013396368,0,0,3,-1,-1,0,0
9820,2.43643344643305,-1.340654726608,-1.08247329817921,0,0,2,-1,-1,0,0
9840,2.20839261865274,-1.29855739125053,-0.893539444998251,0,0,2,-1,-1,0,0
9860,1.990400138307,-1.24342979996552,-0.729529959944919,0,0,2,-1,-1,0,0
9880,1.78391573790122,-1.17773304988967,-0.588928140605222,0,0,2,-1,-1,0,0
9900,1.59011456835526,-1.10389314292887,-0.470050142215921,0,0,2,-1,-0,0,0
9920,1.40982579982509,-1.02430032272917,-0.370980168480997,0,0,1,-1,-0,0,0
9940,1.24363800322276,-0.941228032362186,-0.289757713070129,0,0,1,-1,-0,0,0
9960,1.09180354594156,-0.856842942314812,-0.224261526380756,0,0,1,-1,-0,0,0
9980,0.95429061369927,-0.773151062560153,-0.17230932570793,0,0,1,-1,-0,0,0
10000,0.830783688231828,-0.691970236028787,-0.131675946608967,0,0,1,-1,-0,0,0
10020,0.720711835259226,-0.614884200356981,-0.100157705958759,0,0,1,-1,-0,0,0
10040,0.6232304184681,-0.543022534381778,-0.0757681403365055,0,0,1,-1,-0,0,0
10060,0.537415270168063,-0.477021254085765,-0.0569587908249214,0,0,1,-0,-0,0,0
10080,0.462233633099903,-0.417107218383214,-0.0424953167597931,0,0,0,-0,-0,0,0
10100,0.39666099508068,-0.363245877850365,-0.0314173117430575,0,0,0,-0,-0,0,0
10120,0.339659637166868,-0.315193459727281,-0.0229609768465022,0,0,0,-0,-0,0,0
10140,0.290294520930027,-0.272625211810499,-0.0165427877765913,0,0,0,-0,-0,0,0
10160,0.247664586684304,-0.235128015777249,-0.0116984906444495,0,0,0,-0,-0,0,0
10180,0.210951777352297,-0.202263825413078,-0.00806777106267428,0,0,0,-0,-0,0,0
10200,0.179416079398616,-0.173589374079583,-0.00536992336685062,0,0,0,-0,-0,0,0
10220,0.152375289192136,-0.148656488190511,-0.00338388129826981,0,0,0,-0,-0,0,0
10240,0.12924334060768,-0.127057412197212,-0.00194132345901941,0,0,0,-0,-0,0,0
10260,0.109494571138788,-0.10840586563882,-0.00091068281510668,0,0,0,-0,-0,0,0
10280,0.0926549409520792,-0.0923366441313438,-0.00018918242625188,0,0,0,-0,-0,0,0
10300,0.0783234346240503,-0.07853090693155,0.000300833717256449,0,0,0,-0,0,0,0
10320,0.0661436514863626,-0.0666959406276017,0.000619609413427746,0,0,0,-0,0,0,0
10340,0.055805556199882,-0.0565702905891066,0.000813148931389161,0,0,0,-0,0,0,0
10360,0.0470436434536035,-0.0479251450689145,0.000916239637814658,0,0,0,-0,0,0,0
10380,0.0396225084066809,-0.0405531052112949,0.00095546013958151,0,0,0,-0,0,0,0
10400,0.0333464518074549,-0.034279118626652,0.000950425676721416,0,0,0,-0,0,0,0
10420,0.0280447333419261,-0.028947941376529,0.000915868981519497,0,0,0,-0,0,0,0
10440,0.0235683267032952,-0.0244220095663009,0.000862690906738108,0,0,0,-0,0,0,0
10460,0.0197936158193867,-0.020585948955069,0.000798731417691605,0,0,0,-0,0,0,0
10480,0.0166130239878674,-0.0173381304686136,0.000729643649692217,0,0,0,-0,0,0,0
10500,0.0139350510618564,-0.0145912196139707,0.000659380877305036,0,0,0,-0,0,0,0
10520,0.0116824914027466,-0.0122708567210022,0.0005906366224513,0,0,0,-0,0,0,0
10540,0.0097881609836014,-0.0103117143235879,0.000525156701921648,0,0,0,-0,0,0,0
10560,0.00819683057664574,-0.00865971788052829,0.000464017712231545,0,0,0,-0,0,0,0
10580,0.00686107454460368,-0.00726807940214939,0.000407800949120357,0,0,0,-0,0,0,0
10600,0.00573989126112382,-0.00609604578812667,0.000356714367089251,0,0,0,-0,0,0,0
10620,0.00479990366650043,-0.00511026704255304,0.00031075668367541,0,0,0,-0,0,0,0
10640,0.00401205066430859,-0.00428151512695507,0.000269740463576418,0,0,0,-0,0,0,0
10660,0.00335213531201985,-0.00358532784826063,0.00023338602430858,0,0,0,-0,0,0,0
10680,0.00279969217287105,-0.00300090875478357,0.000201352101498358,0,0,0,-0,0,0,0
10700,0.00233728314967332,-0.00251044781921729,0.000173259481572936,0,0,0,-0,0,0,0
10720,0.00195055368928128,-0.00209922483877401,0.000148737426194887,0,0,0,-0,0,0,0
10740,0.00162728855717653,-0.0017546584141969,0.000127416153109362,0,0,0,-0,0,0,0
10760,0.00135704383747975,-0.00146594479010676,0.000108933256730055,0,0,0,-0,0,0,0
10780,0.00113133370389891,-0.0012242774785844,9.29663000949192e-05,0,0,0,-0,0,0,0
10800,0.000942856208202065,-0.00102204893010212,7.92084163255505e-05,0,0,0,-0,0,0,0
10820,0.000785555696387131,-0.000852929753612137,6.73849852805889e-05,0,0,0,-0,0,0,0
10840,0.000654287174443367,-0.000711524069672735,5.72444982477622e-05,0,0,0,-0,0,0,0
10860,0.00054478828051706,-0.000593348639979447,4.85656453571285e-05,0,0,0,-0,0,0,0
10880,0.000453497508007622,-0.000494646762971734,4.11529276819164e-05,0,0,0,-0,0,0,0
10900,0.000377413880804969,-0.000412244040692135,3.48327105473688e-05,0,0,0,-0,0,0,0
10920,0.000313993413908944,-0.000343441865328083,2.94502213047784e-05,0,0,0,-0,0,0,0
10940,0.0002611687186426,-0.000286042383994236,2.48748927805732e-05,0,0,0,-0,0,0,0
10960,0.000217179032101144,-0.000238168902027339,2.09907207003328e-05,0,0,0,-0,0,0,0
10980,0.000180561414986922,-0.000198258661145393,1.76978356019886e-05,0,0,0,-0,0,0,0
11000,0.000150073687033737,-0.000164981550019051,1.49082709773922e-05,7.80021495267105e-10,0,0,-0,0,0,0
11020,0.000124710184511609,-0.00013725876081829,1.25488587158782e-05,7.53422068006579e-05,0,0,-0,0,0,0
11040,0.000103610351228481,-0.000114165086786067,1.05549309697246e-05,0.000950406003876511,0,0,-0,0,0,0
11060,8.60647288369612e-05,-9.49363601571536e-05,8.87176641926447e-06,0.00432170766997172,0,0,-0,0,0,0
11080,7.14719096920458e-05,-7.89234845230305e-05,7.4516682034947e-06,0.0125163073541334,0,0,-0,0,0,0
11100,5.9342633475906e-05,-6.55975590585503e-05,6.25499001167695e-06,0.0282244159047411,0,0,-0,0,0,0
11120,4.92623437337602e-05,-5.45096130104503e-05,5.24731386897675e-06,0.0542498634694097,0,0,-0,0,0,0
11140,4.0888370693829e-05,-4.52879346048816e-05,4.39959465510667e-06,0.0933849002926479,0,0,-0,0,0,0
11160,3.39292045601747e-05,-3.76157433589202e-05,3.68656003243519e-06,0.148211948683534,0,0,-0,0,0,0
11180,2.8150264572858e-05,-3.1237789045979e-05,3.0875391767915e-06,0.221195715203886,0,0,-0,0,0,0
11200,2.33519965508547e-05,-2.59365822711611e-05,2.58459584817576e-06,0.31449601138875,0,0,-0,0,0,0
11220,1.93679786849076e-05,-2.15304762680719e-05,2.16250453497228e-06,0.429964940876891,0,0,-0,0,0,0
11240,1.60606957926565e-05,-1.78691706518248e-05,1.80847969361147e-06,0.569172973926478,0,0,-0,0,1,0
11260,1.33163885912933e-05,-1.48281676864086e-05,1.51178238525982e-06,0.733425914046311,0,0,-0,0,1,0
11280,1.10391443318217e-05,-1.230235485815e-05,1.26321277805785e-06,0.923669449116065,0,0,-0,0,1,0
11300,9.15031859583869e-06,-1.02054419165075e-05,1.05512490299533e-06,1.14062804837176,0,0,-0,0,1,0
11320,7.58303520626432e-06,-8.46395115850094e-06,8.80917017088567e-07,1.38462323687512,0,0,-0,0,1,0
11340,6.28338607093403e-06,-7.01859201201525e-06,7.35206750837979e-07,1.65586090887738,0,0,-0,0,2,0
11360,5.20597626143739e-06,-5.81937733768516e-06,6.13401672586252e-07,1.95425514737954,0,0,-0,0,2,0
11380,4.31243387447687e-06,-4.82400176851705e-06,5.11568299328608e-07,2.27938187220497,0,0,-0,0,2,0
11400,3.57189442288767e-06,-3.9984051392412e-06,4.26511002308331e-07,2.630756087142,0,0,-0,0,3,0
11420,2.95811459032737e-06,-3.31359373678381e-06,3.55479296783381e-07,3.0075866012382,0,0,-0,0,3,0
11440,2.44947584881085e-06,-2.74565936282919e-06,2.96183639411891e-07,3.40892490862085,0,0,-0,0,3,0
11460,2.02812406051317e-06,-2.27483795092104e-06,2.46714009867195e-07,3.83367845481312,0,0,-0,0,4,0
11480,1.6789400945875e-06,-1.88437537561001e-06,2.05435357355826e-07,4.28050136033323,0,0,-0,0,4,0
11500,1.38973120020583e-06,-1.56074891715765e-06,1.71017754106826e-07,4.74801914842617,0,0,-0,0,5,0
11520,1.15025473594799e-06,-1.29258813638154e-06,1.4233347676686e-07,5.23468642904093,0,0,-0,0,5,0
11540,9.51866869495145e-07,-1.07028798194035e-06,1.1842119353777e-07,5.73877209595833,0,0,-0,0,6,0
11560,7.87634592001578e-07,-8.86139031316372e-07,9.85044389379418e-08,6.25854830264119,0,0,-0,0,6,0
11580,6.51657599173671e-07,-7.33573794264668e-07,8.19161957037172e-08,6.79211980190671,0,0,-0,0,7,0
11600,5.39111040798247e-07,-6.07217771479849e-07,6.81067387592811e-08,7.33754483749953,0,0,-0,0,7,0
11620,4.45952324726743e-07,-5.02564132442365e-07,5.66119299012956e-08,7.89278753463739,0,0,-0,0,8,0
11640,3.68840975286735e-07,-4.15885968522647e-07,4.70450377032786e-08,8.45576171895404,0,0,-0,0,8,0
11660,3.05038578940219e-07,-3.4412568174723e-07,3.9087179140323e-08,9.02434819549108,0,0,-0,0,9,0
11680,2.52256684913513e-07,-2.84726194671635e-07,3.24695333024305e-08,9.59637713895468,0,0,-0,0,10,0
11700,2.08573244184174e-07,-2.3553833576926e-07,2.69651359436218e-08,10.1696523135816,0,0,-0,0,10,0
11720,1.72442244022268e-07,-1.94832065612173e-07,2.23898535759191e-08,10.7419706062006,0,0,-0,0,11,0
11740,1.42556793843003e-07,-1.61144011547848e-07,1.85872548240566e-08,11.3111188055557,0,0,-0,0,11,0
11760,1.17843536223749e-07,-1.33271550861125e-07,1.54280520465497e-08,11.8748832461165,0,0,-0,0,12,0
11780,9.74009398174023e-08,-1.10203717201893e-07,1.28028501769382e-08,12.4310874373874,0,0,-0,0,12,0
11800,8.04983565395569e-08,-9.11208765346133e-08,1.06224982793051e-08,12.9775529132783,0,0,-0,0,13,0
11820,6.65235881709549e-08,-7.53356371581824e-08,8.81200726878292e-09,13.5121462329019,0,0,-0,0,14,0
11840,5.49723133477743e-08,-6.22814790193111e-08,7.30919117098496e-09,14.032761712328,0,0,-0,0,14,0
11860,4.5420033070168e-08,-5.1481262615703e-08,6.06123841148953e-09,14.5374057441378,0,0,-0,0,15,0
11880,3.75250798881846e-08,-4.2550715156986e-08,5.02561022534389e-09,15.024067284518,0,0,-0,0,15,0
11900,3.10003400961974e-08,-3.51666181890909e-08,4.16633175506858e-09,15.4908362263369,0,0,-0,0,15,0
11920,2.56089943249569e-08,-2.90625511904602e-08,3.45359159545216e-09,15.9358617496843,0,0,-0,0,16,0
11940,2.11520689978631e-08,-2.4014108479315e-08,2.86209577381272e-09,16.3574680798993,0,0,-0,0,16,0
11960,1.74700422878306e-08,-1.98417064321013e-08,2.37171612540886e-09,16.7539266326936,0,0,-0,0,17,0
11980,1.44280681259501e-08,-1.63930351820206e-08,1.9650636955692e-09,17.1236958070605,0,0,-0,0,17,0
12000,1.19148510308727e-08,-1.35427494385831e-08,1.62790880257576e-09,17.4653237208413,0,0,-0,0,17,0
12020,9.83834616464826e-09,-1.11867310877181e-08,1.34835156331984e-09,17.7775743153469,0,0,-0,0,18,0
12040,8.12340202669768e-09,-9.2400940737544e-09,1.11673337233447e-09,18.0598938559979,0,0,-0,0,18,0
12060,6.70684744493012e-09,-7.63154371045565e-09,9.24747154400436e-10,18.3128911921421,0,0,-0,0,18,0
12080,5.53718478051581e-09,-6.3028435252074e-09,7.65722214172646e-10,18.5378851599529,0,0,-0,0,19,0
12100,4.57085395080083e-09,-5.2047047326073e-09,6.33893222538943e-10,18.7367876736014,0,0,-0,0,19,0
12120,3.77301099410426e-09,-4.29770236640008e-09,5.24705999999434e-10,18.9116133540778,0,0,-0,0,19,0
12140,3.11433739294326e-09,-3.54865111052231e-09,4.34319548483909e-10,19.0645469277432,0,0,-0,0,19,0
12160,2.57036460126049e-09,-2.92981349667777e-09,3.5947629255896e-10,19.1978189200968,0,0,-0,0,19,0
12180,2.12128709635768e-09,-2.41870672134828e-09,2.97489369085515e-10,19.3135087528964,0,0,-0,0,19,0
12200,1.75057206586498e-09,-1.99667997898783e-09,2.46128035820557e-10,19.413611438253,0,0,-0,0,19,0
12220,1.4445721192675e-09,-1.64818615226191e-09,2.03671255672374e-10,19.4999827250271,0,0,-0,0,19,0
12240,1.19201440389953e-09,-1.36041066472937e-09,1.68488406593302e-10,19.5742966042584,0,0,-0,0,20,0
12260,9.83530191871108e-10,-1.12281903631904e-09,1.39342673578184e-10,19.6381140369369,0,0,-0,0,20,0
12280,8.11443624694508e-10,-9.26670488839173e-10,1.15281275113906e-10,19.6927802557219,0,0,-0,0,20,0
12300,6.69476614179779e-10,-7.64768681956977e-10,9.53247063533346e-11,19.7395100679121,0,0,-0,0,20,0
12320,5.5226955431772e-10,-6.31026938163048e-10,7.88542684630964e-11,19.7794045759274,0,0,-0,0,20,0
12340,4.5558950991722e-10,-5.20773150716493e-10,6.51936182561743e-11,19.8133898086064,0,0,-0,0,20,0
12360,3.75814875703475e-10,-4.29686668362513e-10,5.3897237096489e-11,19.842304013687,0,0,-0,0,20,0
12380,3.09986596503667e-10,-3.54488893118825e-10,4.45758041282344e-11,19.8668661167556,0,0,-0,0,20,0
12400,2.55648232456464e-10,-2.9245471337854e-10,3.68445627976247e-11,19.8877036282833,0,0,-0,0,20,0
12420,2.10878677206156e-10,-2.41296011312611e-10,3.04682229813586e-11,19.9053646582361,0,0,-0,0,20,0
12440,1.73896528245037e-10,-1.99081715994362e-10,2.51835859733695e-11,19.920311601703,0,0,-0,0,20,0
12460,1.43433026333317e-10,-1.64228886533527e-10,2.08082512578315e-11,19.932947131189,0,0,-0,0,20,0
12480,1.18274444281162e-10,-1.35465080286938e-10,1.72503369179367e-11,19.9436232920042,0,0,-0,0,20,0
12500,9.7520994105793e-11,-1.1172662872901e-10,1.42641620232835e-11,19.9526311139531,0,0,-0,0,20,0
12520,8.04159242449184e-11,-9.2229444490131e-11,1.1784535173169e-11,19.9602258635465,0,0,-0,0,20,0
12540,6.63097844061258e-11,-7.60624995618269e-11,9.75742087700798e-12,19.9666228755972,0,0,-0,0,20,0
12560,5.47080006567023e-11,-6.27332280070849e-11,8.07307324841459e-12,19.9720083503035,0,0,-0,0,20,0
12580,4.50935181989153e-11,-5.17094987245371e-11,6.66729618870303e-12,19.9765383111649,0,0,-0,0,20,0
12600,3.71880053033522e-11,-4.26787828657588e-11,5.53644551014762e-12,19.9803454030801,0,0,-0,0,20,0
12620,3.06640535088588e-11,-3.51931633752629e-11,4.59167134533873e-12,19.9835427215096,0,0,-0,0,20,0
12640,2.52703699532982e-11,-2.90788858384589e-11,3.81666561775622e-12,19.9862274643279,0,0,-0,0,20,0
12660,2.08488990309863e-11,-2.39719049749402e-11,3.1506703356077e-12,19.9884794773213,0,0,-0,0,20,0
12680,1.71905631647911e-11,-1.97788315868622e-11,2.63209309897151e-12,19.9903675184025,0,0,-0,0,20,0
12700,1.41919992895412e-11,-1.6303887598033e-11,2.1882216208469e-12,19.991949372406,0,0,-0,0,20,0
12720,1.16812944786786e-11,-1.34624051002982e-11,1.83199949652299e-12,19.9932746676073,0,0,-0,0,20,0
12740,9.66973733453806e-12,-1.11200702692854e-11,1.51083809265331e-12,19.9943838231102,0,0,-0,0,20,0
12760,7.97149451366046e-12,-9.19282751134245e-12,1.27222187258541e-12,19.9953118636742,0,0,-0,0,20,0
12780,6.56980405410485e-12,-7.5752084528184e-12,1.06866637297174e-12,19.9960879115251,0,0,-0,0,20,0
12800,5.4237191354248e-12,-6.27408081095154e-12,8.65110873358077e-13,19.9967368002352,0,0,-0,0,20,0
12820,4.46240956802458e-12,-5.19548174713629e-12,7.63333123551244e-13,19.9972789390754,0,0,-0,0,20,0
12840,3.69679749599843e-12,-4.35099880424209e-12,6.54201308243657e-13,19.9977317548408,0,0,-0,0,20,0
12860,3.0502648158529e-12,-3.57340962278895e-12,5.59777623937579e-13,19.9981097413343,0,0,-0,0,20,0
12880,2.53836773563943e-12,-2.95041434507196e-12,4.57999874130746e-13,19.998425328516,0,0,-0,0,20,0
12900,2.08644387104007e-12,-2.46811043281569e-12,3.72872367962159e-13,19.9986885817623,0,0,-0,0,20,0
12920,1.71824126409558e-12,-2.01459854362865e-12,3.14309219307922e-13,19.9989081129113,0,0,-0,0,20,0
12940,1.46597039802721e-12,-1.6982393264832e-12,3.05333249420498e-13,19.9990911677963,0,0,-0,0,20,0
12960,1.19520468503678e-12,-1.45033293474736e-12,2.54444374517081e-13,19.9992437449116,0,0,-0,0,20,0
12980,9.92333060616617e-13,-1.20890292907087e-12,2.03555499613665e-13,19.9993708552658,0,0,-0,0,20,0
13000,7.88777561002952e-13,-1.00713855258942e-12,1.73944515668055e-13,19.9994767381261,0,0,-0,0,20,0
13020,6.76097011927168e-13,-8.17860837368465e-13,1.52666624710249e-13,19.9994888932185,0,0,-0,0,20,0
13040,5.86700227462606e-13,-7.24427384337023e-13,1.52666624710249e-13,19.9986873688615,0,0,-0,0,20,0
13060,5.08888749034163e-13,-6.36110936292703e-13,1.52666624710249e-13,19.9953824291053,0,0,-0,0,20,0
13080,4.1495810085267e-13,-5.26486084860531e-13,1.52666624710249e-13,19.987228337749,0,0,-0,0,20,0
13100,3.56078690877486e-13,-4.32555436679038e-13,1.52666624710249e-13,19.9715692258666,0,0,-0,0,20,0
13120,3.05333249420498e-13,-3.81666561775622e-13,1.01777749806833e-13,19.9455750775147,0,0,-0,0,20,0
13140,2.5980886956398e-13,-3.81666561775622e-13,1.01777749806833e-13,19.9064881903208,0,0,-0,0,20,0
13160,2.28822371611198e-13,-2.79888811968789e-13,1.01777749806833e-13,19.8516734668835,0,0,-0,0,20,0
13180,2.28999937065373e-13,-2.72327516059583e-13,1.01777749806833e-13,19.7786888280219,0,0,-0,0,20,0
13200,1.95926039552103e-13,-2.4681491445552e-13,1.01777749806833e-13,19.6854292693637,0,0,-0,0,20,0
13220,1.52666624710249e-13,-2.28999937065373e-13,5.08888749034163e-14,19.5699780392669,0,0,-0,0,20,0
13240,1.52666624710249e-13,-2.1473628041169e-13,7.94161882107826e-14,19.4307416727839,0,0,-0,0,19,0
13260,1.52666624710249e-13,-1.78111062161957e-13,8.94943583688835e-14,19.2665264288103,0,0,-0,0,19,0
13280,9.04535265019268e-14,-2.03555499613665e-13,1.01777749806833e-13,19.076287072904,0,0,-0,0,19,0
13300,1.27222187258541e-13,-1.78111062161957e-13,9.52270509907589e-14,18.8593711009,0,0,-0,0,19,0
13320,1.23733498064482e-13,-1.7113368377384e-13,5.08888749034163e-14,18.6153450603073,0,0,-0,0,19,0
13340,5.51581296681587e-14,-1.78111062161957e-13,5.94273844329011e-14,18.3440998854655,0,0,-0,0,18,0
13360,9.99288631567895e-14,-1.76262175511914e-13,1.01777749806833e-13,18.0457499917109,0,0,-0,0,18,0
13380,7.63333123551244e-14,-1.6976869660792e-13,8.50930186987594e-14,17.7206016279404,0,0,-0,0,18,0
13400,7.63333123551244e-14,-1.49303772987929e-13,1.23859335536221e-13,17.369206519202,0,0,-0,0,17,0
13420,5.08888749034163e-14,-1.64672643001168e-13,1.01777749806833e-13,16.992398360568,0,0,-0,0,17,0
13440,7.63333123551244e-14,-1.27222187258541e-13,6.04533951312575e-14,16.5910628476753,0,0,-0,0,17,0
13460,7.90733825682845e-14,-1.52666624710249e-13,1.07257890233153e-13,16.1663354573458,0,0,-0,0,16,0
13480,7.63333123551244e-14,-1.40652744498527e-13,5.08888749034163e-14,15.7194805682478,0,0,-0,0,16,0
13500,5.08888749034163e-14,-1.52666624710249e-13,5.08888749034163e-14,15.2519750624454,0,0,-0,0,15,0
13520,5.64864337643744e-14,-1.52666624710249e-13,9.05826320849163e-14,14.7653276763514,0,0,-0,0,15,0
13540,7.63333123551244e-14,-1.52634624206798e-13,1.01777749806833e-13,14.261228000028,0,0,-0,0,14,0
13560,5.08888749034163e-14,-1.27222187258541e-13,5.08888749034163e-14,13.7414387815669,0,0,-0,0,14,0
13580,6.60909205583587e-14,-1.27222187258541e-13,5.08888749034163e-14,13.2078742681063,0,0,-0,0,13,0
13600,5.08888749034163e-14,-1.23219947812117e-13,5.08888749034163e-14,12.66245704822,0,0,-0,0,13,0
13620,5.12951887253972e-14,-1.27222187258541e-13,5.08888749034163e-14,12.1072166558488,0,0,-0,0,12,0
13640,6.63635242341233e-14,-1.32727048468247e-13,5.08888749034163e-14,11.5442313493511,0,0,-0,0,12,0
13660,5.47930922959983e-14,-1.44858189925085e-13,5.08888749034163e-14,10.975650543379,0,0,-0,0,11,0
13680,6.24321085674033e-14,-1.15678953594554e-13,7.86912824788585e-14,10.4036231907879,0,0,-0,0,10,0
13700,7.30919137336671e-14,-1.52666624710249e-13,5.08888749034163e-14,9.83034704363204,0,0,-0,0,10,0
13720,9.26938210920964e-14,-1.43582695995513e-13,1.01777749806833e-13,9.25803033901059,0,0,-0,0,9,0
13740,5.26147854591297e-14,-1.50940714154535e-13,9.83259286954057e-14,8.68888064991093,0,0,-0,0,9,0
13760,6.03460176902816e-14,-1.36679330045406e-13,6.98031604771469e-14,8.12511148009455,0,0,-0,0,8,0
13780,7.18120015533393e-14,-1.27222187258541e-13,5.08888749034163e-14,7.56891029084106,0,0,-0,0,8,0
13800,5.08888749034163e-14,-1.02769270086779e-13,7.73248326350711e-14,7.02246010042991,0,0,-0,0,7,0
13820,6.67036791344606e-14,-1.11407383027496e-13,5.08888749034163e-14,6.48785806270127,0,0,-0,0,6,0
13840,7.63333123551244e-14,-1.24036190704696e-13,5.08888749034163e-14,5.9672222656985,0,0,-0,0,6,0
13860,7.63333123551244e-14,-1.40235851548538e-13,5.08888749034163e-14,5.46260473840339,0,0,-0,0,5,0
13880,5.08888749034163e-14,-1.01777749806833e-13,5.08888749034163e-14,4.97593698936351,0,0,-0,0,5,0
13900,9.24081148387634e-14,-1.47981807226214e-13,9.24081148387634e-14,4.50916679357889,0,0,-0,0,5,0
13920,5.94118605307065e-14,-1.52666624710249e-13,5.08888749034163e-14,4.06411688211263,0,0,-0,0,4,0
13940,7.63333123551244e-14,-1.48610929718776e-13,9.36663598238878e-14,3.64252970048741,0,0,-0,0,4,0
13960,6.8794163320124e-14,-1.10730394015186e-13,5.08888749034163e-14,3.24609792595493,0,0,-0,0,3,0
13980,6.62761741607205e-14,-1.42609486515845e-13,5.08888749034163e-14,2.8763023932467,0,0,-0,0,3,0
14000,5.60784597498498e-14,-1.42287455017382e-13,5.08888749034163e-14,2.53465653803102,0,0,-0,0,3,0
14020,7.63333123551244e-14,-1.42886601341404e-13,8.22177030691427e-14,2.22245536359433,0,0,-0,0,2,0
14040,7.27116324121456e-14,-1.27222187258541e-13,5.08888749034163e-14,1.94010542107036,0,0,-0,0,2,0
14060,6.21908252114313e-14,-9.89372129711545e-14,7.91738491908024e-14,1.68711409654277,0,0,-0,0,2,0
14080,7.63333123551244e-14,-1.27222187258541e-13,5.08888749034163e-14,1.46208387610743,0,0,-0,0,1,0
14100,7.42782814462177e-14,-1.46501531983529e-13,1.01777749806833e-13,1.26321232245229,0,0,-0,0,1,0
14120,5.65747253101098e-14,-1.46980774303555e-13,5.08888749034163e-14,1.0884021663694,0,0,-0,0,1,0
14140,7.1983602214701e-14,-1.52666624710249e-13,9.30783295259857e-14,0.935440294629402,0,0,-0,0,1,0
14160,5.08888749034163e-14,-1.51169298917625e-13,7.48359865625001e-14,0.802178054940896,0,0,-0,0,1,0
14180,6.33199483680825e-14,-1.14791113793874e-13,7.69156028775e-14,0.686507771262768,0,0,-0,0,1,0
14200,7.63333123551244e-14,-1.17734819093104e-13,5.08888749034163e-14,0.586390100312893,0,0,-0,0,1,0
14220,5.08888749034163e-14,-1.01777749806833e-13,5.08888749034163e-14,0.500019106764209,0,0,-0,0,1,0
14240,5.08888749034163e-14,-9.54044364108239e-14,8.2706625751133e-14,0.425692367880178,0,0,-0,0,0,0
14260,5.08888749034163e-14,-1.27222187258541e-13,5.08888749034163e-14,0.36188962233328,0,0,-0,0,0,0
14280,7.38818984962747e-14,-1.27222187258541e-13,5.08888749034163e-14,0.30722223481568,0,0,-0,0,0,0
14300,5.2822604039125e-14,-1.29155916394249e-13,5.47563331748338e-14,0.260482548753653,0,0,-0,0,0,0
14320,7.26498958502733e-14,-1.27222187258541e-13,9.44109167971304e-14,0.220595102851188,0,0,-0,0,0,0
14340,6.00998546492134e-14,-1.27222187258541e-13,8.77327938866048e-14,0.186614326756691,0,0,-0,0,0,0
14360,6.10657701427988e-14,-1.37399082497923e-13,5.08888749034163e-14,0.157697104978812,0,0,-0,0,0,0
14380,7.40958401654366e-14,-1.26103451163697e-13,9.95402776171447e-14,0.133133059442556,0,0,-0,0,0,0
14400,5.08888749034163e-14,-1.07024935930402e-13,5.08888749034163e-14,0.112293685524665,0,0,-0,0,0,0
14420,6.77930285631816e-14,-1.18858317390718e-13,6.79694424873019e-14,0.0946375077110429,0,0,-0,0,0,0
14440,7.63333123551244e-14,-1.75404584699515e-13,5.08888749034163e-14,0.0796881166793022,0,0,-0,0,0,0
14460,6.61382480414059e-14,-1.52666624710249e-13,5.08888749034163e-14,0.0670508122901681,0,0,-0,0,0,0
14480,5.08888749034163e-14,-1.27222187258541e-13,9.82256410707669e-14,0.0563766605753732,0,0,-0,0,0,0
14500,7.63333123551244e-14,-1.40664477076652e-13,5.08888749034163e-14,0.0473697076526047,0,0,-0,0,0,0
14520,7.1990399989726e-14,-1.27222187258541e-13,5.08888749034163e-14,0.0397742603960683,0,0,-0,0,0,0
14540,5.08888749034163e-14,-1.78111062161957e-13,6.31153390404371e-14,0.0333765382845401,0,0,-0,0,0,0
14560,7.08369127099267e-14,-1.27222187258541e-13,5.08888749034163e-14,0.0279912642897684,0,0,-0,0,0,0
14580,6.46029991673047e-14,-1.3895250044636e-13,7.43495012790556e-14,0.0234625325419984,0,0,-0,0,0,0
14600,5.08888749034163e-14,-1.41278364378685e-13,6.49450520235602e-14,0.0196547030111883,0,0,-0,0,0,0
14620,5.08888749034163e-14,-1.22696809903815e-13,8.78317097421774e-14,0.016456757679842,0,0,-0,0,0,0
14640,7.63333123551244e-14,-1.22186076289944e-13,5.08888749034163e-14,0.0137727028810194,0,0,-0,0,0,0
14660,7.63333123551244e-14,-1.29956053767802e-13,5.08888749034163e-14,0.0115206496657651,0,0,-0,0,0,0
14680,7.45774962011108e-14,-1.52666624710249e-13,5.44005072114434e-14,0.0096324730543693,0,0,-0,0,0,0
14700,5.08888749034163e-14,-1.27222187258541e-13,5.08888749034163e-14,0.00805041443650509,0,0,-0,0,0,0
14720,5.08888749034163e-14,-1.01777749806833e-13,5.08888749034163e-14,0.00672534448146607,0,0,-0,0,0,0
14740,6.12897931085028e-14,-1.42265706505162e-13,5.08888749034163e-14,0.00561635415879658,0,0,-0,0,0,0
14760,6.37138854026388e-14,-1.01983333353569e-13,7.61277288083875e-14,0.0046881587523238,0,0,-0,0,0,0
14780,7.48805044318304e-14,-1.25769379335247e-13,5.08888749034163e-14,0.00391197413226272,0,0,-0,0,0,0
14800,7.63333123551244e-14,-1.27222187258541e-13,5.08888749034163e-14,0.00326328517351136,0,0,-0,0,0,0
14820,2.73869544458514e-14,-1.27222187258541e-13,1.01777749806833e-13,0.002721051533092,0,0,-0,0,0,0
14840,5.92214166633421e-14,-1.27222187258541e-13,5.08888749034163e-14,0.00226825931688346,0,0,-0,0,0,0
14860,5.52309444201458e-14,-1.18538048225081e-13,5.08888749034163e-14,0.00189019135460845,0,0,-0,0,0,0
14880,7.63333123551244e-14,-1.7685627509956e-13,1.01777749806833e-13,0.00157466177699153,0,0,-0,0,0,0
14900,7.63333123551244e-14,-1.52666624710249e-13,5.08888749034163e-14,0.0013114526983772,0,0,-0,0,0,0
14920,5.08888749034163e-14,-1.15542333603186e-13,5.08888749034163e-14,0.00109187190416355,0,0,-0,0,0,0
14940,5.08888749034163e-14,-1.27222187258541e-13,7.05334980568778e-14,0.000908820537392685,0,0,-0,0,0,0
14960,5.08888749034163e-14,-1.13363399668933e-13,7.40601746276172e-14,0.000756284312102966,0,0,-0,0,0,0
14980,6.94675916309882e-14,-1.27222187258541e-13,6.46203163516886e-14,0.000629145662268151,0,0,-0,0,0,0
15000,7.63333123551244e-14,-1.01777749806833e-13,5.08888749034163e-14,0.000523264640300495,9.41134896288279e-10,0,-0,0,0,0
15020,4.62640074981295e-14,-1.22597319853254e-13,6.01386097139898e-14,0.000435093531029046,0.000112919720785635,0,-0,0,0,0
15040,9.39712213584165e-14,-1.27222187258541e-13,9.39712213584165e-14,0.000361703729814618,0.00142735992664639,0,-0,0,0,0
15060,5.47264410104298e-14,-1.23384621151527e-13,5.08888749034163e-14,0.000300618285664003,0.00647999353990017,0,-0,0,0,0
15080,7.63333123551244e-14,-1.28289012277084e-13,5.30225249405037e-14,0.000249789008624602,0.0187721480270429,0,-0,0,0,0
15100,5.08888749034163e-14,-1.20051882924008e-13,5.08888749034163e-14,0.000207513833883119,0.0423373252675531,0,-0,0,0,0
15120,6.14343598125136e-14,-1.37767672167638e-13,8.06867799886378e-14,0.000172362898259826,0.0813973852163841,0,-0,0,0,0
15140,6.38057169757767e-14,-1.27222187258541e-13,5.08888749034163e-14,0.000143128099253616,0.140058395674336,0,-0,0,0,0
15160,7.26018542179573e-14,-1.27222187258541e-13,5.08888749034163e-14,0.000118830718353453,0.2223149680317,0,-0,0,0,0
15180,6.04989932592682e-14,-1.52666624710249e-13,7.01091116151202e-14,9.86396662453346e-05,0.331791342342118,0,-0,0,0,0
15200,6.91019250489283e-14,-1.27222187258541e-13,5.08888749034163e-14,8.18666784233294e-05,0.471755372158371,0,-0,0,0,0
15220,7.63333123551244e-14,-1.27222187258541e-13,5.08888749034163e-14,6.79292744825447e-05,0.644928886174972,0,-0,0,0,1
15240,6.94734218552337e-14,-1.27222187258541e-13,8.80579688070511e-14,5.63564829395362e-05,0.853763928003488,0,-0,0,0,1
15260,7.63333123551244e-14,-1.27222187258541e-13,5.08888749034163e-14,4.67470518582112e-05,1.10013338385107,0,-0,0,0,1
15280,5.81685933810441e-14,-1.41781624213796e-13,6.54483118586719e-14,3.87708971116441e-05,1.3855392503245,0,-0,0,0,1
15300,5.75258206498559e-14,-1.64837170669078e-13,8.85038583139534e-14,3.21486027320568e-05,1.71090484856099,0,-0,0,0,2
15320,7.63333123551244e-14,-1.494363901189e-13,5.73493440861134e-14,2.66536540616492e-05,2.07692323927602,0,-0,0,0,2
15340,5.22754835035926e-14,-1.27222187258541e-13,9.90045326064799e-14,2.20945557195984e-05,2.48379041950421,0,-0,0,0,2
15360,9.12573686710252e-14,-1.63187005846056e-13,5.08888749034163e-14,1.83132958985998e-05,2.93139026087991,0,-0,0,0,3
15380,7.14784452157491e-14,-1.22367320119165e-13,5.08888749034163e-14,1.51757989794654e-05,3.41907776980917,0,-0,0,0,3
15400,1.01777749806833e-13,-1.27222187258541e-13,5.08888749034163e-14,1.25743898164954e-05,3.94613257045848,0,-0,0,0,4
15420,7.63333123551244e-14,-1.27222187258541e-13,5.08888749034163e-14,1.04176232428277e-05,4.51139584970362,0,-0,0,0,5
15440,5.08888749034163e-14,-8.42370849053401e-14,5.08888749034163e-14,8.62946387859741e-06,5.11340860846867,0,-0,0,0,5
15460,5.15181953733158e-14,-1.25963546318742e-13,5.21475158432153e-14,7.147118965542e-06,5.75048368372277,0,-0,0,0,6
15480,6.54784618910968e-14,-1.41811774246221e-13,5.08888749034163e-14,5.91879142323511e-06,6.42074804475711,0,-0,0,0,6
15500,6.38189203325768e-14,-1.26806533851928e-13,5.08888749034163e-14,4.90088333583279e-06,7.12202770636583,0,-0,0,0,7
15520,7.63333123551244e-14,-1.38811676586898e-13,5.08888749034163e-14,4.05769709429503e-06,7.85203043120125,0,-0,0,0,8
15540,6.16700568113598e-14,-1.52666624710249e-13,5.08888749034163e-14,3.358937739616e-06,8.60816190082663,0,-0,0,0,9
15560,7.4872831801127e-14,-1.00317269252835e-13,5.38098360114111e-14,2.78022055784652e-06,9.38781721214902,0,-0,0,0,9
15580,5.80649473539106e-14,-1.52666624710249e-13,8.74256049058437e-14,2.30104574720567e-06,10.1881970712695,0,-0,0,0,10
15600,5.14784236693272e-14,-1.50897978412516e-13,5.08888749034163e-14,1.9041140683491e-06,11.0063121496762,0,-0,0,0,11
15620,5.69617405508943e-14,-1.52666624710249e-13,5.08888749034163e-14,1.57553058165312e-06,11.8391750494197,0,-0,0,0,12
15640,5.77499390219676e-14,-9.49166856882812e-14,5.08888749034163e-14,1.30349832818508e-06,12.6836427960768,0,-0,0,0,13
15660,5.25002390575984e-14,-1.03389113961015e-13,5.08888749034163e-14,1.07831390381754e-06,13.5365216636133,0,-0,0,0,14
15680,6.81020932217834e-14,-1.44435405576908e-13,5.08888749034163e-14,8.91974305894989e-07,14.3945655072427,0,-0,0,0,14
15700,7.63333123551244e-14,-1.44856433263943e-13,8.41435038014307e-14,7.3771285267598e-07,15.2544786019801,0,-0,0,0,15
15720,6.93651194549009e-14,-1.31762046009578e-13,8.78413640063855e-14,6.10078676040252e-07,16.1129564512563,0,-0,0,0,16
15740,7.63333123551244e-14,-1.12222885204042e-13,5.08888749034163e-14,5.04498961399143e-07,16.9666698534206,0,-0,0,0,17
15760,5.08888749034163e-14,-1.06597637851502e-13,5.08888749034163e-14,4.17120340590352e-07,17.8123322279083,0,-0,0,0,18
15780,6.34798409085085e-14,-1.65520096156865e-13,5.08888749034163e-14,3.4485509910591e-07,18.6466315015765,0,-0,0,0,19
15800,7.56923349825714e-14,-1.77470084789404e-13,5.21708296485222e-14,2.85079184523642e-07,19.4663309089648,0,-0,0,0,19
15820,5.35828417974831e-14,-1.29916154152607e-13,5.08888749034163e-14,2.35649122747249e-07,20.2682109733382,0,-0,0,0,20
15840,7.12682783144665e-14,-1.47601590669591e-13,9.16476817255168e-14,1.94771144291045e-07,21.049149952884,0,-0,0,0,21
15860,5.4100196721688e-14,-1.27222187258541e-13,5.73115185399598e-14,1.6096468665408e-07,21.8061129400059,0,-0,0,0,22
15880,6.11288039712358e-14,-1.12017678874652e-13,5.08888749034163e-14,1.3301731821017e-07,22.5360958628909,0,-0,0,0,23
15900,6.45660687948505e-14,-1.27222187258541e-13,7.4423362023964e-14,1.09916956706845e-07,23.2362163571034,0,-0,0,0,23
15920,6.16019335269947e-14,-1.4195356608667e-13,5.08888749034163e-14,9.0814512738004e-08,23.9038191411556,0,-0,0,0,24
15940,7.01106978284732e-14,-1.46444010183598e-13,8.933252075353e-14,7.5027590764595e-08,24.5361992768418,0,-0,0,0,25
15960,6.25718143522002e-14,-1.52666624710249e-13,7.42547538009841e-14,6.19800667718495e-08,25.1308928018751,0,-0,0,0,25
15980,8.98036966131635e-14,-1.01777749806833e-13,5.08888749034163e-14,5.11991089007645e-08,25.6855253086337,0,-0,0,0,26
16000,7.63333123551244e-14,-1.27222187258541e-13,5.44034703712004e-14,4.2288061756695e-08,26.1980065753453,0,-0,0,0,26
16020,5.46674267238135e-14,-1.52666624710249e-13,5.84459785442107e-14,3.49257139408157e-08,26.6663641452486,0,-0,0,0,27
16040,5.26965497374977e-14,-1.27222187258541e-13,5.08888749034163e-14,2.88431522806078e-08,27.089847538505,0,-0,0,0,27
16060,6.7870394858891e-14,-1.35740789717782e-13,8.48519148143658e-14,2.38190759003069e-08,27.4692958828688,0,-0,0,0,27
16080,8.41788448200002e-14,-1.69311609668541e-13,8.41788448200002e-14,1.96674223008517e-08,27.8068622391736,0,-0,0,0,28
16100,5.08888749034163e-14,-1.27222187258541e-13,5.08888749034163e-14,1.62384836671027e-08,28.1051937653435,0,-0,0,0,28
16120,9.63813826646885e-14,-1.72714695019813e-13,5.08888749034163e-14,1.34065905067283e-08,28.3674227310169,0,-0,0,0,28
16140,9.2483606491274e-14,-1.042157423018e-13,5.08888749034163e-14,1.10682240831288e-08,28.5968128729949,0,-0,0,0,29
16160,5.35846585870328e-14,-1.7541527847834e-13,5.62804422706493e-14,9.13640164189063e-09,28.7967337505921,0,-0,0,0,29
16180,5.08888749034163e-14,-1.1396991873882e-13,5.08888749034163e-14,7.54152846573283e-09,28.9702622045114,0,-0,0,0,29
16200,7.37438418907837e-14,-1.27222187258541e-13,5.60678158320977e-14,6.2247010020899e-09,29.1204127717931,0,-0,0,0,29
16220,4.09585444237225e-14,-8.66760503364673e-14,5.08888749034163e-14,5.13748575885825e-09,29.2499616277275,0,-0,0,0,29
16240,5.08888749034163e-14,-1.04613788689109e-13,5.08888749034163e-14,4.2397425841957e-09,29.3614606625402,0,-0,0,0,29
16260,5.08888749034163e-14,-1.19184228780104e-13,6.69647918602905e-14,3.49874280793541e-09,29.4571737655354,0,-0,0,0,29
16280,7.63333123551244e-14,-1.18561392330854e-13,5.08888749034163e-14,2.88705563966503e-09,29.5391704432811,0,-0,0,0,30
16300,7.63333123551244e-14,-1.39599144286597e-13,7.61031378899257e-14,2.38227180966054e-09,29.6092642816731,0,-0,0,0,30
16320,5.94322022437588e-14,-1.61209952050591e-13,6.79755295841014e-14,1.96548540403113e-09,29.6691050346178,0,-0,0,0,30
16340,5.56084247234883e-14,-1.47947074890177e-13,5.08888749034163e-14,1.62155851693745e-09,29.7200861138955,0,-0,0,0,30
16360,7.04420417758075e-14,-1.13560290965466e-13,5.08888749034163e-14,1.33778417970482e-09,29.7634510079263,0,-0,0,0,30
16380,5.46363198391403e-14,-1.50792902242387e-13,5.08888749034163e-14,1.1035548022057e-09,29.8002988329116,0,-0,0,0,30
16400,5.43656431612633e-14,-1.30698955516388e-13,5.78424114191103e-14,9.1029638178317e-10,29.8315591191409,0,-0,0,0,30
16420,6.07099312381919e-14,-1.11598806141608e-13,8.21356371372813e-14,7.50847687026907e-10,29.8580472169674,0,-0,0,0,30
16440,7.04299593889951e-14,-1.3312554022467e-13,8.9971043874574e-14,6.19289267693142e-10,29.8804678187416,0,-0,0,0,30
16460,6.04064010352223e-14,-1.17704661126735e-13,5.08888749034163e-14,5.1077665727995e-10,29.8994209711644,0,-0,0,0,30
16480,7.63333123551244e-14,-1.12862301146069e-13,5.08888749034163e-14,4.21227257735251e-10,29.9154348292818,0,-0,0,0,30
16500,5.08888749034163e-14,-1.05527812776623e-13,5.08888749034163e-14,3.47365300929954e-10,29.928947073886,0,-0,0,0,30
16520,6.71188601992956e-14,-1.08793282946883e-13,6.93177792150739e-14,2.86454209304718e-10,29.9403369719003,0,-0,0,0,30
16540,5.08888749034163e-14,-1.06964756145114e-13,5.08888749034163e-14,2.36194302804081e-10,29.9499352350575,0,-0,0,0,30
16560,6.61942954793606e-14,-8.64723292308882e-14,8.14997160553049e-14,1.9475117226993e-10,29.95801282709,0,-0,0,0,30
16580,7.63333123551244e-14,-1.24964838110829e-13,5.08888749034163e-14,1.60569640347135e-10,29.964807414575,0,-0,0,0,30
16600,7.48087732648095e-14,-7.78578514454393e-14,5.3937953084046e-14,1.32382993923842e-10,29.9705179776112,0,-0,0,0,30
16620,8.25556566252987e-14,-1.27222187258541e-13,5.08888749034163e-14,1.09140714262172e-10,29.9753142891272,0,-0,0,0,30
16640,7.10725211829988e-14,-1.01777749806833e-13,7.19320395919186e-14,8.99705830211092e-11,29.9793412766192,0,-0,0,0,30
16660,6.30640375601076e-14,-1.27222187258541e-13,5.08888749034163e-14,7.41656876025299e-11,29.9827191747755,0,-0,0,0,30
16680,6.33960294105102e-14,-1.53096753147769e-13,7.67634407926446e-14,6.11368746616496e-11,29.985550769335,0,-0,0,0,30
16700,6.80749159960825e-14,-1.44073604163916e-13,5.08888749034163e-14,5.03909773333923e-11,29.9879243370815,0,-0,0,0,30
16720,5.94967940840359e-14,-1.44058705529629e-13,8.45619114455933e-14,4.15332521606444e-11,29.9899119277538,0,-0,0,0,30
16740,7.63333123551244e-14,-1.27222187258541e-13,5.08888749034163e-14,3.42308809324576e-11,29.9915757589455,0,-0,0,0,30
16760,7.15234833871671e-14,-1.11397407742747e-13,9.21580918709179e-14,2.82120466224353e-11,29.992967680785,0,-0,0,0,30
16780,5.384927032179e-14,-7.92937077734981e-14,9.58569589700852e-14,2.3249719371652e-11,29.9941319514031,0,-0,0,0,30
16800,7.56785723994396e-14,-1.52011884754564e-13,5.08888749034163e-14,1.91592552283545e-11,29.995105238919,0,-0,0,0,30
16820,7.63333123551244e-14,-1.27222187258541e-13,1.01777749806833e-13,1.57881249040432e-11,29.9959184139103,0,-0,0,0,30
16840,5.08888749034163e-14,-1.33218066384867e-13,5.08888749034163e-14,1.30100662981817e-11,29.9965975121619,0,-0,0,0,30
16860,6.52642543809415e-14,-1.41597566736066e-13,5.08888749034163e-14,1.07196681525624e-11,29.9971646906622,0,-0,0,0,30
16880,7.4225065748785e-14,-1.52666624710249e-13,5.08888749034163e-14,8.83229857642617e-12,29.9976380091126,0,-0,0,0,30
16900,6.94496204599784e-14,-1.52666624710249e-13,1.01777749806833e-13,7.27701294260186e-12,29.9980328786563,0,-0,0,0,30
16920,5.08888749034163e-14,-1.11120473374408e-13,5.08888749034163e-14,5.99557932583318e-12,29.9983621515395,0,-0,0,0,30
16940,5.14251063164418e-14,-1.27222187258541e-13,5.08888749034163e-14,4.93923862588579e-12,29.9986367755102,0,-0,0,0,30
16960,5.99279241506523e-14,-1.60032963667485e-13,8.36996513123604e-14,4.06902997299815e-12,29.9988656126719,0,-0,0,0,30
16980,5.22321493542224e-14,-1.28565461709347e-13,1.01777749806833e-13,3.35200164669619e-12,29.9990562829435,0,-0,0,0,30
17000,7.63333123551244e-14,-1.27222187258541e-13,8.89406284162093e-14,2.76128286057569e-12,29.9992150774517,0,-0,0,0,30
17020,5.59928984673351e-14,-1.27222187258541e-13,5.08888749034163e-14,2.27446672567585e-12,29.9992343175089,0,-0,0,0,30
17040,5.60610200203579e-14,-1.27222187258541e-13,5.08888749034163e-14,1.87344903519739e-12,29.9980318912585,0,-0,0,0,30
17060,5.08888749034163e-14,-1.23033584677302e-13,5.08888749034163e-14,1.54307985415603e-12,29.9930733150845,0,-0,0,0,30
17080,5.08888749034163e-14,-1.15899647492614e-13,5.08888749034163e-14,1.27098191008464e-12,29.9808407357708,0,-0,0,0,30
17100,5.08888749034163e-14,-1.27222187258541e-13,5.08888749034163e-14,1.04674692766973e-12,29.957349401127,0,-0,0,0,30
17120,6.82809202375677e-14,-1.44614232592692e-13,8.56729655717191e-14,8.62067781933189e-13,29.9183641053297,0,-0,0,0,30
17140,7.63333123551244e-14,-1.48068759871165e-13,5.08888749034163e-14,7.09965827365429e-13,29.8597188231466,0,-0,0,0,30
17160,5.08888749034163e-14,-7.95045308727825e-14,9.54353127715164e-14,5.84663935522094e-13,29.777496499708,0,-0,0,0,30
17180,7.54690239094401e-14,-7.80618892464931e-14,5.08888749034163e-14,4.81455004189542e-13,29.6680626585666,0,-0,0,0,30
17200,6.37075460029089e-14,-1.27222187258541e-13,5.08888749034163e-14,3.96462125304524e-13,29.5281468722306,0,-0,0,0,30
17220,6.60008257258163e-14,-1.07330772243049e-13,5.08888749034163e-14,3.26458645641885e-13,29.3549689129254,0,-0,0,0,29
17240,7.63333123551244e-14,-1.16379239576547e-13,5.08888749034163e-14,2.68819136701792e-13,29.1461125963413,0,-0,0,0,29
17260,8.97068035900457e-14,-1.52666624710249e-13,5.08888749034163e-14,2.21333730875521e-13,28.8997848385326,0,-0,0,0,29
17280,5.13247209799042e-14,-1.02649441959808e-13,5.1760567056392e-14,1.82233386560776e-13,28.6144416722855,0,-0,0,0,29
17300,5.08888749034163e-14,-1.44752946917165e-13,5.08888749034163e-14,1.5004365356358e-13,28.2890162944516,0,-0,0,0,28
17320,5.11726726795787e-14,-1.27505985034703e-13,5.08888749034163e-14,1.23526498126966e-13,27.9230401666884,0,-0,0,0,28
17340,5.8488352664851e-14,-1.70511584400522e-13,1.01777749806833e-13,1.01697399102025e-13,27.5161671300997,0,-0,0,0,28
17360,7.63333123551244e-14,-1.22040087549036e-13,5.08888749034163e-14,8.37222445668046e-14,27.0686232930254,0,-0,0,0,27
17380,5.08888749034163e-14,-1.26977465780718e-13,5.08888749034163e-14,6.89221370264014e-14,26.580907166576,0,-0,0,0,27
17400,5.08888749034163e-14,-9.13182006855489e-14,5.08888749034163e-14,5.67389147831162e-14,26.0538170049968,0,-0,0,0,26
17420,5.08888749034163e-14,-1.19749220309939e-13,5.08888749034163e-14,4.67050329912942e-14,25.4885993765018,0,-0,0,0,25
17440,5.08888749034163e-14,-1.43670889479111e-13,5.08888749034163e-14,3.84452115074007e-14,24.886594884096,0,-0,0,0,25
17460,7.63333123551244e-14,-1.38485960866543e-13,5.08888749034163e-14,3.16466474692984e-14,24.2494672555231,0,-0,0,0,24
17480,7.00226787511716e-14,-1.14399017014738e-13,5.08888749034163e-14,2.60476637991673e-14,23.5792415842602,0,-0,0,0,24
17500,5.08888749034163e-14,-1.04974471266469e-13,5.08888749034163e-14,2.14394140956865e-14,22.8779597518684,0,-0,0,0,23
17520,2.90361444526808e-14,-1.20038773256595e-13,5.08888749034163e-14,1.76457739679227e-14,22.1479935942888,0,-0,0,0,22
17540,5.44456142392717e-14,-1.49109885374393e-13,5.08888749034163e-14,1.45234295549298e-14,21.3918284340204,0,-0,0,0,21
17560,5.50929477962828e-14,-1.27222187258541e-13,5.08888749034163e-14,1.19530389336872e-14,20.6121657728547,0,-0,0,0,21
17580,5.26283934861605e-14,-8.15518681033571e-14,5.08888749034163e-14,9.8370551903207e-15,19.8118152832957,0,-0,0,0,20
17600,5.08888749034163e-14,-1.4454568560067e-13,5.08888749034163e-14,8.0956277219651e-15,18.9936843420729,0,-0,0,0,19
17620,6.18211115690373e-14,-1.05357713927299e-13,7.99132764755904e-14,6.66254747481875e-15,18.1608113949218,0,-0,0,0,18
17640,7.63333123551244e-14,-1.15018554604595e-13,5.08888749034163e-14,5.48262271068252e-15,17.3163537081314,0,-0,0,0,17
17660,5.08888749034163e-14,-1.01777749806833e-13,5.99075851357407e-14,4.51164881707725e-15,16.4634760374216,0,-0,0,0,16
17680,6.54933151318066e-14,-1.16382190035223e-13,5.08888749034163e-14,3.71255739196852e-15,15.6054350070731,0,-0,0,0,16
17700,6.94643757012375e-14,-1.45797688056362e-13,8.80398764990587e-14,3.05502754786083e-15,14.7455212253835,0,-0,0,0,15
17720,7.54213420345004e-14,-1.28134157579165e-13,5.08888749034163e-14,2.51373270440757e-15,13.8870428853246,0,-0,0,0,14
17740,5.67604841348722e-14,-1.46795015478793e-13,6.26320933663282e-14,2.06835296795575e-15,13.033321167487,0,-0,0,0,13
17760,7.61695598295697e-14,-1.27304063521318e-13,5.08888749034163e-14,1.70183770231876e-15,12.187664807748,0,-0,0,0,12
17780,7.63333123551244e-14,-1.19523078094114e-13,1.01777749806833e-13,1.40029479632766e-15,11.3533786913038,0,-0,0,0,11
17800,7.63333123551244e-14,-1.34613947932427e-13,5.08888749034163e-14,1.15207809115111e-15,10.533673936493,0,-0,0,0,11
17820,9.72038148286336e-14,-1.4809268973205e-13,5.08888749034163e-14,9.47855042620879e-16,9.73178067569106,0,-0,0,0,10
17840,7.63333123551244e-14,-1.01777749806833e-13,5.08888749034163e-14,7.79819624347097e-16,8.95083108629871,0,-0,0,0,9
17860,6.0979957675887e-14,-1.42575541937778e-13,8.15955842618911e-14,6.41588465983503e-16,8.19391305409118,0,-0,0,0,8
17880,7.22253614594489e-14,-1.23114236362865e-13,9.35618480154816e-14,5.27805663501384e-16,7.46390473816609,0,-0,0,0,7
17900,6.21403837218636e-14,-9.88363299920191e-14,7.3391892540311e-14,4.34206828136643e-16,6.76375006521174,0,-0,0,0,7
17920,5.08888749034163e-14,-1.27222187258541e-13,5.08888749034163e-14,3.57203741832065e-16,6.09618731320064,0,-0,0,0,6
17940,5.97155786317373e-14,-1.36048890986862e-13,1.01777749806833e-13,2.93847212289712e-16,5.46381847763153,0,-0,0,0,5
17960,5.23726213823081e-14,-1.27222187258541e-13,5.08888749034163e-14,2.41715810878609e-16,4.86910613581407,0,-0,0,0,5
17980,5.08888749034163e-14,-8.60647787832692e-14,5.08888749034163e-14,1.98834272368596e-16,4.31444725270932,0,-0,0,0,4
18000,6.55178914420056e-14,-1.4185120379713e-13,8.0146907980595e-14,1.63554969992551e-16,3.80198451243449,0,-0,0,0,4
18020,7.63333123551244e-14,-1.39332804675712e-13,1.01777749806833e-13,1.34538581288915e-16,3.33357211586866,0,-0,0,0,3
18040,6.65234888651908e-14,-1.17412363768607e-13,5.08888749034163e-14,1.10659455021717e-16,2.90874051776847,0,-0,0,0,3
18060,7.63333123551244e-14,-1.49755962001696e-13,5.08888749034163e-14,9.10185325580385e-17,2.52418641805208,0,-0,0,0,3
18080,7.63333123551244e-14,-1.52666624710249e-13,6.41079099064891e-14,7.48653838960248e-17,2.17437972485523,0,-0,0,0,2
18100,5.20536939574694e-14,-1.04107387914939e-13,9.94481116987263e-14,6.15739363908636e-17,1.85247543473204,0,-0,0,0,2
18120,7.14707426722673e-14,-1.27222187258541e-13,5.08888749034163e-14,5.06425178848684e-17,1.55120448335615,0,-0,0,0,2
18140,5.08888749034163e-14,-1.01777749806833e-13,6.75052260202505e-14,4.16510006128832e-17,1.26310595994518,0,-0,0,0,1
18160,7.63333123551244e-14,-1.52666624710249e-13,5.08888749034163e-14,3.42549965382392e-17,0.980951777412655,0,-0,0,0,1
18180,6.74799294433632e-14,-1.52666624710249e-13,5.08888749034163e-14,2.81730162385473e-17,0.697937786434791,0,-0,0,0,1
18200,5.65869259344087e-14,-1.42793431499891e-13,7.0635261324132e-14,2.31688657559787e-17,0.407851122302911,0,-0,0,0,0
18220,6.18491164465159e-14,-1.18218112121482e-13,5.08888749034163e-14,1.90535311941799e-17,0.105097041705223,0,-0,0,0,0
18240,7.63333123551244e-14,-1.62562172193407e-13,5.08888749034163e-14,1.56696301804068e-17,-0.215246110990103,0,-0,0,0,-0
18260,5.08888749034163e-14,-1.05655965407174e-13,5.08888749034163e-14,1.28854774277487e-17,-0.557310837883264,0,-0,0,0,-1
18280,6.47239795224032e-14,-1.38831520091262e-13,7.85590841413901e-14,1.05962332006941e-17,-0.924679173078127,0,-0,0,0,-1
18300,7.57020795773311e-14,-1.27853420036334e-13,5.08888749034163e-14,8.71340553598478e-18,-1.32017028918189,0,-0,0,0,-1
18320,5.31449048034632e-14,-1.24966157358494e-13,5.08888749034163e-14,7.16517410889891e-18,-1.74603944289962,0,-0,0,0,-2
18340,5.63781102722514e-14,-1.01777749806833e-13,5.08888749034163e-14,5.89193878457232e-18,-2.20390340680488,0,-0,0,0,-2
18360,7.23806549355661e-14,-1.31174844678099e-13,1.01777749806833e-13,4.84467250702605e-18,-2.69480664116936,0,-0,0,0,-3
18380,6.496579892351e-14,-1.41299111278634e-13,5.08888749034163e-14,3.98356886719602e-18,-3.2193750052438,0,-0,0,0,-3
18400,8.95734751821868e-14,-1.39426461883186e-13,5.08888749034163e-14,3.27559096756661e-18,-3.77772592563844,0,-0,0,0,-4
18420,5.08888749034163e-14,-1.27222187258541e-13,5.08888749034163e-14,2.69319496480734e-18,-4.36943269904644,0,-0,0,0,-4
18440,7.63333123551244e-14,-1.63725167557547e-13,5.08888749034163e-14,2.21437120198517e-18,-4.99386198837758,0,-0,0,0,-5
18460,6.09800305026462e-14,-1.11868905406062e-13,5.08888749034163e-14,1.82064320289255e-18,-5.6499098494149,0,-0,0,0,-6
18480,7.63333123551244e-14,-1.47127273697196e-13,5.08888749034163e-14,1.49694502966831e-18,-6.33620030577429,0,-0,0,0,-6
18500,5.08888749034163e-14,-1.25010206813702e-13,5.53128357930927e-14,1.23072146317982e-18,-7.05098200726284,0,-0,0,0,-7
18520,7.63333123551244e-14,-1.50069746627707e-13,5.08888749034163e-14,1.01183168357021e-18,-7.79233962417562,0,-0,0,0,-8
18540,7.63333123551244e-14,-1.27222187258541e-13,5.68818793048526e-14,8.31868361511092e-19,-8.55808998907522,0,-0,0,0,-9
18560,6.87485554567761e-14,-1.09362506705181e-13,5.08888749034163e-14,6.83927998132202e-19,-9.34585093712842,0,-0,0,0,-9
18580,7.63333123551244e-14,-1.27222187258541e-13,5.08888749034163e-14,5.62249607066395e-19,-10.152992879998,0,-0,0,0,-10
18600,2.69999550146727e-14,-1.27222187258541e-13,5.08888749034163e-14,4.62218903646381e-19,-10.9768290711779,0,-0,0,0,-11
18620,7.20824198880315e-14,-1.27222187258541e-13,1.01777749806833e-13,3.79983704662188e-19,-11.8144881386622,0,-0,0,0,-12
18640,6.74989725902503e-14,-1.43832284945375e-13,8.41090702770844e-14,3.12386093200898e-19,-12.6629912488864,0,-0,0,0,-13
18660,7.44511436131847e-14,-1.25340018516601e-13,5.46532123872958e-14,2.56789622492528e-19,-13.5192413002965,0,-0,0,0,-14
18680,7.63333123551244e-14,-1.19726028282013e-13,5.08888749034163e-14,2.11093009446155e-19,-14.3801151677069,0,-0,0,0,-14
18700,5.29907465789763e-14,-1.27222187258541e-13,5.50926182545363e-14,1.73526209884176e-19,-15.2424029648828,0,-0,0,0,-15
18720,5.65659704145471e-14,-1.32899282769672e-13,5.08888749034163e-14,1.4264415322962e-19,-16.1028647881494,0,-0,0,0,-16
18740,5.46705400552228e-14,-1.23440522106734e-13,9.42144195032195e-14,1.17251202954688e-19,-16.9582533677292,0,-0,0,0,-17
18760,5.08888749034163e-14,-1.27222187258541e-13,6.45153414140808e-14,9.63794549142736e-20,-17.8053005103675,0,-0,0,0,-18
18780,5.08888749034163e-14,-1.27222187258541e-13,5.08888749034163e-14,7.92215368743246e-20,-18.6407665662677,0,-0,0,0,-19
18800,6.42753376776944e-14,-1.53995112807097e-13,5.08888749034163e-14,6.512018784301e-20,-19.4614146257167,0,-0,0,0,-19
18820,5.84673447458841e-14,-1.45088154867781e-13,5.08888749034163e-14,5.35239210791043e-20,-20.2641318297218,0,-0,0,0,-20
18840,5.70394196421864e-14,-1.33372731997311e-13,6.31899643809566e-14,4.39931408262918e-20,-21.0457626344626,0,-0,0,0,-21
18860,5.62280265898625e-14,-1.12456053179725e-13,5.08888749034163e-14,3.61601147061322e-20,-21.8032605021936,0,-0,0,0,-22
18880,9.93381680695521e-14,-1.27222187258541e-13,5.08888749034163e-14,2.97201074773207e-20,-22.5337266112525,0,-0,0,0,-23
18900,5.08888749034163e-14,-1.24906912445623e-13,5.08888749034163e-14,2.442674450592e-20,-23.2342851791408,0,-0,0,0,-23
18920,6.20638450830054e-14,-1.52666624710249e-13,5.08888749034163e-14,2.00762133781579e-20,-23.9021859767993,0,-0,0,0,-24
18940,5.08888749034163e-14,-1.09704980662041e-13,5.08888749034163e-14,1.65001240030144e-20,-24.5348407423515,0,-0,0,0,-25
18960,7.11495568265373e-14,-1.37352528220101e-13,5.08888749034163e-14,1.35614541118214e-20,-25.1297163158224,0,-0,0,0,-25
18980,7.63333123551244e-14,-1.27222187258541e-13,5.08888749034163e-14,1.11452141148715e-20,-25.6846018272037,0,-0,0,0,-26
19000,7.20260981301543e-14,-1.27222187258541e-13,5.08888749034163e-14,9.15949536538151e-21,-26.1972328577999,0,-0,0,0,-26
19020,6.77466454112506e-14,-1.52351061330336e-13,5.08888749034163e-14,7.52785391444826e-21,-26.6656668879549,0,-0,0,0,-27
19040,5.23564391038513e-14,-1.28689751458976e-13,1.01777749806833e-13,6.18629571985804e-21,-27.0893035121133,0,-0,0,0,-27
19060,5.97054551761539e-14,-1.60477901616482e-13,6.85220354488916e-14,5.08398155641622e-21,-27.4688787140789,0,-0,0,0,-27
19080,7.25419143930382e-14,-1.27222187258541e-13,5.08888749034163e-14,4.17797149731321e-21,-27.8064960672546,0,-0,0,0,-28
19100,5.17464686769297e-14,-1.26364593485027e-13,5.08888749034163e-14,3.43339827545966e-21,-28.1048773132058,0,-0,0,0,-28
19120,6.9432651792842e-14,-1.27222187258541e-13,5.08888749034163e-14,2.82156120669199e-21,-28.3671341871537,0,-0,0,0,-28
19140,7.63333123551244e-14,-8.28099475759886e-14,5.08888749034163e-14,2.31859323774388e-21,-28.5966224718289,0,-0,0,0,-29
19160,5.08888749034163e-14,-1.1220331852722e-13,5.08888749034163e-14,1.90529732277214e-21,-28.7965546471932,0,-0,0,0,-29
19180,6.27206308845282e-14,-1.25441261769056e-13,5.08888749034163e-14,1.56572045940389e-21,-28.9700903443686,0,-0,0,0,-29
19200,6.89880202744093e-14,-1.34567479339256e-13,5.08888749034163e-14,1.28655284139665e-21,-29.1202927901773,0,-0,0,0,-29
19220,6.63547940086125e-14,-1.52666624710249e-13,8.18207131138088e-14,1.05718243658654e-21,-29.2498686997191,0,-0,0,0,-29
19240,5.63277703300476e-14,-9.26499986350185e-14,5.08888749034163e-14,8.686870786884e-22,-29.3613772611562,0,-0,0,0,-29
19260,8.0463855725799e-14,-9.28554858378227e-14,5.08888749034163e-14,7.1381298396596e-22,-29.4570973123891,0,-0,0,0,-29
19280,5.08888749034163e-14,-9.81541916027188e-14,5.08888749034163e-14,5.86528097396519e-22,-29.5391064091614,0,-0,0,0,-30
19300,7.63333123551244e-14,-1.25839964396576e-13,5.08888749034163e-14,4.81925218507578e-22,-29.6092279976217,0,-0,0,0,-30
19320,7.63333123551244e-14,-1.40391747083194e-13,6.40584347280694e-14,3.95982261512804e-22,-29.6690668641884,0,-0,0,0,-30
19340,6.12264399843177e-14,-1.27222187258541e-13,5.08888749034163e-14,3.25373198744292e-22,-29.7200449319308,0,-0,0,0,-30
19360,3.87344469805373e-14,-1.2608660565259e-13,5.08888749034163e-14,2.67332523421197e-22,-29.7634267376061,0,-0,0,0,-30
19380,5.41726838597453e-14,-1.23938378302212e-13,9.52101318941745e-14,2.19647233733763e-22,-29.8002771455787,0,-0,0,0,-30
19400,7.63333123551244e-14,-1.27222187258541e-13,6.84717721942719e-14,1.80466929151055e-22,-29.8315404506794,0,-0,0,0,-30
19420,6.88592921474875e-14,-9.12813527703983e-14,5.08888749034163e-14,1.4827910129915e-22,-29.8580283895868,0,-0,0,0,-30
19440,1.01496569622543e-13,-1.52666624710249e-13,5.08888749034163e-14,1.21822008549282e-22,-29.8804549492062,0,-0,0,0,-30
19460,6.88818872732951e-14,-1.4521519962842e-13,8.6874899643174e-14,1.00088435609259e-22,-29.8994131128226,0,-0,0,0,-30
19480,7.70343151059911e-14,-7.70343151059911e-14,5.08888749034163e-14,8.22308383474795e-23,-29.915426576929,0,-0,0,0,-30
19500,7.63333123551244e-14,-1.27222187258541e-13,5.08888749034163e-14,6.75607905910473e-23,-29.9289378649433,0,-0,0,0,-30
19520,5.71717831636976e-14,-1.27222187258541e-13,5.08888749034163e-14,5.55039474984358e-23,-29.940332393129,0,-0,0,0,-30
19540,5.08888749034163e-14,-1.48946258204481e-13,9.43370167952977e-14,4.55991543043193e-23,-29.9499302245038,0,-0,0,0,-30
19560,7.41879253418967e-14,-1.50521237697021e-13,5.08888749034163e-14,3.74615628107581e-23,-29.9580089754207,0,-0,0,0,-30
19580,5.08888749034163e-14,-1.01777749806833e-13,5.08888749034163e-14,3.0777300125187e-23,-29.9648027649701,0,-0,0,0,-30
19600,5.08888749034163e-14,-1.52666624710249e-13,5.08888749034163e-14,2.52833940576619e-23,-29.9705151335284,0,-0,0,0,-30
19620,5.08888749034163e-14,-1.17766648591062e-13,5.08888749034163e-14,2.07706099782933e-23,-29.9753124754215,0,-0,0,0,-30
19640,7.63333123551244e-14,-1.27222187258541e-13,9.36909992885718e-14,1.7063479327901e-23,-29.9793390648724,0,-0,0,0,-30
19660,7.26049134887824e-14,-1.52666624710249e-13,5.08888749034163e-14,1.40175518534257e-23,-29.9827173277687,0,-0,0,0,-30
19680,1.01230954396428e-13,-1.27222187258541e-13,1.01230954396428e-13,1.15149688566269e-23,-29.9855499772229,0,-0,0,0,-30
19700,6.50507066947614e-14,-1.38504792918904e-13,7.34540862241423e-14,9.45936279531714e-24,-29.9879232698491,0,-0,0,0,-30
19720,6.32256343743373e-14,-1.27222187258541e-13,5.08888749034163e-14,7.77052884465005e-24,-29.9899110628354,0,-0,0,0,-30
19740,7.63333123551244e-14,-1.64098715091055e-13,7.89135690452207e-14,6.38343911850065e-24,-29.9915747024538,0,-0,0,0,-30
19760,6.19378998041886e-14,-1.09480387057441e-13,7.2986924704961e-14,5.24351120257605e-24,-29.9929671361382,0,-0,0,0,-30
19780,7.5254658964219e-14,-1.27222187258541e-13,5.08888749034163e-14,4.30717570871688e-24,-29.9941315221223,0,-0,0,0,-30
19800,6.16553484443411e-14,-1.27222187258541e-13,5.08888749034163e-14,3.53818419302891e-24,-29.9951046548041,0,-0,0,0,-30
19820,5.08888749034163e-14,-1.52666624710249e-13,5.08888749034163e-14,2.90624273032388e-24,-29.9959180654595,0,-0,0,0,-30
19840,6.35331207348552e-14,-1.20822091448406e-13,8.89775581865634e-14,2.38724291971887e-24,-29.9965973223525,0,-0,0,0,-30
19860,9.51795290816458e-14,-1.39470183259875e-13,8.85813083564591e-14,1.96089089936504e-24,-29.9971644665341,0,-0,0,0,-30
19880,7.38338184968518e-14,-1.52666624710249e-13,1.01777749806833e-13,1.6106597475784e-24,-29.997637814848,0,-0,0,0,-30
19900,5.90083746738275e-14,-1.52666624710249e-13,5.08888749034163e-14,1.32302940212698e-24,-29.9980326507041,0,-0,0,0,-30
19920,7.63333123551244e-14,-1.27222187258541e-13,1.01777749806833e-13,1.08667997111217e-24,-29.9983620532549,0,-0,0,0,-30
19940,7.63333123551244e-14,-1.27222187258541e-13,5.08888749034163e-14,8.92560550139836e-25,-29.9986366574401,0,-0,0,0,-30
19960,7.63333123551244e-14,-1.27222187258541e-13,8.06013291652795e-14,7.33144922032687e-25,-29.9988654812129,0,-0,0,0,-30
19980,5.60131560746821e-14,-1.27222187258541e-13,6.11374372459479e-14,6.0214970051822e-25,-29.9990562061971,0,-0,0,0,-30
20000,5.13474484208636e-14,-1.0223632332428e-13,5.08888749034163e-14,4.94574174106803e-25,-29.9992150383203,0,-0,0,0,-30
20020,5.08888749034163e-14,-1.03033798331051e-13,5.08888749034163e-14,4.06207908674968e-25,-29.9992344405444,0,-0,0,0,-30
20040,2.83122571989834e-14,-1.30090007005816e-13,5.08888749034163e-14,3.33636392981352e-25,-29.9980305776878,0,-0,0,0,-30
20060,3.03267834154446e-14,-9.09803502463337e-14,1.11542441734305e-13,2.74025303256682e-25,-29.9930680118601,0,-0,0,0,-30
20080,7.63333123551244e-14,-1.27222187258541e-13,9.59167981971449e-14,2.25055348375718e-25,-29.9808519322446,0,-0,0,0,-30
20100,6.0736510741353e-14,-1.42818988872312e-13,5.08888749034163e-14,1.84839109932506e-25,-29.9573508733215,0,-0,0,0,-30
20120,3.92881912028919e-14,-1.24979117207881e-13,5.08888749034163e-14,1.51813751853874e-25,-29.9183434902379,0,-0,0,0,-30
20140,5.08888749034163e-14,-1.41690492053856e-13,5.08888749034163e-14,1.24678852996394e-25,-29.8597270109771,0,-0,0,0,-30
20160,7.63333123551244e-14,-1.13602626870402e-13,5.08888749034163e-14,1.02395711903421e-25,-29.7775050000235,0,-0,0,0,-30
20180,7.63333123551244e-14,-1.01777749806833e-13,7.73685105289149e-14,8.40944576907744e-26,-29.6680604425994,0,-0,0,0,-30
20200,5.70306532233614e-14,-1.07919528126778e-13,8.94941931669423e-14,6.90659038512422e-26,-29.5281250302884,0,-0,0,0,-30
20220,5.24971184759037e-14,-1.25613943686053e-13,9.85612626618577e-14,5.67195282989773e-26,-29.3549623978772,0,-0,0,0,-29
20240,7.21679798567851e-14,-1.23056854760201e-13,5.08888749034163e-14,4.65805353969841e-26,-29.1461531272763,0,-0,0,0,-29
20260,7.63333123551244e-14,-1.7671352566865e-13,5.08888749034163e-14,3.82537735291161e-26,-28.8997984739893,0,-0,0,0,-29
20280,5.92087474366738e-14,-1.1009762234009e-13,5.08888749034163e-14,3.14165396490355e-26,-28.6143994548421,0,-0,0,0,-29
20300,5.9439654697929e-14,-1.27222187258541e-13,1.01777749806833e-13,2.57993513938424e-26,-28.2890450256887,0,-0,0,0,-28
20320,5.08888749034163e-14,-1.27222187258541e-13,5.08888749034163e-14,2.1186656819449e-26,-27.9230397981558,0,-0,0,0,-28
20340,7.63333123551244e-14,-1.24945750849847e-13,5.08888749034163e-14,1.73987220171683e-26,-27.5161758690852,0,-0,0,0,-28
20360,5.08888749034163e-14,-1.08350871227027e-13,1.01777749806833e-13,1.42884986358766e-26,-27.068584019309,0,-0,0,0,-27
20380,7.63333123551244e-14,-1.30215780512392e-13,5.08888749034163e-14,1.17332194418941e-26,-26.5809026030058,0,-0,0,0,-27
20400,5.08888749034163e-14,-1.14626373646293e-13,7.60805021279119e-14,9.63519535350197e-27,-26.0538483194275,0,-0,0,0,-26
20420,5.36063832255207e-14,-1.29939695580645e-13,5.63238915476251e-14,7.9123285187297e-27,-25.4885942964326,0,-0,0,0,-25
20440,5.08888749034163e-14,-1.57729174417911e-13,6.10139743187398e-14,6.49747551656856e-27,-24.8865737010254,0,-0,0,0,-25
20460,5.25404892348275e-15,-1.29849211720282e-13,9.65237008833498e-14,5.33538008918473e-27,-24.249502265632,0,-0,0,0,-24
20480,7.63333123551244e-14,-1.27222187258541e-13,6.74974634025097e-14,4.38120938663612e-27,-23.579243814262,0,-0,0,0,-24
20500,6.75642469249695e-14,-1.27222187258541e-13,5.08888749034163e-14,3.59762565782828e-27,-22.8779652645365,0,-0,0,0,-23
20520,7.63333123551244e-14,-1.27222187258541e-13,5.08888749034163e-14,2.95430040749245e-27,-22.1479632495014,0,-0,0,0,-22
20540,7.63333123551244e-14,-1.4391195436239e-13,5.08888749034163e-14,2.42580815915453e-27,-21.3918337650626,0,-0,0,0,-21
20560,5.08888749034163e-14,-1.48213488008996e-13,5.08888749034163e-14,1.99188733183392e-27,-20.6121772613163,0,-0,0,0,-21
20580,5.08888749034163e-14,-9.57851491963846e-14,8.97925485859367e-14,1.63563536269315e-27,-19.8118014254418,0,-0,0,0,-20
20600,5.26699177778953e-14,-1.25441144384062e-13,5.08888749034163e-14,1.34301882789302e-27,-18.9936819758416,0,-0,0,0,-19
20620,5.08888749034163e-14,-1.49006165628444e-13,9.44568316432222e-14,1.10275920803192e-27,-18.1608233986825,0,-0,0,0,-18
20640,6.04897657493485e-14,-1.43065733864317e-13,8.2575968114968e-14,9.05481596723556e-28,-17.3163549695915,0,-0,0,0,-17
20660,7.63333123551244e-14,-1.27222187258541e-13,5.08888749034163e-14,7.43483524426414e-28,-16.4634765070718,0,-0,0,0,-16
20680,8.57395292400678e-14,-1.11183966691776e-13,5.08888749034163e-14,6.10491475468084e-28,-15.6054330418153,0,-0,0,0,-16
20700,7.63333123551244e-14,-1.52666624710249e-13,1.01777749806833e-13,5.01249586408908e-28,-14.7455203755608,0,-0,0,0,-15
20720,5.49552682548616e-14,-1.09910536509723e-13,5.08888749034163e-14,4.11559511010001e-28,-13.8870424843079,0,-0,0,0,-14
20740,5.08888749034163e-14,-1.20424069209856e-13,5.08888749034163e-14,3.3793238314836e-28,-13.0333290710045,0,-0,0,0,-13
20760,7.35207805543822e-14,-1.52666624710249e-13,5.08888749034163e-14,2.77453105000187e-28,-12.187666227935,0,-0,0,0,-12
20780,8.10127012407877e-14,-1.27222187258541e-13,5.08888749034163e-14,2.27805799267969e-28,-11.3533678192764,0,-0,0,0,-11
20800,7.4312346356307e-14,-1.27222187258541e-13,5.08888749034163e-14,1.87038234100777e-28,-10.5336696509889,0,-0,0,0,-11
20820,7.46913931866069e-14,-1.05061588143868e-13,5.08888749034163e-14,1.53567769176358e-28,-9.73178521711711,0,-0,0,0,-10
20840,5.70003621353486e-14,-1.27222187258541e-13,5.08888749034163e-14,1.26087599521353e-28,-8.95085242522847,0,-0,0,0,-9
20860,7.12656234220605e-14,-1.52666624710249e-13,9.16423719407048e-14,1.03519159115696e-28,-8.19388882702817,0,-0,0,0,-8
20880,7.68365737272131e-14,-1.3969277529835e-13,5.08888749034163e-14,8.49914504879547e-29,-7.46390402917113,0,-0,0,0,-7
20900,6.34822334836831e-14,-1.27222187258541e-13,5.08888749034163e-14,6.97822168007682e-29,-6.76378362179184,0,-0,0,0,-7
20920,5.08888749034163e-14,-1.10459300454806e-13,5.08888749034163e-14,5.7289997519094e-29,-6.09617980016365,0,-0,0,0,-6
20940,7.63333123551244e-14,-1.44177071217842e-13,8.47986428220179e-14,4.70352117210914e-29,-5.46380241032282,0,-0,0,0,-5
20960,7.63333123551244e-14,-1.62327682126066e-13,1.01777749806833e-13,3.86155620496708e-29,-4.86910665266033,0,-0,0,0,-5
20980,7.63333123551244e-14,-1.42959984255849e-13,5.08888749034163e-14,3.17038709829096e-29,-4.31446954893315,0,-0,0,0,-4
21000,3.12527718954087e-14,-1.27222187258541e-13,5.08888749034163e-14,2.60281562828035e-29,-3.80200135521777,0,-0,0,0,-4
21020,7.63333123551244e-14,-1.52666624710249e-13,1.01777749806833e-13,2.13681965824535e-29,-3.33363280854527,0,-0,0,0,-3
21040,5.56970081717324e-14,-1.17605920721908e-13,5.08888749034163e-14,1.75427788210734e-29,-2.91015538517534,0,-0,0,0,-3
21060,6.0535409988653e-14,-1.01777749806833e-13,5.08888749034163e-14,1.44026194162649e-29,-2.53070694930249,0,-0,0,0,-3
21080,6.53838867538405e-14,-1.16272761657257e-13,5.08888749034163e-14,1.18236331703153e-29,-2.19313895143044,0,-0,0,0,-2
21100,5.08888749034163e-14,-1.27222187258541e-13,5.08888749034163e-14,9.70656547192518e-30,-1.8948088086507,0,-0,0,0,-2
21120,7.63333123551244e-14,-1.21665134644177e-13,5.08888749034163e-14,7.9685941170275e-30,-1.6325787265858,0,-0,0,0,-2
21140,5.89941236298185e-14,-1.27222187258541e-13,8.55672523540281e-14,6.54200781788616e-30,-1.40318509902939,0,-0,0,0,-1
21160,7.57218726121887e-14,-1.03000629292704e-13,5.08888749034163e-14,5.37036430601891e-30,-1.20326337638114,0,-0,0,0,-1
21180,7.63333123551244e-14,-1.52666624710249e-13,6.91907054335959e-14,4.40872182257547e-30,-1.02973752252089,0,-0,0,0,-1
21200,7.49632298285467e-14,-1.27222187258541e-13,5.08888749034163e-14,3.61924175406028e-30,-0.879583236592875,0,-0,0,0,-1
21220,6.99500711533342e-14,-1.46283383508459e-13,8.90112674032521e-14,2.97118167123344e-30,-0.750040688674729,0,-0,0,0,-1
21240,5.08888749034163e-14,-1.27222187258541e-13,5.08888749034163e-14,2.43901934387222e-30,-0.63854078371671,0,-0,0,0,-1
21260,6.12863661119634e-14,-1.27222187258541e-13,5.08888749034163e-14,2.00220301117923e-30,-0.542825595274148,0,-0,0,0,-1
21280,7.20832534141845e-14,-1.27222187258541e-13,6.78891106671758e-14,1.64360649759348e-30,-0.460829169216437,0,-0,0,0,-0
21300,6.22585156696919e-14,-1.27222187258541e-13,5.08888749034163e-14,1.34928990845889e-30,-0.390735615458079,0,-0,0,0,-0
21320,5.08888749034163e-14,-8.91415849686542e-14,5.08888749034163e-14,1.10758036139301e-30,-0.330894510774936,0,-0,0,0,-0
21340,5.08888749034163e-14,-1.27222187258541e-13,5.08888749034163e-14,9.09190997349248e-31,-0.279914259552779,0,-0,0,0,-0
21360,5.55517155802868e-14,-1.27222187258541e-13,5.08888749034163e-14,7.46352468876248e-31,-0.236548119401591,0,-0,0,0,-0
21380,7.63333123551244e-14,-1.27222187258541e-13,9.55897119567968e-14,6.12655871034541e-31,-0.199702220538949,0,-0,0,0,-0
21400,7.63333123551244e-14,-1.29198433826334e-13,5.28651214712097e-14,5.02900326447706e-31,-0.168440436916268,0,-0,0,0,-0
21420,7.6365081403618e-14,-1.27222187258541e-13,5.08888749034163e-14,4.12814922834209e-31,-0.141952842841261,0,-0,0,0,-0
21440,6.10700031325313e-14,-1.42485496481134e-13,5.08888749034163e-14,3.38860259741961e-31,-0.119532282673073,0,-0,0,0,-0
21460,5.08888749034163e-14,-9.79351089536178e-14,8.01759532083391e-14,2.78165538165924e-31,-0.10057918170545,0,-0,0,0,-0
21480,6.42097263648396e-14,-1.26024921787402e-13,5.08888749034163e-14,2.28323997805393e-31,-0.0845651919875059,0,-0,0,0,-0
21500,5.08888749034163e-14,-1.27222187258541e-13,5.08888749034163e-14,1.87414801014407e-31,-0.0710527624250896,0,-0,0,0,-0
21520,6.8411938410821e-14,-1.36823876821642e-13,5.08888749034163e-14,1.53842779910796e-31,-0.0596628905880367,0,-0,0,0,-0
21540,7.60771226656655e-14,-1.01777749806833e-13,5.08888749034163e-14,1.26273651406359e-31,-0.05006458529269,0,-0,0,0,-0
21560,5.08888749034163e-14,-9.90543951477443e-14,8.66303612784193e-14,1.03649410596147e-31,-0.0419871299653655,0,-0,0,0,-0
21580,7.11357200888565e-14,-1.47469032443981e-13,5.08888749034163e-14,8.50770607376217e-32,-0.0351926696554659,0,-0,0,0,-0
21600,5.11366121629336e-14,-1.0202548706635e-13,5.08888749034163e-14,6.98321234211932e-32,-0.0294818183469834,0,-0,0,0,-0
21620,5.83995785857646e-14,-1.09288453489181e-13,5.08888749034163e-14,5.73209176021719e-32,-0.0246857995148671,0,-0,0,0,-0
21640,7.63333123551244e-14,-1.55409622892518e-13,6.60231677497088e-14,4.70479397149609e-32,-0.020658770590889,0,-0,0,0,-0
21660,5.97571635506485e-14,-1.44958764553005e-13,5.08888749034163e-14,3.86166052174224e-32,-0.0172808177612105,0,-0,0,0,-0
21680,3.6653874428363e-14,-1.38431624235195e-13,1.01777749806833e-13,3.16974905767025e-32,-0.0144492243011467,0,-0,0,0,-0
21700,5.70866112624143e-14,-1.01777749806833e-13,5.08888749034163e-14,2.60159664202423e-32,-0.0120756415174626,0,-0,0,0,-0
21720,6.50672066903037e-14,-1.27222187258541e-13,5.08888749034163e-14,2.13534584131451e-32,-0.0100880819546565,0,-0,0,0,-0
21740,7.29846229572199e-14,-1.4596924591444e-13,5.08888749034163e-14,1.75262630035598e-32,-0.00842423038058554,0,-0,0,0,-0
21760,5.08888749034163e-14,-1.23730728592062e-13,5.08888749034163e-14,1.43853604514184e-32,-0.00703228145593268,0,-0,0,0,-0
21780,7.63333123551244e-14,-1.48408587617515e-13,5.08888749034163e-14,1.18070720427735e-32,-0.00586808269278304,0,-0,0,0,-0
21800,7.45230107899927e-14,-1.52666624710249e-13,9.81571466765691e-14,9.69057991845904e-33,-0.00489477499168603,0,-0,0,0,-0
21820,5.91591092725745e-14,-1.27222187258541e-13,5.08888749034163e-14,7.95362795449888e-33,-0.0040815925296377,0,-0,0,0,-0
21840,6.53323348649509e-14,-1.09336244825645e-13,7.28908298837634e-14,6.52821592014863e-33,-0.00340249326226098,0,-0,0,0,-0
21860,7.63333123551244e-14,-1.1387137254401e-13,5.08888749034163e-14,5.35784188606158e-33,-0.00283531012554593,0,-0,0,0,-0
21880,7.16482499028787e-14,-1.17852062354049e-13,6.02589998079076e-14,4.39737239424046e-33,-0.00236199799179273,0,-0,0,0,-0
21900,5.08888749034163e-14,-1.12966686727075e-13,5.08888749034163e-14,3.60907597314714e-33,-0.00196712290574997,0,-0,0,0,-0
21920,5.76379925758029e-14,-1.59415742382635e-13,8.82795144620593e-14,2.96218128734674e-33,-0.00163784297149891,0,-0,0,0,-0
21940,5.08888749034163e-14,-1.27222187258541e-13,5.08888749034163e-14,2.43107027272288e-33,-0.00136323137254772,0,-0,0,0,-0
21960,7.05906930215477e-14,-1.5514058482765e-13,5.08888749034163e-14,1.99522967999851e-33,-0.00113438591014392,0,-0,0,0,-0
21980,5.09423782712653e-14,-1.526131213424e-13,5.08888749034163e-14,1.63751232363308e-33,-0.000943709739830038,0,-0,0,0,-0
22000,7.63333123551244e-14,-1.27222187258541e-13,5.08888749034163e-14,1.34392661253598e-33,-0.000784889518280312,0,-0,0,0,-0
