time_ms,roll_deg,pitch_deg,yaw_deg,gx_dps,gy_dps,gz_dps,ax_g,ay_g,az_g
22,3.29,-4.47,-0.03,0.000,0.000,0.000,-0.0028,0.0886,0.9905
42,3.44,-4.12,-0.03,0.000,0.000,0.000,-0.0753,0.1161,0.9689
62,3.63,-3.63,-0.03,-0.209,0.000,0.000,-0.1376,0.1396,0.9525
82,3.87,-3.03,-0.03,0.000,0.000,0.000,-0.1899,0.1601,0.9370
102,4.15,-2.35,-0.03,0.000,0.000,0.000,-0.2346,0.1768,0.9243
122,4.45,-1.60,-0.03,0.000,0.000,0.000,-0.2728,0.1906,0.9131
142,4.79,-0.81,-0.03,0.264,0.000,0.000,-0.3049,0.2032,0.9043
162,5.13,0.01,-0.03,0.000,0.000,0.000,-0.3316,0.2136,0.8969
182,5.49,0.86,-0.03,0.000,0.000,0.000,-0.3543,0.2229,0.8916
202,5.85,1.71,-0.03,0.000,0.000,0.293,-0.3736,0.2309,0.8858
222,6.22,2.57,-0.03,0.000,0.000,0.000,-0.3909,0.2382,0.8811
242,6.59,3.43,-0.03,0.000,0.000,-0.409,-0.4057,0.2428,0.8768
262,6.97,4.28,-0.03,0.302,0.000,0.000,-0.4179,0.2472,0.8726
282,7.34,5.12,-0.04,0.211,0.000,-0.424,-0.4284,0.2510,0.8700
302,7.70,5.95,-0.04,0.000,0.000,0.000,-0.4372,0.2549,0.8685
322,8.05,6.76,-0.04,0.000,0.000,0.000,-0.4445,0.2576,0.8663
342,8.40,7.55,-0.04,0.000,0.000,0.000,-0.4508,0.2599,0.8644
362,8.74,8.32,-0.05,0.000,0.000,-0.211,-0.4564,0.2614,0.8629
382,9.07,9.07,-0.05,0.000,0.000,0.000,-0.4609,0.2629,0.8619
402,9.39,9.80,-0.05,0.000,0.000,-0.256,-0.4645,0.2645,0.8616
422,9.70,10.50,-0.05,0.203,0.000,0.000,-0.4675,0.2659,0.8601
442,10.01,11.19,-0.05,0.000,0.000,0.000,-0.4703,0.2670,0.8590
462,10.30,11.85,-0.05,0.000,0.000,0.000,-0.4729,0.2677,0.8581
482,10.58,12.49,-0.05,-0.240,0.000,0.232,-0.4749,0.2682,0.8570
502,10.85,13.11,-0.05,0.000,0.000,0.000,-0.4771,0.2681,0.8571
522,11.11,13.71,-0.05,0.000,-0.201,0.000,-0.4786,0.2687,0.8568
542,11.36,14.29,-0.05,-0.217,0.364,0.000,-0.4796,0.2687,0.8561
562,11.60,14.85,-0.05,0.000,0.000,0.000,-0.4806,0.2690,0.8553
582,11.84,15.38,-0.05,0.000,0.000,0.000,-0.4818,0.2701,0.8546
602,12.07,15.90,-0.05,0.000,0.000,0.000,-0.4830,0.2706,0.8531
622,12.29,16.40,-0.05,0.000,0.000,0.000,-0.4844,0.2708,0.8531
642,12.51,16.89,-0.05,0.000,0.234,0.000,-0.4852,0.2705,0.8531
662,12.71,17.35,-0.05,0.000,0.000,0.000,-0.4853,0.2714,0.8528
682,12.91,17.80,-0.05,0.000,0.000,0.000,-0.4858,0.2719,0.8529
702,13.10,18.23,-0.05,0.000,0.000,0.000,-0.4862,0.2724,0.8527
722,13.29,18.64,-0.05,0.000,0.000,0.000,-0.4870,0.2723,0.8533
742,13.46,19.04,-0.05,0.000,0.000,0.000,-0.4873,0.2721,0.8527
762,13.63,19.42,-0.05,0.000,0.000,0.000,-0.4867,0.2727,0.8524
782,13.80,19.78,-0.05,0.000,0.000,0.000,-0.4869,0.2723,0.8523
802,13.96,20.13,-0.05,0.000,0.000,0.000,-0.4871,0.2726,0.8519
822,14.11,20.47,-0.05,0.000,0.000,0.000,-0.4871,0.2726,0.8523
842,14.25,20.80,-0.05,0.000,0.000,0.000,-0.4875,0.2722,0.8515
862,14.39,21.11,-0.05,0.000,0.000,0.000,-0.4876,0.2720,0.8535
882,14.52,21.41,-0.04,0.000,0.000,0.202,-0.4877,0.2718,0.8529
902,14.65,21.69,-0.04,0.000,0.000,0.000,-0.4878,0.2724,0.8538
922,14.77,21.97,-0.04,0.280,0.204,0.392,-0.4882,0.2724,0.8527
942,14.89,22.24,-0.04,0.000,0.000,0.000,-0.4879,0.2731,0.8525
962,15.01,22.49,-0.04,0.000,0.000,0.000,-0.4883,0.2733,0.8529
982,15.12,22.74,-0.04,0.000,0.000,0.000,-0.4879,0.2729,0.8524
1002,15.22,22.97,-0.04,0.000,0.000,0.000,-0.4880,0.2729,0.8527
1022,15.32,23.19,-0.04,0.000,-0.384,0.000,-0.4883,0.2727,0.8518
1042,15.42,23.40,-0.04,0.000,0.000,0.000,-0.4880,0.2728,0.8528
1062,15.51,23.61,-0.04,0.000,0.000,0.000,-0.4885,0.2727,0.8520
1082,15.60,23.81,-0.04,0.000,0.000,0.000,-0.4883,0.2726,0.8527
1102,15.69,24.01,-0.04,0.000,0.000,0.000,-0.4884,0.2722,0.8530
1122,15.77,24.19,-0.04,0.000,0.000,0.000,-0.4881,0.2724,0.8528
1142,15.84,24.37,-0.04,0.000,0.000,0.000,-0.4881,0.2720,0.8534
1162,15.92,24.53,-0.04,0.000,-0.224,0.000,-0.4886,0.2722,0.8532
1182,15.99,24.69,-0.04,0.000,0.000,0.000,-0.4885,0.2726,0.8542
1202,16.06,24.85,-0.04,0.000,0.000,0.000,-0.4881,0.2723,0.8531
1222,16.12,25.00,-0.04,0.000,0.000,0.000,-0.4881,0.2717,0.8533
1242,16.18,25.14,-0.04,0.000,-0.209,0.000,-0.4875,0.2719,0.8534
1262,16.24,25.27,-0.04,0.000,0.000,0.000,-0.4876,0.2717,0.8538
1282,16.30,25.41,-0.04,0.000,0.000,0.000,-0.4876,0.2719,0.8537
1302,16.36,25.53,-0.04,0.000,0.000,0.000,-0.4874,0.2723,0.8533
1322,16.41,25.65,-0.04,0.000,0.000,0.000,-0.4876,0.2722,0.8532
1342,16.46,25.77,-0.04,0.000,0.000,-0.295,-0.4874,0.2724,0.8538
1362,16.51,25.88,-0.04,0.000,0.000,0.202,-0.4881,0.2720,0.8537
1382,16.56,25.99,-0.04,0.000,0.000,0.000,-0.4878,0.2718,0.8538
1402,16.60,26.09,-0.04,0.000,0.249,0.000,-0.4876,0.2722,0.8547
1422,16.65,26.19,-0.04,0.241,0.000,0.000,-0.4875,0.2722,0.8535
1442,16.69,26.29,-0.04,0.000,0.000,0.000,-0.4874,0.2726,0.8530
1462,16.73,26.38,-0.04,0.000,0.000,0.000,-0.4875,0.2720,0.8525
1482,16.77,26.46,-0.04,-0.270,-0.384,0.000,-0.4876,0.2725,0.8526
1502,16.80,26.54,-0.04,-0.201,0.000,0.000,-0.4877,0.2724,0.8533
1522,16.84,26.63,-0.04,0.000,0.000,-0.203,-0.4878,0.2721,0.8532
1542,16.87,26.70,-0.03,0.000,0.000,0.377,-0.4876,0.2721,0.8533
1562,16.90,26.78,-0.03,0.000,0.000,0.000,-0.4874,0.2728,0.8542
1582,16.94,26.85,-0.03,0.000,0.000,0.202,-0.4871,0.2734,0.8543
1602,16.97,26.91,-0.03,0.000,0.000,0.000,-0.4873,0.2733,0.8532
1622,17.00,26.98,-0.03,0.000,0.000,0.000,-0.4879,0.2734,0.8544
1642,17.03,27.04,-0.03,0.000,0.000,0.247,-0.4869,0.2733,0.8540
1662,17.06,27.10,-0.03,0.000,0.000,0.000,-0.4872,0.2735,0.8532
1682,17.09,27.16,-0.03,0.000,0.000,0.000,-0.4874,0.2735,0.8539
1702,17.12,27.21,-0.03,0.000,0.000,0.000,-0.4875,0.2736,0.8539
1722,17.14,27.26,-0.03,0.000,0.000,0.000,-0.4874,0.2733,0.8535
1742,17.16,27.32,-0.03,0.000,0.000,0.000,-0.4873,0.2726,0.8526
1762,17.19,27.37,-0.03,0.000,0.000,0.000,-0.4874,0.2728,0.8529
1782,17.21,27.41,-0.03,0.000,0.000,0.000,-0.4873,0.2729,0.8525
1802,17.22,27.46,-0.02,-0.278,-0.232,0.377,-0.4876,0.2723,0.8533
1822,17.24,27.50,-0.02,0.000,0.000,0.000,-0.4881,0.2728,0.8529
1842,17.26,27.55,-0.02,0.000,0.000,0.000,-0.4883,0.2718,0.8526
1862,17.28,27.59,-0.02,0.000,0.000,0.000,-0.4886,0.2720,0.8524
1882,17.30,27.63,-0.02,0.000,0.000,0.000,-0.4884,0.2726,0.8522
1902,17.32,27.67,-0.02,0.000,0.000,0.000,-0.4875,0.2728,0.8528
1922,17.33,27.70,-0.02,0.000,0.000,0.000,-0.4876,0.2733,0.8535
1942,17.35,27.73,-0.02,0.000,-0.201,0.000,-0.4874,0.2728,0.8530
1962,17.36,27.77,-0.02,0.000,0.000,0.000,-0.4872,0.2726,0.8536
1982,17.38,27.80,-0.02,0.000,0.000,0.000,-0.4867,0.2726,0.8534
2002,17.39,27.82,-0.02,0.000,0.000,0.000,-0.4861,0.2721,0.8530
2022,17.40,27.85,-0.02,0.000,0.000,0.000,-0.4862,0.2730,0.8539
2042,17.42,27.87,-0.02,0.000,0.000,0.000,-0.4861,0.2730,0.8537
2062,17.44,27.89,-0.02,0.287,-0.209,0.000,-0.4862,0.2732,0.8543
2082,17.45,27.92,-0.02,0.000,0.000,0.000,-0.4867,0.2730,0.8538
2102,17.46,27.94,-0.02,0.000,0.000,0.000,-0.4862,0.2728,0.8534
2122,17.47,27.96,-0.02,0.000,0.000,0.000,-0.4864,0.2727,0.8532
2142,17.48,27.98,-0.02,0.000,0.000,-0.340,-0.4862,0.2731,0.8533
2162,17.49,28.00,-0.03,0.000,0.000,-0.310,-0.4861,0.2738,0.8535
2182,17.51,28.02,-0.03,0.409,0.000,0.000,-0.4862,0.2731,0.8527
2202,17.52,28.04,-0.03,0.000,0.000,0.000,-0.4866,0.2727,0.8521
2222,17.53,28.07,-0.03,0.000,0.000,0.000,-0.4869,0.2724,0.8517
2242,17.54,28.09,-0.03,0.000,0.000,0.000,-0.4867,0.2723,0.8518
2262,17.55,28.10,-0.04,0.000,0.000,-0.340,-0.4867,0.2726,0.8512
2282,17.55,28.12,-0.04,-0.369,0.000,0.000,-0.4869,0.2733,0.8515
2302,17.56,28.14,-0.04,0.000,0.000,0.000,-0.4862,0.2730,0.8519
2322,17.56,28.15,-0.04,0.000,0.000,0.000,-0.4865,0.2727,0.8521
2342,17.57,28.17,-0.04,0.000,0.000,0.000,-0.4869,0.2724,0.8525
2362,17.58,28.19,-0.04,0.000,0.226,-0.295,-0.4865,0.2717,0.8527
2382,17.58,28.20,-0.04,0.000,0.000,0.209,-0.4860,0.2725,0.8522
2402,17.59,28.21,-0.04,0.000,0.000,0.000,-0.4862,0.2722,0.8527
2422,17.59,28.23,-0.04,0.000,0.000,0.000,-0.4860,0.2723,0.8528
2442,17.59,28.24,-0.04,-0.323,0.000,0.000,-0.4859,0.2719,0.8533
2462,17.59,28.25,-0.04,0.000,0.000,0.000,-0.4860,0.2717,0.8532
2482,17.60,28.26,-0.04,0.241,0.000,0.000,-0.4862,0.2713,0.8532
2502,17.60,28.27,-0.04,0.000,0.000,0.000,-0.4867,0.2714,0.8529
2522,17.60,28.28,-0.04,0.000,0.000,0.000,-0.4870,0.2713,0.8535
2542,17.60,28.29,-0.05,0.000,0.000,-0.348,-0.4871,0.2718,0.8540
2562,17.61,28.30,-0.05,0.000,0.000,0.000,-0.4874,0.2719,0.8540
2582,17.61,28.31,-0.05,0.000,0.000,0.000,-0.4873,0.2721,0.8529
2602,17.61,28.32,-0.05,0.000,-0.262,0.000,-0.4878,0.2718,0.8527
2622,17.61,28.32,-0.05,0.000,0.000,0.000,-0.4873,0.2719,0.8535
2642,17.61,28.33,-0.05,-0.232,0.000,0.000,-0.4873,0.2719,0.8533
2662,17.62,28.34,-0.05,0.348,0.000,0.000,-0.4874,0.2718,0.8534
2682,17.63,28.35,-0.05,0.000,0.000,-0.218,-0.4873,0.2724,0.8526
2702,17.63,28.36,-0.05,0.000,0.000,0.000,-0.4869,0.2725,0.8527
2722,17.63,28.37,-0.05,0.000,0.000,0.000,-0.4871,0.2727,0.8516
2742,17.64,28.37,-0.05,0.000,0.000,0.217,-0.4868,0.2727,0.8522
2762,17.64,28.38,-0.05,0.000,0.000,0.000,-0.4871,0.2732,0.8519
2782,17.65,28.39,-0.05,0.000,0.000,0.000,-0.4871,0.2730,0.8518
2802,17.65,28.40,-0.05,0.000,0.000,0.000,-0.4869,0.2726,0.8527
2822,17.66,28.41,-0.05,0.211,0.211,0.000,-0.4872,0.2723,0.8529
2842,17.66,28.41,-0.05,0.000,-0.277,0.000,-0.4869,0.2727,0.8528
2862,17.66,28.41,-0.05,0.000,0.000,0.000,-0.4871,0.2729,0.8534
2882,17.67,28.42,-0.04,0.000,0.000,0.240,-0.4871,0.2727,0.8525
2902,17.66,28.42,-0.04,-0.301,0.000,0.000,-0.4869,0.2730,0.8529
2922,17.67,28.43,-0.04,0.000,0.000,0.000,-0.4874,0.2730,0.8523
2942,17.68,28.43,-0.05,0.272,-0.216,-0.348,-0.4878,0.2726,0.8525
2962,17.68,28.44,-0.05,0.000,0.000,0.000,-0.4879,0.2726,0.8528
2982,17.69,28.44,-0.05,0.302,0.000,0.000,-0.4877,0.2727,0.8527
3002,17.69,28.45,-0.05,0.211,0.272,0.000,-0.4878,0.2728,0.8533
3022,17.69,28.46,-0.04,0.000,0.204,0.263,-0.4879,0.2725,0.8533
3042,17.69,28.47,-0.04,0.000,0.000,0.000,-0.4880,0.2723,0.8533
3062,17.69,28.47,-0.04,0.000,0.000,0.000,-0.4884,0.2722,0.8530
3082,17.69,28.48,-0.04,0.000,0.000,0.000,-0.4887,0.2723,0.8539
3102,17.69,28.48,-0.04,0.000,0.000,0.000,-0.4882,0.2721,0.8534
3122,17.69,28.48,-0.04,0.000,-0.300,0.000,-0.4878,0.2712,0.8531
3142,17.69,28.48,-0.04,0.000,0.000,0.000,-0.4874,0.2715,0.8528
3162,17.69,28.49,-0.04,0.000,0.000,0.000,-0.4877,0.2715,0.8531
3182,17.69,28.49,-0.04,0.000,0.000,0.000,-0.4877,0.2716,0.8530
3202,17.69,28.49,-0.04,0.000,0.000,0.000,-0.4875,0.2718,0.8537
3222,17.68,28.49,-0.04,-0.209,-0.224,0.000,-0.4872,0.2715,0.8540
3242,17.68,28.49,-0.04,0.000,0.000,0.000,-0.4867,0.2711,0.8543
3262,17.67,28.49,-0.04,0.000,0.000,0.202,-0.4868,0.2713,0.8543
3282,17.67,28.49,-0.04,0.000,0.000,0.000,-0.4869,0.2718,0.8531
3302,17.68,28.50,-0.04,0.249,0.242,0.000,-0.4869,0.2724,0.8532
3322,17.68,28.51,-0.04,0.000,0.249,0.000,-0.4874,0.2725,0.8531
3342,17.68,28.51,-0.04,0.000,0.000,0.000,-0.4873,0.2724,0.8537
3362,17.68,28.51,-0.03,0.000,0.204,0.247,-0.4875,0.2726,0.8537
3382,17.68,28.51,-0.03,0.000,0.000,0.000,-0.4872,0.2722,0.8536
3402,17.68,28.51,-0.03,0.000,0.000,0.000,-0.4873,0.2725,0.8550
3422,17.68,28.52,-0.03,0.000,0.000,0.000,-0.4876,0.2718,0.8542
3442,17.68,28.52,-0.03,0.000,0.000,0.000,-0.4875,0.2715,0.8546
3462,17.68,28.52,-0.03,0.000,0.000,0.000,-0.4879,0.2723,0.8548
3482,17.68,28.52,-0.03,0.000,0.000,0.000,-0.4880,0.2718,0.8543
3502,17.68,28.52,-0.03,0.000,0.000,0.000,-0.4879,0.2723,0.8545
3522,17.68,28.52,-0.03,0.000,0.000,0.000,-0.4872,0.2725,0.8548
3542,17.68,28.52,-0.03,0.000,0.000,0.000,-0.4872,0.2723,0.8550
3562,17.67,28.52,-0.03,-0.209,0.000,0.000,-0.4872,0.2726,0.8548
3582,17.67,28.52,-0.03,0.000,0.000,0.000,-0.4876,0.2720,0.8545
3602,17.67,28.52,-0.03,0.000,0.000,0.000,-0.4873,0.2723,0.8553
3622,17.67,28.52,-0.03,0.000,0.000,0.000,-0.4874,0.2722,0.8548
3642,17.68,28.52,-0.03,0.000,0.000,0.000,-0.4872,0.2735,0.8546
3662,17.68,28.52,-0.03,0.000,0.226,0.209,-0.4873,0.2733,0.8538
3682,17.68,28.52,-0.03,0.000,-0.270,0.000,-0.4868,0.2729,0.8544
3702,17.68,28.51,-0.03,0.000,0.000,0.000,-0.4866,0.2730,0.8542
3722,17.68,28.51,-0.03,0.000,0.000,-0.203,-0.4872,0.2725,0.8535
3742,17.66,28.50,0.05,-0.461,-0.254,4.247,-0.4819,0.2683,0.8571
3762,17.59,28.37,0.32,-3.530,-1.125,13.392,-0.4412,0.2728,0.8666
3782,17.42,28.29,0.66,-6.140,2.967,16.873,-0.4193,0.2533,0.8651
3802,17.20,28.24,1.07,-9.820,5.738,20.820,-0.4048,0.2610,0.8656
3822,16.90,28.23,1.61,-15.537,8.822,26.667,-0.3985,0.2643,0.8637
3842,16.51,28.27,2.13,-21.224,11.257,26.331,-0.4017,0.2705,0.8685
3862,16.05,28.36,2.82,-26.583,13.646,34.545,-0.4052,0.2763,0.8638
3882,15.58,28.46,3.48,-28.102,12.608,33.049,-0.4178,0.2772,0.8626
3902,15.08,28.55,4.18,-29.087,11.326,34.652,-0.4263,0.2657,0.8625
3922,14.57,28.60,4.92,-30.675,8.112,37.194,-0.4394,0.2645,0.8632
3942,14.03,28.61,5.78,-32.659,5.959,42.828,-0.4399,0.2585,0.8646
3962,13.48,28.62,6.67,-34.224,4.578,44.690,-0.4548,0.2620,0.8704
3982,12.80,28.65,7.37,-40.934,6.142,34.973,-0.4627,0.2583,0.8895
4002,11.94,28.61,8.43,-50.575,1.860,53.003,-0.4608,0.2480,0.8842
4022,11.05,28.53,9.40,-56.003,-0.407,48.385,-0.4690,0.2630,0.8918
4042,10.05,28.35,10.35,-65.575,-5.766,47.331,-0.4685,0.2809,0.8806
4062,8.92,28.13,11.34,-72.850,-11.995,49.820,-0.4937,0.2588,0.8716
4082,7.79,27.62,12.26,-75.209,-27.346,45.835,-0.5031,0.2685,0.8826
4102,6.67,26.90,12.98,-73.232,-40.842,36.057,-0.5104,0.2337,0.8813
4122,5.74,25.79,13.87,-68.423,-60.025,44.629,-0.5012,0.2643,0.9099
4142,4.79,24.38,14.57,-69.148,-76.003,34.767,-0.4870,0.2511,0.9232
4162,3.90,22.65,15.37,-61.804,-94.041,40.217,-0.4699,0.2035,0.9308
4182,3.24,20.81,16.08,-52.117,-105.293,35.629,-0.4909,0.2036,0.9287
4202,2.53,18.80,16.67,-54.011,-114.468,29.278,-0.4529,0.1892,0.9289
4222,1.83,16.89,17.13,-52.217,-113.331,23.186,-0.4506,0.1639,0.9330
4242,1.15,14.98,17.70,-50.690,-112.751,28.324,-0.4056,0.1495,0.9285
4262,0.51,13.25,18.33,-49.995,-102.461,31.721,-0.3615,0.1510,0.9434
4282,-0.06,11.68,18.70,-44.636,-93.690,18.270,-0.3336,0.1326,0.9586
4302,-0.51,10.35,19.29,-36.545,-80.789,29.515,-0.2929,0.1008,0.9453
4322,-0.84,9.23,19.83,-29.377,-66.964,27.003,-0.2526,0.0903,0.9643
4342,-0.98,8.38,20.30,-18.087,-50.789,23.392,-0.2119,0.0741,0.9629
4362,-0.89,7.78,20.82,-5.064,-34.850,25.851,-0.1710,0.0626,0.9600
4382,-0.68,7.55,21.23,4.501,-16.980,20.805,-0.1723,0.0376,0.9609
4402,-0.31,7.51,21.49,13.669,-3.048,13.018,-0.1357,0.0339,0.9624
4422,0.18,7.62,21.97,19.623,6.814,23.812,-0.1150,0.0397,0.9509
4442,0.72,7.88,22.36,23.906,16.707,19.469,-0.1070,0.0363,0.9651
4462,1.29,8.25,22.61,26.822,23.753,12.583,-0.0969,0.0384,0.9759
4482,1.84,8.66,22.88,26.043,27.600,13.438,-0.0893,0.0411,0.9752
4502,2.35,9.07,23.16,25.440,29.211,13.980,-0.0830,0.0432,0.9897
4522,2.80,9.46,23.19,23.058,28.387,1.759,-0.0916,0.0455,1.0095
4542,3.19,9.75,23.23,20.531,24.639,1.820,-0.0892,0.0476,1.0038
4562,3.51,9.99,23.37,16.203,20.501,6.828,-0.1033,0.0579,1.0077
4582,3.69,10.19,23.38,9.898,15.425,0.667,-0.1342,0.0592,1.0061
4602,3.80,10.30,23.34,5.593,10.684,-2.149,-0.1355,0.0640,1.0055
4622,3.83,10.35,23.34,0.000,7.898,0.255,-0.1401,0.0786,1.0037
4642,3.77,10.44,23.23,-3.972,9.280,-5.684,-0.1441,0.0751,1.0144
4662,3.60,10.56,23.05,-8.644,12.112,-9.027,-0.1381,0.0687,1.0191
4682,3.42,10.86,22.75,-10.698,20.990,-14.684,-0.1425,0.0716,1.0197
4702,3.24,11.21,22.50,-10.133,26.410,-12.920,-0.1257,0.0700,1.0146
4722,3.12,11.73,22.23,-9.217,35.631,-13.149,-0.1262,0.0814,1.0103
4742,3.04,12.35,22.10,-7.949,42.959,-6.623,-0.1171,0.0848,1.0026
4762,3.01,13.11,21.99,-4.705,50.860,-5.539,-0.1191,0.0800,1.0022
4782,3.06,13.92,21.87,-0.240,55.600,-6.104,-0.1192,0.0784,0.9989
4802,3.21,14.76,21.87,5.096,57.677,0.000,-0.1247,0.0733,0.9888
4822,3.43,15.62,21.88,11.463,57.997,0.476,-0.1465,0.0566,0.9872
4842,3.83,16.39,21.82,20.180,52.593,-3.035,-0.1680,0.0633,0.9872
4862,4.32,17.03,21.72,26.470,45.730,-4.592,-0.1790,0.0608,0.9766
4882,4.87,17.52,21.68,30.898,35.791,-1.966,-0.2092,0.0522,0.9737
4902,5.45,17.85,21.56,33.928,25.616,-6.241,-0.2348,0.0557,0.9766
4922,6.00,18.00,21.46,31.012,15.349,-4.852,-0.2484,0.0700,0.9688
4942,6.46,18.01,21.38,25.822,7.997,-4.295,-0.2544,0.0920,0.9909
4962,6.72,17.93,21.34,13.654,1.768,-1.722,-0.2705,0.1075,0.9927
4982,6.77,17.81,21.41,2.409,-1.316,3.400,-0.2751,0.1218,0.9874
5002,6.67,17.71,21.44,-8.094,-0.728,1.629,-0.2846,0.1386,0.9912
5022,6.43,17.68,21.51,-15.614,1.929,3.560,-0.2833,0.1419,0.9864
5042,6.13,17.79,21.55,-20.171,7.898,1.698,-0.2983,0.1515,0.9889
5062,5.82,17.95,21.51,-21.423,12.287,-1.691,-0.2875,0.1505,0.9859
5082,5.56,18.25,21.51,-18.598,18.394,0.000,-0.2915,0.1416,0.9769
5102,5.38,18.57,21.58,-13.865,20.394,3.148,-0.2899,0.1311,0.9744
5122,5.31,18.93,21.58,-7.201,22.593,0.000,-0.2972,0.1230,0.9714
5142,5.38,19.29,21.60,1.257,22.349,1.347,-0.3000,0.1072,0.9679
5162,5.59,19.64,21.63,9.860,21.746,1.240,-0.3085,0.1000,0.9637
5182,5.93,19.99,21.60,17.379,21.356,-1.501,-0.3156,0.0947,0.9604
5202,6.38,20.35,21.51,24.417,21.623,-4.302,-0.3243,0.0931,0.9585
5222,6.89,20.68,21.44,27.989,20.516,-3.730,-0.3255,0.0949,0.9561
5242,7.42,21.01,21.41,28.234,20.097,-1.340,-0.3345,0.1100,0.9480
5262,7.91,21.38,21.32,26.051,21.852,-4.775,-0.3415,0.1179,0.9461
5282,8.29,21.78,21.30,20.104,23.036,-0.646,-0.3527,0.1296,0.9396
5302,8.54,22.19,21.28,13.295,23.776,-0.959,-0.3568,0.1353,0.9449
5322,8.67,22.59,21.34,5.379,23.120,2.774,-0.3676,0.1502,0.9366
5342,8.68,22.97,21.42,-0.865,22.654,3.927,-0.3675,0.1537,0.9370
5362,8.60,23.33,21.50,-5.194,21.387,3.988,-0.3786,0.1521,0.9373
5382,8.52,23.68,21.43,-6.385,20.463,-3.485,-0.3914,0.1606,0.9427
5402,8.44,23.99,21.36,-6.064,17.555,-3.256,-0.4006,0.1555,0.9348
5422,8.43,24.24,21.37,-2.667,15.104,0.415,-0.4014,0.1532,0.9271
5442,8.49,24.48,21.34,1.272,13.310,-1.501,-0.4124,0.1534,0.9254
5462,8.62,24.71,21.28,4.997,13.058,-3.241,-0.4142,0.1510,0.9193
5482,8.82,24.95,21.26,9.257,13.700,-0.691,-0.4172,0.1487,0.9128
5502,9.05,25.21,21.27,11.425,14.593,0.622,-0.4176,0.1439,0.9138
5522,9.32,25.54,21.24,14.356,18.097,-1.661,-0.4266,0.1433,0.9138
5542,9.61,25.90,21.22,14.982,20.097,-1.127,-0.4316,0.1518,0.9082
5562,9.87,26.30,21.23,13.501,22.791,0.629,-0.4277,0.1518,0.9073
5582,10.11,26.76,21.26,12.356,25.089,1.454,-0.4389,0.1596,0.9024
5602,10.32,27.20,21.29,10.669,25.303,1.576,-0.4421,0.1632,0.8996
5622,10.50,27.65,21.35,8.585,25.463,2.797,-0.4449,0.1676,0.8909
5642,10.66,28.07,21.41,7.562,24.226,3.003,-0.4543,0.1699,0.8905
5662,10.81,28.46,21.43,7.257,21.753,1.141,-0.4657,0.1719,0.8852
5682,10.95,28.77,21.43,6.760,17.379,0.000,-0.4725,0.1716,0.8836
5702,11.09,29.00,21.43,6.753,12.730,0.000,-0.4849,0.1736,0.8782
5722,11.19,29.13,21.46,5.402,6.845,1.591,-0.4943,0.1719,0.8775
5742,11.28,29.19,21.44,4.936,2.272,-1.020,-0.5064,0.1733,0.8764
5762,11.34,29.18,21.44,2.127,-2.125,-0.363,-0.5178,0.1799,0.8727
5782,11.36,29.15,21.42,-0.789,-4.186,-0.798,-0.5238,0.1873,0.8713
5802,11.33,29.12,21.41,-3.484,-4.598,-0.378,-0.5233,0.1898,0.8698
5822,11.29,29.10,21.40,-4.499,-3.819,-0.569,-0.5230,0.1916,0.8684
5842,11.24,29.11,21.42,-5.018,-2.415,1.202,-0.5229,0.1918,0.8671
5862,11.19,29.15,21.43,-4.514,-0.415,0.347,-0.5204,0.1895,0.8669
5882,11.18,29.22,21.44,-2.629,0.952,0.667,-0.5198,0.1876,0.8662
5902,11.21,29.30,21.44,-0.377,1.501,0.000,-0.5187,0.1849,0.8640
5922,11.28,29.36,21.45,1.844,1.257,0.476,-0.5185,0.1833,0.8635
5942,11.36,29.42,21.46,2.982,0.440,0.385,-0.5191,0.1830,0.8613
5962,11.45,29.47,21.47,2.913,0.000,0.247,-0.5207,0.1854,0.8615
5982,11.52,29.50,21.47,1.967,-0.720,0.000,-0.5200,0.1861,0.8602
6002,11.56,29.52,21.47,0.470,-0.934,0.000,-0.5203,0.1889,0.8609
6022,11.58,29.55,21.47,-1.346,-0.690,0.000,-0.5190,0.1909,0.8591
6042,11.57,29.58,21.46,-2.194,0.000,-0.340,-0.5179,0.1914,0.8597
6062,11.57,29.63,21.46,-2.186,0.494,0.000,-0.5171,0.1903,0.8587
6082,11.58,29.67,21.46,-1.102,0.555,0.000,-0.5167,0.1883,0.8590
6102,11.61,29.72,21.46,0.417,0.746,0.209,-0.5164,0.1858,0.8588
6122,11.67,29.76,21.46,1.684,0.417,0.000,-0.5175,0.1849,0.8586
6142,11.73,29.79,21.46,2.058,0.000,0.000,-0.5184,0.1857,0.8589
6162,11.78,29.81,21.46,1.440,-0.361,0.000,-0.5189,0.1873,0.8594
6182,11.81,29.82,21.46,0.310,-0.842,0.000,-0.5189,0.1894,0.8593
6202,11.82,29.84,21.46,-0.934,-0.506,0.000,-0.5188,0.1905,0.8592
6222,11.81,29.87,21.46,-1.797,0.000,0.000,-0.5183,0.1908,0.8579
6242,11.81,29.90,21.46,-1.453,0.000,0.000,-0.5179,0.1899,0.8566
6262,11.82,29.93,21.46,-0.644,0.310,0.000,-0.5175,0.1881,0.8573
6282,11.85,29.96,21.46,0.654,0.333,0.000,-0.5171,0.1868,0.8560
6302,11.90,29.98,21.47,1.325,0.000,0.255,-0.5173,0.1859,0.8554
6322,11.94,30.01,21.47,1.615,0.000,0.000,-0.5177,0.1867,0.8559
6342,11.98,30.03,21.47,1.135,0.000,-0.203,-0.5177,0.1875,0.8560
6362,12.00,30.05,21.47,0.000,-0.201,0.000,-0.5179,0.1892,0.8563
6382,12.00,30.07,21.46,-1.102,0.000,-0.272,-0.5183,0.1908,0.8565
6402,12.00,30.09,21.45,-1.217,0.000,-0.287,-0.5178,0.1911,0.8563
6422,12.00,30.11,21.45,-1.217,0.000,0.000,-0.5178,0.1902,0.8561
6442,12.01,30.12,21.45,-0.636,-0.293,0.000,-0.5172,0.1891,0.8558
6462,12.04,30.14,21.45,0.730,0.000,0.000,-0.5168,0.1877,0.8554
6482,12.07,30.16,21.45,1.119,0.364,0.000,-0.5166,0.1874,0.8557
6502,12.11,30.17,21.45,1.364,0.000,0.000,-0.5168,0.1872,0.8563
6522,12.13,30.19,21.45,0.738,0.000,-0.256,-0.5172,0.1886,0.8563
6542,12.15,30.20,21.45,0.000,0.000,0.000,-0.5172,0.1893,0.8565
6562,12.15,30.21,21.45,-0.743,-0.209,0.000,-0.5173,0.1912,0.8566
6582,12.14,30.22,21.45,-1.285,0.000,0.000,-0.5171,0.1910,0.8564
6602,12.14,30.22,21.45,-0.858,-0.361,0.000,-0.5166,0.1899,0.8571
6622,12.15,30.24,21.45,0.000,0.000,0.000,-0.5165,0.1886,0.8568
6642,12.17,30.25,21.45,0.516,0.000,0.000,-0.5162,0.1876,0.8565
6662,12.19,30.25,21.45,0.959,0.000,0.209,-0.5165,0.1872,0.8569
6682,12.22,30.26,21.45,0.928,0.000,0.000,-0.5166,0.1880,0.8569
6702,12.24,30.28,21.45,0.722,0.226,0.000,-0.5169,0.1890,0.8576
6722,12.24,30.29,21.45,-0.255,0.242,0.000,-0.5172,0.1896,0.8580
6742,12.24,30.30,21.45,-0.865,0.000,0.000,-0.5177,0.1899,0.8583
6762,12.23,30.30,21.45,-0.804,-0.316,0.000,-0.5182,0.1898,0.8578
6782,12.23,30.31,21.44,-0.415,-0.201,-0.501,-0.5178,0.1895,0.8576
6802,12.24,30.32,21.44,0.000,0.000,-0.264,-0.5184,0.1900,0.8565
6822,12.26,30.32,21.44,0.516,-0.392,0.000,-0.5172,0.1889,0.8568
6842,12.28,30.33,21.43,0.867,0.000,-0.226,-0.5183,0.1860,0.8564
6862,12.30,30.34,21.41,0.974,0.000,-1.256,-0.5211,0.1884,0.8576
6882,12.33,30.37,21.41,0.478,0.280,0.278,-0.5224,0.1928,0.8560
6902,12.34,30.38,21.42,-0.247,0.000,0.515,-0.5212,0.1949,0.8563
6922,12.35,30.39,21.44,-0.583,0.000,0.705,-0.5196,0.1942,0.8579
6942,12.34,30.39,21.44,-0.827,0.000,0.000,-0.5194,0.1928,0.8583
6962,12.33,30.40,21.43,-0.835,-0.201,-0.493,-0.5193,0.1911,0.8585
6982,12.33,30.40,21.42,-0.507,-0.293,-0.447,-0.5195,0.1899,0.8580
7002,12.34,30.40,21.41,0.287,-0.354,-0.233,-0.5178,0.1880,0.8569
7022,12.35,30.41,21.39,0.890,0.000,-1.226,-0.5181,0.1866,0.8551
7042,12.39,30.41,21.38,1.570,0.000,-0.745,-0.5129,0.1887,0.8541
7062,12.43,30.40,21.32,1.738,-0.438,-2.546,-0.5135,0.1899,0.8498
7082,12.44,30.39,21.31,1.249,-0.659,-0.783,-0.5093,0.1816,0.8515
7102,12.45,30.36,21.27,1.745,-0.880,-2.157,-0.5078,0.1802,0.8552
7122,12.47,30.34,21.25,1.516,-0.896,-0.638,-0.5092,0.1844,0.8530
7142,12.48,30.32,21.25,0.600,-1.056,0.000,-0.5099,0.1885,0.8514
7162,12.48,30.31,21.27,0.000,0.000,0.934,-0.5067,0.1880,0.8530
7182,12.46,30.31,21.28,-0.659,0.799,0.469,-0.5043,0.1863,0.8537
7202,12.44,30.32,21.28,-0.659,0.906,0.000,-0.5045,0.1863,0.8555
7222,12.43,30.32,21.28,-0.331,0.822,0.000,-0.5068,0.1859,0.8543
7242,12.43,30.32,21.28,0.000,0.000,0.000,-0.5099,0.1878,0.8558
7262,12.42,30.32,21.28,0.000,0.000,-0.272,-0.5118,0.1880,0.8547
7282,12.43,30.31,21.27,0.463,-0.491,-0.340,-0.5129,0.1871,0.8547
7302,12.45,30.30,21.28,0.974,-0.850,0.347,-0.5135,0.1867,0.8541
7322,12.46,30.30,21.28,0.554,-0.224,0.000,-0.5134,0.1884,0.8553
7342,12.44,30.30,21.28,-0.820,0.234,0.000,-0.5129,0.1895,0.8563
7362,12.42,30.32,21.28,-0.949,0.852,0.000,-0.5125,0.1888,0.8561
7382,12.42,30.34,21.28,-0.255,0.692,0.000,-0.5138,0.1883,0.8565
7402,12.42,30.35,21.28,0.280,0.433,0.000,-0.5154,0.1878,0.8559
7422,12.42,30.35,21.27,0.310,0.000,-0.203,-0.5165,0.1879,0.8568
7442,12.43,30.36,21.27,0.379,0.000,0.000,-0.5160,0.1868,0.8568
7462,12.44,30.36,21.27,0.638,-0.285,0.000,-0.5164,0.1878,0.8574
7482,12.44,30.36,21.27,0.402,-0.476,0.000,-0.5168,0.1883,0.8565
7502,12.45,30.36,21.23,0.341,0.000,-2.119,-0.5180,0.1881,0.8564
7522,12.45,30.36,21.22,-0.262,0.000,-0.356,-0.5122,0.1909,0.8553
7542,12.45,30.36,21.17,1.051,0.219,-2.837,-0.5090,0.1828,0.8549
7562,12.48,30.36,21.11,1.562,-0.522,-2.783,-0.5170,0.1887,0.8538
7582,12.49,30.36,21.10,1.318,-0.560,-0.524,-0.5142,0.1832,0.8499
7602,12.51,30.35,21.08,2.417,-0.277,-0.730,-0.5108,0.1791,0.8564
7622,12.54,30.35,21.08,2.066,0.000,-0.394,-0.5120,0.1822,0.8520
7642,12.56,30.36,21.07,1.562,0.326,-0.508,-0.5133,0.1877,0.8532
7662,12.57,30.38,21.07,0.531,1.097,0.354,-0.5109,0.1887,0.8533
7682,12.56,30.40,21.07,-0.278,1.089,0.000,-0.5112,0.1904,0.8551
7702,12.54,30.42,21.07,-1.011,1.333,0.000,-0.5122,0.1904,0.8556
7722,12.52,30.43,21.08,-0.820,0.608,0.247,-0.5135,0.1899,0.8557
7742,12.51,30.42,21.07,-0.369,-0.247,-0.249,-0.5149,0.1888,0.8553
7762,12.51,30.41,21.07,0.000,-0.774,0.000,-0.5156,0.1881,0.8554
7782,12.51,30.40,21.07,0.333,-0.728,0.000,-0.5158,0.1884,0.8550
7802,12.52,30.39,21.07,0.364,-0.644,0.000,-0.5156,0.1903,0.8554
7822,12.53,30.39,21.07,0.417,0.000,0.000,-0.5148,0.1910,0.8553
7842,12.54,30.40,21.08,0.364,0.425,0.263,-0.5146,0.1915,0.8558
7862,12.54,30.42,21.08,-0.392,0.738,0.000,-0.5152,0.1919,0.8560
7882,12.52,30.43,21.08,-0.881,0.776,0.000,-0.5161,0.1910,0.8562
7902,12.51,30.45,21.08,-0.507,0.371,0.000,-0.5172,0.1898,0.8550
7922,12.51,30.45,21.08,0.000,0.000,0.000,-0.5186,0.1898,0.8555
7942,12.51,30.45,21.08,0.000,-0.567,0.000,-0.5185,0.1898,0.8549
7962,12.51,30.44,21.08,0.272,-0.674,0.000,-0.5179,0.1881,0.8546
7982,12.52,30.44,21.08,0.333,-0.499,0.000,-0.5178,0.1879,0.8544
8002,12.52,30.45,21.08,0.379,0.000,0.000,-0.5176,0.1878,0.8544
8022,12.52,30.46,21.08,0.000,0.425,0.000,-0.5180,0.1899,0.8553
8042,12.51,30.47,21.07,-0.797,0.478,-0.287,-0.5172,0.1909,0.8557
8062,12.49,30.49,21.07,-0.629,0.585,0.000,-0.5173,0.1902,0.8557
8082,12.49,30.50,21.07,0.000,0.356,0.000,-0.5179,0.1891,0.8548
8102,12.49,30.50,21.07,0.000,-0.316,0.000,-0.5189,0.1895,0.8552
8122,12.50,30.50,21.07,0.000,-0.430,-0.264,-0.5218,0.1902,0.8537
8142,12.50,30.51,21.07,0.417,-0.560,0.000,-0.5228,0.1895,0.8544
8162,12.50,30.52,21.08,0.000,0.000,0.759,-0.5204,0.1887,0.8557
8182,12.50,30.52,21.10,-0.720,0.000,0.622,-0.5207,0.1929,0.8547
8202,12.47,30.54,21.12,-1.217,0.593,1.194,-0.5178,0.1904,0.8571
8222,12.47,30.56,21.12,-0.598,1.249,0.000,-0.5185,0.1934,0.8552
8242,12.47,30.58,21.11,-0.614,0.982,-0.287,-0.5183,0.1928,0.8530
8262,12.47,30.60,21.11,0.000,0.349,0.000,-0.5191,0.1896,0.8536
8282,12.47,30.59,21.11,0.333,-0.338,0.000,-0.5179,0.1857,0.8527
8302,12.48,30.58,21.11,0.822,-0.858,-0.333,-0.5179,0.1856,0.8546
8322,12.49,30.57,21.11,0.822,-0.735,0.309,-0.5174,0.1872,0.8540
8342,12.50,30.55,21.11,0.470,-0.796,-0.241,-0.5166,0.1890,0.8552
8362,12.50,30.55,21.11,0.000,0.000,0.000,-0.5157,0.1905,0.8559
8382,12.50,30.55,21.11,-0.491,0.463,0.000,-0.5163,0.1914,0.8559
8402,12.49,30.56,21.11,-0.705,0.738,0.000,-0.5163,0.1914,0.8567
8422,12.48,30.57,21.11,-0.423,0.532,0.000,-0.5172,0.1903,0.8566
8442,12.48,30.57,21.11,0.000,0.000,0.000,-0.5182,0.1897,0.8567
8462,12.49,30.57,21.11,0.440,0.000,0.000,-0.5191,0.1891,0.8555
8482,12.50,30.57,21.11,0.539,-0.560,0.000,-0.5195,0.1891,0.8551
8502,12.51,30.56,21.11,0.402,-0.743,0.000,-0.5189,0.1896,0.8552
8522,12.51,30.56,21.11,0.000,-0.224,0.000,-0.5198,0.1902,0.8561
8542,12.51,30.56,21.11,0.000,0.000,0.000,-0.5198,0.1911,0.8565
8562,12.50,30.57,21.11,-0.415,0.341,0.000,-0.5190,0.1908,0.8559
8582,12.51,30.58,21.12,0.000,0.547,0.354,-0.5184,0.1910,0.8583
8602,12.50,30.58,21.12,-0.301,0.371,0.232,-0.5180,0.1910,0.8570
8622,12.50,30.58,21.12,-0.285,0.000,0.000,-0.5184,0.1902,0.8561
8642,12.50,30.58,21.12,0.226,0.000,0.000,-0.5177,0.1895,0.8554
8662,12.51,30.57,21.12,0.486,-0.621,0.000,-0.5184,0.1897,0.8560
8682,12.51,30.57,21.12,0.000,-0.438,0.000,-0.5191,0.1902,0.8554
8702,12.51,30.57,21.12,-0.301,0.000,0.000,-0.5191,0.1910,0.8546
8722,12.51,30.57,21.12,-0.270,0.000,0.000,-0.5171,0.1906,0.8551
8742,12.51,30.57,21.12,0.000,0.364,0.000,-0.5161,0.1895,0.8551
8762,12.50,30.57,21.06,0.000,0.318,-3.172,-0.5136,0.1864,0.8575
8782,12.59,30.57,20.84,3.318,-0.384,-10.890,-0.5214,0.2023,0.8513
8802,12.71,30.56,20.71,4.593,-0.369,-6.447,-0.5083,0.1991,0.8421
8822,12.89,30.52,20.52,8.875,-1.522,-9.524,-0.5078,0.1937,0.8448
8842,13.11,30.48,20.23,12.173,-2.094,-14.646,-0.5104,0.1887,0.8438
8862,13.40,30.48,19.86,15.531,-1.148,-18.127,-0.5206,0.1916,0.8457
8882,13.71,30.50,19.48,18.677,-0.384,-19.149,-0.5213,0.1844,0.8419
8902,14.06,30.51,19.12,20.860,-0.316,-18.287,-0.5184,0.1869,0.8455
8922,14.47,30.55,18.65,23.989,0.738,-23.111,-0.5242,0.1901,0.8454
8942,14.82,30.53,18.34,23.913,-1.514,-15.661,-0.5072,0.1754,0.8367
8962,15.30,30.56,17.92,28.058,0.000,-21.035,-0.5230,0.1992,0.8365
8982,15.81,30.58,17.35,31.661,0.000,-28.531,-0.5177,0.1894,0.8364
9002,16.41,30.59,16.82,37.127,-1.025,-26.539,-0.5197,0.1923,0.8294
9022,17.09,30.60,16.23,40.852,-1.087,-29.218,-0.5147,0.2013,0.8267
9042,17.78,30.66,15.57,44.463,1.433,-33.340,-0.5258,0.1924,0.8326
9062,18.56,30.75,14.91,49.280,1.791,-32.974,-0.5318,0.2019,0.8271
9082,19.35,30.82,14.33,48.684,2.891,-28.898,-0.5166,0.2191,0.8266
9102,20.06,30.95,13.78,46.043,5.646,-27.585,-0.5226,0.2234,0.8337
9122,20.82,31.09,13.26,48.814,6.364,-25.814,-0.5232,0.2292,0.8218
9142,21.53,31.18,12.92,44.951,3.631,-17.188,-0.5183,0.2485,0.8100
9162,22.25,31.26,12.50,46.012,2.639,-20.638,-0.5265,0.2517,0.8065
9182,22.97,31.32,12.15,46.852,-1.964,-17.745,-0.5593,0.2581,0.7944
9202,23.75,31.23,11.80,51.135,-8.644,-17.615,-0.5509,0.2577,0.8006
9222,24.62,31.00,11.41,54.997,-16.575,-19.554,-0.5527,0.2744,0.7912
9242,25.45,30.66,11.01,56.402,-20.239,-19.951,-0.5361,0.2649,0.8046
9262,26.29,30.39,10.59,57.989,-19.629,-20.653,-0.5455,0.2667,0.7920
9282,27.05,30.09,10.31,54.302,-19.514,-14.325,-0.5334,0.2793,0.7980
9302,27.73,29.90,9.94,47.776,-14.354,-18.203,-0.5400,0.3060,0.7943
9322,28.23,29.67,9.63,37.799,-15.468,-15.447,-0.5293,0.3229,0.7994
9342,28.56,29.42,9.24,27.860,-16.430,-19.905,-0.5298,0.3448,0.8030
9362,28.76,29.11,8.86,19.577,-20.598,-18.760,-0.5385,0.3576,0.7975
9382,28.83,28.60,8.68,13.776,-30.529,-9.165,-0.5218,0.3534,0.7948
9402,28.86,27.86,8.34,11.028,-45.262,-17.081,-0.5491,0.3631,0.8048
9422,28.80,26.78,7.88,7.883,-64.094,-22.791,-0.5428,0.3539,0.8120
9442,28.68,25.37,7.53,6.066,-82.422,-17.524,-0.5378,0.3429,0.8168
9462,28.46,23.68,7.29,1.715,-99.201,-11.852,-0.5318,0.3393,0.8276
9482,28.20,21.81,7.04,-1.262,-113.186,-12.890,-0.5465,0.3484,0.8333
9502,27.74,19.63,7.00,-12.644,-130.079,-1.982,-0.5238,0.3546,0.8464
9522,27.17,17.41,6.81,-20.782,-134.774,-9.226,-0.5082,0.3695,0.8475
9542,26.40,15.12,6.94,-33.682,-140.796,6.293,-0.4848,0.3748,0.8443
9562,25.46,12.86,6.99,-44.262,-140.025,2.828,-0.4564,0.3828,0.8550
9582,24.30,10.54,6.85,-53.804,-141.438,-7.211,-0.3983,0.3626,0.8772
9602,23.17,8.23,6.66,-57.064,-141.369,-9.348,-0.3621,0.3793,0.8804
9622,21.86,6.04,6.33,-64.667,-138.735,-16.837,-0.3461,0.3507,0.8894
9642,20.48,3.98,5.99,-67.698,-132.377,-17.020,-0.3185,0.3287,0.9077
9662,19.23,2.03,5.87,-62.774,-127.445,-5.630,-0.2830,0.3204,0.9151
9682,18.09,0.18,5.64,-59.323,-122.453,-11.867,-0.2532,0.3203,0.9207
9702,17.04,-1.49,5.32,-52.171,-114.125,-15.837,-0.2283,0.2849,0.9375
9722,16.16,-3.03,5.13,-42.469,-103.361,-9.485,-0.1678,0.2584,0.9401
9742,15.35,-4.33,4.76,-35.560,-87.468,-18.440,-0.1113,0.2228,0.9560
9762,14.83,-5.28,4.34,-23.247,-66.629,-20.852,-0.0641,0.2290,0.9507
9782,14.48,-5.93,4.16,-14.514,-45.277,-9.272,-0.0055,0.2154,0.9438
9802,14.21,-6.18,3.98,-8.560,-19.346,-9.073,0.0477,0.2021,0.9526
9822,14.03,-6.03,3.75,-4.957,4.623,-11.226,0.0822,0.2011,0.9501
9842,13.86,-5.56,3.59,-3.919,25.226,-8.096,0.1062,0.1956,0.9479
9862,13.71,-4.81,3.61,-3.545,41.112,0.805,0.1106,0.1980,0.9452
9882,13.53,-3.93,3.65,-4.568,50.120,1.965,0.1168,0.1945,0.9585
9902,13.27,-2.96,3.35,-9.186,55.089,-14.546,0.1115,0.1983,0.9846
9922,12.91,-2.09,2.94,-12.171,50.463,-20.829,0.0910,0.1758,0.9831
9942,12.57,-1.41,2.76,-14.064,39.852,-8.775,0.0754,0.1958,0.9832
9962,12.21,-1.02,2.70,-13.011,24.272,-3.241,0.0584,0.1704,0.9900
9982,11.93,-0.91,2.65,-10.644,7.333,-2.317,0.0332,0.1807,0.9942
10002,11.67,-1.11,2.62,-8.301,-10.453,-1.378,0.0161,0.1636,0.9926
10022,11.43,-1.54,2.67,-5.293,-22.896,2.179,0.0117,0.1438,0.9940
10042,11.24,-2.08,2.70,-2.094,-30.560,1.522,0.0095,0.1371,1.0002
10062,11.09,-2.72,2.62,-0.911,-34.713,-4.027,0.0237,0.1361,1.0026
10082,10.92,-3.35,2.48,-0.514,-34.819,-6.691,0.0314,0.1258,0.9992
10102,10.76,-3.92,2.44,-0.919,-31.812,-2.279,0.0405,0.1319,1.0061
10122,10.61,-4.42,2.31,-1.278,-27.567,-6.317,0.0575,0.1344,1.0059
10142,10.45,-4.76,2.25,-2.614,-18.560,-2.814,0.0688,0.1348,1.0019
10162,10.26,-4.95,2.28,-3.988,-9.934,1.179,0.0853,0.1378,1.0011
10182,10.08,-4.98,2.30,-4.644,0.000,0.919,0.1018,0.1392,1.0010
10202,9.91,-4.88,2.33,-4.285,7.883,1.896,0.1118,0.1386,0.9993
10222,9.75,-4.67,2.44,-3.583,15.020,5.499,0.1176,0.1342,0.9943
10242,9.63,-4.36,2.56,-1.316,20.547,6.018,0.1199,0.1259,0.9930
10262,9.54,-4.01,2.67,0.409,23.371,5.324,0.1187,0.1284,0.9976
10282,9.48,-3.69,2.68,1.722,22.692,0.278,0.1253,0.1277,1.0052
10302,9.47,-3.38,2.65,4.440,21.646,-1.432,0.1106,0.1217,1.0068
10322,9.46,-3.18,2.60,4.692,14.936,-2.356,0.0984,0.1251,1.0055
10342,9.43,-3.09,2.45,4.264,8.448,-7.638,0.0904,0.1194,1.0114
10362,9.41,-3.12,2.32,4.760,1.478,-6.661,0.0785,0.1157,1.0097
10382,9.35,-3.23,2.25,2.417,-4.506,-3.149,0.0672,0.1197,1.0113
10402,9.27,-3.43,2.21,0.448,-9.629,-2.279,0.0644,0.1260,1.0114
10422,9.14,-3.66,2.18,-2.606,-11.361,-1.562,0.0656,0.1317,1.0082
10442,9.00,-3.89,2.16,-4.194,-12.087,-0.722,0.0669,0.1332,1.0124
10462,8.83,-4.10,2.16,-5.461,-10.003,0.000,0.0741,0.1309,1.0088
10482,8.67,-4.24,2.19,-5.407,-6.987,1.538,0.0765,0.1328,1.0094
10502,8.53,-4.33,2.19,-4.415,-3.942,0.000,0.0843,0.1298,1.0092
10522,8.43,-4.36,2.20,-2.163,0.000,0.553,0.0900,0.1247,1.0064
10542,8.37,-4.35,2.20,0.000,2.639,0.000,0.0936,0.1196,1.0075
10562,8.33,-4.30,2.19,1.852,4.356,-0.554,0.0946,0.1176,1.0073
10582,8.32,-4.24,2.21,2.722,5.425,0.751,0.0945,0.1167,1.0065
10602,8.30,-4.19,2.22,3.020,5.089,0.492,0.0943,0.1158,1.0091
10622,8.26,-4.15,2.28,1.745,4.662,3.331,0.0968,0.1124,1.0088
10642,8.21,-4.14,2.33,1.295,3.158,2.293,0.0963,0.1134,1.0162
10662,8.13,-4.15,2.34,-0.629,1.562,0.774,0.0931,0.1157,1.0133
10682,8.03,-4.18,2.34,-1.736,0.257,0.000,0.0894,0.1154,1.0149
10702,7.92,-4.22,2.34,-2.530,-0.766,0.000,0.0870,0.1147,1.0130
10722,7.81,-4.26,2.35,-2.469,-0.964,0.278,0.0857,0.1139,1.0127
10742,7.72,-4.30,2.36,-1.698,-0.827,0.392,0.0867,0.1136,1.0114
10762,7.66,-4.33,2.34,-0.591,0.000,-1.004,0.0875,0.1123,1.0108
10782,7.62,-4.34,2.32,0.478,0.455,-0.951,0.0882,0.1135,1.0107
10802,7.58,-4.31,2.24,0.692,1.822,-4.058,0.0795,0.1121,1.0131
10822,7.55,-4.29,2.16,1.218,1.371,-3.783,0.0797,0.1097,1.0088
10842,7.51,-4.28,2.14,0.951,1.303,-1.127,0.0796,0.1079,1.0097
10862,7.46,-4.27,2.13,0.000,1.570,-0.241,0.0848,0.1113,1.0092
10882,7.40,-4.23,2.12,-0.911,2.723,-0.890,0.0848,0.1169,1.0139
10902,7.34,-4.21,2.09,-1.873,2.402,-1.569,0.0879,0.1191,1.0138
10922,7.27,-4.19,2.06,-2.018,2.448,-1.165,0.0854,0.1153,1.0118
10942,7.20,-4.17,2.05,-1.911,2.326,-0.791,0.0873,0.1132,1.0121
10962,7.13,-4.11,1.99,-1.667,3.822,-2.714,0.0799,0.1115,1.0133
10982,7.07,-4.08,1.92,-1.140,2.929,-3.417,0.0813,0.1106,1.0114
11002,7.02,-4.03,1.81,-0.568,3.104,-5.882,0.0790,0.1083,1.0109
11022,7.00,-3.99,1.76,0.730,2.600,-2.264,0.0748,0.1102,1.0070
11042,7.01,-3.97,1.76,1.035,2.219,-0.249,0.0820,0.1193,1.0056
11062,7.02,-3.95,1.70,0.654,1.891,-2.546,0.0778,0.1198,1.0096
11082,7.02,-3.96,1.69,1.089,0.509,-0.760,0.0795,0.1165,1.0078
11102,7.02,-3.98,1.67,1.051,0.219,-1.142,0.0794,0.1154,1.0093
11122,7.01,-4.00,1.67,0.218,-0.468,0.000,0.0779,0.1161,1.0080
11142,6.98,-4.01,1.63,-0.537,0.000,-1.707,0.0731,0.1175,1.0103
11162,6.95,-4.01,1.59,-0.522,-0.277,-2.066,0.0678,0.1153,1.0126
11182,6.92,-4.00,1.56,-0.636,-0.270,-1.508,0.0647,0.1139,1.0112
11202,6.90,-3.99,1.56,0.000,0.000,0.000,0.0663,0.1130,1.0128
11222,6.88,-3.98,1.55,0.000,0.000,-0.317,0.0706,0.1133,1.0116
11242,6.85,-3.97,1.51,-0.232,0.852,-2.424,0.0705,0.1114,1.0129
11262,6.83,-3.95,1.44,0.000,1.364,-3.226,0.0746,0.1125,1.0125
11282,6.81,-3.93,1.35,-0.339,1.593,-4.684,0.0743,0.1154,1.0141
11302,6.78,-3.90,1.23,-0.621,1.265,-5.936,0.0692,0.1131,1.0116
11322,6.76,-3.89,1.24,-0.530,0.768,0.301,0.0719,0.1175,1.0082
11342,6.75,-3.90,1.24,-0.988,0.791,0.370,0.0780,0.1214,1.0133
11362,6.73,-3.92,1.21,-0.789,0.000,-1.653,0.0777,0.1197,1.0146
11382,6.71,-3.92,1.17,-0.659,0.000,-2.149,0.0726,0.1157,1.0115
11402,6.69,-3.93,1.11,-0.461,-0.323,-3.073,0.0693,0.1119,1.0098
11422,6.68,-3.93,1.09,0.203,0.000,-0.638,0.0694,0.1124,1.0092
11442,6.66,-3.92,1.05,0.000,0.410,-2.020,0.0692,0.1119,1.0107
11462,6.66,-3.91,1.06,0.257,0.570,0.446,0.0699,0.1155,1.0110
11482,6.66,-3.90,1.07,0.000,0.433,0.377,0.0697,0.1181,1.0124
11502,6.66,-3.89,1.06,-0.247,0.402,-0.256,0.0692,0.1178,1.0131
11522,6.64,-3.87,1.05,-0.782,0.952,-0.882,0.0679,0.1173,1.0131
11542,6.62,-3.86,1.05,-0.430,0.448,0.000,0.0682,0.1152,1.0122
11562,6.61,-3.85,1.05,-0.331,0.387,0.000,0.0688,0.1135,1.0116
11582,6.59,-3.85,1.05,-0.301,0.280,0.286,0.0690,0.1128,1.0111
11602,6.58,-3.84,1.06,0.000,0.371,0.400,0.0692,0.1125,1.0121
11622,6.58,-3.84,1.06,0.000,0.000,0.000,0.0693,0.1131,1.0128
11642,6.57,-3.85,1.06,0.000,0.000,0.000,0.0694,0.1134,1.0126
11662,6.57,-3.85,1.06,0.287,0.000,0.000,0.0690,0.1137,1.0126
11682,6.56,-3.85,1.06,0.000,0.000,0.000,0.0695,0.1133,1.0140
11702,6.55,-3.85,1.06,0.000,0.000,0.000,0.0698,0.1133,1.0140
11722,6.54,-3.85,1.06,-0.339,0.000,0.000,0.0697,0.1128,1.0139
11742,6.53,-3.86,1.06,0.000,0.000,0.000,0.0697,0.1120,1.0139
11762,6.52,-3.86,1.06,0.241,0.000,0.000,0.0698,0.1121,1.0139
11782,6.52,-3.86,1.06,0.000,-0.270,0.000,0.0692,0.1124,1.0134
11802,6.51,-3.87,1.07,0.000,-0.232,0.362,0.0694,0.1123,1.0140
11822,6.49,-3.87,1.07,-0.278,0.000,0.232,0.0706,0.1104,1.0146
11842,6.48,-3.88,1.06,0.000,0.000,-0.546,0.0716,0.1102,1.0134
11862,6.47,-3.89,1.06,0.000,-0.323,0.000,0.0727,0.1099,1.0117
11882,6.46,-3.90,1.07,0.000,0.000,0.217,0.0735,0.1094,1.0128
11902,6.45,-3.91,1.07,0.000,0.000,0.476,0.0732,0.1095,1.0126
11922,6.43,-3.92,1.08,-0.240,0.000,0.339,0.0720,0.1110,1.0134
11942,6.43,-3.92,1.10,0.000,0.000,1.011,0.0712,0.1115,1.0142
11962,6.42,-3.91,1.15,0.000,0.639,2.347,0.0693,0.1117,1.0126
11982,6.42,-3.90,1.19,0.295,0.562,1.912,0.0704,0.1119,1.0137
12002,6.41,-3.88,1.22,-0.224,0.784,1.499,0.0697,0.1090,1.0135
12022,6.39,-3.87,1.18,-0.850,2.318,-1.661,0.0813,0.1130,1.0119
12042,6.35,-3.84,1.26,-1.568,3.142,3.881,0.0825,0.1102,1.0091
12062,6.30,-3.79,1.34,-1.598,4.020,4.041,0.0839,0.1055,1.0143
12082,6.25,-3.75,1.35,-2.362,4.463,0.568,0.0877,0.1067,1.0177
12102,6.16,-3.71,1.36,-4.354,4.303,0.507,0.0857,0.1095,1.0183
12122,6.06,-3.67,1.28,-4.606,3.776,-3.966,0.0788,0.1074,1.0213
12142,5.96,-3.63,1.13,-5.232,2.784,-7.699,0.0740,0.1072,1.0206
12162,5.85,-3.60,1.04,-5.720,1.921,-4.447,0.0687,0.1058,1.0160
12182,5.73,-3.59,0.92,-6.171,0.990,-5.928,0.0674,0.1053,1.0212
12202,5.59,-3.57,0.77,-7.530,1.333,-7.768,0.0680,0.1040,1.0215
12222,5.47,-3.56,0.67,-6.980,1.623,-4.630,0.0704,0.1038,1.0166
12242,5.35,-3.53,0.62,-6.865,2.005,-2.943,0.0696,0.1021,1.0181
12262,5.23,-3.49,0.62,-6.698,2.692,0.000,0.0672,0.1017,1.0147
12282,5.13,-3.41,0.66,-6.400,3.753,2.331,0.0606,0.1024,1.0099
12302,5.06,-3.32,0.69,-5.110,4.417,1.392,0.0561,0.1029,1.0095
12322,5.01,-3.21,0.71,-4.316,4.753,1.225,0.0531,0.1028,1.0061
12342,4.98,-3.12,0.74,-3.240,4.455,1.270,0.0505,0.1008,1.0065
12362,4.97,-3.02,0.71,-1.850,3.791,-1.348,0.0437,0.1020,1.0065
12382,4.98,-2.94,0.71,-1.011,2.402,-0.302,0.0399,0.0985,1.0049
12402,5.00,-2.90,0.71,0.000,0.356,0.000,0.0383,0.0952,1.0067
12422,5.02,-2.89,0.71,0.951,-1.025,0.000,0.0389,0.0927,1.0081
12442,5.07,-2.90,0.70,1.997,-1.896,-0.394,0.0396,0.0919,1.0095
12462,5.10,-2.91,0.69,1.386,-1.651,-0.699,0.0413,0.0920,1.0105
12482,5.11,-2.92,0.67,0.264,-1.453,-0.661,0.0438,0.0929,1.0113
12502,5.11,-2.91,0.64,-0.430,0.000,-1.493,0.0465,0.0918,1.0128
12522,5.08,-2.89,0.69,-0.751,0.662,2.400,0.0475,0.0864,1.0125
12542,5.06,-2.86,0.72,-0.537,1.287,1.331,0.0506,0.0856,1.0151
12562,5.03,-2.83,0.76,-1.240,1.356,2.041,0.0495,0.0876,1.0130
12582,4.99,-2.80,0.77,-1.644,1.600,0.599,0.0502,0.0848,1.0146
12602,4.97,-2.78,0.78,-0.995,1.295,0.476,0.0524,0.0885,1.0142
12622,4.95,-2.77,0.78,-1.148,1.036,0.000,0.0508,0.0888,1.0145
12642,4.93,-2.76,0.78,-1.018,0.242,0.000,0.0490,0.0872,1.0142
12662,4.91,-2.77,0.78,-0.621,-0.484,0.000,0.0475,0.0854,1.0137
12682,4.91,-2.78,0.78,0.000,-0.774,0.000,0.0467,0.0844,1.0142
12702,4.90,-2.78,0.77,0.257,-0.636,-0.340,0.0472,0.0834,1.0139
12722,4.90,-2.79,0.77,0.287,-0.293,0.000,0.0480,0.0839,1.0142
12742,4.91,-2.78,0.77,0.661,0.000,0.000,0.0489,0.0843,1.0134
12762,4.91,-2.77,0.77,0.394,0.639,0.000,0.0489,0.0848,1.0140
12782,4.91,-2.76,0.77,0.000,0.471,0.000,0.0479,0.0847,1.0139
12802,4.89,-2.75,0.77,-0.469,0.272,0.000,0.0466,0.0849,1.0155
12822,4.88,-2.74,0.78,-0.598,0.000,0.476,0.0470,0.0842,1.0160
12842,4.85,-2.75,0.83,-0.759,-0.476,2.461,0.0492,0.0807,1.0182
12862,4.84,-2.77,0.91,0.000,-0.338,3.896,0.0541,0.0827,1.0207
12882,4.83,-2.78,0.97,0.000,0.000,3.041,0.0524,0.0820,1.0150
12902,4.83,-2.77,0.98,0.249,0.287,0.347,0.0505,0.0840,1.0178
12922,4.84,-2.75,0.98,0.646,0.944,0.000,0.0483,0.0847,1.0158
12942,4.84,-2.74,0.98,0.432,0.623,0.000,0.0473,0.0840,1.0160
12962,4.84,-2.73,0.99,0.356,0.433,0.553,0.0477,0.0823,1.0188
12982,4.83,-2.73,0.99,0.000,-0.216,0.347,0.0477,0.0820,1.0196
13002,4.81,-2.73,0.99,-0.812,-0.300,0.000,0.0470,0.0819,1.0205
13022,4.79,-2.73,0.99,-0.606,-0.445,0.000,0.0462,0.0819,1.0195
13042,4.77,-2.73,0.98,-0.385,-0.201,-0.516,0.0465,0.0820,1.0172
13062,4.76,-2.73,0.98,0.000,0.000,-0.226,0.0471,0.0814,1.0164
13082,4.76,-2.72,0.98,0.000,0.249,0.000,0.0477,0.0811,1.0149
13102,4.76,-2.72,0.98,0.486,0.287,0.000,0.0483,0.0804,1.0155
13122,4.75,-2.71,0.98,0.333,0.249,0.000,0.0479,0.0811,1.0160
13142,4.76,-2.71,0.98,0.287,0.000,0.000,0.0472,0.0824,1.0157
13162,4.75,-2.71,0.98,0.000,-0.522,0.000,0.0458,0.0839,1.0164
13182,4.74,-2.72,0.98,-0.453,-0.491,0.000,0.0460,0.0840,1.0167
13202,4.73,-2.72,0.98,-0.423,0.000,0.000,0.0483,0.0833,1.0168
13222,4.72,-2.72,0.98,-0.491,0.000,0.000,0.0483,0.0827,1.0165
13242,4.72,-2.71,0.99,0.000,0.463,0.484,0.0496,0.0817,1.0152
13262,4.71,-2.71,0.99,0.000,0.448,0.000,0.0503,0.0815,1.0153
13282,4.70,-2.71,0.99,0.000,0.000,0.000,0.0495,0.0803,1.0149
13302,4.72,-2.71,0.98,0.982,0.000,-0.447,0.0484,0.0817,1.0144
13322,4.73,-2.71,0.95,0.684,-0.254,-1.676,0.0456,0.0839,1.0148
13342,4.73,-2.71,0.94,-0.232,-0.461,-0.325,0.0446,0.0851,1.0142
13362,4.73,-2.72,0.93,-0.423,-0.804,-0.623,0.0445,0.0854,1.0148
13382,4.72,-2.71,0.94,-0.278,0.000,0.599,0.0462,0.0852,1.0145
13402,4.72,-2.71,0.93,-0.537,0.000,-0.340,0.0470,0.0850,1.0149
13422,4.70,-2.70,0.91,-0.698,0.280,-1.348,0.0455,0.0835,1.0165
13442,4.70,-2.68,0.90,0.000,0.539,-0.524,0.0459,0.0822,1.0157
13462,4.70,-2.68,0.90,0.371,0.000,0.000,0.0483,0.0806,1.0163
13482,4.69,-2.69,0.90,0.000,-0.262,0.000,0.0491,0.0813,1.0170
13502,4.70,-2.71,0.90,0.364,-0.514,0.000,0.0499,0.0834,1.0165
13522,4.70,-2.72,0.89,0.000,-0.522,-0.279,0.0493,0.0845,1.0168
13542,4.71,-2.72,0.89,0.000,-0.308,0.000,0.0486,0.0849,1.0164
13562,4.71,-2.72,0.89,0.000,0.000,0.000,0.0485,0.0843,1.0163
13582,4.70,-2.71,0.89,-0.377,0.478,0.000,0.0481,0.0834,1.0169
13602,4.70,-2.71,0.89,0.000,0.272,0.225,0.0479,0.0828,1.0168
13622,4.69,-2.71,0.89,0.000,0.000,-0.447,0.0482,0.0823,1.0164
13642,4.69,-2.71,0.87,0.000,0.000,-0.653,0.0476,0.0827,1.0174
13662,4.68,-2.71,0.81,-0.217,-0.529,-3.363,0.0442,0.0815,1.0177
13682,4.68,-2.71,0.81,0.000,-0.659,0.316,0.0456,0.0819,1.0150
13702,4.68,-2.72,0.76,0.000,-0.835,-2.386,0.0441,0.0841,1.0173
13722,4.69,-2.72,0.77,0.000,-0.514,0.370,0.0443,0.0853,1.0143
13742,4.69,-2.71,0.76,0.000,0.000,-0.478,0.0446,0.0859,1.0146
13762,4.70,-2.69,0.76,0.000,0.684,0.000,0.0459,0.0854,1.0156
13782,4.70,-2.68,0.76,0.000,0.471,0.000,0.0472,0.0841,1.0141
13802,4.70,-2.67,0.75,0.000,0.692,-0.646,0.0481,0.0837,1.0154
13822,4.69,-2.66,0.73,-0.247,0.448,-0.890,0.0476,0.0833,1.0169
13842,4.68,-2.67,0.72,-0.392,-0.369,-0.684,0.0458,0.0810,1.0176
13862,4.67,-2.67,0.70,0.234,-0.789,-0.821,0.0446,0.0777,1.0165
13882,4.67,-2.68,0.69,0.409,-0.392,-0.600,0.0466,0.0796,1.0163
13902,4.67,-2.69,0.68,0.000,-0.606,-0.317,0.0460,0.0803,1.0172
13922,4.66,-2.69,0.67,0.000,0.000,-0.524,0.0475,0.0791,1.0172
13942,4.67,-2.69,0.67,0.791,0.000,-0.325,0.0480,0.0791,1.0161
13962,4.66,-2.68,0.67,0.000,0.440,0.000,0.0486,0.0803,1.0155
13982,4.64,-2.65,0.63,-0.904,1.142,-1.661,0.0436,0.0823,1.0165
14002,4.60,-2.61,0.66,-1.545,1.616,1.545,0.0436,0.0786,1.0189
14022,4.58,-2.52,0.59,-0.965,3.662,-3.638,0.0398,0.0828,1.0264
14042,4.59,-2.42,0.56,0.432,4.509,-1.554,0.0388,0.0799,1.0183
14062,4.62,-2.29,0.57,1.860,6.891,0.408,0.0447,0.0813,1.0199
14082,4.68,-2.10,0.56,2.509,9.738,-0.295,0.0381,0.0867,1.0187
14102,4.75,-1.90,0.61,3.661,11.776,2.614,0.0468,0.0847,1.0145
14122,4.86,-1.61,0.69,5.302,14.997,3.721,0.0365,0.0848,1.0137
14142,4.98,-1.32,0.76,6.745,16.478,3.728,0.0401,0.0836,1.0120
14162,5.16,-0.99,0.84,8.844,18.807,3.629,0.0370,0.0907,1.0097
14182,5.40,-0.63,0.87,12.677,20.242,1.644,0.0272,0.0924,1.0071
14202,5.59,-0.22,0.79,9.715,22.463,-4.088,0.0210,0.0930,1.0052
14222,5.85,0.30,0.84,14.371,26.226,2.866,-0.0037,0.0925,1.0024
14242,6.15,0.78,0.92,15.829,26.593,3.728,0.0081,0.1021,1.0042
14262,6.48,1.35,0.94,18.051,32.036,1.186,0.0076,0.0981,1.0050
14282,6.82,1.98,1.00,20.364,35.120,2.942,-0.0065,0.0931,1.0073
14302,7.17,2.62,1.06,22.142,38.188,3.118,0.0078,0.0876,1.0092
14322,7.60,3.42,1.14,25.799,45.318,3.660,-0.0141,0.0983,1.0075
14342,8.03,4.24,1.26,26.921,48.562,6.240,-0.0103,0.0951,1.0042
14362,8.55,5.19,1.33,31.753,55.944,3.209,-0.0208,0.1009,1.0050
14382,9.16,6.23,1.28,34.173,60.486,-2.142,-0.0372,0.1315,1.0036
14402,9.75,7.35,1.33,34.906,67.142,2.492,-0.0372,0.1233,1.0008
14422,10.39,8.55,1.49,37.730,71.799,7.736,-0.0480,0.1344,0.9963
14442,11.02,9.82,1.62,36.272,75.761,6.652,-0.0693,0.1526,0.9954
14462,11.58,11.14,1.77,32.364,78.547,7.644,-0.0910,0.1656,0.9879
14482,12.05,12.48,2.06,26.127,79.738,14.270,-0.1124,0.1877,0.9833
14502,12.40,13.80,2.35,20.112,78.616,14.301,-0.1365,0.1940,0.9929
14522,12.73,15.05,2.72,18.318,76.356,18.797,-0.1507,0.2118,0.9931
14542,12.99,16.35,3.15,13.035,77.326,21.240,-0.1879,0.2242,0.9852
14562,13.18,17.62,3.68,10.409,76.028,26.721,-0.2052,0.2226,0.9840
14582,13.41,19.00,4.38,11.638,80.043,34.866,-0.2418,0.2270,0.9608
14602,13.67,20.13,4.95,12.241,73.066,28.507,-0.2152,0.2478,0.9797
14622,13.98,21.52,5.21,14.211,80.967,13.049,-0.2872,0.2508,0.9608
14642,14.24,22.69,5.97,12.188,74.371,37.904,-0.2657,0.2448,0.9480
14662,14.53,24.02,6.30,12.241,80.318,16.767,-0.3067,0.2691,0.9516
14682,14.70,25.28,6.72,5.402,76.761,20.812,-0.3291,0.2712,0.9349
14702,14.94,26.58,7.23,4.142,78.807,25.469,-0.3373,0.2999,0.8841
14722,15.02,27.79,7.82,-5.369,74.295,29.492,-0.3648,0.3119,0.8821
14742,15.05,28.98,8.21,-6.995,71.326,19.599,-0.3964,0.3026,0.8717
14762,15.04,30.06,8.90,-9.339,64.303,34.751,-0.4207,0.2958,0.8461
14782,15.03,31.01,9.64,-9.385,57.104,36.858,-0.4498,0.2975,0.8510
14802,14.99,31.72,10.09,-9.774,44.990,22.278,-0.4535,0.2845,0.8406
14822,15.03,32.30,10.37,-6.552,35.440,14.011,-0.4855,0.2852,0.8232
14842,15.02,32.71,10.84,-7.148,25.654,23.545,-0.5002,0.2697,0.8141
14862,15.04,32.90,11.39,-6.835,14.585,27.660,-0.5031,0.2759,0.8125
14882,14.98,32.96,11.91,-13.713,6.952,26.087,-0.5186,0.2934,0.8055
14902,14.82,32.96,12.45,-20.720,3.891,26.705,-0.5223,0.3094,0.8087
14922,14.55,32.96,12.80,-28.446,2.463,17.789,-0.5383,0.3223,0.8068
14942,14.15,32.94,13.28,-35.400,1.608,24.026,-0.5291,0.3149,0.7972
14962,13.70,32.96,13.83,-41.499,3.242,27.507,-0.5389,0.3360,0.7960
14982,13.20,33.01,14.16,-43.858,4.593,16.484,-0.5405,0.3267,0.8055
15002,12.70,33.09,14.62,-44.545,5.639,22.690,-0.5417,0.3234,0.7914
15022,12.26,33.17,15.00,-42.568,5.975,19.309,-0.5475,0.3236,0.8020
15042,11.96,33.27,15.27,-35.751,5.555,13.392,-0.5520,0.3178,0.7893
15062,11.76,33.34,15.65,-28.873,3.997,18.736,-0.5512,0.3018,0.7905
15082,11.75,33.39,15.86,-18.537,1.646,10.820,-0.5635,0.2940,0.7889
15102,11.87,33.41,16.09,-10.949,0.000,11.423,-0.5596,0.2857,0.7837
15122,12.11,33.42,16.24,-4.407,-0.239,7.606,-0.5623,0.2866,0.7871
15142,12.44,33.45,16.32,1.035,0.715,3.744,-0.5610,0.2841,0.7886
15162,12.79,33.51,16.39,2.989,2.211,3.698,-0.5586,0.2842,0.7872
15182,13.11,33.57,16.49,1.539,3.608,4.774,-0.5574,0.2860,0.7922
15202,13.35,33.66,16.63,-1.514,5.104,7.064,-0.5557,0.2887,0.7933
15222,13.52,33.76,16.81,-5.591,5.807,9.057,-0.5579,0.2933,0.7953
15242,13.60,33.85,17.01,-9.766,5.593,10.018,-0.5583,0.2935,0.7949
15262,13.63,33.95,17.12,-12.598,5.692,5.652,-0.5676,0.2967,0.8003
15282,13.63,34.02,17.20,-13.598,4.013,3.896,-0.5641,0.2934,0.7950
15302,13.67,34.06,17.29,-12.011,2.593,4.644,-0.5670,0.2923,0.7938
15322,13.73,34.07,17.27,-9.285,0.000,-1.172,-0.5749,0.2831,0.7949
15342,13.83,34.03,17.28,-5.262,-2.873,0.538,-0.5761,0.2714,0.7915
15362,14.01,33.98,17.28,-1.293,-4.590,0.000,-0.5826,0.2709,0.7938
15382,14.24,33.90,17.28,2.448,-5.575,-0.233,-0.5787,0.2659,0.7931
15402,14.49,33.83,17.28,4.478,-4.293,0.000,-0.5743,0.2666,0.7958
15422,14.74,33.81,17.27,3.707,-1.560,-0.272,-0.5680,0.2718,0.7959
15442,14.94,33.83,17.27,1.715,1.417,-0.264,-0.5632,0.2752,0.8002
15462,15.10,33.89,17.27,0.000,3.585,0.263,-0.5592,0.2731,0.8005
15482,15.23,33.95,17.24,-1.178,4.150,-1.440,-0.5602,0.2754,0.8021
15502,15.35,33.98,17.25,-1.469,2.616,0.591,-0.5615,0.2750,0.8001
15522,15.48,33.99,17.25,-0.888,0.822,0.000,-0.5626,0.2735,0.7991
15542,15.60,33.95,17.26,-0.339,-1.674,0.278,-0.5641,0.2710,0.7990
15562,15.75,33.89,17.26,1.432,-3.041,-0.203,-0.5657,0.2698,0.7976
15582,15.91,33.82,17.26,2.051,-3.132,0.000,-0.5629,0.2699,0.8003
15602,16.01,33.77,17.36,0.524,-1.232,5.431,-0.5554,0.2665,0.8051
15622,16.10,33.76,17.49,-2.530,1.257,6.492,-0.5508,0.2809,0.8015
15642,16.14,33.77,17.59,-4.453,3.402,4.873,-0.5385,0.2832,0.8052
15662,16.15,33.82,17.72,-6.186,5.700,6.515,-0.5368,0.2821,0.8014
15682,16.13,33.86,17.84,-7.720,5.768,5.667,-0.5361,0.2807,0.8034
15702,16.09,33.91,17.98,-7.843,4.753,7.484,-0.5423,0.2754,0.8001
15722,16.09,33.91,18.08,-5.919,2.608,4.614,-0.5457,0.2744,0.8040
15742,16.13,33.89,18.04,-3.965,1.020,-1.699,-0.5519,0.2781,0.8041
15762,16.18,33.85,18.10,-4.125,-1.216,2.622,-0.5562,0.2768,0.7951
15782,16.24,33.79,18.13,-2.820,-2.537,1.675,-0.5591,0.2768,0.7994
15802,16.32,33.74,18.18,-1.346,-1.995,2.759,-0.5584,0.2722,0.7981
15822,16.40,33.70,18.18,-0.682,-1.384,0.000,-0.5627,0.2743,0.8037
15842,16.49,33.70,18.19,-0.675,0.000,0.247,-0.5619,0.2731,0.8020
15862,16.58,33.71,18.18,0.000,1.043,-0.302,-0.5618,0.2742,0.8053
15882,16.67,33.73,18.21,0.000,1.837,1.553,-0.5616,0.2733,0.8042
15902,16.77,33.76,18.20,0.448,1.692,-0.592,-0.5650,0.2758,0.8038
15922,16.86,33.78,18.22,0.356,0.913,0.744,-0.5666,0.2745,0.8024
15942,16.93,33.78,18.22,0.000,0.000,0.000,-0.5670,0.2723,0.8031
15962,17.00,33.75,18.22,0.000,-1.178,0.217,-0.5670,0.2710,0.8048
15982,17.06,33.72,18.21,-0.407,-1.713,-0.371,-0.5662,0.2718,0.8043
16002,17.12,33.69,18.21,-0.224,-1.247,0.000,-0.5654,0.2730,0.8046
16022,17.18,33.68,18.21,-0.301,-0.216,-0.233,-0.5643,0.2729,0.8053
16042,17.24,33.69,18.21,0.000,0.814,0.000,-0.5632,0.2716,0.8061
16062,17.30,33.71,18.22,0.203,1.219,0.438,-0.5627,0.2710,0.8061
16082,17.35,33.72,18.22,0.341,1.211,0.324,-0.5633,0.2712,0.8060
16102,17.41,33.73,18.22,0.386,0.906,0.000,-0.5648,0.2712,0.8054
16122,17.47,33.73,18.22,0.280,0.000,0.000,-0.5661,0.2718,0.8056
16142,17.51,33.71,18.22,0.000,-0.964,0.000,-0.5668,0.2717,0.8057
16162,17.55,33.69,18.22,-0.331,-1.285,0.000,-0.5665,0.2721,0.8053
16182,17.59,33.67,18.22,-0.438,-0.827,0.000,-0.5654,0.2724,0.8052
16202,17.63,33.66,18.22,-0.392,-0.216,0.000,-0.5641,0.2719,0.8054
16222,17.67,33.67,18.22,0.000,0.639,0.000,-0.5631,0.2713,0.8055
16242,17.70,33.68,18.23,0.000,0.959,0.316,-0.5624,0.2707,0.8056
16262,17.71,33.70,18.28,-0.484,1.402,2.461,-0.5616,0.2658,0.8052
16282,17.71,33.71,18.31,-0.575,1.333,1.492,-0.5615,0.2602,0.8081
16302,17.72,33.73,18.30,-0.827,0.891,-0.386,-0.5637,0.2691,0.8050
16322,17.74,33.72,18.31,-1.224,0.000,0.484,-0.5636,0.2710,0.8021
16342,17.75,33.70,18.34,-0.980,-0.789,1.385,-0.5627,0.2682,0.8040
16362,17.75,33.68,18.37,-1.026,-0.949,1.675,-0.5624,0.2659,0.8039
16382,17.77,33.66,18.36,0.000,-0.651,-0.493,-0.5639,0.2653,0.8068
16402,17.79,33.66,18.37,-0.278,0.000,0.499,-0.5640,0.2665,0.8036
16422,17.80,33.67,18.41,-0.743,0.532,1.782,-0.5643,0.2688,0.8040
16442,17.79,33.69,18.48,-1.499,1.112,3.538,-0.5616,0.2651,0.8038
16462,17.78,33.70,18.51,-1.094,1.516,1.324,-0.5579,0.2643,0.8085
16482,17.81,33.74,18.40,-0.972,2.326,-5.310,-0.5668,0.2762,0.8085
16502,17.82,33.77,18.44,-1.957,1.196,1.789,-0.5680,0.2774,0.7997
16522,17.83,33.77,18.45,-1.606,0.000,0.469,-0.5680,0.2745,0.8058
16542,17.84,33.76,18.47,-0.690,-0.575,1.324,-0.5665,0.2669,0.8043
16562,17.88,33.73,18.45,0.669,-1.392,-1.104,-0.5679,0.2689,0.8049
16582,17.92,33.71,18.45,0.509,-1.087,0.000,-0.5683,0.2709,0.8032
16602,17.95,33.70,18.45,0.455,-0.812,0.000,-0.5666,0.2710,0.8038
16622,17.98,33.70,18.46,0.000,0.249,0.660,-0.5643,0.2700,0.8055
16642,18.00,33.71,18.46,0.000,0.975,0.000,-0.5630,0.2687,0.8052
16662,18.00,33.73,18.46,-0.514,1.394,-0.310,-0.5634,0.2690,0.8062
16682,18.01,33.75,18.46,-0.545,1.020,0.347,-0.5637,0.2689,0.8039
16702,18.03,33.75,18.46,0.000,0.280,0.000,-0.5653,0.2674,0.8045
16722,18.04,33.74,18.47,0.000,-0.545,0.232,-0.5656,0.2662,0.8039
16742,18.06,33.72,18.47,0.501,-1.155,0.000,-0.5648,0.2664,0.8045
16762,18.08,33.69,18.47,0.448,-1.025,0.000,-0.5639,0.2681,0.8043
16782,18.10,33.68,18.46,0.000,-0.369,-0.256,-0.5632,0.2692,0.8043
16802,18.12,33.68,18.47,0.000,0.000,0.209,-0.5627,0.2696,0.8050
16822,18.13,33.69,18.47,0.000,0.952,0.000,-0.5617,0.2694,0.8061
16842,18.14,33.70,18.47,-0.247,1.226,0.232,-0.5623,0.2693,0.8063
16862,18.15,33.71,18.47,0.000,0.768,-0.211,-0.5634,0.2685,0.8048
16882,18.16,33.71,18.47,0.000,0.219,0.000,-0.5644,0.2678,0.8043
16902,18.18,33.70,18.47,0.249,-0.629,0.000,-0.5653,0.2676,0.8027
16922,18.20,33.69,18.47,0.356,-0.789,0.000,-0.5661,0.2673,0.8026
16942,18.21,33.68,18.47,0.000,-0.774,0.000,-0.5651,0.2683,0.8028
16962,18.21,33.67,18.46,-0.209,-0.247,-0.256,-0.5647,0.2684,0.8040
16982,18.22,33.68,18.47,-0.522,0.578,0.324,-0.5638,0.2690,0.8039
17002,18.22,33.69,18.47,-0.262,0.700,0.000,-0.5629,0.2682,0.8047
17022,18.23,33.70,18.47,0.000,0.646,0.000,-0.5629,0.2681,0.8043
17042,18.24,33.70,18.47,0.448,0.371,0.270,-0.5635,0.2679,0.8038
17062,18.26,33.70,18.47,0.539,-0.224,0.000,-0.5642,0.2683,0.8041
17082,18.28,33.69,18.45,0.554,-0.499,-1.172,-0.5665,0.2692,0.8028
17102,18.29,33.67,18.46,0.386,-0.713,0.583,-0.5642,0.2639,0.8059
17122,18.28,33.65,18.46,0.455,-0.919,-0.310,-0.5636,0.2624,0.8090
17142,18.29,33.64,18.44,0.539,-0.346,-0.798,-0.5641,0.2667,0.8071
17162,18.30,33.64,18.44,0.000,0.249,0.000,-0.5644,0.2705,0.8074
17182,18.29,33.65,18.45,-0.934,0.646,0.301,-0.5647,0.2709,0.8082
17202,18.27,33.66,18.49,-1.407,0.852,2.415,-0.5629,0.2685,0.8074
17222,18.25,33.66,18.56,-0.850,0.875,3.316,-0.5608,0.2656,0.8092
17242,18.25,33.66,18.61,-0.774,0.959,2.576,-0.5569,0.2709,0.8074
17262,18.24,33.66,18.69,-2.178,1.272,3.973,-0.5491,0.2780,0.8003
17282,18.21,33.65,18.77,-3.385,1.379,4.095,-0.5463,0.2770,0.8007
17302,18.16,33.65,18.88,-4.148,1.608,5.095,-0.5450,0.2735,0.7993
17322,18.10,33.64,18.95,-4.117,1.364,3.675,-0.5454,0.2706,0.8016
17342,18.03,33.63,18.99,-4.339,1.074,1.812,-0.5458,0.2688,0.8008
17362,17.98,33.60,19.04,-4.125,0.242,2.812,-0.5445,0.2689,0.8005
17382,17.94,33.58,19.09,-2.682,0.000,2.408,-0.5469,0.2668,0.8007
17402,17.93,33.54,19.11,-2.079,-1.025,0.805,-0.5509,0.2687,0.8004
17422,17.93,33.50,19.11,-0.430,-1.033,0.000,-0.5511,0.2646,0.8048
17442,17.95,33.48,19.06,0.218,-0.705,-2.371,-0.5574,0.2667,0.8064
17462,17.97,33.47,19.06,0.000,-0.545,0.270,-0.5601,0.2669,0.8027
17482,17.98,33.46,19.06,-0.217,-0.247,0.000,-0.5622,0.2668,0.8067
17502,17.94,33.47,19.18,-1.743,0.539,5.705,-0.5584,0.2612,0.8100
17522,17.89,33.48,19.27,-3.018,1.387,4.820,-0.5587,0.2647,0.8111
17542,17.81,33.54,19.44,-5.270,3.287,8.461,-0.5590,0.2687,0.8060
17562,17.71,33.61,19.47,-5.904,3.845,1.392,-0.5597,0.2655,0.8062
17582,17.63,33.67,19.45,-5.835,3.860,-1.287,-0.5586,0.2693,0.8099
17602,17.56,33.70,19.43,-5.362,1.608,-0.844,-0.5637,0.2686,0.8026
17622,17.53,33.67,19.42,-3.056,-1.705,-0.279,-0.5667,0.2647,0.8031
17642,17.55,33.60,19.39,0.425,-4.300,-1.730,-0.5686,0.2600,0.8051
17662,17.65,33.50,19.32,3.669,-6.163,-3.310,-0.5729,0.2639,0.8013
17682,17.73,33.38,19.28,4.531,-6.537,-2.096,-0.5618,0.2562,0.8062
17702,17.80,33.29,19.30,4.051,-4.819,1.072,-0.5619,0.2562,0.8087
17722,17.85,33.27,19.30,2.501,-1.560,-0.340,-0.5621,0.2608,0.8123
17742,17.84,33.29,19.34,-0.904,1.936,2.049,-0.5570,0.2662,0.8161
17762,17.76,33.37,19.43,-4.927,4.852,4.744,-0.5526,0.2645,0.8138
17782,17.68,33.47,19.46,-5.308,6.845,1.194,-0.5501,0.2731,0.8146
17802,17.61,33.56,19.48,-4.850,5.891,1.011,-0.5536,0.2676,0.8110
17822,17.58,33.60,19.49,-2.629,2.639,0.484,-0.5597,0.2643,0.8102
17842,17.59,33.58,19.49,0.000,-1.438,0.000,-0.5654,0.2598,0.8060
17862,17.65,33.51,19.49,2.585,-4.338,0.000,-0.5684,0.2574,0.8056
17882,17.71,33.41,19.48,3.280,-5.674,-0.493,-0.5667,0.2560,0.8056
17902,17.78,33.35,19.44,3.066,-4.132,-1.844,-0.5654,0.2618,0.8037
17922,17.81,33.33,19.44,0.806,-1.438,0.225,-0.5592,0.2624,0.8048
17942,17.80,33.35,19.44,-1.018,1.875,0.000,-0.5538,0.2644,0.8084
17962,17.77,33.41,19.45,-2.232,3.768,0.591,-0.5529,0.2658,0.8084
17982,17.70,33.47,19.68,-4.018,4.478,11.392,-0.5460,0.2588,0.8087
18002,17.62,33.52,19.91,-4.331,4.204,11.125,-0.5500,0.2634,0.8151
18022,17.54,33.60,20.12,-7.178,4.593,10.736,-0.5642,0.2796,0.8089
18042,17.40,33.67,20.24,-10.262,3.433,6.110,-0.5740,0.2813,0.8180
18062,17.26,33.73,20.34,-10.469,2.692,4.759,-0.5780,0.2797,0.8149
18082,17.20,33.74,20.20,-8.117,1.074,-6.691,-0.5768,0.2922,0.8183
18102,17.13,33.71,20.28,-7.560,-1.254,3.652,-0.5667,0.2764,0.8050
18122,17.14,33.64,20.28,-3.385,-4.064,0.392,-0.5756,0.2797,0.8114
18142,17.18,33.54,20.32,-0.270,-5.430,2.018,-0.5705,0.2673,0.8078
18162,17.26,33.46,20.32,2.188,-4.873,0.000,-0.5760,0.2673,0.8149
18182,17.34,33.43,20.34,2.753,-2.461,0.698,-0.5739,0.2628,0.8124
18202,17.41,33.45,20.34,2.470,0.608,0.000,-0.5711,0.2647,0.8192
18222,17.45,33.52,20.37,0.364,3.524,1.629,-0.5680,0.2677,0.8178
18242,17.47,33.61,20.37,-1.140,4.906,0.000,-0.5686,0.2746,0.8187
18262,17.45,33.69,20.37,-3.041,4.478,0.000,-0.5692,0.2737,0.8170
18282,17.44,33.71,20.36,-2.125,1.562,-0.524,-0.5713,0.2683,0.8154
18302,17.46,33.69,20.37,-0.201,-1.193,0.316,-0.5724,0.2630,0.8141
18322,17.50,33.64,20.37,1.692,-3.422,0.000,-0.5733,0.2604,0.8119
18342,17.55,33.57,20.37,2.081,-3.934,0.000,-0.5714,0.2600,0.8130
18362,17.59,33.52,20.37,1.669,-2.529,0.000,-0.5665,0.2598,0.8130
18382,17.61,33.51,20.37,0.501,0.000,0.000,-0.5621,0.2620,0.8141
18402,17.60,33.54,20.37,-1.171,2.257,0.000,-0.5597,0.2634,0.8147
18422,17.57,33.59,20.37,-1.850,3.188,0.000,-0.5588,0.2625,0.8149
18442,17.55,33.62,20.37,-1.339,2.623,0.000,-0.5600,0.2598,0.8144
18462,17.55,33.64,20.37,-0.308,1.104,0.000,-0.5630,0.2571,0.8137
18482,17.57,33.61,20.33,1.318,-1.132,-1.913,-0.5644,0.2563,0.8131
18502,17.64,33.56,20.27,2.677,-2.598,-2.837,-0.5669,0.2618,0.8071
18522,17.70,33.51,20.15,3.738,-3.224,-6.195,-0.5687,0.2526,0.8094
18542,17.75,33.46,20.07,3.730,-3.247,-4.066,-0.5678,0.2509,0.8104
18562,17.81,33.42,19.99,4.135,-2.232,-3.684,-0.5625,0.2510,0.8101
18582,17.87,33.40,19.96,4.188,-0.667,-1.837,-0.5566,0.2557,0.8117
18602,17.94,33.41,19.94,3.631,0.829,-0.890,-0.5557,0.2593,0.8111
18622,17.98,33.44,19.93,2.287,2.005,-0.371,-0.5564,0.2630,0.8096
18642,18.00,33.47,19.88,1.264,1.959,-2.470,-0.5604,0.2613,0.8112
18662,18.01,33.49,19.81,0.615,1.074,-3.676,-0.5637,0.2623,0.8100
18682,18.01,33.49,19.81,0.982,0.000,0.000,-0.5630,0.2569,0.8107
18702,18.03,33.47,19.73,1.402,-1.659,-3.852,-0.5665,0.2576,0.8089
18722,18.02,33.43,19.73,0.325,-2.461,0.000,-0.5642,0.2559,0.8077
18742,18.00,33.38,19.72,0.623,-2.338,-0.378,-0.5583,0.2512,0.8101
18762,18.02,33.35,19.64,2.218,-1.247,-4.027,-0.5579,0.2567,0.8096
18782,18.07,33.34,19.56,2.058,-0.468,-3.974,-0.5584,0.2645,0.8067
18802,18.11,33.34,19.50,2.356,0.000,-3.027,-0.5571,0.2633,0.8081
18822,18.16,33.34,19.45,3.035,-0.209,-2.882,-0.5595,0.2626,0.8087
18842,18.22,33.33,19.43,3.425,-0.277,-0.600,-0.5613,0.2612,0.8098
18862,18.27,33.34,19.39,3.440,-0.300,-1.936,-0.5649,0.2617,0.8096
18882,18.30,33.35,19.38,2.142,0.000,-0.546,-0.5666,0.2628,0.8082
18902,18.33,33.35,19.38,1.562,0.000,0.000,-0.5626,0.2653,0.8122
18922,18.33,33.35,19.39,0.356,0.000,0.247,-0.5617,0.2680,0.8098
18942,18.32,33.36,19.38,-0.644,0.000,-0.592,-0.5638,0.2694,0.8112
18962,18.29,33.37,19.38,-1.163,0.433,0.000,-0.5645,0.2662,0.8106
18982,18.26,33.37,19.37,-1.026,0.000,-0.325,-0.5637,0.2640,0.8103
19002,18.25,33.37,19.37,-0.247,0.000,0.000,-0.5613,0.2621,0.8097
19022,18.24,33.37,19.37,0.478,-0.239,0.000,-0.5606,0.2594,0.8091
19042,18.23,33.37,19.37,0.806,-0.445,0.000,-0.5600,0.2581,0.8085
19062,18.23,33.36,19.37,0.852,-0.239,0.000,-0.5594,0.2580,0.8081
19082,18.21,33.36,19.37,0.234,0.000,0.000,-0.5588,0.2583,0.8081
19102,18.19,33.36,19.37,-0.400,0.000,0.000,-0.5585,0.2591,0.8079
19122,18.16,33.37,19.37,-0.682,0.455,0.000,-0.5588,0.2602,0.8086
19142,18.13,33.38,19.36,-0.957,0.341,-0.287,-0.5600,0.2603,0.8080
19162,18.11,33.38,19.36,-0.377,0.000,0.000,-0.5609,0.2589,0.8073
19182,18.09,33.38,19.36,0.000,-0.285,0.000,-0.5612,0.2582,0.8083
19202,18.08,33.38,19.36,0.448,-0.354,0.000,-0.5613,0.2580,0.8084
19222,18.08,33.38,19.36,0.623,-0.308,0.000,-0.5613,0.2586,0.8093
19242,18.07,33.38,19.36,0.318,0.000,0.000,-0.5612,0.2590,0.8088
19262,18.06,33.39,19.37,-0.232,0.287,0.217,-0.5611,0.2600,0.8086
19282,18.04,33.40,19.37,-0.598,0.303,0.000,-0.5611,0.2603,0.8085
19302,18.02,33.40,19.37,-0.629,0.000,0.000,-0.5616,0.2593,0.8080
19322,18.00,33.41,19.37,-0.346,0.000,0.000,-0.5626,0.2591,0.8081
19342,18.00,33.41,19.38,0.272,0.000,0.576,-0.5618,0.2584,0.8089
19362,17.99,33.41,19.39,0.000,0.000,0.293,-0.5613,0.2612,0.8070
19382,18.00,33.42,19.39,0.000,0.000,0.000,-0.5620,0.2636,0.8063
19402,18.00,33.43,19.40,-0.209,0.204,0.469,-0.5617,0.2634,0.8046
19422,17.99,33.44,19.40,-0.659,0.394,0.000,-0.5615,0.2630,0.8063
19442,17.98,33.44,19.41,-0.446,0.211,0.476,-0.5612,0.2614,0.8065
19462,17.97,33.44,19.41,0.000,0.000,0.000,-0.5611,0.2596,0.8078
19482,17.96,33.44,19.42,0.000,-0.270,0.751,-0.5618,0.2592,0.8082
19502,17.93,33.44,19.46,-0.896,-0.216,2.026,-0.5612,0.2569,0.8088
19522,17.91,33.44,19.47,-0.362,0.410,0.698,-0.5598,0.2542,0.8115
19542,17.90,33.46,19.47,-0.339,0.578,-0.218,-0.5616,0.2622,0.8074
19562,17.89,33.48,19.48,-0.827,1.036,0.263,-0.5601,0.2611,0.8072
19582,17.87,33.49,19.49,-0.713,0.707,0.767,-0.5597,0.2581,0.8091
19602,17.86,33.49,19.49,0.000,0.242,-0.287,-0.5606,0.2565,0.8077
19622,17.85,33.48,19.49,0.524,-0.384,0.408,-0.5614,0.2567,0.8105
19642,17.84,33.47,19.51,0.000,-0.720,1.057,-0.5612,0.2562,0.8098
19662,17.83,33.46,19.51,0.000,-0.384,-0.356,-0.5613,0.2574,0.8111
19682,17.82,33.46,19.50,-0.407,0.000,-0.386,-0.5625,0.2601,0.8092
19702,17.82,33.46,19.50,-0.575,0.000,0.000,-0.5626,0.2607,0.8081
19722,17.81,33.47,19.51,-0.369,0.341,0.309,-0.5619,0.2592,0.8087
19742,17.80,33.47,19.52,0.000,0.219,0.522,-0.5616,0.2580,0.8089
19762,17.79,33.48,19.52,0.000,0.272,0.000,-0.5609,0.2563,0.8097
19782,17.79,33.48,19.52,0.516,0.000,0.000,-0.5611,0.2556,0.8093
19802,17.78,33.47,19.53,0.000,-0.224,0.553,-0.5619,0.2563,0.8085
19822,17.74,33.47,19.57,-1.056,-0.201,1.965,-0.5602,0.2525,0.8117
19842,17.73,33.48,19.55,-0.407,0.524,-0.775,-0.5628,0.2566,0.8110
19862,17.72,33.50,19.56,-1.499,0.700,0.675,-0.5629,0.2641,0.8050
19882,17.69,33.50,19.59,-1.591,0.829,1.232,-0.5574,0.2611,0.8090
19902,17.67,33.51,19.61,-0.751,0.936,0.843,-0.5552,0.2565,0.8106
19922,17.67,33.50,19.61,0.000,0.000,0.202,-0.5582,0.2553,0.8085
19942,17.66,33.49,19.66,-0.690,-0.316,2.316,-0.5598,0.2579,0.8068
19962,17.64,33.47,19.69,-0.224,-0.384,1.873,-0.5558,0.2536,0.8095
19982,17.63,33.45,19.69,0.000,-0.331,-0.394,-0.5550,0.2538,0.8124
20002,17.63,33.45,19.67,0.000,0.000,-0.905,-0.5581,0.2582,0.8107
20022,17.63,33.45,19.67,-0.568,0.242,0.000,-0.5611,0.2603,0.8089
20042,17.63,33.46,19.68,-0.430,0.371,0.622,-0.5611,0.2590,0.8082
20062,17.62,33.45,19.69,0.000,0.000,0.705,-0.5599,0.2562,0.8113
20082,17.61,33.45,19.71,0.000,0.000,1.003,-0.5589,0.2537,0.8132
20102,17.61,33.45,19.71,0.000,0.000,0.000,-0.5619,0.2573,0.8117
20122,17.59,33.44,19.75,-0.736,0.000,2.018,-0.5594,0.2573,0.8132
20142,17.58,33.44,19.75,-0.606,0.402,0.000,-0.5596,0.2578,0.8139
20162,17.58,33.44,19.75,-0.591,0.000,-0.302,-0.5619,0.2606,0.8117
20182,17.58,33.44,19.75,-0.430,0.000,0.000,-0.5636,0.2608,0.8111
20202,17.58,33.44,19.75,0.000,0.000,0.000,-0.5635,0.2591,0.8111
20222,17.59,33.44,19.76,0.333,0.000,0.415,-0.5628,0.2579,0.8109
20242,17.61,33.44,19.76,0.463,0.000,0.000,-0.5624,0.2584,0.8103
20262,17.62,33.45,19.75,0.295,0.326,-0.340,-0.5620,0.2593,0.8106
20282,17.62,33.45,19.75,0.000,0.000,0.000,-0.5632,0.2603,0.8100
20302,17.63,33.46,19.75,-0.262,0.249,0.000,-0.5635,0.2603,0.8101
20322,17.63,33.46,19.75,0.000,0.000,0.000,-0.5630,0.2596,0.8106
20342,17.63,33.46,19.75,0.000,0.000,0.000,-0.5626,0.2580,0.8117
20362,17.63,33.46,19.75,0.000,0.000,0.000,-0.5619,0.2574,0.8101
20382,17.64,33.46,19.75,0.348,0.000,0.000,-0.5625,0.2583,0.8099
20402,17.65,33.46,19.75,0.295,0.000,0.000,-0.5627,0.2587,0.8092
20422,17.65,33.46,19.75,0.000,0.000,0.000,-0.5624,0.2589,0.8095
20442,17.66,33.46,19.75,0.000,0.000,0.000,-0.5620,0.2589,0.8097
20462,17.66,33.47,19.75,0.000,0.310,0.000,-0.5619,0.2591,0.8093
20482,17.66,33.48,19.75,-0.331,0.265,0.000,-0.5622,0.2596,0.8089
20502,17.66,33.48,19.75,-0.232,0.000,0.000,-0.5625,0.2591,0.8089
20522,17.66,33.48,19.75,0.000,-0.201,0.000,-0.5630,0.2583,0.8092
20542,17.66,33.47,19.75,0.000,-0.407,0.000,-0.5632,0.2576,0.8093
20562,17.66,33.47,19.75,0.000,-0.201,-0.211,-0.5629,0.2575,0.8104
20582,17.66,33.47,19.75,0.000,0.000,0.000,-0.5627,0.2584,0.8099
20602,17.66,33.47,19.75,0.000,0.000,0.232,-0.5626,0.2586,0.8102
20622,17.66,33.48,19.76,-0.232,0.204,0.370,-0.5628,0.2576,0.8105
20642,17.64,33.48,19.79,-0.743,0.000,1.705,-0.5625,0.2557,0.8109
20662,17.63,33.49,19.78,0.000,0.326,-0.554,-0.5642,0.2552,0.8120
20682,17.63,33.49,19.78,0.000,-0.209,-0.218,-0.5663,0.2566,0.8096
20702,17.63,33.50,19.78,0.000,0.000,0.000,-0.5660,0.2579,0.8087
20722,17.63,33.50,19.79,0.000,0.000,0.538,-0.5643,0.2577,0.8096
20742,17.63,33.50,19.79,0.241,-0.254,0.286,-0.5630,0.2564,0.8101
20762,17.64,33.50,19.79,0.409,0.000,0.000,-0.5628,0.2563,0.8102
20782,17.63,33.50,19.79,0.000,0.000,0.000,-0.5629,0.2565,0.8094
20802,17.63,33.50,19.79,-0.293,0.000,0.000,-0.5627,0.2579,0.8084
20822,17.64,33.50,19.80,0.000,0.000,0.316,-0.5631,0.2582,0.8083
20842,17.64,33.51,19.80,0.000,0.000,0.000,-0.5628,0.2568,0.8078
20862,17.63,33.51,19.80,0.000,0.000,0.000,-0.5619,0.2556,0.8087
20882,17.63,33.50,19.80,0.000,-0.232,0.209,-0.5618,0.2557,0.8086
20902,17.63,33.50,19.80,0.302,-0.247,0.000,-0.5622,0.2566,0.8085
20922,17.64,33.50,19.80,0.249,-0.224,0.000,-0.5620,0.2575,0.8081
20942,17.64,33.50,19.80,0.000,0.000,0.000,-0.5628,0.2584,0.8086
20962,17.64,33.50,19.80,-0.323,0.000,0.000,-0.5629,0.2580,0.8080
20982,17.64,33.51,19.81,-0.217,0.204,0.331,-0.5625,0.2578,0.8089
21002,17.64,33.51,19.82,0.000,0.000,0.392,-0.5631,0.2576,0.8092
21022,17.64,33.51,19.81,0.000,-0.239,-0.302,-0.5639,0.2569,0.8090
21042,17.64,33.51,19.81,0.000,0.000,0.000,-0.5640,0.2570,0.8097
21062,17.64,33.51,19.81,0.000,-0.232,0.000,-0.5639,0.2577,0.8098
21082,17.64,33.51,19.81,0.000,0.000,0.000,-0.5638,0.2579,0.8099
21102,17.64,33.51,19.81,0.000,0.000,0.000,-0.5634,0.2590,0.8094
21122,17.63,33.51,19.83,-0.598,0.000,1.003,-0.5629,0.2583,0.8101
21142,17.63,33.51,19.83,-0.362,0.000,-0.272,-0.5634,0.2588,0.8095
21162,17.63,33.52,19.83,0.000,0.326,0.000,-0.5645,0.2595,0.8096
21182,17.64,33.53,19.83,0.000,0.000,0.000,-0.5648,0.2588,0.8086
21202,17.64,33.53,19.83,0.000,-0.239,0.000,-0.5647,0.2576,0.8089
21222,17.65,33.52,19.83,0.448,-0.270,0.217,-0.5638,0.2577,0.8094
21242,17.65,33.52,19.83,0.000,-0.331,0.000,-0.5639,0.2581,0.8091
21262,17.65,33.52,19.83,0.000,0.000,0.000,-0.5642,0.2581,0.8092
21282,17.66,33.53,19.83,0.000,0.000,0.000,-0.5644,0.2587,0.8091
21302,17.65,33.53,19.83,-0.240,0.249,0.000,-0.5646,0.2580,0.8090
21322,17.65,33.54,19.83,-0.240,0.000,0.000,-0.5643,0.2573,0.8093
21342,17.65,33.54,19.83,0.234,0.000,0.000,-0.5640,0.2571,0.8100
21362,17.65,33.54,19.83,0.000,0.000,0.000,-0.5640,0.2573,0.8094
21382,17.66,33.54,19.83,0.211,-0.293,0.000,-0.5638,0.2582,0.8093
21402,17.66,33.54,19.84,0.000,0.000,0.293,-0.5637,0.2579,0.8099
21422,17.65,33.53,19.84,-0.201,-0.201,0.000,-0.5628,0.2585,0.8102
21442,17.64,33.53,19.84,-0.407,0.000,0.209,-0.5625,0.2574,0.8106
21462,17.63,33.53,19.84,-0.514,0.000,0.000,-0.5624,0.2570,0.8112
21482,17.63,33.52,19.84,0.000,0.000,0.000,-0.5630,0.2571,0.8111
21502,17.63,33.52,19.84,0.211,0.000,0.000,-0.5632,0.2563,0.8103
21522,17.63,33.52,19.84,0.272,-0.201,0.000,-0.5634,0.2567,0.8112
21542,17.63,33.52,19.85,0.000,0.000,0.225,-0.5634,0.2565,0.8109
21562,17.63,33.52,19.85,0.000,0.000,0.000,-0.5634,0.2574,0.8111
21582,17.63,33.52,19.85,0.000,0.000,0.000,-0.5631,0.2577,0.8112
21602,17.62,33.52,19.85,-0.369,0.000,0.000,-0.5633,0.2578,0.8119
21622,17.62,33.51,19.85,0.000,-0.300,0.000,-0.5631,0.2572,0.8126
21642,17.62,33.51,19.83,0.000,0.000,-0.669,-0.5628,0.2577,0.8110
21662,17.62,33.50,19.84,0.000,-0.232,0.331,-0.5626,0.2578,0.8120
21682,17.62,33.49,19.85,0.280,-0.209,0.316,-0.5626,0.2570,0.8118
21702,17.62,33.49,19.84,0.000,0.000,-0.226,-0.5624,0.2577,0.8117
21722,17.62,33.49,19.84,0.000,0.000,0.000,-0.5632,0.2583,0.8120
21742,17.62,33.49,19.84,-0.278,0.000,0.000,-0.5634,0.2582,0.8114
21762,17.61,33.50,19.84,-0.339,0.280,0.000,-0.5636,0.2583,0.8118
21782,17.61,33.49,19.84,-0.377,0.000,0.000,-0.5636,0.2586,0.8126
21802,17.61,33.49,19.84,0.000,0.000,0.000,-0.5638,0.2589,0.8118
21822,17.62,33.50,19.84,0.000,0.000,0.000,-0.5638,0.2593,0.8112
21842,17.62,33.49,19.84,0.241,-0.262,0.000,-0.5639,0.2592,0.8112
21862,17.64,33.49,19.82,0.302,-0.224,-1.096,-0.5638,0.2597,0.8113
21882,17.66,33.49,19.80,0.425,0.000,-1.180,-0.5647,0.2626,0.8103
21902,17.68,33.48,19.80,0.738,-0.461,0.000,-0.5624,0.2595,0.8098
21922,17.69,33.47,19.78,0.791,-0.575,-0.760,-0.5627,0.2587,0.8112
21942,17.73,33.47,19.74,1.135,-0.621,-1.936,-0.5669,0.2629,0.8087
21962,17.73,33.46,19.76,0.000,-0.606,0.683,-0.5653,0.2607,0.8113
21982,17.72,33.45,19.77,0.000,0.000,0.515,-0.5627,0.2575,0.8141
22002,17.71,33.45,19.75,0.000,0.000,-0.546,-0.5625,0.2566,0.8137
22022,17.71,33.46,19.73,-0.201,0.341,-1.050,-0.5644,0.2599,0.8132
22042,17.71,33.48,19.73,-0.255,0.654,0.000,-0.5659,0.2612,0.8109
22062,17.71,33.48,19.74,0.000,0.000,0.240,-0.5667,0.2601,0.8119
22082,17.71,33.49,19.75,0.218,0.000,0.507,-0.5660,0.2578,0.8123
22102,17.71,33.49,19.75,0.341,0.000,0.000,-0.5662,0.2566,0.8122
22122,17.71,33.50,19.74,0.333,0.000,-0.371,-0.5663,0.2573,0.8125
22142,17.71,33.50,19.74,0.000,-0.293,0.000,-0.5662,0.2590,0.8113
22162,17.71,33.50,19.74,-0.423,-0.316,0.000,-0.5662,0.2596,0.8105
22182,17.70,33.50,19.74,-0.301,0.000,-0.211,-0.5649,0.2592,0.8090
22202,17.75,33.51,19.69,1.142,0.272,-2.501,-0.5658,0.2659,0.8074
22222,17.78,33.51,19.67,1.043,-0.430,-1.088,-0.5674,0.2649,0.8077
22242,17.83,33.50,19.62,2.089,-1.087,-2.027,-0.5703,0.2616,0.8094
22262,17.89,33.49,19.53,3.020,-1.590,-4.814,-0.5735,0.2603,0.8093
22282,17.95,33.48,19.38,3.577,-2.277,-7.233,-0.5760,0.2593,0.8087
22302,18.04,33.45,19.13,4.921,-3.056,-12.783,-0.5802,0.2599,0.8111
22322,18.15,33.43,18.91,7.425,-3.209,-10.760,-0.5833,0.2525,0.8088
22342,18.27,33.36,18.68,10.371,-4.674,-11.867,-0.5697,0.2376,0.8149
22362,18.48,33.29,18.37,14.493,-4.903,-15.058,-0.5662,0.2366,0.8071
22382,18.69,33.21,18.08,15.341,-5.033,-14.646,-0.5601,0.2396,0.8065
22402,18.96,33.15,17.75,17.867,-3.880,-16.783,-0.5615,0.2411,0.8046
22422,19.20,33.12,17.55,18.661,-3.995,-9.592,-0.5672,0.2300,0.7997
22442,19.53,33.10,17.16,22.058,-2.499,-19.661,-0.5692,0.2482,0.8117
22462,19.87,33.10,16.76,22.028,-2.209,-20.241,-0.5653,0.2499,0.7995
22482,20.22,33.07,16.37,24.211,-2.880,-19.348,-0.5618,0.2460,0.8033
22502,20.64,33.04,15.87,26.371,-4.277,-25.127,-0.5752,0.2607,0.7994
22522,21.08,32.97,15.34,29.127,-6.010,-26.096,-0.5701,0.2549,0.8007
22542,21.57,32.87,14.82,32.631,-8.545,-26.096,-0.5786,0.2536,0.7977
22562,22.16,32.75,14.23,37.791,-11.422,-29.493,-0.5905,0.2592,0.7917
22582,22.78,32.56,13.62,40.394,-14.384,-30.447,-0.5808,0.2608,0.7912
22602,23.52,32.33,12.97,46.425,-16.888,-32.859,-0.5772,0.2686,0.7809
22622,24.26,32.07,12.31,49.348,-17.919,-33.050,-0.5724,0.2631,0.7918
22642,25.05,31.85,11.67,52.783,-16.293,-31.554,-0.5720,0.2676,0.7899
22662,25.85,31.71,11.12,53.127,-12.239,-27.730,-0.5625,0.2782,0.7857
22682,26.56,31.65,10.59,49.974,-6.819,-26.470,-0.5625,0.2840,0.7940
22702,27.21,31.73,10.07,47.180,-0.735,-26.195,-0.5666,0.2919,0.7939
22722,27.80,31.82,9.51,42.829,0.662,-27.714,-0.5693,0.3089,0.7919
22742,28.28,31.92,8.83,37.722,1.333,-34.157,-0.5627,0.3153,0.7865
22762,28.63,31.88,8.31,33.341,-4.163,-25.882,-0.5390,0.2969,0.7738
22782,28.91,31.87,7.81,28.776,-8.102,-24.936,-0.5855,0.3036,0.7626
22802,29.12,31.69,7.23,27.470,-18.232,-28.974,-0.6012,0.2975,0.7700
22822,29.31,31.29,6.69,27.043,-29.079,-27.172,-0.5883,0.2914,0.7668
22842,29.50,30.67,6.10,26.409,-40.102,-29.401,-0.5900,0.3077,0.7809
22862,29.69,29.82,5.53,25.234,-52.087,-28.378,-0.5768,0.3160,0.7817
22882,29.80,28.86,5.03,21.402,-60.064,-24.974,-0.5848,0.3194,0.7822
22902,29.85,27.74,4.72,16.623,-69.079,-15.882,-0.5722,0.3320,0.7853
22922,29.76,26.52,4.37,8.333,-74.842,-17.211,-0.5742,0.3518,0.7978
22942,29.47,25.28,4.00,-2.782,-78.377,-18.516,-0.5710,0.3541,0.8015
22962,29.04,23.98,3.66,-12.003,-81.552,-17.188,-0.5480,0.3666,0.8035
22982,28.47,22.68,3.24,-21.087,-82.377,-21.058,-0.5415,0.3753,0.8149
23002,27.78,21.40,2.70,-25.530,-83.117,-26.760,-0.5263,0.3581,0.8214
23022,27.05,20.21,2.09,-28.720,-79.842,-30.440,-0.5166,0.3525,0.8171
23042,26.32,19.05,1.51,-27.255,-79.117,-29.195,-0.5009,0.3339,0.8328
23062,25.67,17.99,0.97,-22.835,-75.277,-27.043,-0.4884,0.3209,0.8366
23082,25.13,16.97,0.46,-17.453,-71.888,-25.256,-0.4628,0.3204,0.8484
23102,24.73,15.92,-0.12,-10.751,-70.453,-29.157,-0.4227,0.3190,0.8653
23122,24.47,14.94,-0.74,-4.186,-66.484,-31.111,-0.3963,0.3167,0.8628
23142,24.31,14.05,-1.16,0.875,-60.835,-21.119,-0.3707,0.3180,0.8695
23162,24.21,13.21,-1.68,4.883,-56.193,-25.867,-0.3460,0.3184,0.8949
23182,24.13,12.46,-2.25,5.493,-50.468,-28.539,-0.3230,0.3203,0.9040
23202,24.04,11.79,-2.72,4.806,-44.377,-23.585,-0.2958,0.3246,0.9124
23222,23.80,11.24,-3.03,-2.598,-37.514,-15.096,-0.2828,0.3208,0.9219
23242,23.36,10.80,-3.34,-11.385,-31.025,-15.829,-0.2639,0.3094,0.9330
23262,22.73,10.45,-3.52,-23.171,-25.537,-8.630,-0.2544,0.3177,0.9328
23282,21.88,10.09,-3.72,-35.873,-24.674,-10.195,-0.2365,0.3170,0.9473
23302,20.83,9.77,-4.06,-44.995,-25.102,-17.096,-0.2547,0.2997,0.9637
23322,19.67,9.36,-4.32,-52.026,-30.552,-12.951,-0.2495,0.2887,0.9564
23342,18.44,8.80,-4.20,-56.369,-39.171,5.973,-0.2499,0.2743,0.9557
23362,17.17,8.11,-4.10,-58.629,-46.132,4.912,-0.2465,0.2603,0.9749
23382,15.91,7.29,-3.90,-59.125,-52.514,10.186,-0.2278,0.2418,0.9742
23402,14.67,6.38,-3.52,-58.217,-55.758,19.102,-0.2037,0.2217,0.9804
23422,13.46,5.46,-3.17,-57.560,-56.949,17.408,-0.1920,0.2127,0.9910
23442,12.27,4.62,-2.75,-57.094,-53.422,20.828,-0.1783,0.1965,0.9859
23462,11.12,3.85,-2.11,-56.171,-48.453,31.873,-0.1488,0.1809,0.9801
23482,9.91,3.24,-1.42,-58.385,-39.537,34.614,-0.1375,0.1534,0.9927
23502,8.82,2.78,-0.72,-53.812,-30.674,35.141,-0.1124,0.1489,0.9948
23522,7.75,2.51,0.01,-52.705,-20.277,36.247,-0.1005,0.1265,0.9857
23542,6.72,2.41,0.77,-50.514,-10.529,38.392,-0.0876,0.1102,0.9958
23562,5.73,2.48,1.44,-47.690,-0.438,33.476,-0.0780,0.0846,1.0008
23582,4.92,2.69,2.28,-39.865,8.188,41.698,-0.0670,0.0802,0.9979
23602,4.13,3.01,3.15,-35.797,16.242,43.667,-0.0478,0.0424,1.0013
23622,3.50,3.41,3.97,-27.171,22.234,40.789,-0.0446,0.0254,1.0070
23642,2.97,3.88,4.69,-22.545,26.074,36.362,-0.0436,0.0199,1.0034
23662,2.55,4.40,5.41,-15.782,30.959,35.912,-0.0364,-0.0030,0.9931
23682,2.30,5.00,6.19,-7.308,35.165,39.064,-0.0443,0.0002,0.9803
23702,2.21,5.69,6.89,0.432,40.287,34.606,-0.0499,-0.0052,0.9870
23722,2.18,6.49,7.46,4.493,43.768,28.904,-0.0780,-0.0115,0.9778
23742,2.26,7.32,8.06,12.760,47.776,29.835,-0.0750,-0.0339,0.9948
23762,2.53,8.27,8.52,23.089,53.707,22.881,-0.0937,-0.0365,0.9915
23782,2.88,9.30,8.97,30.791,58.112,22.476,-0.1030,-0.0576,0.9696
23802,3.41,10.49,9.34,41.440,65.104,18.530,-0.1348,-0.0634,0.9811
23822,4.19,11.67,9.58,53.333,68.829,12.087,-0.1214,-0.0466,0.9744
23842,5.09,13.08,9.54,60.043,80.532,-2.111,-0.1379,-0.0360,0.9689
23862,6.04,14.36,9.87,64.318,80.539,16.866,-0.1094,-0.0330,0.9558
23882,7.14,15.93,10.02,71.020,90.631,7.446,-0.1689,-0.0103,0.9625
23902,8.41,17.48,10.06,77.066,93.066,1.927,-0.1715,0.0297,0.9668
23922,9.64,19.12,10.14,77.272,97.585,3.965,-0.1966,0.0355,0.9469
23942,10.96,20.64,10.35,83.112,92.287,10.644,-0.2149,0.0457,0.9483
23962,12.36,22.15,10.29,86.692,88.967,-3.348,-0.2657,0.0715,0.9477
23982,13.74,23.47,10.29,88.806,78.746,0.000,-0.2920,0.0710,0.9311
24002,15.11,24.64,10.36,88.875,68.013,3.728,-0.3422,0.0869,0.9266
24022,16.42,25.59,10.18,87.860,55.723,-8.982,-0.3649,0.0889,0.9130
24042,17.74,26.31,9.89,84.883,40.677,-14.684,-0.4082,0.1377,0.9044
24062,19.03,26.78,9.51,83.073,27.753,-18.882,-0.4150,0.1602,0.8884
24082,20.17,26.96,9.29,72.539,10.913,-10.982,-0.4438,0.2011,0.8885
24102,21.18,26.91,8.86,64.509,-2.140,-21.569,-0.4646,0.2284,0.8867
24122,21.97,26.65,8.43,52.631,-14.316,-21.241,-0.4734,0.2465,0.8885
24142,22.56,26.30,8.19,41.371,-21.369,-12.432,-0.4893,0.2655,0.8706
24162,23.04,25.87,7.90,34.196,-27.858,-14.317,-0.5010,0.2817,0.8657
24182,23.46,25.42,7.51,28.516,-29.957,-19.661,-0.5015,0.3106,0.8533
24202,23.91,25.03,7.11,29.699,-29.109,-20.035,-0.5060,0.3107,0.8336
24222,24.49,24.58,6.65,37.180,-31.140,-22.791,-0.4867,0.3112,0.8294
24242,25.26,24.04,5.99,48.364,-35.087,-33.119,-0.4786,0.3166,0.8456
24262,26.18,23.53,5.32,57.646,-37.789,-33.157,-0.5024,0.3140,0.8360
24282,27.18,22.97,5.01,64.615,-39.484,-15.615,-0.4799,0.3063,0.8310
24302,28.23,22.39,4.48,64.982,-40.835,-26.852,-0.4891,0.3417,0.8428
24322,29.07,21.80,3.95,55.364,-41.911,-26.325,-0.4765,0.3532,0.8419
24342,29.73,21.26,3.42,42.280,-38.987,-26.302,-0.4611,0.3853,0.8163
24362,30.05,20.77,2.71,22.913,-38.613,-35.890,-0.4864,0.4176,0.8284
24382,30.14,20.17,2.00,10.058,-44.667,-35.195,-0.4545,0.4080,0.7905
24402,29.83,19.49,1.45,-10.117,-50.071,-27.424,-0.4708,0.4185,0.8078
24422,29.44,18.68,0.87,-13.240,-59.109,-29.279,-0.4719,0.4038,0.8108
24442,28.94,17.66,0.40,-18.194,-70.651,-23.111,-0.4691,0.3972,0.8255
24462,28.47,16.44,-0.12,-16.133,-82.155,-26.356,-0.4601,0.3850,0.8298
24482,28.01,15.04,-0.48,-17.011,-93.277,-17.959,-0.4525,0.3911,0.8346
24502,27.51,13.41,-0.72,-17.629,-103.323,-11.783,-0.4148,0.3835,0.8599
24522,26.97,11.61,-1.14,-19.018,-113.056,-21.394,-0.4024,0.3754,0.8819
24542,26.28,9.81,-1.54,-29.705,-116.400,-19.714,-0.3927,0.3885,0.8703
24562,25.40,8.05,-1.63,-41.652,-117.354,-4.524,-0.3847,0.3880,0.8642
24582,24.51,6.15,-1.32,-49.171,-121.445,15.576,-0.3206,0.4216,0.8377
24602,23.44,4.23,-0.98,-61.125,-124.651,16.889,-0.3105,0.4312,0.8447
24622,22.14,2.20,-0.56,-69.011,-128.598,20.996,-0.2565,0.3888,0.8694
24642,20.86,0.25,-0.15,-71.018,-127.178,20.377,-0.2514,0.4022,0.8905
24662,19.58,-1.79,0.26,-72.820,-131.033,20.545,-0.2069,0.3858,0.8768
24682,18.22,-3.73,0.64,-72.575,-128.186,19.270,-0.1909,0.3364,0.8992
24702,16.94,-5.73,1.16,-68.293,-127.514,25.721,-0.1276,0.3148,0.9099
24722,15.72,-7.47,1.67,-63.407,-116.766,25.751,-0.1147,0.2807,0.9309
24742,14.48,-9.16,1.92,-60.865,-109.537,12.202,-0.0485,0.2327,0.9404
24762,13.60,-10.57,2.67,-45.812,-94.048,37.538,-0.0134,0.2432,0.9479
24782,12.83,-11.70,3.50,-39.049,-76.896,41.599,0.0321,0.2203,0.9346
24802,12.28,-12.49,4.52,-27.835,-54.018,50.919,0.0913,0.2046,0.9375
24822,11.91,-12.66,5.30,-16.499,-24.491,39.171,0.0852,0.1800,0.9257
24842,11.56,-12.70,6.00,-18.056,-6.873,34.851,0.1701,0.1915,0.9199
24862,11.24,-12.23,6.82,-14.400,20.799,41.202,0.1780,0.1701,0.9164
24882,10.86,-11.52,7.62,-17.865,37.936,39.835,0.2167,0.1704,0.9305
24902,10.36,-10.45,8.57,-22.125,59.532,47.599,0.2262,0.1491,0.9493
24922,9.74,-9.31,9.47,-29.568,68.135,45.133,0.2516,0.1523,0.9513
24942,8.84,-7.91,10.65,-42.820,81.616,58.881,0.2344,0.1304,0.9633
24962,7.81,-6.62,11.66,-51.415,79.829,50.423,0.2443,0.1345,0.9683
24982,6.65,-5.18,12.51,-65.148,84.730,42.759,0.1942,0.1699,0.9623
25002,5.29,-3.83,13.51,-76.171,80.913,49.751,0.1753,0.1542,0.9643
25022,3.73,-2.57,14.45,-86.690,74.005,46.843,0.1405,0.1405,0.9932
25042,2.10,-1.56,15.36,-87.667,63.936,45.675,0.1457,0.0924,1.0277
25062,0.59,-0.77,16.27,-82.949,52.608,45.499,0.1226,0.0737,1.0161
25082,-0.90,-0.10,17.23,-78.644,43.310,48.041,0.0849,0.0160,1.0080
25102,-2.26,0.36,18.34,-67.369,34.066,55.507,0.0912,-0.0421,1.0135
25122,-3.38,0.79,19.11,-54.865,32.150,38.683,0.0761,-0.0713,1.0327
25142,-4.12,1.18,19.74,-33.507,28.127,31.049,0.0516,-0.1019,1.0122
25162,-4.58,1.70,20.36,-13.064,31.860,31.209,0.0214,-0.1551,0.9283
25182,-4.68,2.47,20.88,4.165,45.997,26.034,0.0187,-0.1484,0.9341
25202,-4.51,3.50,21.24,20.707,56.387,17.713,-0.0231,-0.1748,0.9523
25222,-3.92,4.79,21.58,42.058,75.646,17.194,0.0090,-0.1642,0.9360
25242,-3.12,6.29,22.13,57.257,87.158,27.454,-0.0064,-0.1926,0.9492
25262,-1.97,8.12,22.66,76.699,107.036,26.576,-0.0115,-0.1883,0.9529
25282,-0.69,10.18,23.51,85.608,118.150,42.469,-0.0458,-0.1803,0.9354
25302,0.71,12.36,24.56,95.257,128.814,52.576,-0.0496,-0.1899,0.9273
25322,2.22,14.72,25.57,101.852,134.364,50.515,-0.1126,-0.1677,0.9163
25342,3.94,16.91,26.45,112.547,129.814,43.965,-0.1177,-0.1460,0.9448
25362,5.66,19.13,26.69,114.738,129.585,12.209,-0.1741,-0.1361,0.9413
25382,7.57,21.09,27.20,125.142,115.471,25.278,-0.1986,-0.1020,0.8838
25402,9.42,22.89,27.65,121.829,107.249,22.270,-0.2321,-0.0711,0.8869
25422,11.14,24.42,28.03,114.791,88.089,19.186,-0.3040,-0.0411,0.8852
25442,12.81,25.65,28.25,105.562,66.921,11.293,-0.3323,0.0303,0.7849
25462,13.98,26.33,28.79,84.203,45.280,26.522,-0.2969,0.0210,0.7717
25482,15.51,27.36,29.08,72.089,46.066,14.782,-0.4520,0.2372,0.7500
25502,16.01,27.48,29.63,27.081,11.639,27.309,-0.3998,0.2243,0.8328
25522,16.39,27.66,29.19,17.608,5.074,-22.096,-0.4961,0.2586,0.8373
25542,16.23,27.47,29.30,-7.163,-13.629,5.644,-0.4767,0.2286,0.8151
25562,16.09,27.20,29.15,-3.178,-20.804,-7.432,-0.5138,0.2116,0.8348
25582,16.03,26.70,28.98,-1.789,-35.232,-8.569,-0.5181,0.2256,0.8157
25602,16.16,26.08,28.99,9.028,-41.667,0.744,-0.5082,0.2164,0.8124
25622,16.50,25.38,28.91,21.302,-47.186,-4.356,-0.5226,0.2157,0.8274
25642,17.15,24.63,28.40,38.524,-48.193,-25.409,-0.5019,0.2150,0.8534
25662,18.08,23.95,27.86,53.906,-46.575,-26.867,-0.4986,0.2185,0.8381
25682,19.10,23.37,27.74,63.883,-41.079,-6.134,-0.4819,0.1905,0.8375
25702,20.31,22.88,27.53,73.593,-36.598,-10.211,-0.4781,0.2142,0.8529
25722,21.58,22.51,27.11,74.157,-28.980,-21.058,-0.4595,0.2506,0.8445
25742,22.60,22.30,27.02,62.585,-19.567,-4.546,-0.4390,0.2575,0.8373
25762,23.44,22.22,26.90,50.554,-12.827,-5.989,-0.4452,0.2943,0.8466
25782,24.36,22.01,26.71,40.096,-15.537,-9.501,-0.3950,0.3957,0.7720
25802,24.72,21.65,26.54,13.638,-20.697,-8.546,-0.3907,0.4160,0.8187
25822,24.77,21.11,26.36,-0.209,-32.812,-8.982,-0.4135,0.4104,0.8432
25842,24.48,20.32,26.27,-16.644,-47.430,-4.646,-0.4269,0.4123,0.8626
25862,24.01,19.14,26.16,-25.858,-68.919,-5.394,-0.4272,0.4087,0.8661
25882,23.34,17.65,26.15,-36.484,-90.659,-0.737,-0.4529,0.3992,0.8711
25902,22.54,15.75,26.15,-42.026,-114.438,0.415,-0.4561,0.3879,0.8873
25922,21.65,13.45,26.19,-46.720,-138.690,1.851,-0.4462,0.3736,0.8947
25942,20.71,10.78,26.33,-50.323,-160.995,6.721,-0.4306,0.3680,0.8932
25962,19.75,7.83,26.61,-53.194,-178.422,14.377,-0.4071,0.3670,0.9033
25982,18.70,4.63,26.88,-58.117,-193.590,13.377,-0.3743,0.3607,0.9221
26002,17.55,1.48,27.12,-62.835,-195.132,12.041,-0.3502,0.3389,0.9180
26022,16.38,-1.60,27.33,-64.194,-193.781,10.690,-0.3086,0.3215,0.9337
26042,15.07,-4.53,27.40,-69.125,-185.865,3.362,-0.2560,0.2891,0.9595
26062,13.87,-7.24,27.64,-61.476,-172.407,12.072,-0.1795,0.2442,0.9400
26082,12.73,-9.50,27.82,-58.301,-151.048,8.805,-0.1509,0.2255,0.9378
26102,11.75,-11.18,28.58,-49.789,-110.499,38.041,-0.0274,0.2025,0.9502
26122,11.02,-12.19,28.82,-37.591,-74.430,11.828,0.0162,0.1994,0.9781
26142,10.45,-12.28,29.21,-30.339,-20.911,19.828,0.0730,0.1920,0.9562
26162,10.15,-11.67,29.66,-17.003,24.669,22.515,0.1522,0.1894,0.9556
26182,9.94,-10.34,29.79,-10.003,69.181,6.530,0.1991,0.1640,0.9558
26202,9.85,-8.53,30.29,-6.942,102.570,24.705,0.2399,0.1791,0.9275
26222,9.68,-6.38,31.06,-10.438,124.318,38.392,0.2485,0.1748,0.9392
26242,9.22,-3.96,31.62,-23.446,141.303,28.232,0.2318,0.1564,0.9320
26262,8.89,-1.50,32.44,-21.797,146.058,40.881,0.2170,0.1965,0.9652
26282,8.07,0.88,32.53,-45.339,143.501,4.614,0.1925,0.1774,0.9911
26302,7.03,2.88,32.72,-54.507,126.410,9.652,0.1710,0.1417,0.9810
26322,5.98,4.58,33.31,-54.530,108.822,29.339,0.1187,0.1196,0.9799
26342,4.92,5.66,33.70,-54.972,73.440,19.637,0.0677,0.0995,0.9973
26362,3.81,6.33,33.97,-53.438,48.249,13.408,0.0093,0.0500,0.9837
26382,2.74,6.46,34.52,-50.942,19.539,27.347,-0.0034,0.0278,0.9923
26402,1.82,6.49,34.85,-41.835,11.333,16.713,-0.0305,-0.0053,0.9936
26422,1.13,6.50,35.02,-33.178,6.364,8.141,-0.0604,0.0085,0.9847
26442,0.57,6.68,34.94,-25.308,14.860,-3.753,-0.0682,-0.0103,0.9891
26462,0.36,7.08,34.90,-10.186,29.600,-2.020,-0.0439,0.0003,0.9696
26482,0.05,7.64,35.06,-6.301,42.135,8.148,-0.0114,-0.0709,0.9626
26502,0.11,8.71,35.41,11.211,68.852,17.148,-0.0246,-0.0638,0.9523
26522,0.17,10.06,35.74,19.096,88.425,16.644,0.0007,-0.1217,0.9207
26542,0.55,11.75,36.15,38.692,105.356,20.507,-0.0262,-0.1437,0.9097
26562,1.37,13.56,36.48,53.394,116.829,16.461,-0.0183,-0.0763,0.9351
26582,2.46,15.53,36.75,68.951,124.410,13.392,-0.0505,-0.0727,0.9327
26602,3.77,17.38,37.62,83.364,121.295,43.576,-0.0587,-0.0796,0.9359
26622,5.42,19.28,37.56,98.928,121.562,-2.928,-0.1084,-0.0396,0.9712
26642,7.28,20.91,37.25,112.715,104.852,-15.516,-0.1607,-0.0360,0.9425
26662,9.01,22.13,37.33,118.096,88.097,3.828,-0.1419,-0.0929,0.8731
26682,10.89,23.32,37.39,122.951,74.242,3.377,-0.2493,-0.0460,0.8567
26702,12.64,23.96,37.54,111.409,47.692,7.270,-0.2554,0.0185,0.8568
26722,14.22,24.32,37.36,101.409,26.669,-8.745,-0.3188,0.0535,0.8748
26742,15.47,24.33,37.21,81.180,2.555,-7.447,-0.3797,0.0963,0.8696
26762,16.21,23.96,37.01,56.738,-18.003,-10.211,-0.4076,0.1088,0.9280
26782,16.64,23.41,36.83,28.669,-31.522,-8.875,-0.4342,0.2115,0.8920
26802,16.62,22.74,36.70,0.364,-38.400,-6.699,-0.4435,0.2584,0.9106
26822,16.31,22.08,36.25,-14.507,-40.476,-22.371,-0.4572,0.2607,0.9168
26842,16.03,21.42,36.02,-22.133,-39.934,-11.722,-0.4203,0.3097,0.8530
26862,15.49,20.82,35.46,-22.316,-41.629,-27.608,-0.4634,0.2133,0.9118
26882,15.21,20.14,34.55,-15.133,-47.781,-45.829,-0.4714,0.2535,0.8985
26902,15.07,19.45,33.91,-5.896,-50.216,-31.875,-0.4623,0.2295,0.8737
26922,15.19,18.68,33.39,8.814,-56.392,-25.814,-0.4615,0.2139,0.8681
26942,15.71,17.82,32.70,29.470,-61.934,-34.684,-0.4461,0.2151,0.8595
26962,16.35,16.85,32.24,37.631,-66.926,-23.043,-0.4264,0.2058,0.8556
26982,17.07,15.82,31.83,46.493,-69.270,-20.508,-0.4050,0.1904,0.8811
27002,17.93,14.73,31.25,50.402,-70.140,-28.837,-0.3771,0.2285,0.8928
27022,18.59,13.80,30.66,38.516,-63.903,-29.669,-0.3779,0.2527,0.8854
27042,18.77,12.91,30.48,16.386,-61.499,-9.142,-0.3564,0.2446,0.8974
27062,18.56,12.15,30.11,-5.125,-56.598,-18.241,-0.3717,0.2653,0.9277
27082,18.03,11.21,29.95,-29.621,-60.827,-8.241,-0.3283,0.3376,0.9570
27102,17.06,10.18,29.66,-54.041,-66.178,-14.188,-0.3139,0.3459,0.9595
27122,15.81,9.07,29.84,-72.423,-75.254,9.018,-0.3422,0.3591,0.9553
27142,14.33,7.57,29.97,-83.560,-94.094,6.469,-0.3119,0.3310,0.9751
27162,12.83,5.84,30.11,-86.316,-111.415,7.034,-0.3226,0.3167,0.9594
27182,11.28,3.71,30.32,-89.354,-132.484,10.301,-0.2932,0.2939,0.9672
27202,9.89,1.38,30.56,-77.591,-147.819,11.988,-0.2960,0.2436,0.9763
27222,8.40,-1.35,30.90,-81.575,-166.690,16.828,-0.2329,0.2000,0.9719
27242,6.99,-3.98,31.28,-76.171,-164.125,19.163,-0.2003,0.1641,0.9642
27262,5.79,-6.68,31.68,-66.942,-165.094,20.141,-0.1385,0.1587,0.9772
27282,4.88,-9.08,32.29,-58.484,-153.094,30.278,-0.1188,0.1954,0.9940
27302,3.88,-11.23,32.70,-53.369,-136.415,20.377,-0.0453,0.0940,0.9694
27322,3.21,-12.87,33.39,-40.583,-108.140,34.560,0.0051,0.1072,0.9341
27342,2.60,-13.99,34.18,-27.575,-71.117,39.660,0.1045,0.0174,0.8903
27362,2.25,-14.30,35.02,-16.659,-27.232,42.087,0.1386,0.0298,0.9047
27382,1.84,-14.10,35.78,-12.644,14.822,37.957,0.2680,-0.0302,0.9078
27402,1.66,-13.21,36.66,-4.171,53.081,43.873,0.2869,-0.0095,0.9191
27422,1.46,-11.81,37.50,-6.530,82.494,42.324,0.2945,-0.0036,0.9145
27442,1.22,-10.14,38.51,-10.072,97.768,50.461,0.2841,0.0048,0.9318
27462,0.65,-8.07,39.30,-24.117,114.387,39.446,0.2247,-0.0230,0.9522
27482,0.03,-6.29,40.28,-28.293,104.791,48.667,0.2481,-0.0244,1.0092
27502,-0.82,-4.62,40.87,-36.919,98.654,29.797,0.2188,-0.0624,1.0250
27522,-1.82,-3.34,41.68,-46.583,78.975,40.499,0.1904,-0.0604,1.0187
27542,-2.92,-2.60,42.64,-52.774,49.448,47.721,0.1494,-0.0695,1.0110
27562,-4.15,-2.28,43.66,-58.575,24.081,51.186,0.1128,-0.0991,1.0217
27582,-5.33,-2.16,44.47,-59.606,8.677,40.309,0.0633,-0.0930,1.0424
27602,-6.53,-2.30,45.21,-58.270,-4.842,37.423,0.0592,-0.1335,1.0343
27622,-7.50,-2.40,45.81,-47.797,-5.071,29.950,0.0457,-0.1455,1.0386
27642,-8.33,-2.44,46.01,-40.117,-2.598,9.736,0.0384,-0.1605,1.0334
27662,-8.70,-2.40,46.66,-24.041,6.539,32.400,0.0807,-0.1039,0.9886
27682,-9.04,-2.19,47.13,-11.339,13.127,23.782,0.0589,-0.2105,0.9934
27702,-9.05,-1.57,47.40,6.417,32.341,13.278,0.0407,-0.2184,1.0020
27722,-8.68,-0.63,47.46,23.119,52.814,2.988,0.0581,-0.1907,0.9901
27742,-8.21,0.69,47.61,39.692,72.188,7.828,0.0416,-0.2782,0.9683
27762,-7.20,2.34,47.74,63.043,90.013,6.148,0.0231,-0.2266,0.9634
27782,-6.08,4.28,47.52,71.562,109.807,-10.737,0.0294,-0.2334,0.9657
27802,-4.67,6.49,47.55,89.012,122.829,1.614,-0.0084,-0.2244,0.9362
27822,-3.26,8.71,47.73,88.921,129.929,8.957,0.0062,-0.2006,0.9321
27842,-1.71,11.10,48.18,98.180,135.929,22.141,-0.0520,-0.1883,0.9259
27862,-0.12,13.31,48.32,101.699,129.700,6.957,-0.0688,-0.1824,0.9488
27882,1.50,15.43,48.46,103.470,122.501,7.263,-0.1273,-0.1534,0.9539
27902,2.93,17.20,48.41,101.967,104.662,-2.577,-0.1640,-0.2023,0.9635
27922,4.50,18.63,48.23,109.692,83.532,-9.119,-0.2153,-0.1702,0.9281
27942,5.97,19.62,47.85,106.814,60.883,-18.798,-0.2457,-0.1699,0.9580
27962,7.60,20.31,47.60,112.631,38.975,-12.546,-0.3128,-0.1222,0.9403
27982,8.99,20.59,47.18,95.837,16.860,-20.913,-0.3291,-0.0577,0.9412
28002,10.26,20.62,46.57,84.951,-0.858,-30.562,-0.3700,-0.0027,0.9357
28022,11.29,20.28,45.92,66.883,-20.529,-32.753,-0.3731,0.0650,0.9213
28042,11.76,19.74,45.51,39.730,-30.796,-20.249,-0.3713,0.0631,0.9378
28062,12.06,19.16,44.93,27.600,-34.590,-29.165,-0.3831,0.0995,0.9444
28082,12.13,18.64,44.33,10.112,-33.674,-29.829,-0.3887,0.1484,0.9429
28102,12.04,18.15,43.93,-2.201,-29.369,-19.974,-0.3455,0.1759,0.9015
28122,11.79,17.76,43.43,-9.301,-29.163,-25.027,-0.3878,0.1671,0.9310
28142,11.58,17.29,42.52,-7.888,-31.331,-45.302,-0.3719,0.1728,0.9445
28162,11.39,16.84,41.72,-7.919,-34.323,-40.378,-0.3934,0.1725,0.9309
28182,11.28,16.18,40.99,-1.491,-45.071,-36.317,-0.3788,0.1551,0.9313
28202,11.31,15.33,40.04,6.417,-56.224,-47.371,-0.3847,0.1494,0.9497
28222,11.47,14.18,39.21,13.478,-70.697,-41.852,-0.3630,0.1459,0.9467
28242,11.65,12.85,38.48,16.699,-82.254,-36.149,-0.3578,0.1351,0.9562
28262,11.93,11.39,37.93,19.799,-91.056,-27.577,-0.3549,0.1548,0.9564
28282,12.17,9.82,37.66,17.638,-97.903,-13.333,-0.3327,0.1593,0.9555
28302,12.25,8.19,37.58,8.348,-99.728,-4.172,-0.3041,0.1722,0.9711
28322,12.15,6.61,37.46,-3.125,-100.720,-6.317,-0.3039,0.1971,0.9802
28342,11.76,5.02,37.49,-17.972,-101.377,1.515,-0.2797,0.1899,0.9880
28362,10.55,3.69,37.71,-48.171,-97.911,11.461,-0.3465,0.0829,1.0095
28382,9.47,2.17,37.90,-47.820,-102.239,9.408,-0.2738,0.1202,1.0427
28402,8.12,0.77,38.00,-67.835,-96.850,4.950,-0.2510,0.1488,1.0210
28422,6.66,-0.72,38.37,-72.827,-100.690,18.324,-0.2163,0.1172,1.0228
28442,5.36,-2.16,38.78,-70.339,-98.071,20.675,-0.1898,0.1425,1.0313
28462,4.03,-3.71,39.24,-68.133,-100.071,22.858,-0.1285,0.0870,1.0273
28482,2.97,-5.17,39.67,-59.217,-95.919,21.454,-0.1076,0.1047,1.0225
28502,2.14,-6.50,40.22,-46.904,-92.338,27.576,-0.1016,0.0840,0.9938
28522,1.50,-7.72,40.90,-35.117,-82.193,34.263,-0.0402,0.0540,0.9875
28542,1.20,-8.49,41.56,-18.033,-64.163,32.980,-0.0700,0.0436,0.9960
28562,1.04,-9.35,42.08,-11.797,-59.819,25.889,0.0224,0.0491,0.9931
28582,1.05,-9.69,42.78,1.127,-34.415,35.057,0.0243,0.0146,0.9766
28602,1.23,-9.98,43.67,10.684,-20.850,44.232,0.1185,0.0062,0.9678
28622,1.52,-9.87,44.63,17.203,2.318,48.118,0.1420,0.0030,0.9741
28642,1.81,-9.51,45.53,18.096,18.448,44.980,0.1671,0.0042,0.9762
28662,2.13,-8.93,46.56,17.852,35.746,51.331,0.2086,0.0183,0.9606
28682,2.35,-7.99,47.66,13.524,53.272,54.927,0.1830,0.0190,0.9539
28702,2.43,-6.84,48.67,4.486,67.410,50.683,0.1995,0.0374,0.9755
28722,2.32,-5.49,49.63,-4.293,77.997,48.003,0.1837,0.0325,0.9822
28742,2.11,-4.04,50.80,-10.552,85.837,58.331,0.1843,0.0336,0.9850
28762,1.75,-2.47,51.88,-17.148,90.944,54.011,0.1483,0.0234,1.0002
28782,1.31,-1.08,52.46,-18.568,84.455,29.003,0.1432,-0.0028,1.0026
28802,0.87,0.38,53.20,-19.575,83.494,37.370,0.0824,-0.0074,0.9843
28822,0.44,1.45,54.04,-20.354,66.898,41.927,0.0856,0.0004,0.9776
28842,0.04,2.36,54.77,-16.247,56.791,36.599,0.0528,-0.0327,0.9855
28862,-0.23,3.06,55.21,-12.972,43.715,21.721,0.0188,-0.0079,0.9794
28882,-0.42,3.63,55.66,-5.743,37.494,22.812,0.0102,-0.0384,0.9725
28902,-0.53,4.10,56.02,-1.148,31.112,17.622,-0.0096,-0.0434,0.9766
28922,-0.56,4.52,56.05,5.615,29.089,1.820,-0.0109,-0.0688,0.9847
28942,-0.45,5.02,56.00,11.486,31.593,-2.814,-0.0290,-0.0574,0.9849
28962,-0.41,5.49,55.88,11.455,33.570,-5.997,-0.0142,-0.0883,1.0016
28982,-0.21,6.29,55.46,17.906,47.226,-20.676,-0.0480,-0.0688,1.0062
29002,-0.01,7.22,54.94,18.295,55.700,-26.317,-0.0500,-0.0706,1.0034
29022,0.30,8.45,54.43,22.386,70.875,-25.233,-0.0670,-0.0505,0.9973
29042,0.56,9.75,53.96,18.249,77.097,-23.386,-0.0704,-0.0342,0.9966
29062,0.91,11.26,53.61,23.936,89.158,-17.623,-0.0788,-0.0394,0.9804
29082,1.35,12.70,53.36,28.738,88.555,-12.455,-0.0863,-0.0337,0.9911
29102,1.88,14.16,52.81,34.783,87.287,-27.791,-0.1245,-0.0350,0.9970
29122,2.55,15.37,52.27,43.722,73.639,-27.096,-0.1581,-0.0403,0.9756
29142,3.37,16.24,51.39,51.753,54.204,-44.012,-0.1930,-0.0318,0.9873
29162,4.26,16.74,50.23,59.089,32.127,-57.508,-0.2313,-0.0465,0.9847
29182,5.26,16.88,49.10,66.890,10.585,-56.936,-0.2654,-0.0491,0.9781
29202,6.29,16.67,48.21,68.066,-9.415,-44.485,-0.2824,-0.0281,0.9680
29222,7.22,16.24,47.38,64.539,-24.453,-41.447,-0.3068,-0.0247,0.9716
29242,8.04,15.73,46.57,56.730,-28.400,-40.531,-0.3009,0.0098,0.9714
29262,8.95,15.30,45.79,54.211,-27.033,-38.691,-0.2985,0.0763,0.9106
29282,9.38,14.78,45.00,29.944,-28.713,-39.852,-0.2753,0.0874,0.9517
29302,9.62,14.38,43.95,18.967,-24.705,-52.157,-0.2875,0.1062,0.9664
29322,9.61,13.98,43.11,5.157,-24.659,-42.295,-0.2782,0.1148,0.9531
29342,9.47,13.58,42.48,-2.354,-25.812,-31.157,-0.2840,0.1216,0.9526
29362,9.29,13.01,41.75,-4.125,-36.064,-36.546,-0.2897,0.1192,0.9662
29382,9.07,12.29,41.02,-4.865,-44.171,-36.821,-0.2852,0.1043,0.9663
29402,8.89,11.37,40.46,-1.934,-55.796,-27.730,-0.2795,0.0929,0.9703
29422,8.77,10.33,39.84,2.768,-63.316,-30.997,-0.2805,0.0797,0.9848
29442,8.73,9.16,39.17,7.738,-70.720,-33.440,-0.2672,0.0695,0.9976
29462,8.81,8.04,38.68,13.249,-69.705,-24.867,-0.2595,0.0757,0.9869
29482,8.95,7.00,38.34,16.211,-66.880,-16.737,-0.2454,0.0752,0.9846
29502,9.15,6.13,38.04,18.409,-57.537,-15.211,-0.2302,0.0892,0.9926
29522,9.34,5.41,37.74,17.997,-48.232,-14.829,-0.1995,0.0925,0.9961
29542,9.48,4.93,37.53,15.684,-33.713,-10.447,-0.1677,0.0951,0.9949
29562,9.59,4.69,37.43,12.760,-18.949,-5.256,-0.1423,0.1070,0.9992
29582,9.64,4.72,37.31,8.203,-2.842,-6.035,-0.1199,0.1185,1.0015
29602,9.59,4.99,37.29,2.982,12.196,-0.562,-0.1013,0.1209,1.0004
29622,9.48,5.51,37.45,-0.850,26.471,7.606,-0.0898,0.1285,0.9957
29642,9.33,6.20,37.60,-4.140,37.196,7.492,-0.0877,0.1365,0.9968
29662,9.20,7.01,37.78,-3.736,45.333,9.049,-0.0840,0.1360,0.9972
29682,9.09,7.86,37.81,-1.484,47.669,1.591,-0.0933,0.1270,0.9960
29702,9.04,8.64,37.83,2.073,44.257,0.858,-0.1059,0.1197,0.9922
29722,9.10,9.23,37.84,8.394,33.952,0.614,-0.1267,0.1102,0.9952
29742,9.25,9.55,37.76,15.157,18.204,-3.684,-0.1467,0.1004,0.9987
29762,9.47,9.56,37.70,19.409,1.814,-3.226,-0.1607,0.0938,0.9939
29782,9.70,9.37,37.63,20.493,-10.858,-3.455,-0.1753,0.0944,1.0008
29802,9.92,8.99,37.79,19.020,-20.033,7.797,-0.1672,0.1046,0.9823
29822,10.06,8.59,37.97,13.264,-23.064,8.934,-0.1775,0.1243,1.0002
29842,10.07,8.18,37.81,5.356,-22.499,-7.653,-0.1653,0.1390,1.0203
29862,9.94,7.90,37.80,-3.278,-15.697,-0.653,-0.1552,0.1462,1.0035
29882,9.69,7.75,37.89,-11.369,-9.361,4.484,-0.1586,0.1620,1.0158
29902,9.36,7.69,37.91,-16.392,-4.369,0.789,-0.1482,0.1654,1.0094
29922,9.00,7.72,38.02,-18.148,1.272,5.950,-0.1403,0.1613,1.0055
29942,8.68,7.80,38.02,-15.812,3.814,0.000,-0.1432,0.1542,1.0132
29962,8.44,7.91,37.95,-12.377,5.753,-3.615,-0.1371,0.1503,1.0063
29982,8.28,8.01,38.02,-7.079,5.165,3.362,-0.1398,0.1396,0.9971
30002,8.23,8.06,38.03,-0.797,2.883,0.324,-0.1419,0.1309,1.0009
30022,8.30,8.08,37.97,5.493,1.112,-2.638,-0.1419,0.1268,0.9997
30042,8.45,8.09,37.82,10.684,0.000,-7.890,-0.1449,0.1227,1.0022
30062,8.64,8.06,37.64,13.394,-1.484,-8.791,-0.1458,0.1199,1.0003
30082,8.85,7.98,37.61,15.012,-3.865,-1.295,-0.1392,0.1163,0.9915
30102,9.10,7.91,37.49,16.203,-4.392,-6.043,-0.1478,0.1287,0.9981
30122,9.35,7.84,37.21,14.921,-4.598,-13.943,-0.1450,0.1415,0.9988
30142,9.57,7.71,37.02,13.928,-7.865,-9.638,-0.1478,0.1424,0.9980
30162,9.77,7.56,36.84,13.844,-8.186,-9.295,-0.1429,0.1394,1.0034
30182,9.91,7.36,36.57,10.234,-11.606,-13.272,-0.1468,0.1478,1.0072
30202,9.99,7.12,36.30,7.608,-13.858,-13.279,-0.1401,0.1459,1.0082
30222,10.06,6.85,36.08,7.081,-15.148,-11.302,-0.1376,0.1478,1.0031
30242,10.05,6.55,35.82,2.638,-18.514,-12.997,-0.1457,0.1529,1.0047
30262,10.03,6.22,35.60,1.058,-20.468,-10.653,-0.1448,0.1567,0.9997
30282,9.96,5.89,35.46,-1.789,-21.216,-7.081,-0.1445,0.1632,1.0016
30302,9.88,5.53,35.33,-3.033,-22.270,-6.462,-0.1348,0.1649,1.0012
30322,9.74,5.18,35.23,-5.751,-21.484,-5.401,-0.1302,0.1610,1.0039
30342,9.60,4.88,35.11,-5.820,-20.018,-5.730,-0.1289,0.1617,1.0046
30362,9.47,4.62,34.97,-6.240,-17.644,-7.066,-0.1202,0.1633,1.0012
30382,9.34,4.41,34.86,-6.224,-14.109,-5.722,-0.1106,0.1610,1.0030
30402,9.21,4.23,34.75,-5.606,-11.461,-5.226,-0.0965,0.1566,1.0008
30422,9.05,4.07,34.68,-6.705,-8.789,-3.569,-0.0801,0.1473,1.0033
30442,8.90,3.97,34.61,-6.079,-5.835,-3.585,-0.0764,0.1469,1.0095
30462,8.76,3.90,34.52,-5.927,-4.148,-4.279,-0.0739,0.1483,1.0085
30482,8.59,3.83,34.55,-6.575,-2.942,1.331,-0.0667,0.1332,1.0178
30502,8.42,3.81,34.49,-6.698,-1.529,-2.943,-0.0709,0.1364,1.0286
30522,8.22,3.80,34.41,-8.377,-0.934,-4.066,-0.0720,0.1352,1.0248
30542,8.01,3.83,34.37,-9.927,1.845,-2.043,-0.0691,0.1396,1.0239
30562,7.76,3.74,34.20,-12.606,-3.804,-8.340,-0.0584,0.1432,1.0281
30582,7.47,3.71,34.01,-15.072,0.000,-9.378,-0.0547,0.1371,1.0186
30602,7.13,3.67,33.88,-17.888,-3.583,-6.722,-0.0819,0.1362,1.0154
30622,6.78,3.51,33.68,-19.698,-11.316,-10.066,-0.0888,0.1375,1.0272
30642,6.46,3.20,33.41,-17.033,-16.193,-13.440,-0.0661,0.1273,1.0311
30662,6.15,2.91,33.18,-16.209,-16.293,-11.524,-0.0661,0.1161,1.0270
30682,5.88,2.47,33.00,-13.156,-25.812,-9.127,-0.0801,0.1043,1.0325
30702,5.67,2.04,32.91,-10.240,-24.674,-4.501,-0.0641,0.0990,1.0262
30722,5.51,1.57,32.73,-8.331,-26.606,-8.875,-0.0542,0.1008,1.0261
30742,5.38,1.13,32.61,-6.537,-25.285,-5.913,-0.0481,0.0983,1.0239
30762,5.29,0.72,32.52,-3.942,-22.384,-4.730,-0.0318,0.0910,1.0194
30782,5.22,0.45,32.44,-3.301,-16.148,-3.562,-0.0277,0.0915,1.0143
30802,5.15,0.26,32.55,-2.598,-9.919,5.392,-0.0098,0.0836,1.0168
30822,5.10,0.21,32.64,-1.713,-2.461,4.576,-0.0035,0.0843,1.0173
30842,5.04,0.31,32.69,-2.911,6.051,2.270,0.0032,0.0894,1.0224
30862,4.93,0.51,32.83,-5.934,11.852,6.965,0.0076,0.0904,1.0307
30882,4.84,0.80,33.04,-5.751,17.280,10.377,0.0090,0.0970,1.0298
30902,4.71,1.18,33.19,-7.255,23.379,7.522,0.0175,0.0941,1.0350
30922,4.53,1.60,33.33,-10.698,25.952,7.163,0.0147,0.0947,1.0288
30942,4.26,2.01,33.47,-15.194,25.120,6.942,0.0035,0.0933,1.0386
30962,3.93,2.38,33.54,-17.835,22.723,3.728,-0.0058,0.0831,1.0321
30982,3.66,2.66,33.62,-15.698,16.578,3.690,-0.0264,0.0838,1.0282
31002,3.39,2.84,33.64,-15.652,9.349,1.240,-0.0494,0.0787,1.0157
31022,3.14,2.87,33.63,-14.209,0.226,-0.837,-0.0616,0.0697,1.0236
31042,2.94,2.77,33.60,-10.804,-7.232,-1.066,-0.0699,0.0601,1.0169
31062,2.82,2.60,33.67,-6.667,-12.400,3.202,-0.0761,0.0555,1.0162
31082,2.80,2.39,33.58,-1.178,-15.178,-4.264,-0.0828,0.0539,1.0189
31102,2.85,2.14,33.47,2.768,-16.484,-5.478,-0.0727,0.0467,1.0139
31122,2.89,1.91,33.37,3.883,-14.506,-5.317,-0.0619,0.0369,1.0188
31142,3.04,1.72,33.26,7.272,-12.087,-5.279,-0.0512,0.0519,1.0139
31162,3.20,1.57,33.22,7.814,-9.522,-1.989,-0.0434,0.0589,1.0099
31182,3.34,1.49,33.12,8.096,-5.598,-4.997,-0.0432,0.0487,1.0162
31202,3.50,1.46,32.98,9.745,-2.132,-7.134,-0.0307,0.0483,1.0140
31222,3.66,1.48,32.89,9.157,0.578,-4.470,-0.0289,0.0537,1.0110
31242,3.81,1.53,32.78,9.272,1.684,-5.432,-0.0324,0.0533,1.0142
31262,3.95,1.59,32.69,8.898,2.654,-4.340,-0.0311,0.0541,1.0150
31282,4.07,1.64,32.71,8.684,2.799,0.637,-0.0277,0.0518,1.0118
31302,4.20,1.70,32.72,8.234,2.791,0.492,-0.0334,0.0576,1.0137
31322,4.34,1.82,32.83,7.631,4.043,5.545,-0.0467,0.0716,1.0161
31342,4.33,1.89,33.22,2.585,3.677,19.759,-0.0318,0.0516,1.0097
31362,4.31,1.96,33.62,2.989,5.181,19.828,-0.0218,0.0431,1.0251
31382,4.31,2.06,33.92,2.692,7.272,14.873,-0.0152,0.0553,1.0289
31402,4.25,2.25,34.22,-0.438,12.585,15.163,-0.0169,0.0528,1.0340
31422,4.18,2.51,34.41,-0.942,15.623,9.476,-0.0225,0.0546,1.0328
31442,4.07,2.86,34.60,-4.522,20.944,9.370,-0.0198,0.0630,1.0220
31462,3.86,3.28,34.77,-10.133,24.356,8.515,-0.0309,0.0657,1.0266
31482,3.54,3.73,34.79,-15.865,25.822,1.232,-0.0393,0.0622,1.0251
31502,3.10,4.07,34.82,-23.438,21.036,1.270,-0.0386,0.0695,1.0370
31522,2.64,4.38,34.94,-25.972,18.891,5.927,-0.0501,0.0705,1.0179
31542,2.08,4.58,35.05,-30.980,11.066,5.851,-0.0716,0.0655,1.0186
31562,1.45,4.65,35.12,-35.537,3.944,3.484,-0.0784,0.0592,1.0107
31582,0.81,4.65,35.25,-36.270,-1.751,6.538,-0.0974,0.0507,1.0126
31602,0.20,4.55,35.37,-36.011,-7.522,5.950,-0.0999,0.0494,1.0083
31622,-0.38,4.40,35.50,-34.094,-11.125,6.461,-0.1096,0.0362,1.0074
31642,-0.85,4.23,35.52,-28.652,-12.720,0.843,-0.1103,0.0279,1.0051
31662,-1.20,4.06,35.50,-21.881,-11.506,-0.951,-0.0979,0.0149,1.0033
31682,-1.47,3.91,35.46,-16.575,-9.613,-2.111,-0.0869,0.0012,1.0293
31702,-1.51,3.77,35.43,-3.614,-7.094,-1.310,-0.0703,-0.0127,1.0270
31722,-1.33,3.71,35.18,8.150,-3.903,-12.585,-0.0751,-0.0164,1.0263
31742,-1.03,3.72,34.81,14.699,-0.964,-18.669,-0.0783,-0.0151,1.0231
31762,-0.62,3.71,34.63,20.997,-1.476,-8.569,-0.0708,-0.0180,1.0020
31782,-0.14,3.70,34.51,26.715,-1.270,-6.004,-0.0715,-0.0236,1.0057
31802,0.39,3.69,34.18,30.455,-1.674,-16.462,-0.0788,-0.0252,1.0105
31822,0.96,3.61,33.96,32.913,-4.087,-11.134,-0.0619,-0.0232,1.0065
31842,1.49,3.51,33.83,32.287,-5.720,-6.783,-0.0687,-0.0194,1.0127
31862,1.96,3.37,33.54,29.135,-7.858,-14.317,-0.0669,-0.0148,1.0279
31882,2.36,3.20,33.28,25.822,-9.720,-12.898,-0.0679,-0.0073,1.0244
31902,2.70,3.01,33.06,21.623,-11.316,-10.867,-0.0703,0.0066,1.0204
31922,2.82,2.80,32.83,11.020,-11.903,-11.867,-0.0641,0.0075,1.0275
31942,2.74,2.63,32.64,-0.850,-10.155,-9.455,-0.0591,0.0249,1.0282
31962,2.45,2.43,32.50,-13.766,-10.277,-7.104,-0.0478,0.0366,1.0363
31982,1.95,2.22,32.51,-24.995,-10.461,0.560,-0.0401,0.0365,1.0344
32002,1.27,2.05,32.30,-36.911,-10.468,-10.409,-0.0516,0.0482,1.0427
32022,0.50,1.88,32.08,-42.942,-10.476,-11.111,-0.0528,0.0442,1.0307
32042,-0.34,1.70,32.08,-47.988,-10.873,0.000,-0.0454,0.0486,1.0224
32062,-1.23,1.48,32.06,-51.011,-11.903,-0.875,-0.0360,0.0339,1.0425
32082,-2.05,1.25,31.99,-47.278,-11.400,-3.264,-0.0233,0.0179,1.0330
32102,-2.71,1.01,31.93,-38.751,-12.636,-3.096,-0.0212,0.0015,1.0059
32122,-3.27,0.76,31.81,-32.652,-13.506,-6.218,-0.0228,-0.0193,1.0112
32142,-3.61,0.50,31.74,-18.904,-13.392,-3.615,-0.0115,-0.0474,1.0020
32162,-3.73,0.33,31.81,-6.224,-8.842,3.774,-0.0085,-0.0622,0.9956
32182,-3.67,0.18,31.94,5.906,-7.552,6.301,-0.0021,-0.0907,0.9960
32202,-3.44,0.06,32.17,14.654,-3.651,11.705,0.0164,-0.0857,1.0066
32222,-3.06,0.07,32.40,22.692,2.982,11.515,0.0183,-0.0833,0.9940
32242,-2.57,0.19,32.79,28.638,9.906,19.163,0.0326,-0.0817,0.9916
32262,-2.13,0.46,33.23,25.386,17.944,22.392,0.0264,-0.0656,0.9996
32282,-1.70,0.92,33.71,24.982,26.776,23.812,0.0155,-0.0562,0.9951
32302,-1.37,1.51,34.27,18.646,34.997,27.843,0.0217,-0.0451,1.0055
32322,-1.14,2.22,35.01,14.654,42.410,37.278,0.0192,-0.0427,1.0050
32342,-0.99,3.02,35.67,10.295,49.219,33.163,0.0256,-0.0410,1.0067
32362,-0.94,3.91,35.99,1.654,53.028,15.789,0.0002,-0.0096,1.0356
32382,-1.08,4.80,36.18,-6.430,53.280,9.347,-0.0071,-0.0260,1.0265
32402,-1.38,5.60,36.76,-15.537,48.242,29.301,-0.0322,-0.0193,1.0166
32422,-1.85,6.21,37.19,-27.369,37.173,21.339,-0.0543,-0.0026,1.0470
32442,-2.57,6.65,37.29,-40.148,25.975,4.904,-0.0866,-0.0064,1.0508
32462,-3.48,6.75,37.46,-52.446,8.249,8.728,-0.0944,-0.0055,1.0421
32482,-4.63,6.63,37.50,-65.094,-4.506,1.744,-0.1073,-0.0176,1.0374
32502,-5.92,6.41,37.42,-74.484,-14.186,-3.814,-0.1410,-0.0206,1.0221
32522,-7.36,6.03,37.36,-84.201,-23.552,-3.020,-0.1485,-0.0268,1.0062
32542,-8.91,5.59,37.37,-90.965,-28.239,0.522,-0.1508,-0.0405,1.0028
32562,-10.52,5.11,37.36,-95.163,-30.575,-0.378,-0.1470,-0.0630,1.0172
32582,-12.10,4.65,37.19,-93.461,-29.629,-8.837,-0.1389,-0.0904,1.0173
32602,-13.55,4.22,36.84,-85.484,-29.407,-17.157,-0.1399,-0.1277,0.9687
32622,-14.65,3.97,36.67,-69.591,-22.323,-8.676,-0.1444,-0.1253,0.9434
32642,-15.75,3.81,36.40,-67.583,-19.514,-13.493,-0.1616,-0.1669,0.9745
32662,-16.16,3.80,36.48,-30.888,-14.606,4.057,-0.1814,-0.1835,0.9430
32682,-16.29,3.95,36.40,-13.995,-6.796,-3.882,-0.1772,-0.2102,0.9164
32702,-16.10,4.14,36.20,9.089,0.990,-10.111,-0.1402,-0.2599,0.9170
32722,-15.59,4.37,36.02,28.890,7.013,-8.982,-0.1078,-0.2807,0.9046
32742,-14.82,4.60,35.97,46.501,7.700,-2.791,-0.1070,-0.3000,0.8967
32762,-13.84,4.85,35.73,58.906,9.623,-11.875,-0.1039,-0.3037,0.9016
32782,-12.76,5.08,35.37,67.951,8.883,-18.058,-0.1067,-0.3200,0.9069
32802,-11.58,5.28,35.00,72.333,8.738,-18.295,-0.0965,-0.2951,0.9052
32822,-10.39,5.40,34.69,74.287,4.921,-15.661,-0.0985,-0.2897,0.9149
32842,-9.21,5.42,34.22,73.570,1.318,-23.630,-0.0930,-0.2745,0.9416
32862,-8.10,5.36,33.75,69.119,-3.155,-23.188,-0.0946,-0.2500,0.9564
32882,-7.18,5.17,33.14,60.623,-8.659,-30.516,-0.0838,-0.2452,0.9742
32902,-6.35,4.99,32.66,52.531,-10.438,-24.149,-0.0981,-0.2034,0.9858
32922,-5.69,4.72,32.33,44.035,-14.163,-16.516,-0.0924,-0.1917,0.9977
32942,-5.16,4.39,32.11,35.753,-17.453,-11.088,-0.0860,-0.1699,1.0035
32962,-4.81,4.03,31.85,25.051,-19.132,-12.882,-0.0795,-0.1524,1.0184
32982,-4.67,3.66,31.62,13.524,-18.964,-11.714,-0.0733,-0.1422,1.0304
33002,-4.67,3.31,31.40,4.333,-17.888,-10.539,-0.0636,-0.1221,1.0293
33022,-4.80,3.02,31.24,-3.247,-15.674,-8.440,-0.0632,-0.1123,1.0325
33042,-5.03,2.74,31.09,-9.621,-13.659,-7.180,-0.0484,-0.1070,1.0331
33062,-5.29,2.50,30.96,-12.140,-11.308,-6.508,-0.0371,-0.1054,1.0284
33082,-5.58,2.29,30.90,-13.843,-8.728,-2.989,-0.0267,-0.1031,1.0311
33102,-5.79,2.15,30.87,-10.644,-5.499,-1.531,-0.0244,-0.1066,1.0322
33122,-5.94,2.07,30.89,-6.507,-2.277,1.064,-0.0217,-0.1150,1.0223
33142,-6.00,2.04,30.92,-1.217,0.287,1.415,-0.0217,-0.1223,1.0219
33162,-5.98,2.04,30.93,2.547,2.287,0.270,-0.0171,-0.1210,1.0211
33182,-5.94,2.03,31.21,4.264,3.761,14.087,-0.0023,-0.1244,1.0182
33202,-5.87,2.08,31.49,6.814,5.814,13.843,-0.0079,-0.1320,1.0161
33222,-5.82,2.17,31.67,3.959,7.776,9.156,-0.0101,-0.1173,1.0208
33242,-5.83,2.28,31.92,0.547,9.929,12.782,-0.0015,-0.1139,1.0163
33262,-5.91,2.42,32.29,-3.927,12.646,18.339,0.0020,-0.1054,1.0275
33282,-6.11,2.60,32.60,-10.453,15.196,15.316,0.0065,-0.1088,1.0351
33302,-6.43,2.86,32.89,-17.759,18.845,14.408,0.0021,-0.1005,1.0388
33322,-6.91,3.16,33.12,-27.247,20.219,11.538,-0.0123,-0.0984,1.0396
33342,-7.53,3.49,33.39,-36.415,21.028,13.736,-0.0257,-0.0870,1.0426
33362,-8.29,3.79,33.76,-44.942,19.860,18.316,-0.0250,-0.0894,1.0340
33382,-9.14,4.04,34.20,-50.957,17.066,22.202,-0.0340,-0.0941,1.0295
33402,-10.07,4.26,34.48,-55.972,14.417,13.996,-0.0482,-0.0979,1.0349
33422,-11.05,4.42,34.74,-59.232,11.104,13.171,-0.0524,-0.1100,1.0248
33442,-12.14,4.47,35.23,-62.904,6.379,24.339,-0.0441,-0.1440,1.0112
33462,-13.06,4.49,35.44,-55.530,4.280,10.362,-0.0556,-0.1556,1.0222
33482,-13.90,4.44,35.41,-50.927,-0.812,-1.653,-0.0645,-0.1694,1.0107
33502,-14.58,4.26,35.56,-41.094,-6.774,7.774,-0.0569,-0.1995,1.0022
33522,-14.95,4.07,35.61,-24.522,-9.560,2.492,-0.0749,-0.2141,1.0001
33542,-15.12,3.83,35.48,-11.804,-13.667,-6.760,-0.0806,-0.2385,0.9884
33562,-15.04,3.54,35.42,3.699,-15.758,-2.546,-0.0732,-0.2591,0.9746
33582,-14.78,3.32,35.09,15.157,-13.415,-16.585,-0.0780,-0.2744,0.9770
33602,-14.30,3.10,34.88,25.562,-12.048,-10.798,-0.0610,-0.2554,0.9546
33622,-13.74,2.94,34.85,32.402,-8.384,-1.371,-0.0560,-0.2711,0.9483
33642,-13.08,2.87,34.57,37.715,-3.361,-13.821,-0.0504,-0.2673,0.9741
33662,-12.37,2.91,34.12,40.654,0.898,-22.730,-0.0573,-0.2540,0.9654
33682,-11.66,2.91,33.77,41.203,0.753,-17.447,-0.0442,-0.2506,0.9624
33702,-10.92,2.88,33.37,43.768,0.000,-20.050,-0.0383,-0.2458,0.9797
33722,-10.17,2.84,32.84,44.974,0.000,-26.623,-0.0339,-0.2391,0.9804
33742,-9.48,2.78,32.47,42.310,-2.590,-18.127,-0.0457,-0.2318,0.9745
33762,-8.83,2.64,32.29,41.738,-6.903,-9.119,-0.0445,-0.2299,0.9792
33782,-8.18,2.46,32.02,41.272,-8.972,-13.524,-0.0441,-0.2200,0.9952
33802,-7.63,2.22,31.71,36.203,-11.926,-15.501,-0.0409,-0.2075,0.9999
33822,-7.13,1.96,31.56,33.730,-13.323,-7.409,-0.0380,-0.1995,1.0015
33842,-6.65,1.71,31.36,30.989,-13.980,-10.211,-0.0411,-0.1805,1.0112
33862,-6.29,1.46,31.11,24.524,-13.621,-12.241,-0.0373,-0.1673,1.0107
33882,-6.01,1.24,30.98,19.867,-11.575,-6.554,-0.0263,-0.1551,1.0069
33902,-5.81,1.05,30.85,13.852,-9.529,-6.791,-0.0191,-0.1369,1.0168
33922,-5.72,0.92,30.62,7.287,-6.911,-11.241,-0.0183,-0.1288,1.0271
33942,-5.70,0.83,30.46,3.364,-3.995,-7.982,-0.0122,-0.1194,1.0261
33962,-5.73,0.77,30.40,-0.400,-2.018,-3.119,-0.0074,-0.1143,1.0295
33982,-5.79,0.75,30.31,-2.346,-0.209,-4.333,-0.0065,-0.1109,1.0295
34002,-5.87,0.78,30.30,-3.720,2.226,-0.417,-0.0041,-0.1079,1.0282
34022,-5.96,0.81,30.34,-4.568,2.799,1.576,-0.0036,-0.1053,1.0217
34042,-5.99,0.83,30.39,-2.087,2.967,2.446,0.0022,-0.1029,1.0237
34062,-6.04,0.81,30.44,-2.461,1.135,2.629,0.0043,-0.1081,1.0258
34082,-6.06,0.77,30.72,-1.934,0.000,14.041,0.0036,-0.1018,1.0176
34102,-6.07,0.74,30.96,-0.751,1.120,12.141,0.0077,-0.1059,1.0272
34122,-6.12,0.74,31.15,-3.064,2.868,9.591,0.0099,-0.1043,1.0257
34142,-6.21,0.76,31.47,-5.331,4.142,15.980,0.0167,-0.1062,1.0227
34162,-6.37,0.83,31.76,-10.011,6.852,14.599,0.0126,-0.0965,1.0277
34182,-6.58,1.02,32.03,-14.064,12.318,13.080,0.0047,-0.0875,1.0280
34202,-6.88,1.22,32.31,-19.430,14.219,14.141,0.0129,-0.0857,1.0281
34222,-7.25,1.49,32.53,-23.278,17.181,11.148,0.0068,-0.0869,1.0304
34242,-7.68,1.78,32.66,-27.270,17.547,6.278,-0.0033,-0.0898,1.0245
34262,-8.13,2.03,32.77,-28.262,15.944,5.446,-0.0086,-0.0956,1.0173
34282,-8.58,2.24,32.91,-28.667,13.074,7.240,-0.0192,-0.1017,1.0162
34302,-8.95,2.37,32.95,-24.102,8.257,2.186,-0.0271,-0.1112,1.0114
34322,-9.24,2.39,32.96,-18.423,2.295,0.499,-0.0301,-0.1285,1.0048
34342,-9.38,2.30,33.02,-8.820,-3.293,2.690,-0.0324,-0.1487,0.9994
34362,-9.32,2.18,33.02,2.409,-6.697,0.000,-0.0403,-0.1584,0.9966
34382,-9.08,1.99,32.77,12.799,-9.560,-12.340,-0.0380,-0.1689,0.9972
34402,-8.72,1.77,32.40,18.631,-11.102,-18.775,-0.0330,-0.1559,0.9927
34422,-8.32,1.54,32.38,22.982,-12.835,-0.592,-0.0350,-0.1685,0.9712
34442,-7.88,1.30,32.47,26.852,-12.422,4.263,-0.0291,-0.1751,0.9798
34462,-7.45,1.15,32.34,26.394,-8.285,-6.546,-0.0271,-0.1707,0.9912
34482,-7.09,1.05,32.31,21.890,-5.293,-1.691,-0.0172,-0.1570,0.9846
34502,-6.83,0.99,32.43,16.669,-1.491,6.484,-0.0081,-0.1471,0.9892
34522,-6.64,1.07,32.35,10.944,3.776,-4.462,-0.0189,-0.1314,1.0047
34542,-6.56,1.21,32.21,5.386,7.959,-6.844,-0.0143,-0.1236,1.0033
34562,-6.56,1.38,32.19,-0.469,9.623,-0.959,-0.0126,-0.1141,1.0038
34582,-6.66,1.56,32.15,-5.591,10.204,-1.768,-0.0166,-0.1142,1.0129
34602,-6.81,1.68,32.19,-7.621,7.875,1.881,-0.0173,-0.1169,1.0099
34622,-6.95,1.77,32.24,-7.400,4.852,2.560,-0.0250,-0.1197,1.0110
34642,-7.03,1.77,32.24,-4.446,0.204,-0.371,-0.0328,-0.1236,1.0064
34662,-7.04,1.71,32.22,0.000,-4.109,-0.852,-0.0374,-0.1269,1.0066
34682,-7.03,1.59,32.29,2.081,-6.476,3.744,-0.0322,-0.1364,1.0064
34702,-6.95,1.49,32.38,4.348,-6.270,4.278,-0.0391,-0.1289,1.0092
34722,-6.88,1.40,32.28,3.531,-5.743,-4.722,-0.0372,-0.1205,1.0122
34742,-6.83,1.35,32.27,2.012,-3.163,-0.798,-0.0290,-0.1151,1.0055
34762,-6.80,1.37,32.31,0.493,-0.445,1.927,-0.0343,-0.1122,1.0118
34782,-6.78,1.42,32.37,0.000,1.807,3.240,-0.0328,-0.1110,1.0113
34802,-6.81,1.50,32.52,-2.606,3.730,7.423,-0.0288,-0.1108,1.0065
34822,-6.82,1.61,32.78,-2.003,5.524,12.881,-0.0273,-0.1104,1.0070
34842,-6.85,1.76,32.95,-2.812,7.234,8.683,-0.0343,-0.1071,1.0120
34862,-6.89,1.92,33.20,-3.713,8.181,12.499,-0.0334,-0.1062,1.0049
34882,-6.92,2.10,33.50,-3.323,9.165,14.828,-0.0328,-0.1065,1.0052
34902,-6.93,2.29,33.62,-1.820,10.058,6.156,-0.0352,-0.1113,1.0095
34922,-6.92,2.47,33.69,-0.850,10.013,3.392,-0.0357,-0.1140,1.0071
34942,-6.91,2.64,33.79,0.000,9.051,4.927,-0.0418,-0.1149,1.0083
34962,-6.87,2.78,33.77,0.921,7.303,-0.844,-0.0472,-0.1147,1.0108
34982,-6.85,2.84,33.77,0.783,3.318,0.000,-0.0506,-0.1180,1.0051
35002,-6.86,2.85,33.76,-0.766,-0.438,-0.753,-0.0574,-0.1182,1.0150
35022,-6.78,2.85,33.46,2.135,-2.491,-14.890,-0.0738,-0.1073,1.0177
35042,-6.72,2.79,33.21,1.577,-5.010,-12.188,-0.0658,-0.1072,1.0082
35062,-6.71,2.66,32.84,-0.354,-7.155,-18.768,-0.0531,-0.1115,1.0140
35082,-6.69,2.52,32.55,0.669,-8.033,-14.630,-0.0544,-0.1128,1.0073
35102,-6.66,2.35,32.39,0.753,-9.819,-7.730,-0.0512,-0.1140,1.0059
35122,-6.66,2.19,32.06,0.000,-10.071,-16.378,-0.0555,-0.1159,1.0133
35142,-6.63,2.03,31.77,1.112,-10.560,-14.646,-0.0577,-0.1132,1.0076
35162,-6.59,1.84,31.62,1.478,-11.377,-7.516,-0.0498,-0.1154,1.0098
35182,-6.57,1.65,31.37,1.432,-11.758,-12.508,-0.0496,-0.1180,1.0148
35202,-6.52,1.44,31.10,2.753,-12.186,-13.684,-0.0391,-0.1191,1.0093
35222,-6.44,1.23,30.94,4.623,-11.987,-7.737,-0.0327,-0.1188,1.0085
35242,-6.32,1.02,30.89,7.081,-11.094,-2.661,-0.0245,-0.1220,1.0062
35262,-6.19,0.84,30.85,8.791,-9.025,-2.035,-0.0152,-0.1287,1.0102
35282,-6.03,0.70,30.84,10.547,-7.079,-0.539,-0.0116,-0.1291,1.0090
35302,-5.87,0.60,30.88,10.386,-4.132,2.080,-0.0049,-0.1228,1.0108
35322,-5.74,0.57,30.92,8.112,-0.262,2.202,-0.0006,-0.1177,1.0154
35342,-5.68,0.59,30.99,4.928,3.120,3.163,0.0068,-0.1186,1.0197
35362,-5.72,0.65,31.29,-0.713,5.463,15.110,0.0100,-0.1122,1.0139
35382,-5.81,0.76,31.61,-3.751,8.371,16.255,0.0116,-0.1091,1.0260
35402,-5.91,0.98,31.81,-5.064,11.997,9.858,-0.0061,-0.1077,1.0328
35422,-6.04,1.19,32.00,-7.415,13.265,9.316,0.0005,-0.0998,1.0218
35442,-6.24,1.45,32.15,-10.850,14.799,7.660,-0.0092,-0.1027,1.0273
35462,-6.45,1.69,32.18,-13.003,13.295,1.431,-0.0204,-0.0966,1.0270
35482,-6.72,1.87,32.23,-15.995,10.333,2.331,-0.0204,-0.0964,1.0236
35502,-6.98,1.98,32.26,-16.148,6.089,1.476,-0.0304,-0.0986,1.0215
35522,-7.22,2.01,32.19,-14.988,1.310,-3.371,-0.0397,-0.1069,1.0221
35542,-7.41,1.95,32.18,-11.270,-3.125,-0.569,-0.0376,-0.1143,1.0112
35562,-7.51,1.84,32.20,-6.072,-6.438,0.980,-0.0397,-0.1256,1.0119
35582,-7.53,1.70,32.20,-0.865,-7.720,0.000,-0.0363,-0.1312,1.0104
35602,-7.50,1.54,32.08,2.264,-8.636,-6.012,-0.0301,-0.1404,1.0130
35622,-7.41,1.42,31.98,5.608,-6.484,-5.035,-0.0291,-0.1422,1.0103
35642,-7.34,1.32,31.87,4.142,-5.132,-5.203,-0.0270,-0.1344,1.0136
35662,-7.24,1.26,31.61,4.890,-2.728,-13.004,-0.0201,-0.1308,1.0154
35682,-7.18,1.26,31.33,2.615,-0.880,-13.982,-0.0283,-0.1223,1.0122
35702,-7.16,1.24,31.24,0.333,-1.178,-4.577,-0.0251,-0.1229,1.0090
35722,-7.15,1.23,31.09,1.325,-1.308,-7.256,-0.0281,-0.1314,1.0132
35742,-7.09,1.18,30.89,3.539,-2.583,-10.111,-0.0238,-0.1325,1.0096
35762,-7.00,1.09,30.79,6.135,-5.125,-4.982,-0.0216,-0.1356,1.0027
35782,-6.86,0.96,30.72,8.852,-6.888,-3.783,-0.0210,-0.1366,1.0042
35802,-6.69,0.80,30.64,10.715,-8.033,-3.989,-0.0172,-0.1386,1.0052
35822,-6.49,0.64,30.63,12.531,-7.934,-0.608,-0.0107,-0.1368,1.0003
35842,-6.29,0.49,30.67,12.936,-7.148,2.217,-0.0055,-0.1349,1.0026
35862,-6.12,0.39,30.73,11.211,-4.888,3.041,-0.0032,-0.1302,1.0102
35882,-5.99,0.35,30.84,8.501,-1.109,5.469,0.0014,-0.1258,1.0166
35902,-5.94,0.35,31.06,3.822,0.753,11.087,0.0013,-0.1178,1.0178
35922,-5.92,0.41,31.28,0.844,4.104,10.736,0.0010,-0.1033,1.0167
35942,-5.96,0.54,31.49,-3.072,7.669,10.759,0.0018,-0.0949,1.0192
35962,-6.09,0.72,31.70,-7.789,10.860,10.614,0.0005,-0.1001,1.0250
35982,-6.27,0.95,31.83,-11.018,13.570,6.347,0.0026,-0.0958,1.0266
36002,-6.54,1.19,31.95,-15.606,13.944,5.904,-0.0057,-0.0983,1.0196
36022,-6.85,1.41,32.06,-17.598,12.593,5.331,-0.0140,-0.1020,1.0205
36042,-7.16,1.59,32.12,-18.865,10.066,3.431,-0.0183,-0.0986,1.0184
36062,-7.45,1.72,32.15,-17.865,6.326,1.186,-0.0307,-0.1037,1.0127
36082,-7.70,1.76,32.04,-14.820,1.104,-5.615,-0.0375,-0.1179,1.0139
36102,-7.87,1.74,32.01,-11.446,-1.987,-1.333,-0.0409,-0.1163,1.0047
36122,-8.00,1.64,32.00,-7.812,-6.117,-0.325,-0.0391,-0.1294,1.0049
36142,-7.99,1.53,31.84,0.936,-7.445,-8.104,-0.0404,-0.1401,0.9907
36162,-7.92,1.39,31.43,4.486,-8.575,-20.417,-0.0396,-0.1464,0.9975
36182,-7.77,1.24,31.12,9.501,-9.781,-15.814,-0.0395,-0.1530,0.9875
36202,-7.50,1.03,30.90,15.142,-12.476,-10.653,-0.0336,-0.1445,0.9833
36222,-7.20,0.82,30.66,17.066,-12.117,-12.058,-0.0303,-0.1439,0.9922
36242,-6.86,0.61,30.36,21.226,-12.506,-14.997,-0.0275,-0.1530,0.9985
36262,-6.43,0.39,30.16,25.677,-12.430,-10.134,-0.0178,-0.1478,0.9911
36282,-5.97,0.17,30.03,27.608,-11.880,-6.569,-0.0120,-0.1448,0.9948
36302,-5.53,-0.02,29.88,27.234,-10.499,-7.501,-0.0073,-0.1408,0.9992
36322,-5.13,-0.17,29.77,24.982,-7.980,-5.524,-0.0029,-0.1309,0.9977
36342,-4.78,-0.26,29.72,22.005,-5.506,-2.165,-0.0038,-0.1216,0.9992
36362,-4.49,-0.31,29.61,17.531,-3.071,-5.867,0.0044,-0.1068,1.0103
36382,-4.27,-0.32,29.45,13.295,-0.361,-8.027,0.0059,-0.0948,1.0126
36402,-4.13,-0.32,29.30,8.684,0.776,-7.386,0.0094,-0.0849,1.0130
36422,-4.05,-0.29,29.08,4.837,1.723,-11.027,0.0091,-0.0801,1.0213
36442,-4.01,-0.28,28.82,2.570,1.081,-12.661,0.0076,-0.0770,1.0217
36462,-3.97,-0.33,28.63,2.257,-2.025,-9.943,0.0098,-0.0740,1.0161
36482,-3.91,-0.43,28.45,4.150,-5.125,-8.577,0.0078,-0.0800,1.0176
36502,-3.78,-0.60,28.28,8.638,-8.407,-8.691,0.0110,-0.0839,1.0133
36522,-3.60,-0.81,28.18,11.883,-10.873,-4.982,0.0144,-0.0866,1.0094
36542,-3.36,-1.06,28.11,15.257,-12.224,-3.447,0.0191,-0.0875,1.0088
36562,-3.10,-1.31,28.04,15.783,-12.636,-3.768,0.0213,-0.0812,1.0123
36582,-2.81,-1.55,27.94,17.890,-12.247,-4.913,0.0247,-0.0762,1.0087
36602,-2.50,-1.75,27.88,18.776,-10.583,-3.081,0.0261,-0.0707,1.0078
36622,-2.20,-1.89,27.79,17.081,-7.919,-4.142,0.0249,-0.0592,1.0098
36642,-1.98,-1.98,27.78,13.356,-4.812,-0.600,0.0353,-0.0515,1.0143
36662,-1.78,-2.02,27.79,10.020,-1.209,0.217,0.0436,-0.0356,1.0141
36682,-1.68,-2.01,27.79,4.997,1.990,0.247,0.0461,-0.0282,1.0169
36702,-1.66,-1.94,27.86,0.000,5.142,3.415,0.0486,-0.0216,1.0169
36722,-1.70,-1.86,28.06,-3.217,7.532,10.163,0.0617,-0.0203,1.0093
36742,-1.79,-1.74,28.25,-6.247,9.272,9.629,0.0613,-0.0164,1.0205
36762,-1.94,-1.58,28.41,-8.972,11.135,7.797,0.0533,-0.0221,1.0287
36782,-2.09,-1.41,28.51,-9.888,10.952,4.866,0.0488,-0.0152,1.0219
36802,-2.29,-1.26,28.67,-12.331,10.593,8.064,0.0479,-0.0207,1.0218
36822,-2.49,-1.14,28.80,-12.362,8.555,6.400,0.0404,-0.0243,1.0247
36842,-2.68,-1.04,28.91,-12.194,6.837,5.499,0.0356,-0.0235,1.0217
36862,-2.89,-0.97,29.02,-13.407,5.089,5.522,0.0316,-0.0285,1.0238
36882,-3.08,-0.93,29.07,-12.453,3.249,2.713,0.0272,-0.0298,1.0238
36902,-3.24,-0.91,29.11,-10.797,1.822,1.957,0.0248,-0.0349,1.0199
36922,-3.35,-0.93,29.13,-7.988,0.000,0.927,0.0245,-0.0387,1.0144
36942,-3.43,-0.95,29.12,-5.972,0.000,-0.714,0.0237,-0.0410,1.0184
36962,-3.47,-0.97,29.10,-3.850,-0.254,-0.516,0.0221,-0.0466,1.0164
36982,-3.46,-0.99,29.10,-0.965,-0.903,-0.203,0.0211,-0.0517,1.0172
37002,-3.42,-1.01,29.07,1.318,-0.827,-1.768,0.0180,-0.0513,1.0215
37022,-3.30,-1.00,28.88,4.142,0.000,-9.058,0.0131,-0.0447,1.0193
37042,-3.19,-1.02,28.68,5.211,-0.804,-10.004,0.0195,-0.0564,1.0209
37062,-3.03,-1.06,28.53,7.760,-1.819,-7.791,0.0237,-0.0521,1.0159
37082,-2.88,-1.13,28.46,7.745,-3.506,-3.470,0.0190,-0.0498,1.0137
37102,-2.74,-1.22,28.33,7.119,-4.942,-6.462,0.0162,-0.0524,1.0172
37122,-2.60,-1.33,28.21,7.425,-6.109,-6.157,0.0176,-0.0482,1.0160
37142,-2.42,-1.47,28.15,9.402,-7.346,-2.928,0.0228,-0.0456,1.0106
37162,-2.24,-1.60,28.07,9.425,-7.285,-4.027,0.0250,-0.0433,1.0172
37182,-2.04,-1.74,27.95,10.776,-6.942,-5.691,0.0303,-0.0423,1.0179
37202,-1.81,-1.87,27.87,12.234,-6.835,-4.272,0.0281,-0.0391,1.0121
37222,-1.61,-1.97,27.79,11.547,-5.865,-3.920,0.0299,-0.0407,1.0142
37242,-1.41,-2.06,27.68,11.081,-4.804,-5.363,0.0321,-0.0350,1.0152
37262,-1.25,-2.12,27.62,9.524,-3.728,-3.317,0.0331,-0.0339,1.0174
37282,-1.11,-2.18,27.59,7.989,-2.995,-1.478,0.0366,-0.0311,1.0183
37302,-1.02,-2.21,27.60,5.615,-1.796,0.515,0.0381,-0.0281,1.0167
37322,-0.99,-2.23,27.61,2.463,-0.835,0.805,0.0406,-0.0237,1.0181
37342,-0.99,-2.23,27.62,0.000,0.471,0.347,0.0443,-0.0193,1.0199
37362,-1.03,-2.22,27.63,-2.362,0.898,0.484,0.0437,-0.0151,1.0215
37382,-1.09,-2.20,27.65,-3.827,1.387,0.980,0.0437,-0.0129,1.0205
37402,-1.18,-2.20,27.79,-4.766,1.448,6.942,0.0481,-0.0193,1.0193
37422,-1.26,-2.20,27.97,-3.980,0.654,9.064,0.0474,-0.0200,1.0222
37442,-1.33,-2.19,28.08,-3.759,1.226,5.515,0.0459,-0.0206,1.0281
37462,-1.35,-2.17,28.14,-2.094,1.608,2.767,0.0444,-0.0160,1.0197
37482,-1.34,-2.14,28.24,-0.339,2.326,5.278,0.0444,-0.0164,1.0167
37502,-1.29,-2.10,28.27,1.089,2.654,1.515,0.0408,-0.0119,1.0168
37522,-1.26,-2.05,28.29,0.577,2.982,0.942,0.0398,-0.0123,1.0143
37542,-1.23,-1.98,28.34,0.000,3.112,2.392,0.0337,-0.0099,1.0169
37562,-1.19,-1.93,28.28,1.104,2.310,-2.768,0.0331,-0.0137,1.0154
37582,-1.14,-1.88,28.19,1.409,1.753,-4.798,0.0262,-0.0122,1.0197
37602,-1.11,-1.86,28.15,1.012,0.310,-1.783,0.0274,-0.0139,1.0193
37622,-1.04,-1.85,28.16,2.150,-0.522,0.583,0.0252,-0.0085,1.0166
37642,-1.00,-1.85,28.13,1.165,-0.911,-1.501,0.0259,-0.0096,1.0153
37662,-0.96,-1.87,28.12,0.600,-1.056,-0.592,0.0290,-0.0074,1.0171
37682,-0.94,-1.87,28.12,0.234,-0.529,0.000,0.0310,-0.0074,1.0170
37702,-0.94,-1.88,28.12,-0.843,-0.567,0.000,0.0325,-0.0109,1.0244
37722,-0.96,-1.86,28.13,-1.705,0.623,0.286,0.0316,-0.0108,1.0228
37742,-0.97,-1.84,28.12,-1.087,0.982,-0.310,0.0320,-0.0114,1.0232
37762,-0.98,-1.81,28.13,-1.224,1.219,0.515,0.0310,-0.0129,1.0212
37782,-0.98,-1.79,28.20,-0.339,0.944,3.644,0.0300,-0.0121,1.0182
37802,-0.96,-1.76,28.30,0.928,1.173,4.721,0.0305,-0.0169,1.0184
37822,-0.90,-1.73,28.34,2.959,1.394,2.301,0.0272,-0.0179,1.0177
37842,-0.84,-1.70,28.30,4.928,2.135,-2.043,0.0346,-0.0289,1.0257
37862,-0.71,-1.68,28.36,8.005,1.860,2.721,0.0393,-0.0289,1.0178
37882,-0.54,-1.68,28.62,12.226,1.646,13.110,0.0440,-0.0404,1.0146
37902,-0.26,-1.63,28.83,17.615,3.455,10.728,0.0356,-0.0330,1.0199
37922,0.08,-1.55,28.97,20.531,4.463,6.835,0.0311,-0.0299,1.0179
37942,0.45,-1.44,29.45,24.096,7.501,23.873,0.0453,-0.0409,1.0137
37962,0.81,-1.24,29.91,23.058,12.608,23.339,0.0422,-0.0279,1.0239
37982,1.28,-0.89,30.33,28.783,19.616,20.835,0.0332,-0.0220,1.0213
38002,1.74,-0.49,30.79,28.356,25.280,22.919,0.0544,-0.0160,1.0188
38022,2.21,0.05,31.32,27.463,33.043,26.377,0.0496,0.0073,1.0120
38042,2.60,0.72,31.65,22.722,39.791,16.782,0.0407,0.0192,0.9924
38062,2.93,1.53,32.03,17.280,47.562,18.774,0.0330,0.0416,0.9837
38082,3.21,2.43,32.39,13.241,50.776,17.843,0.0067,0.0620,0.9833
38102,3.28,3.28,32.54,2.547,49.387,7.820,-0.0022,0.0672,1.0274
38122,3.30,3.99,32.83,1.356,43.089,14.309,-0.0057,0.0542,0.9987
38142,3.39,4.62,33.02,6.760,37.921,9.461,-0.0270,0.0412,1.0350
38162,3.51,5.01,33.20,8.982,23.188,9.339,-0.0572,0.0396,1.0156
38182,3.65,5.12,33.35,9.509,8.211,7.240,-0.0663,0.0425,1.0089
38202,3.94,5.13,33.28,17.127,0.000,-3.524,-0.0953,0.0458,1.0019
38222,4.27,4.87,33.45,20.547,-13.819,8.400,-0.0882,0.0377,0.9738
38242,4.74,4.51,33.59,28.661,-20.018,7.217,-0.0955,0.0421,0.9846
38262,5.34,4.11,33.42,34.730,-24.590,-8.730,-0.1114,0.0512,0.9947
38282,6.02,3.68,33.28,41.188,-26.522,-6.653,-0.1016,0.0461,0.9757
38302,6.79,3.27,33.31,46.180,-24.010,1.499,-0.0876,0.0492,0.9775
38322,7.58,2.92,33.27,47.768,-21.354,-2.073,-0.0822,0.0664,0.9871
38342,8.39,2.62,33.10,50.127,-16.690,-8.539,-0.0582,0.0661,1.0055
38362,9.13,2.50,32.93,43.509,-8.033,-8.363,-0.0617,0.1056,1.0021
38382,9.81,2.56,32.70,37.944,-1.010,-11.432,-0.0782,0.1341,0.9649
38402,10.22,2.79,32.61,22.272,8.349,-4.875,-0.0751,0.1578,0.9765
38422,10.39,3.12,32.54,7.982,13.501,-3.310,-0.0808,0.1880,0.9871
38442,10.39,3.52,32.43,-3.881,16.807,-5.378,-0.0852,0.2117,0.9862
38462,10.12,3.72,32.28,-15.812,12.272,-7.859,-0.0475,0.1965,0.9911
38482,9.77,3.88,32.22,-20.003,10.249,-2.821,-0.0513,0.1964,1.0019
38502,9.39,3.93,32.18,-21.888,1.975,-2.004,-0.0743,0.1939,1.0126
38522,9.04,3.79,32.02,-20.560,-7.743,-8.157,-0.0750,0.1851,1.0155
38542,8.75,3.55,32.15,-16.400,-13.338,6.507,-0.0748,0.1757,1.0114
38562,8.56,3.25,32.30,-12.301,-17.629,7.431,-0.0802,0.1774,1.0184
38582,8.42,2.93,32.36,-9.552,-18.659,3.202,-0.0789,0.1706,1.0227
38602,8.34,2.67,32.50,-6.301,-16.369,7.034,-0.0777,0.1686,1.0145
38622,8.28,2.50,32.65,-5.087,-10.873,7.309,-0.0644,0.1677,1.0139
38642,8.30,2.49,32.91,-3.217,-3.529,13.324,-0.0709,0.1839,1.0112
38662,8.35,2.60,33.36,-2.331,4.402,22.560,-0.0544,0.1911,1.0032
38682,8.36,2.91,33.87,-3.591,15.402,25.278,-0.0558,0.1809,1.0038
38702,8.37,3.38,34.35,-4.262,25.845,24.163,-0.0388,0.1900,1.0056
38722,8.32,4.03,34.78,-6.698,37.226,21.591,-0.0330,0.1833,1.0010
38742,8.27,4.84,35.27,-8.178,46.975,24.217,-0.0278,0.1938,0.9993
38762,8.23,5.83,35.62,-7.873,56.433,17.629,-0.0451,0.1945,1.0058
38782,8.20,6.85,35.87,-6.407,59.364,12.568,-0.0507,0.1886,1.0040
38802,8.23,7.87,36.01,-3.812,60.081,6.828,-0.0619,0.1876,0.9956
38822,8.29,8.72,36.18,-0.308,51.142,8.461,-0.0803,0.1739,0.9973
38842,8.41,9.31,36.09,5.341,36.738,-4.478,-0.1045,0.1538,0.9919
38862,8.65,9.64,35.96,11.386,18.967,-6.440,-0.1493,0.1536,0.9849
38882,8.90,9.66,35.87,14.028,-0.254,-4.310,-0.1778,0.1418,0.9727
38902,9.19,9.41,35.49,15.073,-15.743,-19.455,-0.1892,0.1518,0.9832
38922,9.41,9.00,35.07,11.218,-25.606,-20.699,-0.2005,0.1581,0.9657
38942,9.53,8.40,34.88,5.867,-34.323,-9.722,-0.1836,0.1670,0.9757
38962,9.54,7.71,34.24,-0.568,-39.743,-31.852,-0.1802,0.1719,0.9803
38982,9.40,6.93,33.46,-7.797,-44.606,-39.211,-0.1693,0.1751,1.0012
39002,9.22,6.12,32.90,-12.346,-48.751,-27.806,-0.1780,0.1891,0.9861
39022,9.00,5.12,32.25,-14.591,-58.445,-32.638,-0.1677,0.1906,1.0072
39042,8.76,4.12,31.59,-15.545,-60.148,-32.974,-0.1611,0.1814,0.9972
39062,8.56,3.09,31.20,-13.804,-63.132,-19.226,-0.1517,0.1811,0.9903
39082,8.36,2.08,30.89,-12.881,-62.651,-15.867,-0.1441,0.1727,1.0004
39102,8.17,1.13,30.45,-10.827,-60.216,-21.714,-0.1259,0.1575,1.0073
39122,7.99,0.27,30.10,-10.804,-54.667,-17.340,-0.1072,0.1574,1.0116
39142,7.82,-0.53,29.86,-8.385,-48.522,-12.081,-0.0653,0.1392,1.0132
39162,7.67,-1.13,29.62,-9.194,-38.735,-12.027,-0.0512,0.1509,1.0129
39182,7.53,-1.58,29.41,-9.843,-28.300,-10.592,-0.0221,0.1519,0.9927
39202,7.39,-1.79,29.34,-9.499,-15.575,-3.585,-0.0102,0.1505,0.9947
39222,7.25,-1.84,29.27,-10.079,-4.919,-3.638,0.0123,0.1531,0.9980
39242,7.08,-1.72,29.21,-10.659,6.112,-2.691,0.0308,0.1436,1.0010
39262,6.92,-1.45,29.25,-10.438,14.997,1.988,0.0350,0.1458,1.0063
39282,6.72,-1.06,29.23,-11.346,21.387,-1.043,0.0359,0.1294,1.0154
39302,6.59,-0.62,29.18,-7.865,25.043,-2.600,0.0387,0.1284,1.0143
39322,6.46,-0.17,29.16,-7.476,26.089,-0.982,0.0352,0.1230,1.0130
39342,6.36,0.20,29.17,-5.301,22.097,0.347,0.0257,0.1179,1.0104
39362,6.29,0.47,29.14,-3.270,15.944,-1.256,0.0132,0.1092,1.0102
39382,6.28,0.58,29.18,1.066,7.677,2.102,0.0063,0.0960,1.0093
39402,6.34,0.61,29.28,6.310,0.967,4.789,-0.0124,0.0858,1.0127
39422,6.47,0.51,29.33,9.600,-5.674,2.721,-0.0161,0.0881,1.0091
39442,6.63,0.31,29.27,11.753,-9.835,-2.936,-0.0044,0.0825,1.0076
39462,6.83,0.12,29.41,12.211,-10.003,6.965,-0.0053,0.1017,1.0065
39482,6.98,-0.05,29.50,10.783,-8.636,4.469,-0.0006,0.0970,1.0136
39502,7.11,-0.20,29.41,9.646,-7.743,-4.417,0.0026,0.0998,1.0202
39522,7.22,-0.28,29.42,7.325,-3.690,0.392,0.0071,0.1128,1.0147
39542,7.27,-0.30,29.47,3.768,0.000,2.179,0.0123,0.1200,1.0168
39562,7.28,-0.25,29.44,0.822,3.906,-1.127,0.0163,0.1248,1.0200
39582,7.24,-0.14,29.50,-1.675,7.066,2.866,0.0154,0.1285,1.0168
39602,7.16,-0.01,29.61,-3.911,8.997,5.438,0.0215,0.1275,1.0187
39622,7.09,0.16,29.68,-3.988,10.478,3.721,0.0138,0.1293,1.0188
39642,7.03,0.33,29.79,-3.094,10.532,5.049,0.0127,0.1269,1.0153
39662,7.01,0.50,29.87,-0.652,10.303,4.003,0.0072,0.1238,1.0154
39682,7.05,0.63,29.92,2.531,8.387,2.591,0.0050,0.1187,1.0141
39702,7.15,0.72,29.96,6.684,6.501,2.286,0.0026,0.1114,1.0143
39722,7.28,0.78,29.99,8.997,4.700,1.484,0.0027,0.1093,1.0144
39742,7.46,0.82,30.01,11.837,3.089,0.957,-0.0042,0.1104,1.0128
39762,7.71,0.83,30.07,14.135,2.280,2.812,-0.0027,0.1221,1.0101
39782,7.95,0.89,30.26,13.814,3.295,9.675,-0.0107,0.1212,1.0028
39802,8.18,0.96,30.39,13.585,4.303,6.614,-0.0132,0.1274,1.0139
39822,8.42,1.09,30.53,14.127,6.692,6.599,-0.0166,0.1326,1.0102
39842,8.67,1.26,30.78,14.776,9.341,12.957,-0.0159,0.1369,1.0144
39862,8.95,1.47,31.04,16.051,12.303,12.675,-0.0096,0.1406,1.0181
39882,9.27,1.76,31.23,18.402,16.791,9.538,-0.0141,0.1449,1.0219
39902,9.61,2.11,31.48,19.867,20.394,12.698,-0.0096,0.1499,1.0134
39922,9.98,2.51,31.77,21.524,24.326,14.392,-0.0097,0.1496,1.0214
39942,10.41,2.94,32.05,25.875,26.471,13.957,-0.0093,0.1491,1.0001
39962,10.91,3.43,32.32,28.448,30.181,13.316,-0.0129,0.1599,0.9828
39982,11.43,3.95,32.65,30.715,33.036,16.583,-0.0109,0.1563,0.9853
40002,11.95,4.53,32.99,31.119,34.990,17.194,-0.0279,0.1707,0.9985
40022,12.52,5.10,33.27,33.066,35.807,14.041,-0.0271,0.1802,0.9995
40042,13.10,5.67,33.54,35.104,36.852,13.309,-0.0317,0.1760,0.9915
40062,13.71,6.18,33.72,36.264,33.585,9.102,-0.0396,0.1925,0.9914
40082,14.34,6.70,33.82,36.257,32.700,5.171,-0.0608,0.2104,0.9808
40102,14.92,7.17,34.02,33.997,29.081,9.789,-0.0765,0.2144,0.9732
40122,15.39,7.55,34.31,28.325,25.975,14.362,-0.0777,0.2314,0.9854
40142,15.79,7.84,34.43,23.112,19.944,5.912,-0.0922,0.2559,1.0010
40162,16.02,8.05,34.49,13.829,15.051,3.324,-0.1060,0.2664,0.9998
40182,16.14,8.20,34.70,6.677,10.746,10.492,-0.1204,0.2791,0.9967
40202,16.15,8.26,34.90,-0.293,6.287,10.011,-0.1249,0.3002,1.0018
40222,16.06,8.33,35.18,-4.575,6.753,14.049,-0.1224,0.2832,0.9905
40242,15.97,8.48,35.64,-5.301,8.410,22.835,-0.1425,0.2916,0.9877
40262,15.92,8.65,36.06,-4.323,11.020,20.980,-0.1356,0.2973,0.9793
40282,15.97,8.93,36.52,0.348,17.204,23.247,-0.1330,0.2934,0.9724
40302,16.07,9.35,36.96,5.264,24.249,21.660,-0.1372,0.2828,0.9784
40322,16.29,9.98,37.37,9.310,34.547,20.736,-0.1506,0.2958,0.9620
40342,16.52,10.75,37.90,9.699,44.043,26.385,-0.1427,0.2979,0.9551
40362,16.81,11.70,38.41,13.615,55.020,25.530,-0.1424,0.2938,0.9514
40382,17.19,12.84,38.88,19.463,65.868,23.591,-0.1504,0.2904,0.9511
40402,17.64,14.05,39.34,21.669,72.707,22.950,-0.1440,0.3094,0.9474
40422,18.16,15.41,39.76,25.425,80.791,20.912,-0.1618,0.3123,0.9412
40442,18.63,16.81,40.23,21.806,84.150,23.415,-0.1730,0.3303,0.9371
40462,19.08,18.18,40.62,20.127,82.860,19.805,-0.1997,0.3456,0.9341
40482,19.43,19.48,41.05,13.753,79.700,21.102,-0.2210,0.3606,0.9264
40502,19.78,20.67,41.41,9.394,71.265,17.996,-0.2652,0.4010,0.9106
40522,19.93,21.62,41.77,1.585,60.692,18.247,-0.2699,0.3813,0.9087
40542,20.10,22.33,41.98,2.959,46.516,10.202,-0.2998,0.3761,0.9049
40562,20.27,22.79,42.36,0.791,30.768,19.469,-0.3429,0.4068,0.9125
40582,20.40,22.95,42.73,1.165,17.287,18.431,-0.3321,0.3876,0.9104
40602,20.63,22.90,42.83,4.631,5.700,4.759,-0.3413,0.4004,0.9020
40622,20.91,22.72,42.96,6.997,-3.430,6.476,-0.3514,0.3957,0.8830
40642,21.19,22.49,43.05,8.325,-8.048,4.644,-0.3686,0.3926,0.8825
40662,21.58,22.28,42.81,13.768,-9.926,-11.783,-0.3822,0.3884,0.8639
40682,21.97,22.05,42.85,15.799,-11.674,1.851,-0.3793,0.3754,0.8482
40702,22.39,21.91,42.72,19.562,-7.697,-6.562,-0.3820,0.3712,0.8676
40722,22.91,21.84,42.50,23.371,-4.720,-11.066,-0.3885,0.3831,0.8563
40742,23.47,21.83,42.35,25.371,-0.842,-7.531,-0.3810,0.3929,0.8536
40762,24.04,21.86,42.11,26.684,0.402,-11.959,-0.3851,0.3936,0.8481
40782,24.65,21.85,41.78,29.844,-1.384,-16.531,-0.3834,0.3972,0.8559
40802,25.25,21.73,41.47,28.715,-5.667,-15.684,-0.3745,0.4110,0.8489
40822,25.72,21.54,41.17,24.218,-10.720,-14.920,-0.3864,0.4064,0.8549
40842,26.13,21.29,40.75,20.906,-15.850,-20.630,-0.3974,0.4168,0.8514
40862,26.39,20.99,40.39,11.822,-18.461,-18.073,-0.3983,0.4308,0.8466
40882,26.45,20.58,40.09,1.402,-24.491,-14.898,-0.3976,0.4383,0.8594
40902,26.38,20.09,39.83,-5.301,-28.804,-13.127,-0.3930,0.4402,0.8539
40922,26.27,19.54,39.66,-10.308,-33.911,-8.691,-0.3991,0.4600,0.8406
40942,26.01,18.87,39.54,-17.888,-39.560,-5.775,-0.3862,0.4560,0.8483
40962,25.66,18.18,39.57,-21.415,-42.140,1.331,-0.3833,0.4439,0.8514
40982,25.34,17.48,39.45,-21.232,-44.476,-5.837,-0.3923,0.4546,0.8603
41002,25.05,16.74,39.44,-20.125,-46.567,-0.447,-0.3789,0.4471,0.8511
41022,24.84,16.10,39.42,-15.217,-42.621,-0.989,-0.3692,0.4371,0.8550
41042,24.68,15.51,39.39,-12.079,-40.461,-1.844,-0.3661,0.4326,0.8596
41062,24.61,15.00,39.35,-6.972,-35.209,-1.821,-0.3417,0.4237,0.8567
41082,24.63,14.62,39.35,-2.537,-28.384,0.000,-0.3337,0.4251,0.8602
41102,24.69,14.36,39.32,0.280,-20.674,-1.707,-0.3132,0.4230,0.8636
41122,24.80,14.26,39.23,2.989,-11.277,-4.432,-0.2999,0.4229,0.8666
41142,24.91,14.31,39.18,3.310,-2.506,-2.165,-0.2906,0.4212,0.8665
41162,24.99,14.48,39.14,2.096,5.127,-2.043,-0.2783,0.4212,0.8721
41182,25.03,14.73,39.08,0.585,10.723,-3.394,-0.2711,0.4212,0.8759
41202,25.03,15.02,39.03,-0.988,13.181,-2.317,-0.2718,0.4196,0.8782
41222,25.00,15.27,38.96,-1.995,11.593,-3.317,-0.2749,0.4177,0.8811
41242,24.98,15.46,38.95,-1.911,8.097,-0.638,-0.2826,0.4147,0.8788
41262,24.96,15.55,38.95,-0.865,2.265,0.000,-0.2901,0.4121,0.8839
41282,24.97,15.54,38.96,0.646,-3.484,0.400,-0.2952,0.4084,0.8850
41302,24.98,15.44,38.98,1.806,-7.354,0.927,-0.2901,0.4056,0.8878
41322,25.01,15.32,39.00,2.035,-7.957,1.011,-0.2860,0.4064,0.8897
41342,25.02,15.21,39.01,1.173,-6.919,0.599,-0.2820,0.4122,0.8900
41362,25.02,15.17,39.03,0.000,-3.361,0.988,-0.2756,0.4159,0.8898
41382,25.00,15.19,39.03,-1.598,0.967,0.000,-0.2697,0.4186,0.8906
41402,24.96,15.27,39.03,-2.446,4.341,0.000,-0.2665,0.4191,0.8916
41422,24.92,15.38,39.01,-1.850,5.524,-0.943,-0.2673,0.4166,0.8939
41442,24.90,15.47,39.00,-1.484,4.822,-0.478,-0.2699,0.4165,0.8946
41462,24.89,15.51,38.99,0.000,2.135,-0.562,-0.2727,0.4111,0.8946
41482,24.90,15.50,38.99,1.509,-1.071,0.270,-0.2781,0.4085,0.8956
41502,24.93,15.45,38.98,2.257,-3.148,-0.577,-0.2790,0.4080,0.8957
41522,24.95,15.38,39.00,2.020,-3.934,1.034,-0.2771,0.4083,0.8957
41542,24.97,15.33,39.01,1.341,-3.216,0.515,-0.2754,0.4114,0.8957
41562,24.95,15.31,39.01,-0.354,-1.224,0.000,-0.2727,0.4150,0.8961
41582,24.93,15.33,39.01,-1.247,1.173,0.000,-0.2699,0.4151,0.8956
41602,24.89,15.38,39.01,-1.820,2.562,-0.378,-0.2696,0.4153,0.8950
41622,24.85,15.43,38.97,-2.270,2.616,-1.844,-0.2729,0.4189,0.8953
41642,24.82,15.47,38.96,-2.003,1.684,-0.356,-0.2738,0.4158,0.8924
41662,24.82,15.48,38.96,0.000,0.000,-0.211,-0.2767,0.4121,0.8944
41682,24.83,15.47,38.97,0.760,-1.338,0.408,-0.2780,0.4112,0.8936
41702,24.86,15.43,38.96,1.921,-2.598,-0.287,-0.2788,0.4099,0.8931
41722,24.88,15.40,38.96,1.562,-2.148,0.000,-0.2763,0.4121,0.8947
41742,24.89,15.39,38.96,0.562,-0.858,-0.287,-0.2731,0.4131,0.8935
41762,24.88,15.40,38.96,-0.362,0.509,0.454,-0.2705,0.4148,0.8939
41782,24.86,15.42,38.96,-1.453,1.654,0.000,-0.2704,0.4162,0.8943
41802,24.83,15.46,38.96,-1.667,1.807,0.000,-0.2713,0.4143,0.8951
41822,24.81,15.49,38.98,-0.988,1.478,0.996,-0.2723,0.4132,0.8934
41842,24.82,15.51,39.00,0.402,0.662,0.934,-0.2767,0.4132,0.8913
41862,24.82,15.53,39.02,0.000,0.000,0.667,-0.2811,0.4143,0.8936
41882,24.83,15.53,39.04,0.806,-1.041,1.034,-0.2842,0.4126,0.8947
41902,24.86,15.53,39.04,1.425,-1.155,0.255,-0.2850,0.4136,0.8974
41922,24.87,15.54,39.04,0.463,-0.514,0.000,-0.2858,0.4172,0.8969
41942,24.88,15.56,39.04,0.585,0.000,0.000,-0.2848,0.4172,0.8956
41962,24.89,15.60,39.06,0.000,0.913,1.133,-0.2843,0.4196,0.8959
41982,24.88,15.64,39.06,-0.812,1.486,0.000,-0.2832,0.4187,0.8958
42002,24.88,15.66,39.06,0.000,0.639,0.000,-0.2793,0.4121,0.8963
42022,24.87,15.66,39.06,0.000,0.000,0.000,-0.2769,0.4124,0.8971
42042,24.86,15.65,39.06,-0.308,-0.529,-0.249,-0.2747,0.4115,0.8944
42062,24.86,15.63,39.07,0.379,-0.896,0.622,-0.2722,0.4121,0.8932
42082,24.87,15.61,39.08,0.440,-0.621,0.263,-0.2725,0.4114,0.8914
42102,24.89,15.62,39.10,0.928,0.000,0.927,-0.2797,0.4159,0.8932
42122,24.92,15.63,39.11,0.722,0.000,0.774,-0.2833,0.4230,0.8920
42142,24.95,15.65,39.12,1.005,0.478,0.461,-0.2778,0.4212,0.8938
42162,24.98,15.66,39.11,0.875,0.646,-0.378,-0.2773,0.4206,0.8933
42182,25.00,15.68,39.11,0.684,0.814,0.000,-0.2769,0.4203,0.8935
42202,25.01,15.68,39.11,0.000,0.463,0.000,-0.2769,0.4198,0.8931
42222,25.01,15.69,39.11,0.000,0.402,0.000,-0.2764,0.4194,0.8943
42242,25.00,15.69,39.11,-0.705,0.000,0.000,-0.2763,0.4184,0.8941
42262,24.99,15.68,39.11,-0.438,-0.499,0.000,-0.2764,0.4176,0.8954
42282,24.99,15.66,39.11,0.000,-0.453,0.000,-0.2754,0.4161,0.8947
42302,24.99,15.65,39.11,0.000,-0.323,0.000,-0.2740,0.4156,0.8954
42322,24.99,15.64,39.11,0.386,0.000,0.000,-0.2724,0.4153,0.8948
42342,25.00,15.63,39.11,0.394,0.000,-0.256,-0.2714,0.4153,0.8950
42362,24.99,15.63,39.11,0.000,0.387,0.247,-0.2721,0.4151,0.8945
42382,24.99,15.63,39.11,0.000,0.000,0.000,-0.2729,0.4149,0.8953
42402,24.98,15.62,39.11,-0.308,0.000,0.000,-0.2726,0.4151,0.8949
42422,24.97,15.61,39.11,-0.354,-0.239,0.000,-0.2724,0.4152,0.8950
42442,24.96,15.59,39.11,-0.293,-0.453,0.000,-0.2720,0.4143,0.8943
42462,24.95,15.58,39.11,0.000,-0.354,0.000,-0.2716,0.4137,0.8942
42482,24.95,15.57,39.12,0.371,0.000,0.354,-0.2711,0.4128,0.8941
42502,24.95,15.56,39.12,0.272,0.000,0.000,-0.2711,0.4130,0.8941
42522,24.95,15.56,39.11,0.257,0.000,-0.287,-0.2717,0.4132,0.8938
42542,24.95,15.55,39.11,0.000,0.000,0.000,-0.2720,0.4141,0.8934
42562,24.94,15.55,39.11,0.000,0.000,-0.226,-0.2719,0.4146,0.8940
42582,24.94,15.54,39.11,-0.262,-0.216,0.000,-0.2718,0.4139,0.8930
42602,24.93,15.53,39.11,-0.369,-0.354,0.000,-0.2719,0.4141,0.8936
42622,24.92,15.52,39.11,0.000,0.000,0.000,-0.2721,0.4137,0.8931
42642,24.92,15.52,39.11,0.000,0.000,0.000,-0.2717,0.4131,0.8931
42662,24.91,15.52,39.11,0.000,0.000,0.000,-0.2711,0.4130,0.8932
42682,24.92,15.51,39.10,0.325,0.000,-0.272,-0.2713,0.4132,0.8930
42702,24.92,15.51,39.10,0.295,0.000,0.000,-0.2709,0.4131,0.8938
42722,24.92,15.50,39.10,0.000,0.000,0.000,-0.2711,0.4139,0.8943
42742,24.91,15.49,39.10,0.000,-0.354,0.000,-0.2707,0.4136,0.8941
42762,24.91,15.49,39.10,0.000,0.000,0.000,-0.2714,0.4145,0.8941
42782,24.90,15.48,39.10,-0.232,0.000,0.000,-0.2714,0.4142,0.8943
42802,24.90,15.48,39.10,0.000,0.000,0.000,-0.2714,0.4141,0.8937
42822,24.90,15.48,39.10,0.000,0.211,0.000,-0.2713,0.4140,0.8936
42842,24.90,15.48,39.10,0.000,0.000,0.000,-0.2715,0.4138,0.8942
42862,24.89,15.47,39.10,0.000,0.000,0.000,-0.2718,0.4134,0.8945
42882,24.89,15.47,39.10,0.000,0.000,0.000,-0.2717,0.4135,0.8945
42902,24.89,15.47,39.11,0.000,0.234,0.202,-0.2718,0.4143,0.8949
42922,24.88,15.47,39.11,-0.339,0.000,0.000,-0.2714,0.4142,0.8945
42942,24.87,15.47,39.11,-0.346,0.000,0.000,-0.2711,0.4144,0.8952
42962,24.87,15.46,39.11,0.000,-0.209,0.000,-0.2715,0.4140,0.8961
42982,24.86,15.46,39.11,0.000,0.000,0.000,-0.2715,0.4129,0.8959
43002,24.86,15.45,39.10,0.000,0.000,-0.310,-0.2709,0.4134,0.8957
43022,24.86,15.45,39.10,0.295,0.000,0.000,-0.2711,0.4137,0.8958
43042,24.86,15.45,39.10,0.000,0.000,0.000,-0.2718,0.4138,0.8955
43062,24.86,15.44,39.10,0.000,0.000,0.000,-0.2718,0.4143,0.8965
43082,24.86,15.44,39.11,0.000,0.000,0.370,-0.2721,0.4144,0.8962
43102,24.85,15.44,39.11,0.000,0.000,0.000,-0.2721,0.4140,0.8960
43122,24.85,15.44,39.11,-0.224,0.000,0.000,-0.2715,0.4138,0.8954
43142,24.85,15.44,39.11,0.000,0.000,0.000,-0.2711,0.4135,0.8952
43162,24.84,15.43,39.11,0.000,0.000,0.000,-0.2711,0.4136,0.8966
43182,24.84,15.44,39.11,0.000,0.204,0.000,-0.2718,0.4131,0.8957
43202,24.84,15.43,39.11,0.241,0.000,0.000,-0.2713,0.4133,0.8960
43222,24.84,15.43,39.11,0.000,0.000,0.247,-0.2719,0.4136,0.8959
43242,24.84,15.43,39.11,0.000,0.000,-0.302,-0.2715,0.4144,0.8967
43262,24.83,15.42,39.11,-0.255,-0.262,0.000,-0.2718,0.4143,0.8960
43282,24.83,15.42,39.11,0.000,0.000,0.000,-0.2713,0.4139,0.8952
43302,24.83,15.43,39.12,-0.232,0.318,0.331,-0.2713,0.4141,0.8946
43322,24.83,15.43,39.12,0.000,0.000,0.000,-0.2715,0.4145,0.8941
43342,24.83,15.43,39.12,0.264,0.341,0.347,-0.2716,0.4141,0.8950
43362,24.84,15.43,39.12,0.211,0.000,0.000,-0.2722,0.4142,0.8936
43382,24.84,15.43,39.12,0.000,0.000,0.000,-0.2724,0.4143,0.8934
43402,24.84,15.43,39.12,0.000,-0.445,0.000,-0.2723,0.4143,0.8922
43422,24.85,15.42,39.12,0.000,-0.308,0.000,-0.2720,0.4147,0.8924
43442,24.85,15.42,39.12,0.000,0.000,0.000,-0.2716,0.4148,0.8932
43462,24.85,15.42,39.12,0.000,0.000,0.000,-0.2715,0.4143,0.8941
43482,24.85,15.43,39.12,0.000,0.364,0.000,-0.2713,0.4134,0.8947
43502,24.85,15.43,39.12,0.310,0.242,0.000,-0.2719,0.4128,0.8939
43522,24.85,15.43,39.12,0.000,0.000,0.000,-0.2716,0.4129,0.8948
43542,24.84,15.43,39.12,0.000,0.265,0.000,-0.2714,0.4124,0.8947
43562,24.84,15.43,39.12,-0.247,0.000,0.000,-0.2719,0.4130,0.8954
43582,24.83,15.43,39.13,0.000,-0.216,0.400,-0.2718,0.4129,0.8952
43602,24.83,15.43,39.13,0.000,0.000,0.000,-0.2714,0.4130,0.8943
43622,24.83,15.43,39.12,0.000,0.326,-0.378,-0.2717,0.4133,0.8943
43642,24.83,15.43,39.12,0.000,0.000,0.000,-0.2718,0.4132,0.8937
43662,24.83,15.44,39.13,0.000,0.333,0.255,-0.2717,0.4134,0.8946
43682,24.83,15.44,39.13,0.000,0.000,0.000,-0.2718,0.4135,0.8947
43702,24.83,15.43,39.13,0.000,-0.285,0.000,-0.2722,0.4138,0.8948
43722,24.83,15.43,39.13,0.000,0.000,0.247,-0.2723,0.4141,0.8942
43742,24.82,15.43,39.13,-0.232,-0.400,0.000,-0.2720,0.4138,0.8946
43762,24.82,15.43,39.13,0.000,0.000,0.000,-0.2721,0.4135,0.8957
43782,24.82,15.43,39.13,0.000,0.000,0.000,-0.2725,0.4135,0.8956
43802,24.82,15.43,39.13,0.000,0.000,0.000,-0.2723,0.4137,0.8965
43822,24.82,15.43,39.13,0.000,0.000,0.000,-0.2722,0.4130,0.8953
43842,24.81,15.43,39.13,0.000,0.000,0.000,-0.2723,0.4130,0.8951
43862,24.81,15.43,39.13,0.000,0.000,0.000,-0.2726,0.4129,0.8946
43882,24.81,15.43,39.13,0.000,0.000,0.000,-0.2725,0.4129,0.8940
43902,24.81,15.42,39.13,0.000,-0.254,0.000,-0.2719,0.4133,0.8946
43922,24.81,15.42,39.13,0.000,0.000,0.000,-0.2716,0.4129,0.8944
43942,24.81,15.42,39.13,0.000,0.000,0.000,-0.2710,0.4126,0.8956
43962,24.80,15.43,39.13,0.000,0.303,0.000,-0.2718,0.4125,0.8965
43982,24.80,15.43,39.13,0.000,0.333,0.000,-0.2720,0.4124,0.8962
44002,24.80,15.43,39.14,0.000,0.000,0.209,-0.2723,0.4121,0.8954
44022,24.79,15.43,39.14,0.000,0.000,0.000,-0.2723,0.4123,0.8954
44042,24.80,15.43,39.14,0.302,-0.239,0.385,-0.2718,0.4128,0.8954
44062,24.79,15.42,39.14,0.000,-0.285,0.000,-0.2721,0.4126,0.8953
44082,24.79,15.42,39.14,-0.262,0.000,0.000,-0.2712,0.4125,0.8952
44102,24.79,15.42,39.14,0.000,0.000,0.000,-0.2707,0.4125,0.8948
44122,24.79,15.42,39.14,0.000,0.234,0.000,-0.2709,0.4126,0.8945
44142,24.79,15.43,39.14,0.000,0.272,-0.333,-0.2708,0.4129,0.8940
44162,24.78,15.42,39.14,-0.247,0.000,0.000,-0.2715,0.4130,0.8943
44182,24.78,15.42,39.14,0.000,0.000,0.000,-0.2718,0.4134,0.8941
44202,24.78,15.42,39.14,0.000,-0.216,0.000,-0.2721,0.4133,0.8948
44222,24.78,15.42,39.14,0.000,-0.232,0.000,-0.2723,0.4132,0.8952
44242,24.78,15.41,39.14,0.000,-0.361,0.240,-0.2718,0.4128,0.8951
44262,24.78,15.41,39.14,0.000,0.000,-0.226,-0.2714,0.4129,0.8948
44282,24.78,15.41,39.14,0.000,0.265,0.000,-0.2718,0.4135,0.8948
44302,24.78,15.41,39.14,0.000,0.000,0.270,-0.2713,0.4130,0.8942
44322,24.78,15.41,39.14,0.000,0.000,-0.325,-0.2715,0.4129,0.8955
44342,24.78,15.41,39.13,0.000,0.000,-0.226,-0.2718,0.4127,0.8950
44362,24.77,15.42,39.13,-0.209,0.211,0.000,-0.2726,0.4128,0.8955
44382,24.77,15.42,39.13,-0.209,0.000,0.000,-0.2728,0.4127,0.8948
44402,24.77,15.42,39.13,0.000,-0.239,0.000,-0.2723,0.4129,0.8946
44422,24.77,15.42,39.14,0.000,0.000,0.240,-0.2722,0.4127,0.8948
44442,24.77,15.42,39.14,0.000,0.000,0.000,-0.2722,0.4129,0.8956
44462,24.77,15.42,39.14,0.000,0.000,0.202,-0.2724,0.4131,0.8952
44482,24.77,15.42,39.14,0.000,0.000,0.000,-0.2725,0.4128,0.8947
44502,24.77,15.42,39.14,0.000,0.000,0.000,-0.2725,0.4123,0.8954
44522,24.77,15.42,39.14,0.000,-0.300,0.000,-0.2726,0.4123,0.8944
44542,24.77,15.42,39.14,0.000,0.000,0.000,-0.2723,0.4125,0.8941
44562,24.77,15.42,39.14,0.000,-0.216,0.000,-0.2724,0.4127,0.8940
44582,24.77,15.42,39.14,0.000,0.000,0.000,-0.2721,0.4125,0.8940
44602,24.77,15.42,39.14,0.000,0.000,0.000,-0.2722,0.4129,0.8937
44622,24.77,15.42,39.14,0.000,0.000,0.000,-0.2722,0.4137,0.8938
44642,24.77,15.42,39.14,0.000,0.000,0.000,-0.2722,0.4136,0.8939
44662,24.78,15.43,39.15,0.000,0.000,0.286,-0.2727,0.4135,0.8938
44682,24.78,15.43,39.15,0.000,0.000,0.000,-0.2728,0.4134,0.8931
44702,24.78,15.43,39.15,0.000,0.000,0.000,-0.2723,0.4133,0.8929
44722,24.78,15.43,39.15,0.000,0.000,0.000,-0.2722,0.4129,0.8927
44742,24.78,15.43,39.15,0.000,-0.209,0.000,-0.2717,0.4128,0.8929
44762,24.78,15.44,39.15,0.000,0.371,0.000,-0.2717,0.4130,0.8931
44782,24.78,15.44,39.15,0.000,0.204,0.000,-0.2720,0.4128,0.8941
44802,24.79,15.44,39.15,0.000,0.000,0.000,-0.2716,0.4131,0.8938
44822,24.79,15.44,39.15,0.000,0.000,0.000,-0.2717,0.4130,0.8945
44842,24.79,15.43,39.15,0.211,-0.216,0.000,-0.2718,0.4133,0.8947
44862,24.79,15.43,39.15,0.000,0.000,0.000,-0.2722,0.4132,0.8946
44882,24.79,15.43,39.15,0.000,0.000,0.000,-0.2724,0.4135,0.8952
44902,24.79,15.43,39.15,0.000,0.000,0.000,-0.2723,0.4136,0.8956
44922,24.80,15.43,39.15,0.341,0.000,0.000,-0.2727,0.4140,0.8952
44942,24.80,15.43,39.15,0.000,0.000,0.000,-0.2727,0.4140,0.8953
44962,24.80,15.43,39.15,0.000,-0.224,0.000,-0.2728,0.4139,0.8953
44982,24.80,15.43,39.15,0.000,0.000,0.000,-0.2726,0.4144,0.8947
45002,24.80,15.43,39.15,0.000,0.000,0.000,-0.2724,0.4146,0.8943
45022,24.81,15.43,39.15,0.000,-0.209,0.000,-0.2722,0.4148,0.8938
45042,24.81,15.43,39.15,0.000,0.000,0.000,-0.2719,0.4143,0.8943
45062,24.81,15.43,39.15,0.000,0.000,0.000,-0.2717,0.4145,0.8944
45082,24.81,15.43,39.15,0.000,0.000,0.000,-0.2718,0.4145,0.8945
45102,24.81,15.43,39.15,0.000,0.000,0.000,-0.2720,0.4141,0.8944
45122,24.81,15.43,39.15,0.000,0.000,0.000,-0.2719,0.4139,0.8948
45142,24.82,15.43,39.14,0.000,0.000,-0.226,-0.2722,0.4135,0.8938
45162,24.81,15.43,39.14,-0.278,0.000,0.000,-0.2719,0.4134,0.8952
45182,24.81,15.43,39.14,0.000,0.000,0.000,-0.2717,0.4133,0.8947
45202,24.80,15.43,39.14,-0.331,0.000,0.000,-0.2716,0.4139,0.8950
45222,24.80,15.43,39.14,0.000,0.000,0.000,-0.2719,0.4139,0.8947
45242,24.80,15.42,39.14,0.000,0.000,0.000,-0.2714,0.4140,0.8954
45262,24.80,15.42,39.14,0.000,0.000,0.000,-0.2711,0.4136,0.8960
45282,24.80,15.42,39.14,0.000,0.000,0.000,-0.2707,0.4134,0.8962
45302,24.80,15.41,39.14,0.000,0.000,0.000,-0.2709,0.4135,0.8972
45322,24.80,15.41,39.14,0.000,0.000,-0.279,-0.2711,0.4131,0.8964
45342,24.79,15.41,39.14,0.000,-0.232,0.000,-0.2712,0.4131,0.8966
45362,24.79,15.40,39.14,0.000,0.000,0.000,-0.2713,0.4133,0.8960
45382,24.79,15.40,39.14,0.000,0.000,0.000,-0.2717,0.4129,0.8958
45402,24.79,15.40,39.14,0.000,0.000,0.000,-0.2715,0.4127,0.8959
45422,24.79,15.40,39.14,0.000,0.000,0.000,-0.2713,0.4129,0.8954
45442,24.79,15.40,39.14,0.000,0.000,0.000,-0.2709,0.4135,0.8959
45462,24.79,15.40,39.14,0.000,0.000,0.000,-0.2719,0.4136,0.8949
45482,24.79,15.40,39.14,0.000,-0.224,0.000,-0.2720,0.4135,0.8960
45502,24.78,15.40,39.14,-0.270,0.000,0.000,-0.2719,0.4131,0.8951
45522,24.79,15.40,39.14,0.203,0.000,0.000,-0.2717,0.4133,0.8950
45542,24.79,15.40,39.14,0.000,0.000,0.000,-0.2712,0.4131,0.8948
45562,24.79,15.40,39.14,0.000,0.000,0.000,-0.2716,0.4134,0.8950
45582,24.79,15.40,39.14,0.000,0.000,0.209,-0.2717,0.4138,0.8959
45602,24.79,15.39,39.14,0.000,-0.293,0.000,-0.2719,0.4142,0.8951
45622,24.79,15.40,39.14,0.000,0.265,0.000,-0.2715,0.4145,0.8955
45642,24.79,15.40,39.15,-0.301,0.000,0.423,-0.2714,0.4147,0.8952
45662,24.79,15.40,39.15,0.000,0.000,0.000,-0.2719,0.4145,0.8955
45682,24.79,15.40,39.15,0.000,0.000,0.000,-0.2718,0.4144,0.8958
45702,24.79,15.40,39.15,0.000,0.000,0.000,-0.2724,0.4142,0.8953
45722,24.79,15.40,39.15,0.000,0.000,0.000,-0.2717,0.4145,0.8953
45742,24.80,15.40,39.15,0.000,0.000,0.000,-0.2716,0.4145,0.8947
45762,24.80,15.40,39.14,0.000,0.000,-0.340,-0.2715,0.4144,0.8948
45782,24.80,15.40,39.14,0.000,0.000,0.000,-0.2708,0.4143,0.8952
45802,24.80,15.39,39.14,0.000,-0.216,0.000,-0.2706,0.4144,0.8950
45822,24.80,15.38,39.14,0.000,-0.316,0.000,-0.2711,0.4150,0.8960
45842,24.81,15.38,39.14,0.000,-0.209,0.000,-0.2715,0.4143,0.8948
45862,24.81,15.38,39.14,0.000,0.000,0.000,-0.2716,0.4144,0.8955
45882,24.81,15.38,39.14,0.000,0.000,0.000,-0.2719,0.4144,0.8955
45902,24.81,15.38,39.13,0.000,0.000,-0.401,-0.2712,0.4140,0.8951
45922,24.81,15.38,39.13,0.218,0.000,0.000,-0.2711,0.4142,0.8956
45942,24.81,15.38,39.13,0.000,0.000,0.000,-0.2713,0.4137,0.8953
45962,24.81,15.38,39.13,0.000,0.000,0.000,-0.2721,0.4139,0.8956
45982,24.81,15.38,39.13,-0.232,0.000,0.000,-0.2724,0.4142,0.8942
46002,24.81,15.39,39.13,0.000,0.000,-0.317,-0.2721,0.4140,0.8946
46022,24.81,15.39,39.13,0.000,0.211,0.217,-0.2719,0.4138,0.8945
46042,24.81,15.39,39.13,0.000,0.000,0.000,-0.2715,0.4139,0.8945
46062,24.81,15.39,39.14,0.000,0.000,0.331,-0.2714,0.4132,0.8945
46082,24.81,15.39,39.14,0.000,0.000,0.000,-0.2720,0.4131,0.8939
46102,24.81,15.40,39.14,0.000,0.000,0.000,-0.2724,0.4132,0.8960
46122,24.81,15.40,39.13,0.000,0.000,-0.264,-0.2725,0.4136,0.8948
46142,24.81,15.40,39.13,0.000,0.000,0.000,-0.2725,0.4142,0.8948
46162,24.81,15.40,39.13,0.000,0.000,0.000,-0.2728,0.4135,0.8941
46182,24.81,15.41,39.13,0.000,0.000,-0.249,-0.2726,0.4133,0.8942
46202,24.81,15.41,39.13,0.000,0.000,0.000,-0.2730,0.4134,0.8947
46222,24.81,15.41,39.13,0.226,0.000,0.000,-0.2732,0.4134,0.8950
46242,24.81,15.41,39.13,0.000,0.000,0.000,-0.2729,0.4131,0.8951
46262,24.81,15.42,39.13,0.203,0.000,0.000,-0.2729,0.4131,0.8965
46282,24.82,15.41,39.13,0.302,-0.224,0.000,-0.2727,0.4133,0.8963
46302,24.81,15.41,39.13,0.000,0.000,0.000,-0.2726,0.4131,0.8959
46322,24.81,15.41,39.13,0.000,0.000,0.000,-0.2719,0.4131,0.8948
46342,24.81,15.41,39.13,0.000,-0.361,0.000,-0.2715,0.4140,0.8945
46362,24.81,15.41,39.13,0.000,0.000,0.000,-0.2720,0.4137,0.8943
46382,24.81,15.41,39.13,0.000,0.242,0.000,-0.2723,0.4133,0.8947
46402,24.81,15.42,39.13,0.000,0.000,0.000,-0.2726,0.4130,0.8941
46422,24.81,15.42,39.13,0.000,0.000,0.000,-0.2723,0.4123,0.8943
46442,24.81,15.42,39.13,0.000,0.000,0.000,-0.2724,0.4120,0.8945
46462,24.80,15.42,39.13,0.000,0.000,0.000,-0.2727,0.4123,0.8953
46482,24.80,15.42,39.13,0.000,0.000,0.000,-0.2727,0.4133,0.8952
46502,24.80,15.42,39.13,0.000,0.000,0.000,-0.2725,0.4137,0.8953
46522,24.81,15.43,39.13,0.333,0.000,0.000,-0.2725,0.4135,0.8945
46542,24.81,15.43,39.13,0.000,0.000,0.000,-0.2726,0.4142,0.8939
46562,24.81,15.43,39.13,0.000,0.000,0.000,-0.2718,0.4138,0.8939
46582,24.81,15.43,39.13,0.000,0.000,0.000,-0.2715,0.4140,0.8936
46602,24.82,15.43,39.13,0.000,0.000,0.255,-0.2719,0.4135,0.8936
46622,24.82,15.43,39.14,0.000,0.000,0.286,-0.2722,0.4134,0.8940
46642,24.82,15.43,39.14,0.000,0.000,0.000,-0.2720,0.4138,0.8945
46662,24.82,15.43,39.14,0.000,0.000,0.000,-0.2717,0.4139,0.8952
46682,24.81,15.43,39.14,-0.201,0.000,0.000,-0.2719,0.4138,0.8954
46702,24.81,15.43,39.14,0.000,0.000,0.000,-0.2715,0.4135,0.8948
46722,24.81,15.43,39.14,0.000,0.379,0.000,-0.2714,0.4133,0.8946
46742,24.81,15.43,39.15,0.000,0.000,0.270,-0.2724,0.4135,0.8948
46762,24.81,15.43,39.15,0.000,0.000,0.331,-0.2729,0.4140,0.8958
46782,24.81,15.43,39.15,0.000,0.000,0.000,-0.2724,0.4144,0.8950
46802,24.82,15.43,39.15,0.000,0.000,-0.241,-0.2719,0.4150,0.8933
46822,24.82,15.43,39.15,0.000,0.000,0.000,-0.2715,0.4150,0.8937
46842,24.82,15.43,39.15,0.000,0.000,0.202,-0.2716,0.4145,0.8945
46862,24.82,15.43,39.15,0.000,0.000,0.000,-0.2721,0.4140,0.8949
46882,24.83,15.43,39.16,0.203,0.000,0.202,-0.2726,0.4142,0.8952
46902,24.83,15.43,39.16,0.234,0.000,0.000,-0.2721,0.4143,0.8947
46922,24.83,15.43,39.16,-0.247,0.000,0.000,-0.2719,0.4139,0.8952
46942,24.83,15.43,39.16,0.000,0.000,0.000,-0.2717,0.4146,0.8956
46962,24.82,15.43,39.16,-0.232,0.000,0.000,-0.2721,0.4145,0.8949
46982,24.82,15.43,39.16,0.000,0.000,0.000,-0.2720,0.4148,0.8946
47002,24.83,15.43,39.16,0.000,0.000,0.209,-0.2719,0.4147,0.8949
47022,24.82,15.43,39.16,-0.201,0.000,0.000,-0.2715,0.4148,0.8955
47042,24.82,15.42,39.16,0.000,0.000,0.000,-0.2715,0.4143,0.8956
47062,24.82,15.42,39.16,0.000,0.000,0.000,-0.2712,0.4138,0.8958
47082,24.82,15.42,39.16,0.000,-0.201,0.000,-0.2714,0.4139,0.8959
47102,24.82,15.42,39.16,0.000,0.000,0.000,-0.2718,0.4134,0.8953
47122,24.82,15.42,39.15,0.000,0.000,-0.218,-0.2717,0.4137,0.8954
47142,24.82,15.41,39.15,0.000,0.000,0.000,-0.2714,0.4133,0.8950
47162,24.82,15.41,39.15,0.000,0.000,0.000,-0.2715,0.4130,0.8946
47182,24.82,15.41,39.15,0.000,0.000,0.000,-0.2713,0.4136,0.8941
47202,24.82,15.41,39.15,0.000,0.000,-0.310,-0.2711,0.4141,0.8941
47222,24.82,15.41,39.15,0.280,0.000,0.000,-0.2712,0.4141,0.8938
47242,24.83,15.41,39.15,0.000,0.000,0.000,-0.2716,0.4149,0.8941
47262,24.83,15.40,39.15,0.000,-0.285,0.000,-0.2715,0.4147,0.8952
47282,24.83,15.40,39.15,0.000,0.000,0.000,-0.2717,0.4143,0.8952
47302,24.83,15.40,39.15,0.264,0.000,0.000,-0.2718,0.4144,0.8959
47322,24.83,15.40,39.15,0.000,0.000,0.000,-0.2710,0.4142,0.8964
47342,24.83,15.40,39.15,0.000,0.000,0.000,-0.2709,0.4142,0.8956
47362,24.83,15.40,39.15,0.000,0.000,0.000,-0.2711,0.4142,0.8953
47382,24.83,15.40,39.16,0.000,0.000,0.362,-0.2711,0.4144,0.8950
47402,24.83,15.40,39.16,-0.209,0.000,0.000,-0.2714,0.4141,0.8953
47422,24.83,15.40,39.16,0.000,0.000,0.000,-0.2721,0.4138,0.8953
47442,24.83,15.40,39.16,0.203,0.000,0.000,-0.2725,0.4138,0.8953
47462,24.83,15.40,39.16,0.000,0.000,0.000,-0.2721,0.4143,0.8950
47482,24.83,15.40,39.16,0.000,0.000,0.370,-0.2718,0.4144,0.8934
47502,24.83,15.40,39.16,0.000,0.000,0.000,-0.2717,0.4144,0.8944
47522,24.83,15.40,39.17,0.000,-0.201,0.530,-0.2715,0.4145,0.8946
47542,24.84,15.40,39.17,0.000,0.000,0.000,-0.2718,0.4146,0.8953
47562,24.84,15.40,39.17,0.000,0.000,0.000,-0.2727,0.4151,0.8955
47582,24.83,15.40,39.17,-0.201,0.000,0.000,-0.2730,0.4144,0.8944
47602,24.83,15.41,39.17,0.000,0.000,0.000,-0.2728,0.4143,0.8938
47622,24.84,15.41,39.17,0.000,0.000,0.000,-0.2717,0.4142,0.8942
47642,24.84,15.41,39.17,0.000,0.000,0.000,-0.2717,0.4138,0.8942
47662,24.83,15.41,39.17,0.000,0.000,0.000,-0.2716,0.4134,0.8941
47682,24.84,15.41,39.17,0.302,0.000,0.000,-0.2719,0.4128,0.8946
47702,24.83,15.41,39.17,0.000,0.000,0.000,-0.2719,0.4131,0.8957
47722,24.83,15.41,39.17,0.000,0.000,0.000,-0.2729,0.4137,0.8948
47742,24.83,15.41,39.17,0.000,0.000,0.000,-0.2721,0.4140,0.8942
47762,24.83,15.41,39.17,0.000,0.000,0.000,-0.2720,0.4139,0.8950
47782,24.83,15.41,39.17,-0.209,0.000,0.000,-0.2722,0.4135,0.8945
47802,24.83,15.41,39.17,0.000,0.000,0.000,-0.2719,0.4137,0.8950
47822,24.83,15.41,39.17,0.000,0.000,0.000,-0.2716,0.4133,0.8951
47842,24.83,15.41,39.17,0.000,0.000,0.000,-0.2711,0.4131,0.8937
47862,24.83,15.41,39.17,0.000,0.000,0.000,-0.2706,0.4132,0.8934
47882,24.82,15.41,39.17,0.000,0.000,0.000,-0.2708,0.4132,0.8940
47902,24.83,15.41,39.17,0.203,0.000,0.000,-0.2711,0.4130,0.8933
47922,24.83,15.41,39.17,0.000,0.000,0.000,-0.2714,0.4130,0.8937
47942,24.83,15.41,39.17,0.000,0.000,0.000,-0.2711,0.4133,0.8939
47962,24.83,15.41,39.17,0.000,0.000,0.000,-0.2716,0.4133,0.8939
47982,24.83,15.41,39.17,0.226,0.000,0.000,-0.2715,0.4132,0.8946
48002,24.83,15.41,39.17,0.000,0.000,0.000,-0.2716,0.4131,0.8949
48022,24.83,15.41,39.17,0.234,0.226,-0.310,-0.2720,0.4133,0.8945
48042,24.83,15.41,39.17,0.000,-0.254,0.000,-0.2718,0.4137,0.8944
48062,24.83,15.41,39.17,0.000,0.000,0.000,-0.2723,0.4138,0.8943
48082,24.83,15.41,39.17,0.000,0.000,0.000,-0.2721,0.4135,0.8943
48102,24.83,15.41,39.17,0.000,0.000,0.000,-0.2718,0.4135,0.8945
48122,24.83,15.41,39.17,0.000,0.000,0.000,-0.2715,0.4136,0.8947
48142,24.83,15.41,39.17,0.000,0.000,0.000,-0.2718,0.4136,0.8956
48162,24.82,15.41,39.16,0.000,-0.300,-0.310,-0.2718,0.4137,0.8955
48182,24.82,15.41,39.16,0.000,0.000,0.000,-0.2720,0.4136,0.8956
48202,24.82,15.41,39.16,0.000,0.000,0.000,-0.2721,0.4134,0.8953
48222,24.82,15.41,39.16,0.000,0.000,0.000,-0.2725,0.4130,0.8948
48242,24.82,15.41,39.16,0.000,0.000,0.000,-0.2720,0.4133,0.8950
48262,24.82,15.41,39.16,0.000,0.000,0.000,-0.2721,0.4133,0.8960
48282,24.81,15.41,39.16,0.000,0.000,0.000,-0.2724,0.4129,0.8958
48302,24.81,15.42,39.16,0.000,0.249,0.000,-0.2722,0.4128,0.8957
48322,24.81,15.42,39.16,0.000,0.000,0.000,-0.2725,0.4133,0.8946
48342,24.81,15.42,39.16,0.000,0.000,0.000,-0.2722,0.4134,0.8947
48362,24.81,15.42,39.17,0.000,0.000,0.217,-0.2721,0.4141,0.8937
48382,24.81,15.42,39.17,0.000,0.000,0.000,-0.2717,0.4141,0.8945
48402,24.81,15.42,39.17,0.000,0.000,0.000,-0.2715,0.4135,0.8951
48422,24.81,15.42,39.17,0.000,0.000,0.000,-0.2717,0.4139,0.8942
48442,24.81,15.41,39.17,0.000,0.000,0.000,-0.2706,0.4146,0.8952
48462,24.82,15.41,39.17,0.000,0.000,0.347,-0.2706,0.4141,0.8950
48482,24.82,15.41,39.17,0.000,-0.209,0.000,-0.2711,0.4144,0.8950
48502,24.82,15.40,39.18,0.000,-0.323,0.362,-0.2712,0.4138,0.8942
