Time_s,BottomArm_deg,MiddleArm_deg,TopArm_deg,Bicep_deg,Wrist_deg
0,0,-3.81666561775622e-14,1.52666624710249e-13,-0,-0
0.02,-0.130657097528817,0.0653715245777442,0.0652854214749997,-0,-0
0.04,-0.5091883020455,0.255243325496862,0.253936018422488,-0,-0
0.06,-0.970100871626091,0.487390616168386,0.482648412112459,-0,-0
0.08,-1.44888747511293,0.729629054361938,0.719052409058466,-0,-0
0.1,-1.9311115671575,0.974703537266711,0.955920455498441,-0,-0
0.12,-2.41408769693982,1.22123883984577,1.19189684893005,-0,-0
0.14,-2.89738622285375,1.46899553167745,1.42674547111884,-0,-0
0.16,-3.38097462788126,1.71793482419062,1.66042630627853,-0,-0
0.18,-3.86488610861555,1.96804888497433,1.89293457500015,-0,-0
0.2,-4.34916503658152,2.21933710523877,2.12426888250449,-0,-0
0.22,-4.83385826934047,2.47180129757761,2.35442705058237,-0,-0
0.24,-5.31901043850034,2.72543652799707,2.5834138875624,-0,-0
0.26,-5.80467042888711,2.98024806953333,2.81122401267127,-0,-0
0.28,-6.29088467595398,3.23623432750613,3.0378589004574,-0,-0
0.3,-6.77770040935972,3.49339517465772,3.2633185369413,-0,-0
0.32,-7.26516568296854,3.75173146600954,3.4876019017727,-0,-0
0.34,-7.75332805765043,4.01124261725018,3.71070938962204,-0,-0
0.36,-8.24223496107434,4.27192751755709,3.93264189563463,-0,-0
0.38,-8.73193673403949,4.53378892482485,4.15339641268841,-0,-0
0.4,-9.22248201373867,4.79682626905332,4.37297323399735,-0,-0
0.42,-9.71392013825327,5.06103949345142,4.59137210643782,-0,-0
0.44,-10.2063019323603,5.32642982447683,4.80859145618808,-0,-0
0.46,-10.6996749119882,5.59299403105778,5.02463414112255,-0,-0
0.48,-11.194092180213,5.86073497400815,5.23949687484148,-0,-0
0.5,-11.6896057843988,6.12965341875089,5.4531784294288,-0,-0
0.52,-12.1862664436254,6.39974817163314,5.66567950047285,-0,-0
0.54,-12.6841271261477,6.67101982533719,5.87699894754719,-0,-0
0.56,-13.1832423835135,6.94346977072283,6.08713478113629,-0,-0
0.58,-13.6836613942286,7.21709398411406,6.29609040584557,-0,-0
0.6,-14.1854437075857,7.49189713744807,6.50386043641748,-0,-0
0.62,-14.68864287968,7.76787785004808,6.71044551884609,-0,-0
0.64,-15.1933145412953,8.04503597163529,6.91584500931383,-0,-0
0.66,-15.6995164918161,8.32337240634939,7.12005714557865,-0,-0
0.68,-16.207304245685,8.60288571428292,7.32308247077989,-0,-0
0.7,-16.7167358586262,8.88357580712522,7.52492010780092,-0,-0
0.72,-17.2278734441146,9.165444724182,7.72556696751281,-0,-0
0.74,-17.7407758996375,9.4484915436418,7.9250228860526,-0,-0
0.76,-18.2555049242035,9.73271658709315,8.12328637752806,-0,-0
0.78,-18.7721244541507,10.0181208510657,8.32035520205625,-0,-0
0.8,-19.2906906162335,10.3046999986436,8.51623246019718,-0,-0
0.82,-19.8112750273718,10.5924583430746,8.71091240711046,-0,-0
0.84,-20.3339417728321,10.8813948786522,8.90439461626324,-0,-0
0.86,-20.8587563607025,11.1715087961888,9.09667838868,-0,-0
0.88,-21.3857878860855,11.4628005422841,9.2877616687286,-0,-0
0.9,-21.9151061984948,11.7552701892006,9.47764269923765,-0,-0
0.92,-22.4467765589725,12.0489148564763,9.66632266079625,-0,-0
0.94,-22.9808781976974,12.3437378517362,9.85379632120026,-0,-0
0.96,-23.5174826037334,12.6397378258142,10.0400631201018,-0,-0
0.98,-24.0566644799498,12.9369142530819,10.2251215671325,-0,-0
1,-24.5985028991809,13.2352677800149,10.408968873075,-0,-0
1.02,-25.1430701630664,13.5347953699002,10.5916059505251,-0,-0
1.04,-25.6904499593217,13.8354981483703,10.77302932887,-0,-0
1.06,-26.2407278803919,14.1373770630785,10.9532356109158,-0,-0
1.08,-26.7939843756141,14.4404301530094,11.1322243078597,-0,-0
1.1,-27.3503061523664,14.7446571581219,11.3099930681627,-0,-0
1.12,-27.9097862267328,15.0500592676392,11.4865379182427,-0,-0
1.14,-28.4725014217088,15.3566309653192,11.6618617744696,-0,-0
1.16,-29.0385582669414,15.6643765944968,11.8359571483437,-0,-0
1.18,-29.6080472052746,15.9732937666162,12.0088234649677,-0,-0
1.2,-30.1810650279596,16.2833814631568,12.1804586053797,-0,-0
1.22,-30.7577143168361,16.5946396349841,12.3508593086151,-0,-0
1.24,-31.3380940811345,16.9070661754651,12.5200243646638,-0,-0
1.26,-31.9223080629424,17.2206596051402,12.6879517857174,-0,-0
1.28,-32.5104721381756,17.5354210840548,12.8546366479922,-0,-0
1.3,-33.1026954984353,17.8513487297399,13.0200771252833,-0,-0
1.32,-33.6990937723726,18.1684415433198,13.1842703200582,-0,-0
1.34,-34.2997897059095,18.4866994161469,13.3472122373355,-0,-0
1.36,-34.9048893821165,18.8061168670001,13.5089045367965,-0,-0
1.38,-35.5145351492311,19.1266968942453,13.6693395977363,-0,-0
1.4,-36.1288535557442,19.4484371778438,13.828515380997,-0,-0
1.42,-36.7479760187081,19.771335590705,13.9864295026464,-0,-0
1.44,-37.3720436233164,20.095391210201,14.1430781163878,-0,-0
1.46,-38.0011997675342,20.4206024660305,14.2984579253227,-0,-0
1.48,-38.6355816530778,20.746965338593,14.4525681846312,-0,-0
1.5,-39.275357096176,21.0744813051602,14.6054019225123,-0,-0
1.52,-39.9206802468426,21.4031475521188,14.7569567323532,-0,-0
1.54,-40.5717142587833,21.732961945466,14.9072292964271,-0,-0
1.56,-41.2286346092339,22.063923489575,15.0562148470786,-0,-0
1.58,-41.891601607737,22.3960270488107,15.2039131098814,-0,-0
1.6,-42.5608097711007,22.7292726498878,15.350317822725,-0,-0
1.62,-43.236454549526,23.0636589198822,15.4954240951155,-0,-0
1.64,-43.9187255532696,23.399182065155,15.6392296132348,-0,-0
1.66,-44.6078309151584,23.7358400811544,15.7817298398188,-0,-0
1.68,-45.303991433894,24.0736314779255,15.9229194356278,-0,-0
1.7,-46.0074053251362,24.412549792855,16.0627986508439,-0,-0
1.72,-46.718331808416,24.7525964526477,16.2013583587747,-0,-0
1.74,-47.4370045285176,25.09376723961,16.3385957922407,-0,-0
1.76,-48.1636748595176,25.4360589576511,16.474506796746,-0,-0
1.78,-48.8986135703845,25.7794693786331,16.6090858518886,-0,-0
1.8,-49.6420820638686,26.1239933395692,16.74233073404,-0,-0
1.82,-50.3943740383003,26.4696281800571,16.8742360208942,-0,-0
1.84,-51.1558062791535,26.8163721289498,17.0047949601149,-0,-0
1.86,-51.9266860354214,27.1642203119224,17.1340043324106,-0,-0
1.88,-52.5933604025613,27.4624255785323,17.2433752218156,-0,-0
1.9,-52.8321820647899,27.5686565459103,17.2820272835441,-0,-0
1.92,-52.8846989714302,27.5919742684864,17.2904895909996,-0,-0
1.94,-52.8945487598937,27.59634591508,17.29207524884,-0,-0
1.96,-52.896249498647,27.5971007020865,17.2923489928772,-0,-0
1.98,-52.8965315416758,27.5972258710961,17.2923943880329,-0,-0
2,-52.8965762966032,27.5972457330243,17.292401591355,-0,-0
2.02,-52.8965832658366,27.597248825921,17.2924027130548,-0,-0
2.04,-52.8965843344389,27.5972493001592,17.2924028850467,-0,-0
2.06,-52.8965844958401,27.5972493717879,17.2924029110242,-0,-0
2.08,-52.8965845199464,27.597249382486,17.2924029149041,-0,-0
2.1,-52.8965845235171,27.5972493840707,17.2924029154789,-0,-0
2.12,-52.8965845240421,27.5972493843037,17.2924029155633,-0,-0
2.14,-52.8965845241187,27.5972493843377,17.2924029155757,-0,-0
2.16,-52.8965845241299,27.5972493843426,17.2924029155775,-0,-0
2.18,-52.8965845241315,27.5972493843434,17.2924029155777,-0,-0
2.2,-52.8965845241317,27.5972493843435,17.2924029155777,-0,-0
2.22,-52.8965845241318,27.5972493843435,17.2924029155777,-0,-0
2.24,-52.8965845241318,27.5972493843435,17.2924029155777,-0,-0
2.26,-52.8965845241317,27.5972493843435,17.2924029155777,-0,-0
2.28,-52.8965845241318,27.5972493843436,17.2924029155777,-0,-0
2.3,-52.8965845241317,27.5972493843435,17.2924029155777,-0,-0
2.32,-52.8965845241318,27.5972493843435,17.2924029155777,-0,-0
2.34,-52.8965845241317,27.5972493843435,17.2924029155777,-0,-0
2.36,-52.8965845241319,27.5972493843435,17.2924029155777,-0,-0
2.38,-52.8965845241319,27.5972493843435,17.2924029155777,-0,-0
2.4,-52.8965845241317,27.5972493843435,17.2924029155777,-0,-0
2.42,-52.8965845241318,27.5972493843435,17.2924029155777,-0,-0
2.44,-52.8965845241318,27.5972493843435,17.2924029155777,-0,-0
2.46,-52.8965845241318,27.5972493843435,17.2924029155777,-0,-0
2.48,-52.8965845241318,27.5972493843435,17.2924029155777,-0,-0
2.5,-52.8965845241318,27.5972493843435,17.2924029155777,-0,-0
2.52,-52.8965845241318,27.5972493843436,17.2924029155777,-0,-0
2.54,-52.8965845241318,27.5972493843435,17.2924029155777,-0,-0
2.56,-52.8965845241318,27.5972493843435,17.2924029155777,-0,-0
2.58,-52.8965845241318,27.5972493843435,17.2924029155777,-0,-0
2.6,-52.8965845241318,27.5972493843435,17.2924029155777,-0,-0
2.62,-52.8965845241318,27.5972493843435,17.2924029155777,-0,-0
2.64,-52.8965845241318,27.5972493843435,17.2924029155777,-0,-0
2.66,-52.8965845241318,27.5972493843435,17.2924029155777,-0,-0
2.68,-52.8965845241317,27.5972493843435,17.2924029155778,-0,-0
2.7,-52.8965845241318,27.5972493843436,17.2924029155777,-0,-0
2.72,-52.8965845241318,27.5972493843435,17.2924029155777,-0,-0
2.74,-52.8965845241317,27.5972493843435,17.2924029155777,-0,-0
2.76,-52.8965845241317,27.5972493843435,17.2924029155777,-0,-0
2.78,-52.8965845241318,27.5972493843435,17.2924029155777,-0,-0
2.8,-52.8965845241318,27.5972493843435,17.2924029155777,-0,-0
2.82,-52.8965845241318,27.5972493843435,17.2924029155777,-0,-0
2.84,-52.8965845241318,27.5972493843435,17.2924029155777,-0,-0
2.86,-52.8965845241317,27.5972493843435,17.2924029155777,-0,-0
2.88,-52.8965845241318,27.5972493843435,17.2924029155777,-0,-0
2.9,-52.8965845241318,27.5972493843435,17.2924029155777,-0,-0
2.92,-52.8965845241318,27.5972493843435,17.2924029155777,-0,-0
2.94,-52.8965845241318,27.5972493843435,17.2924029155777,-0,-0
2.96,-52.8965845241317,27.5972493843435,17.2924029155777,-0,-0
2.98,-52.8965845241318,27.5972493843435,17.2924029155777,-0,-0
3,-52.8965845485623,27.5972490772435,17.2924029936629,-3.73140585668672e-09,8.90027338732662e-08
3.02,-52.898498001065,27.5965348671963,17.2900545929421,-0.000292258556344449,0.00697104811747316
3.04,-52.9040385333743,27.5944729707445,17.2832521897756,-0.0011385283072141,0.0271565551816934
3.06,-52.9107858017716,27.5919604369829,17.274968335899,-0.0021691690575778,0.0517397405381227
3.08,-52.9177920948649,27.5893508433752,17.2663661780995,-0.00323943604729468,0.0772681041117921
3.1,-52.9296708072853,27.5849257069211,17.2517808448237,-0.0046173014974208,0.105462769899304
3.12,-52.9797428121923,27.5662642000517,17.1902863038356,-0.00837310402143961,0.153396194704725
3.14,-53.051990009293,27.5393144119176,17.1015195167033,-0.0135113942187078,0.212797164797097
3.16,-53.129612347011,27.5103282377953,17.00609784245,-0.0189873939134618,0.274999108384527
3.18,-53.2082440177092,27.480931978987,16.9093817423752,-0.0245294513493641,0.337748916218519
3.2,-53.2866341940617,27.4515926552366,16.8129087734421,-0.0278373242558017,0.398928502429422
3.22,-53.361225393949,27.4236441650756,16.7210609928745,-0.00868079709111464,0.443444747334351
3.24,-53.433406302548,27.3965699089744,16.6321344824934,0.0245668017616524,0.477501804236053
3.26,-53.5049536392695,27.3697051802786,16.5439431300473,0.0613314173681754,0.508948112541346
3.28,-53.5763164760052,27.3428817297233,16.4559340091555,0.0987732358102492,0.539869240175647
3.3,-53.6273826211869,27.3236701623507,16.3929284179678,0.123308940512569,0.5624516098794
3.32,-53.644877879372,27.3170849656307,16.3713373592099,0.126259812158631,0.571342329863466
3.34,-53.6516706292764,27.3145277266262,16.3629536301749,0.122323147801951,0.575868696243339
3.36,-53.6561697346423,27.3128338261894,16.3574005301982,0.116910105398458,0.579459800188977
3.38,-53.6617981092433,27.3107146015396,16.3504533557264,0.111818896596894,0.584916399253152
3.4,-53.6775668478103,27.3047763437494,16.3309882995238,0.110589376495987,0.603755665135503
3.42,-53.6987887502632,27.2967823443827,16.3047883214442,0.111444773589884,0.629771168219569
3.44,-53.7213207124,27.2882921385368,16.2769665860688,0.112802659210058,0.657514468977156
3.46,-53.7440111260358,27.2797393902205,16.2489446265792,0.114298496985373,0.685479927744885
3.48,-53.7500256499586,27.2774718442993,16.2415161049371,0.123080385714066,0.692995314975034
3.5,-53.7346514840148,27.283267683495,16.2605040472863,0.141167545878332,0.674273202544966
3.52,-53.7129129943528,27.2914605537814,16.2873486896716,0.162021203282099,0.647748118955633
3.54,-53.6898344895104,27.3001555921368,16.3158434906609,0.183455628054264,0.619584815186025
3.56,-53.666507373433,27.3089413097669,16.3446404327229,0.204996155240275,0.591122205930477
3.58,-53.642716451563,27.3178986157012,16.3740049437607,0.229576277264815,0.564310000541019
3.6,-53.6178695285609,27.327250175021,16.4046674752371,0.261716607452185,0.541745410658027
3.62,-53.5926339754642,27.3367445212428,16.435803984293,0.296623566550883,0.520737293332561
3.64,-53.5673084918852,27.3462691796397,16.4670457704527,0.332141262347017,0.500072873121765
3.66,-53.5432997114806,27.3552953823311,16.4966580026378,0.362074460280895,0.479314571635136
3.68,-53.5326799116754,27.3592869315936,16.5097547474488,0.334971305007069,0.456981457323671
3.7,-53.530466972443,27.3601186070662,16.5124837031039,0.2720603893223,0.433654760540355
3.72,-53.5303462904732,27.360163961465,16.5126325246289,0.200238297148616,0.410080642327942
3.74,-53.5306274934391,27.3600582803453,16.5122857530503,0.126705745076982,0.386467264512137
3.76,-53.5266383263679,27.3615574399705,16.5172050154915,0.0717879408050758,0.366284266630727
3.78,-53.5163491354821,27.3654237946586,16.5298925363736,0.0443200684725653,0.351096656714892
3.8,-53.5041150561701,27.3700202214544,16.544977064101,0.0253214251489435,0.337449098040333
3.82,-53.4914696436055,27.3747703264895,16.5605673706329,0.00810913619229074,0.324126300836952
3.84,-53.4827866054516,27.378031503489,16.5712717167348,-0.00400358703475608,0.312488720146368
3.86,-53.492733515257,27.3742956071661,16.5590092295222,0.00596148213004907,0.308364204405468
3.88,-53.5113300790672,27.3673095876469,16.5360811555253,0.026158159204019,0.307724179180587
3.9,-53.5319370233502,27.3595661293436,16.5106708676899,0.0487356965379827,0.307895091411203
3.92,-53.5529271291437,27.3516762916493,16.4847842344686,0.0717705704942111,0.308221784172098
3.94,-53.5801798573077,27.341428819348,16.4511682110127,0.100736521880586,0.312151364568873
3.96,-53.6412159249395,27.3184634217866,16.3758567726829,0.161612537947126,0.335577866905348
3.98,-53.7190269678539,27.2891565489494,16.2797990062056,0.238370405273928,0.368709338377905
4,-53.8007772087581,27.2583299179475,16.1788201113406,0.318901623707406,0.404146649146742
4.02,-53.8828564962127,27.2273418938299,16.077374641684,0.399645135625886,0.439778881957373
4.04,-53.9461125991409,27.2034347577223,15.9991523948291,0.455097270123024,0.463175362392663
4.06,-53.9901403070299,27.1867816539455,15.9446866733583,0.484717313398867,0.474060663260183
4.08,-54.0287788176844,27.1721580373384,15.8968734336845,0.507105753645272,0.48144318133685
4.1,-54.0663025126684,27.1579483474499,15.8504268461371,0.528010311093188,0.488106927773435
4.12,-54.0874066955482,27.1499530242547,15.8242986420177,0.552814984163146,0.491006117961009
4.14,-54.0615514886201,27.1597479176815,15.8563083169516,0.589643834804416,0.483363315337516
4.16,-54.0176190780478,27.1763825439466,15.9106844279095,0.631110172178106,0.471668499384579
4.18,-53.9696048846536,27.1945503310838,15.9700927387953,0.673619866440773,0.459062709711286
4.2,-53.9241132943171,27.2117517541504,16.0263607321352,0.718151061107219,0.446714218966211
4.22,-53.933890044934,27.2080559160294,16.0142695626168,0.793313734018149,0.441516175794422
4.24,-53.9851068898623,27.1886860457036,15.9509142815489,0.891385034542347,0.441687942595065
4.26,-54.0470668359822,27.1652336089839,15.8742382265852,0.995409507034543,0.443255762693042
4.28,-54.1111497739736,27.1409549636758,15.7948985187887,1.10062651723123,0.445103283714079
4.3,-54.1472425473789,27.1272706009341,15.7501964995657,1.14520439907474,0.464483713635179
4.32,-54.1216986113378,27.1369561914958,15.7818346750722,1.05736949410744,0.521924733439669
4.34,-54.0746796697467,27.1547749571998,15.8400559172099,0.923449433778429,0.59260892961305
4.36,-54.0229572781039,27.174361843073,15.9040781252569,0.779479618867276,0.666180871107804
4.38,-53.9703395161006,27.1942724716466,15.9691839560612,0.633638403180192,0.740290534591454
4.4,-53.9435486466523,27.204404218132,16.0023236691288,0.518767784406124,0.820781993985457
4.42,-53.9814016151516,27.1900878482478,15.9554985021349,0.481698476091654,0.916931679888883
4.44,-54.0430383015954,27.1667591008829,15.8792246290435,0.473290353940481,1.01884430138124
4.46,-54.1098716608268,27.141439420804,15.7964812892835,0.471184436244191,1.12202384261909
4.48,-54.177149164231,27.1159261212454,15.713147280752,0.466767357827603,1.22447757954059
4.5,-54.2382294903451,27.0927408730735,15.6374539751301,0.418186495210709,1.31473643816049
4.52,-54.2949785220893,27.0711808418457,15.5670978331774,0.339283828653744,1.39663055659949
4.54,-54.3506040274405,27.0500299674829,15.4981061779711,0.252663020351308,1.47639574581241
4.56,-54.4059852766478,27.0289545347289,15.4293894592307,0.164508883763991,1.55573790391113
4.58,-54.4449594459464,27.0141123880768,15.3810137481307,0.11308474142742,1.61586318735705
4.6,-54.4531008637694,27.0110108847858,15.3709066701769,0.131395791643772,1.63987958318668
4.62,-54.4509170789687,27.0118428435075,15.3736177676812,0.17307607116972,1.65180164565802
4.64,-54.4465218103438,27.0135172314446,15.3790742183887,0.219762043522397,1.66113344514862
4.66,-54.4431275394028,27.0148102116595,15.3832878722475,0.268096851912886,1.66970145586332
4.68,-54.4510465475379,27.011793520424,15.3734570377881,0.322325147823042,1.67593912919321
4.7,-54.4655359739279,27.0062729490787,15.3554680534555,0.37989523378056,1.68086353402073
4.72,-54.4816320432371,27.0001388334708,15.3354821302178,0.438280689200957,1.68546779282538
4.74,-54.498041315945,26.993883836991,15.3151048713005,0.496825857678944,1.6900093630859
4.76,-54.5143151167119,26.987678962514,15.2948934060207,0.55515871337018,1.69344225107014
4.78,-54.5287019935586,26.9821922748231,15.277023409252,0.611085323517888,1.68587360101662
4.8,-54.5419014516091,26.9771573891737,15.2606266391631,0.665501337313587,1.67140930455058
4.82,-54.5548037734829,26.9722348843448,15.2445974386959,0.71954074250203,1.65522619417795
4.84,-54.5676572153389,26.967330079526,15.2286274416205,0.773446862183099,1.63872539368772
4.86,-54.5898294552335,26.9588670487209,15.2010755646241,0.778631732773909,1.64160469599447
4.88,-54.6274650505688,26.944495287665,15.1542981235697,0.703036646053727,1.67671391668329
4.9,-54.6700259286446,26.928232938849,15.101383323162,0.601646829205393,1.72211657558211
4.92,-54.7136240576862,26.9115634658233,15.0471616222217,0.494754730202537,1.76971503086157
4.94,-54.7595080787915,26.8940081819336,14.9900780798967,0.397185853051388,1.81757087427494
4.96,-54.8193304173471,26.8711018311904,14.9156248541615,0.367770850612068,1.86451696618159
4.98,-54.8865637985896,26.8453330686761,14.8319085019643,0.374844123655795,1.91095103130539
5,-54.9555501245143,26.8188651790637,14.7459657637575,0.390713830906164,1.95726076059391
5.02,-55.0246768299452,26.7923156945646,14.6598037240974,0.408211721604323,2.00346772585761
5.04,-55.0703483048155,26.7747594170642,14.6028527384195,0.414935835496988,2.03854149056205
5.06,-55.0858291778498,26.7688057422899,14.5835441083303,0.407467636850629,2.05930352767618
5.08,-55.0923488220047,26.7662979811596,14.5754117643518,0.39577919716515,2.07581688187216
5.1,-55.0969890934544,26.7645129633805,14.5696234323041,0.383205253682049,2.09143919766573
5.12,-55.1013081936637,26.762851380487,14.5642355521905,0.370455829766309,2.10690278900227
5.14,-55.1156237895037,26.7573433065273,14.5463762505661,0.351509194233388,2.12416946713367
5.16,-55.1445331415203,26.7462164808429,14.5103047864229,0.323594701349412,2.14409152679004
5.18,-55.1779288249751,26.7333568246085,14.4686257696847,0.292919853037867,2.16483180346312
5.2,-55.2122606026651,26.7201298980214,14.4257675825602,0.261663935957859,2.18574437097084
5.22,-55.2403611920046,26.7092984916035,14.390679874799,0.228659233711596,2.20553794854653
5.24,-55.233704922846,26.7118645768332,14.3989918718918,0.186709699313594,2.2190782821288
5.26,-55.2096992351764,26.7211169481914,14.4289654545129,0.140304376211214,2.22949753080469
5.28,-55.1815753431411,26.7319522686226,14.4640741543375,0.092843308634424,2.23917704202311
5.3,-55.152891570696,26.742998518629,14.4998741464414,0.0455196472827012,2.24874708538834
5.32,-55.144286675275,26.7463113630985,14.510612346218,0.0268149185301728,2.26108445748219
5.34,-55.1586762111026,26.7407712169906,14.4926550049413,0.0407188982744019,2.27659601147047
5.36,-55.179692722793,26.7326774249274,14.4664240791668,0.0640219099790419,2.29302294083952
5.38,-55.2020783372937,26.724053519966,14.438479804024,0.0892718441745897,2.3096395109223
5.4,-55.2267724870201,26.7145368486249,14.4076482842967,0.110573255370843,2.32696929791821
5.42,-55.2649699861429,26.6998091870406,14.3599460858074,0.103835492663636,2.34873656228568
5.44,-55.3103992462735,26.682282001409,14.3031947357372,0.0819988948761726,2.37288761302155
5.46,-55.3575443332632,26.6640799833439,14.2442794029491,0.056545175956902,2.39760952315
5.48,-55.4050091881129,26.6457412355416,14.1849432617667,0.0303833757041634,2.42244316796781
5.5,-55.4495293901341,26.6285280791821,14.1292688921516,0.00378877194134451,2.44629230179576
5.52,-55.4699477093176,26.620629671373,14.1037286546835,-0.0253149790030663,2.46203593875828
5.54,-55.4764423856434,26.6181168200482,14.0956039653504,-0.0558598406760956,2.47309486171593
5.56,-55.4795304960992,26.6169219131975,14.0917406705126,-0.0867570243825768,2.48300746635047
5.58,-55.4820039857007,26.6159647855835,14.0886462148136,-0.11768955182568,2.49283077609751
5.6,-55.4941564025559,26.6112618263932,14.0734421070804,-0.142356772265432,2.52785049935502
5.62,-55.5188377839601,26.6017074793833,14.0425584663896,-0.158982986989997,2.5951973114088
5.64,-55.5472316377034,26.5907115367897,14.0070222991858,-0.173224145376487,2.67213250435241
5.66,-55.5764010153235,26.5794102506496,13.9705075320152,-0.186963191348008,2.75108627172732
5.68,-55.6188903736782,26.5629392487594,13.9173040965497,-0.197386245041882,2.8244291676412
5.7,-55.7130904597359,26.5263840949797,13.7992892052542,-0.195140391078276,2.87437951667614
5.72,-55.829652411105,26.4810776113039,13.6531417379122,-0.187394809503557,2.9141498202258
5.74,-55.9512434386681,26.4337291619379,13.5005497413259,-0.178385925384561,2.9515806758253
5.76,-56.0692245511791,26.3877009070655,13.3523518340047,-0.169401319460741,2.98735629573533
5.78,-56.0853089584701,26.3814193114883,13.3321375389559,-0.166440664019231,2.99540536054055
5.8,-56.0173323237392,26.4079561461536,13.4175510224416,-0.168473082802013,2.98065158616344
5.82,-55.9269453714672,26.4431981446728,13.5310542333614,-0.171833362800122,2.95983834228108
5.84,-55.8319643795248,26.4801780710604,13.6502415144793,-0.175461835522483,2.9378015723185
5.86,-55.7373249655805,26.5169711160976,13.7689142841792,-0.178450489135831,2.91610146195051
5.88,-55.6829883814202,26.5380712492668,13.8370106415431,-0.158863033240821,2.91262557204456
5.9,-55.6654381478803,26.5448826351043,13.8589991476395,-0.118749764832393,2.9257418663546
5.92,-55.6579956794692,26.5477705568714,13.868322846612,-0.0730000825188009,2.94341496644752
5.94,-55.6526005262181,26.5498638460272,13.8750814006483,-0.0261088873647755,2.96201097066005
5.96,-55.6586420412968,26.5475197596919,13.8675131238782,0.0157408125069493,2.97888324680555
5.98,-55.6924864412941,26.5343842177892,13.8251094106645,0.0444690948134427,2.99104440987228
6,-55.7364649189128,26.5173052315951,13.7699923452737,0.0683946282814317,3.00147800685081
6.02,-55.7826616879209,26.4993522780872,13.7120752284264,0.0912607163302282,3.01153035791576
6.04,-55.8269783769399,26.4821179068358,13.6564959640047,0.114003795373016,3.0195567132429
6.06,-55.8484455319084,26.4737652662089,13.6295664018534,0.137474417233143,3.00793566606132
6.08,-55.8556121546834,26.4709761930607,13.6205752191356,0.16141539243601,2.98404646053206
6.1,-55.859182236421,26.4695866889287,13.6160960404092,0.185475152809684,2.95707252014846
6.12,-55.8620441240327,26.4684727641851,13.6125053043726,0.209553939470355,2.92949658106164
6.14,-55.8557916850588,26.4709063200524,13.6203499751833,0.223658919958757,2.90653624059446
6.16,-55.834623119859,26.4791437364871,13.6469064901976,0.221232146654393,2.89138466595502
6.18,-55.8086951670853,26.4892295183217,13.6794279226759,0.213532394531569,2.87872657679111
6.2,-55.7817456996229,26.4997083751638,13.7132238089654,0.204706606279336,2.86660112777887
6.22,-55.7602720387987,26.5080549298062,13.7401477976771,0.193951523920928,2.85554962174324
6.24,-55.7761566638474,26.5018810328125,13.7202318481308,0.171809217203613,2.85094853757128
6.26,-55.8120399214844,26.4879286600181,13.675232957907,0.143585571991452,2.8497935323237
6.28,-55.8527202181072,26.4721016853047,13.6242034522758,0.113899890791108,2.84946705572881
6.3,-55.8943194350014,26.4559069046096,13.572004848695,0.0839303048228085,2.84930146997116
6.32,-55.9314030461325,26.4414612571627,13.5254583753455,0.0592145025200269,2.84877699426225
6.34,-55.9314739838762,26.44143361851,13.5253693273987,0.0765876993211205,2.84518192292357
6.36,-55.9100315382854,26.4497873888251,13.5522850094961,0.118416957024253,2.83980092880127
6.38,-55.8833240304151,26.4601884918725,13.5858034857023,0.166224651803231,2.83398329569234
6.4,-55.8556026579692,26.4709798872012,13.6205871308473,0.215242612040331,2.82806740158308
6.42,-55.837767485031,26.4779203279926,13.6429620766197,0.28241202869337,2.81640932155426
6.44,-55.8345505044501,26.4791719906186,13.6469975833019,0.375708238858028,2.79642111742
6.46,-55.8358309392579,26.4786738066128,13.6453913675808,0.477028579613478,2.77387329459788
6.48,-55.8380620399889,26.4778057195113,13.6425925704538,0.580044339289931,2.75078457546747
6.5,-55.8406891463306,26.4767835142078,13.6392969440321,0.661652870142739,2.72734521941999
6.52,-55.8445486945283,26.4752816912752,13.634455136073,0.62542937248531,2.70252440975456
6.54,-55.849013666071,26.4735441746937,13.6288536452864,0.530333328534002,2.67701929773756
6.56,-55.8536213009102,26.4717510156955,13.6230729769644,0.421311731284943,2.65135254899821
6.58,-55.8580733387031,26.4700182889942,13.6174873245639,0.309903225571722,2.62563611152389
6.6,-55.847058643399,26.4743049733778,13.6313063232598,0.224185342783688,2.59835827485788
6.62,-55.8184347835121,26.4854413532833,13.6672122762432,0.168159967047233,2.56930908271992
6.64,-55.784726130157,26.4985496990554,13.7094865534787,0.120703722514123,2.5397494009
6.66,-55.7499550476274,26.5120640332686,13.7530818173862,0.0750235940845,2.51008395581473
6.68,-55.7149631317404,26.5256568733736,13.7969422798126,0.0297517266029202,2.48035715958923
6.7,-55.6765336754238,26.5405765809821,13.8450980088989,1.28159987431064e-05,2.44296638336941
6.72,-55.6337463995846,26.5571777605096,13.8986979216379,-0.00993527365177397,2.39578414419657
6.74,-55.589648154711,26.5742761450099,13.953921839156,-0.0139854518136021,2.34568338497969
6.76,-55.5452617729627,26.5914745427506,14.0094879061445,-0.0168013920168082,2.29497184235237
6.78,-55.5053018176236,26.6069478022,14.0594966439665,-0.0175544786823931,2.24700382294229
6.8,-55.4860412358239,26.6144024755375,14.08359529342,-0.00980122658018233,2.21218188303977
6.82,-55.4763955459921,26.6181349435461,14.0956625619391,0.00188910061566534,2.18346815774633
6.84,-55.4689911103759,26.6209997674182,14.1049253040968,0.0144966523585225,2.15617842818527
6.86,-55.4620942762512,26.6236679043255,14.1135525835983,0.0269297328000432,2.12924793019044
6.88,-55.4592208308184,26.6247794536539,14.1171468558457,0.0215633686492219,2.10673151073399
6.9,-55.460370248865,26.6243348243808,14.115709106465,-0.00190865835986456,2.08865787880658
6.92,-55.4626439797301,26.6234552541659,14.1128649736502,-0.0304483418822001,2.07182665352474
6.94,-55.46514794673,26.6224865839508,14.1097327896732,-0.0600264774732032,2.05524994738531
6.96,-55.4725781608027,26.6196119529685,14.1004380656486,-0.0759340957719468,2.03987274617686
6.98,-55.4962967500555,26.6104334242424,14.0707641324236,-0.0456643127724528,2.02834775291741
7,-55.5267025317185,26.5986622219564,14.0327161571736,0.00359581418308653,2.01840436158638
7.02,-55.558610886195,26.5863034030988,13.9927785096559,0.0571447117548469,2.00881804071375
7.04,-55.5907967631828,26.5738309515801,13.9524837018835,0.11150712905876,1.99929944164758
7.06,-55.6155382846525,26.5642390853531,13.921502082083,0.15098251441538,1.98787098064773
7.08,-55.6108783469939,26.5660459429118,13.9273377554169,0.131439647660731,1.96889508758473
7.1,-55.5934505348403,26.572802304749,13.9491608978621,0.0862671267460823,1.9466418840294
7.12,-55.5730863559462,26.5806947327688,13.9746573014887,0.0352067749252166,1.92363580510464
7.14,-55.5519045380171,26.5889014222907,14.001173216095,-0.0162519006353946,1.90077916821845
7.16,-55.5227301972289,26.6002003693991,14.0376873935223,-0.0454012264232535,1.8869949433698
7.18,-55.4862955699249,26.6143040392815,14.0832770762644,-0.0539511019754312,1.8815468163768
7.2,-55.4478795736163,26.6291661706312,14.1313323941328,-0.0568995661838884,1.87836442544818
7.22,-55.4090472277222,26.6441804693951,14.1798943063439,-0.0587006732745148,1.8756460650378
7.24,-55.3742028414493,26.6576452471769,14.2234569231528,-0.0663982322501248,1.87384851470382
7.26,-55.3581670803728,26.6638394707344,14.2435010541914,-0.102265739121682,1.87593589835957
7.28,-55.3508610511881,26.6666611076074,14.2526325253869,-0.151208597601071,1.8798208149145
7.3,-55.3455886326338,26.6686971546612,14.2592219667436,-0.203197453038218,1.88412424921656
7.32,-55.340190329116,26.6707816444999,14.265968466586,-0.256666835811647,1.88828199784371
7.34,-55.3179969034004,26.6793495605097,14.293701688042,-0.33949667229789,1.88507079121107
7.36,-55.2804087008593,26.6938540911789,14.3406618315604,-0.449056776467362,1.87512101273752
7.38,-55.2386221709703,26.7099689334435,14.392851512019,-0.565880112600321,1.86333946654353
7.4,-55.1959611925788,26.7264103845046,14.4461163631706,-0.684193380374147,1.85118211338699
7.42,-55.1539985455116,26.7425723068866,14.4984926825908,-0.801034069771253,1.83931868152076
7.44,-55.1552449235442,26.7420924142238,14.4969372368914,-0.831273280503627,1.84543841832877
7.46,-55.2004285815754,26.7246891770759,14.4405393770516,-0.773454389219912,1.86984553529126
7.48,-55.257890252873,26.702539536418,14.3687885017937,-0.690976982065664,1.89937362548481
7.5,-55.3178429680015,26.6794089745266,14.2938940259496,-0.603443412207734,1.92995176015572
7.52,-55.3764778304751,26.6567663493993,14.2206130680896,-0.529107427332412,1.95606144253551
7.54,-55.4301150965897,26.636035807332,14.1535495830359,-0.495469708463562,1.96871910834579
7.56,-55.4817947569025,26.6160457479963,14.0889079708704,-0.477564070695518,1.97618111219808
7.58,-55.5330182691125,26.5962164549958,14.0248118855614,-0.463177692856162,1.98248105174977
7.6,-55.584230828992,26.5763758367561,13.960704658388,-0.45011245899511,1.98946099109598
7.62,-55.6365959945164,26.5560724669354,13.8951287416386,-0.445559851222396,2.00785316271628
7.64,-55.6897456712123,26.5354482031861,13.8285437248047,-0.44675087613059,2.0340457373669
7.66,-55.7430776152865,26.5147361930267,13.7617032228123,-0.449410764455491,2.06223622124885
7.68,-55.7964158800202,26.4940046560281,13.69482757927,-0.452361816670926,2.09081953563352
7.7,-55.824766228896,26.4829784726629,13.6592707516162,-0.456415648910387,2.11202171285621
7.72,-55.8117868980403,26.4880270713714,13.6755503046755,-0.462217281581333,2.12090412884164
7.74,-55.785596221835,26.498211431471,13.7083955028916,-0.468576064616395,2.12584779333372
7.76,-55.7565820309771,26.5094889118376,13.744773937188,-0.475053563842374,2.12995153353541
7.78,-55.7270401717847,26.5209662961095,13.7818056882914,-0.481552971069034,2.13390021625972
7.8,-55.6942236749535,26.5337097753972,13.8229325166222,-0.485940686110003,2.14164782424853
7.82,-55.6553876780643,26.5487824647582,13.8715899406947,-0.486339027595616,2.15660647341542
7.84,-55.614528426848,26.5646306488198,13.9227667315584,-0.485401887250915,2.17397965735638
7.86,-55.5732230663885,26.5806417524671,13.9744861430155,-0.484178082538042,2.19187115820306
7.88,-55.5347586031711,26.5955424971295,14.0226338001089,-0.480460022542446,2.21018003123048
7.9,-55.5198509356966,26.6013152096689,14.0412906031437,-0.457134524962926,2.23108005466422
7.92,-55.5185823967339,26.6018063662695,14.0428780698959,-0.422469362921191,2.25347225789978
7.94,-55.520653179181,26.6010045898596,14.0402866570994,-0.385028366962042,2.27622951486912
7.96,-55.5234115801675,26.5999365380605,14.0368346833512,-0.347013507790941,2.29905222387224
7.98,-55.541275856644,26.5930184013299,14.0144768612762,-0.295418921531822,2.31911729909358
8,-55.5809591478363,26.5776438029541,13.9648008430387,-0.224190918793955,2.33515399108853
8.02,-55.6273167873655,26.5596714599976,13.9067508293303,-0.146942426670126,2.3499546051151
8.04,-55.6750711137541,26.5411442297661,13.8469304642716,-0.0684191168399086,2.36449343671874
8.06,-55.7203532063178,26.5235635345033,13.7901868658034,-0.00168444728859165,2.37807949758742
8.08,-55.7508832341301,26.5117033732427,13.7519182268797,-0.000426646448675225,2.38672870657364
8.1,-55.7740410984617,26.502703379395,13.7228844571931,-0.0318465428107281,2.39291783470985
8.12,-55.7954530054273,26.494379061038,13.6960350800924,-0.0709924356748955,2.39852546926172
8.14,-55.8165243367408,26.486184456465,13.6696084756519,-0.111631650975743,2.40402072069223
8.16,-55.8388009908594,26.4775181983094,13.6416655851689,-0.149813596886598,2.40967086892135
8.18,-55.8694544901259,26.4655882119136,13.6032073351681,-0.170041767953315,2.41647345098598
8.2,-55.9045742667364,26.4519130460116,13.559134556876,-0.180673188307069,2.42389221909636
8.22,-55.9407641630566,26.4378133819925,13.513706418206,-0.188984953416367,2.43145993363005
8.24,-55.976998906085,26.4236883185211,13.4682093600551,-0.196732773849044,2.43891824862525
8.26,-55.9904465082247,26.4184441428612,13.4513210720911,-0.18728122114763,2.42574538642545
8.28,-55.974593911342,26.4246260868649,13.4712295184399,-0.155827155869091,2.38606725103943
8.3,-55.9500278644529,26.4342029600143,13.5020759475006,-0.117835650369837,2.33851149888337
8.32,-55.9236327436325,26.4444888119111,13.5352125757451,-0.078476023059254,2.28930701797789
8.34,-55.9033539973227,26.4523883285801,13.5606661076781,-0.0345524261304431,2.24346890095703
8.36,-55.9128128480525,26.4487039749702,13.548794014733,0.0293236836313831,2.21450798181877
8.38,-55.9360880554024,26.4396356570034,13.5195769236312,0.102447548103593,2.19339577736528
8.4,-55.9625764638983,26.4293114439647,13.4863199833056,0.177724833942756,2.17411228182453
8.42,-55.9897878993843,26.418701006151,13.4521482313737,0.252355097734333,2.15547026721536
8.44,-56.0227710907162,26.4058339791501,13.4107187808246,0.273608104384762,2.15155996130803
8.46,-56.0615015361818,26.3907164855331,13.3620569400507,0.240750314230244,2.1625143542878
8.48,-56.1018363902703,26.3749630517436,13.3113638482612,0.192659456892248,2.17765177995556
8.5,-56.1424878073147,26.3590759553975,13.2602569491531,0.141448962408732,2.19364575801608
8.52,-56.1725075537882,26.3473373845943,13.2225058807765,0.0996427695826629,2.20441830597623
8.54,-56.1666561390111,26.3496258853431,13.22986496299,0.0912411481202555,2.19715076944885
8.56,-56.1461446555166,26.357646320195,13.2556587826309,0.096511786755271,2.18250581592684
8.58,-56.1223097347756,26.3669630679721,13.2856267994468,0.104878644283244,2.16619045563652
8.6,-56.0978394662623,26.3765245613854,13.3163879164127,0.113833304042244,2.14955799952617
8.62,-56.0674704776975,26.388385833188,13.3545561163325,0.11509421774147,2.13239691904124
8.64,-56.0145785834515,26.4090305672454,13.421010194119,0.0860599965737941,2.11338589860769
8.66,-55.9518110183115,26.4335078993496,13.4998370641818,0.0437676071085251,2.09356808734474
8.68,-55.8867586191828,26.4588511463666,13.5814933841039,-0.00155169033441746,2.07356620161248
8.7,-55.8222206584397,26.4839687028167,13.6624636959552,-0.0463768686592952,2.05369582029539
8.72,-55.7894543854164,26.4967114265827,13.7035574707634,-0.0564759664897456,2.03921952857687
8.74,-55.7857909300595,26.4981357335416,13.708151347504,-0.0347789341193161,2.02967506032047
8.76,-55.7900604276379,26.4964757970981,13.702797497586,-0.00441600153629254,2.02147456160972
8.78,-55.7959435285994,26.4941883288031,13.6954199406121,0.0277099335732539,2.0135474699501
8.8,-55.8073486851324,26.4897531805705,13.6811166409093,0.0443870445784999,2.01065225780205
8.82,-55.8339361739019,26.4794110061699,13.6477682106706,0.0154907533677382,2.02218370589029
8.84,-55.8663632843353,26.4667915252989,13.6070860006832,-0.0310028617066428,2.03928006555379
8.86,-55.9000832131419,26.4536622178803,13.5647711674305,-0.0814194346708151,2.05761673695593
8.88,-55.9329550322287,26.4408565075398,13.5235100645621,-0.131287735052295,2.07579336370217
8.9,-55.9483953225169,26.4348392651756,13.5041256497428,-0.160451261497999,2.08763817971294
8.92,-55.9506734755738,26.4339513220771,13.501265360906,-0.173929306520121,2.09468537709164
8.94,-55.9495383694861,26.4343937500316,13.5026905265957,-0.183338042891205,2.10048789879285
8.96,-55.9477203660512,26.4351023332365,13.5049730681089,-0.191932559678281,2.10604137436354
8.98,-55.9466701510769,26.4355116548479,13.506291620538,-0.201064505504465,2.1117442351897
9,-55.9659017849599,26.428015059919,13.4821444788158,-0.22575953498833,2.12186534964588
9.02,-56.001856316255,26.4139937810417,13.4369905853389,-0.263299336701725,2.13563336590729
9.04,-56.0422461776676,26.3982334966039,13.3862516502763,-0.304255594342085,2.15037139555217
9.06,-56.0835189885845,26.3821184269484,13.3343872057038,-0.34590164209891,2.16530527372842
9.08,-56.1178903664088,26.3686901580195,13.2911827336241,-0.383016601424096,2.1792430586581
9.1,-56.124602188892,26.3660671293677,13.2827447008988,-0.401869195524788,2.18913634345612
9.12,-56.1193246462908,26.3681296545338,13.2893796093149,-0.412803112874627,2.19727554881161
9.14,-56.111275974591,26.3712748426226,13.2994978520457,-0.421907042444595,2.20500937521583
9.16,-56.1027359018546,26.3746116243544,13.3102331639407,-0.430476429677709,2.2127648742117
9.18,-56.0949180927829,26.3776658136255,13.3200599338621,-0.434783871782922,2.2227315788137
9.2,-56.087756878635,26.3804631639617,13.3290608625748,-0.435614767212036,2.23453163775187
9.22,-56.0807717135235,26.3831914443321,13.3378400366605,-0.435521553953458,2.24681982445869
9.24,-56.0738218190227,26.3859056540753,13.3465744128015,-0.435242074549176,2.25920645473533
9.26,-56.0829814819397,26.3823283788726,13.3350627791053,-0.444308368582691,2.28165906148702
9.28,-56.1271737258071,26.3650620546731,13.2795116333802,-0.473779393751671,2.32598075970485
9.3,-56.1835084594347,26.3430343271077,13.2086695746589,-0.510338185184474,2.37789720543749
9.32,-56.2424818392837,26.3199540457446,13.1344762801428,-0.548452452141289,2.43148029953484
9.34,-56.3019196947756,26.2966704650082,13.0596644266924,-0.586855847935422,2.48537317958866
9.36,-56.3429096719043,26.2806008322611,13.0080520352459,-0.613083625317177,2.54101850699414
9.38,-56.3375871869946,26.2826880332368,13.0147547523392,-0.608715826319344,2.60092503716515
9.4,-56.3153227596659,26.2914170940924,13.0427898162061,-0.593156063023277,2.66238827576813
9.42,-56.2893115424965,26.301611278328,13.0755366610056,-0.575124766281164,2.72419518107352
9.44,-56.2737455539518,26.3077098340643,13.0951303171404,-0.560259636643642,2.79980805426131
9.46,-56.3698085020449,26.2700498376309,12.9741735208074,-0.581699790998833,3.01316490649942
9.48,-56.5357833951189,26.2048478081732,12.7649746652423,-0.625960968250486,3.312959923499
9.5,-56.7188975952055,26.1327147989678,12.5338588814774,-0.675902049669365,3.63426379921523
9.52,-56.9055372311934,26.0589775555347,12.297951881561,-0.727102909514349,3.95977296289031
9.54,-57.3215390028773,25.8938323882885,11.7708843089269,-0.857830813584065,4.2554318172831
9.56,-58.0667620008932,25.5952056779844,10.8222996969195,-1.10385141614462,4.50674732367912
9.58,-58.9073930201616,25.2539499146628,9.74535896327136,-1.38522780077417,4.74444416868265
9.6,-59.7625218013676,24.9018517030593,8.64209226284293,-1.67411137392986,4.97924811114942
9.62,-60.648157421108,24.5317288041609,7.49096972854572,-1.96577207733768,5.20463721491105
9.64,-61.6806557677869,24.0929364494733,6.13768914161792,-2.26412348047673,5.38895774249536
9.66,-62.7731800302182,23.619715104894,4.69204774517368,-2.56550988558698,5.55424188363816
9.68,-63.8697099796325,23.1351030457457,3.22640692098947,-2.86760058404087,5.71509165191005
9.7,-64.9566488089149,22.6447151339425,1.75846782623061,-3.16982626121997,5.87509023812334
9.72,-66.0538171377231,22.1391309195683,0.26087999808038,-3.47895548479496,6.02794448781353
9.74,-67.258432091429,21.5711617729041,-1.40244917650867,-3.82558309015283,6.14265030934667
9.76,-67.6357012070838,22.3704078641205,-3.77433277264406,-4.19091295822513,6.23833672302902
9.78,-66.325961218475,22.0498648887201,-6.31715955677156,-4.56066696724173,6.32952424183585
9.8,-64.6927130024022,20.0510666655161,-8.53832621235851,-4.93064218870228,6.419935305363
9.82,-63.2045978395295,17.6764810748048,-10.4908061988809,-5.24907431160669,6.51767942679913
9.84,-61.9150350957407,15.3028734764362,-12.2221896279226,-5.50861162475614,6.62393046468313
9.86,-60.7274010534259,12.9272056100402,-13.8799218845991,-5.75121787637447,6.73262985330552
9.88,-59.6085241385574,10.5384475676766,-15.5085241899838,-5.99029356704476,6.84183996337571
9.9,-58.424662716877,8.26598672255375,-16.965409297104,-6.15702492623895,6.96362317532568
9.92,-56.8091869087957,6.50380260169468,-17.8220598682492,-6.04270573989364,7.13432144998842
9.94,-55.0306258526455,4.97708227668981,-18.4289297344852,-5.80617242562725,7.32629118546016
9.96,-53.2477908179389,3.51635931610191,-18.987088704748,-5.54157674404931,7.52314523427298
9.98,-51.5119944263591,2.07942831101856,-19.5477415203014,-5.27409148528346,7.72047670045533
10,-50.3043173372604,0.643702784846849,-20.2294675760575,-5.08470353900831,7.90339106800422
10.02,-49.5674290437715,-0.800337611879512,-21.0116518787548,-4.96729201375195,8.07302569706549
10.04,-48.9685160221311,-2.24689084652514,-21.8139988041672,-4.86952187588943,8.23903664817967
10.06,-48.4092470524354,-3.69329630040794,-22.6133217993115,-4.77576539734109,8.40430712372445
10.08,-47.8675543731773,-5.1312744592885,-23.4007022333447,-4.68651881234277,8.56536802445218
10.1,-47.2790733523908,-6.19685236945699,-23.984648176759,-4.78526001386067,8.5242140767089
10.12,-46.6363068756896,-6.88401627753993,-24.3693554784486,-5.07500093252086,8.27751239085154
10.14,-45.9814494299,-7.46436902170726,-24.7005829153516,-5.41823810109232,7.97323759846752
10.16,-45.3279802629682,-8.02197070498096,-25.0226912295472,-5.77242140446169,7.65718234412447
10.18,-44.7551126521198,-8.58232462583579,-25.3407134919673,-6.00192513449464,7.40442576248412
10.2,-44.4421920481607,-9.16751751351893,-25.6444433094865,-5.80632843117018,7.37111153841031
10.22,-44.2362814368231,-9.76284547931401,-25.9405825778174,-5.43692510968852,7.4275652806142
10.24,-44.0561498578756,-10.3600914535685,-26.2334309967724,-5.02815098310774,7.5043554315791
10.26,-43.8793372324044,-10.9474309600033,-26.5197506964559,-4.61695252959783,7.58452973293584
10.28,-43.6344614733797,-11.3177376620448,-26.7099503814412,-4.31504072282605,7.65509807158339
10.3,-43.3321208005361,-11.5083082090629,-26.8221752971785,-4.10450823411225,7.71726347196556
10.32,-43.0149976236993,-11.6509158268376,-26.9144563024549,-3.91825790464385,7.77718621304397
10.34,-42.6954681737224,-11.7835703380743,-27.0033936714369,-3.73691231150929,7.83665529454696
10.36,-42.4485920698299,-11.9495266959955,-27.0975586954958,-3.58721074538636,7.89345711990156
10.38,-42.3830320984527,-12.2032371161829,-27.2044813979889,-3.51443439774147,7.94379193568959
10.4,-42.3842351032358,-12.4890816755126,-27.3155294682501,-3.46985378497026,7.99175662874374
10.42,-42.4004819375692,-12.7818339782585,-27.4269956584483,-3.4314883790806,8.03919888691275
10.44,-42.4198792683138,-13.0756977499593,-27.538046244849,-3.39428691892044,8.08654330776609
10.46,-42.462117336627,-13.3737021943863,-27.6480066942283,-3.32908355734361,8.15601507810003
10.48,-42.5684187159363,-13.6834131414439,-27.7558753171203,-3.18231724887853,8.28955032330004
10.5,-42.6997211118112,-13.997370884247,-27.8625978546736,-3.00413225739845,8.447758069113
10.52,-42.8370635841882,-14.3119861803588,-27.9686294617445,-2.81888337544691,8.61151270304351
10.54,-42.9734960676045,-14.6184136848626,-28.0712788776459,-2.63698281434836,8.77235195760553
10.56,-43.0693361353852,-14.7917987582421,-28.127152943423,-2.53240687268196,8.86772527983461
10.58,-43.1343869586322,-14.8655351641444,-28.1482234849052,-2.48596496430568,8.91388840546733
10.6,-43.1914388848359,-14.9134071162463,-28.1602923976958,-2.45461625257683,8.94727544195254
10.62,-43.2469059070449,-14.9560889872758,-28.1705717242023,-2.42628856369536,8.97810525940445
10.64,-43.3154218836945,-15.0140475755589,-28.1977140387333,-2.38518537782646,9.0258109675224
10.66,-43.4129339808771,-15.1071482712133,-28.2622159266837,-2.31516530423471,9.11119598063389
10.68,-43.5205851369841,-15.2124519988198,-28.3397202443989,-2.23507383504103,9.20969643838959
10.7,-43.6305011632095,-15.3203711287268,-28.4200658469924,-2.1527840871489,9.31105919079756
10.72,-43.7426170415048,-15.4305213086975,-28.5005514427177,-2.07650176535836,9.40839044253246
10.74,-43.8717942826894,-15.5582512238232,-28.5772626437242,-2.06308211322973,9.46104027360855
10.76,-44.0117999495863,-15.6969650754062,-28.6515550783226,-2.08939015267954,9.48543309668858
10.78,-44.1546177557256,-15.8382994440088,-28.7252551927627,-2.12557275325683,9.50280184216968
10.8,-44.2981038089182,-15.9800267980614,-28.798845585622,-2.16370241149787,9.51878568729031
10.82,-44.4192653041045,-16.1012272517423,-28.865934681751,-2.20049703510306,9.53597867534214
10.84,-44.5032334327834,-16.1885336871233,-28.9222961331679,-2.23457169474183,9.55553512956693
10.86,-44.5753004870787,-16.2649819831723,-28.9752200196712,-2.26776646407924,9.57585470092291
10.88,-44.6448452495315,-16.3390911133289,-29.0274063199589,-2.30077263519195,9.59633775844547
10.9,-44.7139494527682,-16.412749310992,-29.0794540260062,-2.33374403598693,9.61685094952737
10.92,-44.7966369926854,-16.4931384148441,-29.1413125702069,-2.3692733405392,9.64405323910135
10.94,-44.9251624848398,-16.5964063798556,-29.2362400757941,-2.41341545842946,9.69371221819076
10.96,-45.0724258948369,-16.7089395712608,-29.3447021482983,-2.4610700448237,9.75252861482675
10.98,-45.2240029032706,-16.8235053917956,-29.456296252073,-2.50952399727417,9.81342901413774
11,-45.3721292508252,-16.9324849280085,-29.5644718745516,-2.55710400084677,9.87145029937618
11.02,-45.4483501786338,-16.9431246024008,-29.6049650559295,-2.58759741076434,9.8749028305554
11.04,-45.4706066285764,-16.8800837386413,-29.59463749722,-2.6052748297452,9.83743446338926
11.06,-45.4788712214539,-16.7978862865691,-29.5710565966921,-2.61962247443073,9.7893345276378
11.08,-45.4843659170129,-16.7118364466711,-29.5447769465389,-2.63330379474078,9.73910667012891
11.1,-45.524386904439,-16.6758040645828,-29.5546029071242,-2.64870282013472,9.71423584376755
11.12,-45.6307306150522,-16.7358625438896,-29.6338672034299,-2.66756808535457,9.73813383789656
11.14,-45.7591427601962,-16.8278181752154,-29.7362568278785,-2.68758834642316,9.77824470442062
11.16,-45.8923451826327,-16.9266098537311,-29.8436768189571,-2.70785810460067,9.8218557538333
11.18,-46.0224738496455,-17.0212673243774,-29.9499470457379,-2.72355153915475,9.86635933326585
11.2,-46.1267824691211,-17.0812398031317,-30.0425930702642,-2.70914556219293,9.91255476081801
11.22,-46.2171070149754,-17.1224718715653,-30.1278562280298,-2.6785377556066,9.95961893742447
11.24,-46.3040492654052,-17.1591980271188,-30.2113670062825,-2.6440430341423,10.0068900193111
11.26,-46.3903082667027,-17.1950387080789,-30.2945597848122,-2.60879237686212,10.0542012263758
11.28,-46.4711064278961,-17.2293495310074,-30.375527372082,-2.57145488150649,10.1001514996334
11.3,-46.509645661068,-17.252803430737,-30.439083299859,-2.51858026071299,10.1352369941372
11.32,-46.5236475462231,-17.2699829992919,-30.4925219535862,-2.45669129735628,10.1640119313057
11.34,-46.5316386631475,-17.2856457933227,-30.5434871142808,-2.39259811982868,10.1912435527762
11.36,-46.5384063702289,-17.3010092690607,-30.5938952227936,-2.32827338022532,10.2180588447588
11.38,-46.5388115070659,-17.312892865826,-30.6315998562893,-2.2976443365416,10.2254289145958
11.4,-46.5313142561291,-17.3203614891607,-30.6531318583458,-2.3102512617871,10.2079569513395
11.42,-46.5214722633133,-17.3265183416592,-30.6698559460729,-2.33572262461373,10.183095703916
11.44,-46.5111389352431,-17.3324020146235,-30.6855727465148,-2.36389395272201,10.1566837439894
11.46,-46.5188328062692,-17.3551295033873,-30.7098263756556,-2.39113562294525,10.1372570974737
11.48,-46.6102280827057,-17.4558417360381,-30.7743163397457,-2.41189329477947,10.1513537626851
11.5,-46.740546617927,-17.5926289852498,-30.8574696840227,-2.42961890756842,10.1810108498984
11.52,-46.8800486334724,-17.7377125730449,-30.9449666024787,-2.44663736877177,10.2142923668668
11.54,-47.0202056338303,-17.8830534159558,-31.032401798725,-2.46270118470227,10.2483849646131
11.56,-47.0981452746182,-17.9658014296006,-31.0745093996978,-2.43719093410783,10.2883128617733
11.58,-47.1125081364283,-17.9848116502836,-31.0704439068128,-2.36946396811259,10.3340648752862
11.6,-47.1090645174448,-17.9859907285521,-31.0534559886286,-2.28992464846905,10.3814441352914
11.62,-47.1019643426784,-17.9835137595276,-31.0338169306826,-2.20796202925612,10.4291570700632
11.64,-47.0945670265901,-17.9808258494439,-31.0141654664081,-2.12566591142795,10.4772532497111
11.66,-47.1184841001426,-18.0163991068715,-31.0343765743746,-2.05231043093198,10.5529145565918
11.68,-47.1781817449036,-18.0956362924058,-31.1000399818423,-1.98920738063203,10.6599493399155
11.7,-47.2482020864394,-18.1874373335253,-31.178769521614,-1.92905696197463,10.7760144208425
11.72,-47.3203840809139,-18.2818363493522,-31.2601890336194,-1.86951875201348,10.8939515536472
11.74,-47.3761760340524,-18.3544490977877,-31.3310664312117,-1.81429347185722,11.0004633446448
11.76,-47.3666238377167,-18.3405216293181,-31.3591481317993,-1.77544159753017,11.0612309377528
11.78,-47.3285036207783,-18.2887303791243,-31.3684974097336,-1.74374155763772,11.1019872882688
11.8,-47.2838698110783,-18.2282535692413,-31.3735497711343,-1.7136777546344,11.1381640540153
11.82,-47.2381503633283,-18.1664283083376,-31.3768231959363,-1.68414110892378,11.1724848831297
11.84,-47.196566158907,-18.114905785789,-31.3493111207985,-1.66159446037984,11.1749675594025
11.86,-47.1588893543256,-18.0730103985681,-31.2938575335343,-1.64537696288022,11.1485506737372
11.88,-47.122269377411,-18.0337714044236,-31.2307636442535,-1.63088968052356,11.1142316444505
11.9,-47.0858503835817,-17.9950904093921,-31.1661127381685,-1.61675482650294,11.0783029021769
11.92,-47.0445059006903,-17.9552543103151,-31.1011195562546,-1.61117270277149,11.0388741598405
11.94,-46.9888218529582,-17.9117603825846,-31.0359045953796,-1.63019441890499,10.9900963666159
11.96,-46.9276037289764,-17.8668479147512,-30.9706220884355,-1.65869972387112,10.9377249961208
11.98,-46.865145333575,-17.8216166753961,-30.9053327624024,-1.68931937453876,10.8845529224502
12,-46.802444291358,-17.7763228995755,-30.84004999369,-1.7203409585244,10.8312286758993
12.02,-46.7637149512695,-17.7576220615824,-30.7952756458691,-1.74367885857936,10.7986543628725
12.04,-46.8055310492455,-17.8281087606495,-30.8192221580882,-1.7410335241038,10.8357348594733
12.06,-46.8803566445188,-17.9350355573311,-30.8712449503283,-1.72775676318449,10.9013090852573
12.08,-46.9627207684838,-18.0501623495652,-30.9295875356915,-1.71207329113474,10.9733333410555
12.1,-47.0460392371395,-18.1651265254699,-30.9876047384307,-1.69563663396706,11.0460148490575
12.12,-47.117327318811,-18.2423926018205,-31.0120103713406,-1.67242248014647,11.1060113294253
12.14,-47.1785058107436,-18.2884045594654,-31.0085936078518,-1.64367124789602,11.1554042998633
12.16,-47.2370069333077,-18.3260954211694,-30.9977953434322,-1.61344913688181,11.2019741258173
12.18,-47.2949861573331,-18.3620957783707,-30.9855243134803,-1.58293001348844,11.2479734363592
12.2,-47.3375265809976,-18.3892320476453,-30.9618371445883,-1.55649092702189,11.2839104153066
12.22,-47.3417280001136,-18.3950056084027,-30.9102572606166,-1.54035116698755,11.2949916456054
12.24,-47.3318171462076,-18.3929658511562,-30.848434768025,-1.52799751465874,11.2969437425811
12.26,-47.3187756664776,-18.3892328793564,-30.7843596558012,-1.51647663582402,11.2968882414069
12.28,-47.3091772812751,-18.3881771303129,-30.7220854015805,-1.50593717402106,11.297160824464
12.3,-47.3513652313402,-18.4250657938479,-30.688186081712,-1.50597643304176,11.3063845771636
12.32,-47.4289323589109,-18.4877885330999,-30.673672218171,-1.51320701425325,11.3217388032605
12.34,-47.5156194352372,-18.557091556019,-30.6641530042994,-1.52227944186036,11.33866455389
12.36,-47.6041663748491,-18.6276591249963,-30.6556507834569,-1.53171645539924,11.3559015137997
12.38,-47.6516780229022,-18.6504018373899,-30.6376194630798,-1.53162228099595,11.3658291643793
12.4,-47.6207609286768,-18.582147547054,-30.6011523206999,-1.51334825698004,11.3618052517513
12.42,-47.5637823791722,-18.4835759286268,-30.5585025152568,-1.48902321805397,11.353137513554
12.44,-47.5012505999503,-18.378441453293,-30.5144804554777,-1.46339623025386,11.3434705913943
12.46,-47.4377336079134,-18.2720400999992,-30.4701599609122,-1.43752566504248,11.333616734377
12.48,-47.4044634123579,-18.1920187339057,-30.4539003504616,-1.39594042029128,11.3493585971528
12.5,-47.4371736689627,-18.1698471309616,-30.4988149370122,-1.32027681674818,11.4208071269736
12.52,-47.4928301646503,-18.1678370103723,-30.5650521791113,-1.23274451038531,11.5116601040585
12.54,-47.5534552456928,-18.1702235364702,-30.6359481476673,-1.14262407558177,11.6067446425079
12.56,-47.617683617946,-18.1784757256151,-30.7095830481119,-1.05508923991197,11.7016111461593
12.58,-47.7091912327629,-18.2373905404108,-30.802027338605,-0.998197377467704,11.7865236578774
12.6,-47.8177657894381,-18.3280123333125,-30.9062148572277,-0.960573005149396,11.8651264418486
12.62,-47.9306093126698,-18.4265110831889,-31.0133379551745,-0.927752214663715,11.942154531425
12.64,-48.0442504431185,-18.5265342524159,-31.1210126776764,-0.895883936368025,12.0188482547039
12.66,-48.1085907556708,-18.6225991219843,-31.1962294071082,-0.868414909361256,12.0758259550761
12.68,-48.090876808347,-18.7116995510749,-31.2173560491887,-0.847997535614162,12.1001587882776
12.7,-48.0470144337294,-18.7985295805112,-31.2211881308629,-0.82982488340015,12.1140805392525
12.72,-47.9976029494344,-18.8848288096093,-31.2212922947216,-0.812130897545163,12.1257811194124
12.74,-47.9498377066349,-18.9672852682902,-31.2210075294636,-0.794826267058773,12.1375138465175
12.76,-47.9346075084585,-19.0039095682044,-31.2247857499547,-0.781261488704307,12.1546565442378
12.78,-47.9418042747205,-19.0090794734427,-31.2314377686498,-0.770258056910274,12.1755525980225
12.8,-47.9547200263273,-19.0062309365528,-31.2388263051258,-0.759907364890914,12.1974066336284
12.82,-47.9687687441478,-19.0017926854401,-31.2463614614372,-0.74968596227539,12.2194505234866
12.84,-47.9830194821535,-18.9970695572598,-31.2539233241745,-0.739487624251636,12.2415282920335
12.86,-47.9973040638204,-18.9922972674432,-31.2614902213581,-0.72929316482253,12.2636117586863
12.88,-48.0141746397549,-18.9911783908087,-31.2718154048775,-0.717535274945694,12.2873033339147
12.9,-48.0565876694127,-19.0263028247378,-31.3094273108511,-0.690298416254765,12.3269009757701
12.92,-48.1150911738364,-19.0842411299211,-31.3642194557891,-0.653315318976529,12.3765136581792
12.94,-48.1776095056272,-19.1478474403835,-31.4232851579113,-0.613906941819231,12.4286185061395
12.96,-48.2409311645038,-19.2125634400157,-31.4831930628485,-0.574019807176826,12.4812153147442
12.98,-48.3008701799168,-19.2734228811969,-31.5399393318751,-0.535698381836823,12.5314307400297
13,-48.3261807844857,-19.2946707958014,-31.5642699087568,-0.513541919944711,12.5574645893329
13.02,-48.329605107161,-19.2908899182885,-31.568116356083,-0.501601401150968,12.5682192758082
13.04,-48.3275907612724,-19.28088875496,-31.5668713556623,-0.492199723370835,12.575176922649
13.06,-48.3245040248805,-19.2696599487604,-31.5646210809733,-0.483298927598259,12.5813854677093
13.08,-48.3227002417128,-19.2677869867381,-31.5668683189195,-0.474093347860568,12.5912383604443
13.1,-48.3354222758115,-19.3603429711865,-31.6152032655927,-0.461015913357355,12.6383414082003
13.12,-48.357400503037,-19.5124114764201,-31.6924798647298,-0.445491207906502,12.7089322274243
13.14,-48.3817916048826,-19.6792579798441,-31.7768030060747,-0.429357542574323,12.785365749922
13.16,-48.4067688093602,-19.8489944605273,-31.8623634708796,-0.413103714334194,12.8629520507658
13.18,-48.4337082308423,-20.0120657831255,-31.9456203490077,-0.399447633234472,12.9366307286642
13.2,-48.4779453204601,-20.1047663259683,-32.0054787839605,-0.411578313745459,12.9698462835528
13.22,-48.5330368548448,-20.1530582223151,-32.050641545063,-0.439970077816474,12.9775324116651
13.24,-48.5908289126185,-20.1902892127554,-32.0921645467931,-0.472407711766031,12.9788662113639
13.26,-48.6491573871378,-20.2253281563141,-32.1329816666144,-0.505642971010212,12.9789476462999
13.28,-48.7075857829952,-20.2599654226889,-32.173684422615,-0.539020217550483,12.9788061416995
13.3,-48.7538258405996,-20.2723499605365,-32.1959634771014,-0.567547770026027,12.9759712879504
13.32,-48.7650094488723,-20.2210295598541,-32.1653389926255,-0.58208075792715,12.9655015357991
13.34,-48.7625991440668,-20.1449832709322,-32.1141396036134,-0.591178203754204,12.9520682268316
13.36,-48.7571825708785,-20.0634367167304,-32.0583226203318,-0.599064258062534,12.9379745343483
13.38,-48.7512230066784,-19.9808638797322,-32.0016040580843,-0.60672213689982,12.9237564605011
13.4,-48.7485707705802,-19.9076306350614,-31.9410733234876,-0.589306969265044,12.9267507050866
13.42,-48.7556808939018,-19.8619081791648,-31.8700223771059,-0.499470351501305,12.9795945690936
13.44,-48.7665348237246,-19.8268279290249,-31.7949408558728,-0.381755568903332,13.0516295419436
13.46,-48.7782165921093,-19.7941922352578,-31.7189610543639,-0.257765041895359,13.1279847750834
13.48,-48.790038823089,-19.7620649638822,-31.6428210828882,-0.132597102872737,13.2051505529305
13.5,-48.8030551753794,-19.7437886259049,-31.5708820488958,-0.0189292761715254,13.2775291034978
13.52,-48.8194768734119,-19.7651831374652,-31.5111355964585,0.0609562322644114,13.3356933129973
13.54,-48.8371976916441,-19.8018684372637,-31.4560787915732,0.12781228925334,13.3883731703361
13.56,-48.8551956261024,-19.8420009094273,-31.4020647340385,0.191738905874047,13.439819870888
13.58,-48.8732297796574,-19.8827928574957,-31.3482355240196,0.25511489409091,13.4910347747179
13.6,-48.8897077276704,-19.9168971656683,-31.2996745709682,0.306360339408305,13.5350739699079
13.62,-48.9017084735942,-19.9313453215103,-31.2662742286269,0.322820483392466,13.5584918851189
13.64,-48.9119804160509,-19.9382023223193,-31.2387302384679,0.325852344728147,13.5739486864526
13.66,-48.9218639585745,-19.9433689616518,-31.2124955701603,0.325885755005822,13.5876277919152
13.68,-48.9316710342717,-19.9482201620994,-31.186510943983,0.325350032164526,13.6009694722234
13.7,-48.941248271533,-19.9527550666126,-31.1604128965115,0.324836980188495,13.6141294567473
13.72,-48.9321844301488,-19.9339851074779,-31.1205406102699,0.334849179448411,13.6165221285922
13.74,-48.9019209825072,-19.8887223928808,-31.0649890531853,0.356848126237721,13.606678011884
13.76,-48.8655538240361,-19.8358419625599,-31.0049158834403,0.382298273825372,13.5933112553517
13.78,-48.8279187885479,-19.7813901053349,-30.943896580094,0.408464809505227,13.5792133168456
13.8,-48.7903267819065,-19.7268788636728,-30.8828768451521,0.434775416916401,13.5649722353055
13.82,-48.7771514983739,-19.691615441647,-30.8377836394322,0.462282809200051,13.5498556418903
13.84,-48.7917780693329,-19.6782797757732,-30.8108380455655,0.491129336680886,13.5337656430094
13.86,-48.8144176941557,-19.6712642263437,-30.7891280530172,0.520361150424993,13.5173957204621
13.88,-48.8387187811562,-19.6655598502189,-30.7685082109998,0.549672651716962,13.5009679109307
13.9,-48.8634055283577,-19.6602063862467,-30.7482755740564,0.578960508775729,13.4846823230511
13.92,-48.8950945630901,-19.6644248418013,-30.7442024593357,0.604840076797178,13.4820254694776
13.94,-48.9346913690155,-19.6794708708218,-30.7584595902138,0.626844145980019,13.4948576795865
13.96,-48.9765703158276,-19.697629743409,-30.7780066695272,0.647731038981188,13.5121546958501
13.98,-49.0189260619845,-19.7164260469291,-30.7986570267735,0.668386527903713,13.5303765100191
14,-49.0614104715253,-19.7352757866002,-30.8195933085998,0.68889528483308,13.5487800727667
14.02,-49.107206085516,-19.7493136627105,-30.847352733675,0.700237016744621,13.5683979322654
14.04,-49.1567459782386,-19.7578591794759,-30.8828400237997,0.701158941442671,13.5893688420757
14.06,-49.2073582725231,-19.7648149952514,-30.9205606879687,0.699080237909678,13.6107288085185
14.08,-49.258187449572,-19.771432993039,-30.9587535887667,0.696379613995463,13.6321693748569
14.1,-49.3090507637023,-19.7779809216959,-30.9970421652271,0.693565698345962,13.6536246203246
14.12,-49.3563702297616,-19.7816996618909,-31.0322185534816,0.689896196549172,13.6726348501646
14.14,-49.375116968742,-19.7627684122012,-31.0421028530196,0.679482088023717,13.6719154556751
14.16,-49.3773497668394,-19.7307427895016,-31.0373526422157,0.665169839308166,13.6597889903412
14.18,-49.3755484938837,-19.6955110804477,-31.0290146628675,0.649904144172835,13.6448723321151
14.2,-49.3729622184824,-19.6596478996338,-31.0199660753216,0.634451713162587,13.6294091944757
14.22,-49.37209679602,-19.6275420518776,-31.0132344713617,0.61920812862745,13.6147111708883
14.24,-49.3861370746343,-19.6265845127412,-31.0262022972912,0.605905804511677,13.6069331221975
14.26,-49.4088043790178,-19.6436494417766,-31.0505750617006,0.593728444359373,13.6031637266854
14.28,-49.4335820163966,-19.6651235434291,-31.077738560022,0.581826360379584,13.6003751897568
14.3,-49.458773040098,-19.687462127399,-31.1054495833422,0.56997825234181,13.5977789751005
14.32,-49.4819181368949,-19.7083019230017,-31.1326442137154,0.55772450888148,13.5951409806781
14.34,-49.4842318409668,-19.7129195842701,-31.1538177630087,0.541388062790758,13.5917626136082
14.36,-49.4734031672317,-19.7072976222431,-31.1711878936501,0.522476290262563,13.5879146895151
14.38,-49.459303552243,-19.6991282083777,-31.1876129382901,0.502923479404824,13.5839498043213
14.4,-49.444559638429,-19.6904585480866,-31.2038535584803,0.483244340169302,13.5799618638853
14.42,-49.429374526658,-19.6814816948654,-31.2187752293678,0.464868749181081,13.5753642159047
14.44,-49.4101179042926,-19.6697598963416,-31.2177186670047,0.462935909642162,13.5632545753225
14.46,-49.3880740041975,-19.6561563939571,-31.2056831360602,0.472306754965941,13.5459820256192
14.48,-49.3653218622414,-19.6420724838458,-31.1908551526133,0.48455431145149,13.5273955887414
14.5,-49.3424303110136,-19.6278916138916,-31.1754754999155,0.497371835992164,13.508548831717
14.52,-49.3193983774946,-19.6129803279896,-31.1598044854426,0.509958604568228,13.4894183245529
14.54,-49.294419315568,-19.586177942777,-31.1408689080672,0.517003981740077,13.4663158007135
14.56,-49.2679940944559,-19.5504995778746,-31.1195024737689,0.519903440355789,13.4402532791938
14.58,-49.2411964628031,-19.5124924160508,-31.0974953774407,0.521716787873604,13.4134156570027
14.6,-49.2143311219546,-19.4740173419237,-31.0753565383099,0.523313922399516,13.3864237584678
14.62,-49.1874601418457,-19.4354539624868,-31.0531898310883,0.524872297410531,13.3594042056553
14.64,-49.1596987620532,-19.3969089259243,-31.0288609897401,0.526599234312388,13.3317387748474
14.66,-49.1247863846345,-19.3586608760122,-30.9873357186241,0.529723248964204,13.2989525868533
14.68,-49.0857302070173,-19.3205920832373,-30.935864832432,0.533655864497671,13.2632045561325
14.7,-49.045648051624,-19.282573545849,-30.8819477585296,0.537787398200548,13.2267279698624
14.72,-49.0053593247212,-19.2445707938288,-30.8275535098374,0.541957743814104,13.1901092364703
14.74,-48.9686827425673,-19.2096588288778,-30.7760617440594,0.5479763877637,13.1567095123588
14.76,-48.9613460764451,-19.1995030399933,-30.7485415775362,0.568783466973308,13.1493574006032
14.78,-48.9709526960778,-19.2036376228943,-30.7348672847046,0.598127495531458,13.157044441586
14.8,-48.9847273823939,-19.211286081706,-30.7245995829728,0.629570812473209,13.1684297913097
14.82,-48.9993199226303,-19.2196232229082,-30.7150009465326,0.661425471964787,13.1805398083673
14.84,-49.0135985947033,-19.2277826060545,-30.7068693955564,0.692118493863241,13.1930853892022
14.86,-49.0241975745574,-19.2335455599409,-30.7096274597859,0.71286799173657,13.2081339230598
14.88,-49.0326582892577,-19.2379144965795,-30.7186726654452,0.727863562365183,13.2246206161319
14.9,-49.0405962234372,-19.2419433235992,-30.7292517750725,0.741454937907346,13.2414579346809
14.92,-49.048430245176,-19.2459052458473,-30.7401339687275,0.754768921827725,13.258364491583
14.94,-49.0574855287554,-19.2517441977654,-30.7524954077654,0.767504769648625,13.2754349566347
14.96,-49.0765088198884,-19.2727662221093,-30.7763293704244,0.775976613990305,13.2937273692964
14.98,-49.1012985071099,-19.3025689251608,-30.8067919874182,0.781986226777304,13.3127255168437
15,-49.1275007550849,-19.3345209152388,-30.8388747955947,0.787393378075942,13.3318963486604
15.02,-49.1539814647775,-19.3668950653793,-30.8712736310757,0.792682319005089,13.3511010635807
15.04,-49.1805129188744,-19.3993446327804,-30.9037267016905,0.797950261768983,13.3703117973179
15.06,-49.2027136303688,-19.4293943663108,-30.9291815978087,0.80639585444914,13.3866445699097
15.08,-49.2140421728572,-19.4533989223323,-30.9370817931913,0.822811957175141,13.3957636194092
15.1,-49.2213975327442,-19.4751914892154,-30.938562392887,0.842141731477772,13.4022457183047
15.12,-49.2278788053594,-19.4964948957772,-30.9386257694795,0.862113539721756,13.40814676297
15.14,-49.2341965364812,-19.5177041084655,-30.9384187081808,0.882206615198676,13.4139380585405
15.16,-49.2290479107911,-19.5318853183172,-30.9271487771934,0.898112831443371,13.4120726328932
15.18,-49.1952591667835,-19.5285204089318,-30.888310386191,0.90349231436226,13.3910901680288
15.2,-49.1509781260427,-19.5187359502726,-30.8393923628762,0.905019392359684,13.3631134852764
15.22,-49.1043674599767,-19.5075345753973,-30.7882562582334,0.905696348175747,13.333593463607
15.24,-49.057305084425,-19.4960668857364,-30.7367098493869,0.906213751786021,13.3037837938117
15.26,-49.0201207799911,-19.4944931974033,-30.6928662705549,0.907153725023005,13.281203425098
15.28,-49.0078931785133,-19.5178129837169,-30.6684688528776,0.90921727962047,13.276851532267
15.3,-49.0047929801154,-19.5502293122131,-30.6511714572557,0.911692489106996,13.2791646306165
15.32,-49.0037083624756,-19.5846489295375,-30.6354312730269,0.914258630086409,13.2829492997409
15.34,-49.0030015745106,-19.6194391615575,-30.6199726654412,0.916841827096794,13.287009935525
15.36,-49.0092388002349,-19.6518727839525,-30.6107396883995,0.917863438804426,13.2917335473595
15.38,-49.0327220704358,-19.6782596480038,-30.6170098312487,0.914966167637836,13.2980057324844
15.4,-49.0625148330401,-19.7024291169154,-30.6289522860111,0.910635594403635,13.3048426227758
15.42,-49.0937032731734,-19.7261047716161,-30.6421483661463,0.905988976474883,13.311803947817
15.44,-49.1251584733505,-19.7496827919114,-30.6555825896226,0.901283019623949,13.3187886291681
15.46,-49.1568951978778,-19.7734259980743,-30.6693232109671,0.896792451352038,13.3261090691363
15.48,-49.1999181616944,-19.8063012272639,-30.6959039279954,0.903330129891889,13.3496449792161
15.5,-49.2544300261063,-19.8484730921823,-30.7355569040873,0.92109942976261,13.3896926688358
15.52,-49.3121594492717,-19.8932324781995,-30.7788689755076,0.942007423774452,13.4343545384028
15.54,-49.3705574319053,-19.9385123317909,-30.8229391887491,0.963560141563482,13.4799642093729
15.56,-49.4282113595326,-19.9834153001765,-30.8667329546941,0.984988958671461,13.5252868326544
15.58,-49.445712490247,-20.0071626968874,-30.8911957117817,0.995353684424828,13.549517668075
15.6,-49.4221714987369,-20.0092924687859,-30.8958879643652,0.994398281471477,13.5521760267487
15.62,-49.3871692603992,-20.0053773314479,-30.8950653538382,0.990279758749235,13.5488066828493
15.64,-49.3498220736616,-20.0002165620145,-30.8931209977601,0.985512290027424,13.5442007060333
15.66,-49.3124860580274,-19.9952250432646,-30.8911161850525,0.980665472752326,13.5394259809914
15.68,-49.294890405763,-20.0086269741323,-30.895230259794,0.977567128194929,13.5371759467679
15.7,-49.2974801052015,-20.0408163386749,-30.9055981734906,0.976268447532252,13.5375324114295
15.72,-49.3057380355283,-20.0782720598286,-30.9177118047458,0.975474903217999,13.5386206609772
15.74,-49.3151620851704,-20.1168016721876,-30.9301742938445,0.974784760393254,13.5398587188913
15.76,-49.325027957613,-20.1550566701171,-30.9424401123976,0.97420643004649,13.5410552620412
15.78,-49.3462576243236,-20.1698056228803,-30.9420008632077,0.978333239100344,13.5387834539677
15.8,-49.3789626571561,-20.1607314339921,-30.928704967559,0.987220987565822,13.5329962399872
15.82,-49.4149032843588,-20.1449580245504,-30.9118042688431,0.997447528396266,13.5262203436931
15.84,-49.4515189587173,-20.1278076784165,-30.8941729414052,1.007949354767,13.5192411431687
15.86,-49.4882664697417,-20.1104090484147,-30.87642033412,1.0185009363025,13.5122251965851
15.88,-49.5293850561431,-20.0718944020288,-30.8552879090454,1.01858232759093,13.5016135558725
15.9,-49.5989645384445,-19.8956288018108,-30.812032681136,0.950209501204375,13.4675513885037
15.92,-49.6840976859032,-19.6452740357117,-30.7565660194394,0.845118118080034,13.4209110165733
15.94,-49.7733195309837,-19.3768290845314,-30.6977499314383,0.731181321295268,13.371240605109
15.96,-49.8636861206726,-19.1046079676797,-30.6378712926851,0.61551812554552,13.3209788088162
15.98,-49.9799686196784,-18.7990733935292,-30.5819527054083,0.481496856842165,13.2625512139161
16,-50.3011596761774,-18.231882231585,-30.5612766195842,0.202432495180014,13.139363726682
16.02,-50.7431322342678,-17.5102954700328,-30.5586318442987,-0.160555225928596,12.9787033340147
16.04,-51.2173760174724,-16.7472551177912,-30.5575073609197,-0.54407390425909,12.8088755190441
16.06,-51.7007654337685,-15.9722927966203,-30.5537351861111,-0.931611716277604,12.6372530868183
16.08,-52.2169994639256,-15.1577399326792,-30.5319466756135,-1.32330306800735,12.4560183147679
16.1,-53.0218640700555,-14.0024377617162,-30.3609086923022,-1.74930903447719,12.182362750236
16.12,-54.0193311781601,-12.6252646888377,-30.0925173819853,-2.19683783601793,11.8506137098404
16.14,-55.0795952001406,-11.1821245119373,-29.7948498880622,-2.64972382755907,11.5044007746902
16.16,-56.1681320896656,-9.71454591626366,-29.4862389732176,-3.10366689617279,11.1553335402951
16.18,-57.3035873676114,-8.23715756591902,-29.1669505272873,-3.54084680781282,10.8118992169401
16.2,-58.7799161078923,-6.82618304845293,-28.8015054590807,-3.76441321215732,10.5457733154924
16.22,-60.5074224733067,-5.45531936459741,-28.4156644097265,-3.84159971468926,10.3326621429201
16.24,-62.3295117775816,-4.08219386410911,-28.0355721493232,-3.88153801156802,10.1330423950978
16.26,-64.2047071447739,-2.69489381500434,-27.6676238780973,-3.91408282091974,9.93610067653822
16.28,-66.126778207828,-1.2906075714811,-27.313106260985,-3.94530802110368,9.73963694737865
16.3,-67.8913602813853,0.323331662832788,-26.7979711840581,-4.03839988142049,9.43541755594095
16.32,-69.0198715040103,2.58699633095011,-25.6963402643981,-4.33855499274322,8.77151979445834
16.34,-69.9216512737342,5.11503915323857,-24.3306659342386,-4.72369633849916,7.96000947711771
16.36,-70.8187151060202,7.70210609345411,-22.8832743210995,-5.12809857655645,7.11504548823544
16.38,-71.7665868092029,10.2981042936129,-21.3991739636873,-5.53615317361621,6.26373787104784
16.4,-72.9334535468683,12.745130966463,-19.9938574435385,-5.87740163229039,5.4552859624897
16.42,-74.778349301729,14.6130842704871,-18.9957916830844,-5.95411356835223,4.81914392021695
16.44,-76.8740993753565,15.6508167229058,-18.0688024983469,-5.91591168825572,4.25788406720929
16.46,-77.6744136846483,15.8158840066833,-17.3381739991835,-5.85128603651522,3.71384428283478
16.48,-77.6429340069686,15.965881002975,-16.8182096231921,-5.78162262656659,3.17308765456681
16.5,-77.3171076294814,16.186111215255,-16.2172573226782,-5.71213898859607,2.62028826395187
16.52,-76.5459276402342,16.6498049947961,-15.0021099113531,-5.64737654737062,2.00968382619005
16.54,-75.5688489629789,17.2202396718982,-13.4970678117996,-5.58485373291979,1.37217310538789
16.56,-74.5322969998508,17.8099024890988,-11.9229060588694,-5.52285528166754,0.728383316519394
16.58,-73.4721952578206,18.3977094505763,-10.3340137102902,-5.46095781201435,0.0833859130622867
16.6,-72.3864487336211,18.9845869119301,-8.72761125443946,-5.40966999094626,-0.551535290373369
16.62,-71.234382999498,19.5914061476677,-7.04528836545796,-5.41640535196256,-1.13013823418431
16.64,-70.039811912148,20.2042130092919,-5.32406060549107,-5.45200929952769,-1.68070806309153
16.66,-68.8214258248863,20.8129482272517,-3.59180126989259,-5.49444559870919,-2.22464278399444
16.68,-67.5839168762697,21.4152831296233,-1.85542959615659,-5.53820245467072,-2.76729503358764
16.7,-66.355384340818,21.9982338613754,-0.153618292856485,-5.57737038557959,-3.3052353301624
16.72,-65.4536522009479,22.4170504936418,1.08210380089478,-5.55617798779426,-3.786920572162
16.74,-64.7804907547952,22.7248963566259,1.99743250786909,-5.49355460019381,-4.23003143711225
16.76,-64.1631406894293,23.0037229677363,2.83163334184572,-5.4203954251778,-4.66333410493948
16.78,-63.553864695745,23.2757090947436,3.65011370102258,-5.34513863108661,-5.09468606262893
16.8,-63.0171603712206,23.5127398156422,4.36723208722026,-5.26316781047316,-5.52383942432111
16.82,-62.600997827363,23.6949220777892,4.92083909226648,-5.17067421387028,-5.94988034143455
16.84,-62.2227716658268,23.8592956312556,5.42214933470206,-5.07481314622282,-6.37493154782017
16.86,-61.8515541639592,24.0195305564655,5.91249969576738,-4.97823613803487,-6.79977270061363
16.88,-61.4805324287239,24.1786162426883,6.40095937570088,-4.88153261887658,-7.22451698930355
16.9,-61.1933603717358,24.3010282922126,6.77792116897787,-4.80079164646027,-7.48821561948089
16.92,-61.045600083358,24.3637722146123,6.97150974490826,-4.74637410002217,-7.48668732564197
16.94,-60.9427438810892,24.4073517017597,7.10611807866972,-4.70042356262616,-7.39985418774774
16.96,-60.8493742971099,24.4468435873616,7.22820604106513,-4.65627168813456,-7.29489993609602
16.98,-60.7577216643568,24.4855464180279,7.34795192996385,-4.6124318218876,-7.18664329140768
17,-60.7514066694709,24.4882108134193,7.35619906205551,-4.51195871856544,-7.20366908349893
17.02,-60.8859634479458,24.4313754483431,7.18037480808496,-4.31760364084102,-7.42904663573636
17.04,-61.0652206379662,24.3554497781976,6.9458178450575,-4.09326370789383,-7.72098119033523
17.06,-61.2536766767198,24.2753694095749,6.69882583484712,-3.86255088194359,-8.02706224750926
17.08,-61.4435397568024,24.1944200869121,6.44957245810103,-3.63068347698208,-8.33570820392685
17.1,-61.6154367472987,24.1208945139597,6.22354191681573,-3.48419379663912,-8.45979414952146
17.12,-61.7574671746003,24.0599731485838,6.03652145427061,-3.4794457097947,-8.27746137464442
17.14,-61.8898593771108,24.0030458699784,5.86197741682627,-3.51994282735568,-7.99731665101716
17.16,-62.0200681583848,23.9469253580705,5.69010956231985,-3.57006944766812,-7.69635466638178
17.18,-62.1497306736688,23.8909089363129,5.51876164599371,-3.62198941904227,-7.39151577628227
17.2,-62.2793684519115,23.8347715786805,5.34724509733185,-3.66710015673869,-7.08980115820591
17.22,-62.4123361524647,23.7770547615093,5.17111281109524,-3.59361438362608,-6.85110849000023
17.24,-62.547747480928,23.7181333589279,4.99152397946385,-3.43127477840165,-6.65968082948326
17.26,-62.6836512976345,23.6588508082642,4.81105803153671,-3.24583197530084,-6.48054406800439
17.28,-62.8194998313188,23.5994442921687,4.63043989444979,-3.05576353368,-6.30386824148475
17.3,-62.9517355035827,23.5414752757409,4.45440852527681,-2.87085204235995,-6.13406122794628
17.32,-63.0260586809058,23.5088314703954,4.35537524996314,-2.78616096743115,-6.0721538200427
17.34,-63.0571255968469,23.4951731341326,4.31395935599782,-2.77656051604497,-6.0909578871521
17.36,-63.0769532016995,23.4864519689721,4.28752056001817,-2.7864824209313,-6.13074192666276
17.38,-63.0945285190126,23.4787187931614,4.26408097141478,-2.80031353690976,-6.1747267923454
17.4,-63.1068472476868,23.4732970260249,4.24764963206951,-2.81257598460734,-6.21381242629456
17.42,-63.0379089742044,23.503622357545,4.33957858406702,-2.78699933256361,-6.15847009445822
17.44,-62.9082329941459,23.5605614309916,4.51234266082617,-2.73311509555411,-6.03258380481923
17.46,-62.7624630726165,23.6244046382617,4.70630111864208,-2.67181646815495,-5.88822325444666
17.48,-62.613297053997,23.6895584452639,4.9045091612166,-2.60904122917426,-5.740183662645
17.5,-62.4700490198293,23.7519600313159,5.09459849232162,-2.54605726732816,-5.59074746489766
17.52,-62.4388434202494,23.7655321607576,5.13597515423303,-2.48396312993207,-5.42888283915956
17.54,-62.4914484201401,23.7426484070178,5.06621741761316,-2.42255950628053,-5.25780265417502
17.56,-62.5659145139234,23.710217268241,4.96741309843147,-2.36133713323927,-5.08431523979017
17.58,-62.6446936787797,23.6758595956205,4.86281265861271,-2.30015103249432,-4.91034691285508
17.6,-62.7241902511462,23.6411387299563,4.75718299484058,-2.23897142950974,-4.73629251125265
17.62,-62.8026710865572,23.6068117533775,4.6528272125388,-2.18406627011624,-4.56146441606998
17.64,-62.8768601428957,23.5743163549876,4.55410876381792,-2.15382226411715,-4.38364952233148
17.66,-62.9491520383971,23.5426091193942,4.45784961653369,-2.13428369212515,-4.20453869959181
17.68,-63.0209679274623,23.5110688146517,4.36216066395694,-2.11719871700832,-4.02513088807137
17.7,-63.0926489416354,23.4795459185187,4.26658786148947,-2.10058513998038,-3.84566601968611
17.72,-63.1185984897061,23.4681238588335,4.23197346648884,-2.07531071380345,-3.6790769461831
17.74,-62.9652197910803,23.5355560713208,4.43644613814509,-2.01574789015512,-3.56304205441084
17.76,-62.7334119480034,23.6371072289831,4.74492398016459,-1.94127573162292,-3.46898415845806
17.78,-62.4830832748337,23.746288305654,5.07731163564097,-1.86338799916326,-3.37996074885754
17.8,-62.2286510251158,23.8567493595595,5.4143701932504,-1.78484504176804,-3.29190311023637
17.82,-62.0060616113525,23.9529685438921,5.7086070320716,-1.71622058980307,-3.21548788904577
17.84,-61.9128264007328,23.9931567139294,5.83167720654914,-1.68689588551807,-3.18406528345815
17.86,-61.8760000748615,24.0090117565961,5.88025933823054,-1.67466578406533,-3.1721999376883
17.88,-61.8521330435953,24.0192817515068,5.9117366733355,-1.66636076516144,-3.16482454161147
17.9,-61.8307364675552,24.0284849597071,5.93995007126886,-1.65880481769406,-3.15830597104712
17.92,-61.8103479365909,24.0372512961626,5.96682922907191,-1.65367770822812,-3.14162260564032
17.94,-61.7922954419737,24.0450105427014,5.99062457400662,-1.6575456561124,-3.08469299933868
17.96,-61.7752400784414,24.0523388961807,6.01310203794554,-1.66532863454906,-3.01021277447707
17.98,-61.7584104187146,24.05956807222,6.03527867466038,-1.67400932631045,-2.93170676872734
18,-61.7416214930395,24.0667775746333,6.05739829736525,-1.68286146705804,-2.85243178820887
18.02,-61.7248556022592,24.0739750219494,6.07948425236901,-1.69184796211035,-2.77308607999632
18.04,-61.7138416726986,24.0787020296501,6.09399126289364,-1.73368032991253,-2.713584483254
18.06,-61.7112045110735,24.0798337196775,6.09746459047294,-1.82333154863347,-2.68300582986573
18.08,-61.7111442757105,24.0798595679644,6.09754392372839,-1.92769188802909,-2.6613245159283
18.1,-61.7116283077247,24.0796518586648,6.09690642600036,-2.03515887650674,-2.64152240668298
18.12,-61.7122309910377,24.07939323083,6.0961126538778,-2.14310807474262,-2.62207553977634
18.14,-61.718324332184,24.0767782545995,6.08808709574126,-2.22523394231027,-2.60563242581585
18.16,-61.7323857820681,24.0707426503351,6.06956504575948,-2.2696484161983,-2.59348507052425
18.18,-61.7488961492722,24.0636539573578,6.0478142541641,-2.30245708402159,-2.58265802341628
18.2,-61.7659225888454,24.0563414904889,6.02538021408692,-2.33280817756452,-2.57211045432117
18.22,-61.7829366621985,24.0490321042569,6.00295904674513,-2.36262922643335,-2.56158919597279
18.24,-61.7507054591694,24.0628769819708,6.04543043269891,-2.35505038341586,-2.53932691968431
18.26,-61.6469087165128,24.1074084012422,6.18212106446923,-2.29329149868313,-2.5000133094169
18.28,-61.5209656635509,24.1613305581804,6.34780654514976,-2.21487393798142,-2.45545614250861
18.3,-61.390177233735,24.2171991469222,6.51966956848112,-2.13292012389841,-2.40978584111918
18.32,-61.2583790882367,24.2733678391129,6.69265760885272,-2.05033108402209,-2.36392639920631
18.34,-61.1790359239724,24.3071185136861,6.79670007313228,-1.99755134502454,-2.35300657010951
18.36,-61.1870070551402,24.3037299311953,6.78625085495154,-1.99429836349127,-2.39999549809667
18.38,-61.2228707122327,24.2884781262983,6.73922869132109,-2.00686672801867,-2.46548091783985
18.4,-61.2646612017822,24.270693581087,6.68441681513462,-2.02280601455585,-2.53490708798487
18.42,-61.3075314789848,24.2524358551527,6.62816767349942,-2.03936832051137,-2.60506158196697
18.44,-61.3511681027899,24.2338374800613,6.57089105795593,-2.05667020977957,-2.67620447757296
18.46,-61.4046997904432,24.2110020380024,6.50059607718002,-2.08448321998664,-2.76169046638436
18.48,-61.4656116728269,24.1849919220499,6.42056914855136,-2.12016525039246,-2.85791626028618
18.5,-61.5284105396585,24.1581464426579,6.33801757582654,-2.15789282753986,-2.95693391674458
18.52,-61.5915534651883,24.1311236378395,6.25496725308067,-2.19602861178561,-3.05650871828455
18.54,-61.6540389927905,24.104352125902,6.17273544192652,-2.23324820289313,-3.15362823936522
18.56,-61.7009127408554,24.0842497320623,6.11101878802853,-2.24798980634281,-3.19269671359919
18.58,-61.7349182214359,24.069655489782,6.06622901542769,-2.24418544456067,-3.18387885244123
18.6,-61.7654959527589,24.0565247382636,6.02594237644634,-2.23544812886326,-3.16232419467755
18.62,-61.7953769254237,24.0436862515933,5.98656308513712,-2.22571803517886,-3.13820622046376
18.64,-61.8242266814538,24.031284286261,5.9485327679812,-2.21602055946277,-3.11379304952761
18.66,-61.8237367286616,24.0314949614756,5.9491787158421,-2.21324403988748,-3.09485587053491
18.68,-61.7964829370846,24.0432109157012,5.98510529914204,-2.21680722273572,-3.0809753955337
18.7,-61.7619260875024,24.0580580961054,6.03064631116651,-2.22209841019001,-3.06847422386797
18.72,-61.7258717052478,24.0735388808288,6.07814582131651,-2.22774133221725,-3.05625387622054
18.74,-61.6895674761548,24.0891168264198,6.12595896817044,-2.23348281975558,-3.0441271014827
18.76,-61.6630288972976,24.1004980052032,6.160900834581,-2.24996939232369,-3.04514362467983
18.78,-61.650804664899,24.1057385934621,6.17699299962486,-2.28211161195865,-3.06531590518749
18.8,-61.642979052142,24.10909287027,6.1872938313876,-2.31906224212341,-3.09137171789877
18.82,-61.6360815492241,24.1120489439868,6.19637239729237,-2.35702763644752,-3.11866919443954
18.84,-61.6293543744221,24.1149316683736,6.20522623583281,-2.39517964501561,-3.14619501244984
18.86,-61.6234013818956,24.1174823524898,6.21306070713557,-2.43327837736907,-3.17335771240162
18.88,-61.6269477346915,24.1159628763877,6.20839355891435,-2.47029788842783,-3.19540522684204
18.9,-61.636986728562,24.1116610305852,6.1951810225604,-2.50657664443658,-3.21395150735864
18.92,-61.6486764311731,24.1066508603576,6.17979445870758,-2.54266683806995,-3.23160682186795
18.94,-61.6606928081169,24.1014995854808,6.16397623201019,-2.57871956879581,-3.24908514311916
18.96,-61.6748359330055,24.0954351797465,6.14535619823835,-2.61429725879319,-3.26654438426544
18.98,-61.7150161743677,24.0781979870487,6.09244432076555,-2.64398198698565,-3.28415507835414
19,-61.7730115207363,24.0532962874264,6.01603881029534,-2.66962811901756,-3.30187237825592
19.02,-61.8355053274155,24.0264340538922,5.93366234299327,-2.69424693394484,-3.31961688012561
19.04,-61.8988594611211,23.9991712179827,5.85010461292179,-2.71866161754645,-3.33736679315848
19.06,-61.9609554156963,23.9724196209959,5.76816003844152,-2.74588404074083,-3.35650732254587
19.08,-62.0054856305913,23.9532170870011,5.70936774128723,-2.80935470162838,-3.39336174882803
19.1,-62.0380347280441,23.9391713623799,5.66637893619864,-2.89754469079324,-3.44229445047325
19.12,-62.0675127513665,23.926443749485,5.62743529658342,-2.99206004756431,-3.49431778247249
19.14,-62.0963752543291,23.9139753257857,5.58929476786485,-3.0878295800706,-3.54695391220164
19.16,-62.1234086117561,23.9022911798918,5.55356234391572,-3.17889570716552,-3.59579325647794
19.18,-62.1285721706071,23.900058776834,5.54673620837127,-3.20714078805175,-3.59481798769776
19.2,-62.1188314694243,23.9042698775982,5.55961297898272,-3.19251851060041,-3.55985655120454
19.22,-62.1052820373504,23.9101263374603,5.57752283673298,-3.16694495091888,-3.51621288097695
19.24,-62.0909733687805,23.9163094031933,5.59643388126717,-3.13919345501849,-3.47084254454266
19.26,-62.0758106223768,23.922859787657,5.61647104619142,-3.11114325152336,-3.42684325615408
19.28,-62.0515167396121,23.9333511291131,5.64856903916786,-3.08416102378347,-3.4041051734812
19.3,-62.0209801704777,23.9465318545899,5.68890511335811,-3.05794363887258,-3.39594229469123
19.32,-61.9888469937934,23.9603938853468,5.73133814452307,-3.03192188513125,-3.39148876034344
19.34,-61.9563884874619,23.9743881194333,5.77418831769888,-3.00593899855517,-3.38777084872849
19.36,-61.9238627191728,23.9884031456525,5.81711471568014,-2.97996309365838,-3.38418495337724
19.38,-61.8910181734654,24.0025472002095,5.86044906362124,-2.96890845427559,-3.37998175911463
19.4,-61.8571591442007,24.0171193849234,5.90510849954933,-3.00791970964129,-3.3736363710156
19.42,-61.8228780203963,24.0318641856021,5.95031080721402,-3.06741866239074,-3.36641346324841
19.44,-61.7884922661819,24.046644876489,5.99563710643386,-3.13154333124627,-3.35899238830412
19.46,-61.754076851298,24.0614291969711,6.0409885172602,-3.1965487009654,-3.35153358056576
19.48,-61.7457405679161,24.065008957541,6.05197166538982,-3.24610602033867,-3.34203892836929
19.5,-61.8248915909482,24.030998364494,5.94765613359571,-3.24335335747372,-3.32573617249373
19.52,-61.9397266392304,23.9815685205834,5.79617955470736,-3.21918986419349,-3.30664790719321
19.54,-62.0624990875127,23.9286087838549,5.63405935112445,-3.19018475340146,-3.28692980570266
19.56,-62.1866472635669,23.8749362703836,5.46993986300667,-3.160261066011,-3.26709221242205
19.58,-62.2884481532723,23.8308348407828,5.33522470806513,-3.1337020194844,-3.25470591727643
19.6,-62.3148598890968,23.8193796195282,5.30025316662859,-3.11894868492132,-3.26739379111106
19.62,-62.3104644576104,23.8212863762285,5.30607370290949,-3.10902891192668,-3.29033451218188
19.64,-62.2990930584623,23.826218630905,5.32113090476387,-3.10020383176724,-3.31559667902043
19.66,-62.2863957095855,23.8317248008806,5.33794199441546,-3.0915866058745,-3.34129958125202
19.68,-62.2907554516422,23.8298343390847,5.33216996058194,-3.08777527026821,-3.35796642080049
19.7,-62.3527247367901,23.8029473519941,5.25010194277579,-3.09988073830268,-3.34424802649465
19.72,-62.4383077056436,23.7657650701992,5.13668534559815,-3.11852404586878,-3.31804283818605
19.74,-62.5291537747001,23.7262326654771,5.0161970103476,-3.13864429789062,-3.2890165213824
19.76,-62.6209269522115,23.686230123426,4.89437732734439,-3.15904488289081,-3.25945471538303
19.78,-62.712741461538,23.6461421302385,4.77239999518663,-3.17929816835794,-3.22983975604509
19.8,-62.7979432073611,23.6088810802182,4.65911597108092,-3.17242249347936,-3.20575223532966
19.82,-62.8746454517163,23.5752870446258,4.55705667584905,-3.13062399948089,-3.18879559939635
19.84,-62.9487858320041,23.5427698921498,4.45833746801259,-3.07845370891875,-3.17395709279673
19.86,-63.0223464531065,23.510462997275,4.36032329161593,-3.02411505941555,-3.15956142784796
19.88,-63.0956393471253,23.478229875925,4.26259926994769,-2.9695489527424,-3.14526675228058
19.9,-63.1531807094567,23.4528934704057,4.18583089096338,-2.93791712347479,-3.13369248616165
19.92,-63.1904947681003,23.4364489764328,4.13602660165518,-2.93590542530159,-3.12560720298429
19.94,-63.2218036500565,23.4226421987383,4.09422426862071,-2.94268553890506,-3.11855701625699
19.96,-63.2518508091863,23.4093842653597,4.05409506868985,-2.95130292399333,-3.11172310871732
19.98,-63.2816112677959,23.3962455303585,4.01433768816688,-2.96031204962577,-3.10496611012393
20,-63.3025669488838,23.3869895889356,3.98633610254332,-2.97944958951346,-3.10498953032193
20.02,-63.3122812701423,23.3826976316144,3.97335368649253,-3.01151439128265,-3.11370248903775
20.04,-63.3186673710216,23.3798757182321,3.96481853162987,-3.04740680744178,-3.1249890390352
20.06,-63.3243521314251,23.3773634327508,3.95722030367542,-3.08410556446984,-3.13681779682015
20.08,-63.3298415599387,23.3749372184114,3.9498827726585,-3.12080799224656,-3.14877502453113
20.1,-63.3227018325903,23.3780927818743,3.95942612734139,-3.13075174220917,-3.16631415645525
20.12,-63.2993938310915,23.388391350728,3.99057645279465,-3.10636658368695,-3.19098967480935
20.14,-63.2712880758284,23.4008038670767,4.0281298225126,-3.07180846838623,-3.21777947769338
20.16,-63.2421643961162,23.4136590821681,4.06703289229153,-3.03510767710297,-3.24501457027477
20.18,-63.2128478786147,23.4265923871781,4.10618288936116,-2.99801666243993,-3.27233075614179
20.2,-63.1862917507825,23.4383018369557,4.14163737026933,-2.96492315543234,-3.29829590654932
20.22,-63.1877961716675,23.4376386437384,4.13962908636714,-2.97254920337218,-3.31058451384344
20.24,-63.2068983702448,23.4292162188753,4.11412670469503,-3.0057133757832,-3.31429624228085
20.26,-63.2303862693056,23.4188559741648,4.08276296861805,-3.04524975857898,-3.31586790967036
20.28,-63.2547323097953,23.4081124503623,4.05024611779406,-3.08604062474263,-3.31701826936275
20.3,-63.2778478997436,23.3979073961739,4.01936583132215,-3.12627914880725,-3.31796340929887
20.32,-63.2833850598171,23.3954622030885,4.01196771020172,-3.15663553115761,-3.31724041113963
20.34,-63.2768925718144,23.398329240772,4.0206421930371,-3.18021583798974,-3.3153834658317
20.36,-63.2673395288739,23.4025471677093,4.03340486547324,-3.20207229011708,-3.31323833665802
20.38,-63.2571782879519,23.4070328094999,4.04697883284393,-3.22358668002871,-3.3110360447723
20.4,-63.2483933996146,23.4109101822276,4.05871315305297,-3.24527450119064,-3.30759062293977
20.42,-63.264302292675,23.4038880321043,4.03746231270823,-3.27085720465884,-3.28364733803195
20.44,-63.2987155922019,23.388690969314,3.99148280551183,-3.2993643880476,-3.24434604693436
20.46,-63.3379274182868,23.3713629686065,3.9390739749215,-3.32863229540095,-3.20105071294141
20.48,-63.3780836814746,23.3536044985567,3.8853829682481,-3.35805217115715,-3.15695756143479
20.5,-63.4165876284976,23.3365642520223,3.83388227001731,-3.3866426753149,-3.11345452514748
20.52,-63.4143072051979,23.3375738143794,3.8369329529098,-3.39590433444746,-3.0864857041572
20.54,-63.3783629648376,23.3534809531667,3.88500949619673,-3.38921843053562,-3.0731721352989
20.56,-63.3334397526003,23.3733467523927,3.94507298111872,-3.378288086276,-3.06349326396622
20.58,-63.2866861733499,23.3940043184667,4.0075569527891,-3.36650172529554,-3.05454746114822
20.6,-63.2395839242342,23.4147977484699,4.07047931630716,-3.35456135933801,-3.04573354605429
20.62,-63.191912267359,23.4358240351245,4.13413425157487,-3.3392526742735,-3.03573211592428
20.64,-63.1419518992062,23.4578398277948,4.20081495552886,-3.30859785564694,-3.0201814474077
20.66,-63.0909134051325,23.4803096483082,4.26890262301086,-3.27080182983217,-3.00204689547152
20.68,-63.039602717218,23.5028779041715,4.33732090885715,-3.23134339346542,-2.98331077425824
20.7,-62.9882173575556,23.5254575134069,4.40580611098974,-3.1915654765453,-2.96445903899866
20.72,-62.9448598631442,23.5444928996561,4.46356666854481,-3.15512477076349,-2.94432798452786
20.74,-62.945328296078,23.5442873267618,4.46294275430056,-3.13712142600525,-2.91734824508209
20.76,-62.9676901456429,23.5344715538679,4.43315522559582,-3.12833057669251,-2.88694877333877
20.78,-62.9952174989124,23.5223828071124,4.39647842600903,-3.12171643507066,-2.85574138312783
20.8,-63.0237358668647,23.5098523644006,4.35847136063271,-3.11552295389734,-2.82437786512697
20.82,-63.0551339218826,23.4960489956418,4.31661485503771,-3.11288454926706,-2.78876390286782
20.84,-63.1212402719145,23.4669606979446,4.22844904224708,-3.15479973278463,-2.69911141474233
20.86,-63.2109434418591,23.4274322187368,4.10872561762573,-3.22709830468854,-2.5726018563207
20.88,-63.3065850854204,23.3852143624662,3.98096626923571,-3.3071457067215,-2.43669228915683
20.9,-63.4033293496066,23.3424331706231,3.85161784657101,-3.38873716659527,-2.29890963297987
20.92,-63.5009575743349,23.299182705011,3.72096879919429,-3.46731865295187,-2.16450000284552
20.94,-63.6083656539405,23.251508226795,3.5770936431447,-3.50386917871168,-2.07751227259504
20.96,-63.7223736131807,23.2007989870279,3.42421850233178,-3.51168589667975,-2.0229458258024
20.98,-63.8379490177015,23.1492816823895,3.26907395241061,-3.51220215523913,-1.97661678434298
21,-63.9537226418223,23.0975631718027,3.11349290732565,-3.51125871387112,-1.93193478612471
21.02,-64.0694137480045,23.0457682368387,2.95785183755925,-3.51005583258243,-1.8875455257204
21.04,-64.1768647311379,22.9975604923089,2.81314271423945,-3.51762614658192,-1.84348254080747
21.06,-64.2570263504605,22.961531880192,2.70508871510766,-3.55476306454777,-1.80035695328015
21.08,-64.3260119631963,22.9304822029829,2.61203303220744,-3.60399786249038,-1.75761286701738
21.1,-64.3924353033654,22.9005470873443,2.52237543651518,-3.6559696194392,-1.71495499675366
21.12,-64.4583350570564,22.8708104130254,2.43336815704749,-3.70846071728105,-1.6723134785811
21.14,-64.537229783322,22.8351604097122,2.32673493733721,-3.75868368854905,-1.64313389576304
21.16,-64.6600326416875,22.7795622291151,2.16059457407125,-3.80100601029007,-1.65911522218555
21.18,-64.8006319499194,22.7157452786353,1.97013499926911,-3.84009315772125,-1.69356767480609
21.2,-64.9450758661815,22.6500022852189,1.77419618370722,-3.87844765295444,-1.73220221434242
21.22,-65.0900596192478,22.583828774725,1.57724846216914,-3.91666356477165,-1.77162773059011
21.24,-65.253773415073,22.5088816273215,1.35452146959336,-3.99360767971445,-1.80687131125462
21.26,-65.4803842214787,22.4047442786559,1.04563364245709,-4.20087409395306,-1.82760653931448
21.28,-65.732152523653,22.2885013253155,0.701642676578791,-4.46136254886768,-1.84241115591434
21.3,-65.9890237510713,22.1693050280472,0.349791441270374,-4.73389830488297,-1.85587307224665
21.32,-66.2462582642795,22.0493289114538,-0.00346433116702843,-5.00871984945755,-1.86908021167854
21.34,-66.5059582024217,21.9275743285472,-0.361036407333184,-5.25659964043097,-1.86546077700189
21.36,-66.7749550824167,21.8007902990302,-0.732399949051437,-5.41344012594666,-1.80591099388394
21.38,-67.0472472112866,21.6717468628983,-1.10935358324128,-5.53280550694938,-1.72335017363204
21.4,-67.3196191139388,21.5419470265078,-1.48747409854532,-5.64371998288223,-1.63560074085603
21.42,-67.5913152286174,21.4117444443666,-1.86571943030375,-5.75303097103472,-1.54686685616168
21.44,-67.9513927276882,21.238053484994,-2.36866485062673,-5.85483965563299,-1.3977177271921
21.46,-68.6053118873321,20.9192712226949,-3.28692084273106,-5.93253395464742,-1.04779943568749
21.48,-69.3744077377549,20.5386471321533,-4.375161177867,-6.00032539616211,-0.61534397852851
21.5,-70.1633413456167,20.1415936723409,-5.50098305653361,-6.06587988511566,-0.164240188961496
21.52,-70.9529166959366,19.7372714804579,-6.63763678255163,-6.13114131808207,0.289304993934881
21.54,-71.8060379109025,19.2923035340177,-7.87724699250579,-6.19931064634275,0.718563396270762
21.56,-72.7075553876709,18.812574382797,-9.20053858447372,-6.26992764166182,1.12737955216983
21.58,-73.6137930301861,18.3200532142661,-10.5450506288718,-6.34119632281069,1.53075302429186
21.6,-74.5124022868874,17.8210928251892,-11.8928147477253,-6.41259643314468,1.93302884068992
21.62,-75.3942781411725,17.3207037504291,-13.2300871429273,-6.48485146628664,2.33203180735637
21.64,-76.1178713371869,16.901877697884,-14.338469445042,-6.57594037798465,2.66135663191685
21.66,-76.7133332591196,16.551439985471,-15.2583074151222,-6.68255740469484,2.93324572400334
21.68,-77.2719182077936,16.2178169939693,-16.1276660581416,-6.79330709342397,3.18984916241408
21.7,-77.8197386667992,15.8858994515227,-16.986495152909,-6.90489002574943,3.44337066964328
21.72,-78.3767649657838,15.4623597778394,-17.8178049019459,-7.01333838689109,3.70012059215491
21.74,-78.4064374432715,14.1522997847084,-18.5647732954532,-7.04664483344515,4.04334686324669
21.76,-77.7194285207621,12.5640200177414,-19.4210343633709,-7.01800694945788,4.45790388589263
21.78,-76.8502326960704,10.9329559036051,-20.3142511268123,-6.97291695590046,4.89140713383595
21.8,-75.9724106636514,9.29329048640375,-21.209429518806,-6.92449367629917,5.32874906712624
21.82,-75.1265587429357,7.66503019132981,-22.0885937582254,-6.87663566764521,5.76236507375433
21.84,-74.4243424497386,6.36229985416719,-22.7466879725078,-6.85510660309573,6.09581204756878
21.86,-73.8321557989396,5.32968647615278,-23.2248864926239,-6.85535303040959,6.34659122860347
21.88,-73.276163916034,4.36991078755366,-23.6535581021197,-6.86139469512477,6.57537424214036
21.9,-72.7358388551664,3.42580850267355,-24.0700854213103,-6.86860505157439,6.79972173956225
21.92,-72.2068192497908,2.48557362561054,-24.4821344415455,-6.87602566996437,7.02327126260651
21.94,-71.6924499860567,1.58434390695824,-24.862275278312,-6.87256034807838,7.23588214887844
21.96,-71.206092711499,0.856972685438594,-25.1072551894273,-6.81860818689005,7.39852556484202
21.98,-70.734312796888,0.211320491815584,-25.2894496827367,-6.74124364479055,7.53800592846726
22,-70.2695112273036,-0.413850252557805,-25.4563083218446,-6.65842451594447,7.67209013451391
22.02,-69.8098755270861,-1.03358671703536,-25.619419732599,-6.57455866073412,7.80513885344318
22.04,-69.4107677048772,-1.69200669805179,-25.7907719981023,-6.47445842390059,7.94715747691636
22.06,-69.3219167719388,-2.57312820016559,-26.0121610457936,-6.2863237411613,8.13932323644321
22.08,-69.390186662375,-3.56165213338279,-26.2537849932206,-6.0543896770745,8.35645450589006
22.1,-69.4996025092842,-4.57130369765579,-26.4949401746519,-5.81212151793915,8.57947678776757
22.12,-69.6212161752129,-5.58078591778261,-26.7306165171765,-5.56784261048445,8.80364535613153
22.14,-69.7318076402304,-6.51696417983939,-26.9375029984079,-5.34951540089652,9.0073891605108
22.16,-69.7501103649218,-7.07128294879288,-27.0176355942804,-5.27562005383193,9.09786845988138
22.18,-69.721501328918,-7.43664441566027,-27.0358592042845,-5.2735061920913,9.13206041871426
22.2,-69.6819408955792,-7.75692233386507,-27.0390158195566,-5.28838738935806,9.15292588949784
22.22,-69.6405386815293,-8.06800748691719,-27.0386794908413,-5.30655510224831,9.1712142877989
22.24,-69.559902302852,-8.37090552540967,-27.0088854497267,-5.31418139159577,9.18274369063612
22.26,-69.2202524427169,-8.63242318613126,-26.791865800545,-5.2484381794824,9.15252924246155
22.28,-68.7417953058065,-8.8706783572195,-26.4749892855989,-5.1434415013816,9.10003048027436
22.3,-68.2296338782201,-9.10178905570377,-26.1341807078828,-5.02900222287092,9.04217287461521
22.32,-67.7105807171366,-9.32992499478073,-25.7887553096124,-4.91271636609349,8.98326743694707
22.34,-67.1900252076147,-9.55594977388149,-25.4425854685542,-4.79610594690431,8.92417784052508
22.36,-66.8840239648611,-9.81395173973708,-25.2591264264122,-4.70890904819896,8.93122444647404
22.38,-67.0458193080047,-10.1447398727641,-25.4291048448775,-4.68575625113516,9.08209087115745
22.4,-67.3712536272809,-10.5005846637051,-25.7221188265218,-4.68491416824888,9.2830562726593
22.42,-67.7330586484082,-10.8613355273529,-26.0419471098067,-4.68894022875733,9.49495300111616
22.44,-68.1023080400885,-11.2224284777896,-26.3667104594745,-4.69387273282525,9.70888511965447
22.46,-68.3512823109249,-11.5523613017087,-26.5971398178267,-4.71707724812944,9.88168161396912
22.48,-68.2945790435367,-11.8050466019054,-26.5889911170894,-4.78569659375774,9.95057624823147
22.5,-68.126221458975,-12.0291954981307,-26.4934693558097,-4.87088293680755,9.98154422795809
22.52,-67.9331037063295,-12.2465508723747,-26.3782727088453,-4.95974580993244,10.0040943536363
22.54,-67.7353991425741,-12.4621722922875,-26.2590988452025,-5.04929554908077,10.0250717167739
22.56,-67.5556465221305,-12.6543750316513,-26.1450577003391,-5.13733644945008,10.0574890896507
22.58,-67.4297914564256,-12.7807519427763,-26.0483910165518,-5.22069341198128,10.1237049317955
22.6,-67.3247342655201,-12.8816959954577,-25.9584440884993,-5.30223583618525,10.2029923002876
22.62,-67.2242556330059,-12.9768974548129,-25.8699245500999,-5.38337399710953,10.2851908533603
22.64,-67.1245927429004,-13.0709160043078,-25.7815982461173,-5.46443527821944,10.3679429488086
22.66,-67.0477220182344,-13.1385084383209,-25.666600795235,-5.54782338221884,10.4282012369803
22.68,-67.046928242164,-13.1185420260994,-25.462127171265,-5.63906897049631,10.4126045535415
22.7,-67.077026144743,-13.0633938782818,-25.2211015634837,-5.73352687144881,10.3659980257881
22.72,-67.11390618561,-13.0009163334133,-24.9718186463239,-5.82871151795921,10.3123759691667
22.74,-67.1518564033895,-12.9376787812922,-24.7209729840743,-5.92403425523845,10.2574208789847
22.76,-67.1902229121403,-12.8738148399008,-24.4696105003273,-6.01951873388626,10.2020784139675
22.78,-67.2945082783324,-12.6468511655364,-24.182309349553,-6.13492867792809,10.1242352341745
22.8,-67.4849056299175,-12.2110528468545,-23.8486241672348,-6.2758604676187,10.0176096937408
22.82,-67.703232572738,-11.7137715107166,-23.5004116533464,-6.42440567533284,9.9023988645832
22.84,-67.9297221255522,-11.2045134713779,-23.1484557066411,-6.57454639923978,9.78538889548679
22.86,-68.1600624704659,-10.6940275737827,-22.7951257439533,-6.72497832890113,9.66805056039764
22.88,-68.4972979250354,-10.0209347251683,-22.488015067533,-6.89733715538525,9.54001196686397
22.9,-69.0681674210639,-8.99002461472449,-22.2795516244291,-7.11727386318657,9.3888192185711
22.92,-69.7304758975607,-7.82883048646922,-22.0996462464787,-7.35378119756509,9.22956322751554
22.94,-70.4238677728156,-6.63333074504636,-21.9198453982087,-7.59390036887031,9.06854977370116
22.96,-71.1348412118528,-5.42538523305156,-21.7339096994791,-7.83469442385787,8.90720763048247
22.98,-71.873998204501,-4.20795360816704,-21.6020726671303,-8.08984192155592,8.7296886562327
23,-72.6546610234475,-2.97835068814197,-21.5950841711583,-8.37590108283892,8.51718177561279
23.02,-73.4575037764374,-1.7364251930143,-21.6255374552623,-8.67275544322059,8.2924538082699
23.04,-74.2750916098928,-0.482398584360982,-21.6569476572331,-8.97195577024955,8.06506988332744
23.06,-75.1061982053633,0.783853915475585,-21.6811167221143,-9.27158829414685,7.83718929264777
23.08,-75.9794932875865,1.90027087715326,-21.8422609707732,-9.4338608622766,7.60528013153217
23.1,-76.9207640947304,2.67411827331097,-22.3154224996649,-9.29690590303301,7.36477187268457
23.12,-77.8827162394823,3.33411332409277,-22.8963766546808,-9.05591425030278,7.12127657834923
23.14,-78.847515788002,3.97616758873059,-23.499111636122,-8.79219558778476,6.87712890397774
23.16,-79.811258688542,4.62235955755357,-24.10391522634,-8.52423887811183,6.63285958829749
23.18,-80.7693446283756,5.26240305688854,-24.7242714519351,-8.25520812333455,6.39002005747209
23.2,-81.5935886856437,5.42632693790478,-25.907585455237,-7.97485658503009,6.19461165593198
23.22,-82.2766320246046,5.13602616257654,-27.6035064871232,-7.68426725032163,6.04247980948841
23.24,-82.8983117838519,4.70058484606204,-29.4365204664092,-7.39088758924299,5.90215258837852
23.26,-83.4848450523843,4.21429994240508,-31.2948671708933,-7.09694199384132,5.76422022214749
23.28,-84.0257370821469,3.68272269280068,-33.1586266315262,-6.8067232311937,5.62761530430443
23.3,-84.0283085762002,2.68022832414777,-35.1130468213959,-6.63584464048338,5.51886149578124
23.32,-83.5641415669249,1.22392424665398,-37.1521832195807,-6.57428810364818,5.43556245557704
23.34,-82.9900294150513,-0.399321003813131,-39.2162367685882,-6.54251479106411,5.35919674852159
23.36,-82.4089900084084,-2.10107958362133,-41.287228479901,-6.51680305656384,5.28424203868722
23.38,-81.8359484204176,-3.87849802854907,-43.359991920396,-6.4921434154729,5.21281229468327
23.4,-81.1071127269578,-6.26713778982515,-45.3853914290492,-6.46629249302584,5.24868504964714
23.42,-80.2733391432619,-9.1916004587548,-47.3516071351495,-6.43921548281366,5.38244409450163
23.44,-79.4648307331045,-12.2643797856916,-49.2809822630509,-6.41180104269613,5.54286638394374
23.46,-78.714628472406,-15.3701707277367,-51.1803613803586,-6.38431773780617,5.70871194555649
23.48,-78.0223820253524,-18.4772511861906,-53.0283518788392,-6.35377219337139,5.87765201909457
23.5,-77.2262636409872,-21.3729649212235,-54.141899422742,-6.22334164616992,6.11581206717746
23.52,-76.325346884945,-24.0399187858678,-54.5772207398643,-6.00177490549162,6.41700580064054
23.54,-75.4190256671877,-26.6065642145436,-54.7986729826764,-5.7553644055769,6.73537947597451
23.56,-74.5375152339934,-29.1167271936602,-54.9454557171693,-5.5039079422458,7.0572423275944
23.58,-73.6866603240558,-31.58205650675,-55.0463942615861,-5.25153286472799,7.37974036276488
23.6,-72.8724544617839,-33.9744652662125,-54.9377288844341,-4.95501300288776,7.70949938914433
23.62,-72.0989808724509,-36.1472146505867,-53.8555198132012,-4.41724489459314,8.07850606108817
23.64,-71.3133028249525,-38.1957709573412,-52.2566746033016,-3.7594461904035,8.46703549046656
23.66,-70.4947611387723,-40.1948620462479,-50.4914056594707,-3.0732720611654,8.86017995894506
23.68,-69.6406271132071,-42.1655918101819,-48.6472441777882,-2.38162137469531,9.25421513300221
23.7,-68.6593127940179,-44.005170599096,-46.6910711277929,-1.76748729202323,9.63931241753114
23.72,-67.1327680000994,-45.230625170769,-44.4198726443742,-1.58470445779038,9.97442881029395
23.74,-65.3059672002863,-46.153519651277,-41.9956569966115,-1.61631756168306,10.2847005061876
23.76,-63.3705156460757,-47.0033105972176,-39.5267707553296,-1.69864081735208,10.5890956960894
23.78,-61.3762227322076,-47.8372241674183,-37.0399380142204,-1.7907676882052,10.8923547943066
23.8,-59.3036055382085,-48.5704611150906,-34.5018640144249,-1.87128092571577,11.1779283485413
23.82,-57.016147542643,-48.7865620459539,-31.7484933371447,-1.88016055484014,11.3691766172608
23.84,-54.594577021594,-48.7504798513056,-28.8979810725678,-1.85300837553281,11.5131193971042
23.86,-52.1048750245668,-48.6610561480137,-26.0357452547416,-1.81735365270677,11.6459046826883
23.88,-49.5654020680791,-48.5662887049286,-23.1845861392775,-1.78005749847222,11.7765364022045
23.9,-47.0242003770872,-48.3745075447127,-20.3950097762112,-1.7516004039785,11.921940672239
23.92,-44.68212682023,-47.642518288951,-17.8629811489952,-1.77296816726026,12.1500658874887
23.94,-42.4349868853002,-46.646173916774,-15.4639544573637,-1.81919227371117,12.4194528063628
23.96,-40.1967435530234,-45.5929156365155,-13.1058348265706,-1.87128608938853,12.6985832677956
23.98,-37.945592291278,-44.5336855803303,-10.7668621894709,-1.92451517691221,12.9795982300482
24,-35.8128389826165,-43.4500278576758,-8.51166613648704,-1.98457204540573,13.2483506522732
24.02,-34.3952482690677,-42.2283124635855,-6.62505382529403,-2.08025110536789,13.4495325512557
24.04,-33.3396711479484,-40.9514805844498,-4.91030174976776,-2.19384960701077,13.6166835721654
24.06,-32.3671974602623,-39.6780338825702,-3.22515426004813,-2.3116561479327,13.7758415499655
24.08,-31.4079442023817,-38.4222568831224,-1.53521647463284,-2.43027732567978,13.9334520321871
24.1,-30.44768881425,-37.1870578348217,0.166096545439708,-2.54904467182716,14.0907779142591
24.12,-29.7382556525676,-35.8834653325286,1.7500424874589,-2.67991422945244,14.1981921376328
24.14,-29.5099857930329,-34.4332340424274,3.10784482832997,-2.83351191592354,14.2117803997889
24.16,-29.4496306110195,-32.9482957041656,4.40540054800661,-2.9947470517578,14.1938383184485
24.18,-29.4309138472081,-31.4731257344764,5.70735675205957,-3.1576192642201,14.1691376682017
24.2,-29.4251806968176,-30.0177656873611,7.02784156844307,-3.32079523827401,14.1431834344807
24.22,-29.7185764658948,-28.522413000928,8.12872963457715,-3.48059367875786,14.117215228105
24.24,-30.5783953546218,-26.9218270114798,8.79286742850873,-3.63391521377362,14.091594591394
24.26,-31.6443560872238,-25.2846277498749,9.32001207860981,-3.78507227392233,14.0660962292681
24.28,-32.773896952434,-23.6398042911538,9.82871537763698,-3.93576451045026,14.0406244607801
24.3,-33.9363079446203,-21.9939263982941,10.3453758242635,-4.08636955947563,14.015158092335
24.32,-35.2242619591159,-20.2974601769791,10.5737671414524,-4.37363526751774,13.9145301035385
24.34,-36.7232501606016,-18.4951369204278,10.2492519107314,-4.91935568573449,13.6717679516458
24.36,-38.3102985463021,-16.6428248647219,9.7549936268861,-5.55135826310019,13.3815561383778
24.38,-39.938710540178,-14.7636828477303,9.24143651573089,-6.20187530114567,13.0811625690277
24.4,-41.6002265421086,-12.8618950294689,8.74238358311498,-6.85585586989846,12.7788642827448
24.42,-43.6201151406751,-11.2488829015777,7.95507250024113,-7.40463267161026,12.46418248751
24.44,-46.3775118942634,-10.2810184500501,6.4864604813285,-7.72317995185525,12.123197386009
24.46,-49.40910443498,-9.50641962388458,4.75231805436735,-7.96158732217016,11.7730686400916
24.48,-52.5228639008601,-8.7387092127824,2.93563110671161,-8.18253679923191,11.420948660389
24.5,-55.6757793155239,-7.93559294682127,1.08107510385453,-8.40022557336612,11.0684568213576
24.52,-58.8366983953826,-7.08092407898487,-0.799741013377724,-8.6192391895788,10.7129838776045
24.54,-61.2674039169361,-5.94880013084316,-2.66744577220924,-8.89854161158687,10.2641809673538
24.56,-62.9927689692791,-4.58394455804254,-4.4852549045517,-9.23296365010119,9.73016612025348
24.58,-64.4989095760922,-3.15018996642809,-6.26017195792228,-9.58244333593012,9.1728758411899
24.6,-65.9334874407253,-1.69342272175084,-7.99805919476107,-9.93497980346549,8.61086071947878
24.62,-67.3308527615467,-0.233600031320777,-9.71403446959702,-10.2849717043565,8.05184846633145
24.64,-68.9001484441082,0.641597184983918,-12.0483206674358,-10.480766286306,7.68483568987144
24.66,-70.6012356558139,0.886253899112106,-15.0189904008602,-10.5197548505461,7.51309466243371
24.68,-72.2578012578956,0.915748851376117,-18.1523773317572,-10.5148336187941,7.39603540208999
24.7,-73.8202880294645,0.860658562501641,-21.3032812414553,-10.5009133280818,7.29018289035271
24.72,-75.2723701123223,0.738399541438799,-24.443006534931,-10.483866525425,7.18764044353558
24.74,-76.1138160124907,-0.0977745386801836,-27.5756599373997,-10.3539986251524,7.18146613827526
24.76,-76.3248469180659,-1.77589126797096,-30.7064987821585,-10.0954315936228,7.28511651506442
24.78,-76.355246469303,-3.77458155063897,-33.8310953908493,-9.79984825475491,7.42035222837738
24.8,-76.3443867135975,-5.92155343443082,-36.9485042873773,-9.49660585065974,7.56212313561077
24.82,-76.3229915130113,-8.17896594403916,-40.0572662459516,-9.19239475972892,7.70604988013362
24.84,-76.3451962140377,-10.6945634718425,-42.8391506983189,-8.96045933296112,8.01185205682042
24.86,-76.4511288555187,-13.4635494191253,-45.1905531350483,-8.82129880864371,8.52462108381183
24.88,-76.6129183372939,-16.3130735443484,-47.389255569862,-8.70982212956574,9.0991319408016
24.9,-76.8177579399843,-19.1892625135173,-49.5299306717317,-8.6041138500961,9.68650673152622
24.92,-77.0625038642595,-22.0795030381052,-51.6323470515655,-8.49946220441262,10.2762377998574
24.94,-77.3230110657569,-24.9764435996662,-53.6726410407362,-8.39950200577515,10.8627730635805
24.96,-76.8846026399503,-27.7642050469076,-54.8369279408273,-8.44167650653725,11.3360300831712
24.98,-75.8147428969564,-30.4142537848574,-55.1961743509846,-8.61385513493022,11.7056092658166
25,-74.6021907779086,-32.9882398816022,-55.3102830581261,-8.82147674974374,12.0469211219501
25.02,-73.3916105656854,-35.5108971076985,-55.3461495233594,-9.03631273812781,12.3824790889221
25.04,-72.2173638732545,-37.9827646791944,-55.3205630534474,-9.24953667674594,12.7169911859755
25.06,-71.2342460451605,-40.1552639937557,-54.6731853054776,-9.36876903962312,13.0510639587833
25.08,-70.3934797646991,-42.0590669649932,-53.4523797915274,-9.40218993071072,13.3848680484868
25.1,-69.5738765838647,-43.8739931841798,-52.043282958477,-9.41213088550492,13.718601919379
25.12,-68.7423281020126,-45.6550569904401,-50.561582250093,-9.41729327929541,14.0523217220472
25.14,-67.885957739633,-47.3947775335883,-49.0232666564208,-9.42115052452002,14.3873365297445
25.16,-66.7949627506807,-48.4551667548487,-47.1885324745761,-9.41054326841434,14.7641871434313
25.18,-65.4742080623477,-48.9113037319838,-45.1052123987517,-9.38683218017463,15.1792546359991
25.2,-64.0619166252363,-49.2113225641514,-42.952085610239,-9.35955297967521,15.6047363442507
25.22,-62.6012344654936,-49.4871975864901,-40.7806226249745,-9.33154854920725,16.0323353063687
25.24,-61.1060013765393,-49.7525466369591,-38.606174900362,-9.30408273148264,16.460176197917
25.26,-59.7142218052169,-49.5828852054231,-36.5799922010869,-9.29863188361843,16.883376516502
25.28,-58.4259366781783,-49.0214644731346,-34.6925914249672,-9.3132541451285,17.302300592031
25.3,-57.1550209201483,-48.3625933439418,-32.8431441808578,-9.33336416360297,17.7200544720881
25.32,-55.8746348454584,-47.6940719310736,-31.0013643001271,-9.35458678160215,18.1375710289915
25.34,-54.5791015643299,-47.0339524376275,-29.1611353530727,-9.3760110301099,18.5550445703216
25.36,-53.2502123621117,-46.303256019316,-27.2862412293752,-9.39504426701598,18.9408444680942
25.38,-51.8118535524249,-45.1372628191531,-25.2154959489071,-9.40076292588246,19.152725422135
25.4,-50.3140366876912,-43.7692024137557,-23.0416576556954,-9.39988084866504,19.2784104669371
25.42,-48.7926517687979,-42.3705705762926,-20.8366777250194,-9.39742450793629,19.3835388993403
25.44,-47.2563057074742,-40.9843831971567,-18.619317350265,-9.39466554305752,19.4847157629231
25.46,-45.8122085793151,-39.6310078737018,-16.4277394158417,-9.35235703615277,19.6054507738418
25.48,-44.937708642854,-38.3703699899965,-14.4127487562287,-9.09334944657178,19.8371846342077
25.5,-44.3444766453807,-37.1752670914385,-12.4767870451016,-8.72663334464755,20.1241300823487
25.52,-43.8125157600014,-36.0216115116717,-10.5486864198575,-8.33440163212911,20.4241564280053
25.54,-43.2858879444208,-34.9032601392842,-8.61060550256105,-7.93724817311817,20.7267060882353
25.56,-42.769000866902,-33.7593513187324,-6.71520663324117,-7.56284518076784,20.9971214126453
25.58,-42.3379581962781,-32.3156209037926,-5.11182849638486,-7.31782700522153,21.0889474226293
25.6,-41.9570061754886,-30.7295726351631,-3.63974829245317,-7.13718998080567,21.0919507045371
25.62,-41.5936290302285,-29.1249818498978,-2.18031747377226,-6.971803377136,21.073915525365
25.64,-41.2386984216373,-27.533645511183,-0.704277125810664,-6.80936050010508,21.0518195021718
25.66,-40.9510677886804,-25.9359213192192,0.662601118058951,-6.70629448465618,20.9948682290682
25.68,-41.0090034532756,-24.2054524642964,1.33642068069102,-6.92515889732567,20.751112276517
25.7,-41.2501493792246,-22.4013026424454,1.68177424688707,-7.30441436688246,20.414310561033
25.72,-41.5476025856085,-20.5763228339951,1.97308637584834,-7.72155863599373,20.0555297536489
25.74,-41.8699196703801,-18.7441169731177,2.27835469136434,-8.14602845369646,19.6924995028798
25.76,-42.2114196760819,-16.9072904033313,2.61072560695142,-8.57178687140438,19.3287082695293
25.78,-42.8844518778911,-15.223613785781,2.73858163352474,-9.00129448196317,18.9091645031836
25.8,-44.1667632118702,-13.826724705695,2.44184380015374,-9.43750760502758,18.3846244651483
25.82,-45.6665669392812,-12.512782085041,2.00290864720638,-9.87595967569749,17.8249336875824
25.84,-47.2298583839297,-11.2021934435794,1.53653829829258,-10.31489222855,17.2576944083667
25.86,-48.8233380283037,-9.8770267303912,1.06907633854978,-10.7539117835517,16.6890572139912
25.88,-50.4680959284184,-8.68997865108676,0.405587491922617,-11.1484072708885,16.1850975256916
25.9,-52.1754297129222,-7.78179408346527,-0.635117196170734,-11.4585318406736,15.8040775071472
25.92,-53.9021566456886,-6.95649115758062,-1.80130577895178,-11.7405624505046,15.4640003812114
25.94,-55.6336450057096,-6.13666648378897,-2.99333281939605,-12.0165387654132,15.1327468603368
25.96,-57.3666998711427,-5.30455460017418,-4.18835432690694,-12.2913698556824,14.8031325388827
25.98,-58.9939027856485,-4.5530539704778,-5.43678052724819,-12.4779348185678,14.4783200113752
26,-60.4110427645945,-3.97461560169238,-6.78556027676774,-12.4976087450105,14.16211835388
26.02,-61.7459006382588,-3.45272982045423,-8.16354890600216,-12.4617082700453,13.8487762588755
26.04,-63.0498635405087,-2.94024985078474,-9.54309741881461,-12.413841499603,13.5360494590096
26.06,-64.33405600889,-2.4263509257418,-10.917947136535,-12.3637437819328,13.2234373359436
26.08,-65.468470890628,-2.09248718613296,-12.3468542151181,-12.3007377662117,12.9759479762669
26.1,-66.2954483744998,-2.16472716558673,-13.9010005670472,-12.2104137780752,12.8701372857947
26.12,-67.000746706496,-2.39176746606558,-15.4956885677626,-12.110593058517,12.8136401850078
26.14,-67.6627536438396,-2.66624795392509,-17.095610405329,-12.0087036947543,12.7678881242987
26.16,-68.2993712866299,-2.9637184054048,-18.6930053025266,-11.9064276282701,12.7241449613092
26.18,-68.9134804463557,-3.28896922475505,-20.2852255270704,-11.8039277967625,12.6809423311535
26.2,-69.4860835929838,-3.93145100714344,-21.827936715551,-11.6963492035646,12.6440648146167
26.22,-70.0296046174523,-4.86306432177632,-23.3244201823243,-11.5841407117258,12.6129207135781
26.24,-70.5632807599722,-5.88349010378712,-24.8042733874648,-11.4706696146085,12.5833393444733
26.26,-71.0921334075043,-6.93298271217336,-26.2765152310843,-11.3569419220037,12.55407551036
26.28,-71.6157394065239,-8.00243702694536,-27.7378507627713,-11.2441726008199,12.5264610534815
26.3,-72.0910641504198,-9.18844792592195,-29.0324007232262,-11.1621791222467,12.5476321717517
26.32,-72.5289586475071,-10.4748346961729,-30.1719828670805,-11.1083449702813,12.6134245843302
26.34,-72.9626092304066,-11.7897907992942,-31.2627184469174,-11.0622243634869,12.6914394695772
26.36,-73.4014135820886,-13.1121718662964,-32.3367382972236,-11.0176658679246,12.7719295651394
26.38,-73.8399156211548,-14.432955755018,-33.3922868088605,-10.9742705849049,12.8522413028977
26.4,-74.0476669110938,-15.6084071428366,-34.1662410287242,-10.959395528836,12.9124096399153
26.42,-74.0454401642948,-16.6491463181507,-34.6850897450782,-10.9704507677319,12.9541818479085
26.44,-73.9901479347215,-17.6512731581575,-35.1299948327928,-10.9886196867719,12.9909052350435
26.46,-73.9291110303603,-18.6439793070611,-35.5554045961863,-11.0082282087849,13.0266067488823
26.48,-73.8721465754162,-19.628679078359,-35.9680836795926,-11.0284027272617,13.0633293330366
26.5,-73.8205791180147,-20.4607906753049,-36.2307105982001,-11.0584543662604,13.1387910700482
26.52,-73.7720837662439,-21.1531754012347,-36.3576891375544,-11.0975063073829,13.249706520848
26.54,-73.7256937537259,-21.8060770924427,-36.4457498240998,-11.1390022359561,13.3702530646828
26.56,-73.6813371867842,-22.4492420711699,-36.5234161596042,-11.1809980798347,13.4927698957901
26.58,-73.6390203816151,-23.0889463369093,-36.596666735788,-11.2230843450483,13.6156431225291
26.6,-73.5862260619901,-23.6669202868508,-36.6298272799197,-11.282347192631,13.7224497053619
26.62,-73.4656421997131,-23.918297635482,-36.4599028677167,-11.4355613886559,13.7409810300814
26.64,-73.3100880656229,-24.007730102723,-36.1894623818666,-11.6355633471594,13.7155471850564
26.66,-73.1454912740454,-24.0592143236891,-35.8951674580923,-11.846616452013,13.6797287261026
26.68,-72.9783855822278,-24.1036003173054,-35.5960719849986,-12.0598085152635,13.6419003045493
26.7,-72.8379855602771,-24.1230846233689,-35.3119537477939,-12.2695380989833,13.5870870974313
26.72,-72.8791682311538,-23.9869289860732,-35.1320124041806,-12.4543020468018,13.4237799462305
26.74,-73.0188976821727,-23.7670792251036,-35.0082200377621,-12.6256071619261,13.2021096426738
26.76,-73.1829331328694,-23.5271491898027,-34.8978420542487,-12.7936854921928,12.9664511308534
26.78,-73.3523676775382,-23.283312594089,-34.7900285988138,-12.961135600232,12.7280695957302
26.8,-73.5232815803615,-23.0457959726303,-34.6759904700404,-13.1237762007847,12.4949781439057
26.82,-73.6938682022116,-22.8645800967742,-34.5088912960909,-13.2486872407605,12.3081206434875
26.84,-73.8643239433161,-22.7164056554872,-34.3113710831103,-13.3518267558504,12.1479849443089
26.86,-74.0351009541994,-22.5769275816605,-34.1065990726666,-13.4496044897836,11.994431619663
26.88,-74.2063372488706,-22.4397159361367,-33.9006578857358,-13.5463359089137,11.842162910006
26.9,-74.376663819125,-22.3095410961986,-33.7092960363765,-13.6366424621484,11.6991433398616
26.92,-74.5333242118713,-22.2404616179407,-33.663849029548,-13.6643699650123,11.6465981279091
26.94,-74.6813230292515,-22.2092322799056,-33.7096837669035,-13.6529576851935,11.6506428331089
26.96,-74.8271669656787,-22.1873994183366,-33.7784815233598,-13.6317250328735,11.6688863401913
26.98,-74.9726296370792,-22.167323884141,-33.8518558388947,-13.6085657200678,11.6899155199639
27,-75.1180716977025,-22.1474728903361,-33.926118604946,-13.5850637691608,11.7114401056105
27.02,-75.2796918619103,-22.1368363597445,-34.018129150964,-13.5757293432685,11.7278249236876
27.04,-75.5291078869162,-22.1764559843428,-34.2056796117252,-13.6437882488933,11.7158037870623
27.06,-75.8222416704828,-22.2409583448749,-34.4410893897522,-13.7504548629956,11.6896089101821
27.08,-76.1256602484769,-22.3111361197199,-34.6880924362443,-13.8662719479807,11.6600545631656
27.1,-76.4309820654581,-22.3821786894146,-34.9375838702783,-13.9838511426596,11.629853271622
27.12,-76.7686911330421,-22.4631036048862,-35.2111231686749,-14.1254761495199,11.5937917043922
27.14,-77.2833067551596,-22.5982843538377,-35.6139715003954,-14.3978377682554,11.5260724403333
27.16,-77.8855216003581,-22.7594226392411,-36.0817750533549,-14.7349119971068,11.4426852686471
27.18,-78.5086206873069,-22.9256950035289,-36.5661856977699,-15.0874121238775,11.3555633354445
27.2,-79.1357234492982,-23.0918830285292,-37.0549361231225,-15.4428819649386,11.2677224116897
27.22,-79.776120013136,-23.2555704192741,-37.556454113596,-15.8295273156005,11.16863383061
27.24,-80.4856120906161,-23.4101050461382,-38.1191328166679,-16.3842432898295,11.0085789461793
27.26,-81.2290513901061,-23.5590397427552,-38.7132787634881,-17.0224735578432,10.8182263745448
27.28,-81.9800958820789,-23.7052410694425,-39.3163547629131,-17.680485490679,10.6206971876225
27.3,-82.7321381463603,-23.849446651585,-39.9226963141073,-18.3423348001411,10.421775823475
27.32,-83.4457660513555,-24.0013750623453,-40.4984403962969,-18.9953753896138,10.2116640255226
27.34,-83.9506417216588,-24.2044212134373,-40.8961624866644,-19.5965634813694,9.94151413950109
27.36,-84.3521882177863,-24.4328722068501,-41.2051086623763,-20.1719204236274,9.6415125197686
27.38,-84.7296843771992,-24.6668832083612,-41.4932352129442,-20.7411638329017,9.33444798887153
27.4,-85.1029252103989,-24.9014636326823,-41.7775824032674,-21.3092250692443,9.02601787299285
27.42,-85.4954245981169,-25.1546589130714,-42.0840239672702,-21.8964319460993,8.7321495062228
27.44,-85.9956219063471,-25.5111073834576,-42.5136898852266,-22.5894108799557,8.51916352522019
27.46,-86.5499432499127,-25.9181114652392,-43.0048331460242,-23.3349631902573,8.34638422401646
27.48,-87.1178637715254,-26.3361936765882,-43.510903942501,-24.0930293425597,8.18317534135994
27.5,-87.6891390257034,-26.7554136265787,-44.0201626302163,-24.8535039026971,8.02180839024379
27.52,-88.2617496039294,-27.1738187754363,-44.5303087308956,-25.6144014960737,7.86076499575351
27.54,-88.8191414973386,-27.4619401277001,-45.0234774724665,-26.4630892490524,7.75912863753124
27.56,-89.3455306894539,-27.5041808572456,-45.4841665269737,-27.4782056725814,7.77010270577044
27.58,-89.8606285421637,-27.4641219219398,-45.9343751455687,-28.5486116930525,7.81848713021519
27.6,-90.372353359282,-27.405561891208,-46.3826582209154,-29.6309359905547,7.87493575624422
27.62,-90.88246984585,-27.342758263437,-46.8309385133731,-30.7154889145036,7.93289496611411
27.64,-91.3062795064226,-27.2099969194536,-47.2294705147261,-31.7882934139021,8.16816630886709
27.66,-91.5677971146759,-26.9465552345743,-47.5325359204329,-32.8381762480103,8.73898841439646
27.68,-91.7746745875752,-26.6389295035566,-47.8027435790275,-33.8804166497355,9.42152187602759
27.7,-91.9690494561303,-26.3209657287544,-48.0648127856784,-34.921011170922,10.1281044400615
27.72,-92.1603244332192,-26.0002246490625,-48.3243018608324,-35.9613002078116,10.8391498730821
27.74,-92.3239573301983,-25.7548869600348,-48.5560494211466,-36.9255480219539,11.810996439358
27.76,-92.4372297765636,-25.6540600309242,-48.737688669362,-37.7463019839783,13.273968498591
27.78,-92.5335680008686,-25.6016078480985,-48.9026917153304,-38.5191824220532,14.900776795553
27.8,-92.6260016931121,-25.5596709125679,-49.0640400683175,-39.2817031473242,16.5630379191316
27.82,-92.7174552175901,-25.5197175048849,-49.224645253485,-40.0423101321063,18.2318653404461
27.84,-92.8848979543427,-25.5334625581068,-49.4311053666622,-40.8442257016894,20.1925094475467
27.86,-93.1968938494893,-25.6481711357476,-49.7249656175727,-41.7249890989821,22.7041827789159
27.88,-93.5568802995955,-25.7960852783761,-50.0481715857743,-42.6319511833215,25.3988483399401
27.9,-93.9272280107015,-25.9508746342223,-50.3780645119769,-43.5446007343977,28.1332342356526
27.92,-94.2994165771483,-26.1066025218731,-50.709510089453,-44.458300120638,30.8749515483741
27.94,-94.6616576808885,-26.2699696632862,-51.0439089852024,-45.3538957144632,33.6599340379355
27.96,-94.7945010502302,-26.6095745231102,-51.4315898556959,-45.8375789228643,37.3914373205461
27.98,-94.7393146552224,-27.0961632489202,-51.8624891804782,-45.9812725375545,41.9040085542789
28,-94.6361277304187,-27.62338569686,-52.3043108545114,-46.0346506572762,46.624059351519
28.02,-94.5251528430783,-28.1604140239723,-52.7477740932245,-46.0697414509553,51.38612083895
28.04,-94.4292542260926,-28.7026102609849,-53.2014932297211,-46.0662720807335,56.1558546624615
28.06,-94.6651977692453,-29.2888603771204,-53.8943468212642,-45.2601824536595,60.9293047866578
28.08,-95.1717108661177,-29.9123253163268,-54.7835119619775,-43.7943789396845,65.7049709246747
28.1,-95.7487599477232,-30.5478928778931,-55.7246239061521,-42.1521930687208,70.4812071751517
28.12,-96.3382926524639,-31.1882073472812,-56.6755821764815,-40.4745282748033,75.2575565564546
28.14,-96.9309195133533,-31.8370093845475,-57.6327188421766,-38.7704702389867,80.0130440187606
28.16,-97.6052958045875,-32.6622692230402,-58.7546699921646,-36.4070318863501,84.0817431588981
28.18,-98.3541587306594,-33.6502038691503,-60.0253244903379,-33.4433313314534,87.5243855060456
28.2,-99.1226009351908,-34.6866051517158,-61.3344493733444,-30.3157719071926,90.7961066137141
28.22,-99.8942375024602,-35.7370590884427,-62.6491934177946,-27.1549470654634,94.0331271426747
28.24,-100.659022943762,-36.7965619725379,-63.9643364743435,-23.9931634926909,97.2554204446859
28.26,-101.093689609163,-37.9769615106363,-65.355109523112,-21.0794614574567,100.061082368596
28.28,-101.195614190914,-39.2907066783612,-66.8215907249092,-18.4192039240314,102.443480959199
28.3,-101.209435592497,-40.6581676696573,-68.3063508684535,-15.8296644627489,104.707832063013
28.32,-101.209994657823,-42.0534403512999,-69.7916756489326,-13.2547329510897,106.947802154467
28.34,-101.213300581014,-43.4702838796462,-71.2736386054924,-10.6824442252467,109.183361695412
28.36,-101.186191038946,-44.8584522897247,-72.6387861778995,-8.2080732155938,111.316231175908
28.38,-100.927376929262,-45.934770710749,-73.2569494598024,-6.37745472130703,112.775771414732
28.4,-100.547866765502,-46.8359719201827,-73.4750846949522,-4.89113451987883,113.87521194586
28.42,-100.143719981222,-47.6916090842034,-73.5953101056117,-3.48761919619203,114.888047922175
28.44,-99.7395650373728,-48.535393098915,-73.694576482352,-2.10022650059668,115.884021496376
28.46,-99.3433647619001,-49.2381386860202,-73.7091531619316,-0.89536384986831,116.70965249075
28.48,-98.9736915353369,-48.8405127456948,-73.0834261340285,-1.14296373039959,116.182334961992
28.5,-98.6197756399289,-47.8135627747805,-72.0863877947861,-2.22785509091471,114.875114895786
28.52,-98.2736454786897,-46.6369144442934,-70.9936727419883,-3.51854364483267,113.37620398697
28.54,-97.9327769176045,-45.4361342902926,-69.877969496231,-4.8494306266277,111.839850105756
28.56,-97.7074924728882,-44.2540700048282,-68.7504363338819,-6.26180632930762,110.277080773048
28.58,-98.5967488016237,-43.2610457275226,-67.5894767536196,-8.41544595647709,108.51632588419
28.6,-100.205926516455,-42.4028292872097,-66.4295421579077,-11.033340920857,106.631940986223
28.62,-102.025566529872,-41.5976481598543,-65.2950476851609,-13.7675592032343,104.716591353356
28.64,-103.919619130239,-40.8232055769846,-64.1904704807165,-16.5246165155736,102.795162946543
28.66,-105.787442077659,-40.0986464662341,-63.111908757793,-19.2701293076887,100.790001427596
28.68,-106.717691777258,-39.6953530174172,-61.9969388114736,-21.8178189641144,97.7335456155461
28.7,-106.978667545626,-39.5124581714338,-60.8423791370098,-24.2298147033445,93.9579592166662
28.72,-107.058106580967,-39.3952553343334,-59.6740821980129,-26.6072896544148,89.9994841845633
28.74,-107.091375852489,-39.302050559713,-58.500058861096,-28.9779033261821,86.0046628738547
28.76,-107.106106242101,-39.2244192377093,-57.3217818965713,-31.3472928819796,82.003357443966
28.78,-107.240735219483,-39.301911290485,-56.3783118781146,-33.6471996489141,77.7403059841598
28.8,-107.817806007373,-39.8533850685686,-56.229549013651,-35.7159176762745,72.6073513760615
28.82,-108.584521726426,-40.5912876653246,-56.4067507156003,-37.6896066413611,67.116839986178
28.84,-109.400105386333,-41.3646616346635,-56.6560275849416,-39.641860846373,61.5456786540381
28.86,-110.230921721055,-42.1382793625575,-56.9174875531634,-41.590058108729,55.9592528081199
28.88,-111.011359354365,-42.8355730575775,-57.0967715661466,-43.1009277732467,50.3051063073758
28.9,-111.569057629407,-43.2602684048489,-56.9565626848795,-42.9335215978983,44.4005449374903
28.92,-112.027493129096,-43.5661270550013,-56.6748101702134,-42.0256308317062,38.3856133763024
28.94,-112.463661289854,-43.8452436809677,-56.3600241579201,-40.9493613307577,32.3455898077906
28.96,-112.896083200884,-44.1193147742721,-56.0379861398634,-39.8408262018555,26.3007583726393
28.98,-113.402818359181,-44.3110615247729,-55.879005547575,-38.8519716512182,20.9532940076329
29,-114.253412612574,-44.1246171123061,-56.4838672223536,-38.441103174535,18.8314524905404
29.02,-115.257337382372,-43.759985374004,-57.4415370296369,-38.2986460738346,18.2060222825869
29.04,-116.288928975976,-43.3508404350285,-58.4785992936706,-38.2187082525603,17.9290791008108
29.06,-117.317736456526,-42.9299795712693,-59.5282528591796,-38.1507758635599,17.7190501952794
29.08,-118.212581428973,-42.5186443071831,-60.4781814557573,-38.136120995349,17.6767743680886
29.1,-117.851168393195,-42.2536226953763,-60.432995755904,-38.6341324565299,19.1984247553621
29.12,-116.709147671716,-42.0776035114161,-59.7686506847741,-39.4535284636071,21.7000701503089
29.14,-115.376563181091,-41.9176997436158,-58.9555715435116,-40.3530796835562,24.4461189508959
29.16,-114.010414731675,-41.7548936777045,-58.1187467374373,-41.2684526470029,27.2404092857348
29.18,-112.642486889865,-41.5855053368215,-57.2833715119439,-42.1866384994149,30.0432762137476
29.2,-111.59956873802,-41.4728431520578,-56.7793889723477,-42.8980772997803,33.7286083169009
29.22,-111.48584434189,-41.5437573306756,-57.2183056564106,-43.0105189492784,39.9612473843329
29.24,-111.724974814732,-41.6907839686319,-58.0188283046235,-42.8915725271056,47.1777638382841
29.26,-112.036790951276,-41.8592501298554,-58.8983265295027,-42.7210137265447,54.6137334886797
29.28,-112.35655655648,-42.0362290951736,-59.7911865794195,-42.5407005286298,62.0911778426114
29.3,-112.444923844765,-42.3393317136082,-60.6594418103045,-41.9480972779891,69.3026116233527
29.32,-111.879167262161,-42.9999400818348,-61.455010308332,-40.1658043413468,75.7238760993382
29.34,-111.076640467627,-43.8071936391984,-62.2263838231711,-37.9250466287436,81.8403233992828
29.36,-110.236298277346,-44.6569691971476,-62.99630460607,-35.5818284957835,87.8886335753098
29.38,-109.40330105817,-45.5247068995474,-63.769781470637,-33.2192589867349,93.9240736944489
29.4,-108.909640289596,-46.4261149586108,-64.7538241704337,-30.6270656093608,99.4723553462871
29.42,-109.35367704062,-47.4042808703741,-66.3325795707345,-27.3802979790154,103.61860231418
29.44,-110.145437651694,-48.4253184581798,-68.1363557351912,-23.8813027649593,107.22441608082
29.46,-111.003371696054,-49.4712630541022,-69.9871266811093,-20.3257684393373,110.709077978421
29.48,-111.862497882206,-50.537970518549,-71.8433010291282,-16.7595360165907,114.170815290502
29.5,-112.437537751742,-51.5091479428768,-73.4368157922603,-13.5288911915571,117.245631190692
29.52,-112.21774101062,-52.1589716582088,-74.2754430267331,-11.275476810358,119.210360040368
29.54,-111.698170141307,-52.6852258700007,-74.8258058179328,-9.39884825812688,120.747303904608
29.56,-111.11669199038,-53.1866869417066,-75.314292608177,-7.60639769549088,122.188686782455
29.58,-110.528338369862,-53.6867594092648,-75.79350165496,-5.82981095694302,123.612061525759
29.6,-109.947920084749,-54.1858960755893,-76.2724617352815,-4.06533589420191,125.023489270358
29.62,-109.752562320524,-54.3333709261499,-76.6658995794824,-3.11165172133589,125.67089700555
29.64,-109.990094369406,-54.0769078220712,-76.9594363209367,-3.07972014336711,125.449809753216
29.66,-110.352554841143,-53.7021815263081,-77.223606630831,-3.31334663029351,124.978509872249
29.68,-110.741390373931,-53.3012724488438,-77.4812558661114,-3.60196555233408,124.455395445716
29.7,-111.131314332629,-52.8902479749331,-77.7288863091784,-3.91088220919143,123.915718644574
29.72,-111.165101114177,-52.1633961508742,-77.2525844033709,-5.10739236983782,122.761045949746
29.74,-110.791929417768,-51.0882187947983,-75.9503030805567,-7.3125752755213,120.907900920788
29.76,-110.29798836737,-49.9270760776309,-74.4068781538149,-9.80804100350269,118.853753696806
29.78,-109.775062044115,-48.7627059304119,-72.8099310532551,-12.3636851011625,116.757937392796
29.8,-109.243097506443,-47.6166549174554,-71.2000068189459,-14.9290652316285,114.642462246333
29.82,-108.733746622891,-46.852093213011,-69.6137796552156,-17.3909445815977,111.466988714744
29.84,-108.240395499544,-46.5185199775071,-68.0570815357345,-19.7333298505887,107.087721356798
29.86,-107.733985463767,-46.3199212441139,-66.5053094945693,-22.0412501682707,102.361675234235
29.88,-107.206233745522,-46.1613322193194,-64.9502982673874,-24.3420207158067,97.5637166965333
29.9,-106.652068597714,-46.0212405458042,-63.3911050990176,-26.6413135906094,92.751228784357
29.92,-105.79093116077,-45.7955359178508,-61.9210519833039,-28.9252064624571,87.8131178925632
29.94,-104.593890663214,-45.4597817498341,-60.5588226991945,-31.1918201048977,82.7344636463508
29.96,-103.296243410824,-45.0897173891595,-59.2313707055658,-33.4534523573579,77.6153014713207
29.98,-101.972682242132,-44.7108225792939,-57.914539698592,-35.7140545206749,72.4877633368887
30,-100.639132450679,-44.3286369268447,-56.6031175233341,-37.9744690688877,67.3586996991815
30.02,-99.3030385030852,-43.878418643785,-55.3159178155125,-40.2352005243491,62.108447961788
30.04,-98.0014409558172,-42.8994603749687,-54.1886843360378,-42.4987095902339,55.8937184141198
30.06,-96.7311099438792,-41.6056893053485,-53.1498361376321,-44.7638322159259,49.119492385715
30.08,-95.4793087793079,-40.2249935967235,-52.1279628442335,-47.0293492907325,42.208518836382
30.1,-94.2420052244492,-38.8172971745638,-51.1047646070154,-49.2949436656754,35.2707488618522
30.12,-93.1554295341452,-37.4773878668381,-50.1710277998062,-51.4017172423008,28.5388888875405
30.14,-93.1676303501057,-36.7869443690653,-49.9852700960419,-52.2449921207128,23.4819737332639
30.16,-93.8147474760277,-36.4755181235283,-50.2369657915382,-52.355201397185,19.3971704938734
30.18,-94.6191831760333,-36.2541623731384,-50.5985707972588,-52.2861585903951,15.5500831316515
30.2,-95.4569228871677,-36.0476716056722,-50.9844038413708,-52.1818773832549,11.7497281580453
30.22,-96.2529655146156,-35.8504401065407,-51.3708791649309,-52.1300509302581,8.24868148129305
30.24,-96.5486067291708,-35.7474752931141,-51.6971167279185,-52.6664434967072,7.67114516240707
30.26,-96.5283641579232,-35.7053068377154,-51.9838996264379,-53.5721227833821,8.92595384820261
30.28,-96.4290555754715,-35.6791012706191,-52.260730495523,-54.5698105248383,10.6371975016009
30.3,-96.3137416369638,-35.6567978981444,-52.5355256306341,-55.5857106060014,12.4387816653474
30.32,-96.1683453081463,-35.6566586753626,-52.7984244352493,-56.5848924185655,14.5626647774031
30.34,-95.757959515315,-35.8622393841827,-52.9485704390175,-57.3873120932238,19.7181602724914
30.36,-95.1846907539821,-36.1965534536254,-53.0294171924341,-58.0656272476543,26.7806401350046
30.38,-94.5749476963719,-36.5622614147805,-53.0948258293786,-58.7130167812619,34.318156912589
30.4,-93.9620698821585,-36.9335502856639,-53.1590366427827,-59.3543047948698,41.9493848140439
30.42,-93.3526586548033,-37.3052420204444,-53.2248945572404,-59.9945097138488,49.5972464735319
30.44,-92.8209082084616,-37.8042776318807,-53.3918866985969,-60.0753569107411,57.3757977525519
30.46,-92.5051822658644,-38.670548511587,-53.8421811431791,-58.553055857244,65.5214294758668
30.48,-92.2796998573667,-39.6810804810547,-54.398978640909,-56.4080520323014,73.8095423099941
30.5,-92.0816769027646,-40.7254127469747,-54.97604351035,-54.1237531345307,82.1295224596423
30.52,-91.8961999417613,-41.777578601212,-55.5532994774941,-51.813294416982,90.4554869393923
30.54,-91.7986173152116,-42.7542321194012,-56.1481516179152,-49.291901015214,97.8374294284657
30.56,-91.9325541799383,-43.5069030531921,-56.8014646530007,-46.172622497202,102.485325149675
30.58,-92.1550015212074,-44.1749757284027,-57.4766506607769,-42.8227131646817,106.077762821153
30.6,-92.3975776398593,-44.8263272866232,-58.1554116222006,-39.4213537875906,109.434705860221
30.62,-92.6445378209581,-45.4767397636162,-58.8334187835869,-36.0102777061748,112.747170893702
30.64,-92.9345448595944,-46.114272846572,-59.6290002121315,-32.6476802473434,115.724467392524
30.66,-93.3603680881515,-46.7087275391327,-60.8228084057153,-29.453195318186,117.601315225035
30.68,-93.8326894211818,-47.2955491079907,-62.1778915048552,-26.3274932756334,119.028687079512
30.7,-94.3061195889142,-47.8917149154873,-63.5677295205854,-23.2173874874611,120.354176873985
30.72,-94.7704566488687,-48.5009378602872,-64.9623775819748,-20.1102293791922,121.660413849206
30.74,-95.1146604743973,-49.1358119218697,-66.3016888516481,-17.2162007398375,122.796065722567
30.76,-95.0241532389183,-49.8310493434886,-67.426291860503,-15.1564383149058,123.275114565704
30.78,-94.7480111531724,-50.5594463307556,-68.4586521370877,-13.4593058820679,123.468893366414
30.8,-94.4310384366234,-51.3049256511467,-69.470858392626,-11.8453714036413,123.597228598613
30.82,-94.1077812346556,-52.0635500910413,-70.480152786524,-10.2473060175138,123.713081649363
30.84,-93.7848510160735,-52.8337193852126,-71.4890706009462,-8.65327138804541,123.826296088575
30.86,-93.4365795018807,-53.2679916904312,-72.1032156863783,-7.69857025724425,123.706818254111
30.88,-93.0503016485968,-53.2002557351244,-72.1436997798615,-7.67168202932223,123.249905931672
30.9,-92.6527736179289,-52.9761583611315,-72.0078405884572,-7.93038606046603,122.689131825454
30.92,-92.2534765157411,-52.7182487021198,-71.835189059885,-8.24919069901016,122.106501117511
30.94,-91.8545112804057,-52.4531358694561,-71.655990714498,-8.57935577707421,121.519796398288
30.96,-91.5425384454214,-52.0472779328769,-71.2443832830352,-9.46994968563605,120.876393870676
30.98,-91.3732597217493,-51.4145343479979,-70.4480806814337,-11.2861608430101,120.140090067489
31,-91.2484446312192,-50.7156159183121,-69.5279788831704,-13.3976903106024,119.374159196468
31.02,-91.1320000905071,-50.0089782546973,-68.5804280914889,-15.5722103438781,118.601909706699
31.04,-91.0159088835356,-49.3073865293205,-67.6267395838031,-17.7583738639182,117.828474310392
31.06,-90.8134304198332,-48.4826631784303,-66.4660558890006,-20.0926986639934,116.589333281839
31.08,-90.4455149108813,-47.4265684779779,-64.9158771480344,-22.7031658869329,114.471734568204
31.1,-90.0157787654453,-46.3098501835119,-63.2322557791825,-25.4059613763735,112.060247236672
31.12,-89.5654865909701,-45.1984241788175,-61.5165249361165,-28.1286065656688,109.585566925727
31.14,-89.1035900511392,-44.1068678163881,-59.7913143382951,-30.8549330373607,107.099166161218
31.16,-88.6332630464729,-43.0412350361084,-58.0660904716989,-33.5843765056339,104.602549009406
31.18,-88.3168028318917,-42.2685598396928,-56.7893667456237,-36.5278991192615,101.399149709578
31.2,-88.1830836999501,-41.812860357881,-56.0264119633626,-39.7149422142287,97.3917557491323
31.22,-88.1019482013129,-41.4492436632504,-55.4113941227092,-42.9721134645916,93.1528300298915
31.24,-88.0309673670498,-41.1070321943411,-54.8267100892067,-46.2438136833076,88.8659361482547
31.26,-87.9577224704917,-40.7695121745147,-54.2453606377241,-49.5138272920122,84.5516152834215
31.28,-87.6398145250033,-40.3027377066439,-53.5276167442163,-52.4603985743006,78.8391638888833
31.3,-87.0420106560236,-39.6866536663498,-52.6530051760199,-55.037166639331,71.5315412764322
31.32,-86.362524612886,-39.028544263923,-51.7326869460992,-57.5072612587711,63.763848955879
31.34,-85.6651132554963,-38.3630498469304,-50.8024407827038,-59.9553219928621,55.9011317675366
31.36,-84.9633215431073,-37.6975870433864,-49.8698715263008,-62.3993655551129,48.0210902516772
31.38,-84.3559558358878,-37.0422008766266,-48.9763949490621,-64.5748692578878,40.045522690934
31.4,-84.5206074258908,-36.4591013248548,-48.402700360701,-64.605223477077,31.3280842176063
31.42,-85.1376964449925,-35.9189221057053,-48.0166126683809,-63.3958948998619,22.1821038017325
31.44,-85.8735322106752,-35.3903786599807,-47.6805210345137,-61.8814728464442,12.9306629364951
31.46,-86.6400809342507,-34.8653791754805,-47.3579193718466,-60.3076054414414,3.65867430609328
31.48,-87.4309407122004,-34.3445751003469,-47.0909242528197,-58.7577158065589,-5.0543747663051
31.5,-88.3196233519634,-33.8401608574718,-47.2257809718398,-57.4836057963801,-9.24449251965769
31.52,-89.2650936692136,-33.3402651410061,-47.593414193476,-56.3698506365265,-10.8165174356688
31.54,-90.2272495368429,-32.8366430874902,-48.0192981169571,-55.295234003717,-11.749930493447
31.56,-91.1960356116873,-32.3272544908953,-48.4583265419687,-54.228349149273,-12.5572162661904
31.58,-92.0636271907635,-31.8389861287857,-48.8557438286526,-53.2916105558836,-13.2194515334149
31.6,-92.0798700350485,-31.5682088041466,-48.8865401358311,-53.3933725886404,-12.8876146454514
31.62,-91.6041647014944,-31.4241885485008,-48.7058787341318,-54.0947439002653,-11.9832771492374
31.64,-91.0094218449864,-31.3098478654594,-48.4751033095762,-54.9432253330475,-10.938530048403
31.66,-90.3931325974579,-31.1998033429959,-48.236270338015,-55.8204121619094,-9.86638871648057
31.68,-89.8188267472909,-31.1315239971628,-48.0380902742832,-56.7302901239281,-8.53843839884889
31.7,-89.6014983780804,-31.4052603443191,-48.1662689961106,-57.8633557637129,-5.18637542745599
31.72,-89.5911894284876,-31.8774798675037,-48.4815363908115,-59.1249858856951,-0.665458485875012
31.74,-89.6329378629936,-32.3987699715748,-48.8414676150323,-60.4181071327257,4.14186059706454
31.76,-89.686264359747,-32.9300664691069,-49.2090120492385,-61.7173938489484,9.00526008715896
31.78,-89.7430358914856,-33.4635237871594,-49.5767688692146,-63.0177710707911,13.8785793781066
31.8,-89.6973285237799,-33.9244960210615,-49.9152301475986,-63.9542430212782,19.8139050162804
31.82,-89.3915918825057,-34.20293716927,-50.1831101632832,-63.9780756409809,28.4074587566234
31.84,-88.9924230420676,-34.4154904287893,-50.4266352531197,-63.668449273752,37.9721988175734
31.86,-88.5744818768539,-34.6143598095908,-50.6661312343973,-63.2852009905144,47.7513561473851
31.88,-88.1548845482486,-34.8115691701958,-50.9062077309833,-62.8881429976055,57.570732718922
31.9,-87.8965697093274,-35.1402337459478,-51.2081534671956,-62.0483952254215,66.297405976844
31.92,-88.0403506329896,-35.7970295140324,-51.6605806051792,-60.1056711693503,72.271460037815
31.94,-88.3332252704779,-36.5726404175092,-52.1652058940487,-57.7603755430642,77.2404057144034
31.96,-88.6618708376882,-37.3735650634424,-52.6787515743697,-55.3258611909182,81.9865751816528
31.98,-89.000018572676,-38.1782632748133,-53.1913048021895,-52.8745593278626,86.6908249441455
32,-89.2945856509031,-38.8917250860359,-53.629309579647,-50.4389501947856,90.8761632649837
32.02,-89.4711275736981,-39.3768748798888,-53.8858617944165,-48.0494036975244,93.7787922043026
32.04,-89.6046373257046,-39.7782921207879,-54.0758371201454,-45.6768023564507,96.212528017046
32.06,-89.7292458370476,-40.1608852605794,-54.2505216443442,-43.3079430090894,98.5428668342036
32.08,-89.8528389298015,-40.5395546713261,-54.4216611336185,-40.9397871347083,100.853779937497
32.1,-89.915313505043,-40.8714812926274,-54.5864917547013,-38.7035089271136,102.56592564798
32.12,-89.8239545784879,-41.08888364683,-54.7383592919015,-36.7974005767131,102.785560592915
32.14,-89.676699692726,-41.264805291468,-54.885792834446,-35.0119386452454,102.459917877631
32.16,-89.5175269584114,-41.4318577516516,-55.0324492426978,-33.253122539741,102.013850566331
32.18,-89.3565579669343,-41.5975403443412,-55.1791462092156,-31.49930477339,101.545193886398
32.2,-89.1975606127537,-41.7640582195175,-55.3276693848861,-29.7546028731137,101.081211177834
32.22,-89.1318115815242,-41.9702108598444,-55.5588098760803,-28.4265009537012,101.050324182983
32.24,-89.1604816541659,-42.2171146207213,-55.8735963736907,-27.5216774644539,101.460158826563
32.26,-89.2154387168516,-42.476201125791,-56.2115547509838,-26.7352309088298,101.993264372239
32.28,-89.2757076071799,-42.7386100699977,-56.5540580072958,-25.9730971070464,102.551688841666
32.3,-89.337933779567,-43.0016667671679,-56.8979616685477,-25.220827469828,103.112985064089
32.32,-89.4540689837237,-43.2260168601948,-57.2817603844811,-24.7443398301752,103.588334703184
32.34,-89.6239422395563,-43.4112264961267,-57.7058739461925,-24.5463824733537,103.976020867959
32.36,-89.8080153664408,-43.5862708772951,-58.1412161210034,-24.4268908516917,104.338990875835
32.38,-89.9940313719415,-43.7601840056511,-58.5787101496185,-24.3234431833664,104.696905824637
32.4,-90.1771430570802,-43.9324540805306,-59.0125413548206,-24.2262935788843,105.055605106686
32.42,-90.244975269527,-43.9843130262475,-59.250361253498,-24.2996400855651,105.499478405362
32.44,-90.1968839313697,-43.913385005272,-59.2897422786592,-24.5452040048882,106.029727471836
32.46,-90.1162745593422,-43.8077016542173,-59.2731758632235,-24.8392798175823,106.584315735716
32.48,-90.0290979114372,-43.6948126748719,-59.2451228564501,-25.1432742610273,107.14388086323
32.5,-89.9404506520715,-43.5784995914113,-59.2147888150854,-25.4461302400333,107.70550183861
32.52,-89.8342032671049,-43.3619885053545,-59.1765259073206,-25.6043667475065,108.32417887893
32.54,-89.7105914448666,-43.0435977419361,-59.1300276302809,-25.6156236454362,109.000610264396
32.56,-89.5826080938263,-42.6959357766677,-59.0805038469108,-25.5855771127005,109.693266034578
32.58,-89.4542492697669,-42.3415969430281,-59.0296226887611,-25.5470564218121,110.389250179225
32.6,-89.326353048179,-41.9853662074862,-58.9777486975262,-25.5070015671146,111.085836861973
32.62,-89.1983271513817,-41.6381691630522,-58.9216022980238,-25.5037158273949,111.942811733375
32.64,-89.0659220730025,-41.3563156428757,-58.8427973364154,-25.7436652296215,113.852850080812
32.66,-88.9312458692917,-41.1094746482916,-58.7518820641331,-26.1140086697518,116.327341601227
32.68,-88.7962675111417,-40.8708130675888,-58.6578566136016,-26.5157066457174,118.937558746407
32.7,-88.6614991845381,-40.633470253312,-58.5629981736144,-26.923490478952,121.574119777449
32.72,-88.545511607672,-40.4078582558184,-58.4828230417591,-27.3030592799409,124.217841145456
32.74,-88.5789707203139,-40.2772616551447,-58.5242487745519,-27.44595421123,126.882367488299
32.76,-88.6985206886195,-40.2015334482002,-58.6359729854664,-27.4521212571528,129.558582332057
32.78,-88.839030267329,-40.1391524661062,-58.7649305156936,-27.4248104842381,132.237647901021
32.8,-88.9835363638137,-40.0792912810265,-58.8972738533445,-27.3909394349267,134.917271255524
32.82,-89.1016870323086,-40.0071762488782,-59.0075654406332,-27.3436792476119,137.568511059225
32.84,-88.9558827715416,-39.8114493761191,-58.8958348777091,-27.1763867055785,139.940621617769
32.86,-88.6436977406498,-39.5372297547166,-58.6438793255392,-26.9333691465811,142.136418258924
32.88,-88.2905802399893,-39.2429790524449,-58.3572223066275,-26.6715416961627,144.288411953498
32.9,-87.9297939988059,-38.9442438527102,-58.0638437475321,-26.406003085241,146.43176288693
32.92,-87.5823859179838,-38.6608536303602,-57.7900344109818,-26.1207112799884,148.615184153911
32.94,-87.4152543606855,-38.5867101958399,-57.7757975279946,-25.5952066808448,151.321603309234
32.96,-87.3712109766655,-38.6562489831665,-57.9390946903936,-24.9055266618848,154.385730264255
32.98,-87.3585214695868,-38.763024981057,-58.1478250453037,-24.1738162106795,157.541441629336
33,-87.3518857479127,-38.8775822091904,-58.3655200371529,-23.4338013826475,160.71524881855
33.02,-87.3461933178171,-38.9939492285685,-58.5848066206024,-22.6923039581127,163.892286742256
33.04,-87.4066581588453,-39.0741198119248,-58.8031919191136,-21.9261715650671,166.839634812152
33.06,-87.6882198366139,-39.0307726052367,-59.0179082561496,-21.0784203816437,169.016856484145
33.08,-88.0604402774465,-38.9361145719005,-59.2316299324181,-20.1972809525338,170.878920544536
33.1,-88.4534755905374,-38.8290541557278,-59.4457009737257,-19.30856041043,172.669419785938
33.12,-88.8506747105509,-38.7188864063969,-59.6604087796811,-18.4183988792433,174.446315825382
33.14,-89.1775246590783,-38.5858813269703,-59.8241073719917,-17.640821353965,175.970946311199
33.16,-89.2247978939535,-38.3677041677135,-59.7848611590626,-17.306442112474,176.513485564236
33.18,-89.1508571581249,-38.1125909043329,-59.6570662575292,-17.1645515228235,176.629617881027
33.2,-89.0493840359792,-37.8488472120784,-59.5086644783364,-17.0668480445674,176.647871165077
33.22,-88.9429610069833,-37.583291504561,-59.3560474862977,-16.9775770250802,176.647446129593
33.24,-88.8267463984675,-37.3282808144005,-59.2108024568017,-16.9179313240477,176.608940946118
33.26,-88.6371376564363,-37.1607932386806,-59.132175587727,-17.0827435233025,176.292603383651
33.28,-88.4051406333602,-37.043946595881,-59.0925799611766,-17.3777422667628,175.815221837013
33.3,-88.1631047202931,-36.939210805844,-59.0627696798304,-17.7044991050576,175.298558141016
33.32,-87.9194032247223,-36.8366033508235,-59.0351400383328,-18.0375158100054,174.774151759616
33.34,-87.6779467742411,-36.7207945503609,-59.0008323397393,-18.44163539516,174.048991954264
33.36,-87.4547408244515,-36.4974130216088,-58.907764292488,-19.4097362288663,171.717663097932
33.38,-87.2424168093781,-36.2114371493592,-58.7803423227771,-20.703869150713,168.457699590389
33.4,-87.0332253292952,-35.9096523408505,-58.6441936034883,-22.0777587948918,164.97056142569
33.42,-86.8251334231542,-35.6042611248392,-58.5060220065805,-23.4672532122933,161.43897517008
33.44,-86.6177352101561,-35.2977015005589,-58.367168930111,-24.8595323349607,157.899457027726
33.46,-86.4689902330418,-35.0686807500916,-58.260510133399,-25.9856074650834,153.867685619618
33.48,-86.4656851348929,-35.0352584938519,-58.2353580088276,-26.4444800122326,148.607244349243
33.5,-86.515572247428,-35.0735169396231,-58.2401060948956,-26.6590428060758,142.896973807971
33.52,-86.5772056720013,-35.1275330500206,-58.2514422987156,-26.8197833262111,137.087608005759
33.54,-86.6410748453361,-35.1844741021967,-58.264015152862,-26.9704149403039,131.259630423087
33.56,-86.7174297719439,-35.2728046141019,-58.3069358160967,-26.7051068210332,125.48382970307
33.58,-86.8242137038755,-35.438674376681,-58.4253950710984,-25.4008465518177,119.846435384433
33.6,-86.9422087029822,-35.6327205859841,-58.5712608484018,-23.7180153193115,114.259591225075
33.62,-87.0628403036481,-35.8329572380991,-58.72309533943,-21.9510554108297,108.683986568984
33.64,-87.1841139535729,-36.0342782959504,-58.8759239856687,-20.1683517549053,103.110485753434
33.66,-87.3991319704899,-36.2940048299932,-59.0817660983029,-18.0492879363567,98.0029352870981
33.68,-87.8487528078317,-36.69870654823,-59.4201221343375,-15.0952893479793,94.0599467419822
33.7,-88.3853997306323,-37.1549243309795,-59.8072133108012,-11.8360108848407,90.5428771306205
33.72,-88.942593672244,-37.6209297334271,-60.2053718006736,-8.50925000494218,87.1199631760061
33.74,-89.5049828309455,-38.0871520507737,-60.6059172415352,-5.16977654199601,83.7147870954207
33.76,-89.8352628285811,-38.394255613918,-60.8092346827715,-1.97745522826063,80.5206827832188
33.78,-89.5788009491785,-38.3061151320765,-60.5169173017333,0.841073687920916,77.8482534308996
33.8,-89.1070142247089,-38.0733739289487,-60.0439338806464,3.52283064680505,75.3664992912111
33.82,-88.5872384206579,-37.8083692750716,-59.5318542395052,6.17443027581587,72.9267774083802
33.84,-88.0579468131939,-37.5369267407216,-59.0131570052328,8.82036845282039,70.4949454023053
33.86,-87.6114098000044,-37.290330465881,-58.5793821343044,10.9437594934061,68.5240333598361
33.88,-87.3762264782988,-37.1090009660312,-58.3586223269275,11.7661364877332,67.6995300472458
33.9,-87.2189014844079,-36.9516507062025,-58.2159909024334,12.1107163754618,67.2960279735487
33.92,-87.0787970390067,-36.7994870936611,-58.0904948236654,12.3502576489806,66.9850776878498
33.94,-86.9420454846728,-36.6482078169085,-57.9682022950644,12.5699607917881,66.6916071355816
33.96,-86.8068837378746,-36.4983988067776,-57.8475223724165,12.7834949638612,66.4045221642368
33.98,-86.7169683898694,-36.4185945570827,-57.7810336687335,12.8601310886098,66.2850750638079
34,-86.672933691115,-36.4100871175084,-57.7696506945045,12.7979378969945,66.3357965301589
34.02,-86.6416991185979,-36.421479047758,-57.7736473331582,12.6970203208347,66.4339878367123
34.04,-86.6131173752347,-36.4369846718912,-57.7808272934237,12.5880991696123,66.541990485225
34.06,-86.5872647718153,-36.4544370269715,-57.7912654517488,12.4529531160488,66.6792878188015
34.08,-86.6694079270181,-36.5300102985468,-57.930740354589,11.1245982348256,68.1419178399798
34.1,-86.8612920060719,-36.6648614536984,-58.2016758375257,8.5803347838775,70.9550696976111
34.12,-87.0834234208517,-36.8164498596675,-58.509351751001,5.69680737716161,74.1450448704149
34.14,-87.3114199165083,-36.9716976284682,-58.8246725275877,2.74326101006485,77.4127906518411
34.16,-87.5398773479545,-37.1263037284929,-59.1416485919812,-0.224969465857348,80.7029673481932
34.18,-87.7569328526655,-37.2054449856405,-59.4695373614628,-3.29711918993465,84.415625537798
34.2,-87.9617515934095,-37.2077948597856,-59.8082174466545,-6.47311144337442,88.5558685950108
34.22,-88.1622250085863,-37.1889236920452,-60.1497886844206,-9.67803289788429,92.8153589667737
34.24,-88.3608190532522,-37.1658914150123,-60.4918477789658,-12.8889369170722,97.0995181162564
34.26,-88.5577099466913,-37.1432805303057,-60.8323969602563,-16.0762971658219,101.359251288387
34.28,-88.7360420515607,-37.1664428073159,-61.0998047057041,-18.0563648919605,104.203641010008
34.3,-88.8963014634659,-37.2360482228173,-61.2930069338095,-18.8092380872379,105.608894560933
34.32,-89.051501397149,-37.3186536890013,-61.4654555816822,-19.2179340383564,106.610519251835
34.34,-89.2056043785961,-37.4039079828038,-61.6337124342671,-19.5562332868658,107.529586531758
34.36,-89.3594342087361,-37.4896384057387,-61.8012595673,-19.8816960713522,108.433599844616
34.38,-89.5131415934683,-37.5754435884535,-61.9687417152034,-20.2049777524604,109.335055261468
34.4,-89.6667519494317,-37.6612550395009,-62.1362693789638,-20.5279059292012,110.23609610425
34.42,-89.8202691138578,-37.7470618656673,-62.303860499837,-20.8507782604519,111.137071453869
34.44,-89.973693327523,-37.8328625828356,-62.4715179321538,-21.1736419422027,112.038036659721
34.46,-90.1270246719965,-37.9186572294217,-62.6392418364761,-21.4965043071749,112.93900032131
34.48,-90.2802625591491,-38.0044460387254,-62.8070324165237,-21.8193664725348,113.839963748802
34.5,-90.4334066797272,-38.0902293001002,-62.974889609261,-22.1422286082936,114.74092714158
34.52,-90.5864567929247,-38.1760073124613,-63.1428132939063,-22.465090739689,115.641890529239
34.54,-90.7394125364858,-38.2617803690748,-63.310803434806,-22.7879528704438,116.542853916148
34.56,-90.8908426855685,-38.3464497901182,-63.4771782964428,-23.1094581685997,117.4407506908
34.58,-90.9340105959209,-38.3480024864553,-63.5164074049988,-23.3283506449947,118.106729579986
34.6,-90.8536228243503,-38.2546390236105,-63.4103627376853,-23.4300532351677,118.50784458427
34.62,-90.7376294549647,-38.1339365061482,-63.2624486083083,-23.4979873750622,118.832638642982
34.64,-90.6142630210108,-38.0075902369121,-63.1058692935794,-23.5589368449763,119.141646468895
34.66,-90.4888594573606,-37.8809322403547,-62.9479759259973,-23.6175824213297,119.443232479752
34.68,-90.303817958755,-37.8151010629518,-62.8132347186632,-23.5867080173175,119.350769234543
34.7,-90.0515278679963,-37.8181750710373,-62.7052849723943,-23.454531978395,118.81194602356
34.72,-89.7800022711192,-37.8409188368847,-62.6054758015714,-23.2930022192992,118.143773223978
34.74,-89.5047628372822,-37.8674103133544,-62.5077234827837,-23.1254205407879,117.448931513571
34.76,-89.2283449361247,-37.8932281078559,-62.4102221802287,-22.954725455157,116.742722603442
34.78,-88.8856050034047,-37.8261940992764,-62.2684777650254,-22.6061017561086,115.460520943063
34.8,-88.4681230548043,-37.6534915614642,-62.0767686540199,-22.0561016364639,113.526634234284
34.82,-88.0296698675726,-37.4493396805663,-61.8712373175068,-21.4478038844252,111.404092075703
34.84,-87.5875658550834,-37.2377644272164,-61.6635269256503,-20.8274093223462,109.242404043766
34.86,-87.1476160312522,-37.025152054647,-61.4572520705678,-20.1961071220813,107.066162319609
34.88,-86.8868024513786,-36.9152679135995,-61.3470873194956,-18.824417129389,104.255734164267
34.9,-86.8293997025503,-36.9235133074563,-61.3457451943857,-16.6099086710673,100.724247649552
34.92,-86.8304944121111,-36.965829002587,-61.3756586527169,-14.1528520375005,96.9852721815555
34.94,-86.8437270486519,-37.0152130534555,-61.4120409893352,-11.6454984284194,93.2032711306184
34.96,-86.8591743423931,-37.0658821059196,-61.4495892338024,-9.12900589578928,89.4134524684207
34.98,-86.9054962310019,-37.1406821532592,-61.5138299791873,-6.5266441460432,85.6602418907452
35,-87.1980921657417,-37.4083250162289,-61.7920390872413,-3.24357725502341,82.2131172840702
35.02,-87.6333454728482,-37.7867435143627,-62.1940014187182,0.432597585917131,78.9428966001917
35.04,-88.1040233102679,-38.1915390903826,-62.6264700178425,4.20499452732419,75.7159818787051
35.06,-88.5821506437843,-38.6007636897385,-63.0651368810708,7.99625605196368,72.4975577520953
35.08,-89.0107211767483,-38.9827728424067,-63.4605304083709,11.7961520127798,69.2511444620126
35.1,-89.0255519906569,-39.1447134477795,-63.4965536279424,15.6393169086284,65.7671763934681
35.12,-88.8008613492033,-39.1795113965251,-63.3249252318057,19.5072521356022,62.1458212961072
35.14,-88.5173216119967,-39.1829104477881,-63.1028015650748,23.3812430544137,58.4908313110197
35.16,-88.2220683321371,-39.1798740167337,-62.8711185903317,27.2564191263411,54.829255128584
35.18,-87.9255358982329,-39.1782559665282,-62.6414602036882,30.9133485438418,51.1805244235093
35.2,-87.6364397427903,-39.1990554237305,-62.4392834604447,32.8081286043047,47.6446386079845
35.22,-87.3518236746873,-39.2326890854323,-62.2532585447031,33.6849324324568,44.1740226062194
35.24,-87.068295158782,-39.2691586869353,-62.0714785433586,34.3123354621351,40.7194002231801
35.26,-86.7849582586584,-39.3058549484772,-61.8908327345115,34.8909597782059,37.2679061343587
35.28,-86.5087008014107,-39.3352851873039,-61.7194803793737,35.4309770049313,34.0320587065285
35.3,-86.2892473049166,-39.3084607376684,-61.6189629026667,35.7290906663003,32.5229987031103
35.32,-86.1027146171973,-39.2491590574267,-61.5593384066693,35.8881726249464,32.0106571886809
35.34,-85.9244128076383,-39.1817415863631,-61.5098918037118,36.0130583409072,31.7436145876517
35.36,-85.7478546164246,-39.1125984410988,-61.4625684232282,36.1312538650734,31.5245735242337
35.38,-85.5717398325001,-39.0430095156841,-61.4157564057455,36.2482683210173,31.3140075428307
35.4,-85.4391620430373,-38.9681166698687,-61.3694891174682,36.264568889236,31.2343168355257
35.42,-85.4152046563509,-38.8804012817744,-61.324067812928,36.0290525895481,31.4791329564442
35.44,-85.4309215776639,-38.7880293878825,-61.2789065115127,35.7016283272899,31.8423483406532
35.46,-85.4554888491363,-38.6946255542909,-61.2337800809675,35.3538293306557,32.2318092513204
35.48,-85.4817739232704,-38.6010264928259,-61.1886365926125,35.0022050204504,32.6261975403337
35.5,-85.5600588959549,-38.540159331297,-61.1797251472952,34.4259979644876,33.3236760084584
35.52,-85.7678079472879,-38.5611826856616,-61.2617482720781,33.2891032630909,34.7779366690536
35.54,-86.0229796445079,-38.6118431082947,-61.3772940638164,31.9475014159427,36.5085000033431
35.56,-86.2888596927884,-38.6688003038028,-61.5006174562538,30.560445602232,38.300414721832
35.58,-86.5569194149229,-38.7266467449289,-61.6257293765394,29.1649059601909,40.103780473395
35.6,-86.7713125364522,-38.7570516988196,-61.7191118145468,27.4557222784506,42.0482535061379
35.62,-86.8501198509313,-38.7189868912784,-61.7316469771218,24.9648115854432,44.3413319723233
35.64,-86.8792824353019,-38.6558926524906,-61.7145067093498,22.1878105836054,46.7619451380241
35.66,-86.8975357553112,-38.5872789798689,-61.6908063441957,19.3477969847398,49.2106460966811
35.68,-86.913766756019,-38.5176184629768,-61.6658538962775,16.4959372017469,51.6646272906346
35.7,-86.9631002446701,-38.4769231530629,-61.6916373997006,13.7332106960468,54.1025748724904
35.72,-87.1088137229454,-38.5204288505102,-61.8646561141765,11.2335338949336,56.4917231665998
35.74,-87.2915076733979,-38.5965536426268,-62.0946590950592,8.83558347392621,58.8619797454216
35.76,-87.4821641507627,-38.6800452989924,-62.3374664524125,6.46034719012545,61.2280171086476
35.78,-87.6740272030931,-38.7650100510954,-62.5827716437801,4.08939541239803,63.5932585351152
35.8,-87.8632849104904,-38.8487445914026,-62.8266522097754,1.71618857902384,65.9625492670315
35.82,-87.8609505005649,-38.8130554951935,-62.9228682351519,-0.885084657002847,68.6504474427897
35.84,-87.6407260430809,-38.6407995019864,-62.8506538417863,-3.74646896366624,71.7015739324073
35.86,-87.3580158835486,-38.428529818798,-62.7299224592358,-6.68301721601013,74.8576588432304
35.88,-87.0628617446345,-38.207444066704,-62.5993295750832,-9.63508972079795,78.0354215137225
35.9,-86.7678268650732,-37.9847649162785,-62.4677486568741,-12.5838083944953,81.2161798089172
35.92,-86.6153519655259,-37.8030293215173,-62.3843368178773,-15.0751249223016,84.3270478559448
35.94,-86.6259926633753,-37.6689043939737,-62.35610921299,-17.0425708199855,87.3572847188578
35.96,-86.6834922706264,-37.5484167583507,-62.3436809619716,-18.8597155129752,90.3643753239675
35.98,-86.7508616687601,-37.4307059817376,-62.3345196366797,-20.6454956130528,93.3666350016757
36,-86.8204765117451,-37.3146085886636,-62.3272189409447,-22.4211052944758,96.365323233173
36.02,-86.92098561022,-37.2982431960942,-62.4299558784102,-23.8175077196451,99.1365767184941
36.04,-87.0560367612208,-37.3955228502643,-62.6578761317622,-24.7833000909917,101.649145911408
36.06,-87.2007275844513,-37.5258506879686,-62.9218860154799,-25.624982875967,104.087148466282
36.08,-87.3471024539472,-37.6633031048477,-63.1933644441752,-26.4409957331102,106.509727616873
36.1,-87.4935959245292,-37.8022086651148,-63.4660935847952,-27.2510703861497,108.926264921697
36.12,-87.6619215874501,-37.9167504023953,-63.7175033769419,-27.8376428864727,110.765364500535
36.14,-87.8583523466696,-37.9994882262995,-63.9414145713563,-28.1386385488933,111.864875946449
36.16,-88.0629897226083,-38.0727045369817,-64.1572760952024,-28.3547739312655,112.744580008
36.18,-88.2691649498769,-38.143890867081,-64.3715869441438,-28.5531749540475,113.578345842628
36.2,-88.4754353391103,-38.2146707620834,-64.5857474934718,-28.7483348787683,114.4037159005
36.22,-88.6687806616537,-38.2733414983887,-64.7861071413884,-28.9293298347539,115.135155456347
36.24,-88.7340934761915,-38.2115153430957,-64.8469712884224,-28.9737154128395,114.938508551005
36.26,-88.7193160871773,-38.0740894677318,-64.8202312404614,-28.9325095942514,114.160198756054
36.28,-88.6846831664029,-37.9177016353986,-64.7715060569412,-28.8699533204391,113.236789637633
36.3,-88.6462470989808,-37.7574654305347,-64.7183126864476,-28.8031822057371,112.284735720984
36.32,-88.609505513065,-37.597515854821,-64.6656311866726,-28.70824397754,111.253378733095
36.34,-88.6006193182499,-37.4506455086655,-64.6304103299321,-28.2744709203302,109.304405722992
36.36,-88.6109965210086,-37.3128189896966,-64.6072616176456,-27.6073764717332,106.723832681636
36.38,-88.6263339610508,-37.1772103285367,-64.5870926529604,-26.8811029655875,103.983070320428
36.4,-88.6427368099239,-37.0419577345891,-64.5674233256268,-26.1430699119926,101.21047711163
36.42,-88.662717727659,-36.9058942994944,-64.5529581522463,-25.3747099996017,98.4120503079892
36.44,-88.7374333504398,-36.7566503666378,-64.6245184116708,-24.1391709048553,95.2793557460367
36.46,-88.8529822692565,-36.5973067811083,-64.7604900102415,-22.553227892164,91.896359513123
36.48,-88.9788706849311,-36.4350605443569,-64.9129589299376,-20.8763605957373,88.448425622316
36.5,-89.1065762364771,-36.2719399515496,-65.0685044508883,-19.1812950447947,84.987495450254
36.52,-89.2312898370328,-36.1108228110505,-65.2219093035767,-17.4895536995029,81.5588194370364
36.54,-89.2861508361914,-36.0054772726558,-65.3191556803038,-15.9475077328614,78.9164778233127
36.56,-89.2834952780289,-35.9463428089438,-65.3701359035129,-14.5293125778094,76.9230585972947
36.58,-89.2655608999455,-35.8994941232744,-65.4088205713143,-13.1440328739777,75.1020578450647
36.6,-89.2445310788126,-35.8551179523705,-65.4450077764374,-11.7653995924549,73.3158695324876
36.62,-89.2234692037162,-35.8115510899159,-65.4814060801839,-10.3885888955741,71.5380723094234
36.64,-89.2774361425094,-35.8203630394561,-65.6125047535293,-9.09953678080026,70.0584269463308
36.66,-89.4277393562233,-35.8966812084133,-65.8656145281104,-7.92319283537632,68.9612801209392
36.68,-89.606171443821,-35.9932950374365,-66.155033025746,-6.78031715658921,67.9777062966314
36.7,-89.7899836153877,-36.0944040799461,-66.4521081431295,-5.64443276501648,67.0178565600318
36.72,-89.9742788631136,-36.1965975335718,-66.7506580291303,-4.50982942918416,66.0623538856841
36.74,-90.1427936046214,-36.2851737065719,-67.0306358818369,-3.37939664946615,65.0997295352778
36.76,-90.1595482185386,-36.2351725747153,-67.1242897599782,-2.28797903738816,64.0596728962704
36.78,-90.0809531310608,-36.0975445485437,-67.1003505123439,-1.22113945052793,62.9707463438486
36.8,-89.9788157233862,-35.93794551186,-67.0470774338194,-0.160409959018165,61.869667847212
36.82,-89.8721745892961,-35.7738317570808,-66.9879147815271,0.899113000798777,60.7661895529234
36.84,-89.7730279566309,-35.6155567692137,-66.9337117980739,1.90920705144821,59.667718132873
36.86,-89.7545205503014,-35.5245096792878,-66.9396829691497,2.43210561754634,58.6229604533606
36.88,-89.7867135847907,-35.4758721247355,-66.983616664188,2.64855465941276,57.6120243967819
36.9,-89.8315187736971,-35.4378010289432,-67.0370193313372,2.78856684515873,56.6095255043378
36.92,-89.8787774050642,-35.4017913469084,-67.0922799073197,2.91352050001814,55.6086888677813
36.94,-89.919374304623,-35.3613430011001,-67.1458616468392,3.03046867547377,54.6077281215721
36.96,-89.8907328598047,-35.273999782802,-67.1798416140743,3.09472472168875,53.6027017811917
36.98,-89.8183895084667,-35.1569179479171,-67.2013507174469,3.12591806369453,52.5950849836528
37,-89.7352427882542,-35.0323147644385,-67.2196838722266,3.14890164291835,51.5868236810536
37.02,-89.6500207103268,-34.9060957164738,-67.2373119784,3.17026583647575,50.5784351564493
37.04,-89.5542113476362,-34.7656639508969,-67.232928806215,3.19392332873154,49.5765941680874
37.06,-89.3570050331271,-34.4886521396131,-67.0128505345229,3.24304746049565,48.6396885319463
37.08,-89.0963420926778,-34.1258924170464,-66.6571328936012,3.3081904465001,47.7435724308882
37.1,-88.8199868036355,-33.7416946894795,-66.267215491143,3.37734708490781,46.8576746873914
37.12,-88.5407654625431,-33.3533137816645,-65.870350286345,3.44729231786805,45.9737844956905
37.14,-88.2612582702399,-32.9642147059479,-65.47201712885,3.51737770053364,45.0902510757419
37.16,-88.0219830543327,-32.5485516674673,-65.0107590036159,3.57384631255853,44.0876974223352
37.18,-87.8978824257592,-32.0585146572945,-64.3690494612516,3.59098091274416,42.7417331330353
37.2,-87.8174156310272,-31.5433484114144,-63.6575438945394,3.59292610890565,41.2631611737085
37.22,-87.7458622760428,-31.0263822836733,-62.9302233519054,3.59146191663206,39.754824573833
37.24,-87.6750663866295,-30.5129970848249,-62.1997557557362,3.58935559756758,38.2408821002159
37.26,-87.5653545348775,-30.0128077154028,-61.4461664286622,3.48640141361585,36.6892303759918
37.28,-87.3432422092661,-29.542439361386,-60.6274715301534,3.09195388808745,35.031115579552
37.3,-87.0751987883009,-29.0867814325319,-59.7835820109194,2.58503412268266,33.3319569274123
37.32,-86.7940328053637,-28.6383843812342,-58.93393390425,2.05299744809558,31.6236341586808
37.34,-86.5074139707027,-28.1954972389475,-58.0830432623788,1.51621918969731,29.9135815185692
37.36,-86.2021621602182,-27.8130892135985,-57.2939420207283,0.936850298234839,28.1979574974798
37.38,-85.8515456035594,-27.5937295989778,-56.6848275590409,0.236436722839412,26.4670256318742
37.4,-85.4825639749072,-27.4367875883134,-56.1452371237901,-0.510519074380483,24.7302151989802
37.42,-85.1080013052198,-27.2942607970214,-55.6215467979088,-1.26794878037964,22.9920821975667
37.44,-84.7308376812336,-27.1548982544916,-55.1010933237735,-2.02734508740405,21.2537008969899
37.46,-84.3598014355626,-26.976764226496,-54.5235876655401,-2.73461518063486,19.4724727803998
37.48,-84.00937092066,-26.6857410661352,-53.7788146438903,-3.29012327535031,17.5673818755425
37.5,-83.6638980083317,-26.3543837939769,-52.9693576223095,-3.78710258309869,15.6145338505737
37.52,-83.3161256499201,-26.0174484114635,-52.1452926713869,-4.27100183702949,13.651013602643
37.54,-82.9643716991669,-25.6829380077855,-51.3182895302135,-4.75241770950492,11.6854671716235
37.56,-82.6090981301256,-25.352107534955,-50.4900031328601,-5.23213717592392,9.71743456015483
37.58,-82.316158961191,-25.0053420724108,-49.6112365865248,-5.60497330637829,7.56934634752454
37.6,-82.0939760282201,-24.6421987219703,-48.6749606972121,-5.85619216246767,5.21632160089067
37.62,-81.8879775496421,-24.2803380054084,-47.721765118184,-6.07236939641285,2.80424712761108
37.64,-81.6806852704729,-23.9251036037751,-46.7646487702358,-6.2813036813446,0.379967253420714
37.66,-81.4700292230062,-23.5768312740257,-45.8092678499932,-6.48643027719989,-2.04280959536042
37.68,-81.4076525549107,-23.1689028398676,-45.1133560732095,-6.47196913002509,-4.13523500749813
37.7,-81.5201841157115,-22.6874133825307,-44.7127571535813,-6.20799985289993,-5.85159468512241
37.72,-81.6853376159281,-22.18446122803,-44.3966465853224,-5.87217357249283,-7.4596342790725
37.74,-81.8633280076753,-21.6773047569581,-44.0974216703121,-5.52146746923242,-9.04524247557735
37.76,-82.0446055434085,-21.1686496351981,-43.7991674610773,-5.16687645966915,-10.6239753091246
37.78,-82.1422264463534,-20.5694999569209,-43.3730693066288,-4.71248020754259,-11.9658144775075
37.8,-82.1445333043864,-19.8689774546978,-42.8005897647985,-4.14527866424908,-13.0395148935302
37.82,-82.1212854197128,-19.1411235434786,-42.1841020567516,-3.54545854485016,-14.0356722831006
37.84,-82.0949627714608,-18.4097155581196,-41.5567529353852,-2.9388708783216,-15.0157408695431
37.86,-82.0710231656654,-17.6804477824229,-40.9268266049039,-2.33179189615866,-15.9918355922372
37.88,-82.1662818019556,-17.0570844632371,-40.5006933151971,-1.85711566280607,-16.7777414937811
37.9,-82.4133470569945,-16.5663570094108,-40.3373520770539,-1.55222064664873,-17.3206566908867
37.92,-82.7070191225019,-16.1139841225864,-40.251918284771,-1.29784555003575,-17.7912858449733
37.94,-83.0121087144925,-15.6686714486504,-40.1823093386799,-1.05401874378044,-18.2468231677672
37.96,-83.3210864254835,-15.2237073116209,-40.1151395039429,-0.812132421129931,-18.6995842660593
37.98,-83.6206734516128,-14.7658800498539,-40.0388036963781,-0.592063347498927,-19.1489203348688
38,-83.8038478924213,-14.1873902697315,-39.8704190890603,-0.58678995210394,-19.5686760634734
38.02,-83.9154257648825,-13.5324839394731,-39.6426676734604,-0.716259748754473,-19.9699083780107
38.04,-84.0116084277516,-12.8573399791069,-39.3981553938496,-0.879307367335585,-20.3665257230773
38.06,-84.1073454204686,-12.1769312649804,-39.1483052547652,-1.04900681970635,-20.7622289101002
38.08,-84.20075343984,-11.5153392846994,-38.8990684220196,-1.21326184002173,-21.1459621218235
38.1,-84.2335104949247,-11.1194707418051,-38.6939768055519,-1.29370926475369,-21.3799779856852
38.12,-84.223524171448,-10.9063976879703,-38.5201199161093,-1.31667537245529,-21.5115053992908
38.14,-84.2026176062568,-10.7399465337282,-38.3542157083113,-1.32504219683319,-21.617008431786
38.16,-84.1795824209977,-10.5829559788052,-38.1898336113352,-1.33049657229735,-21.7173202217493
38.18,-84.160130818352,-10.4334151533113,-38.0292439088887,-1.3342200953434,-21.8142751606291
38.2,-84.2057832978085,-10.3777823737504,-37.9286944566135,-1.31764747856378,-21.8705152408378
38.22,-84.3002407867005,-10.3922398528497,-37.873167461923,-1.28593041724006,-21.8963635223486
38.24,-84.4074780737819,-10.4249194297044,-37.8294105961009,-1.25027701748118,-21.91431205443
38.26,-84.5173637952675,-10.4612580446704,-37.7880710513601,-1.21383613637924,-21.9306801849995
38.28,-84.6238894869288,-10.4968713379106,-37.7468988508814,-1.1790705114144,-21.9475104347263
38.3,-84.6409676923797,-10.500673465075,-37.6982685050894,-1.18569855081015,-21.9813186810527
38.32,-84.5841696583063,-10.4781522047001,-37.6434041510679,-1.2264752315251,-22.0291584734712
38.34,-84.5077521494208,-10.4486063878849,-37.5868990883242,-1.2763267502182,-22.08072774763
38.36,-84.4273875295387,-10.4176158117832,-37.5300819358148,-1.32801134559285,-22.1330504062656
38.38,-84.3463275143652,-10.3863403499651,-37.4732276080602,-1.3800257885434,-22.1855086346155
38.4,-84.2692204240559,-10.361272843473,-37.4097554492277,-1.41787678488985,-22.2342799620819
38.42,-84.2107801476052,-10.3652178582828,-37.3156498097199,-1.3900428903353,-22.2659154394521
38.44,-84.1608765960916,-10.3826661370937,-37.2073055054403,-1.33174381547111,-22.2896027529481
38.46,-84.1128278985775,-10.4033047423365,-37.0956123609342,-1.26634740430194,-22.3114384016268
38.48,-84.0650002019391,-10.424600853898,-36.9832438566176,-1.1995865522026,-22.3329180721589
38.5,-84.0209715437895,-10.435531678442,-36.871806851922,-1.14222529736117,-22.3543831528672
38.52,-83.9979637018818,-10.3895432341942,-36.7661884692222,-1.13703952408926,-22.3760968169766
38.54,-83.9855244916977,-10.3151057799566,-36.663483242655,-1.15799313758942,-22.3979384752502
38.56,-83.9755933549769,-10.2340320861013,-36.5614450806062,-1.18510929991367,-22.4198104409318
38.58,-83.9661582952013,-10.1517505516877,-36.4595154730088,-1.21341630899325,-22.4416882733042
38.6,-83.9648628621894,-10.0729432616507,-36.3683660297044,-1.24160538917248,-22.4608755513736
38.62,-84.0166715024496,-10.0179537205027,-36.3483379942782,-1.26766781802413,-22.4623065061713
38.64,-84.0968512164472,-9.9756274103091,-36.3662903367255,-1.29258215835498,-22.4542604055708
38.66,-84.1839370712013,-9.93632425725577,-36.3934620260588,-1.31721791503425,-22.4439185963367
38.68,-84.272394854465,-9.89756272877157,-36.4224354303809,-1.34179975274632,-22.4331327570439
38.7,-84.3626007896745,-9.86118033525682,-36.4540136003871,-1.36721148725925,-22.4216011261036
38.72,-84.4772219477088,-9.86332597923435,-36.5232745632476,-1.40653539849017,-22.3989940793439
38.74,-84.610076701106,-9.89426162968877,-36.6207357272164,-1.45627032615027,-22.3681073132281
38.76,-84.7476929996476,-9.93264675392906,-36.7255975366992,-1.50872009919063,-22.3350617116242
38.78,-84.8862730534195,-9.97246381907915,-36.8319929027525,-1.56171406287293,-22.3015833884296
38.8,-85.0250346885841,-10.0124738519323,-36.9387132502946,-1.61480517304196,-22.2680278192466
38.82,-85.1473705180797,-10.0436323120645,-37.0289341592622,-1.66736772646273,-22.2418423222855
38.84,-85.2049810111326,-10.040074877994,-37.0539016035279,-1.71779028629422,-22.2446847423403
38.86,-85.2345807710372,-10.0215042042607,-37.0506116461702,-1.76728584035127,-22.2600921833164
38.88,-85.2577064771959,-9.99946168441739,-37.0407821219895,-1.81656684591953,-22.2784073021548
38.9,-85.2796117293453,-9.97676095690997,-37.0297118814655,-1.865807118969,-22.2972744180925
38.92,-85.3256370640323,-9.94716157951296,-37.032570861374,-1.92386501274085,-22.3187461486683
38.94,-85.4670039066223,-9.89087538707495,-37.0908569513187,-2.01650404641047,-22.3500628380203
38.96,-85.6499454097473,-9.82279661892266,-37.1733342944641,-2.12418648062373,-22.3856577655862
38.98,-85.842509116418,-9.75180842429781,-37.2614302629196,-2.23531472087329,-22.4222324648878
39,-86.0370198754459,-9.68005145057546,-37.3506817470428,-2.34710423581747,-22.4589951740405
39.02,-86.2223417099262,-9.59519159159912,-37.4228725760957,-2.45805022033095,-22.4937255886927
39.04,-86.3701010753384,-9.45998714448944,-37.4269974356668,-2.56524724812631,-22.520347205993
39.06,-86.5017853741864,-9.30286634686646,-37.4014954340889,-2.67081078547507,-22.5434454891254
39.08,-86.6300734278516,-9.14061819259922,-37.369151843161,-2.77599936006009,-22.5657354204599
39.1,-86.7580147290853,-8.97728380687826,-37.3354613280655,-2.88111641400984,-22.5878711995869
39.12,-86.8493814341557,-8.82732597060733,-37.2726759684542,-2.96510602454258,-22.6088694425231
39.14,-86.796039425011,-8.731208377526,-37.0965187754832,-2.96608078383289,-22.6254975525266
39.16,-86.6796168919079,-8.65864902138327,-36.871237276582,-2.93109111200242,-22.6402335907882
39.18,-86.5482724029633,-8.59172334168838,-36.6345955897898,-2.88780460028275,-22.6545331874514
39.2,-86.4137177455163,-8.52607662313871,-36.3957568210247,-2.84293540530968,-22.6687495337791
39.22,-86.2779694631978,-8.43962678945086,-36.1505170614578,-2.80288403127391,-22.6902501190557
39.24,-86.140789562213,-8.27004838811079,-35.88160535613,-2.78280609251607,-22.7404359058725
39.26,-86.0030575160757,-8.06459649538384,-35.6023210727217,-2.77140690955205,-22.803068489284
39.28,-85.8651796081086,-7.8511586444002,-35.3205166982028,-2.76200181245711,-22.8685601878227
39.3,-85.7272392990743,-7.63646073613145,-35.0380904582759,-2.75297821606236,-22.9345988218765
39.32,-85.5892865657647,-7.42178900346808,-34.7554482969991,-2.74404578626118,-23.0007470567557
39.34,-85.4734676279064,-7.1910462128336,-34.4931958785995,-2.74942832473187,-23.0750155230312
39.36,-85.3900471118395,-6.93675976166739,-34.2605610756321,-2.77557891914177,-23.1610524144439
39.38,-85.3168813827859,-6.67529403663388,-34.0368033737374,-2.80811583472109,-23.2507079470839
39.4,-85.2461752781158,-6.41240231207048,-33.8146690882376,-2.84200078083842,-23.3411272920424
39.42,-85.176170806616,-6.14940060980393,-33.5926464240918,-2.87614537985925,-23.4316733513824
39.44,-85.0788300067392,-5.91640296117099,-33.4081730775412,-2.91660920005195,-23.5146087780113
39.46,-84.9414692254075,-5.72675587810195,-33.2784398888838,-2.96619503333977,-23.5864606726981
39.48,-84.7919827312968,-5.55024980215664,-33.1655357104895,-3.01858610248962,-23.6549022803393
39.5,-84.6401605894576,-5.37632409467619,-33.0561454972137,-3.07156867678136,-23.7226246936298
39.52,-84.4882103969244,-5.20283772405977,-32.9474293762948,-3.12461309018815,-23.7901943383256
39.54,-84.3597970970889,-5.08004113807461,-32.8605821320142,-3.16264850585439,-23.8512190100261
39.56,-84.265442940564,-5.03110583836111,-32.8054811106013,-3.17882694003997,-23.9027521834483
39.58,-84.1815867567744,-5.00492659926295,-32.7601860955386,-3.18826898717365,-23.9513608030889
39.6,-84.0999630759452,-4.98351482433808,-32.7169769768386,-3.19629265684956,-23.9993536890452
39.62,-84.0187534520991,-4.96298402969659,-32.6741861487992,-3.20403617613711,-24.0471888958697
39.64,-83.9291402904158,-4.95392011556421,-32.6362008811335,-3.20434805200118,-24.0777439819837
39.66,-83.8272712551718,-4.96128423645419,-32.605100356749,-3.19394647254186,-24.0832794001552
39.68,-83.721671364175,-4.97368672031172,-32.5761672766255,-3.18023302899964,-24.0810783777302
39.7,-83.6153511300669,-4.98710753566155,-32.5477333921163,-3.16582282523791,-24.0772496149675
39.72,-83.5089644271833,-5.00067286407014,-32.5194355647801,-3.15128460275502,-24.0731217698604
39.74,-83.4060249120566,-5.01583741970265,-32.4926515873874,-3.13514810283643,-24.06815406557
39.76,-83.3452094725324,-5.05103593829534,-32.4838305141273,-3.09945516792581,-24.0533954594584
39.78,-83.3133150616786,-5.10000382557576,-32.4873150827668,-3.05032990955841,-24.031915444868
39.8,-83.2888032896079,-5.15246793925461,-32.4939200775973,-2.99778253581642,-24.0087231405794
39.82,-83.2657716148584,-5.20561109713791,-32.5011303855366,-2.94455713061791,-23.9851915839495
39.84,-83.242407494303,-5.2585332754107,-32.5074227504315,-2.89528917687224,-23.9628346601073
39.86,-83.2088158675674,-5.30596215643078,-32.4967603675985,-2.91427135208816,-23.9611436889856
39.88,-83.1675564065153,-5.34926833825795,-32.4734341671663,-2.98419090236359,-23.9748787654821
39.9,-83.124284395804,-5.3914738247072,-32.4467822086959,-3.06744901937753,-23.9926534056259
39.92,-83.0806084241539,-5.43343798683826,-32.4194573623198,-3.1533647148162,-24.0112328938805
39.94,-83.0379587709216,-5.47570007051382,-32.3931808767397,-3.23876110604521,-24.0290694542086
39.96,-83.0201038079307,-5.52612083309524,-32.3934279664866,-3.301821455708,-24.0269539327191
39.98,-83.0227098986833,-5.58327645757733,-32.4155421492297,-3.34641947635709,-24.0083779857741
40,-83.030783281442,-5.6422188489727,-32.4434665799151,-3.38609889671644,-23.9854176017291
40.02,-83.0399822030074,-5.7015146304236,-32.4725530185163,-3.42478176920941,-23.9615689530127
40.04,-83.048259586927,-5.76063650868175,-32.5011291162894,-3.46555566951778,-23.9374765871603
40.06,-83.0194111137397,-5.81232070665078,-32.5068254561596,-3.58023129218564,-23.9106006462908
40.08,-82.9566689652743,-5.85719115251402,-32.4916304826373,-3.76236665618148,-23.8812047690468
40.1,-82.8847110526543,-5.90017009619064,-32.4707460197405,-3.96289918022754,-23.8511221935121
40.12,-82.8109072869341,-5.94272998918857,-32.4487110778158,-4.16717526102201,-23.8208999198358
40.14,-82.7368005762372,-5.98517998974532,-32.4264757162288,-4.37212621163166,-23.7906524652179
40.16,-82.6697591620335,-6.0245491910619,-32.4109736157369,-4.5561196432886,-23.7598439713421
40.18,-82.6416541181968,-6.04727803809878,-32.432600779924,-4.62439963137539,-23.725977126454
40.2,-82.6328943847773,-6.06176382020764,-32.4726869638808,-4.63514517951744,-23.6905900259307
40.22,-82.6286978299756,-6.0743214502488,-32.5171372900625,-4.63228497948492,-23.6548434305803
40.24,-82.625373457827,-6.08652694656864,-32.5624307356956,-4.62679420518418,-23.6190273306576
40.26,-82.6173072446084,-6.0954777922597,-32.6030941090637,-4.62116418901467,-23.5855156455521
40.28,-82.5772101971185,-6.0833391676488,-32.6124334880142,-4.61757752289094,-23.5672050549511
40.3,-82.519942973613,-6.05986751574694,-32.6049676021753,-4.61511649657804,-23.557052618788
40.32,-82.4585842421681,-6.03366055145333,-32.5934842563547,-4.6129265911634,-23.5488576246197
40.34,-82.3964572237878,-6.00690529732213,-32.5812336629588,-4.61078956552183,-23.5410438441211
40.36,-82.3326616732504,-5.98643486593157,-32.5717918354145,-4.61409955317733,-23.5356364402978
40.38,-82.2565104577524,-6.01668609477383,-32.5855879296698,-4.66054635771865,-23.5487953506928
40.4,-82.1732804593161,-6.07638521509315,-32.6128956298778,-4.73202503335098,-23.5727237031307
40.42,-82.0884221126785,-6.14330281061017,-32.6435359046531,-4.80963793496895,-23.5992910279566
40.44,-82.003352582397,-6.21163675776638,-32.6748521887274,-4.88845328205426,-23.6263756391312
