Time_s,BottomArm_deg,MiddleArm_deg,TopArm_deg,Bicep_deg,Wrist_deg
0,0,-3.81666561775622e-14,1.52666624710249e-13,-0,-0
0.02,-0.127099104436566,0.0635902171302297,0.0635087479175576,-0,-0
0.04,-0.49530240660134,0.248265193399889,0.247028983638773,-0,-0
0.06,-0.943696554725833,0.474063566337455,0.469576061911438,-0,-0
0.08,-1.40944702821926,0.709633271450652,0.699624092632327,-0,-0
0.1,-1.87853191174718,0.947927649281895,0.93015563031488,-0,-0
0.12,-2.34834052099273,1.18761479607561,1.15984950188104,-0,-0
0.14,-2.81845049302199,1.4284590675564,1.38847692203076,-0,-0
0.16,-3.28882779343481,1.67042154505342,1.6160005042365,-0,-0
0.18,-3.75950294644133,1.91349701986921,1.84241324385266,-0,-0
0.2,-4.23051577754958,2.15768187380785,2.06771681277698,-0,-0
0.22,-4.70190916875528,2.40297780054618,2.29190916922973,-0,-0
0.24,-5.17372644329715,2.64938606531715,2.51498893229171,-0,-0
0.26,-5.64601014366095,2.89690535530794,2.73695732168121,-0,-0
0.28,-6.11880365461183,3.14553607337809,2.95781382941428,-0,-0
0.3,-6.59215142119118,3.3952800936492,3.17755645712295,-0,-0
0.32,-7.06609467560109,3.64613280886802,3.39618967156705,-0,-0
0.34,-7.54068008616038,3.89809921852473,3.61370830444654,-0,-0
0.36,-8.01595112687937,4.15117783455857,3.83011365550412,-0,-0
0.38,-8.49195228738172,4.40536855261681,4.0454056147531,-0,-0
0.4,-8.96872903447199,4.66067219430534,4.259583118072,-0,-0
0.42,-9.44632619837325,4.91708816894119,4.47264648710095,-0,-0
0.44,-9.92478855196057,5.17461548843457,4.68459641235079,-0,-0
0.46,-10.4041641318087,5.43325671460492,4.89542999532889,-0,-0
0.48,-10.8844990247346,5.69301132568708,5.10514739334055,-0,-0
0.5,-11.365840091779,5.95387925628441,5.31374827164675,-0,-0
0.52,-11.8482358489211,6.21586166323201,5.52123103235117,-0,-0
0.54,-12.3317310562828,6.47895540783613,5.727598350702,-0,-0
0.56,-12.8163768508309,6.74316330294568,5.93284688890981,-0,-0
0.58,-13.3022228990591,7.00848593482534,6.13697550042243,-0,-0
0.6,-13.7893175750329,7.27492219860608,6.33998469496754,-0,-0
0.62,-14.2777116493258,7.5424726357561,6.54187328312764,-0,-0
0.64,-14.7674574650074,7.81113845829042,6.74263935236852,-0,-0
0.66,-15.258601804472,8.08091592851641,6.94228592652048,-0,-0
0.68,-15.7512023263863,8.3518093588725,7.14080787174493,-0,-0
0.7,-16.2453103640017,8.62381743203493,7.33820567156081,-0,-0
0.72,-16.7409794120896,8.89693996175688,7.53447861740833,-0,-0
0.74,-17.2382652452227,9.17117776410244,7.72962493257216,-0,-0
0.76,-17.7372211125334,9.44652937278286,7.923645090011,-0,-0
0.78,-18.2379031296696,9.72299473137885,8.11653808088065,-0,-0
0.8,-18.7403714811169,10.0005756929755,8.30830089969038,-0,-0
0.82,-19.2446829260397,10.2792712954054,8.49893332819017,-0,-0
0.84,-19.7508971427352,10.5590817635038,8.68843388111057,-0,-0
0.86,-20.2590763296315,10.8400080859665,8.87680022795149,-0,-0
0.88,-20.7692741190712,11.1220459516324,9.06403536481742,-0,-0
0.9,-21.2815607787749,11.4051995600518,9.25013355604629,-0,-0
0.92,-21.7959980686235,11.6894677221709,9.43509447633161,-0,-0
0.94,-22.312649656082,11.9748496753779,9.61891729559305,-0,-0
0.96,-22.8315827810609,12.2613457890687,9.80159995110271,-0,-0
0.98,-23.3528650859141,12.5489559185842,9.98314082634704,-0,-0
1,-23.8765602069351,12.8376774641699,10.1635407483858,-0,-0
1.02,-24.4027453411878,13.1275133364851,10.3427948030304,-0,-0
1.04,-24.9314901305681,13.4184622332284,10.520902316449,-0,-0
1.06,-25.4628673769451,13.7105235815604,10.6978617816525,-0,-0
1.08,-25.9969543301574,14.0036979235938,10.8736704500267,-0,-0
1.1,-26.5338209027586,14.297982157785,11.0483292575577,-0,-0
1.12,-27.0735494786278,14.5933774726112,11.2218346075188,-0,-0
1.14,-27.6162235813097,14.8898845891115,11.3941832820995,-0,-0
1.16,-28.1619215518418,15.187501515207,11.5653747902492,-0,-0
1.18,-28.7107283665845,15.4862279789127,11.735406753917,-0,-0
1.2,-29.2627347459277,15.7860648650465,11.9042754760753,-0,-0
1.22,-29.8180160153551,16.0870070751458,12.0719834392292,-0,-0
1.24,-30.3766765144624,16.3890584802364,12.2385236004001,-0,-0
1.26,-30.9388048259497,16.6922167796222,12.4038952900015,-0,-0
1.28,-31.5044957473707,16.9964809096413,12.5680964322655,-0,-0
1.3,-32.073849953418,17.3018507436389,12.7311238440053,-0,-0
1.32,-32.6469640044628,17.6083240738941,12.8929764399574,-0,-0
1.34,-33.2239401715557,17.9158995678118,13.0536520957873,-0,-0
1.36,-33.8048920937575,18.22457815013,13.2131461473644,-0,-0
1.38,-34.3899265646467,18.5343578610778,13.3714568904395,-0,-0
1.4,-34.9791575643749,18.8452377756949,13.528581388253,-0,-0
1.42,-35.5727056316888,19.1572176608261,13.6845158216615,-0,-0
1.44,-36.1706742396012,19.4702921424029,13.8392618275285,-0,-0
1.46,-36.773204308234,19.7844641164661,13.9928119299481,-0,-0
1.48,-37.3804195092766,20.0997311357505,14.1451643151967,-0,-0
1.5,-37.9924492577549,20.4160911515156,14.2963166086696,-0,-0
1.52,-38.6094323926614,20.7335431982993,14.4462651055834,-0,-0
1.54,-39.2315096093879,21.0520856135144,14.5950067218566,-0,-0
1.56,-39.8588162167398,21.3717146057057,14.7425406027188,-0,-0
1.58,-40.4915172773694,21.6924313960276,14.8888601655418,-0,-0
1.6,-41.1297645683808,22.0142332499045,15.0339630708112,-0,-0
1.62,-41.773718728674,22.3371180548824,15.1778461371462,-0,-0
1.64,-42.4235526298969,22.6610847676419,15.3205048125586,-0,-0
1.66,-43.0794236702439,22.9861283933951,15.4619388777502,-0,-0
1.68,-43.7415241994639,23.3122489547502,15.6021422512376,-0,-0
1.7,-44.4100463202738,23.6394449624587,15.7411103795481,-0,-0
1.72,-45.085177028832,23.9677127790074,15.8788410118139,-0,-0
1.74,-45.7671215527739,24.2970504212788,16.0153298235489,-0,-0
1.76,-46.4560972538249,24.6274563282618,16.1505718057579,-0,-0
1.78,-47.1522999109945,24.9589243989657,16.2845671004657,-0,-0
1.8,-47.8559850334785,25.2914558224164,16.417307104919,-0,-0
1.82,-48.5673831397463,25.6250465502401,16.5487891752805,-0,-0
1.84,-49.2867422468088,25.9596934828952,16.6790093700833,-0,-0
1.86,-50.0143297033345,26.2953944446046,16.8079624400659,-0,-0
1.88,-50.7504026434082,26.6321443941393,16.9356464003666,-0,-0
1.9,-51.4952519865829,26.9699408590146,17.062055973995,-0,-0
1.92,-52.2472835950031,27.3079264250407,17.1868695546547,-0,-0
1.94,-52.7316951238197,27.5239972754992,17.2657979475846,-0,-0
1.96,-52.8638682634868,27.5827271726277,17.2871346327546,-0,-0
1.98,-52.890748151345,27.5946591488428,17.2914634674939,-0,-0
2,-52.8956049697152,27.5968146623562,17.2922452537537,-0,-0
2.02,-52.8964260406359,27.5971790504181,17.2923774075629,-0,-0
2.04,-52.8965595931042,27.5972383201279,17.2923989029218,-0,-0
2.06,-52.8965806800285,27.5972476783576,17.2924022968685,-0,-0
2.08,-52.8965839399201,27.5972491250746,17.2924028215488,-0,-0
2.1,-52.896584436446,27.5972493454291,17.2924029014647,-0,-0
2.12,-52.8965845111023,27.5972493785611,17.2924029134806,-0,-0
2.14,-52.8965845221998,27.597249383486,17.2924029152668,-0,-0
2.16,-52.8965845238499,27.5972493842184,17.2924029155324,-0,-0
2.18,-52.8965845240906,27.5972493843252,17.2924029155711,-0,-0
2.2,-52.8965845241258,27.5972493843409,17.2924029155768,-0,-0
2.22,-52.8965845241309,27.5972493843431,17.2924029155776,-0,-0
2.24,-52.8965845241316,27.5972493843434,17.2924029155777,-0,-0
2.26,-52.8965845241317,27.5972493843435,17.2924029155777,-0,-0
2.28,-52.8965845241317,27.5972493843435,17.2924029155777,-0,-0
2.3,-52.8965845241316,27.5972493843435,17.2924029155778,-0,-0
2.32,-52.8965845241317,27.5972493843435,17.2924029155778,-0,-0
2.34,-52.8965845241317,27.5972493843435,17.2924029155777,-0,-0
2.36,-52.8965845241317,27.5972493843435,17.2924029155777,-0,-0
2.38,-52.8965845241317,27.5972493843435,17.2924029155777,-0,-0
2.4,-52.8965845241317,27.5972493843436,17.2924029155777,-0,-0
2.42,-52.8965845241318,27.5972493843435,17.2924029155777,-0,-0
2.44,-52.8965845241318,27.5972493843435,17.2924029155777,-0,-0
2.46,-52.8965845241318,27.5972493843435,17.2924029155777,-0,-0
2.48,-52.8965845241318,27.5972493843435,17.2924029155777,-0,-0
2.5,-52.8965845241316,27.5972493843435,17.2924029155777,-0,-0
2.52,-52.8965845241317,27.5972493843435,17.2924029155777,-0,-0
2.54,-52.8965845241316,27.5972493843435,17.2924029155777,-0,-0
2.56,-52.8965845241317,27.5972493843435,17.2924029155777,-0,-0
2.58,-52.8965845241317,27.5972493843436,17.2924029155777,-0,-0
2.6,-52.8965845241317,27.5972493843436,17.2924029155777,-0,-0
2.62,-52.8965845241318,27.5972493843436,17.2924029155777,-0,-0
2.64,-52.8965845241318,27.5972493843435,17.2924029155777,-0,-0
2.66,-52.8965845241317,27.5972493843435,17.2924029155777,-0,-0
2.68,-52.8965845241317,27.5972493843435,17.2924029155777,-0,-0
2.7,-52.8965845241317,27.5972493843435,17.2924029155777,-0,-0
2.72,-52.8965845241317,27.5972493843435,17.2924029155778,-0,-0
2.74,-52.8965845241318,27.5972493843435,17.2924029155777,-0,-0
2.76,-52.8965845241317,27.5972493843435,17.2924029155777,-0,-0
2.78,-52.8965845241318,27.5972493843435,17.2924029155777,-0,-0
2.8,-52.8965845241318,27.5972493843435,17.2924029155777,-0,-0
2.82,-52.8965845241317,27.5972493843435,17.2924029155777,-0,-0
2.84,-52.8965845241316,27.5972493843435,17.2924029155778,-0,-0
2.86,-52.8965845241318,27.5972493843436,17.2924029155777,-0,-0
2.88,-52.8965845241318,27.5972493843435,17.2924029155777,-0,-0
2.9,-52.8965845241317,27.5972493843435,17.2924029155777,-0,-0
2.92,-52.8965845241316,27.5972493843435,17.2924029155777,-0,-0
2.94,-52.8965845241318,27.5972493843435,17.2924029155777,-0,-0
2.96,-52.8965845241318,27.5972493843435,17.2924029155778,-0,-0
2.98,-52.8965845241316,27.5972493843435,17.2924029155777,-0,-0
3,-52.8965846772493,27.5972496982662,17.2924025930787,-4.70466269022701e-08,1.05805324366626e-07
3.02,-52.9077832341212,27.5930833180125,17.2786530070836,-0.00344105328866326,0.00773874339704696
3.04,-52.9401447483556,27.5810244599235,17.2389189318217,-0.0133866283576347,0.0301058057289073
3.06,-52.9795572161412,27.5663336416995,17.1905141925822,-0.025502734755909,0.0573542760436157
3.08,-53.0204767994623,27.5510730279853,17.1402439113707,-0.0380863203101582,0.085654081786171
3.1,-53.0581853213543,27.5370021273515,17.0939055096224,-0.0453498975361989,0.110331686974702
3.12,-53.0678531676996,27.5333933498578,17.0820231084903,-0.00899233908106124,0.104232942958998
3.14,-53.0613037422874,27.5358381453305,17.0900728629855,0.0525751250598585,0.0803381297240948
3.16,-53.0507827347525,27.5397649865817,17.1030032187101,0.120314495859371,0.0520861462615801
3.18,-53.0394833631792,27.5439816792807,17.1168891126042,0.189261952350281,0.0229812683938126
3.2,-53.0314065479042,27.5469953591828,17.1268140982108,0.253962383189908,-0.00440761183675532
3.22,-53.0569744714824,27.537454065032,17.0953936668918,0.274011746200507,-0.0131189975525765
3.24,-53.1036476676896,27.5200277232391,17.0380222361772,0.26603014753402,-0.0101002636293853
3.26,-53.1555519927639,27.5006344742612,16.9741983584965,0.251075255385691,-0.00416326198621744
3.28,-53.2085013876167,27.4808356960713,16.9090650738051,0.234736750968325,0.0023672093322025
3.3,-53.2812840553844,27.4535961257543,16.8194947750002,0.221187328025324,0.0197286885953469
3.32,-53.3866752430325,27.4141014630186,16.6897121627237,0.212631057433025,0.0549126103964572
3.34,-53.5023806469943,27.3706717566823,16.5471154256971,0.205675155052773,0.0957826823341018
3.36,-53.6201882699076,27.3263775991263,16.4018062112266,0.199060469054241,0.137863628056316
3.38,-53.718944469261,27.2891876557166,16.2799009061656,0.196025245827156,0.179960722919291
3.4,-53.6900106524216,27.3000892279002,16.3156259949545,0.216213807668189,0.220723330016097
3.42,-53.5927167748509,27.3367133626608,16.4357018121303,0.24882013357732,0.26075788833529
3.44,-53.4788757708208,27.3795001991119,16.5760927270575,0.284414381450182,0.300616743186334
3.46,-53.3621635039282,27.4232923749842,16.7199053826697,0.320866712890198,0.340583208762515
3.48,-53.3052693835971,27.4446131026299,16.7899669522948,0.394950502432361,0.399790119274898
3.5,-53.3261446651949,27.4367922921548,16.7642636939141,0.517376938091695,0.483779233748783
3.52,-53.3700710494396,27.4203277904038,16.7101656651851,0.65412759907635,0.575112814094535
3.54,-53.4188293487394,27.4020398584038,16.650096922961,0.793891193157878,0.667991299347593
3.56,-53.4677384861723,27.3836822942745,16.5898212699282,0.916904578077659,0.749743369135702
3.58,-53.5134927377226,27.3664970319883,16.5334145651068,0.960278852193666,0.778964159496483
3.6,-53.5577291914391,27.3498709360511,16.4788614104452,0.966647973897825,0.783779872889492
3.62,-53.6015978701378,27.3333724439423,16.4247446617541,0.964390546840019,0.782906503147514
3.64,-53.637007103493,27.3200477277051,16.3810510952358,0.96145578960424,0.773078331508436
3.66,-53.6336922049425,27.3212954377939,16.3851420190269,0.962750027247873,0.726722025139453
3.68,-53.6124281178922,27.3292976844745,16.4113817510696,0.966091281142285,0.663488061974088
3.7,-53.5869803845894,27.3388710839088,16.44277880509,0.969912607699533,0.596326968989359
3.72,-53.5622897731069,27.3481562495595,16.4732362385703,0.973228375358256,0.529366730952814
3.74,-53.5857996398425,27.3393151868355,16.4442354436899,0.958129843414617,0.491811544848023
3.76,-53.6535746402931,27.3138108730076,16.3606035729082,0.926138814780921,0.48131115286754
3.78,-53.7333665075481,27.2837520274189,16.2620909452408,0.889544696769378,0.478185003167876
3.8,-53.8155555260272,27.2527533057645,16.1605593728524,0.852014238410174,0.476559022920405
3.82,-53.8893600637242,27.2248849598218,16.0693340261427,0.827402772466758,0.476064501377301
3.84,-53.9412333474104,27.2052796251204,16.0051873359327,0.835550725006839,0.477771029226345
3.86,-53.9850717039663,27.1886993623543,15.9509578219538,0.855678676204954,0.480272746215656
3.88,-54.02712348475,27.1727847000548,15.898922090998,0.878453663585399,0.482949676853418
3.9,-54.0663983142678,27.1579120526419,15.8503082376195,0.90079954096269,0.485786149317903
3.92,-54.0817214994333,27.1521071076793,15.8313376407267,0.914145200935471,0.489874203800238
3.94,-54.0819951867751,27.152003413619,15.8309987877287,0.921783642071269,0.494747715832425
3.96,-54.0785130850677,27.1533226748965,15.8353099388341,0.927996089031485,0.499817219381827
3.98,-54.0742894226428,27.1549227994228,15.8405390610316,0.933926915622477,0.504925410260072
4,-54.0682275351969,27.1572191558124,15.848043722937,0.94171069407678,0.509459607776586
4.02,-54.0404977314254,27.1677210967352,15.8823691985149,0.973619653204731,0.50662835178607
4.04,-53.9979426982376,27.1838293366893,15.9350326860823,1.02203891411396,0.498757212057762
4.06,-53.9515974283514,27.201360757548,15.9923681809214,1.07466267590903,0.489602641496802
4.08,-53.9044848907683,27.2191701325317,16.0506331077469,1.12812049722041,0.480193488429689
4.1,-53.8801205833284,27.2283754207353,16.0807570725196,1.16247437771831,0.471302399453923
4.12,-53.8989945666708,27.2212447632619,16.0574217876429,1.16047665004116,0.463468460323705
4.14,-53.9322921217669,27.2086599961895,16.0162458024396,1.14634559013633,0.455988555011952
4.16,-53.9686904844005,27.1948962147192,15.9712239549963,1.12959778010383,0.448585068273773
4.18,-53.9997119530742,27.1831598276408,15.9328434906497,1.11601025150248,0.438051556225349
4.2,-53.9830545768377,27.1894625000412,15.9534534504744,1.13165075420207,0.402252208650701
4.22,-53.9387739085279,27.2062095007237,16.0082292326824,1.16422794968737,0.351841061953564
4.24,-53.8877053024997,27.2255101244104,16.0713799122033,1.20095540536172,0.297850340272925
4.26,-53.8352986501065,27.245301346003,16.1361608828278,1.23844771038603,0.243175864161198
4.28,-53.7878358071603,27.2632123818839,16.1948094865895,1.25180853099901,0.197019407395994
4.3,-53.7478777625403,27.2782816444854,16.2441689893046,1.2299120635461,0.163402496689316
4.32,-53.7102252130303,27.2924733439007,16.2906674985462,1.19717544135271,0.133642760717679
4.34,-53.6730501100973,27.3064774102607,16.3365640132711,1.1621534518403,0.1046963166113
4.36,-53.6359602180512,27.3204417657463,16.3823430524071,1.1267043430811,0.0758990578721848
4.38,-53.6049746266317,27.332102049313,16.4205783642572,1.08703923761905,0.0458321105882871
4.4,-53.584101686946,27.3399538233738,16.4463301429612,1.04049045575584,0.0136212990094416
4.42,-53.5664559630447,27.3465897455339,16.4680973597447,0.991746072554635,-0.0192745911340464
4.44,-53.5494966089839,27.3529659361052,16.4890152901947,0.942533636777192,-0.0523165970563749
4.46,-53.5323058366341,27.3594275198253,16.5102160529039,0.890532649663043,-0.0860967168276831
4.48,-53.5127752308524,27.3667666196878,16.5342992706765,0.820636293421207,-0.124587106628144
4.5,-53.4919841657813,27.374577069234,16.5599330529536,0.741183134463183,-0.165592688824097
4.52,-53.4708864712737,27.3825002861027,16.5859409760025,0.659429495935113,-0.207203709453127
4.54,-53.4500115094043,27.3903374551212,16.6116704525391,0.577530807211401,-0.248838996569117
4.56,-53.4689758255132,27.3832176992152,16.5882960946001,0.537765894541369,-0.277443667232357
4.58,-53.5391805411894,27.3568436292951,16.5017379522188,0.552295846505002,-0.289260752223732
4.6,-53.6245253734983,27.3247454664616,16.3964543140508,0.582926405867266,-0.29609972737305
4.62,-53.7130018883917,27.2914270584952,16.287238927212,0.616945837064203,-0.301890910135946
4.64,-53.7905680153823,27.2621816672608,16.1914339121217,0.644601428898065,-0.306369355431608
4.66,-53.8153830190865,27.2528184247139,16.1607725675405,0.640090381740117,-0.305628249020122
4.68,-53.8157256079443,27.252689134571,16.1603492272744,0.62063365534076,-0.302476856326728
4.7,-53.8103649172382,27.2547121401583,16.1669733641129,0.597692999756301,-0.298764213068374
4.72,-53.8039088502115,27.2571483047248,16.1749507022898,0.574083372128499,-0.294943847728531
4.74,-53.8020721617828,27.2578413276069,16.1772201094367,0.549870660006425,-0.294207283614918
4.76,-53.8266397043931,27.2485698940546,16.1468620076476,0.52296926719504,-0.310515906219725
4.78,-53.8642909575615,27.2343543753054,16.1003259249032,0.494742214722324,-0.33527122518608
4.8,-53.9050524758463,27.2189556365542,16.0499312636618,0.466199105693314,-0.362042002516915
4.82,-53.9461040136077,27.2034380036527,15.9991630134322,0.43801067310296,-0.38922856292503
4.84,-53.9621740352409,27.1973609131763,15.9792851635697,0.445204344950657,-0.418998040273988
4.86,-53.9497216724018,27.2020700658205,15.9946883474769,0.492675698873731,-0.451640420569193
4.88,-53.9290447352665,27.2098876215913,16.0202619937294,0.551754404618359,-0.485109259227724
4.9,-53.9066623008382,27.2183473068349,16.047940706517,0.613234666918226,-0.518748998884938
4.92,-53.8833453745958,27.227157224296,16.0767702546493,0.661499126159857,-0.550684926011208
4.94,-53.8575374743304,27.2369047856372,16.1086740109326,0.656224264094876,-0.575813554373223
4.96,-53.8306581665321,27.247053076514,16.1418958989057,0.627675956015264,-0.597984195202671
4.98,-53.8035285318437,27.2572918026432,16.1754206152749,0.593781343786452,-0.619475384700293
5,-53.7826795558135,27.2651574414411,16.2011797189439,0.551893659906083,-0.640012084414058
5.02,-53.9679440579,27.1951785141532,15.9721472947093,0.282659221559717,-0.633653233314981
5.04,-54.3405368897795,27.053858984177,15.5105941271334,-0.194046458977951,-0.602751320035335
5.06,-54.7628431114547,26.8927303902359,14.9859261293149,-0.727265445603351,-0.565164125878066
5.08,-55.1939223042669,26.727195008668,14.4486601867662,-1.27196721869656,-0.52621856945902
5.1,-55.6303845989139,26.5584810378793,13.9029075509015,-1.81857936825155,-0.487529117763226
5.12,-56.3193396072161,26.2898406131409,13.0377292770984,-2.35680854832624,-0.473805258835172
5.14,-57.2599442552157,25.9183537060057,11.8490334732292,-2.88621687052005,-0.485489815833526
5.16,-58.2634728501804,25.5157760926738,10.5709591967167,-3.4131470228166,-0.504293424759678
5.18,-59.2720452955181,25.1044196206904,9.27585241390144,-3.93956910440773,-0.524555314708907
5.2,-60.3566206996695,24.6541911973825,7.87086768897971,-4.43053282813722,-0.481215435699789
5.22,-61.7054995849468,24.0822763563177,6.10496989522946,-4.80278033304236,-0.223562717418244
5.24,-63.1470609393271,23.4555858389934,4.19399209559375,-5.12649153812134,0.12172848024469
5.26,-64.591866489373,22.8104375694626,2.25283713362801,-5.43921318235494,0.4868635464952
5.28,-66.0285750450952,22.1508664901644,0.295488874519008,-5.75202738138303,0.853500431945124
5.3,-67.6475099274969,21.3847115964613,-1.94410259728014,-6.11165326224311,1.17176521752393
5.32,-69.4025352983804,20.524596842995,-4.41514803020722,-6.51034712525376,1.4494744028069
5.34,-71.1643481496282,19.6277778890346,-6.94374642485565,-6.91942017182121,1.71640425384796
5.36,-72.7913714393198,18.9613822007583,-9.57392903027045,-7.33058829044463,1.9811579245061
5.38,-70.4692459592447,24.3967897111565,-14.6355660269122,-7.66985847261183,2.26484386976111
5.4,-67.2569757026097,26.2927595815249,-18.9831372130085,-7.82798252082516,2.59691357953725
5.42,-65.0347502426499,23.9502965326413,-22.2245826790282,-7.91991072461445,2.94667403504555
5.44,-63.2322057297226,20.4341719971633,-25.1371660091793,-7.99723405586554,3.30033812214954
5.46,-61.6155667787712,16.647606383004,-27.9620522182002,-8.07181231096382,3.65473596255102
5.48,-60.1487588925847,12.7383293608479,-30.7377810007659,-8.14447798349085,3.99281016674745
5.5,-58.9321014820678,8.57304669211562,-33.3979163809781,-8.20925162402829,4.24152836153034
5.52,-57.8914354302307,4.30368266006014,-35.9606963140484,-8.27010718130752,4.44557669144589
5.54,-56.9674118355846,0.0302569198661989,-38.4476822781737,-8.33003892433898,4.63908081659344
5.56,-56.1376823074621,-4.21571841130551,-40.8572326599558,-8.3890403670195,4.82978289792675
5.58,-55.0774495221054,-8.06786514014813,-42.8568071007847,-8.38875680027856,4.95989792248081
5.6,-53.7251371722929,-11.4670092370901,-44.4230987000537,-8.32089600562533,5.02126918025605
5.62,-52.3315606427908,-14.7050833100218,-45.8404257034857,-8.23355694295297,5.06283290162619
5.64,-50.9764962509963,-17.877987743176,-47.1953569414105,-8.14218915359235,5.10030023432649
5.66,-49.7594674520535,-20.8757432325141,-48.411742028554,-8.08662746227235,5.15653589151945
5.68,-48.8686522134622,-23.3967674721855,-49.2785901783315,-8.15380958702155,5.27826467456221
5.7,-48.1219557237722,-25.7115583647088,-49.9856574259042,-8.27115278665011,5.42677303238758
5.72,-47.4272322112723,-27.9628037084072,-50.6316667786713,-8.39984780977911,5.58134247530249
5.74,-46.7645863842271,-30.1503231489396,-51.2266970489267,-8.52842951749936,5.73301317463227
5.76,-46.1572356926112,-31.5747861095434,-51.5264701557446,-8.6085620390145,5.79778747675242
5.78,-45.5830747959177,-32.3770806998419,-51.5997343142775,-8.64839198399174,5.79058882364448
5.8,-45.0179301740231,-33.0107152589538,-51.6133981634976,-8.6774174741861,5.76410377482478
5.82,-44.4558250056761,-33.6076651152319,-51.6146999779813,-8.70427751095822,5.73375387568542
5.84,-43.9027838025836,-34.1954581720989,-51.6137446106681,-8.73003617805071,5.70281383844309
5.86,-43.5760917215301,-34.7929664817514,-51.6283995603032,-8.73343992691006,5.67504969146847
5.88,-43.45681563471,-35.4012216051727,-51.655710550582,-8.7164176595076,5.65028286307102
5.9,-43.3952532140177,-36.0113926404675,-51.683931607787,-8.69383319604888,5.62633461443103
5.92,-43.3467211902974,-36.6207528337819,-51.7097033773749,-8.67011981307772,5.60255266594747
5.94,-43.3383654027861,-37.2343738320919,-51.7557133655363,-8.63599067392257,5.60151424936419
5.96,-43.4376737043191,-37.8630129382093,-51.8661708918193,-8.57229724269272,5.66617110830523
5.98,-43.5798277414578,-38.4968366009165,-51.9996439928207,-8.49720134508035,5.75618160040191
6,-43.7331993166382,-39.130994907891,-52.1358911177477,-8.41955853433694,5.85185597394542
6.02,-43.8850986735964,-39.7494157346524,-52.2672438055244,-8.34410672959783,5.94596589323258
6.04,-43.9494953789962,-40.1152879690199,-52.3470480275333,-8.31358150056173,5.99590527139918
6.06,-43.947324769794,-40.2927190052936,-52.3895423393538,-8.31670759172022,6.01269880881006
6.08,-43.9278146047332,-40.4211866946041,-52.422386553915,-8.3285820726932,6.02087366033957
6.1,-43.904882972838,-40.5398371687298,-52.4532322970931,-8.34220721726131,6.02732368340717
6.12,-43.9573611733426,-40.7517888458762,-52.5161922957381,-8.35216815875238,6.05470289237751
6.14,-44.1758751210579,-41.1702617548647,-52.6493358794395,-8.35351430036757,6.12829734821782
6.16,-44.4532101501297,-41.659966868055,-52.8058687671592,-8.35185684531264,6.21796164317564
6.18,-44.7445512780666,-42.1646043557706,-52.9664530132951,-8.34954299326473,6.31113553462082
6.2,-45.0184212080497,-42.639043471202,-53.1138500840357,-8.34443982332409,6.39652963028947
6.22,-45.0802502043337,-42.7890212443307,-53.1315435054253,-8.31256521664988,6.39742788534871
6.24,-45.0083684377116,-42.7355795661446,-53.0683350836302,-8.26391198129452,6.34528610369894
6.26,-44.9031578022642,-42.6314095990294,-52.9849900147902,-8.21107686680864,6.27992204404187
6.28,-44.7914050754317,-42.5171964535574,-52.8976730685993,-8.15741660349638,6.21194883093918
6.3,-44.6886817753101,-42.4133921474454,-52.8123333504645,-8.10672239957451,6.14665742966055
6.32,-44.7153985077946,-42.4652836557689,-52.7610935974292,-8.09571026158256,6.12142814175868
6.34,-44.8307602568369,-42.6236254451714,-52.733135660952,-8.11182345689452,6.12361177687139
6.36,-44.9688873828943,-42.8089294593258,-52.711001392682,-8.13484529205488,6.13277812986049
6.38,-45.1117176230121,-42.9994343427369,-52.6899184501782,-8.15924058825842,6.14333090249002
6.4,-45.2205071194339,-43.1469887144429,-52.6772507730132,-8.1941997160992,6.14427909100192
6.42,-45.2630255864103,-43.2117023435406,-52.680367555039,-8.24876896734274,6.12658439025351
6.44,-45.2834598015574,-43.2488553458746,-52.6887380139221,-8.30985307903104,6.10268222633411
6.46,-45.2991347363646,-43.2800669464677,-52.6982377517154,-8.37234090378827,6.07744182173061
6.48,-45.3119375302927,-43.3081933857555,-52.7059180761694,-8.43201186097276,6.05032190211266
6.5,-45.3087469395221,-43.3203802080197,-52.6975173599513,-8.46723889639087,6.01018361391694
6.52,-45.2963475865765,-43.3234100151045,-52.6797852931155,-8.48828289548018,5.96251936321575
6.54,-45.2816852196069,-43.3241937736627,-52.6597619049817,-8.5058429409942,5.91300736241327
6.56,-45.2666755882654,-43.3246448431738,-52.6393301059666,-8.52273053338008,5.86318847971947
6.58,-45.301885002635,-43.3792547755431,-52.6384306180697,-8.54344093203039,5.84096705936445
6.6,-45.4102423727487,-43.5125919136688,-52.665979464768,-8.56986033926456,5.85892475520589
6.62,-45.5411785689912,-43.6699820553727,-52.7022132659441,-8.5980344013423,5.88921231420467
6.64,-45.6770507678738,-43.8323767338838,-52.7402466060051,-8.62658163115303,5.92212095778992
6.66,-45.8139533492876,-43.9955604500981,-52.7785596612208,-8.6552002525677,5.95549960276648
6.68,-45.9315898392484,-44.1241142230092,-52.8114455087382,-8.68966631360651,5.96983914149463
6.7,-46.0168587365364,-44.1951588147928,-52.8353365420695,-8.73381060716362,5.95248724626672
6.72,-46.0918228613264,-44.247894440854,-52.8563893215381,-8.78103380717196,5.92505029793312
6.74,-46.1645829742015,-44.2966732222018,-52.8768522275872,-8.8289190124135,5.89544474917514
6.76,-46.2305267813789,-44.3362022006033,-52.8840297355108,-8.86970278524909,5.86417468745139
6.78,-46.2540665261739,-44.3196251412124,-52.8042765559391,-8.86292946097506,5.82449529611535
6.8,-46.2548607004879,-44.2731660469203,-52.6779994245959,-8.83068992322454,5.78033955885204
6.82,-46.2501111087973,-44.2196487737033,-52.5405576988759,-8.79233262396072,5.73510943021589
6.84,-46.2440667692604,-44.1647857038598,-52.4011565956487,-8.75285834463283,5.68972547246615
6.86,-46.2146819767972,-44.0950238357817,-52.2999200968349,-8.7277246418437,5.65444563300354
6.88,-46.1557213730498,-44.0062945910486,-52.2479761336332,-8.72120006121473,5.63215349391684
6.9,-46.0880200202483,-43.9118937771819,-52.2106697541313,-8.72021284602757,5.61372350106654
6.92,-46.0185357613358,-43.8162804039476,-52.1763949084451,-8.72038223928905,5.596100054188
6.94,-45.9667464006866,-43.736890531952,-52.1480018852842,-8.72303881401609,5.57884585633841
6.96,-45.9980876387265,-43.733645246182,-52.1444456226936,-8.7362518186302,5.56263887705733
6.98,-46.067979464409,-43.7656910984758,-52.1524097202549,-8.75434695737524,5.54690968994811
7,-46.1468733147888,-43.8059347936396,-52.1630931134127,-8.77357948141268,5.53129155024063
7.02,-46.2275125847149,-43.8477253774114,-52.1743334014733,-8.79303036579748,5.51569470918856
7.04,-46.3148296344865,-43.8945098905393,-52.1907753356637,-8.81212462072738,5.50461299931446
7.06,-46.4441878190179,-43.9726433104532,-52.2407679745065,-8.82861874930318,5.52331582863604
7.08,-46.596051485739,-44.0674596600058,-52.3087849737303,-8.84371915949688,5.55795598791001
7.1,-46.7533593365764,-44.1661939411399,-52.3812305239994,-8.85848452595438,5.59642642188382
7.12,-46.9116803049046,-44.2654103487745,-52.4545858035808,-8.87311304926123,5.63561718004745
7.14,-47.0556658140465,-44.332328114278,-52.5191463134444,-8.87537945534545,5.67051875798267
7.16,-47.1810252287575,-44.3577685065016,-52.5722305385476,-8.86181896443565,5.69977781064157
7.18,-47.3008244806278,-44.3708153062713,-52.6219648610801,-8.84354804340851,5.72735443361817
7.2,-47.4194540936191,-44.3812211474766,-52.6710795705424,-8.82429415415019,5.75457977826648
7.22,-47.5392096551393,-44.3929472128197,-52.7217932672786,-8.80928792897198,5.78002079750549
7.24,-47.6651420044222,-44.4131076174982,-52.7801126748457,-8.81468444279719,5.79751369203378
7.26,-47.7939341494208,-44.4371542366758,-52.8420265327378,-8.8295372751416,5.811329654586
7.28,-47.9233832410869,-44.4620532313742,-52.904874067007,-8.84660783192907,5.82428357181604
7.3,-48.052896151854,-44.4870461119464,-52.9679757404033,-8.86408431679222,5.83706354615378
7.32,-48.1606095424068,-44.5090868789623,-53.0222813249701,-8.87332073919486,5.84556539150607
7.34,-48.2366263766711,-44.5268688412561,-53.063659926133,-8.87048589108304,5.84788680143829
7.36,-48.3029105993539,-44.5433363583327,-53.101080857393,-8.863944307765,5.84831201357028
7.38,-48.3671207351092,-44.5595115148302,-53.1376806758968,-8.85661470571817,5.84833420877497
7.4,-48.4309446556225,-44.5756219749739,-53.1741474425061,-8.84913999476953,5.84828029513258
7.42,-48.4925944510956,-44.596995729673,-53.2018324108563,-8.83991576328438,5.84375096871163
7.44,-48.5507569511502,-44.6271077425612,-53.214996042549,-8.82783178386859,5.8318308908065
7.46,-48.6078180461995,-44.6599975851942,-53.2235372645744,-8.81483569607785,5.81755220982666
7.48,-48.6646534737834,-44.6934677376015,-53.2311052254989,-8.80164475940668,5.80276959575801
7.5,-48.7251995340514,-44.7370826103535,-53.2455121350967,-8.79261678100693,5.7911986477186
7.52,-48.8063341476683,-44.8359144518591,-53.2983672789021,-8.80665408047989,5.79777115245184
7.54,-48.8977530075679,-44.9621482678332,-53.3702849767471,-8.83215195740005,5.81336239589997
7.56,-48.9916693168582,-45.094840961295,-53.446664137025,-8.860362935967,5.8310888174088
7.58,-49.0860643476374,-45.228236602283,-53.5234351794856,-8.88908256588196,5.84910761659053
7.6,-49.177198535051,-45.3357552555714,-53.579155353856,-8.9170979633448,5.86112856228947
7.62,-49.2649218784115,-45.4168044996395,-53.6134241749983,-8.94431947848726,5.86699722168557
7.64,-49.3517108976833,-45.4904044858017,-53.6417019712201,-8.97131679745392,5.87114119729815
7.66,-49.4383357951031,-45.5624418444175,-53.6687675835683,-8.99826799133066,5.87493117239243
7.68,-49.5161370982963,-45.6215968197192,-53.6924159674372,-9.02071168426763,5.87975473984865
7.7,-49.5643082509652,-45.6384728709214,-53.7052462915217,-9.02803893296525,5.88825581760864
7.72,-49.6003705700332,-45.6380916802648,-53.7136696050622,-9.02919106693837,5.89826195746377
7.74,-49.6336905702576,-45.6337983532545,-53.7211006944663,-9.02894449768192,5.90860912853618
7.76,-49.6658543414431,-45.6281480864225,-53.727829057995,-9.02849531824504,5.91835525920388
7.78,-49.6838954865985,-45.6089119332403,-53.723048080418,-9.02938031894376,5.91344425788365
7.8,-49.6903082765587,-45.5785176084215,-53.7087517440957,-9.03140058290116,5.89639122458312
7.82,-49.6936395642677,-45.5451637817772,-53.6919229717481,-9.03372313436017,5.87611364746344
7.84,-49.6963538917538,-45.5112137718928,-53.674577140131,-9.0361067609546,5.8551851549033
7.86,-49.6984156825512,-45.4767811204498,-53.6569698477455,-9.03897954016556,5.83386109099744
7.88,-49.6838284668497,-45.4308716370865,-53.6343899464459,-9.05640888577498,5.80404054228638
7.9,-49.653967510165,-45.3744274784257,-53.6072457900268,-9.08720990298307,5.76642919736454
7.92,-49.6199683885507,-45.3151141643221,-53.5788480932387,-9.12164583223766,5.72670037907832
7.94,-49.5851410539028,-45.255211160545,-53.5501814887395,-9.15682159843139,5.68654060124483
7.96,-49.5463548306956,-45.192649997752,-53.51641285389,-9.19373099793282,5.64380222360992
7.98,-49.4965439616485,-45.1227305094273,-53.4681013819489,-9.23527247528076,5.59384579521851
8,-49.4424847480936,-45.0499675096781,-53.414158992551,-9.27860025264626,5.54110087502377
8.02,-49.3874860397509,-44.9765647929152,-53.3589438337371,-9.32232803091865,5.48773129873683
8.04,-49.3339149260069,-44.9045162345483,-53.3045878351063,-9.36593505747846,5.43533869648018
8.06,-49.3070239602861,-44.8572332945263,-53.2688055987691,-9.40626775915681,5.40128700675924
8.08,-49.3001119183794,-44.82850007779,-53.2469514663755,-9.44414243908938,5.38097302678709
8.1,-49.2983860776351,-44.8045827754741,-53.2287112841267,-9.48137901248923,5.36422451291597
8.12,-49.2977067936108,-44.7816375249592,-53.2111973417912,-9.51848699481915,5.34819444948627
8.14,-49.2884488051112,-44.7477314672105,-53.1923119934039,-9.5421237343893,5.33121738381746
8.16,-49.2601619771339,-44.6896250166519,-53.1701740195972,-9.5365013835064,5.3119225852982
8.18,-49.225262655568,-44.6230766071737,-53.146879546288,-9.52069176676993,5.29181674169149
8.2,-49.1889417437711,-44.5546771428972,-53.1233116948784,-9.50266124326565,5.27153386900366
8.22,-49.1523766347287,-44.4859228102696,-53.0996716695928,-9.4842173113668,5.25121802546757
8.24,-49.1303263048815,-44.4620095151492,-53.0239352369247,-9.4125997363305,5.24857143169612
8.26,-49.1444687216797,-44.550718766491,-52.8176735063634,-9.20792685012749,5.29020768210136
8.28,-49.1713966795745,-44.6808056107848,-52.5634769455824,-8.9545983069779,5.34803828064081
8.3,-49.2006673556576,-44.8202165642683,-52.2984806796579,-8.69053983064024,5.40944023610694
8.32,-49.23470448037,-44.9658058931638,-52.0439979537416,-8.429740014367,5.47474930506697
8.34,-49.33005518179,-45.1658214639316,-51.9521009359465,-8.23594194536628,5.58158129469932
8.36,-49.4677412334297,-45.4025797645857,-51.9713382069721,-8.08809841190445,5.71671905807759
8.38,-49.6164885417589,-45.6484992816975,-52.018624670397,-7.95195440602878,5.85905800003916
8.4,-49.7677326181614,-45.8960642439954,-52.0712281169538,-7.8181358270402,6.00282783917568
8.42,-49.9842785025145,-46.1681812342843,-52.0931019473397,-7.67845866249354,6.14280898290316
8.44,-50.3239546013861,-46.4861254728978,-52.0555401678049,-7.52695344794636,6.27516357722544
8.46,-50.7052163115995,-46.8185962826612,-51.9984963579038,-7.37150047964642,6.40497307327154
8.48,-51.0961184952351,-47.153432963836,-51.9375639309437,-7.21519580779346,6.53423349940544
8.5,-51.4564399368763,-47.4593181716275,-51.8679111416889,-7.05460506862221,6.65735825161073
8.52,-51.5555936897145,-47.538401297425,-51.7325143027421,-6.86129751892398,6.732684021974
8.54,-51.5022194472793,-47.4859227353722,-51.5587899143138,-6.64896292938987,6.78020221348261
8.56,-51.4114804241871,-47.4014899649922,-51.3757202250973,-6.4319878375889,6.82093810285629
8.58,-51.3132755825579,-47.3109213502213,-51.1908286264584,-6.21410381954036,6.8603455323842
8.6,-51.225262917225,-47.2278869008488,-51.0137240001615,-6.00458186927001,6.90291675402721
8.62,-51.2525439768566,-47.2289648757873,-50.9168704432632,-5.87950181633781,6.97913780997397
8.64,-51.3523781477275,-47.282826079723,-50.8704587041267,-5.80742674226822,7.07649454773901
8.66,-51.4704569209603,-47.3498566075018,-50.8367697295806,-5.74863840998984,7.17914978982325
8.68,-51.5921547772743,-47.4194139333634,-50.8056610356465,-5.69246328773725,7.28283587403229
8.7,-51.6820314780201,-47.4827221780199,-50.7830037490062,-5.64475158023374,7.36249493913306
8.72,-51.718151039451,-47.5350675912689,-50.7735598502261,-5.61037665523674,7.40205477797714
8.74,-51.7371472638284,-47.583912335904,-50.7682855374053,-5.58023401237587,7.42884785537849
8.76,-51.7524703742613,-47.631998549417,-50.7638906413458,-5.55100010384895,7.45289730655213
8.78,-51.7537170024844,-47.660644012616,-50.7525214785103,-5.52662785366896,7.46792232669508
8.8,-51.6664763105131,-47.562040200206,-50.6942237118289,-5.53323394865428,7.42669250981361
8.82,-51.5320725320128,-47.3953225528156,-50.6107629474626,-5.55639461582348,7.35541336773635
8.84,-51.3864579779881,-47.2121077364297,-50.521160870638,-5.58354045108869,7.27690093956647
8.86,-51.2390254163975,-47.0259122236565,-50.4303969245728,-5.61154104774909,7.19701735156233
8.88,-51.1343287802327,-46.9027602575999,-50.3619167792848,-5.65379680738856,7.12480066818775
8.9,-51.0846980817974,-46.8611939853808,-50.3223480105248,-5.71417995460179,7.06269246683417
8.92,-51.051406051032,-46.8438679580274,-50.2913767387478,-5.77994122642879,7.00359067159546
8.94,-51.0215188247128,-46.8316006235564,-50.2622030587659,-5.84682450794397,6.94511654017762
8.96,-50.9922609958387,-46.8202708442126,-50.233372397277,-5.91391371221578,6.88676492087229
8.98,-50.9778988930999,-46.8220192152896,-50.2257030354765,-5.97827735380243,6.84607568543105
9,-50.988038812553,-46.8451820792175,-50.2529679838749,-6.03807742118683,6.83459103127204
9.02,-51.0059990240306,-46.875187883987,-50.291386512841,-6.09641898384032,6.8324336631537
9.04,-51.0256231966985,-46.9066602099428,-50.3321807467837,-6.15444949652578,6.83226512338174
9.06,-51.0304150083282,-46.9267031262083,-50.362867584322,-6.19667969475908,6.83393428458762
9.08,-50.9352897648053,-46.8694368501048,-50.3240070395952,-6.1349187918518,6.84537357710084
9.1,-50.7867322238669,-46.7707113661847,-50.2479923468761,-6.01753239851813,6.86201576566968
9.12,-50.6253699934732,-46.6619177173867,-50.1631345182292,-5.88677212620274,6.87990804085042
9.14,-50.461581614434,-46.5510825834608,-50.0766535188883,-5.75341747796761,6.89804765650602
9.16,-50.391284510078,-46.5112599478571,-50.0193675476083,-5.65507567009012,6.93259255757294
9.18,-50.4992065611919,-46.6069836347273,-50.0178796023233,-5.62399978479485,6.99820837950562
9.2,-50.6665245811363,-46.7476253105549,-50.0350053428339,-5.61529914949663,7.07415222180579
9.22,-50.8467846121679,-46.8977636049724,-50.0562126704663,-5.61141787607831,7.15232019455833
9.24,-51.009406502014,-47.0348475564181,-50.0750974652089,-5.61125675458309,7.2236542879905
9.26,-51.0411302688589,-47.0768504469209,-50.0736291285894,-5.62963206462269,7.24789850693505
9.28,-51.0021657422776,-47.0675947219646,-50.0611395701483,-5.65793134369269,7.24675958817995
9.3,-50.9462523240625,-47.0460326711053,-50.0460263663585,-5.68860783714987,7.23953405334924
9.32,-50.887048136587,-47.0220609189588,-50.030423211952,-5.71974661686717,7.23112440770037
9.34,-50.8264613394098,-46.994391063221,-50.0147687564527,-5.75135895243953,7.22219579805888
9.36,-50.7593728413847,-46.9407426816843,-49.9992370773966,-5.78609935351066,7.21077035874545
9.38,-50.6885700506427,-46.8720113389641,-49.9837753015768,-5.82265133786616,7.19790897823403
9.4,-50.616889132862,-46.7995683745719,-49.9683276303663,-5.8596456871587,7.18469730310544
9.42,-50.5455499464148,-46.7264700278558,-49.953145552067,-5.89681370615327,7.17141730216223
9.44,-50.5578117961315,-46.6704366211684,-49.9836319672734,-5.94901677778047,7.15815789458108
9.46,-50.6767551708732,-46.6363140791951,-50.0724664549238,-6.02039803798796,7.14493824862579
9.48,-50.8275537187236,-46.6086587731386,-50.1788787656223,-6.09752113106593,7.13173078551563
9.5,-50.9848883443304,-46.5822476323865,-50.2890550075642,-6.17583796477417,7.1185258724431
9.52,-51.1200436470982,-46.5612786012354,-50.3916584707044,-6.24575652533015,7.10707001501256
9.54,-51.1644162024441,-46.5610559841538,-50.4617543183954,-6.2820722970855,7.10244053764919
9.56,-51.1691375891805,-46.5699140540536,-50.5176127543033,-6.30371884277335,7.10078901844116
9.58,-51.1647688176646,-46.5808691961639,-50.5702116642067,-6.32200590595898,7.09981940912589
9.6,-51.1596944512654,-46.5936549224258,-50.6220391833024,-6.33997704308923,7.09892693249775
9.62,-51.1778419495658,-46.6384635535786,-50.670319966206,-6.36519258706115,7.09685811127462
9.64,-51.215314295924,-46.7095570450214,-50.7157335055418,-6.39644113575797,7.0938066633025
9.66,-51.2579854487262,-46.7876756320403,-50.7603560262643,-6.42930574860916,7.09049191945671
9.68,-51.3017255451814,-46.867202499847,-50.8047935825133,-6.46249559406005,7.08712418190908
9.7,-51.3338586825486,-46.930382966236,-50.8386509737327,-6.48754144524713,7.08464709135178
9.72,-51.3364680408197,-46.95209962967,-50.8461770609328,-6.49208246337973,7.08441976193973
9.74,-51.3282785093315,-46.9586561667989,-50.8440871645959,-6.48912862237426,7.08501486476166
9.76,-51.3176900380685,-46.9618448704228,-50.8398628117833,-6.48451018353016,7.08579263403614
9.78,-51.3066539097596,-46.964404657435,-50.8352409546275,-6.47958118599067,7.08660448325443
9.8,-51.3064658648077,-46.981566582088,-50.8374334517276,-6.47497868240248,7.09090973074803
9.82,-51.3378315471902,-47.0411949461367,-50.8594802144135,-6.47146556096667,7.10528846233034
9.84,-51.3813995033287,-47.1172007731815,-50.8891648796764,-6.46837477330188,7.12355370800339
9.86,-51.4277287348055,-47.196863894456,-50.9205344036567,-6.46537872263463,7.14268987583078
9.88,-51.4744172888537,-47.27697539039,-50.9518688551574,-6.46270221498731,7.16213016239347
9.9,-51.5180567204522,-47.3533438686558,-50.9777656817793,-6.46507474386169,7.18393256686911
9.92,-51.5593653923798,-47.4268349481134,-50.999551583328,-6.47122684297177,7.20748741499184
9.94,-51.6000873400954,-47.4995646336942,-51.0202469003988,-6.47836093383808,7.23149712858476
9.96,-51.640714064265,-47.5721293697663,-51.040700927097,-6.48569124252717,7.25559770025225
9.98,-51.6734320744243,-47.6292649817274,-51.0488494516553,-6.49005723254537,7.27288882710465
10,-51.688920534799,-47.6528829916628,-51.0303284172354,-6.48789656464357,7.27531799196456
10.02,-51.6984109325877,-47.6648545521444,-51.0025393685705,-6.48346562795747,7.27257949251539
10.04,-51.7065862528086,-47.6742882333765,-50.9727269256447,-6.47853900083824,7.2687127907612
10.06,-51.7165589960432,-47.6807059546969,-50.9445111889517,-6.47571721663674,7.26364710194059
10.08,-51.7470596236632,-47.6614478860924,-50.9360628971879,-6.49495150261658,7.2486102672151
10.1,-51.790449603972,-47.6261318242144,-50.9400319210209,-6.52800981152957,7.22734413124065
10.12,-51.8370696461615,-47.5867913437716,-50.9471071122929,-6.56452235678045,7.20452211209349
10.14,-51.8843333399899,-47.5466470249527,-50.9547956162198,-6.60171359372012,7.18139443875071
10.16,-51.9319385735939,-47.5007023973933,-50.963345597648,-6.64143164637665,7.15707517050787
10.18,-51.9823770290569,-47.3824063109131,-50.9814420486973,-6.71198075936973,7.11818387149688
10.2,-52.0348223894673,-47.2146388761347,-51.0058533898665,-6.80357261359269,7.06934666882274
10.22,-52.087883603856,-47.034185840058,-51.0316314349074,-6.90051656245577,7.01797977828293
10.24,-52.1411755306615,-46.8511002177815,-51.0574404094005,-6.99852650109083,6.96610894342641
10.26,-52.2717221874362,-46.6493141267532,-51.0654874059001,-7.07821579004852,6.91123151668253
10.28,-52.5489046318152,-46.4127724426706,-51.0404151343622,-7.12283501892594,6.85080871415584
10.3,-52.8754448476234,-46.1642768328567,-51.0048526152643,-7.1557841053401,6.7885440362132
10.32,-53.2132323502191,-45.9127714058702,-50.9675569123231,-7.18622210849273,6.72588322780228
10.34,-53.5433699894512,-45.6122009969579,-50.9349901351048,-7.22662187566715,6.66734036008674
10.36,-53.7917804687835,-44.9233753731069,-50.9371539795165,-7.35094645115289,6.64254387074779
10.38,-53.9956783964178,-44.0082789794244,-50.9535525231465,-7.52374519659253,6.63723082737986
10.4,-54.1921775178711,-43.0346667528048,-50.9667588856189,-7.70845888744252,6.63670653589389
10.42,-54.3915278640438,-42.0466389102219,-50.9726369840515,-7.89545380593947,6.63713994032647
10.44,-54.8722512203221,-41.0988321318702,-50.9845414795834,-8.06340301515129,6.6474494230552
10.46,-55.7613812393214,-40.2116012324819,-51.0146077123312,-8.20315787406972,6.67189092305211
10.48,-56.7816724815501,-39.3368463073106,-51.0535124591695,-8.33422194978182,6.7006794143644
10.5,-57.8358238044667,-38.4577682018204,-51.0969730955401,-8.46345115339319,6.73038513601879
10.52,-58.9027585866072,-37.5704573108621,-51.1437797098134,-8.59231933813331,6.76024361505099
10.54,-60.0112072892563,-36.424869530501,-51.1228468369786,-8.66778316479292,6.75516805722389
10.56,-61.1894130522271,-34.8527738167327,-50.9810693324318,-8.65492598978807,6.69221801140856
10.58,-62.4076513458609,-33.1302580032138,-50.7927287580409,-8.61385199284187,6.61077645494223
10.6,-63.6542519913599,-31.359289625395,-50.5866948747228,-8.56676479487365,6.52539412846302
10.62,-64.8892143705865,-29.50994269412,-50.333406455376,-8.49393157792789,6.42700731932465
10.64,-65.9049189628114,-27.2973936497987,-49.8237715400986,-8.25883084720535,6.24772817921456
10.66,-66.8250619476611,-24.8785241167104,-49.1569968529589,-7.93693287296363,6.02519067454253
10.68,-67.7538753744293,-22.3900681153553,-48.4286841540871,-7.59416618632905,5.79225293659774
10.7,-68.71937218509,-19.8653451282486,-47.6632783943195,-7.24720064005398,5.55596832607929
10.72,-69.8261801743297,-17.229956630565,-46.6699428778454,-6.87882691326055,5.08291358341786
10.74,-71.115383851173,-14.471326769444,-45.4004906819899,-6.48382894018911,4.30697108212748
10.76,-72.5084588539548,-11.6692790982625,-44.0385009791379,-6.08092826751085,3.44094705719611
10.78,-73.9804018826995,-8.84987735463504,-42.6459829722453,-5.67637894720883,2.55611943448796
10.8,-75.4383211808448,-5.96685253651895,-41.163295889079,-5.30921642753487,1.71747861823187
10.82,-76.5527982180864,-2.83921536095931,-39.3161537942879,-5.11655661317816,1.1081756172986
10.84,-77.5528591238289,0.390090707990085,-37.2798127730378,-5.00472490957917,0.605256160223865
10.86,-78.5930244918266,3.6288649381433,-35.1768040867403,-4.911716409391,0.127117542498972
10.88,-79.7162803503427,6.85097462794831,-33.0391540306205,-4.82234363309187,-0.346234127983548
10.9,-80.8705846087679,9.92599880920611,-30.9583122866167,-4.7325594475461,-0.771425477601163
10.92,-81.6666078842001,12.1925573438715,-29.4021985928122,-4.63607442138008,-0.888386234997791
10.94,-82.8334050302489,12.5418839867015,-27.6582040582095,-4.53594392951121,-0.839533861622934
10.96,-83.074495101729,12.4495823151843,-26.1244960984926,-4.4349367714815,-0.750873625969469
10.98,-82.6004947595019,12.7758380750732,-24.8672383054656,-4.33375967700453,-0.654475805757723
11,-81.9271656211443,13.2361767939776,-23.6529514667605,-4.14731597959666,-0.700861900671786
11.02,-81.1793202937746,13.7405139871802,-22.3985794167097,-3.80000162976891,-1.01907244997641
11.04,-80.4057098494421,14.2520339327875,-21.1280319522191,-3.3989276321456,-1.42816179717037
11.06,-79.619605976169,14.7608466266507,-19.8531968770884,-2.98625814686511,-1.85685516405619
11.08,-78.8184014497696,15.2683559371245,-18.5684083289318,-2.58077047203958,-2.25598966678021
11.1,-77.9727807930244,15.7923155818589,-17.2275481618294,-2.23579969095393,-2.43908748586589
11.12,-77.0978110578739,16.322319210116,-15.8560135888353,-1.92348232560929,-2.50587663278966
11.14,-76.2073075315185,16.8495698023604,-14.4761905208614,-1.61901983778809,-2.54469668494328
11.16,-75.3070330083488,17.3706857476927,-13.0971422145164,-1.3180816364638,-2.57743122526579
11.18,-74.5710885767926,17.7881311765607,-11.9813477996657,-1.17386999923264,-2.55765775787262
11.2,-74.0296585809505,18.0904900637253,-11.1669309343317,-1.20821957237704,-2.47890986198444
11.22,-73.542778025135,18.3590435412089,-10.4391455113903,-1.29399418415957,-2.38319611372219
11.24,-73.0649481502241,18.6195996774281,-9.72902871749594,-1.39041759731864,-2.28397035063643
11.26,-72.5862990431127,18.8776801563086,-9.02174176558243,-1.48803127765462,-2.18450204386463
11.28,-72.0962245833331,19.1389704161259,-8.30167987285976,-1.48390592258268,-2.13899350385949
11.3,-71.591665945022,19.4049202103077,-7.56462343982813,-1.3484617999394,-2.16305891935924
11.32,-71.0804744395055,19.6712818487415,-6.82221756767554,-1.17406847018704,-2.2077584933597
11.34,-70.5652805373814,19.9366528342514,-6.07835029733145,-0.991488675907372,-2.25679492601161
11.36,-70.1168640679518,20.1651763735341,-5.43438476922582,-0.870543981594177,-2.28949529148703
11.38,-69.9418369647968,20.2537641540954,-5.1839011416036,-0.996611079431805,-2.25524434625726
11.4,-69.8864056403421,20.281749314245,-5.10467377115065,-1.23019477939924,-2.19183356293528
11.42,-69.8584748223791,20.295837688092,-5.06477093286294,-1.48846607895894,-2.12172643049879
11.44,-69.8293633948421,20.3105123381027,-5.02319465135482,-1.74404324735167,-2.05161504804032
11.46,-69.604748822476,20.4234254998106,-4.70285213117553,-1.77448266301715,-2.02014674988086
11.48,-69.198634411587,20.6261922587466,-4.12564755209747,-1.59781259751989,-2.02428847261386
11.5,-68.740868321766,20.8526373380826,-3.47807353034431,-1.36463884819054,-2.03814687477779
11.52,-68.2704788686909,21.0830485289188,-2.81594010117949,-1.120009826815,-2.05397528994261
11.54,-67.8821617548631,21.2715524096373,-2.27181339637487,-0.915979181083478,-2.08242360975247
11.56,-67.7424200388983,21.339015518958,-2.07654486489001,-0.834903598194543,-2.14636195394463
11.58,-67.6991597400662,21.3598606245782,-2.01615288872974,-0.801389331468793,-2.22399215633412
11.6,-67.6774981480386,21.3702913034074,-1.98592327286831,-0.778512049577739,-2.30468279127683
11.62,-67.6599060967067,21.3787589388382,-1.96137789606522,-0.757639575504535,-2.38595010097057
11.64,-67.6776606255036,21.3702130638636,-1.98615001954494,-0.782230637794019,-2.50107864900236
11.66,-67.8117538837795,21.3055677989795,-2.17339284362493,-0.958403646251818,-2.72961321229349
11.68,-67.9930522403707,21.2178786127515,-2.42696969541911,-1.19653091188435,-3.00450549869461
11.7,-68.1846677213998,21.1248382133042,-2.69550315446622,-1.44867493256175,-3.28988622192522
11.72,-68.3724376139516,21.0333021534815,-2.95917541798551,-1.69383919334524,-3.57052055137982
11.74,-68.4365854075867,21.0019478621426,-3.0493741070965,-1.72027688319608,-3.69831968301805
11.76,-68.3988650978077,21.0203900325071,-2.99632780724431,-1.56616831123358,-3.69994699328244
11.78,-68.3339665678807,21.052085856585,-2.90511041285391,-1.36395796108014,-3.66795875526759
11.8,-68.2635479160141,21.0864288053671,-2.80620525837604,-1.15206884749984,-3.62920656212011
11.82,-68.1624128091063,21.1356633694987,-2.66428688730933,-0.946835674013957,-3.58508877132147
11.84,-67.9866431867544,21.220984016671,-2.41799749019454,-0.762326442885902,-3.53039775945509
11.86,-67.7831986372827,21.3193490758729,-2.13349741278236,-0.585463612364054,-3.47187866121481
11.88,-67.5732276767305,21.4204350110818,-1.84050547591404,-0.410291992336959,-3.41251649124777
11.9,-67.3597700945854,21.5227509929937,-1.54330462622875,-0.238115893004336,-3.35528496779728
11.92,-67.1227053637018,21.6358591629038,-1.2140024452264,-0.0992259530474594,-3.32642008838536
11.94,-66.8691780201576,21.7562171874761,-0.862720919309697,0.016802735970064,-3.31707634751588
11.96,-66.6108895786035,21.8782002867999,-0.505777824337195,0.127024681471076,-3.31269213460578
11.98,-66.3510418515938,22.0002801429372,-0.147623876436545,0.236092076922071,-3.30929343619334
12,-66.1421641845717,22.097953091462,0.13959583914379,0.29557693356672,-3.30551582234979
12.02,-66.0307263588453,22.1498964515074,0.292583979355629,0.261934407332052,-3.30072169680796
12.04,-65.9519857686061,22.1865293806228,0.400580275709695,0.197091345826111,-3.29558187869796
12.06,-65.8802243168772,22.2198655211752,0.498930388057975,0.125556015516572,-3.29036762838572
12.08,-65.8097157041542,22.2525735121307,0.595494921785208,0.0527775885464731,-3.285139528296
12.1,-65.7593755223089,22.2758977381048,0.664396473022849,0.00762157194561526,-3.30507995125392
12.12,-65.7525840846791,22.2790426534907,0.673689400886754,0.02302254295432,-3.37981040670806
12.14,-65.7609500570474,22.2751685566603,0.662241899762641,0.0595094682273327,-3.47361283607859
12.16,-65.7726094508071,22.2697682842923,0.646286292756062,0.100580652802635,-3.57156135788632
12.18,-65.7852857745438,22.2638955872253,0.628936939007407,0.143249796173671,-3.66608073107898
12.2,-65.8020611036743,22.2561216360331,0.605974148225715,0.193435959966302,-3.71853179442599
12.22,-65.8213552596959,22.2471772299082,0.579558736986957,0.248267758450925,-3.74453870620216
12.24,-65.8412725702449,22.2379403529581,0.552284840423403,0.304256071884751,-3.76394796496513
12.26,-65.8613124135591,22.2286429819828,0.524837703509085,0.360460094398211,-3.78205928651281
12.28,-65.8887400149416,22.215912109649,0.487263182145741,0.392584686725295,-3.8017974562108
12.3,-65.9283692200363,22.197505476545,0.432954877354364,0.384752071680256,-3.82457803204282
12.32,-65.9718750662184,22.177281582304,0.373309230632575,0.364166085530023,-3.84833571088192
12.34,-66.0161899878615,22.1566636060887,0.312527676765006,0.340859604899754,-3.87230216783792
12.36,-66.0543284067695,22.1389047616806,0.260196119605823,0.324584025140467,-3.89301316372992
12.38,-66.0507978834588,22.1405492828942,0.265041353434876,0.358006566766148,-3.89196182823348
12.4,-66.0250373189913,22.1525451201503,0.300389611125908,0.417962603260659,-3.87930323496988
12.42,-65.9938784061686,22.1670465716468,0.343133212750392,0.484351100947189,-3.86383113532968
12.44,-65.9616654833585,22.1820291250996,0.387308696433419,0.551983877896349,-3.84781482991408
12.46,-65.9263258068646,22.1984549370357,0.435755718364057,0.610866783489199,-3.83503411369491
12.48,-65.8673038504698,22.2258625131422,0.516630509365067,0.597487027853689,-3.84909236405782
12.5,-65.7946001673052,22.2595794374853,0.616187423724069,0.542435033783215,-3.87862904264406
12.52,-65.718475394248,22.2948309827277,0.720351823682177,0.477120597528125,-3.91197756120153
12.54,-65.6416614225502,22.330348006154,0.825379460064717,0.409899061765204,-3.94604932706438
12.56,-65.5796860223203,22.3589648541033,0.910060067124396,0.38735120730179,-3.97034587660193
12.58,-65.5394867636513,22.3775080154423,0.964958885487763,0.43017915299064,-3.98026763887376
12.6,-65.5059876079851,22.3929493489892,1.01069091591211,0.493130723462794,-3.98576331409292
12.62,-65.4738934319013,22.4077335251082,1.05449070355076,0.560326713145515,-3.99032537292387
12.64,-65.4397343968938,22.4234586659485,1.10109324154925,0.624047920620831,-3.99622464903224
12.66,-65.3929446753092,22.4449812609664,1.16490211056001,0.664632389664871,-4.01034680550009
12.68,-65.3398288327933,22.4693898850347,1.23730251077509,0.693650944701335,-4.02857343785424
12.7,-65.2851896431728,22.4944720940926,1.3117398774888,0.719931828022359,-4.04777137639851
12.72,-65.2306131154575,22.5194987938745,1.38605196009603,0.745488919741434,-4.06741995122329
12.74,-65.2063248723718,22.5306279172391,1.41911039618645,0.755594867218859,-4.10786601986192
12.76,-65.2165936008686,22.5259233330291,1.40513472834642,0.748201468120624,-4.17195592815112
12.78,-65.2368466799604,22.5166416909602,1.37756630667538,0.73575318550843,-4.24287761212266
12.8,-65.2591592086077,22.5064119908903,1.34718822760581,0.722259942944304,-4.31521170601533
12.82,-65.2818422609455,22.4960078464472,1.31629886653925,0.708576302861963,-4.38780315994283
12.84,-65.2861100356743,22.4940498109413,1.31048632144425,0.692310786304345,-4.45481756270721
12.86,-65.2501460238333,22.5105448130474,1.3594602774084,0.670487842084133,-4.50959830669491
12.88,-65.2001868689879,22.5334395491805,1.42746346784201,0.646736235600389,-4.56012990469926
12.9,-65.1471362114469,22.5577266376538,1.49963831096197,0.622562276425717,-4.60973080600683
12.92,-65.0994131868365,22.5795532568663,1.56453294758705,0.594102626139869,-4.65867558192732
12.94,-65.0992828760116,22.5796128304187,1.56471010857499,0.531791550424382,-4.70371049406688
12.96,-65.1267393758997,22.567057822496,1.52737800676711,0.449895594964088,-4.74649508212272
12.98,-65.1609226246686,22.551417503267,1.48088565332861,0.363217049009625,-4.78873054364304
13,-65.1963301139624,22.5352060716913,1.43271183165779,0.275854240640474,-4.83084171130448
13.02,-65.2177622960079,22.525387840706,1.40354405507033,0.230890888230399,-4.87017826385564
13.04,-65.2210286571366,22.5238911372389,1.39909821560552,0.240473411269541,-4.9059788810722
13.06,-65.218885606892,22.5248731310846,1.40201513459635,0.266288986959399,-4.94072787217302
13.08,-65.2156128711436,22.5263726929692,1.40646955714523,0.295493594043631,-4.9752573534778
13.1,-65.2208796233476,22.5239594270805,1.39930106523494,0.318538426747395,-5.00518564183161
13.12,-65.2603610757315,22.5058608342348,1.34555171065416,0.315131672839593,-5.01724097550997
13.14,-65.3147064806495,22.4809256658168,1.27153275418242,0.300190747190842,-5.02152430769877
13.16,-65.3724337779418,22.4544097563711,1.19286430214058,0.282600607925183,-5.02402344536722
13.18,-65.4307757146561,22.4275810624703,1.11331281137377,0.264504693396156,-5.02618202553988
13.2,-65.475845472147,22.4068345949333,1.05182711402556,0.251323564998775,-5.03613916969238
13.22,-65.4593161376135,22.4144454779651,1.07438014804847,0.261216702709104,-5.08235018917885
13.24,-65.4142302744207,22.4351926383418,1.13587779936631,0.281804567459178,-5.14536058994301
13.26,-65.3624336553531,22.4590052625744,1.20649526861776,0.304895901481884,-5.21230330244938
13.28,-65.3124003435234,22.4819843312877,1.27467455002835,0.327368091685071,-5.27895655708286
13.3,-65.3626126892232,22.458922993633,1.20625123886098,0.314014137715712,-5.31166727264334
13.32,-65.5043717442137,22.393693572904,1.01289594492772,0.26788628181153,-5.31328809328486
13.34,-65.6707476026877,22.3169054794976,0.785619275924421,0.212849424387908,-5.30645670972754
13.36,-65.841898302929,22.237650033372,0.551427797705432,0.155986170685766,-5.29789251042925
13.38,-65.9485293364671,22.1881361275361,0.405318987699498,0.0905734986345324,-5.33914989106109
13.4,-65.866739204451,22.22612458904,0.517404030306776,0.00131516294270369,-5.52543141504373
13.42,-65.7120069289131,22.2978235505194,0.729198672275735,-0.0971324857171759,-5.76768768599804
13.44,-65.5407330990114,22.3769333101003,0.963257112204541,-0.197627396814374,-6.02241857170883
13.46,-65.3671658114594,22.456830717716,1.20004510140663,-0.291529117366779,-6.26947356347702
13.48,-65.2072512008115,22.5302034854249,1.4178496136602,-0.29639626318861,-6.38869793309407
13.5,-65.0569040110183,22.598978145323,1.62231210192943,-0.240399881136207,-6.42037587549247
13.52,-64.9088297199659,22.6665169991235,1.82339036544839,-0.168901445536432,-6.42975068859847
13.54,-64.761018169943,22.7337431735055,2.02382312404098,-0.0943225132799752,-6.43469317393915
13.56,-64.614388565577,22.800242383047,2.22236924924974,-0.0292769224906728,-6.44936262704146
13.58,-64.4889786724417,22.8569699670528,2.3919602427912,-0.126382568628011,-6.6331410086178
13.6,-64.3795868863779,22.9063405061303,2.53972262186501,-0.345832984559286,-6.94453537207881
13.62,-64.2742645602512,22.9537769797964,2.68184161141592,-0.59698368724377,-7.28899643773154
13.64,-64.1696644445871,23.0007938464146,2.82284411896264,-0.854483524904856,-7.64008035542154
13.66,-64.1011786950194,23.0315272063678,2.91508801685038,-1.05815288102959,-7.9083206990404
13.68,-64.1111077796026,23.0270739653961,2.90171822147726,-1.14253535600586,-7.99410941344241
13.7,-64.1483021247741,23.0103846941541,2.85162377609357,-1.18539503864777,-8.01640572930354
13.72,-64.1914549950667,22.9910070089647,2.79348192354488,-1.21915060585136,-8.02478188128502
13.74,-64.2174532670473,22.9793248722129,2.75844168742256,-1.25642073049764,-8.03033978099625
13.76,-64.0610853001115,23.0495006982476,2.96906197968963,-1.34547083870392,-8.03317044441621
13.78,-63.789496375897,23.1708918816952,3.33413421329898,-1.46716645706086,-8.0344959482331
13.8,-63.4884376456935,23.304733434274,3.7377297862745,-1.59698197494746,-8.03545387434644
13.82,-63.1807668147216,23.440737121663,4.14901231609077,-1.72840868685481,-8.03632639045276
13.84,-63.1003475538387,23.4761578216957,4.25631944009892,-1.84644990732376,-7.99877785922753
13.86,-63.3985438778847,23.3445509107372,3.85801845462556,-1.94189460810906,-7.89760964932237
13.88,-63.8159748902808,23.159084933541,3.29858392252427,-2.03012119408238,-7.7761407017198
13.9,-64.2570666477327,22.9615137499757,2.70503436829711,-2.11680731966911,-7.65034049291176
13.92,-64.6384565578677,22.789339745413,2.18979856225885,-2.19659033566104,-7.54126443274296
13.94,-64.6135132405676,22.8006389626057,2.22355390236262,-2.23318012366368,-7.54629629587586
13.96,-64.3696953929045,22.9107995140447,2.55307585927758,-2.24654929495285,-7.61277138568548
13.98,-64.0724958064913,23.0443867305441,2.95370298077911,-2.25434776823455,-7.6939904912841
14,-63.7640584068358,23.1822309859024,3.36828163096535,-2.26106338666663,-7.77807587007644
14.02,-63.4761778295469,23.3101678485136,3.75414104439206,-2.26458243150154,-7.84984172027324
14.04,-63.3759792964768,23.3545354732569,3.88819716126695,-2.24385195135482,-7.8183464168774
14.06,-63.3847746715706,23.3506442257482,3.87643481438128,-2.20911333815201,-7.7271086743722
14.08,-63.4201894419528,23.3349696097807,3.8290637348717,-2.17095500607324,-7.62128326726728
14.1,-63.4609452175024,23.3169182176468,3.7745290298722,-2.1321217936443,-7.51259999815649
14.12,-63.5522419517725,23.2764314260323,3.65229050732544,-2.09308831325537,-7.41317425229022
14.14,-63.7156225432598,23.2038049296222,3.43327589346354,-2.05391680191726,-7.32785565588474
14.16,-63.9008469001198,23.121197493899,3.18456991432813,-2.01470574816691,-7.24688873463012
14.18,-64.0903536014947,23.0363813002073,2.92966278975703,-1.97548654386661,-7.1668385470463
14.2,-64.1965505573373,22.9887178007548,2.78661484244366,-1.91190853084348,-7.08684992015342
14.22,-63.8411175085695,23.1478668397319,3.26481690111165,-1.71436131816013,-7.0062933454916
14.24,-63.2534106783292,23.4086945644131,4.05200963375497,-1.45029320532589,-6.92544512908007
14.26,-62.6069358867011,23.6923322194909,4.91295455439926,-1.17047005705467,-6.84452747069767
14.28,-61.9493615531303,23.9774165164505,5.78346308609393,-0.888398394621351,-6.76343821821646
14.3,-61.6394190444055,24.1106186117725,6.19197958689429,-0.676183223768449,-6.66837276018257
14.32,-61.7287593234586,24.0722993468842,6.07434206471383,-0.54359149357461,-6.55748284681858
14.34,-61.9338035397113,23.9841205817272,5.80399644035164,-0.43411743149853,-6.4420008135291
14.36,-62.1622254966418,23.8855040069344,5.5022392061957,-0.329409982823007,-6.32557208242343
14.38,-62.3935524450667,23.7852165660346,5.19600704182841,-0.225594366831451,-6.20914112949707
14.4,-62.4677158592933,23.7529750325958,5.09769249623272,-0.126079146576937,-6.12290831268206
14.42,-62.3408734293207,23.808091621009,5.26580049841564,-0.0318887015778379,-6.07525538121438
14.44,-62.1535689607951,23.8892486736093,5.51368623469882,0.0607120342494056,-6.03914544669018
14.46,-61.9533143264662,23.9757130246069,5.77824591950615,0.152981834749747,-6.00544000900687
14.48,-61.7960002675361,24.0434183553506,5.98574148564557,0.230526893294875,-5.95824583790956
14.5,-61.8492355171279,24.020528248582,5.9155576375718,0.240253285669043,-5.84671914129532
14.52,-62.0000978035131,23.955541238861,5.71648238027496,0.218536784482952,-5.70534033570683
14.54,-62.1734302140255,23.8806557958978,5.48742066798923,0.189496462340912,-5.5570072109023
14.56,-62.3480597212752,23.8049724381959,5.25628158096282,0.158303715395457,-5.40858557843262
14.58,-62.3846396967388,23.7890884132296,5.207817855901,0.0890005742038782,-5.32290520758555
14.6,-62.2804170220738,23.8343169356985,5.34585690865431,-0.0188248146511741,-5.30119218354201
14.62,-62.1366353095362,23.8965723052078,5.53607615952695,-0.137413110532318,-5.29736405150756
14.64,-61.9845150707336,23.962261999167,5.73705761473169,-0.258214228525931,-5.2972138369153
14.66,-61.8649683792947,24.013759248071,5.8948094683771,-0.368340258284798,-5.29436238663238
14.68,-61.9333985971921,23.984295083084,5.80453089371318,-0.417684758905108,-5.27312047803612
14.7,-62.0951901183514,23.914487373646,5.59086098988588,-0.436789073183665,-5.2426979410113
14.72,-62.2787542120918,23.8350375133776,5.34805768608628,-0.448742126860101,-5.21010316940542
14.74,-62.4662186493913,23.7536262869126,5.09967782243829,-0.459314978101486,-5.17708906262356
14.76,-62.6537167263977,23.6719211928215,4.85082724815294,-0.470236221479023,-5.14535944334298
14.78,-62.8386379088898,23.5910634979342,4.60497692022654,-0.485032202366921,-5.12258979058704
14.8,-63.0219751203026,23.5106259156503,4.36081781287448,-0.501916579288544,-5.10461886992177
14.82,-63.2046657899044,23.4302004522122,4.11710709406053,-0.51930300884603,-5.08780048269143
14.84,-63.3863309191428,23.3499555341312,3.87435332468208,-0.537381457425397,-5.07153324098347
14.86,-63.5150668571367,23.2929255789401,3.7020774167903,-0.606066702856265,-5.08308014909254
14.88,-63.5838309841503,23.2624067443854,3.6099711368034,-0.732339441743783,-5.12624849981395
14.9,-63.6353241361805,23.2395273164907,3.54095949484236,-0.875202017810679,-5.17852573250496
14.92,-63.6832243549578,23.2182244125462,3.47673305893082,-1.02150025134403,-5.23268932022373
14.94,-63.7352437481393,23.1950678389973,3.40695062625063,-1.16466970087759,-5.28578077680129
14.96,-63.8031302160286,23.1648139054221,3.31583148003157,-1.29539853164988,-5.33420038580322
14.98,-63.8775088341607,23.1316222245628,3.21593118650196,-1.42099871012875,-5.38068944750968
15,-63.9533075447498,23.0977488416746,3.11405108881175,-1.545438079759,-5.42674134807876
15.02,-64.0301994910911,23.0633371847861,3.01062657085398,-1.66634626292942,-5.47141997752762
15.04,-64.121430417535,23.0224432271686,2.88781700848712,-1.73279132327618,-5.49487417398694
15.06,-64.2233172764837,22.9766890804374,2.75053696185498,-1.75847347883986,-5.50244266100632
15.08,-64.3278949777477,22.9296340832814,2.6094921113118,-1.77350961585135,-5.50586228040093
15.1,-64.4329138480503,22.8822859442593,2.46770989756727,-1.78642028428273,-5.50845358130615
15.12,-64.5354770383342,22.8359530201843,2.32910483046333,-1.79791798061066,-5.5112954015778
15.14,-64.5828191650701,22.8145354642726,2.26507995647849,-1.78598342014928,-5.52314366049749
15.16,-64.5846314519367,22.813715198445,2.26262846071841,-1.75474734535925,-5.54244360588835
15.18,-64.5743670247716,22.8183606385691,2.27651266760222,-1.71839160535793,-5.56372095932664
15.2,-64.5616561393036,22.8241120218578,2.29370418160779,-1.68099950365943,-5.58539865482411
15.22,-64.562043364972,22.8239368313378,2.29318048793874,-1.66404198676713,-5.60250498670881
15.24,-64.5917858584956,22.8104767367969,2.2529502151435,-1.69188191569809,-5.60952886317315
15.26,-64.6317569190068,22.7923755364603,2.19886638731724,-1.73533886190632,-5.61303690930054
15.28,-64.6739399990363,22.7732574975186,2.14176686078103,-1.78219730121277,-5.61577913393208
15.3,-64.7096149606951,22.7570769552777,2.09345867282858,-1.82369274565544,-5.61973770397715
15.32,-64.6764849578163,22.7721035973786,2.13832124687939,-1.80548207052445,-5.6372275346254
15.34,-64.6000797243616,22.8067219225506,2.24172968610151,-1.74973596493164,-5.66322398371333
15.36,-64.5128064061176,22.8462023237735,2.3597539665906,-1.68462536815822,-5.69134269601116
15.38,-64.4233246310328,22.8866132496134,2.48066192750063,-1.6176790245786,-5.71987957347063
15.4,-64.3537011307861,22.9180081193493,2.57466543228776,-1.58202107495706,-5.74721850187522
15.42,-64.3176125687172,22.9342648716558,2.62336639420195,-1.59863121442234,-5.77246416946992
15.44,-64.2922344027379,22.9456902326016,2.6576037651965,-1.63192115366163,-5.79704021885484
15.46,-64.2691500582911,22.9560780962271,2.68873933419501,-1.66878836671613,-5.8214725635937
15.48,-64.2461597791099,22.9664190885472,2.71974119453053,-1.69841156460531,-5.84451869812357
15.5,-64.2210954716083,22.9776878158978,2.75353206764417,-1.67593703500657,-5.85857695320993
15.52,-64.1948901648607,22.9894637685201,2.78885252725193,-1.62553966584503,-5.86782689732471
15.54,-64.1684045670679,23.001359728079,2.82454181627102,-1.5684473511107,-5.87592429211044
15.56,-64.1418577929402,23.0132771464008,2.86030447561961,-1.51004140551254,-5.88379556698731
15.58,-64.1152940326038,23.0251961727245,2.89608095299783,-1.45140482101129,-5.89162714349201
15.6,-64.0887211340159,23.0371132839487,2.93186067409359,-1.39272975581509,-5.89945209680395
15.62,-64.0616138318885,23.049263867387,2.96835062533019,-1.33932224500915,-5.90735258789581
15.64,-64.0316067468586,23.062706967793,3.00873308351467,-1.31486690532942,-5.9156734695102
15.66,-64.0001510141732,23.0767908389504,3.05105268604311,-1.30481346185545,-5.92420352174872
15.68,-63.9683452406011,23.0910229300579,3.09383039476887,-1.29815657594853,-5.93278290699179
15.7,-63.9364624854692,23.1052808631404,3.13669866048918,-1.29216139811761,-5.94137190331145
15.72,-63.9034522296833,23.1200339580998,3.1810692546654,-1.28803649461794,-5.95121659532222
15.74,-63.8631278842727,23.1380434179038,3.23525221230593,-1.29551688292563,-5.96934285708422
15.76,-63.8188776218124,23.1577904589675,3.29468649725505,-1.30919974713613,-5.99190027257874
15.78,-63.7736684556037,23.1779484579557,3.35538310816327,-1.32437034044935,-6.01552072826454
15.8,-63.7282534291712,23.198180947308,3.41632996529421,-1.33983271153969,-6.03934968439044
15.82,-63.6845924331288,23.2176157180182,3.47489829107526,-1.35321572084375,-6.06260690556019
15.84,-63.6554967864922,23.2305581771502,3.51391478287089,-1.34942221245822,-6.08096353112749
15.86,-63.6348236252556,23.2397498069742,3.54163044128831,-1.33570043891154,-6.09648601582428
15.88,-63.6162067602081,23.2480241278717,3.56658470150548,-1.31955236586224,-6.11131583284451
15.9,-63.5979928568029,23.2561165516468,3.59099459234764,-1.30292562376773,-6.12600899401276
15.92,-63.5799309521994,23.2641387127105,3.61519664773767,-1.28593222145811,-6.14070923915421
15.94,-63.5627160011301,23.2717821732501,3.63826000275561,-1.26610054170722,-6.15571757885856
15.96,-63.546026044593,23.2791901813669,3.66061644520612,-1.24449441344312,-6.17092112901374
15.98,-63.5294646551778,23.2865388344124,3.68279720531855,-1.22244609972774,-6.18617340798378
16,-63.5129262911923,23.2938749941812,3.70494368156618,-1.20031058938459,-6.20143530212192
16.02,-63.4963896446052,23.3012081277329,3.72708442996716,-1.17815960312667,-6.2166989033539
16.04,-63.4740152009584,23.3111264018703,3.75703587126682,-1.16014621890153,-6.23606198319881
16.06,-63.4347371600979,23.3285277709322,3.80960004131604,-1.15411701148473,-6.26729094470112
16.08,-63.3889206836029,23.3488097374507,3.87088989556744,-1.15271085630124,-6.30309721899146
16.1,-63.341624493178,23.3697285413042,3.93413162072234,-1.15233730794766,-6.33992587870341
16.12,-63.2940300043486,23.3907607073527,3.99774405790498,-1.15215832531182,-6.3769471777851
16.14,-63.2467539498744,23.4116337069127,4.06090291401842,-1.15618140654723,-6.41191400972119
16.16,-63.2007575616114,23.4319241079043,4.12232547588077,-1.17420366455231,-6.43987584488494
16.18,-63.1552738996208,23.4519712922583,4.18303749927044,-1.19794719781461,-6.46497275276123
16.2,-63.1098898153273,23.471957710866,4.2435909860188,-1.22298651600924,-6.48942070281581
16.22,-63.0645071437671,23.4919267188917,4.30411709300387,-1.24827111159014,-6.51374580495051
16.24,-63.0262891949303,23.5087301568622,4.3550679932791,-1.27342618798066,-6.53606541795695
16.26,-63.0162007755554,23.5131637884325,4.36851452437885,-1.29791283375851,-6.55060870278246
16.28,-63.018350001,23.5122193223356,4.36564999661441,-1.32210682196269,-6.56177104213517
16.3,-63.0233089656116,23.5100399876454,4.35904037856959,-1.34623353098166,-6.57215713847824
16.32,-63.0288039451279,23.5076248550403,4.35171597161112,-1.3703473916444,-6.58239507507993
16.34,-63.0297404461628,23.5072132223633,4.35046764560578,-1.39103753693384,-6.5930497646029
16.36,-63.0093607183219,23.5161693606791,4.3776306914896,-1.39603958525611,-6.6057296798455
16.38,-62.9790470232749,23.5294848795605,4.41802471882166,-1.39374005434795,-6.61935349685578
16.4,-62.946407126056,23.5438138631556,4.46150581612199,-1.38973784817908,-6.63319747857208
16.42,-62.913311727938,23.5583340028252,4.50558031184513,-1.38540915382629,-6.64708368109869
16.44,-62.8801269184417,23.5728844619372,4.54976033168951,-1.3810231962168,-6.66097728919727
16.46,-62.8546252259297,23.5840600905979,4.58370238865721,-1.38958304988485,-6.67282355326437
16.48,-62.8513085488422,23.585513175582,4.58811620920064,-1.43544227196552,-6.67877176911722
16.5,-62.856590073029,23.5831992223739,4.58108751743077,-1.49575467556662,-6.68243455262612
16.52,-62.863788820581,23.5800449286664,4.57150681926272,-1.55929062013485,-6.6855876090687
16.54,-62.8713489367782,23.5767318425647,4.56144449582917,-1.62343502215436,-6.68864445233832
16.56,-62.8790971631816,23.5733358410461,4.55113107302506,-1.67514171767681,-6.69133185200094
16.58,-62.8872170083591,23.569776441966,4.54032221011289,-1.69082651073384,-6.69300293752584
16.6,-62.895478316145,23.5661544842834,4.52932420437967,-1.69252250628017,-6.6942800836155
16.62,-62.9037704700501,23.5625184480525,4.51828429024664,-1.69110143816144,-6.6954694851097
16.64,-62.9120678509966,23.5588795632055,4.50723657041367,-1.68909228949092,-6.69664233514661
16.66,-62.9215748414173,23.5547095094895,4.49457724969909,-1.67772829150482,-6.7000286277506
16.68,-62.9345818663946,23.549003048843,4.47725554869642,-1.63955817005316,-6.70983127982832
16.7,-62.9489361848235,23.5427039108308,4.45813721247177,-1.59106048645247,-6.72210697399451
16.72,-62.9635898594749,23.5362716864953,4.43861755356635,-1.54025448563794,-6.73493546718827
16.74,-62.9782984421251,23.5298136081038,4.41902208973227,-1.4890108759756,-6.74786876355903
16.76,-62.9854741322686,23.5266623507942,4.40946133141495,-1.44899255871219,-6.76058262686251
16.78,-62.9708433567854,23.5330871224786,4.42895443812323,-1.44164221810209,-6.77261249401269
16.8,-62.9477880308374,23.5432078141848,4.45966651000138,-1.44690789311901,-6.7843775904725
16.82,-62.9228497674309,23.5541502311211,4.4928794963521,-1.4549850658558,-6.79608365307107
16.84,-62.8975478879727,23.565247046076,4.52656891843428,-1.46359690526981,-6.80777848669717
16.86,-62.872254726021,23.5763348648558,4.56023886499035,-1.47221725113883,-6.8194597616811
16.88,-62.8536863473509,23.5844714369101,4.58495185941858,-1.47352172211227,-6.83012524564703
16.9,-62.8427867776897,23.589246277234,4.59945632179883,-1.46648457366501,-6.83963490288503
16.92,-62.8340896489101,23.5930555953627,4.61102887098036,-1.45705159766257,-6.84881264198768
16.94,-62.8258519522999,23.5966631200725,4.62198923443048,-1.44711830382985,-6.85792107029289
16.96,-62.8177434198763,23.6002135459136,4.63277693033059,-1.43706234783901,-6.86702409790597
16.98,-62.81374937863,23.6019621937931,4.63809035779636,-1.42416520860589,-6.8767553634355
17,-62.8144206466754,23.601668312108,4.63719735763648,-1.40805241606007,-6.88720307030571
17.02,-62.8164356348893,23.6007861268694,4.63451674878703,-1.39101355230484,-6.89785722177412
17.04,-62.8187290087826,23.599782021281,4.63146573311741,-1.37378280287904,-6.90855415689248
17.06,-62.821011065757,23.5987828286253,4.62842970920345,-1.35655739372141,-6.91930079132182
17.08,-62.8179227669766,23.6001350221384,4.63253833327428,-1.34282248456118,-6.93369473537736
17.1,-62.8087151299019,23.6041660760709,4.64478733467861,-1.33306482406982,-6.95223720233009
17.12,-62.7977436514924,23.6089684386631,4.65938143283454,-1.32445286341109,-6.9719745476745
17.14,-62.7864057826765,23.6139301558195,4.67446134634991,-1.31607816588584,-6.9919593304225
17.16,-62.7750700298797,23.6188899157067,4.68953687556592,-1.30786239020019,-7.01192773918808
17.18,-62.7698480556324,23.6211743506856,4.69648110025921,-1.30980543273682,-7.02652230889105
17.2,-62.7715934071018,23.6204108435891,4.69416015457794,-1.32329797562243,-7.03499604002539
17.22,-62.7753457036155,23.6187693118731,4.68917027319301,-1.34011694379155,-7.0417066353808
17.24,-62.7795133452595,23.6169459446304,4.68362785497354,-1.35762456117444,-7.04805220410494
17.26,-62.7837564088827,23.6150894365544,4.6779849172545,-1.37525748679755,-7.05433135034716
17.28,-62.7869681865223,23.6136840605947,4.67371336145045,-1.39238334566036,-7.06046636397749
17.3,-62.7817917666461,23.615949063131,4.68059776273249,-1.40526539575633,-7.06553267842757
17.32,-62.771762081204,23.6203370552713,4.69393585161748,-1.41569144321197,-7.06998165565397
17.34,-62.7605427575844,23.625244556369,4.70885453506273,-1.42551601419191,-7.07427948540339
17.36,-62.7490893185222,23.6302534190909,4.72408293948554,-1.43522278757494,-7.07854771621317
17.38,-62.7405747017573,23.6339763818678,4.73540286883703,-1.44309832479659,-7.08291877868958
17.4,-62.7613365706056,23.6248973591084,4.70779902061369,-1.43318677182175,-7.08835054276719
17.42,-62.8005484560276,23.6077408263508,4.65565065743891,-1.41206176998432,-7.09445150799414
17.44,-62.8443394039577,23.5885661647186,4.59739026931513,-1.38814333142623,-7.10071919747225
17.46,-62.8890157628359,23.5689878689195,4.53792765553788,-1.36367423894409,-7.10701975351998
17.48,-62.9326313914115,23.5498588374788,4.4798531447977,-1.34197207966901,-7.11357483927761
17.5,-62.9612665451274,23.537291618204,4.44171253425455,-1.35602317917416,-7.12323592613236
17.52,-62.979617808721,23.5292342294746,4.41726423686011,-1.39460942184674,-7.13502720278557
17.54,-62.9953478950838,23.5223255301895,4.39630466956327,-1.43944605750475,-7.14736111288326
17.56,-63.0105560653799,23.5156441484362,4.37603762748333,-1.48552287253162,-7.15980268753327
17.58,-63.0249595497763,23.509314554132,4.35684030823039,-1.53012130472551,-7.17259265268948
17.6,-63.02769683282,23.5081114686237,4.35319170162157,-1.54684778329739,-7.19079020838666
17.62,-63.0216775015867,23.5107569947867,4.36121492856999,-1.54260788603031,-7.21304942880756
17.64,-63.0133891946597,23.5143992659679,4.37226176481704,-1.53293554570907,-7.23636086383648
17.66,-63.0046436900493,23.518241846322,4.38391704475358,-1.52217013010852,-7.25988400537527
17.68,-62.9958156371425,23.5221200663044,4.39568138030892,-1.51120897182526,-7.28344505717989
17.7,-62.992270700156,23.5236772019018,4.40040512204542,-1.50485098948303,-7.30596792055155
17.72,-63.0095462969291,23.5160878227701,4.37738336961656,-1.5167119735527,-7.32438567857505
17.74,-63.0358414114631,23.5045314082852,4.34233498579451,-1.53647173840515,-7.34102372656742
17.76,-63.0642059721098,23.4920591982879,4.30451869932862,-1.55805014575814,-7.35725200998317
17.78,-63.0929593804378,23.4794093170085,4.2661738282259,-1.57997657398805,-7.37340187978219
17.8,-63.1223239121218,23.4664836202977,4.227003413338,-1.59304908008737,-7.38867596560144
17.82,-63.1542349854942,23.4524290007558,4.18442394986574,-1.56492586737258,-7.39996280426275
17.84,-63.18731620467,23.4378502294598,4.1402698078177,-1.51770204320644,-7.40940191853394
17.86,-63.2206611006611,23.4231461799356,4.09574995537013,-1.46602312274472,-7.4184101025662
17.88,-63.254047004334,23.4084149217048,4.051161505865,-1.41349091931074,-7.42733575380501
17.9,-63.2854084364881,23.3945686204289,4.00926420571792,-1.36976001513499,-7.43722513942795
17.92,-63.30568480548,23.3856121492274,3.98216946302879,-1.3750509381744,-7.45247217769884
17.94,-63.3204476185507,23.3790889958092,3.96243910300661,-1.40473747818858,-7.47038533532369
17.96,-63.3339038601965,23.373141604879,3.94445259177833,-1.44020045424045,-7.48892977723083
17.98,-63.347106550181,23.3673048281898,3.92680279561587,-1.47677809046754,-7.50759603571216
18,-63.3605864267575,23.3613440303638,3.90878020415012,-1.50881659096582,-7.52721926393982
18.02,-63.3761862790926,23.3544439076211,3.88792036800241,-1.50969451162076,-7.55300895960729
18.04,-63.3929219527075,23.347039156181,3.86553834912584,-1.49388040957204,-7.58209810782936
18.06,-63.4099286864287,23.3395121038881,3.84279022840978,-1.47404877101766,-7.61198125272257
18.08,-63.4269856590602,23.3319604109857,3.81997126418291,-1.453435671678,-7.64201882952901
18.1,-63.4454661784411,23.3237757569325,3.79524376253047,-1.43434840565296,-7.67107327883477
18.12,-63.4753512483271,23.3105342669358,3.75524755346735,-1.4286284255226,-7.69199887297655
18.14,-63.5118197226496,23.2943657709134,3.70642536358869,-1.43064710022017,-7.70822244498207
18.16,-63.5498870702276,23.2774766285628,3.65544485170395,-1.43456019075032,-7.72329509976533
18.18,-63.5882548316361,23.2604420129775,3.60404357051041,-1.43884430182773,-7.73814235787978
18.2,-63.6266629449266,23.2433772030398,3.55256965186403,-1.44319416997043,-7.75294966921234
18.22,-63.6532206539871,23.2315703586535,3.5169665653696,-1.44678061377922,-7.76743995779977
18.24,-63.6502864876445,23.2328751001841,3.52090052759216,-1.44844077859081,-7.78115653350007
18.26,-63.6365007596774,23.2390042618512,3.5393821826448,-1.44939181715133,-7.7945886543306
18.28,-63.6203256115807,23.2461937427256,3.56106412471563,-1.45018685865356,-7.80795821823294
18.3,-63.6036995733972,23.2535813598595,3.58334702167564,-1.45095262345095,-7.82131604333489
18.32,-63.5895206801622,23.2598797908559,3.60234739955288,-1.45421688935053,-7.83632206095187
18.34,-63.5825887086161,23.2629584463234,3.61163564504127,-1.46467226820421,-7.85606830788385
18.36,-63.5784752533816,23.2647851409682,3.61714703387846,-1.47792139958315,-7.87765608836492
18.38,-63.5749891332218,23.2663331396663,3.62181772461509,-1.49179227488513,-7.89965369603639
18.4,-63.5716212782487,23.2678285270685,3.62632981871301,-1.50578044104413,-7.92172861666936
18.42,-63.5866482586294,23.2611555221058,3.60619622706855,-1.52527582589801,-7.9463705795888
18.44,-63.6628554605169,23.2272854942487,3.50404795791958,-1.56305411811689,-7.97952218341247
18.46,-63.7641321683684,23.1821983014298,3.36818290975563,-1.60835113526727,-8.01617315810715
18.48,-63.8709673993681,23.1345432227917,3.22472000970451,-1.65534582478783,-8.05361425742022
18.5,-63.9787550494522,23.0863658033387,3.07983096238289,-1.70266257696616,-8.09120524939311
18.52,-64.1150514815884,23.0253049505713,2.8964075436723,-1.77801093506608,-8.16471119789821
18.54,-64.4387861365566,22.879635348316,2.45977734110895,-2.03835686596934,-8.4755367566227
18.56,-64.8611955606147,22.6882002999446,1.88801055497876,-2.39760885159627,-8.91324436959275
18.58,-65.305517575746,22.4851423246786,1.28404893042504,-2.78061601138835,-9.38142651116559
18.6,-65.7523191284789,22.2791645939976,0.674050829038608,-3.168271004563,-9.85557117340283
18.62,-66.197726087381,22.0720112628928,0.0632530990161174,-3.55674479945026,-10.3307662445432
18.64,-66.7725075935408,21.8019469440045,-0.729016510804759,-3.92611414775957,-10.7822505242142
18.66,-67.6274038690366,21.3943878803153,-1.91605164060703,-4.25358901892289,-11.1817274961848
18.68,-68.5712996964152,20.935951826267,-3.23901471068557,-4.56651230084005,-11.5631401237043
18.7,-69.5258385498835,20.4629592630192,-4.59050388981852,-4.87625344584472,-11.9406024369764
18.72,-70.47340072943,19.9836600000052,-5.94614202063977,-5.18539891225327,-12.3173252722902
18.74,-71.6230829726776,19.3884489062096,-7.61039307874188,-5.53556345781301,-12.6244593628678
18.76,-73.2100732673877,18.540769319183,-9.94428190991578,-5.97520255655357,-12.780405849097
18.78,-74.918990151392,17.5916797359191,-12.5076129546813,-6.44599209581532,-12.8837259190852
18.8,-76.6222557554641,16.6053662699007,-15.1171820215609,-6.92355715733462,-12.9755997232637
18.82,-78.2920220712816,15.5958822530891,-17.7319633840542,-7.40239640268479,-13.0653210192485
18.84,-79.9088864023295,14.5748643941385,-20.3204800741129,-7.82678339610468,-13.1213569631353
18.86,-81.4565871468595,13.5539858954955,-22.853654078161,-8.13208405991968,-13.1047411619527
18.88,-82.9580972494568,12.5197668861328,-25.3657438091402,-8.39608333767428,-13.0629439421008
18.9,-84.4228228311671,11.4658203419859,-27.8711347055193,-8.65100537373004,-13.0156131592691
18.92,-83.6934946834175,12.4879146287328,-31.3463641172654,-8.90424103038457,-12.9672544148223
18.94,-81.995096574032,11.96763405159,-34.5838819775658,-9.20036034524804,-12.9238550779016
18.96,-81.1896145222547,9.75597174772441,-36.8894352385068,-9.59044741747989,-12.891612211073
18.98,-80.7138221700052,7.14967653107006,-38.8901480284654,-10.0132322439712,-12.8632558613088
19,-80.3462929688489,4.46078048633479,-40.8083338869556,-10.4431348966038,-12.835745782418
19.02,-80.0362805497326,1.74939537270776,-42.6928432789209,-10.874373365452,-12.8083945444304
19.04,-79.7698913621351,-0.964482388585492,-44.5435318231875,-11.3009380467143,-12.7801350752327
19.06,-79.4459337911716,-3.43372073930774,-46.0880432580834,-11.5687279756405,-12.7215814776803
19.08,-79.0639815921818,-5.67119765014535,-47.3558971300207,-11.6914076925929,-12.6353429846842
19.1,-78.6865107061633,-7.83970829675625,-48.5368627204111,-11.7745798355166,-12.5415670778901
19.12,-78.3323430568095,-9.98800506243281,-49.6866397182193,-11.8497115988852,-12.4462571985538
19.14,-78.0086134012817,-12.1171310566645,-50.8127329127247,-11.9241369240466,-12.3502710158753
19.16,-77.821124232234,-13.9614627286288,-51.8071379115581,-12.0217456911506,-12.2417321778549
19.18,-77.7505046395079,-15.5484579996997,-52.6854280409728,-12.140707505087,-12.1217669664882
19.2,-77.7196746984456,-17.0626396937263,-53.5254240139206,-12.2655128957712,-11.9986781036205
19.22,-77.7063475478358,-18.5588754214779,-54.3498114151811,-12.3915112375594,-11.8749517809698
19.24,-77.7053554454616,-20.0559184144369,-55.1657361850607,-12.5179882848676,-11.7510070086579
19.26,-77.7023772816696,-21.7860120716188,-56.0517881513904,-12.6531034473002,-11.6236609677569
19.28,-77.7049491793524,-23.7244520050124,-56.9947814170533,-12.7960757954755,-11.4932249746356
19.3,-77.7254279691394,-25.7111717382091,-57.9379208817148,-12.9411861539181,-11.361948273157
19.32,-77.7667776838496,-27.6989164373652,-58.8646490291032,-13.0867341953306,-11.2304994724208
19.34,-77.8270869319266,-29.6849549837795,-59.7699899790755,-13.2390536243421,-11.0933500385554
19.36,-77.8396262723535,-31.8901124408301,-60.6029651752821,-13.6103863563926,-10.7706710421975
19.38,-77.8181836151813,-34.2841505235857,-61.3574642723585,-14.1816473616812,-10.2786251720784
19.4,-77.8119537584511,-36.7099709601244,-62.0622405251728,-14.8073713161435,-9.74044154570312
19.42,-77.8343897215215,-39.1224941642797,-62.726828644135,-15.4441687735587,-9.19287710174188
19.44,-77.887768947855,-41.513257750652,-63.3532943539201,-16.0829701426605,-8.64361506149112
19.46,-77.900080430528,-43.8151359557699,-63.7750120315285,-16.7197111840703,-8.08384202213914
19.48,-77.5345758898887,-45.7267379250273,-63.2419200634853,-17.3433191295028,-7.4678152289847
19.5,-76.9660973272482,-47.4331648749642,-62.2192064289775,-17.9603854014759,-6.8238646659821
19.52,-76.3384114862769,-49.0762398504876,-61.0555376109674,-18.5759016926234,-6.17330150412396
19.54,-75.6890162166911,-50.6928186046453,-59.838095014022,-19.1911188260007,-5.52146234354557
19.56,-74.9870226658357,-52.1645953692316,-58.5320318648338,-19.7857620771739,-4.85846148731308
19.58,-74.0154543028136,-52.8085543953135,-56.8697491761779,-20.2475423868909,-4.12462278894036
19.6,-72.8790327718011,-53.0168093443499,-55.0228175061817,-20.6376755146814,-3.35259667763105
19.62,-71.6794597461411,-53.1278600874884,-53.1304512668293,-21.0106144164096,-2.57140661921508
19.64,-70.4434360050385,-53.2268098728844,-51.2272525376543,-21.3802100710362,-1.7884347556623
19.66,-69.1359601043953,-53.2219574836389,-49.2781908350114,-21.6979378746613,-1.05944727886423
19.68,-67.4785346083978,-52.3786147026347,-47.0005205890834,-21.6129046107892,-0.756768613407237
19.7,-65.6088226458343,-51.057465057941,-44.5332862738835,-21.2929104991926,-0.70285422162105
19.72,-63.6707134246688,-49.6339278643969,-42.0206086368366,-20.915616885499,-0.709607793899242
19.74,-61.7011575804465,-48.2046215232436,-39.5003333859585,-20.5271108729442,-0.728233073502733
19.76,-59.8096839679173,-46.7899001073702,-37.0470428782041,-20.1297082733652,-0.757954705735119
19.78,-58.9322938716401,-45.4084131863227,-35.2579196703798,-19.662532407171,-0.878404387116195
19.8,-58.7032055157405,-44.0552979423593,-33.876039561762,-19.1517899324892,-1.0555422686461
19.82,-58.6425488476201,-42.7219711124568,-32.5882210517714,-18.6301828186375,-1.24681824950726
19.84,-58.6208441760473,-41.4065398815514,-31.3112860712003,-18.1064329185052,-1.44088271531509
19.86,-58.6114817728651,-40.1089316315913,-30.0285575308229,-17.5823022601912,-1.63544268363555
19.88,-58.8848724546042,-38.7417957624843,-28.8941707201735,-17.0942705111633,-1.89480083546758
19.9,-59.9752077447277,-37.1318088812102,-28.2076175044385,-16.7106206363419,-2.34098700213265
19.92,-61.4128546409408,-35.4229270840739,-27.6969369869836,-16.36733233014,-2.85940706229116
19.94,-62.9640002416577,-33.6882945361722,-27.2279600069368,-16.0330493691861,-3.39394337194324
19.96,-64.5756077501215,-31.9450585577003,-26.7696403699007,-15.7004677848191,-3.93152449025432
19.98,-66.2419135905973,-30.1549528078345,-26.5141661230983,-15.3800650868726,-4.46000452164338
20,-67.9588256652376,-28.2087293912603,-26.9103203495574,-15.0993529987751,-4.95645025303343
20.02,-69.710618140438,-26.1729896550983,-27.5538428544976,-14.8349432377229,-5.43970681068875
20.04,-71.4940009895906,-24.0877080110009,-28.2315648245846,-14.574211600659,-5.91998619842473
20.06,-73.310478979725,-21.9607124066631,-28.8935909391808,-14.3141779029915,-6.39970054051632
20.08,-75.2127059538555,-19.8414490653279,-29.6961993083224,-14.1074421159119,-6.87853619027746
20.1,-77.3278413156309,-17.8708993628061,-31.1181453233454,-14.108478780539,-7.35430717816576
20.12,-79.5152434787162,-15.9342225304069,-32.7887087806951,-14.2000495854023,-7.8287471781949
20.14,-81.7013460689691,-13.9619408217148,-34.4881102292874,-14.3123912857696,-8.30288200345403
20.16,-83.868450437965,-11.9337814593186,-36.1630414481788,-14.428688216397,-8.77695873175799
20.18,-85.9907873280637,-10.0476142784283,-38.003417096628,-14.5334441506269,-9.22868096368067
20.2,-87.946159416658,-9.07944585851927,-40.7411065562013,-14.5818578910139,-9.57731596965527
20.22,-89.7284056896166,-8.57255644808034,-43.8885032636384,-14.6040837422067,-9.8781002496385
20.24,-91.363487516577,-8.20196871874008,-47.1187540009317,-14.6202079369593,-10.1677381312698
20.26,-92.8612630661904,-7.88733170815419,-50.3536878506207,-14.6351607456828,-10.4552363495457
20.28,-94.2249112893638,-7.61569179704999,-53.5807303646742,-14.6499440995688,-10.7423480795992
20.3,-95.0171007242967,-8.22979104509196,-57.0542852402224,-14.7387694403409,-11.00677374404
20.32,-95.0025060060512,-10.3752559909748,-60.9565263771409,-14.9503565387053,-11.233694818606
20.34,-94.7314891113309,-13.1585198856782,-65.0102618888981,-15.2010851244839,-11.4486597917129
20.36,-94.3991435506752,-16.2293921001512,-69.1122011852453,-15.4601688142183,-11.6610727358244
20.38,-94.0492483383379,-19.5027472070566,-73.2400830087406,-15.7208098502223,-11.8730064518603
20.4,-93.5643237055688,-23.4562577271337,-77.1376188690406,-16.1109433760351,-11.9556529230127
20.42,-92.9140524478103,-28.4252073339234,-80.5319274717049,-16.7459015048217,-11.7935455035193
20.44,-92.3205253498412,-33.6740026545403,-83.6927938499365,-17.4623594478962,-11.5499565652302
20.46,-91.8509334178408,-38.9352058198727,-86.7297864001722,-18.196383953214,-11.2888047194239
20.48,-91.5160020289723,-44.1510912497537,-89.6627698415117,-18.9336730786448,-11.0243889081945
20.5,-91.3708621243966,-49.0224231482179,-91.800710049557,-19.5826069169838,-10.6956463863021
20.52,-91.4468059357969,-53.166928439124,-92.327643832146,-20.038203260991,-10.2281035258607
20.54,-91.627621777423,-56.9772914718155,-92.2221660219902,-20.4264425317692,-9.7122337277029
20.56,-91.8709905787945,-60.6367034773328,-91.8965755908729,-20.8000345740851,-9.18585649656952
20.58,-92.1670983280087,-64.1953481265644,-91.445054036843,-21.1708730765448,-8.65750410022621
20.6,-92.4014705438077,-67.3245874706125,-90.6083275148843,-21.5081102432281,-8.1107488025268
20.62,-92.197762045183,-69.0583731335881,-88.6134969051751,-21.7157278579374,-7.49330326968439
20.64,-91.7372455137173,-70.2085549690219,-86.1133442309539,-21.8668958199286,-6.84507564347879
20.66,-91.1560358397511,-71.2390284934567,-83.4757677494751,-22.0051253198522,-6.18979280943556
20.68,-90.4897088239397,-72.2597404797084,-80.7852284347925,-22.1408850710266,-5.5331632598283
20.7,-89.7449709390426,-73.290959334958,-78.0546558945826,-22.276023255176,-4.87631253382781
20.72,-88.519510645767,-73.7534959082343,-74.8837723165133,-22.3346125006794,-4.22498935880791
20.74,-86.6025356706003,-73.408452481692,-71.1080561680165,-22.2819090233304,-3.58176003818644
20.76,-84.3879028448394,-72.8614479816654,-67.1434262075492,-22.1950621582692,-2.94101489838173
20.78,-82.0180910255073,-72.3176854367452,-63.1321594928447,-22.1009628463043,-2.30079749106158
20.8,-79.5274021244433,-71.8184464522077,-59.1062522190002,-22.0054070315347,-1.66078663633604
20.82,-76.8662754008261,-70.9334291271308,-55.2705579848848,-21.8506115633388,-1.07089144620673
20.84,-74.0469608737288,-69.4530512378047,-51.7276238971566,-21.6102660027812,-0.553595807305371
20.86,-71.1534740597743,-67.8038419101379,-48.285006567821,-21.3434948137666,-0.0587298008172101
20.88,-68.2105747100328,-66.1370517491435,-44.8745865702904,-21.0711630744265,0.43141624663188
20.9,-65.2246330605158,-64.4838243631646,-41.4841303730053,-20.7976785539807,0.92029441322309
20.92,-62.5622099574442,-62.6695867804122,-38.4284866162819,-20.480193470978,1.27394415023121
20.94,-60.4147959645928,-60.6153306850984,-35.8318568655919,-20.0987898539042,1.43064732268173
20.96,-58.4273368290258,-58.5045878743915,-33.3600595895713,-19.6978176343786,1.52704594991067
20.98,-56.4721553033276,-56.4012189862332,-30.9004201151455,-19.2926778897819,1.61060095060137
21,-54.5213955707764,-54.3198552807764,-28.4301599652503,-18.8858869894346,1.69152850012984
21.02,-53.3167595238952,-52.3611790618934,-26.5192188354402,-18.0856406640381,1.64845380328224
21.04,-53.2109405366146,-50.5646564352042,-25.4225265990805,-16.7143083772774,1.42585862924117
21.06,-53.4598361384926,-48.8258924010525,-24.5636946945085,-15.1670151380319,1.14795906182227
21.08,-53.7997364851617,-47.1090371662912,-23.7408222029547,-13.5826406434618,0.858405407792471
21.1,-54.1730207853839,-45.4064859486258,-22.9100510522962,-11.9914390568923,0.566706145736317
21.12,-54.5968366594738,-43.6927533284872,-22.1033214358031,-10.4515016825979,0.271951039489982
21.14,-55.4029174416344,-41.6791100860923,-21.7825115105754,-9.58024183336639,-0.0571695998464144
21.16,-56.4882066926576,-39.4483455537977,-21.776327120639,-9.1661659171827,-0.409749492679562
21.18,-57.6741852293277,-37.1516157219969,-21.8231876147238,-8.86838309641532,-0.768295577756645
21.2,-58.9132189604928,-34.829692285185,-21.8526741076542,-8.59374414187572,-1.12802893494772
21.22,-60.2280623410654,-32.49328964315,-21.8957907937776,-8.33537562404756,-1.49236624672487
21.24,-61.980222625405,-30.1780919736612,-22.4789786736616,-8.2332240648308,-1.91295762862866
21.26,-64.0379378950003,-27.8531325658783,-23.4201115561868,-8.23740278927152,-2.37195136266932
21.28,-66.1996472124905,-25.4881016345579,-24.425886094386,-8.26864120424966,-2.84072136902282
21.3,-68.4128967396269,-23.072428607501,-25.4150771435577,-8.30525341293513,-3.31143309155677
21.32,-70.6801868776824,-20.6300827472608,-26.4200319139824,-8.33860048173564,-3.77426029839138
21.34,-73.106303438175,-18.503619365267,-28.0183281982208,-8.31875843348446,-4.1332069411253
21.36,-75.6042729092608,-16.5785346466012,-30.0133109038379,-8.26238201520695,-4.4209347905382
21.38,-78.0912754342914,-14.6624995626306,-32.0817863342646,-8.19672052855979,-4.69056668872034
21.4,-80.5453134841152,-12.6984735514286,-34.1342643556643,-8.12921197625071,-4.9565990738398
21.42,-82.9421654353226,-10.7522480876634,-36.2049109696893,-8.06773880434335,-5.2208738654667
21.44,-85.0433396117811,-9.8114200770003,-38.9262535999203,-8.08751242626589,-5.47077814903647
21.46,-86.8719670913285,-9.61169925840406,-42.098124234176,-8.16281524847554,-5.71092258352418
21.48,-88.537235389846,-9.64067240581181,-45.3773182745701,-8.25226517931524,-5.94858235806718
21.5,-90.0731604413065,-9.75548713797958,-48.6708315710702,-8.34451989937973,-6.18574965952761
21.52,-91.4881151658768,-9.92951415564145,-51.9618974380311,-8.4372771206946,-6.42282874259269
21.54,-92.4991585497757,-10.5459673399764,-55.3096416411442,-8.56687016140284,-6.63250543776893
21.56,-92.479775272368,-12.5653475657822,-58.8633787429191,-8.81995305151843,-6.75016341557862
21.58,-92.0636653665482,-15.2696345784731,-62.5117159851173,-9.12347654187402,-6.83023352944477
21.6,-91.5691881922076,-18.248760518582,-66.1922278718966,-9.43842970756348,-6.90178626788509
21.62,-91.0698381123098,-21.3966609143021,-69.8894918676051,-9.7555483779821,-6.97172526860578
21.64,-90.5515991434229,-24.9022626555629,-73.4452832468983,-10.0805574913333,-7.00195266748353
21.66,-89.9835974331542,-29.3146200463109,-76.3716139710694,-10.4351207492826,-6.87733198264675
21.68,-89.4865571144847,-34.0504919684915,-78.9595647751916,-10.8025080435231,-6.68544292767052
21.7,-89.1031271172766,-38.8068516524123,-81.3974107335853,-11.1728374750741,-6.47811761829299
21.72,-88.8391960056309,-43.5167250320203,-83.7291962579523,-11.5437282699916,-6.26784678974485
21.74,-88.6697569558715,-48.0248792286844,-85.6727150382849,-11.8992460320186,-6.04201857838279
21.76,-88.4823775850607,-51.7867235792271,-86.1877550993493,-12.18324578825,-5.74654562145884
21.78,-88.2932900757837,-55.1516993481121,-85.9985174523899,-12.4341006273648,-5.41882689852664
21.8,-88.1302428743205,-58.3678042671066,-85.5820353278538,-12.6772347133841,-5.08359810898027
21.82,-88.0012674151982,-61.5021516215626,-85.0550926439813,-12.9188764322904,-4.74691777466625
21.84,-87.9125935951962,-64.356229192644,-84.1876894524459,-13.1038829656501,-4.44285577127698
21.86,-87.8353879665307,-65.993282474392,-81.8727628857371,-12.9813288505214,-4.31805910440863
21.88,-87.6738127841842,-67.0614501763339,-78.8272340155594,-12.7052875231828,-4.28274696398099
21.9,-87.4008017056683,-68.0283237946065,-75.5761763380383,-12.3930390754425,-4.2685447923769
21.92,-87.0134566997104,-69.0076844116551,-72.2434523998501,-12.0737873988547,-4.25842580556281
21.94,-86.5115414571307,-70.022236013608,-68.847690201296,-11.753307049615,-4.24901975072235
21.96,-85.315181709282,-70.5940622975756,-65.3306608881954,-11.4927279704166,-4.13005696639482
21.98,-82.9177084146158,-70.2897477147699,-61.6832061331319,-11.3460661023373,-3.80318843088316
22,-80.0694251790052,-69.7092024943798,-58.0138535069415,-11.2372993798092,-3.40716619970474
22.02,-77.0632863120033,-69.085357419737,-54.3580780347914,-11.1367043497268,-2.99623209270135
22.04,-73.9670324883156,-68.4682977522024,-50.7251861704134,-11.0376281005294,-2.58252651618529
22.06,-70.912074851645,-67.6096884875561,-47.2761611880517,-10.9417376931393,-2.18351996631709
22.08,-68.0574689659475,-66.2138390555291,-44.1870156649352,-10.8521845792145,-1.81709520028372
22.1,-65.2619350650036,-64.6342537720676,-41.2331585916823,-10.7648568638989,-1.46216924476745
22.12,-62.4601582506271,-63.0211189228813,-38.3213662796768,-10.6780105817234,-1.10973391812845
22.14,-59.6371543587697,-61.4071711710687,-35.4322484144517,-10.5912542070836,-0.757763966953721
22.16,-57.1274387673917,-59.6546089352343,-32.7965814843533,-10.5485592082212,-0.453525135935644
22.18,-55.4529732873079,-57.559054300713,-30.7372838303946,-10.6157810320693,-0.26821032052346
22.2,-54.0988228644041,-55.3540311525377,-28.8625881835764,-10.7233644519456,-0.126562372437332
22.22,-52.8256338149355,-53.1430458793071,-27.0032105898231,-10.8398279137521,0.00547844243317026
22.24,-51.5769462917094,-50.9501160347494,-25.1215335053396,-10.9579576729558,0.135716533661279
22.26,-50.6114717050961,-48.7988361102437,-23.3906015571102,-10.8199061313281,0.178620292501353
22.28,-50.4452732757773,-46.7232009326323,-22.1484339368977,-9.94048995864039,-0.0300943687734184
22.3,-50.6048733701238,-44.6867318084065,-21.0773696607702,-8.77503911962755,-0.335873649862409
22.32,-50.857124319023,-42.6723670459776,-20.0232173670898,-7.54552198628696,-0.663392818270145
22.34,-51.1470308559331,-40.6762880416438,-18.9502487117431,-6.30395062438187,-0.995002339270218
22.36,-51.4680462422213,-38.6945039836849,-17.8658793492004,-5.06991995654429,-1.32687270920047
22.38,-52.1345657750578,-36.4507568826774,-17.8475930134974,-4.60511428805416,-1.62292982574996
22.4,-53.1814006554002,-33.8763382906197,-19.0146592505923,-5.01867618050644,-1.87799296579944
22.42,-54.3354319521824,-31.1835954383577,-20.4538560295052,-5.68491346498073,-2.1212614394005
22.44,-55.5121817842307,-28.4388315233177,-21.8777098728991,-6.4034569904169,-2.36208816786184
22.46,-56.6980427946306,-25.653759875873,-23.2269243291333,-7.13002758571927,-2.60256439135819
22.48,-58.3626815262669,-23.1763461774013,-24.5856043588141,-7.590050965305,-2.85983047965425
22.5,-60.6408166647681,-21.0995579268528,-26.0204275680673,-7.70676651913175,-3.13869181489626
22.52,-63.1086522362868,-19.0987482811563,-27.4700443372595,-7.72133336591142,-3.42397805984713
22.54,-65.6240451692346,-17.0627437698283,-28.9065275851163,-7.71456484189994,-3.7106062119267
22.56,-68.1568157974024,-14.9655905458378,-30.3227346508858,-7.70402413694509,-3.99749644790619
22.58,-70.881231560915,-13.4120605474834,-32.3023853306858,-7.74240485928501,-4.29028352763306
22.6,-73.8236045499518,-12.7057755393422,-35.1323709894727,-7.85282102862393,-4.59159563438619
22.62,-76.7611765976856,-12.2483491346098,-38.2297865394674,-7.985420659295,-4.89553008228125
22.64,-79.6200077189356,-11.8263527276818,-41.3860561648047,-8.12269217771463,-5.20001662647624
22.66,-82.3801718456893,-11.3931989732346,-44.5547080863133,-8.26082861095661,-5.50460536601955
22.68,-84.7166804968091,-11.4673324449973,-47.8966050378193,-8.40924467163609,-5.77374766782509
22.7,-86.1568483361812,-12.9148324859945,-51.6659205630361,-8.58308227284652,-5.95399968991632
22.72,-87.2290223951236,-14.9651447899039,-55.5905852026208,-8.76619960264935,-6.10178572648272
22.74,-88.1706253176077,-17.2518191809982,-59.5503690612887,-8.95136784361533,-6.24239555715195
22.76,-89.0391557922225,-19.6878354168505,-63.5191019473901,-9.13692087581552,-6.3816589153462
22.78,-89.841869684785,-22.2770088034728,-67.4911336158474,-9.3220601849444,-6.51889129499629
22.8,-90.2455780724028,-26.0550856169576,-71.3633208874678,-9.48316009370448,-6.56603140074076
22.82,-90.3589599441475,-30.9722717253057,-75.0818371614056,-9.61983924892701,-6.52171808980432
22.84,-90.4971415402203,-36.1993505937961,-78.6841429181635,-9.74967348160357,-6.45177276408148
22.86,-90.7453061300678,-41.4800823771557,-82.1817224140537,-9.87810389158576,-6.37657068072006
22.88,-91.1172415246249,-46.7503661717692,-85.552406884357,-10.008619584296,-6.29849814543859
22.9,-91.4878218865213,-51.7005153922187,-87.8413684420607,-10.2545727583195,-6.12571776305175
22.92,-91.8451786625872,-56.2605285625014,-89.0187108899665,-10.6180197939544,-5.85671076441393
22.94,-92.2718874179949,-60.6311031601587,-89.7917968701288,-11.0143181984808,-5.5608026529217
22.96,-92.7924696908269,-64.8882625094801,-90.3820105460879,-11.4173560462905,-5.25937604564206
22.98,-93.4161153521406,-69.0346496971604,-90.8088799016403,-11.8150080440581,-4.95680428109338
23,-94.3459722572138,-72.1452607374017,-89.8339712185989,-11.912893973568,-4.64783922300711
23.02,-95.4733184564832,-74.2389397058882,-87.4743074183168,-11.7044269725145,-4.33248970874885
23.04,-96.5782853522471,-76.0514561594917,-84.6857240489996,-11.4102130765751,-4.01535670732225
23.06,-97.6026165429661,-77.8070563720116,-81.751366865054,-11.0984430720794,-3.69785877495654
23.08,-98.511062651606,-79.540813615744,-78.7140932747638,-10.7862276187652,-3.37925023559417
23.1,-98.1828561216175,-80.6497464661196,-75.2074295298365,-10.6121106595696,-3.00800683239583
23.12,-96.5740740728293,-81.1654981420301,-71.2546761137546,-10.5787171230437,-2.58331474752407
23.14,-94.5092300621269,-81.5599952352563,-67.1490677098407,-10.5847530464327,-2.14365111343573
23.16,-92.2490564366495,-81.9750408562678,-62.9766751674319,-10.5988645989497,-1.70092140605071
23.18,-89.8359933855884,-82.4272633317163,-58.7534623753982,-10.6124345859904,-1.25679009957758
23.2,-86.5118249628628,-82.2881304902523,-54.4760314953017,-10.5250605722211,-0.770261471706506
23.22,-82.3031743857786,-81.509424276827,-50.2279515876734,-10.3348446459851,-0.240709266758426
23.24,-77.8134956138163,-80.5345034585139,-46.065781799135,-10.1158722899334,0.300869158534727
23.26,-73.2286412174319,-79.4990022485686,-42.0057857487606,-9.89098988305665,0.844918967340768
23.28,-68.823746043957,-78.2909657711267,-38.2565707847431,-9.64200445309461,1.33609246585193
23.3,-65.1556574226892,-76.610139120304,-35.2384120537114,-9.31727499376873,1.65238850398265
23.32,-61.7963920582274,-74.725610897084,-32.5289570466688,-8.96109563318488,1.89595005511712
23.34,-58.5027516528095,-72.7815842479896,-29.9119033905922,-8.59783616405937,2.12313169691235
23.36,-55.2168550975125,-70.810577443451,-27.3387378286277,-8.2332328861914,2.34720397201762
23.38,-52.2961532697343,-68.7743704649698,-25.0048509308176,-7.9100542392451,2.50709275635853
23.4,-50.5643389247634,-66.5983867113933,-23.3249193204959,-7.72065084661345,2.46246935544476
23.42,-49.3515029843286,-64.3840509253472,-21.8887583705375,-7.58804183812479,2.33105778105118
23.44,-48.2671938753774,-62.1798570030156,-20.4774214683999,-7.46798967501678,2.1804596795135
23.46,-47.2206331011823,-59.9964892487188,-19.0419243397357,-7.35033720024385,2.02619505263873
23.48,-46.4712543914719,-57.8125140040917,-17.7702600163177,-7.23692167207296,1.8416662270416
23.5,-46.6785645034889,-55.5711212306642,-17.1234483030001,-7.13640458811621,1.55755010410964
23.52,-47.2986911202947,-53.3144580387018,-16.7119256119135,-7.04114211229119,1.23275772895645
23.54,-48.0380834809983,-51.0646240824878,-16.3285286131949,-6.94706695993144,0.898769413544856
23.56,-48.8278159037301,-48.8258771305821,-15.924503821174,-6.85321853856308,0.563024653521417
23.58,-49.7454573430781,-46.6188690036146,-15.7110952979735,-6.75023838860851,0.246990546626536
23.6,-50.9966812006536,-44.4816633838536,-16.2069062937556,-6.61645649311423,-0.00185518077719223
23.62,-52.394607590207,-42.3610880607746,-16.9729678855029,-6.47008720937702,-0.223234835966731
23.64,-53.8429843826595,-40.2314188315004,-17.7742647145882,-6.32086928498925,-0.438398262363765
23.66,-55.3207777798103,-38.0848532255974,-18.554745550326,-6.17110979181208,-0.652379858662318
23.68,-56.8284666799317,-35.9191954454481,-19.3057339323293,-6.02159900642879,-0.866070792071276
23.7,-58.9160918208386,-34.0013550404266,-20.5360880657582,-5.93612204224577,-1.06401368590763
23.72,-61.7266506751046,-32.3921538273592,-22.416021043735,-5.93265605581399,-1.24182976748149
23.74,-64.75491853236,-30.8367174771013,-24.4975104660295,-5.95358945063395,-1.41365870159747
23.76,-67.8325600954637,-29.2494962999594,-26.6234546170668,-5.97961664170973,-1.58423776690654
23.78,-70.9230176245681,-27.6109999042013,-28.7572357617631,-6.00657221319941,-1.75465285023489
23.8,-74.2390005651897,-26.4026115105953,-31.4445941872833,-6.03211641462307,-1.95605231637985
23.82,-77.8231171086641,-25.8647752240899,-34.9453428513734,-6.05540430521324,-2.20250518118898
23.84,-81.407694776243,-25.5243781100153,-38.7014245230309,-6.07799446894336,-2.46281362449332
23.86,-84.9000223430189,-25.2141000706114,-42.5134751332075,-6.10043686593889,-2.72605191444818
23.88,-88.2731236303641,-24.8987641252755,-46.335782802511,-6.12288364856139,-2.98981958790165
23.9,-91.156538676956,-25.180916624036,-50.4138140559,-6.2172690391341,-3.23201076692836
23.92,-93.2983548112594,-26.5433388754328,-54.9069271719826,-6.43091214769016,-3.43829757916395
23.94,-95.1084295110982,-28.3654539937773,-59.5235054522866,-6.68259543733149,-3.63312943054869
23.96,-96.7450360908215,-30.4071130521612,-64.1604154702654,-6.9423895746147,-3.82551874279609
23.98,-98.2490258019608,-32.6163014984196,-68.7981732011352,-7.20368208982129,-4.0174539505712
24,-99.389262962591,-35.3406260388512,-72.9806049898954,-7.46602198820462,-4.12493846407918
24.02,-100.049942573228,-38.8304831575512,-76.2794333494709,-7.72990123353949,-4.07250724666313
24.04,-100.613659977989,-42.5739356554156,-79.2474039009999,-7.99428524283629,-3.96687797890875
24.06,-101.210017089172,-46.3818202873626,-82.1037456338414,-8.25877770404714,-3.84977635687869
24.08,-101.866053019043,-50.2106114478036,-84.8967610581638,-8.52329028013941,-3.73054331036038
24.1,-102.571937040694,-54.0365900523228,-87.5843100377982,-8.7925487589059,-3.60533828167195
24.12,-103.000513312235,-57.564841357911,-89.1089137407073,-9.16788473542952,-3.35473531764492
24.14,-103.206291884359,-60.7994120002415,-89.6559847619194,-9.63082503666457,-3.00061182768418
24.16,-103.388874170687,-63.909315333687,-89.8938363334823,-10.1170787984137,-2.61894027210793
24.18,-103.605894076474,-66.9505642847527,-90.0172443312746,-10.6080250449834,-2.2317239711605
24.2,-103.860268613722,-69.9153286222939,-90.0385134270574,-11.0963483864255,-1.84040052295297
24.22,-103.87302560449,-72.0810039623118,-89.0694838692473,-11.4711942318964,-1.34719615456818
24.24,-103.606085767979,-73.5428686623132,-87.2120556236057,-11.7423743670834,-0.761143710555635
24.26,-103.218392899695,-74.8179838455075,-85.0872260056703,-11.9853097154533,-0.149799375014248
24.28,-102.762889301456,-76.0584623309105,-82.8766743965666,-12.2224910347361,0.466697054393349
24.3,-102.242034478264,-77.283495231012,-80.6074719852294,-12.4565637438088,1.08480801831917
24.32,-101.226901873345,-77.9196560805148,-77.8884653964425,-12.5953521998643,1.73454046639454
24.34,-99.6863157470814,-77.9793976684822,-74.7285473381548,-12.637053105411,2.41640808264964
24.36,-97.9342950781321,-77.9097298995839,-71.4331267953459,-12.65157808296,3.10726871881511
24.38,-96.0712434697473,-77.8454811016303,-68.0943526698941,-12.6605316687927,3.79997290310089
24.4,-94.1155278742282,-77.807507300593,-64.7335960329023,-12.6687431202492,4.49272241232221
24.42,-91.705537454545,-77.3105015111931,-61.5562889312733,-12.697837892296,5.16277007831833
24.44,-88.827902641988,-76.2619226238889,-58.624151884897,-12.7508249081779,5.80697172937387
24.46,-85.8050448800651,-75.0435081436559,-55.7906120090063,-12.8107425942567,6.44367871213983
24.48,-82.7382075513276,-73.7808599360434,-53.0055985097899,-12.8720925978574,7.07883699438598
24.5,-79.6493747081095,-72.4999761015796,-50.2592172537073,-12.9337030482858,7.71371368254026
24.52,-76.4284087498846,-71.1232931394069,-47.5497553233566,-12.9296007948412,8.33097557395362
24.54,-72.2822716803022,-69.0498990081282,-44.8919368475642,-12.3960172339116,8.80677750482434
24.56,-67.6368541872671,-66.499400213802,-42.3251580559388,-11.5569985904897,9.20098132969928
24.58,-62.9034328008178,-63.7413895516648,-39.8564128123734,-10.6427909012135,9.5750982633709
24.6,-58.1878409312084,-60.8516436070318,-37.480349582582,-9.71391742148446,9.94529721470503
24.62,-53.7292212630411,-57.9297951128728,-35.2635738953878,-8.84245827775857,10.3075718381997
24.64,-51.3761670272173,-55.7361973453911,-33.7777337077018,-8.54251129320755,10.6008343990379
24.66,-50.3500798686471,-54.0510463477583,-32.7123075479895,-8.60547188424958,10.8503537551925
24.68,-49.6605652660007,-52.501736774593,-31.737934231723,-8.75897632795362,11.0889619385156
24.7,-49.0441723427937,-50.9852644998914,-30.7692834547211,-8.93032388562514,11.3254200867748
24.72,-48.4700969852667,-49.4841931226319,-29.7947912265217,-9.09862221818968,11.5515163850055
24.74,-48.6383111309602,-48.1084429141388,-28.9864842461081,-9.0656083355992,11.4534872728654
24.76,-49.4898574316897,-46.8470740802021,-28.3388316038656,-8.84828914238729,11.0594094720955
24.78,-50.5416829027214,-45.6199516049864,-27.7397147407397,-8.58087207502431,10.5848767268545
24.8,-51.650598116008,-44.4033645565094,-27.1549152889131,-8.30318794499333,10.0938566859163
24.82,-52.7946491515519,-43.1984092097697,-26.5890473251443,-8.02314334747697,9.5974226395602
24.84,-54.2113813698666,-42.1937692598177,-26.4170822022871,-7.72622035301255,9.02123318180919
24.86,-55.87640817097,-41.3598616163214,-26.6143266767179,-7.41412327490828,8.37261091940222
24.88,-57.6228889963845,-40.5605527293238,-26.9273404907299,-7.09790212269111,7.70428416388577
24.9,-59.4024841176472,-39.7560813511709,-27.2799690443574,-6.78083637248018,7.03192074101925
24.92,-61.205971315547,-38.9379238634042,-27.6558410731382,-6.46361900056983,6.35883254577854
24.94,-63.1365656933172,-38.2065587375361,-28.1729002935838,-6.1661805067648,5.65283272179367
24.96,-65.6540708264361,-38.0095448321775,-29.38015686047,-5.97672446281936,4.76802775444616
24.98,-68.470462388168,-38.0566201916014,-30.9616116437473,-5.841164599208,3.79398674058255
25,-71.3688765025074,-38.1336024318015,-32.6668794098936,-5.71832124793541,2.79889131298156
25.02,-74.2953489038548,-38.1879802340395,-34.4317236407378,-5.59793666355334,1.79972499293387
25.04,-77.2313604054887,-38.2685575726258,-36.3067134863233,-5.4967882766094,0.823147571923712
25.06,-80.1295234177103,-38.6438928769794,-38.5725060377889,-5.49890768886229,-0.0256271730577081
25.08,-82.9933566533298,-39.1613420149892,-41.041892613458,-5.5523654147375,-0.810795871179889
25.1,-85.8338704968489,-39.7012079324859,-43.5773682924382,-5.61793701021693,-1.58095331383697
25.12,-88.6527260620878,-40.2338664916057,-46.1442532182818,-5.68586825228361,-2.3481865234961
25.14,-91.3418574394796,-40.7789781888082,-48.6778154209499,-5.75195000738872,-3.07563575062353
25.16,-93.4231558587001,-41.4551112053231,-50.9138753380238,-5.8056876020212,-3.58749726114236
25.18,-95.1934621933369,-42.2040824781595,-52.9987208931323,-5.85326168009035,-3.99214716721911
25.2,-96.8754872284362,-42.9759215158921,-55.0491526362753,-5.89937791235126,-4.37145495556246
25.22,-98.5243797679426,-43.7579669741309,-57.094735782815,-5.94521264406203,-4.74587061432285
25.24,-100.074642956591,-44.5928683276076,-59.0901883915752,-6.01435044909681,-5.08278734923408
25.26,-101.194084062065,-45.6830540370141,-60.8038049969515,-6.2118328059851,-5.21822444122128
25.28,-102.104028406198,-46.905109697632,-62.3727980428878,-6.47305347436867,-5.25365550589596
25.3,-102.964829575122,-48.1652712271424,-63.9028451233528,-6.74937812168775,-5.26539029131327
25.32,-103.816231090078,-49.4398716845411,-65.4206886027805,-7.02861837540867,-5.27255100567611
25.34,-104.666155111683,-50.7240853751393,-66.9316435021151,-7.30837284064094,-5.27890504335634
25.36,-105.278165433505,-52.0068131180824,-68.2327265404818,-7.59391540136587,-5.25326873940442
25.38,-105.445184613069,-53.275951471392,-69.1404154175264,-7.89029001378028,-5.16717447888688
25.4,-105.473418971996,-54.5415227200996,-69.9129663713697,-8.19025894841677,-5.06100921563467
25.42,-105.480866346842,-55.807968205045,-70.6510707375241,-8.49100397678416,-4.95050964548016
25.44,-105.49379768374,-57.0763095877209,-71.3771499912004,-8.79189405555316,-4.83920122696995
25.46,-105.51923071934,-58.1859514608978,-71.9955694204148,-9.10755471795483,-4.74818076539492
25.48,-105.555288121371,-58.9915262822914,-72.4201349324685,-9.45119812500516,-4.6958943562774
25.5,-105.596114548128,-59.6958838758813,-72.7793918276281,-9.80413908281879,-4.65648264675478
25.52,-105.640330562683,-60.3784179574414,-73.1229200458622,-10.1590852629712,-4.61984792137467
25.54,-105.687722276571,-61.0569281908563,-73.4617502823744,-10.5144057988515,-4.58372728214499
25.56,-105.789442369874,-61.5938772663112,-73.7350934384844,-10.8236789706587,-4.57980491912532
25.58,-105.989152724189,-61.8643401908609,-73.8887531886793,-11.0458687283778,-4.63654373836003
25.6,-106.221516096927,-62.0454021603754,-74.0027589670938,-11.2389458527232,-4.71355821098787
25.62,-106.461120813984,-62.206914797917,-74.1083802806728,-11.4257679961144,-4.79492878883615
25.64,-106.702317761974,-62.3644435052343,-74.2125511849172,-11.6114291398448,-4.87710714827363
25.66,-106.878462733974,-62.4318924724403,-74.2688178940495,-11.7805898958828,-4.95246366113072
25.68,-106.930834748824,-62.330775919404,-74.2347796387198,-11.9188997430383,-5.0146823327559
25.7,-106.942096567547,-62.1735464572814,-74.1705321628911,-12.0469356605549,-5.07251947560763
25.72,-106.944646854959,-62.0041716799303,-74.099628376937,-12.1727500621177,-5.12940885336874
25.74,-106.945759640906,-61.8325296947879,-74.0273693602479,-12.2981518745345,-5.18612217813618
25.76,-106.938181158739,-61.6645086660227,-73.9563136077235,-12.4298395045775,-5.2426994125752
25.78,-106.734572714094,-61.5877265850001,-73.9205999770496,-12.7060868158642,-5.29686295617725
25.8,-106.369859682048,-61.5858868827151,-73.9148457199972,-13.1015902083602,-5.34903872527172
25.82,-105.963340882358,-61.6035092629264,-73.9180608312471,-13.5287786467371,-5.40068645466624
25.84,-105.54937543452,-61.6246056033462,-73.924094180175,-13.9623655283726,-5.45222755852922
25.86,-105.136494453135,-61.6449390027712,-73.9330123709779,-14.3977484856384,-5.5027293098554
25.88,-104.768092632734,-61.6367189570277,-73.9846283393382,-14.8529615539667,-5.52217988584007
25.9,-104.440284300989,-61.6024436677366,-74.0749601834636,-15.3261756173585,-5.51321731400136
25.92,-104.123956592462,-61.5608779212782,-74.1762674342562,-15.8043184416758,-5.49646935272508
25.94,-103.81037162422,-61.5176552412428,-74.2802400918058,-16.2834587696423,-5.478145368181
25.96,-103.498737682571,-61.4751135378183,-74.384785476331,-16.7603864748115,-5.45973275339131
25.98,-103.23867222148,-61.4904895409761,-74.4714014741878,-17.1183153161844,-5.45102899390452
26,-103.030848515607,-61.5649336728372,-74.5395871484621,-17.3553211828448,-5.45223013882406
26.02,-102.837916302507,-61.6559414954877,-74.6028129529447,-17.558497170456,-5.45620322435178
26.04,-102.648370284945,-61.750394621754,-74.6652519209801,-17.7546911334067,-5.46074846012259
26.06,-102.460295324337,-61.8448646588268,-74.7272385645526,-17.9487634147413,-5.46565143967488
26.08,-102.319205453041,-61.8847751443152,-74.7411100838189,-18.068092416172,-5.4925879634774
26.1,-102.231148633416,-61.8624716984334,-74.7000556356267,-18.1026151066214,-5.54456885574818
26.12,-102.158353826875,-61.8222212255667,-74.6431551682597,-18.1126943566432,-5.60376916939265
26.14,-102.088711368238,-61.7782542543642,-74.5829875391742,-18.117724065505,-5.66446093690052
26.16,-102.019649043973,-61.7335944893974,-74.5222292663576,-18.1218267971467,-5.72542650577478
26.18,-101.957095601881,-61.6844870409478,-74.4655629893166,-18.129186111899,-5.79015366203003
26.2,-101.946132429164,-61.6006003351719,-74.4424984818742,-18.1639726560975,-5.88477068338414
26.22,-101.965061253245,-61.4965726454552,-74.4388203826479,-18.2146351272346,-5.99667423866593
26.24,-101.99136736196,-61.3875755714787,-74.4398251062518,-18.2691815991878,-6.11280639225714
26.26,-102.019184539628,-61.277561941258,-74.4416865533158,-18.324488837022,-6.22976677102806
26.28,-102.100194026006,-61.1902929302215,-74.4901560425063,-18.4362115259345,-6.35061338318966
26.3,-102.71215587153,-61.3333517171347,-75.0070753920714,-19.113646214166,-6.50906749290582
26.32,-103.655509583418,-61.6191819680704,-75.8206230932798,-20.1456423803277,-6.69108139991398
26.34,-104.679751693682,-61.9386368549421,-76.7117867753174,-21.2660245743534,-6.87896801323042
26.36,-105.718146696947,-62.262807998117,-77.6219291678503,-22.4038616447117,-7.06801437020948
26.38,-106.71650128546,-62.5911426592443,-78.5292391051556,-23.5858261490612,-7.22378548328247
26.4,-107.195086420029,-62.9863287030812,-79.3136030586224,-25.2908875502338,-6.9531170124436
26.42,-107.31805441294,-63.4312600622048,-80.011172167135,-27.3533158179555,-6.39087482037265
26.44,-107.350118401748,-63.8923599438065,-80.6860553026648,-29.5066966427348,-5.75441771669754
26.46,-107.363599408557,-64.3601740805084,-81.3559389022622,-31.6781358150935,-5.10322495451411
26.48,-107.378726221592,-64.8296831985085,-82.0077333976702,-33.8452349955006,-4.38025253901429
26.5,-107.484881818699,-65.2513289756394,-82.3828907387542,-35.8877677139416,-2.51350725861678
26.52,-107.660417053576,-65.6344855428851,-82.5509792011556,-37.8368283452648,0.208322659742706
26.54,-107.85475618716,-66.0066542962503,-82.6643071212943,-39.7614355259815,3.15376326939186
26.56,-108.053501844373,-66.3758571084284,-82.7660598661157,-41.6811618848283,6.14382942183511
26.58,-108.253704100113,-66.7437623823119,-82.8650863678844,-43.6000154948774,9.14187457307466
26.6,-108.444073364513,-67.1535139631832,-82.969662701129,-45.3535570350758,12.7753542226438
26.62,-108.593866888386,-67.7297084345426,-83.0987183839164,-46.4602816136901,18.8921716443932
26.64,-108.72789339955,-68.3771080367221,-83.2364573892487,-47.2854489565495,26.0899426150587
26.66,-108.860481122937,-69.0393258852879,-83.3739279032673,-48.0461740262345,33.5351186385406
26.68,-108.994998098007,-69.7028767415683,-83.5090396662823,-48.7945295550695,41.0277833531547
26.7,-109.175995843485,-70.3685352319564,-83.571221256253,-49.177011758731,48.3459033119268
26.72,-109.561495562539,-71.046495353395,-83.3046461614571,-47.8765749130057,54.8195638779177
26.74,-110.040131234296,-71.7264944393912,-82.8816855896404,-45.7966931286328,60.9016426850416
26.76,-110.539109483329,-72.4028582173712,-82.4172193491853,-43.5350527716704,66.8923896378049
26.78,-111.040647551612,-73.0743156374406,-81.9395071542589,-41.238460964976,72.8655723409195
26.8,-111.56560838652,-73.7598493700916,-81.5054676648598,-38.8855643923738,78.6983927288837
26.82,-112.335999042357,-74.6297857891197,-81.5794823033846,-36.0311055908581,83.1606274350634
26.84,-113.266542634765,-75.6100440689234,-81.9727832054357,-32.8622266837725,86.7626090763468
26.86,-114.242892891543,-76.610299470553,-82.4438282669774,-29.6149455117516,90.1500482882663
26.88,-115.234202782637,-77.6065291321941,-82.9281652988152,-26.3522195685262,93.4952214565572
26.9,-116.225816920068,-78.5609466328253,-83.3906986664694,-23.1194082473774,96.7490671792163
26.92,-117.139895810881,-79.1792993696505,-83.6317680587535,-20.2116427306914,99.1666742649295
26.94,-118.005286305482,-79.5863310300593,-83.7363749883676,-17.5078231518505,101.060730591525
26.96,-118.861138283981,-79.9365875208012,-83.8088676898207,-14.8550337152112,102.823823632966
26.98,-119.718124855729,-80.2711896428855,-83.8770482260836,-12.2123448243972,104.560997421989
27,-120.578485407875,-80.5984386593256,-83.9465690084907,-9.57144153091616,106.293589396504
27.02,-121.139507215354,-80.8666909694037,-83.9194476303255,-7.17958051274732,107.703790443658
27.04,-120.825519998334,-80.9792543373578,-83.607163796309,-5.50664810518658,108.184360520039
27.06,-120.173735881181,-81.0312092471901,-83.1865104138624,-4.1113965188596,108.30588166619
27.08,-119.447570770617,-81.0680184241239,-82.7442486612405,-2.7781378073404,108.347244992978
27.1,-118.708365091919,-81.1003782067859,-82.3004390739476,-1.45658188712909,108.373476470671
27.12,-117.947688601449,-81.0883561873392,-81.8195459164622,-0.35030109708622,108.408662500099
27.14,-117.128773134101,-80.9527480555939,-81.2278581596376,0.139023071710227,108.476899933821
27.16,-116.287255749806,-80.7681852930184,-80.5954262606394,0.390326187275472,108.557990586503
27.18,-115.440653308504,-80.571072805193,-79.9563939851141,0.588416713978889,108.641959610899
27.2,-114.593109295807,-80.3699092960236,-79.3187500752365,0.776485513707174,108.726471128484
27.22,-113.894392682809,-80.1912371570863,-78.8321277352033,0.963281928927257,108.708159595726
27.24,-113.627332787466,-80.0836429127071,-78.7757743762445,1.15117695779641,108.391742617095
27.26,-113.526480108914,-80.0037879610443,-78.8845649811384,1.33956053231305,107.960420799303
27.28,-113.462534425416,-79.9301936189972,-79.0300099881381,1.52805639094018,107.503417598876
27.3,-113.405344269208,-79.85779972185,-79.1821610051475,1.71657369907345,107.041566576483
27.32,-113.371131567452,-79.8253036635715,-79.363300936378,1.94169951963999,106.637238915036
27.34,-113.400199666361,-79.9075609790623,-79.6252249630698,2.27234834781946,106.401022710073
27.36,-113.45341990189,-80.034802375359,-79.9182328760089,2.64386517601099,106.229946328117
27.38,-113.511667309968,-80.17263891523,-80.2179593260502,3.02448428264091,106.073379651494
27.4,-113.5705028908,-80.3130631399156,-80.5187477472501,3.40682334279127,105.919554831517
27.42,-113.676044316428,-80.4290548663749,-80.8571635038866,3.53165902283858,105.701746023247
27.44,-113.916501591752,-80.4720907056491,-81.3043441748346,2.90990540121522,105.297328822174
27.46,-114.2075235232,-80.4874876702487,-81.7932040238268,2.00035689361085,104.820962913377
27.48,-114.508272536471,-80.4973255820898,-82.2910929384426,1.02655242418291,104.32853230557
27.5,-114.809258357027,-80.5067553128719,-82.7904085037381,0.0405517443365477,103.833052452004
27.52,-115.105017378794,-80.5130355354705,-83.2809980286461,-0.953734299099305,103.326544187797
27.54,-115.082683225536,-80.1923948619249,-83.0113821737041,-2.48904899233659,101.9008177066
27.56,-114.696697314437,-79.5059183999575,-81.8746425881101,-4.63960878621618,99.4292847699063
27.58,-114.19904314725,-78.7259189469066,-80.4842530171258,-6.96723274769482,96.6567638368507
27.6,-113.6708363012,-77.9385628367587,-79.0371013484245,-9.33153243646167,93.8218978603093
27.62,-113.13780402265,-77.1671828055865,-77.579339576851,-11.7036640810696,90.9734512419566
27.64,-113.333989672139,-76.8678297843034,-76.4757793916715,-14.17484179776,87.9331420577335
27.66,-114.370550342163,-77.0912222650125,-75.7820906708712,-16.7575923735951,84.6764409134532
27.68,-115.655872398854,-77.4552867117901,-75.2094023411128,-19.3723809510561,81.357597351734
27.7,-117.000433385997,-77.8398384443559,-74.6647343159629,-21.9938496082988,78.0257964246398
27.72,-118.359644786818,-78.2194435297597,-74.1268558698199,-24.6120904731168,74.6873201718681
27.74,-119.01355298156,-78.6010876341998,-73.4305790498938,-26.431042640243,70.5694577089615
27.76,-118.748964766395,-78.9957824207852,-72.5225792806222,-27.228823749491,65.4565206216648
27.78,-118.20323136269,-79.3958495165139,-71.5467593459975,-27.7214458839362,60.0462366558096
27.8,-117.592999966681,-79.797853762902,-70.5523352780301,-28.1505241781317,54.5740364195781
27.82,-116.965601643069,-80.2007403158141,-69.5510745456484,-28.5679183126848,49.0945019540584
27.84,-116.741596147687,-80.3922388707941,-69.3262577884388,-28.9649486866144,45.9144294176415
27.86,-117.107060898886,-80.2786909759711,-70.2290692179185,-29.3350788662586,46.064101021715
27.88,-117.642760307517,-80.0755777605674,-71.4727815681395,-29.6969433145296,47.2429420908526
27.9,-118.201243133692,-79.8585761723452,-72.7801629769028,-30.0570686621243,48.6386832083995
27.92,-118.750951293588,-79.6439744324976,-74.0913784973546,-30.4168756686291,50.0741590442048
27.94,-119.26485448387,-79.4456076778123,-75.369235973273,-30.731203759311,51.6551877761862
27.96,-119.495828890999,-79.3906610885023,-76.3037719721436,-30.4650640727471,55.0098912410794
27.98,-119.537363173445,-79.4334741007637,-77.0056911957514,-29.8023638938552,59.5757498689698
28,-119.528981858319,-79.503158642765,-77.647258316421,-29.0386934192627,64.4499698060124
28.02,-119.50836407391,-79.5804470920354,-78.2753814064562,-28.2549721407109,69.3854232743733
28.04,-119.464742486416,-79.6700869279632,-78.8609011701839,-27.3938001435267,74.2900109548031
28.06,-119.122587935289,-79.9011842861741,-78.8185872302181,-25.3353037430178,78.5193126308486
28.08,-118.557680825066,-80.2363339641648,-78.3059060958475,-22.3782856783321,82.2405722691927
28.1,-117.933343470801,-80.5979459380092,-77.6699150539896,-19.1869876465034,85.8293289151642
28.12,-117.295800220364,-80.9642986882548,-77.0085528451884,-15.94873573587,89.3915270323392
28.14,-116.651627182241,-81.3513505143341,-76.3558763212693,-12.710688302569,92.9341717346283
28.16,-115.940457437313,-82.2030759394168,-76.0171524147374,-9.66715396668911,96.1377901202234
28.18,-115.190359984944,-83.4383642449026,-75.9363864078815,-6.78491552014954,99.0624367395996
28.2,-114.449081734538,-84.7769798695044,-75.9215799460112,-3.945548976321,101.912990340497
28.22,-113.728604500864,-86.1381845508278,-75.9172516016744,-1.11485253529502,104.748563816324
28.24,-113.035773519449,-87.4846684831474,-75.9170519647891,1.67880332906976,107.548023127886
28.26,-112.517829931348,-88.1593475903938,-76.0899064996201,3.32110221756312,109.262883219603
28.28,-112.145003098792,-88.2183267509955,-76.4232953929309,3.91193894852191,109.987401992257
28.3,-111.809731989404,-88.1089281918642,-76.7994112536145,4.21636795071591,110.442165591796
28.32,-111.481203821345,-87.9647876932125,-77.1831484338107,4.46252639131279,110.84204690357
28.34,-111.15308413149,-87.8139338747969,-77.5672972224582,4.69816255563103,111.232017803905
28.36,-110.800491642671,-87.6120504699935,-77.850906941972,4.71933972527525,111.324538019318
28.38,-110.317893064876,-87.1369586440182,-77.5859857975386,3.57140439584574,109.791270946803
28.4,-109.77188515497,-86.5262129587436,-77.047881070098,1.84261011907479,107.45020746544
28.42,-109.211735212085,-85.8837315512533,-76.4440647068222,-0.0236309606108453,104.9179960109
28.44,-108.649747699135,-85.2353911963388,-75.8264781156197,-1.91641717613549,102.348867969833
28.46,-108.095628425066,-84.5358294364665,-74.9948515701206,-3.84277350834347,99.6461512932122
28.48,-107.577023645104,-83.5234130931806,-72.7573982533579,-5.96144783863208,96.0999381881544
28.5,-107.038670587796,-82.4000453526587,-69.7433163724481,-8.1825605032595,92.1035644439005
28.52,-106.4484759802,-81.3155130523171,-66.509563319728,-10.4282838718348,87.9990086644187
28.54,-105.798545226682,-80.3051856162287,-63.1965819697289,-12.6788083031396,83.873346304827
28.56,-105.05898856231,-79.5220359764411,-59.9506326329358,-14.848631909733,79.5906569961303
28.58,-104.053932038244,-79.9643803524878,-57.6439523691742,-16.359809156774,74.0690123473246
28.6,-102.909241971735,-81.0863047100578,-55.8775694351085,-17.4907641664362,67.8325147827371
28.62,-101.730670136021,-82.3723074803753,-54.2254197577723,-18.5284701051358,61.4207128897022
28.64,-100.543096520212,-83.6909173426179,-52.5753324705116,-19.5479459238872,54.9746400767759
28.66,-99.3786654910817,-84.9616959661857,-50.9896105192492,-20.5486261885789,48.6996424459753
28.68,-98.4877979257742,-85.6887095807538,-50.2304209087393,-21.3951928731748,44.1720496319942
28.7,-97.7747939537495,-86.0711523437637,-50.0048120762463,-22.1449068127759,40.7459582873813
28.72,-97.1097381264664,-86.3672573799299,-49.9158637378244,-22.8705355382089,37.5938941726074
28.74,-96.4579123981518,-86.6457845860827,-49.8573358052237,-23.5914065030317,34.4959688665666
28.76,-95.8122510877152,-86.9206782133541,-49.8076917124896,-24.3114322752144,31.4076617812324
28.78,-95.6654539962902,-87.0964098375342,-50.1487967291179,-24.9279725727936,29.5730247646591
28.8,-96.8713859611056,-87.0044487138915,-51.5510321672866,-25.2609899605432,31.1733821092511
28.82,-98.6177680221793,-86.8052430884145,-53.3904005822602,-25.4790938027408,34.1659673430417
28.84,-100.473732598853,-86.5838176033035,-55.3329966954669,-25.6721692735962,37.4617824415308
28.86,-102.341342757124,-86.3596379564659,-57.3018001708208,-25.8605316192776,40.81469916543
28.88,-103.960149063928,-86.1477587773772,-59.1812456774203,-25.9701907012351,44.4065998670811
28.9,-104.251756522141,-86.0018384103654,-60.5127283220112,-25.6547020099074,49.2501626479229
28.92,-103.880749974163,-85.891004873381,-61.5633903325105,-25.1273227785308,54.7171226674756
28.94,-103.35096596985,-85.7900424769495,-62.5436287996844,-24.5498368523799,60.331484158952
28.96,-102.787592964566,-85.6929449707601,-63.506146948126,-23.9626775377365,65.9743011252802
28.98,-102.191744045993,-85.6412012133014,-64.3824332666559,-23.1437285270356,71.4732925664513
29,-101.468084189718,-85.8243873351612,-64.824623274925,-21.0616575354699,76.1560785164075
29.02,-100.687472301892,-86.1233894551582,-65.0569312343797,-18.3516109005358,80.4327352660317
29.04,-99.8989790645046,-86.4493499459746,-65.244542253174,-15.4930206275386,84.6133116674353
29.06,-99.1144184992333,-86.7801583359505,-65.4284525621497,-12.6057263409758,88.7753208528414
29.08,-98.5389960151687,-87.1923816181525,-65.7150507824334,-9.7390301804663,92.7435152043031
29.1,-99.0718440382402,-88.047102935273,-66.5366962012176,-7.011041988916,95.6746147937852
29.12,-100.157561111449,-89.1225441238856,-67.6219429887608,-4.35252013078938,98.0886325453019
29.14,-101.376379010576,-90.2490750721307,-68.768545497891,-1.71047936106036,100.380059296363
29.16,-102.622986517437,-91.3843885430927,-69.9257499432844,0.928385239599998,102.647867595441
29.18,-103.876663488404,-92.5201887259861,-71.0835596971432,3.56667087152836,104.911504819775
29.2,-104.780604582359,-93.284043791789,-72.0719408694614,5.50661932469555,106.564847421309
29.22,-105.014103335704,-93.3459865059728,-72.7397552872665,6.12319903931213,107.062724559366
29.24,-105.022230187053,-93.1748235121218,-73.298733813458,6.29944947442866,107.176156732553
29.26,-104.979849666668,-92.9536479925225,-73.8318912248475,6.38085928956687,107.206785916573
29.28,-104.925999896979,-92.7234570833581,-74.3578914286879,6.44459111882663,107.22198138345
29.3,-104.718722722791,-92.3897391963766,-74.6150468896509,6.31096664495625,106.647705255362
29.32,-104.228019472274,-91.860604668708,-74.3673244934408,5.80819421503705,104.95969085392
29.34,-103.644736932872,-91.2655537624136,-73.9517851677142,5.18295231626433,102.901995070875
29.36,-103.042651619009,-90.6552223248798,-73.4994005561969,4.53121285283703,100.764304598502
29.38,-102.438360469233,-90.0410003307366,-73.0395923987252,3.87454730277,98.611790665855
29.4,-102.185817506154,-89.5040767773053,-72.2071159340351,2.78025653662353,96.2986037117557
29.42,-102.591376861565,-89.1277309824769,-70.6658917416991,0.857876006387765,93.6852653444305
29.44,-103.203206079214,-88.8213227149093,-68.8794521373213,-1.33993996445959,90.9721560648017
29.46,-103.84659470321,-88.5471437961354,-67.0287027482858,-3.59716955917422,88.2375289255803
29.48,-104.482819013165,-88.296653203572,-65.1528837254117,-5.86542442174706,85.4989081981454
29.5,-104.547528555407,-88.2454503926591,-63.3176637655318,-7.89543702910162,82.3768371502844
29.52,-103.538335866097,-88.5429944233072,-61.5819852252207,-9.47057507697533,78.5291197321014
29.54,-102.1657396572,-88.9565414270506,-59.8817411396375,-10.8943038878206,74.439970107594
29.56,-100.708094893964,-89.3971149233701,-58.1906572858577,-12.2854121401583,70.2988106342923
29.58,-99.2275020392677,-89.8453080019282,-56.5025953208521,-13.6704570855859,66.1479843877672
29.6,-97.8050956492486,-90.284935621534,-54.8657830742104,-15.0394151216652,62.0880639191722
29.62,-97.8595790335349,-90.4550435983526,-54.2804115845924,-16.0853136416718,60.0146797520505
29.64,-99.1545563397182,-90.3927759046799,-54.5798694067598,-16.8627479530499,59.5930093953741
29.66,-100.791607078688,-90.2587896793611,-55.1353417761334,-17.5690804454429,59.608813200953
29.68,-102.511475946588,-90.1003493381386,-55.7641203056711,-18.2610482564486,59.7130013983842
29.7,-104.2318428696,-89.9252452469017,-56.4396422844087,-18.9323591676011,59.8771240673862
29.72,-105.063738657758,-89.6712396739412,-57.5084154556841,-19.0364254136447,61.4252906346851
29.74,-105.05718974812,-89.3578026048031,-58.9051978595595,-18.6209219793774,64.2399571804075
29.76,-104.809204029258,-89.0334506201235,-60.3723071215201,-18.0641482262682,67.3989530680921
29.78,-104.499278482417,-88.7116792231188,-61.8369220903088,-17.4786095876598,70.6280578645269
29.8,-104.176443733866,-88.4001662145681,-63.2772250967762,-16.8623459701979,73.8747408942338
29.82,-104.201698296429,-88.2540522996218,-64.447195222923,-15.4163380385883,77.2832963399487
29.84,-104.551744244399,-88.2581168271794,-65.3791580256788,-13.2129224154931,80.8381304217971
29.86,-104.987532731563,-88.3048558239697,-66.245820324441,-10.8033454926902,84.4327437844349
29.88,-105.437159761559,-88.3624840237135,-67.0977099071336,-8.35179621439247,88.0354533387217
29.9,-105.87944145956,-88.4296266515273,-67.9437734464861,-5.89433591904519,91.6231309868794
29.92,-106.024727832958,-88.7556500623841,-68.7135726080622,-3.51806555603364,94.4015020365681
29.94,-105.872814373586,-89.347343932238,-69.4063540171963,-1.22548325595796,96.3563672932693
29.96,-105.641977241798,-90.0186826144657,-70.0767517014517,1.0436512555271,98.0807482022007
29.98,-105.398956346711,-90.7119133080804,-70.7415285674398,3.30797180942786,99.7578254785523
30,-105.15768995376,-91.414758080292,-71.4041597900379,5.57141910093329,101.426323204162
30.02,-104.931757968117,-92.0754898084291,-72.0335619007568,7.76584839655997,103.017740007044
30.04,-104.78121950885,-92.4152008110533,-72.4534272947152,9.5067456961305,104.110913179221
30.06,-104.669617733525,-92.5815124866347,-72.7613574343536,11.0047532857962,104.937331314393
30.08,-104.56715316792,-92.706438300873,-73.0422664118146,12.4443800236984,105.699635197484
30.1,-104.46635085911,-92.823785976534,-73.3177661186304,13.8726409355878,106.449457269747
30.12,-104.423963591621,-92.9216031304985,-73.6126104544405,15.1542441478574,107.09340716318
30.14,-104.844611767259,-92.8706756012973,-74.0703070288741,15.2840442960478,106.911753546625
30.16,-105.534260016497,-92.7326924501996,-74.6249606492998,14.7452026537024,106.250876069751
30.18,-106.290088599083,-92.5725852609711,-75.2062744292012,14.0429937258485,105.472913053339
30.2,-107.059246257137,-92.4073277792511,-75.7956922108135,13.3088094312141,104.672033386429
30.22,-107.767910431921,-92.2272299030759,-76.3014555002321,12.5017776077925,103.796845778663
30.24,-107.846260395707,-91.9164087298175,-75.9303578455317,11.0225215536986,102.21911767838
30.26,-107.524895675238,-91.5284730374102,-75.0050897599995,9.12168725279971,100.200652485211
30.28,-107.098323140432,-91.1271806051538,-73.9386166946931,7.11576652288127,98.0723205063303
30.3,-106.64553838179,-90.7290906358362,-72.841306078977,5.08913394441635,95.9223341612477
30.32,-106.179572434807,-90.3447254351659,-71.7324338282154,3.08770982729852,93.7470205509971
30.34,-105.668301077212,-90.0573703099431,-70.5816998038957,1.44353587795427,91.3050954199584
30.36,-105.122368896998,-89.8387317262277,-69.4011336516197,0.0453248632312417,88.6801921790429
30.38,-104.560682345926,-89.6425466850981,-68.2097882094065,-1.29030688408459,86.00875216004
30.4,-103.988518056424,-89.4561638371887,-67.0128345706414,-2.61352376167697,83.3280811341073
30.42,-103.406977150309,-89.276996940591,-65.8112792514577,-3.93452651686675,80.6457639249099
30.44,-102.997033959144,-89.119907599024,-64.9268618708808,-5.00402069061288,78.2991926014119
30.46,-103.189049328114,-89.0168040468078,-65.1180436031807,-5.23220329500067,77.0781783004724
30.48,-103.626887373465,-88.9356256019963,-65.749782632412,-5.11587292076443,76.3181056717514
30.5,-104.117436853876,-88.8606699205568,-66.4802637678831,-4.92161459218199,75.6622982956231
30.52,-104.615113756972,-88.7881519604311,-67.2285575896445,-4.71257962233793,75.0262617347839
30.54,-104.965417664307,-88.6784918147408,-67.8857465049607,-4.48324808374832,74.4301070570377
30.56,-104.741449702782,-88.4163580258472,-68.175293554202,-4.18389134315356,73.9776617920293
30.58,-104.269537539602,-88.0854786738715,-68.3051464002007,-3.8542531087393,73.587445415563
30.6,-103.741684075711,-87.7362119902093,-68.3984148298837,-3.51766735396628,73.2115098728066
30.62,-103.204040804485,-87.380889010658,-68.4846721664163,-3.1797557548536,72.8382999286445
30.64,-102.728674114097,-87.0588442736385,-68.5374290807447,-2.97123943962515,73.0086903806993
30.66,-102.545763779245,-86.9060354948653,-68.4408015149026,-3.3629043721854,75.6940338486764
30.68,-102.498120035034,-86.8325794745865,-68.274929746859,-4.03273216183791,79.5448959947038
30.7,-102.481756917861,-86.7778305955538,-68.0928315471848,-4.76725044367068,83.6668121606637
30.72,-102.471266165133,-86.726897969405,-67.9074815503778,-5.51424381783013,87.8409988974151
30.74,-102.551036893366,-86.7038632809505,-67.7828424617598,-6.23353122798119,92.2134409132045
30.76,-103.12228305269,-86.8283490315658,-67.9963967074179,-6.78907054576975,97.6254426010342
30.78,-103.939259850799,-87.0233318977014,-68.381556216919,-7.26311158674971,103.553554724176
30.8,-104.816126344759,-87.231900835074,-68.811372711703,-7.71784540498648,109.603886125098
30.82,-105.706283648237,-87.4399809749881,-69.2538404245997,-8.16885019685421,115.677819346003
30.84,-106.600562799882,-87.6448487294483,-69.7026019393491,-8.61920414216407,121.755980962881
30.86,-106.838736669782,-87.7878384631989,-69.9004904168992,-8.93942947085775,125.799921954893
30.88,-105.831249958027,-87.8160297636694,-69.6195020119247,-9.01286107896205,125.981706871745
30.9,-104.418167302168,-87.7978207331306,-69.1929674220346,-9.00428452060153,124.880050749771
30.92,-102.926553010927,-87.7605011375975,-68.7499714179659,-8.97806774457101,123.502318650118
30.94,-101.428621704389,-87.7105517923491,-68.3186150803977,-8.94855295851022,122.072971146895
30.96,-100.229799850059,-87.6268504490596,-67.981728808014,-9.01766679097796,120.258909294647
30.98,-100.017068006437,-87.4630029095481,-67.9130160972191,-9.42044349667771,117.178687386532
31,-100.206043875033,-87.268406814798,-67.9510504595102,-9.95948085572855,113.581842395039
31.02,-100.486740716353,-87.0668575134124,-68.0137852549729,-10.5293396180487,109.868160406547
31.04,-100.785762054782,-86.8639038356525,-68.0818473433576,-11.1050554914418,106.132277071178
31.06,-100.775885746961,-86.6234528553856,-67.9950908509111,-11.1872992766523,101.983538483552
31.08,-99.7244980450717,-86.2559438564815,-67.3910982430554,-9.62089179492152,96.4704388825025
31.1,-98.2481514750043,-85.8277555891062,-66.5856652326505,-7.37664237051424,90.3965783822241
31.12,-96.6798999847846,-85.3763569211819,-65.7475897112041,-4.97949616182321,84.1962391784134
31.14,-95.0980565956731,-84.9110038095485,-64.9159800368917,-2.5532930810807,77.9718643660351
31.16,-93.9376256062317,-84.5437831929317,-64.3061972124713,-0.610289549846743,72.9611827734559
31.18,-94.1844955050746,-84.5410432897841,-64.3985300077747,-0.301190541219758,72.0272621275835
31.2,-95.0087595061062,-84.6866078115005,-64.7805049450116,-0.661660219507095,72.7636373136031
31.22,-95.965571614495,-84.8619083686997,-65.2337240119647,-1.17361965929327,73.8779008143044
31.24,-96.9494046713325,-85.0391102417187,-65.7060484866587,-1.71427961334557,75.0637559331448
31.26,-97.9392979819142,-85.2134840307021,-66.1873341654323,-2.26147618005921,76.2732082631464
31.28,-98.8219217073856,-85.4824943848913,-66.677036025865,-3.08062373207174,79.4731429909215
31.3,-99.5645517019348,-85.8753587937019,-67.1718819083955,-4.24716086681156,85.2202007131374
31.32,-100.265886609136,-86.3040650302529,-67.6686835190372,-5.51702872198991,91.724988244696
31.34,-100.959137438764,-86.7389144832806,-68.1668281661557,-6.80848148975859,98.3880646932068
31.36,-101.655271641035,-87.173241271051,-68.6670851357672,-8.10058100659639,105.071679633516
31.38,-102.992472265116,-87.5650452174355,-69.3124855627502,-8.83756740276304,110.340349360662
31.4,-105.163536188434,-87.8868067122049,-70.166529342585,-8.86135641724821,113.787513042492
31.42,-107.600621392694,-88.1636539125008,-71.1176588402737,-8.67328129689083,116.693502666656
31.44,-110.112945754708,-88.4064380807072,-72.1251018051296,-8.44096116213262,119.486470776839
31.46,-112.651930400176,-88.6177543934823,-73.1757506457958,-8.20053171017539,122.242140406069
31.48,-113.864860538865,-88.7605881401064,-73.6479723149395,-7.95980208059828,122.172169133633
31.5,-113.3506913785,-88.8454244207468,-73.3352233579753,-7.72023586997864,118.483529832342
31.52,-112.325399112628,-88.9110841624936,-72.7936286556521,-7.48104678293242,113.719499836405
31.54,-111.197186342417,-88.9685984817336,-72.2118625706955,-7.24193858316079,108.730334902012
31.56,-110.054998335222,-89.0200560614404,-71.6301163453004,-6.99998794142329,103.700016158835
31.58,-109.060734517762,-88.9817787408741,-71.0137095652908,-6.28948249449766,98.6661804550278
31.6,-108.255109602938,-88.8323867988674,-70.3474649862859,-4.97730040294831,93.6356995127194
31.62,-107.504228393242,-88.650097046341,-69.6672981265281,-3.48668317933208,88.6063726850948
31.64,-106.763892483252,-88.4605859405555,-68.9857408892036,-1.95861273562259,83.5772979123974
31.66,-106.024578497987,-88.2693494848761,-68.3056173502402,-0.423705821668308,78.5482700096688
31.68,-105.34570964651,-88.0942251212809,-67.6724727280495,0.973333586547241,73.9035918469073
31.7,-105.279112246802,-88.0877601721508,-67.4909828654003,0.97731847727829,73.1103694152285
31.72,-105.596473072366,-88.1865368442187,-67.5919348444456,0.109241676347097,74.7279373164123
31.74,-106.010570404501,-88.3107897002679,-67.7645779664927,-0.977320717915157,76.9494946665015
31.76,-106.444218116769,-88.4391772383621,-67.9522798976075,-2.10688979159859,79.2899406487794
31.78,-106.862079571984,-88.5684149713398,-68.1290700665419,-3.24670631417488,81.8708491154031
31.8,-107.082957705186,-88.7069547086025,-68.1614346504818,-4.41411602351455,86.6534430657909
31.82,-107.179801740524,-88.8515193859347,-68.1023696150113,-5.59822971959734,92.8152091510207
31.84,-107.245661235937,-88.9975106665631,-68.0201917660675,-6.78648998012483,99.3208599430973
31.86,-107.305381891357,-89.1436719604181,-67.933173632276,-7.97556714794714,105.894371145291
31.88,-107.471482713215,-89.2979308667309,-67.9161463700268,-9.09118148755505,112.120734703321
31.9,-108.70101981806,-89.5295015833942,-68.6064481192966,-9.47981942024237,114.801275029127
31.92,-110.604487521027,-89.7988023491211,-69.7588474674867,-9.41191249323367,115.25413227591
31.94,-112.684278887201,-90.0643829652937,-71.0490241007589,-9.22953955599108,115.148430928744
31.96,-114.80609684036,-90.3161738946003,-72.3879429920773,-9.02467897823515,114.93299478071
31.98,-116.747920693676,-90.5323277935363,-73.6430600459733,-8.78540710581053,114.368510385157
32,-116.738062219252,-90.5383005395859,-73.7665515392675,-8.23999336742044,110.491208608972
32.02,-115.505569102621,-90.4124932638721,-73.1788613337193,-7.50295796239396,104.538478423594
32.04,-113.975761775384,-90.2445296808737,-72.4274068717094,-6.71819322725611,98.0687390925962
32.06,-112.394350835119,-90.0588005269527,-71.6572202371452,-5.92399744935425,91.4968373592436
32.08,-110.839432747119,-89.8604301749931,-70.9234859854854,-5.15254587772016,85.0787909015175
32.1,-109.65676426598,-89.6521396134755,-70.5358679327686,-4.69292663209668,80.856637528598
32.12,-108.728798271702,-89.4380232180005,-70.3820263000773,-4.44660155628394,78.1370368224956
32.14,-107.86789376276,-89.2190308130976,-70.2902137121403,-4.2545161670006,75.7995447595342
32.16,-107.022930227254,-88.9951459272664,-70.2139924336063,-4.07321934702517,73.5380573909319
32.18,-106.183454176782,-88.7663316321839,-70.1439384687706,-3.89384787317921,71.29013405821
32.2,-105.496240709263,-88.5899245109189,-69.9795119857427,-3.90043761842485,70.4147669641262
32.22,-105.309469862609,-88.6050944651774,-69.4836815488426,-4.5315506754581,74.1492751234836
32.24,-105.323558789424,-88.7006470579224,-68.8492870608937,-5.41755076897136,79.7652186160894
32.26,-105.38005053395,-88.8158106389226,-68.1805131285022,-6.3613144770329,85.8075414088495
32.28,-105.441467869993,-88.9360698209615,-67.5022457423804,-7.3160127748138,91.9305773577897
32.3,-105.964163879861,-89.134427247717,-67.1615993607635,-8.05725372765814,97.5430026201903
32.32,-108.308154023102,-89.6127823243198,-68.1786197374654,-7.95716174340641,101.107015295295
32.34,-111.469243331031,-90.1757574033556,-69.8403696681286,-7.49036668876526,103.777778693248
32.36,-114.84276919943,-90.7182072792156,-71.707400641688,-6.93958240728931,106.243934984903
32.38,-118.283328516238,-91.2170656817371,-73.6710746577386,-6.3726794612026,108.670822947488
32.4,-121.213884797731,-91.6053056562396,-75.4821393342556,-5.84759443472355,110.120580540754
32.42,-121.618676745239,-91.6818493734981,-76.2740017544176,-5.52840097531078,107.081859149331
32.44,-120.849301779938,-91.6208038078056,-76.5805682088463,-5.30478107086509,101.963034355514
32.46,-119.813451438128,-91.5214709713201,-76.7793824052552,-5.10340949049056,96.3601253371703
32.48,-118.732377802832,-91.4084590094944,-76.9627859751627,-4.90633842570385,90.6636555931291
32.5,-117.723027520768,-91.2670854255825,-77.1248450064993,-4.5832682941804,85.0404491954924
32.52,-117.121164175399,-91.0114324815972,-77.1584128107466,-3.56438519359377,79.9063924574815
32.54,-116.720919795358,-90.6997795286155,-77.1264901671158,-2.2000313620659,75.0160802425523
32.56,-116.368989794412,-90.3739443905081,-77.0785112216998,-0.753724715225971,70.1836230167047
32.58,-116.027031039402,-90.0442417130609,-77.0270114983251,0.708456637724431,65.3623752438769
32.6,-115.687453453385,-89.7126927576816,-76.9744869300614,2.17341913483636,60.5430954167799
32.62,-115.564073760986,-89.6048534385329,-77.2927555291431,2.77153681661344,58.3511662527681
32.64,-115.844621680353,-89.9280868795383,-78.3122805247073,1.72545490899428,61.1396966830681
32.66,-116.252090682601,-90.4036962370424,-79.5606417579642,0.132324124046314,65.5852487586907
32.68,-116.679344806169,-90.9212850114795,-80.8536690324462,-1.57859528994854,70.3875821812438
32.7,-117.10280693539,-91.4558668597594,-82.1504677344876,-3.31144291240837,75.2563358419196
32.72,-117.459905291848,-91.8427908002339,-83.1266131019075,-4.93785453555843,80.4216460315755
32.74,-117.687503931239,-91.8875081369606,-83.4147234611655,-6.32608527744816,86.2067089575156
32.76,-117.871292340323,-91.811384702654,-83.4635377396467,-7.63108125738172,92.2076919441709
32.78,-118.045897567358,-91.7087532766928,-83.4601921503424,-8.91785166781284,98.255919179799
32.8,-118.219131061115,-91.6011778686166,-83.4473334256656,-10.2012275337468,104.312942812056
32.82,-118.367322133238,-91.5806376522174,-83.4740782607752,-11.2878154712183,109.549731097437
32.84,-118.452693499239,-91.7804432159747,-83.6034233022862,-11.8822373160679,112.725864008033
32.86,-118.515554144809,-92.060987723777,-83.769913772713,-12.2969614387682,115.149484269237
32.88,-118.573969390299,-92.3596217960802,-83.9442307596418,-12.6720391185668,117.407072051633
32.9,-118.632063584184,-92.6619320375608,-84.1196528320437,-13.0396456130238,119.63337123486
32.92,-118.412305364627,-92.872175157535,-84.1705265787235,-13.2614524669333,120.396069019888
32.94,-117.390002551865,-92.8101303307017,-83.8657809192237,-13.064739391003,116.936818557634
32.96,-116.063791617024,-92.6347965086564,-83.4336850484639,-12.7065898600139,111.848744877579
32.98,-114.67593537628,-92.4253839158957,-82.9837177835917,-12.3124701360689,106.39773421397
33,-113.282311936545,-92.2006775675558,-82.540870022873,-11.9115168911753,100.877772645112
33.02,-111.893549704316,-91.9644176193817,-82.1098618344203,-11.509377559978,95.3458905998311
33.04,-110.711885435775,-91.7174382056657,-81.686419236139,-11.0746393961893,90.4804996180007
33.06,-109.9134369687,-91.4651340677212,-81.2599999610584,-10.578441804108,86.8819912457327
33.08,-109.241954470376,-91.211047990531,-80.8326982764663,-10.0618094919817,83.7048792773096
33.1,-108.598033974083,-90.9555011462565,-80.4065766210945,-9.54076992204587,80.6186612796192
33.12,-107.959499192804,-90.6984394978217,-79.9822328351546,-9.01891336196268,77.549337305981
33.14,-107.497667938084,-90.5127938670837,-79.6750856375606,-8.61274615604234,75.1647779494884
33.16,-107.368919178912,-90.4649913457481,-79.5872585643895,-8.42623323022705,74.0738395015905
33.18,-107.350826549128,-90.4631774659902,-79.572123534491,-8.31273817505923,73.4128225907587
33.2,-107.356601095647,-90.4712907992244,-79.5726579580735,-8.21499388233296,72.844538661122
33.22,-107.366811559703,-90.4812481672966,-79.5761045316796,-8.12017908855583,72.2934988681312
33.24,-107.553124062634,-90.5660026457943,-79.7360086884919,-8.31215405711664,73.2275925883877
33.26,-108.072007395322,-90.7918538571622,-80.1926300785606,-9.04746520402491,76.9747170349247
33.28,-108.700813786259,-91.0640478619626,-80.7490980183383,-9.96324946185467,81.6562001749739
33.3,-109.352783522534,-91.3457187486075,-81.3284691771517,-10.9179978532933,86.5394107396827
33.32,-110.008462111747,-91.6286290385674,-81.9134152972623,-11.8799598969408,91.4599701196319
33.34,-110.704246983808,-91.8310255496679,-82.4030177107602,-12.7796283436736,96.2909354180667
33.36,-111.477190839494,-91.8793115684677,-82.7109667977376,-13.5590079162285,100.940782315941
33.38,-112.278077123971,-91.8740558420876,-82.9621809129864,-14.2983493322709,105.530214026283
33.4,-113.087342987562,-91.8548577875675,-83.2051272457271,-15.0290585537568,110.106613115042
33.42,-113.900588761489,-91.8305941497844,-83.450594945857,-15.7581629200545,114.68058863465
33.44,-114.707495026836,-91.803731401646,-83.7012207097767,-16.4766472418594,119.190415192367
33.46,-115.308374205141,-91.7918854338878,-83.9687339350973,-16.9688820463132,122.306465808437
33.48,-115.736948291478,-91.7938670386004,-84.2482515008182,-17.27369991647,124.267821964444
33.5,-116.119543870845,-91.799446332416,-84.5312891794286,-17.5287152833908,125.922336184387
33.52,-116.492822717078,-91.8055281802726,-84.8156032647625,-17.7736978988878,127.515036612202
33.54,-116.849389373957,-91.8093858549813,-85.0923124078742,-18.0191822164289,129.044175713708
33.56,-116.86304134801,-91.765862731159,-85.176515265219,-18.3170654046335,129.37358373504
33.58,-116.59483412517,-91.6831151498956,-85.1021266599426,-18.6582850804559,128.716608302236
33.6,-116.251867509426,-91.5892748667326,-84.9860633978986,-19.0110636881758,127.796694389171
33.62,-115.894233348099,-91.4925649083797,-84.8622371816197,-19.3661678353494,126.82389057799
33.64,-115.518255846293,-91.3906722490777,-84.730447368814,-19.6977230068602,125.752182232831
33.66,-114.775510321862,-91.1945974459883,-84.436290973133,-19.480685381782,122.634458579233
33.68,-113.733338492444,-90.9168903816988,-84.0130231990428,-18.8119217118978,117.833229583852
33.7,-112.614469463268,-90.6117379912437,-83.5613932332181,-18.0228140637595,112.583532120358
33.72,-111.483226378806,-90.2952386740636,-83.1101761168866,-17.2094547003962,107.2434615695
33.74,-110.383512646635,-89.9725708496209,-82.6807150619197,-16.3869656466521,101.943604747673
33.76,-109.979981861643,-89.6848081548133,-82.606073123018,-15.4558045995361,97.9186232356346
33.78,-110.148925012487,-89.4299593672841,-82.8195944886218,-14.4355093201343,94.9469118277856
33.8,-110.470020744289,-89.183977442064,-83.1096922367828,-13.3915502331184,92.2550286885785
33.82,-110.822178724916,-88.9396362336166,-83.415571178933,-12.3427934141196,89.6198933698315
33.84,-111.180137441193,-88.6954212557357,-83.7245047751295,-11.2931719443582,86.9949864535777
33.86,-111.472141465591,-88.4812706921582,-83.9766184768819,-10.1514640918667,84.3682838638629
33.88,-111.454398527773,-88.4066067932512,-83.9631884320839,-8.58511134547541,81.7256301236235
33.9,-111.292822707034,-88.3966546610832,-83.8266346438774,-6.82178306760027,79.0754917155496
33.92,-111.097704249318,-88.4017101781618,-83.6616067533453,-5.01261338290163,76.4236079732636
33.94,-110.896054564781,-88.4096072137079,-83.491262435951,-3.19460040189312,73.7713872648562
33.96,-110.679761450423,-88.4054547865743,-83.3529358439958,-1.6644022881807,71.5250457570434
33.98,-110.401584245885,-88.3435662302344,-83.3656166822042,-1.46562089709374,71.1468512187494
34,-110.094903896634,-88.2542829234825,-83.4488083555002,-1.8861926253977,71.6375815107579
34.02,-109.781788634805,-88.1580680200377,-83.5486464117127,-2.45074093471202,72.3303002218251
34.04,-109.467631835102,-88.0599471491239,-83.6519570537451,-3.04295936537929,73.0618377144926
34.06,-109.163940505689,-87.8451005539926,-83.7824015221362,-3.79255571340498,73.7022577644105
34.08,-108.908795765525,-87.0991267641494,-84.0294842125564,-5.23960814014548,73.8966743615599
34.1,-108.678762968409,-86.1019600351509,-84.3226035607563,-7.01149473889318,73.8828636077375
34.12,-108.45765154233,-85.041901048393,-84.6172859066531,-8.85915548352028,73.820459209135
34.14,-108.241440404989,-83.9652267160284,-84.9030382894682,-10.7213951644521,73.7487037949517
34.16,-108.048281877643,-82.8435922021844,-85.0001049359492,-12.6832151470294,73.4160586883189
34.18,-107.966592785046,-81.5191871695695,-84.1144903643192,-15.1767661212458,71.6636257737548
34.2,-107.94501643452,-80.1117452545564,-82.7361732868154,-17.9349971996826,69.2041750959962
34.22,-107.941920117139,-78.7044449770124,-81.2354647082892,-20.7556450172728,66.5779848013215
34.24,-107.946878893389,-77.3172762094357,-79.7045723125161,-23.5884423280601,63.9193375844117
34.26,-107.957569271619,-75.9543639844308,-78.1621281317794,-26.4233490185116,61.2550489866662
34.28,-108.354005913586,-74.9267165236743,-77.5649113471844,-28.9146770316503,59.382500176951
34.3,-109.468930884934,-74.4945150801,-78.7746120755681,-30.7533914190768,59.0140543221937
34.32,-110.798118535639,-74.2628278735963,-80.5830519714864,-32.3753053979528,59.1452801215
34.34,-112.147252119844,-74.0807643184371,-82.5181442031854,-33.9504284491083,59.3843477103585
34.36,-113.473676715916,-73.914301529333,-84.4743120860495,-35.516857530726,59.6434528168191
34.38,-114.460286160818,-73.3080392993358,-86.2558009213346,-36.5065256335042,60.4156205803828
34.4,-114.753791564911,-71.7194464187664,-87.631135056366,-36.2476320369678,62.2942147797694
34.42,-114.803369170899,-69.7622966489562,-88.8261097289066,-35.5530137369309,64.5588653303992
34.44,-114.795638196446,-67.6962275462508,-89.941940054245,-34.7634633337011,66.907623176638
34.46,-114.773107679019,-65.5784693244727,-91.0030670064058,-33.9561821282055,69.2720897463425
34.48,-114.760739060521,-63.847340735849,-91.3588130539948,-33.1473234707822,70.2660339034691
34.5,-114.781754221637,-63.1892293348232,-90.0516627474012,-32.341663832339,67.8167932648155
34.52,-114.7836916166,-62.9539222907442,-88.1383172893954,-31.5372765539937,64.1097498011438
34.54,-114.745026266033,-62.8383055627648,-86.0835083562005,-30.7331753123182,60.1250737428589
34.56,-114.662455964248,-62.7709813779179,-83.9930340049694,-29.9291281803237,56.0882963054787
34.58,-114.442257650257,-63.0314116013545,-82.5250264082574,-30.0700165974928,52.0903464381624
34.6,-113.944789293844,-64.1538985591501,-82.9006178365562,-32.9467706369288,48.2294600663432
34.62,-113.364678060061,-65.6192843691669,-83.9885184013201,-36.8780236522397,44.4217395685861
34.64,-112.783992085384,-67.1793162671457,-85.2349539290416,-41.0451569375838,40.6259277309514
34.66,-112.220815440139,-68.7740228317991,-86.5098975092155,-45.2568401836317,36.8323663606656
34.68,-111.670554146786,-70.3765112545385,-87.7814505295423,-49.4564780202948,33.0773841597655
34.7,-110.481143747559,-70.7818998962849,-88.5196055453488,-51.9953189401799,32.5332699238165
34.72,-108.571169002659,-69.8122703964922,-88.6694372028003,-52.677063509082,35.5771080193735
34.74,-106.464498743186,-68.3955005765036,-88.6460726151414,-52.8058110763509,39.6892945919966
34.76,-104.337327584361,-66.8514471630949,-88.58886590193,-52.8226403508792,44.0176953464847
34.78,-102.224807587304,-65.2481696741622,-88.5246055832009,-52.8167726474927,48.375276372124
34.8,-99.9887990798727,-63.6702936022667,-88.1508455636041,-52.4127871247611,50.8529341036014
34.82,-97.5914184819399,-62.1417288997685,-87.3939925740684,-51.5027036547583,50.9148182979449
34.84,-95.1640113578713,-60.5993948656816,-86.5393111581298,-50.4421559973475,50.2579592818212
34.86,-92.7505485732684,-59.0223060895413,-85.6799002042748,-49.3501982318051,49.4510266964268
34.88,-90.3623536251304,-57.4078997292147,-84.8341951032251,-48.2528526970837,48.6139640221218
34.9,-88.9471870932019,-56.6352922763506,-83.7081817670726,-47.3634378212069,46.2390213333193
34.92,-88.8958962652382,-57.136189668096,-82.150219570705,-46.777323726933,41.6363378798191
34.94,-89.2339696582704,-58.0332864361425,-80.4439969360931,-46.2844756074181,36.3489057735062
34.96,-89.6250940984663,-59.0160467236709,-78.6900766501233,-45.8113163892467,30.9169371287507
34.98,-89.9960143601047,-60.0178353805968,-76.9105824187268,-45.3411056844884,25.4607852053079
35,-90.5133824278491,-61.5991284484756,-76.6727182947589,-43.9908230428897,23.1192475608797
35.02,-91.3298665758919,-64.1521666348821,-79.0048973218222,-41.1809445297998,25.946802813297
35.04,-92.242039266049,-67.074817793743,-82.1352776699238,-37.9050466599089,30.4248065532343
35.06,-93.1739833866425,-70.1359677394797,-85.4087659898997,-34.5297983513942,35.2546721447661
35.08,-94.113423200905,-73.2783058494283,-88.6790857810071,-31.1361956885598,40.1495422536987
35.1,-95.0650404351351,-76.4705535392782,-91.9064245350379,-27.7516233260898,45.0501461178132
35.12,-96.2734138187635,-78.4449943778336,-94.3455809415407,-25.2737513769552,49.5480629328942
35.14,-97.7539355827603,-78.9792643896451,-95.930167605156,-23.8294313376941,53.5853895720836
35.16,-99.3061375597041,-79.088147740356,-97.2840208192919,-22.6844341497394,57.48929232829
35.18,-100.866126383227,-79.1048515517218,-98.6045535407643,-21.6011379302122,61.3656895701708
35.2,-102.403422208427,-79.0972127877372,-99.9249029806934,-20.5298492697115,65.2116591896159
35.22,-102.57404415437,-78.7785430330905,-100.563969551448,-19.5244961453486,66.9181939424193
35.24,-101.200244599803,-78.1026323841963,-100.42014637441,-18.5923857186182,66.1884202650343
35.26,-99.3908218316583,-77.3062521284004,-100.066645826594,-17.6813069151039,64.7577316896139
35.28,-97.4990853805342,-76.4668448825069,-99.686174126644,-16.7745908259123,63.1815634923346
35.3,-95.6191511643808,-75.6089060094288,-99.3186380761948,-15.8848754693468,61.5841702085562
35.32,-95.1962182077463,-75.281492925633,-99.0900598847387,-16.2493177930992,60.386912630619
35.34,-96.4353216689359,-75.5736294703842,-99.0128863995154,-18.0467617343243,59.6512932426261
35.36,-98.1587056990425,-76.030399249593,-98.9967057585449,-20.256266877429,59.0485154285428
35.38,-99.9896853488689,-76.5060327320325,-99.0118819453853,-22.5510741088715,58.4732436751972
35.4,-101.843584024983,-76.9721474280845,-99.0520808427139,-24.851457664333,57.8984784556838
35.42,-103.359879424088,-77.6092589048509,-99.1731346106475,-26.3582992357434,56.9647488651286
35.44,-104.483618394545,-78.4486654359395,-99.367965363091,-26.9568940540336,55.6205034471977
35.46,-105.498103188686,-79.3399190786308,-99.581532094584,-27.2941261866167,54.1581327451405
35.48,-106.494362096316,-80.2341827820157,-99.7980003791348,-27.5772477182636,52.6713067165814
35.5,-107.49177507966,-81.1209040159414,-100.014326601879,-27.8504988636693,51.1800198003266
35.52,-108.372414302608,-81.8972957761638,-100.206159857451,-28.037202746869,49.7816652611847
35.54,-108.323030589206,-81.8959046267535,-100.214037311748,-27.572254124307,49.1023007734996
35.56,-107.726272733702,-81.437393563277,-100.114119535083,-26.7241043204523,48.8459153379859
35.58,-106.998636964077,-80.8632554778315,-99.9882579603,-25.7827746019074,48.6923884931902
35.6,-106.247666804795,-80.2620119541943,-99.8575326195449,-24.8232171213447,48.5589831969865
35.62,-105.576401946281,-79.6734273078899,-99.664856806568,-23.927707858511,48.4247053958428
35.64,-105.558169559324,-79.259344764401,-98.9810559189053,-23.5707949092192,48.2553879097903
35.66,-105.912550080799,-78.9538195677924,-98.0135933527572,-23.5259848972657,48.0655316596949
35.68,-106.351912993361,-78.6811627959395,-96.9777855009786,-23.5574808897943,47.8706459426227
35.7,-106.801934153735,-78.4213610762656,-95.9292902801508,-23.6039787980229,47.6747708270507
35.72,-107.218289542662,-78.1914617896035,-94.9619898501895,-23.6724043971302,47.5066882927327
35.74,-107.394669394596,-78.1350149274731,-94.6612032202651,-23.8962665254863,47.5634565384517
35.76,-107.434671861841,-78.1760314025253,-94.7453017800652,-24.2097070574238,47.7500857016345
35.78,-107.441035829312,-78.2411217268442,-94.9239542226839,-24.5451579335794,47.9686325778324
35.8,-107.440593523173,-78.3111711772432,-95.1210284489126,-24.8849047008146,48.1934097400701
35.82,-107.455107479719,-78.3621447572145,-95.3129379784533,-25.2123325620168,48.3542965265853
35.84,-107.599246355376,-78.2531582646588,-95.4388436159532,-25.4362018818508,48.0001546841649
35.86,-107.819337647886,-78.050730477065,-95.5262877219919,-25.5997837388794,47.3463726928851
35.88,-108.058500181197,-77.8252052289888,-95.6045300397433,-25.7486544021374,46.6194796578602
35.9,-108.301920430548,-77.5948573123594,-95.6811568490485,-25.8946429954682,45.8782639123096
35.92,-108.546617466232,-77.3633481288294,-95.7576857660368,-26.0401205222383,45.1345084190315
35.94,-108.707736316045,-77.0763225313982,-96.0319495043986,-25.9405275269746,44.527265474812
35.96,-108.653614054828,-76.6515493719621,-96.7980083614275,-25.2276642191611,44.2627412242039
35.98,-108.511842809055,-76.1771208116519,-97.7389229624533,-24.2905414384087,44.1235575608379
36,-108.341372689256,-75.6923883036544,-98.7135150642035,-23.3038615426025,44.0120726015397
36.02,-108.156252810028,-75.2062923849338,-99.6896784186701,-22.3078918808793,43.9057799896656
36.04,-107.7825132082,-74.3780640137281,-100.343980080843,-20.642945700452,43.7215980101417
36.06,-106.982540655412,-72.7008197499905,-100.20946710163,-17.3483047738519,43.3451939279964
36.08,-106.04378586246,-70.6835337403206,-99.759893070817,-13.441864765837,42.8965905865771
36.1,-105.096276931977,-68.5695950528435,-99.2205345547251,-9.40224940700978,42.4322691245212
36.12,-104.168940023413,-66.4141796265294,-98.6423767831613,-5.33773727578888,41.9650090485223
36.14,-103.489251846151,-64.4052986080337,-98.1020084507865,-1.56255160979026,41.3479442778448
36.16,-103.381408817489,-62.8221710469048,-97.7104525801873,1.48076878507309,40.3583798831131
36.18,-103.489166726531,-61.3927491050407,-97.3698960252794,4.25523293684852,39.2320671418224
36.2,-103.653702410753,-59.9903973510338,-97.0334577328632,6.97046401411478,38.0756313187074
36.22,-103.838843421491,-58.5854617684528,-96.6900407532327,9.67459345338011,36.9135501210651
36.24,-104.016475234394,-57.2505732744094,-96.2751330415921,11.5554373175709,35.6163489655411
36.26,-104.141769637945,-56.138831260552,-95.6736870270605,11.0594049154029,33.930861294649
36.28,-104.248861954584,-55.1156253737785,-94.9997418242017,9.64683139215436,32.095672203433
36.3,-104.355625982547,-54.1135792725699,-94.307764979447,8.02922581245153,30.2269957891227
36.32,-104.466424152288,-53.1167837196853,-93.6104279356827,6.37293585510161,28.3520012584246
36.34,-104.582844781729,-52.1229484176364,-92.9122994172523,4.71318303773651,26.4724533629214
36.36,-104.765751921267,-51.1925679376563,-92.3913239271089,3.33224892468662,24.29507787469
36.38,-105.023602840247,-50.3308798852842,-92.0722420790498,2.26934982774861,21.7793174027246
36.4,-105.306556115067,-49.4862743346324,-91.8099463126979,1.29820901617246,19.1659560726884
36.42,-105.598641092301,-48.6424652744729,-91.5578058103754,0.346074610857942,16.5323799594543
36.44,-105.894329341142,-47.7928281796535,-91.303237020216,-0.598731144219303,13.8965996797855
36.46,-105.820983307733,-46.386846796168,-90.5797181534651,-0.865043612868616,11.519328053474
36.48,-105.286703146265,-44.266218526751,-89.2465725503251,-0.265954988986313,9.47273171381522
36.5,-104.635113084761,-41.9217522437402,-87.7143554730248,0.591673148878058,7.52494428275845
36.52,-103.980318644722,-39.5200271978749,-86.1230715156116,1.50341497459515,5.59783927841609
36.54,-103.347581247198,-37.0982249446028,-84.5040857090661,2.42504236718157,3.67503752176934
36.56,-103.122269115446,-34.9066230448839,-83.1855547605781,3.33874811976262,1.99218041841823
36.58,-103.473999002144,-33.0577653501377,-82.3226060554242,4.23877116291444,0.657187017517376
36.6,-104.016552262586,-31.3061912314754,-81.5965937653539,5.13454563855272,-0.570850049514096
36.62,-104.615456748991,-29.5657061235984,-80.8947819003018,6.02942152065093,-1.77632756187205
36.64,-105.241836964028,-27.8173666111503,-80.1925316566543,6.92406052520681,-2.97762274628238
36.66,-105.734457380376,-25.9081083298299,-79.3916461264635,7.62380019079742,-4.14374422150325
36.68,-105.993642097243,-23.7343571346988,-78.423079054555,8.00079034337812,-5.25267416808244
36.7,-106.198876691434,-21.4603575443345,-77.3875804286594,8.2747942357382,-6.34337335102718
36.72,-106.416182814463,-19.1474799647366,-76.3237641150038,8.52681217644816,-7.43018161488963
36.74,-106.660518696335,-16.8095045155607,-75.2406972062832,8.77477234104226,-8.51627185328048
36.76,-107.063921461337,-14.8420143838336,-74.4178626589787,8.58195388367793,-9.77529498106562
36.78,-106.710674063904,-13.5772454011912,-74.3782142739933,7.55480716118983,-11.362344429556
36.8,-106.473736260185,-13.1496468529742,-74.3584595626075,6.25028633680497,-13.0584582226174
36.82,-106.389880557877,-13.0131110032786,-74.2854829807731,4.8858734873693,-14.7781223658833
36.84,-106.345281789803,-12.9401090518202,-74.1977358744331,3.51033970780437,-16.502159461528
36.86,-106.322749175351,-12.902822562833,-74.1441048495777,2.11741923341015,-18.2352403208567
36.88,-106.62827686713,-13.4164412718441,-74.9426273488201,0.368951926110244,-20.1587918746592
36.9,-107.198182150393,-14.3926816698949,-76.4446196491507,-1.67220458123209,-22.2391702745952
36.92,-107.831568414162,-15.5062555256289,-78.1353233770513,-3.79119207844117,-24.3612523603558
36.94,-108.471118649064,-16.6621014638496,-79.8658232925236,-5.92588536577341,-26.4917500341908
36.96,-109.103083850339,-17.8361851533522,-81.5992199847505,-8.0330666233943,-28.6091771752964
36.98,-109.661394603452,-18.9004799096981,-83.1501740893635,-9.21157354707694,-30.2801800697577
37,-110.153646850663,-19.8604159682381,-84.5330573806315,-9.54052987877605,-31.542774671322
37.02,-110.62494957703,-20.7988695489445,-85.8708099730462,-9.6366670136777,-32.6934445525487
37.04,-111.088765917346,-21.7412506497548,-87.2005299193196,-9.68559545439869,-33.8214194511556
37.06,-111.547161874614,-22.6913002507434,-88.5277011387706,-9.72480697725602,-34.9413635837428
37.08,-111.962374707512,-23.5681373462649,-89.7410753928775,-9.70221342959839,-35.8627687726678
37.1,-112.334874784924,-24.3681437694807,-90.8387757909033,-9.61808202585368,-36.5831364547764
37.12,-112.693807765876,-25.1511415284168,-91.9047343328016,-9.51673983761127,-37.247198708443
37.14,-113.0481332805,-25.9358650126594,-92.9649560633032,-9.41187247370884,-37.8997230654665
37.16,-113.399720770335,-26.7262613691486,-94.0248542463763,-9.30633281988861,-38.5501097526458
37.18,-113.674988399358,-27.3533113545177,-94.8601620706029,-9.12490633010542,-39.1189076518664
37.2,-113.826739226722,-27.7021076377924,-95.3227204812148,-8.81799738187782,-39.5531510087932
37.22,-113.939116498055,-27.961838632057,-95.6662113473071,-8.4710167561162,-39.9444318697494
37.24,-114.042974412138,-28.2029680957765,-95.9843808532016,-8.11549444858629,-40.3265552016036
37.26,-114.145108863519,-28.44111713629,-96.2979433579636,-7.75839426649303,-40.7069869264387
37.28,-114.245406052379,-28.675970820654,-96.6065156946174,-7.40831117151787,-41.0765450152879
37.3,-114.322347017639,-28.8568008712047,-96.843668723293,-7.17999785553357,-41.2692026838938
37.32,-114.381884157835,-28.9971251606807,-97.0274391633958,-7.0428238487813,-41.3295245819177
37.34,-114.436859585922,-29.1270067282811,-97.1973315896831,-6.92937469779436,-41.3553994612353
37.36,-114.490882479803,-29.254926429421,-97.3644692697064,-6.82066894811413,-41.3743873472089
37.38,-114.545259691861,-29.383974867517,-97.5328926831295,-6.72045716337623,-41.4000687640874
37.4,-114.609037304733,-29.5357036021562,-97.7306746820718,-6.74796375496184,-41.5580389873653
37.42,-114.679825173621,-29.7045793387707,-97.9505027648426,-6.87098662404403,-41.8151534144438
37.44,-114.752364610361,-29.8781477255121,-98.1761054334421,-7.01886236642081,-42.0980705997456
37.46,-114.825177873124,-30.0528934452158,-98.402899808131,-7.17170252735051,-42.3861423614718
37.48,-114.896008832596,-30.2233864093559,-98.6238481125527,-7.31812399379266,-42.6716294360338
37.5,-114.934074593547,-30.3152178940218,-98.7427231601708,-7.34222232519052,-42.8984166676502
37.52,-114.947646095952,-30.3479931796573,-98.7851280290461,-7.27464341162694,-43.0811610298893
37.54,-114.954857700503,-30.3654167073491,-98.8076658991944,-7.1832468437934,-43.25246171319
37.56,-114.960794386929,-30.3797638625332,-98.826221886061,-7.08707633081648,-43.4214685591554
37.58,-114.964146260151,-30.3878658652844,-98.8366996654728,-6.99123324928282,-43.5852338064694
37.6,-114.929170094896,-30.3033780379391,-98.7274017505468,-6.91445954389793,-43.6704457658469
37.62,-114.865314504574,-30.1494428216663,-98.5280612701807,-6.85212251250673,-43.6965799815643
37.64,-114.793888617823,-29.9777371528147,-98.3053997966463,-6.79353360202358,-43.7073871421121
37.66,-114.720868825755,-29.8027220458479,-98.0781094634674,-6.73569514989422,-43.715126249364
37.68,-114.647484082701,-29.6273638382836,-97.8500295822316,-6.67799113332598,-43.7223158221666
37.7,-114.591540989952,-29.4940393830721,-97.6763903972249,-6.64457325121282,-43.7648335577319
37.72,-114.604641513422,-29.5252329136045,-97.7170343324471,-6.70650051259014,-43.9465183784277
37.74,-114.647710775899,-29.627903959404,-97.8507331150977,-6.80982590854835,-44.1886341749928
37.76,-114.697619722915,-29.7471088181221,-98.0058135357621,-6.9226545658401,-44.4446226092754
37.78,-114.748794860014,-29.8695936816543,-98.1649950911389,-7.03729727360159,-44.7032591710495
37.8,-114.800675487107,-29.994030991239,-98.3265429852954,-7.14799958474909,-44.922390060892
37.82,-114.854592950844,-30.1236362316288,-98.4946171276202,-7.24209776019651,-44.985209231191
37.84,-114.90935540673,-30.2555679493228,-98.6655173506073,-7.32894865262032,-44.9799182321543
37.86,-114.964269360393,-30.3881635081638,-98.8370845289753,-7.41413907997795,-44.9590270416819
37.88,-115.0191688947,-30.5210238532681,-99.0088011388775,-7.4990121090956,-44.9351542614744
37.9,-115.064657959272,-30.6313375797564,-99.1512307997142,-7.57028004272644,-44.9135234483518
37.92,-115.073724186004,-30.6533482451593,-99.1796337266293,-7.58886490062992,-44.9025476569429
37.94,-115.066874194254,-30.6367172451698,-99.158173343236,-7.58441699643185,-44.8962544501424
37.96,-115.056374966936,-30.6112353937065,-99.1252861288232,-7.57469058937854,-44.8910354132256
37.98,-115.045178843025,-30.5840742520415,-99.0902238314605,-7.56395897427934,-44.8860210177809
38,-115.023805298736,-30.5322579625748,-99.0233119389467,-7.52561075917169,-44.8836839050197
38.02,-114.962884686224,-30.3848170152172,-98.8327564228991,-7.37945757752858,-44.8917273370407
38.04,-114.884739053267,-30.1962269763174,-98.588672239632,-7.18658597642474,-44.9042684308188
38.06,-114.802521387033,-29.9984633191018,-98.3322939958655,-6.98294020557247,-44.9178467355179
38.08,-114.719424333453,-29.799265113791,-98.0736165814802,-6.77723509137631,-44.9316232867322
38.1,-114.636099008672,-29.6002051418305,-97.8146752612518,-6.57118768950506,-44.9454733095953
38.12,-114.567250764573,-29.4362469824499,-97.6010600587921,-6.37367968817362,-44.9800648607342
38.14,-114.519581493808,-29.3229990830146,-97.4533355988878,-6.18865642286245,-45.0447869362735
38.16,-114.47839816506,-29.225339389378,-97.3258281064833,-6.00746393726003,-45.1187505759774
38.18,-114.438573438735,-29.1310601531031,-97.2026308365184,-5.82708630248586,-45.1946797867472
38.2,-114.398999803626,-29.0375296041878,-97.0803113082533,-5.64690361343389,-45.2709716403243
38.22,-114.370703426263,-28.9707464652639,-96.9929106949952,-5.48715684603963,-45.3486838748744
38.24,-114.358766097739,-28.9425963645047,-96.9560546304854,-5.3570679590584,-45.4283804713846
38.26,-114.351859213623,-28.9263152221145,-96.9347340598441,-5.23609665170032,-45.5086856535012
38.28,-114.34601603873,-28.9125451386728,-96.9166993998017,-5.11705381169177,-45.5891194712442
38.3,-114.340343715308,-28.8991808872154,-96.8991941633787,-4.99850475899126,-45.6696259724146
38.32,-114.320362222571,-28.8521287239238,-96.8375461915314,-4.95970239796911,-45.7783795654562
38.34,-114.27954423286,-28.7561325610983,-96.7116920622083,-5.03659204738956,-45.9281348958015
38.36,-114.232288285407,-28.6451988344771,-96.5661212198065,-5.14903239190221,-46.090489965548
38.38,-114.183634688487,-28.5312117316326,-96.4163944782294,-5.26899605093213,-46.2555114445254
38.4,-114.1347203973,-28.4168467993048,-96.2660186176968,-5.39026556230677,-46.420914512878
38.42,-114.101983121899,-28.3404350318223,-96.1654609774033,-5.47144757606014,-46.5314970493837
38.44,-114.092846364396,-28.3191276313466,-96.1374082602513,-5.49409942502045,-46.5623468071261
38.46,-114.090972351831,-28.3147583399706,-96.1316551142637,-5.49874521497945,-46.5686735834613
38.48,-114.09063165788,-28.3139640431434,-96.1306092212411,-5.49958981684228,-46.5698237548086
38.5,-114.090573812466,-28.3138291829743,-96.1304316429164,-5.49973322058603,-46.57001903743
38.52,-114.090564433337,-28.3138073166055,-96.1304028501608,-5.49975647243432,-46.5700507006925
38.54,-114.090562950984,-28.3138038606696,-96.1303982995229,-5.49976014736501,-46.5700557049983
38.56,-114.090562721547,-28.3138033257621,-96.1303975951781,-5.4997607161709,-46.5700564795603
38.58,-114.090562686585,-28.3138032442534,-96.1303974878507,-5.49976080284536,-46.5700565975872
38.6,-114.090562681293,-28.3138032319151,-96.130397471604,-5.4997608159657,-46.5700566154535
38.62,-114.090562680508,-28.3138032300857,-96.1303974691952,-5.49976081791104,-46.5700566181025
38.64,-114.090562680392,-28.3138032298157,-96.1303974688398,-5.49976081819804,-46.5700566184933
38.66,-114.090562680375,-28.3138032297762,-96.1303974687876,-5.49976081824019,-46.5700566185507
38.68,-114.090562680373,-28.3138032297704,-96.13039746878,-5.49976081824633,-46.5700566185591
38.7,-114.090562680373,-28.3138032297695,-96.1303974687789,-5.49976081824722,-46.5700566185603
38.72,-114.090562680372,-28.3138032297694,-96.1303974687787,-5.49976081824735,-46.5700566185605
38.74,-114.090562680372,-28.3138032297694,-96.1303974687788,-5.49976081824737,-46.5700566185605
38.76,-114.090562680372,-28.3138032297694,-96.1303974687788,-5.49976081824737,-46.5700566185605
38.78,-114.090562680372,-28.3138032297694,-96.1303974687787,-5.49976081824737,-46.5700566185605
38.8,-114.090562680372,-28.3138032297694,-96.1303974687788,-5.49976081824737,-46.5700566185605
38.82,-114.090562680372,-28.3138032297693,-96.1303974687787,-5.49976081824737,-46.5700566185605
38.84,-114.090562680372,-28.3138032297694,-96.1303974687788,-5.49976081824737,-46.5700566185605
38.86,-114.090562680372,-28.3138032297693,-96.1303974687787,-5.49976081824737,-46.5700566185605
38.88,-114.090562680372,-28.3138032297694,-96.1303974687787,-5.49976081824737,-46.5700566185605
38.9,-114.090562680372,-28.3138032297693,-96.1303974687787,-5.49976081824737,-46.5700566185605
38.92,-114.090562680372,-28.3138032297693,-96.1303974687787,-5.49976081824737,-46.5700566185605
38.94,-114.090562680372,-28.3138032297693,-96.1303974687787,-5.49976081824737,-46.5700566185605
38.96,-114.090562680372,-28.3138032297693,-96.1303974687787,-5.49976081824737,-46.5700566185605
38.98,-114.090562680372,-28.3138032297694,-96.1303974687787,-5.49976081824737,-46.5700566185605
39,-114.090562680372,-28.3138032297693,-96.1303974687787,-5.49976081824737,-46.5700566185605
39.02,-114.090562680372,-28.3138032297693,-96.1303974687787,-5.49976081824737,-46.5700566185605
39.04,-114.090562680372,-28.3138032297693,-96.1303974687787,-5.49976081824737,-46.5700566185605
39.06,-114.090562680372,-28.3138032297694,-96.1303974687788,-5.49976081824737,-46.5700566185605
39.08,-114.090562680372,-28.3138032297693,-96.1303974687787,-5.49976081824737,-46.5700566185605
39.1,-114.090562680372,-28.3138032297694,-96.1303974687787,-5.49976081824737,-46.5700566185605
39.12,-114.090562680372,-28.3138032297694,-96.1303974687787,-5.49976081824737,-46.5700566185605
39.14,-114.090562680372,-28.3138032297694,-96.1303974687789,-5.49976081824737,-46.5700566185605
39.16,-114.090562680372,-28.3138032297694,-96.1303974687787,-5.49976081824737,-46.5700566185605
39.18,-114.090562680372,-28.3138032297694,-96.1303974687787,-5.49976081824737,-46.5700566185605
39.2,-114.090562680372,-28.3138032297694,-96.1303974687787,-5.49976081824737,-46.5700566185605
39.22,-114.090562680372,-28.3138032297693,-96.1303974687787,-5.49976081824737,-46.5700566185605
39.24,-114.090562680372,-28.3138032297694,-96.1303974687788,-5.49976081824737,-46.5700566185605
39.26,-114.090562680372,-28.3138032297694,-96.1303974687787,-5.49976081824737,-46.5700566185605
39.28,-114.090562680372,-28.3138032297694,-96.1303974687787,-5.49976081824737,-46.5700566185605
39.3,-114.090562680372,-28.3138032297694,-96.1303974687788,-5.49976081824737,-46.5700566185605
39.32,-114.090562680372,-28.3138032297694,-96.1303974687788,-5.49976081824737,-46.5700566185605
39.34,-114.090562680372,-28.3138032297693,-96.1303974687787,-5.49976081824737,-46.5700566185605
39.36,-114.090562680372,-28.3138032297694,-96.1303974687788,-5.49976081824737,-46.5700566185605
39.38,-114.090562680372,-28.3138032297694,-96.1303974687787,-5.49976081824737,-46.5700566185605
39.4,-114.090562680372,-28.3138032297694,-96.1303974687788,-5.49976081824737,-46.5700566185605
39.42,-114.090562680372,-28.3138032297693,-96.1303974687787,-5.49976081824737,-46.5700566185605
39.44,-114.090562680372,-28.3138032297694,-96.1303974687787,-5.49976081824737,-46.5700566185605
39.46,-114.090562680372,-28.3138032297694,-96.1303974687787,-5.49976081824737,-46.5700566185605
39.48,-114.090562680372,-28.3138032297693,-96.1303974687788,-5.49976081824737,-46.5700566185605
39.5,-114.090562680372,-28.3138032297693,-96.1303974687787,-5.49976081824737,-46.5700566185605
39.52,-114.090562680372,-28.3138032297694,-96.1303974687787,-5.49976081824737,-46.5700566185605
39.54,-114.090562680372,-28.3138032297694,-96.1303974687788,-5.49976081824737,-46.5700566185605
39.56,-114.090562680372,-28.3138032297695,-96.1303974687787,-5.49976081824737,-46.5700566185605
39.58,-114.090562680372,-28.3138032297694,-96.1303974687789,-5.49976081824737,-46.5700566185605
39.6,-114.090562680372,-28.3138032297693,-96.1303974687788,-5.49976081824737,-46.5700566185605
39.62,-114.090562680372,-28.3138032297693,-96.1303974687787,-5.49976081824737,-46.5700566185605
39.64,-114.090562680372,-28.3138032297694,-96.1303974687788,-5.49976081824737,-46.5700566185605
39.66,-114.090562680372,-28.3138032297694,-96.1303974687787,-5.49976081824737,-46.5700566185605
39.68,-114.090562680372,-28.3138032297693,-96.1303974687787,-5.49976081824737,-46.5700566185605
39.7,-114.090562680372,-28.3138032297693,-96.1303974687787,-5.49976081824737,-46.5700566185605
39.72,-114.090562680372,-28.3138032297693,-96.1303974687787,-5.49976081824737,-46.5700566185605
39.74,-114.090562680372,-28.3138032297694,-96.1303974687788,-5.49976081824737,-46.5700566185605
39.76,-114.090562680372,-28.3138032297694,-96.1303974687788,-5.49976081824737,-46.5700566185605
39.78,-114.090562680372,-28.3138032297694,-96.1303974687787,-5.49976081824737,-46.5700566185605
39.8,-114.090562680372,-28.3138032297694,-96.1303974687787,-5.49976081824737,-46.5700566185605
39.82,-114.090562680372,-28.3138032297694,-96.1303974687788,-5.49976081824737,-46.5700566185605
39.84,-114.090562680372,-28.3138032297694,-96.1303974687787,-5.49976081824737,-46.5700566185605
39.86,-114.090562680372,-28.3138032297693,-96.1303974687787,-5.49976081824737,-46.5700566185605
39.88,-114.090562680372,-28.3138032297694,-96.1303974687787,-5.49976081824737,-46.5700566185605
39.9,-114.090562680372,-28.3138032297694,-96.1303974687787,-5.49976081824737,-46.5700566185605
39.92,-114.090562680372,-28.3138032297694,-96.1303974687787,-5.49976081824737,-46.5700566185605
39.94,-114.090562680372,-28.3138032297694,-96.1303974687787,-5.49976081824737,-46.5700566185605
39.96,-114.090562680372,-28.3138032297694,-96.1303974687787,-5.49976081824737,-46.5700566185605
39.98,-114.090562680372,-28.3138032297694,-96.1303974687788,-5.49976081824737,-46.5700566185605
40,-114.090562680372,-28.3138032297693,-96.1303974687787,-5.49976081824737,-46.5700566185605
40.02,-114.090562680372,-28.3138032297694,-96.1303974687788,-5.49976081824737,-46.5700566185605
40.04,-114.090562680372,-28.3138032297694,-96.1303974687787,-5.49976081824737,-46.5700566185605
40.06,-114.090562680372,-28.3138032297693,-96.1303974687787,-5.49976081824737,-46.5700566185605
40.08,-114.090562680372,-28.3138032297693,-96.1303974687787,-5.49976081824737,-46.5700566185605
40.1,-114.090562680372,-28.3138032297694,-96.1303974687787,-5.49976081824737,-46.5700566185605
40.12,-114.090562680372,-28.3138032297694,-96.1303974687787,-5.49976081824737,-46.5700566185605
40.14,-114.090562680372,-28.3138032297694,-96.1303974687788,-5.49976081824737,-46.5700566185605
40.16,-114.090562680372,-28.3138032297694,-96.1303974687788,-5.49976081824737,-46.5700566185605
40.18,-114.090562680372,-28.3138032297694,-96.1303974687787,-5.49976081824737,-46.5700566185605
40.2,-114.090562680372,-28.3138032297694,-96.1303974687787,-5.49976081824737,-46.5700566185605
40.22,-114.090562680372,-28.3138032297694,-96.1303974687787,-5.49976081824737,-46.5700566185605
40.24,-114.090562680372,-28.3138032297694,-96.1303974687787,-5.49976081824737,-46.5700566185605
40.26,-114.090562680372,-28.3138032297693,-96.1303974687787,-5.49976081824737,-46.5700566185605
40.28,-114.090562680372,-28.3138032297694,-96.1303974687787,-5.49976081824737,-46.5700566185605
40.3,-114.090562680372,-28.3138032297693,-96.1303974687787,-5.49976081824737,-46.5700566185605
40.32,-114.090562680372,-28.3138032297694,-96.1303974687787,-5.49976081824737,-46.5700566185605
40.34,-114.090562680372,-28.3138032297693,-96.1303974687787,-5.49976081824737,-46.5700566185605
40.36,-114.090562680372,-28.3138032297694,-96.1303974687787,-5.49976081824737,-46.5700566185605
40.38,-114.090562680372,-28.3138032297694,-96.1303974687787,-5.49976081824737,-46.5700566185605
40.4,-114.090562680372,-28.3138032297694,-96.1303974687788,-5.49976081824737,-46.5700566185605
40.42,-114.090562680372,-28.3138032297693,-96.1303974687787,-5.49976081824737,-46.5700566185605
40.44,-114.090562680372,-28.3138032297694,-96.1303974687789,-5.49976081824737,-46.5700566185605
40.46,-114.090562680372,-28.3138032297694,-96.1303974687789,-5.49976081824737,-46.5700566185605
40.48,-114.090562680372,-28.3138032297694,-96.1303974687787,-5.49976081824737,-46.5700566185605
40.5,-114.090562680372,-28.3138032297693,-96.1303974687787,-5.49976081824737,-46.5700566185605
40.52,-114.090562680372,-28.3138032297694,-96.1303974687787,-5.49976081824737,-46.5700566185605
40.54,-114.090562680372,-28.3138032297694,-96.1303974687787,-5.49976081824737,-46.5700566185605
40.56,-114.090562680372,-28.3138032297693,-96.1303974687787,-5.49976081824737,-46.5700566185605
40.58,-114.090562680372,-28.3138032297694,-96.1303974687787,-5.49976081824737,-46.5700566185605
40.6,-114.090562680372,-28.3138032297694,-96.1303974687789,-5.49976081824737,-46.5700566185605
40.62,-114.090562680372,-28.3138032297694,-96.1303974687787,-5.49976081824737,-46.5700566185605
40.64,-114.090562680372,-28.3138032297693,-96.1303974687787,-5.49976081824737,-46.5700566185605
40.66,-114.090562680372,-28.3138032297694,-96.1303974687787,-5.49976081824737,-46.5700566185605
40.68,-114.090562680372,-28.3138032297694,-96.1303974687788,-5.49976081824737,-46.5700566185605
40.7,-114.090562680372,-28.3138032297693,-96.1303974687788,-5.49976081824737,-46.5700566185605
40.72,-114.090562680372,-28.3138032297694,-96.1303974687787,-5.49976081824737,-46.5700566185605
40.74,-114.090562680372,-28.3138032297694,-96.1303974687787,-5.49976081824737,-46.5700566185605
40.76,-114.090562680372,-28.3138032297693,-96.1303974687787,-5.49976081824737,-46.5700566185605
40.78,-114.090562680372,-28.3138032297694,-96.1303974687789,-5.49976081824737,-46.5700566185605
40.8,-114.090562680372,-28.3138032297693,-96.1303974687787,-5.49976081824737,-46.5700566185605
40.82,-114.090562680372,-28.3138032297693,-96.1303974687787,-5.49976081824737,-46.5700566185605
40.84,-114.090562680372,-28.3138032297694,-96.1303974687788,-5.49976081824737,-46.5700566185605
40.86,-114.090562680372,-28.3138032297693,-96.1303974687787,-5.49976081824737,-46.5700566185605
40.88,-114.090562680372,-28.3138032297694,-96.1303974687787,-5.49976081824737,-46.5700566185605
40.9,-114.090562680372,-28.3138032297693,-96.1303974687787,-5.49976081824737,-46.5700566185605
40.92,-114.090562680372,-28.3138032297693,-96.1303974687787,-5.49976081824737,-46.5700566185605
40.94,-114.090562680372,-28.3138032297693,-96.1303974687789,-5.49976081824737,-46.5700566185605
40.96,-114.090562680372,-28.3138032297694,-96.1303974687787,-5.49976081824737,-46.5700566185605
40.98,-114.090562680372,-28.3138032297694,-96.1303974687788,-5.49976081824737,-46.5700566185605
41,-114.090562680372,-28.3138032297694,-96.1303974687787,-5.49976081824737,-46.5700566185605
41.02,-114.090562680372,-28.3138032297694,-96.1303974687788,-5.49976081824737,-46.5700566185605
41.04,-114.090562680372,-28.3138032297693,-96.1303974687788,-5.49976081824737,-46.5700566185605
41.06,-114.090562680372,-28.3138032297693,-96.1303974687787,-5.49976081824737,-46.5700566185605
41.08,-114.090562680372,-28.3138032297694,-96.1303974687787,-5.49976081824737,-46.5700566185605
41.1,-114.090562680372,-28.3138032297693,-96.1303974687788,-5.49976081824737,-46.5700566185605
41.12,-114.090562680372,-28.3138032297694,-96.1303974687787,-5.49976081824737,-46.5700566185605
41.14,-114.090562680372,-28.3138032297694,-96.1303974687787,-5.49976081824737,-46.5700566185605
41.16,-114.090562680372,-28.3138032297693,-96.1303974687787,-5.49976081824737,-46.5700566185605
41.18,-114.090562680372,-28.3138032297694,-96.1303974687787,-5.49976081824737,-46.5700566185605
41.2,-114.090562680372,-28.3138032297694,-96.1303974687789,-5.49976081824737,-46.5700566185605
41.22,-114.090562680372,-28.3138032297694,-96.1303974687787,-5.49976081824737,-46.5700566185605
41.24,-114.090562680372,-28.3138032297693,-96.1303974687787,-5.49976081824737,-46.5700566185605
41.26,-114.090562680372,-28.3138032297694,-96.1303974687788,-5.49976081824737,-46.5700566185605
41.28,-114.090562680372,-28.3138032297693,-96.1303974687787,-5.49976081824737,-46.5700566185605
41.3,-114.090562680372,-28.3138032297694,-96.1303974687788,-5.49976081824737,-46.5700566185605
41.32,-114.090562680372,-28.3138032297693,-96.1303974687787,-5.49976081824737,-46.5700566185605
41.34,-114.090562680372,-28.3138032297694,-96.1303974687787,-5.49976081824737,-46.5700566185605
41.36,-114.090562680372,-28.3138032297693,-96.1303974687787,-5.49976081824737,-46.5700566185605
41.38,-114.090562680372,-28.3138032297693,-96.1303974687787,-5.49976081824737,-46.5700566185605
41.4,-114.090562680372,-28.3138032297694,-96.1303974687787,-5.49976081824737,-46.5700566185605
41.42,-114.090562680372,-28.3138032297693,-96.1303974687787,-5.49976081824737,-46.5700566185605
41.44,-114.090562680372,-28.3138032297693,-96.1303974687787,-5.49976081824737,-46.5700566185605
41.46,-114.090562680372,-28.3138032297695,-96.1303974687787,-5.49976081824737,-46.5700566185605
41.48,-114.090562680372,-28.3138032297694,-96.1303974687787,-5.49976081824737,-46.5700566185605
41.5,-114.090562680372,-28.3138032297693,-96.1303974687787,-5.49976081824737,-46.5700566185605
41.52,-114.090562680372,-28.3138032297694,-96.1303974687787,-5.49976081824737,-46.5700566185605
41.54,-114.090562680372,-28.3138032297693,-96.1303974687787,-5.49976081824737,-46.5700566185605
41.56,-114.090562680372,-28.3138032297693,-96.1303974687787,-5.49976081824737,-46.5700566185605
41.58,-114.090562680372,-28.3138032297694,-96.1303974687787,-5.49976081824737,-46.5700566185605
41.6,-114.090562680372,-28.3138032297694,-96.1303974687787,-5.49976081824737,-46.5700566185605
41.62,-114.090562680372,-28.3138032297694,-96.1303974687787,-5.49976081824737,-46.5700566185605
41.64,-114.090562680372,-28.3138032297694,-96.1303974687787,-5.49976081824737,-46.5700566185605
41.66,-114.090562680372,-28.3138032297694,-96.1303974687788,-5.49976081824737,-46.5700566185605
41.68,-114.090562680372,-28.3138032297694,-96.1303974687788,-5.49976081824737,-46.5700566185605
41.7,-114.090562680372,-28.3138032297694,-96.1303974687787,-5.49976081824737,-46.5700566185605
41.72,-114.090562680372,-28.3138032297693,-96.1303974687787,-5.49976081824737,-46.5700566185605
41.74,-114.090562680372,-28.3138032297694,-96.1303974687788,-5.49976081824737,-46.5700566185605
41.76,-114.090562680372,-28.3138032297694,-96.1303974687787,-5.49976081824737,-46.5700566185605
41.78,-114.090562680372,-28.3138032297693,-96.1303974687787,-5.49976081824737,-46.5700566185605
41.8,-114.090562680372,-28.3138032297693,-96.1303974687787,-5.49976081824737,-46.5700566185605
41.82,-114.090562680372,-28.3138032297693,-96.1303974687787,-5.49976081824737,-46.5700566185605
41.84,-114.090562680372,-28.3138032297693,-96.1303974687787,-5.49976081824737,-46.5700566185605
41.86,-114.090562680372,-28.3138032297693,-96.1303974687787,-5.49976081824737,-46.5700566185605
41.88,-114.090562680372,-28.3138032297693,-96.1303974687787,-5.49976081824737,-46.5700566185605
41.9,-114.090562680372,-28.3138032297694,-96.1303974687788,-5.49976081824737,-46.5700566185605
41.92,-114.090562680372,-28.3138032297693,-96.1303974687787,-5.49976081824737,-46.5700566185605
41.94,-114.090562680372,-28.3138032297694,-96.1303974687787,-5.49976081824737,-46.5700566185605
41.96,-114.090562680372,-28.3138032297693,-96.1303974687787,-5.49976081824737,-46.5700566185605
41.98,-114.090562680372,-28.3138032297694,-96.1303974687788,-5.49976081824737,-46.5700566185605
42,-114.090562680372,-28.3138032297694,-96.1303974687788,-5.49976081824737,-46.5700566185605
42.02,-114.090562680372,-28.3138032297694,-96.1303974687787,-5.49976081824737,-46.5700566185605
42.04,-114.090562680372,-28.3138032297694,-96.1303974687787,-5.49976081824737,-46.5700566185605
42.06,-114.090562680372,-28.3138032297694,-96.1303974687787,-5.49976081824737,-46.5700566185605
42.08,-114.090562680372,-28.3138032297694,-96.1303974687788,-5.49976081824737,-46.5700566185605
42.1,-114.090562680372,-28.3138032297693,-96.1303974687787,-5.49976081824737,-46.5700566185605
42.12,-114.090562680372,-28.3138032297693,-96.1303974687787,-5.49976081824737,-46.5700566185605
42.14,-114.090562680372,-28.3138032297694,-96.1303974687787,-5.49976081824737,-46.5700566185605
42.16,-114.090562680372,-28.3138032297694,-96.1303974687789,-5.49976081824737,-46.5700566185605
42.18,-114.090562680372,-28.3138032297693,-96.1303974687787,-5.49976081824737,-46.5700566185605
42.2,-114.090562680372,-28.3138032297694,-96.1303974687787,-5.49976081824737,-46.5700566185605
42.22,-114.090562680372,-28.3138032297694,-96.1303974687787,-5.49976081824737,-46.5700566185605
42.24,-114.090562680372,-28.3138032297693,-96.1303974687787,-5.49976081824737,-46.5700566185605
42.26,-114.090562680372,-28.3138032297694,-96.1303974687788,-5.49976081824737,-46.5700566185605
42.28,-114.090562680372,-28.3138032297693,-96.1303974687787,-5.49976081824737,-46.5700566185605
42.3,-114.090562680372,-28.3138032297693,-96.1303974687787,-5.49976081824737,-46.5700566185605
42.32,-114.090562680372,-28.3138032297693,-96.1303974687787,-5.49976081824737,-46.5700566185605
42.34,-114.090562680372,-28.3138032297693,-96.1303974687787,-5.49976081824737,-46.5700566185605
42.36,-114.090562680372,-28.3138032297693,-96.1303974687787,-5.49976081824737,-46.5700566185605
42.38,-114.090562680372,-28.3138032297693,-96.1303974687787,-5.49976081824737,-46.5700566185605
42.4,-114.090562680372,-28.3138032297694,-96.1303974687788,-5.49976081824737,-46.5700566185605
42.42,-114.090562680372,-28.3138032297693,-96.1303974687787,-5.49976081824737,-46.5700566185605
42.44,-114.090562680372,-28.3138032297694,-96.1303974687787,-5.49976081824737,-46.5700566185605
42.46,-114.090562680372,-28.3138032297694,-96.1303974687787,-5.49976081824737,-46.5700566185605
42.48,-114.090562680372,-28.3138032297693,-96.1303974687788,-5.49976081824737,-46.5700566185605
42.5,-114.090562680372,-28.3138032297693,-96.1303974687787,-5.49976081824737,-46.5700566185605
42.52,-114.090562680372,-28.3138032297693,-96.1303974687788,-5.49976081824737,-46.5700566185605
42.54,-114.090562680372,-28.3138032297693,-96.1303974687787,-5.49976081824737,-46.5700566185605
42.56,-114.090562680372,-28.3138032297694,-96.1303974687787,-5.49976081824737,-46.5700566185605
42.58,-114.090562680372,-28.3138032297694,-96.1303974687787,-5.49976081824737,-46.5700566185605
42.6,-114.090562680372,-28.3138032297694,-96.1303974687787,-5.49976081824737,-46.5700566185605
42.62,-114.090562680372,-28.3138032297693,-96.1303974687787,-5.49976081824737,-46.5700566185605
42.64,-114.090562680372,-28.3138032297694,-96.1303974687787,-5.49976081824737,-46.5700566185605
42.66,-114.090562680372,-28.3138032297694,-96.1303974687787,-5.49976081824737,-46.5700566185605
42.68,-114.090562680372,-28.3138032297693,-96.1303974687787,-5.49976081824737,-46.5700566185605
42.7,-114.090562680372,-28.3138032297693,-96.1303974687787,-5.49976081824737,-46.5700566185605
42.72,-114.090562680372,-28.3138032297693,-96.1303974687787,-5.49976081824737,-46.5700566185605
42.74,-114.090562680372,-28.3138032297694,-96.1303974687787,-5.49976081824737,-46.5700566185605
42.76,-114.090562680372,-28.3138032297693,-96.1303974687787,-5.49976081824737,-46.5700566185605
42.78,-114.090562680372,-28.3138032297694,-96.1303974687788,-5.49976081824737,-46.5700566185605
42.8,-114.090562680372,-28.3138032297694,-96.1303974687787,-5.49976081824737,-46.5700566185605
42.82,-114.090562680372,-28.3138032297694,-96.1303974687787,-5.49976081824737,-46.5700566185605
42.84,-114.090562680372,-28.3138032297694,-96.1303974687787,-5.49976081824737,-46.5700566185605
42.86,-114.090562680372,-28.3138032297693,-96.1303974687787,-5.49976081824737,-46.5700566185605
42.88,-114.090562680372,-28.3138032297694,-96.1303974687788,-5.49976081824737,-46.5700566185605
42.9,-114.090562680372,-28.3138032297694,-96.1303974687787,-5.49976081824737,-46.5700566185605
42.92,-114.090562680372,-28.3138032297694,-96.1303974687787,-5.49976081824737,-46.5700566185605
42.94,-114.090562680372,-28.3138032297694,-96.1303974687787,-5.49976081824737,-46.5700566185605
42.96,-114.090562680372,-28.3138032297694,-96.1303974687787,-5.49976081824737,-46.5700566185605
42.98,-114.090562680372,-28.3138032297694,-96.1303974687787,-5.49976081824737,-46.5700566185605
43,-114.090562680372,-28.3138032297694,-96.1303974687788,-5.49976081824737,-46.5700566185605
43.02,-114.090562680372,-28.3138032297693,-96.1303974687787,-5.49976081824737,-46.5700566185605
43.04,-114.090562680372,-28.3138032297694,-96.1303974687788,-5.49976081824737,-46.5700566185605
43.06,-114.090562680372,-28.3138032297694,-96.1303974687787,-5.49976081824737,-46.5700566185605
43.08,-114.090562680372,-28.3138032297694,-96.1303974687787,-5.49976081824737,-46.5700566185605
43.1,-114.090562680372,-28.3138032297693,-96.1303974687788,-5.49976081824737,-46.5700566185605
43.12,-114.090562680372,-28.3138032297693,-96.1303974687787,-5.49976081824737,-46.5700566185605
43.14,-114.090562680372,-28.3138032297694,-96.1303974687789,-5.49976081824737,-46.5700566185605
43.16,-114.090562680372,-28.3138032297693,-96.1303974687787,-5.49976081824737,-46.5700566185605
43.18,-114.090562680372,-28.3138032297694,-96.1303974687787,-5.49976081824737,-46.5700566185605
43.2,-114.090562680372,-28.3138032297694,-96.1303974687787,-5.49976081824737,-46.5700566185605
43.22,-114.090562680372,-28.3138032297694,-96.1303974687788,-5.49976081824737,-46.5700566185605
43.24,-114.090562680372,-28.3138032297693,-96.1303974687787,-5.49976081824737,-46.5700566185605
43.26,-114.090562680372,-28.3138032297694,-96.1303974687788,-5.49976081824737,-46.5700566185605
43.28,-114.090562680372,-28.3138032297694,-96.1303974687787,-5.49976081824737,-46.5700566185605
43.3,-114.090562680372,-28.3138032297694,-96.1303974687787,-5.49976081824737,-46.5700566185605
43.32,-114.090562680372,-28.3138032297693,-96.1303974687787,-5.49976081824737,-46.5700566185605
43.34,-114.090562680372,-28.3138032297694,-96.1303974687787,-5.49976081824737,-46.5700566185605
43.36,-114.090562680372,-28.3138032297693,-96.1303974687787,-5.49976081824737,-46.5700566185605
43.38,-114.090562680372,-28.3138032297694,-96.1303974687787,-5.49976081824737,-46.5700566185605
43.4,-114.090562680372,-28.3138032297693,-96.1303974687787,-5.49976081824737,-46.5700566185605
43.42,-114.090562680372,-28.3138032297693,-96.1303974687787,-5.49976081824737,-46.5700566185605
43.44,-114.090562680372,-28.3138032297694,-96.1303974687787,-5.49976081824737,-46.5700566185605
43.46,-114.090562680372,-28.3138032297693,-96.1303974687787,-5.49976081824737,-46.5700566185605
43.48,-114.090562680372,-28.3138032297693,-96.1303974687787,-5.49976081824737,-46.5700566185605
43.5,-114.090562680372,-28.3138032297694,-96.1303974687787,-5.49976081824737,-46.5700566185605
43.52,-114.090562680372,-28.3138032297694,-96.1303974687788,-5.49976081824737,-46.5700566185605
43.54,-114.090562680372,-28.3138032297693,-96.1303974687787,-5.49976081824737,-46.5700566185605
43.56,-114.090562680372,-28.3138032297693,-96.1303974687788,-5.49976081824737,-46.5700566185605
43.58,-114.090562680372,-28.3138032297694,-96.1303974687787,-5.49976081824737,-46.5700566185605
43.6,-114.090562680372,-28.3138032297694,-96.1303974687788,-5.49976081824737,-46.5700566185605
43.62,-114.090562680372,-28.3138032297693,-96.1303974687787,-5.49976081824737,-46.5700566185605
43.64,-114.090562680372,-28.3138032297694,-96.1303974687787,-5.49976081824737,-46.5700566185605
43.66,-114.090562680372,-28.3138032297694,-96.1303974687787,-5.49976081824737,-46.5700566185605
43.68,-114.090562680372,-28.3138032297694,-96.1303974687787,-5.49976081824737,-46.5700566185605
43.7,-114.090562680372,-28.3138032297694,-96.1303974687788,-5.49976081824737,-46.5700566185605
43.72,-114.090562680372,-28.3138032297694,-96.1303974687787,-5.49976081824737,-46.5700566185605
43.74,-114.090562680372,-28.3138032297693,-96.1303974687787,-5.49976081824737,-46.5700566185605
43.76,-114.090562680372,-28.3138032297694,-96.1303974687787,-5.49976081824737,-46.5700566185605
43.78,-114.090562680372,-28.3138032297694,-96.1303974687788,-5.49976081824737,-46.5700566185605
43.8,-114.090562680372,-28.3138032297694,-96.1303974687788,-5.49976081824737,-46.5700566185605
43.82,-114.090562680372,-28.3138032297695,-96.1303974687787,-5.49976081824737,-46.5700566185605
43.84,-114.090562680372,-28.3138032297694,-96.1303974687787,-5.49976081824737,-46.5700566185605
43.86,-114.090562680372,-28.3138032297694,-96.1303974687787,-5.49976081824737,-46.5700566185605
43.88,-114.090562680372,-28.3138032297693,-96.1303974687787,-5.49976081824737,-46.5700566185605
43.9,-114.090562680372,-28.3138032297693,-96.1303974687788,-5.49976081824737,-46.5700566185605
43.92,-114.090562680372,-28.3138032297693,-96.1303974687787,-5.49976081824737,-46.5700566185605
43.94,-114.090562680372,-28.3138032297693,-96.1303974687787,-5.49976081824737,-46.5700566185605
43.96,-114.090562680372,-28.3138032297694,-96.1303974687787,-5.49976081824737,-46.5700566185605
43.98,-114.090562680372,-28.3138032297694,-96.1303974687788,-5.49976081824737,-46.5700566185605
44,-114.090562680372,-28.3138032297694,-96.1303974687787,-5.49976081824737,-46.5700566185605
44.02,-114.090562680372,-28.3138032297694,-96.1303974687788,-5.49976081824737,-46.5700566185605
44.04,-114.090562680372,-28.3138032297694,-96.1303974687787,-5.49976081824737,-46.5700566185605
44.06,-114.090562680372,-28.3138032297693,-96.1303974687788,-5.49976081824737,-46.5700566185605
44.08,-114.090562680372,-28.3138032297693,-96.1303974687787,-5.49976081824737,-46.5700566185605
44.1,-114.090562680372,-28.3138032297694,-96.1303974687787,-5.49976081824737,-46.5700566185605
44.12,-114.090562680372,-28.3138032297693,-96.1303974687788,-5.49976081824737,-46.5700566185605
44.14,-114.090562680372,-28.3138032297693,-96.1303974687787,-5.49976081824737,-46.5700566185605
44.16,-114.090562680372,-28.3138032297693,-96.1303974687787,-5.49976081824737,-46.5700566185605
44.18,-114.090562680372,-28.3138032297694,-96.1303974687787,-5.49976081824737,-46.5700566185605
44.2,-114.090562680372,-28.3138032297694,-96.1303974687787,-5.49976081824737,-46.5700566185605
44.22,-114.090562680372,-28.3138032297693,-96.1303974687787,-5.49976081824737,-46.5700566185605
44.24,-114.090562680372,-28.3138032297694,-96.1303974687787,-5.49976081824737,-46.5700566185605
44.26,-114.090562680372,-28.3138032297694,-96.1303974687787,-5.49976081824737,-46.5700566185605
44.28,-114.090562680372,-28.3138032297694,-96.1303974687787,-5.49976081824737,-46.5700566185605
44.3,-114.090562680372,-28.3138032297694,-96.1303974687787,-5.49976081824737,-46.5700566185605
44.32,-114.090562680372,-28.3138032297694,-96.1303974687787,-5.49976081824737,-46.5700566185605
44.34,-114.090562680372,-28.3138032297694,-96.1303974687787,-5.49976081824737,-46.5700566185605
44.36,-114.090562680372,-28.3138032297693,-96.1303974687787,-5.49976081824737,-46.5700566185605
44.38,-114.090562680372,-28.3138032297694,-96.1303974687788,-5.49976081824737,-46.5700566185605
44.4,-114.090562680372,-28.3138032297693,-96.1303974687787,-5.49976081824737,-46.5700566185605
44.42,-114.090562680372,-28.3138032297693,-96.1303974687787,-5.49976081824737,-46.5700566185605
44.44,-114.090562680372,-28.3138032297694,-96.1303974687787,-5.49976081824737,-46.5700566185605
44.46,-114.090562680372,-28.3138032297694,-96.1303974687787,-5.49976081824737,-46.5700566185605
44.48,-114.090562680372,-28.3138032297694,-96.1303974687788,-5.49976081824737,-46.5700566185605
44.5,-114.090562680372,-28.3138032297693,-96.1303974687787,-5.49976081824737,-46.5700566185605
44.52,-114.090562680372,-28.3138032297694,-96.1303974687788,-5.49976081824737,-46.5700566185605
44.54,-114.090562680372,-28.3138032297693,-96.1303974687787,-5.49976081824737,-46.5700566185605
44.56,-114.090562680372,-28.3138032297694,-96.1303974687789,-5.49976081824737,-46.5700566185605
44.58,-114.090562680372,-28.3138032297694,-96.1303974687787,-5.49976081824737,-46.5700566185605
44.6,-114.090562680372,-28.3138032297693,-96.1303974687787,-5.49976081824737,-46.5700566185605
44.62,-114.090562680372,-28.3138032297694,-96.1303974687787,-5.49976081824737,-46.5700566185605
44.64,-114.090562680372,-28.3138032297694,-96.1303974687788,-5.49976081824737,-46.5700566185605
44.66,-114.090562680372,-28.3138032297694,-96.1303974687788,-5.49976081824737,-46.5700566185605
44.68,-114.090562680372,-28.3138032297694,-96.1303974687788,-5.49976081824737,-46.5700566185605
44.7,-114.090562680372,-28.3138032297694,-96.1303974687788,-5.49976081824737,-46.5700566185605
44.72,-114.090562680372,-28.3138032297694,-96.1303974687787,-5.49976081824737,-46.5700566185605
44.74,-114.090562680372,-28.3138032297693,-96.1303974687787,-5.49976081824737,-46.5700566185605
44.76,-114.090562680372,-28.3138032297694,-96.1303974687787,-5.49976081824737,-46.5700566185605
44.78,-114.090562680372,-28.3138032297694,-96.1303974687787,-5.49976081824737,-46.5700566185605
44.8,-114.090562680372,-28.3138032297693,-96.1303974687787,-5.49976081824737,-46.5700566185605
44.82,-114.090562680372,-28.3138032297694,-96.1303974687787,-5.49976081824737,-46.5700566185605
44.84,-114.090562680372,-28.3138032297694,-96.1303974687787,-5.49976081824737,-46.5700566185605
44.86,-114.090562680372,-28.3138032297693,-96.1303974687787,-5.49976081824737,-46.5700566185605
44.88,-114.090562680372,-28.3138032297694,-96.1303974687787,-5.49976081824737,-46.5700566185605
44.9,-114.090562680372,-28.3138032297693,-96.1303974687787,-5.49976081824737,-46.5700566185605
44.92,-114.090562680372,-28.3138032297694,-96.1303974687787,-5.49976081824737,-46.5700566185605
44.94,-114.090562680372,-28.3138032297693,-96.1303974687787,-5.49976081824737,-46.5700566185605
44.96,-114.090562680372,-28.3138032297693,-96.1303974687787,-5.49976081824737,-46.5700566185605
44.98,-114.090562680372,-28.3138032297694,-96.1303974687787,-5.49976081824737,-46.5700566185605
45,-114.090562680372,-28.3138032297694,-96.1303974687787,-5.49976081824737,-46.5700566185605
