ISO-10303-21;
HEADER;
FILE_DESCRIPTION (( 'STEP AP214' ),
    '1' );
FILE_NAME ('Gear_Level2V2.STEP',
    '2026-02-01T19:11:09',
    ( '' ),
    ( '' ),
    'SwSTEP 2.0',
    'SolidWorks 2025',
    '' );
FILE_SCHEMA (( 'AUTOMOTIVE_DESIGN' ));
ENDSEC;

DATA;
#1 = ORIENTED_EDGE ( 'NONE', *, *, #3953, .F. ) ;
#2 = CARTESIAN_POINT ( 'NONE',  ( 38.83114212275873456, 38.84418086174771645, 16.95533472047959833 ) ) ;
#3 = FACE_OUTER_BOUND ( 'NONE', #1773, .T. ) ;
#4 = DIRECTION ( 'NONE',  ( 0.000000000000000000, -0.000000000000000000, -1.000000000000000000 ) ) ;
#5 = VERTEX_POINT ( 'NONE', #4623 ) ;
#6 = FACE_OUTER_BOUND ( 'NONE', #4155, .T. ) ;
#7 = CARTESIAN_POINT ( 'NONE',  ( 38.83299165630190686, 38.82718391322460150, 16.99773472028886445 ) ) ;
#8 = ORIENTED_EDGE ( 'NONE', *, *, #1240, .F. ) ;
#9 = DIRECTION ( 'NONE',  ( 0.2588190451017443605, -0.9659258262892763680, 0.000000000000000000 ) ) ;
#10 = ORIENTED_EDGE ( 'NONE', *, *, #1387, .F. ) ;
#11 = DIRECTION ( 'NONE',  ( -1.000000000000000000, 0.000000000000000000, 0.000000000000000000 ) ) ;
#12 = ORIENTED_EDGE ( 'NONE', *, *, #3740, .T. ) ;
#13 = AXIS2_PLACEMENT_3D ( 'NONE', #1376, #4405, #3739 ) ;
#14 = ADVANCED_FACE ( 'NONE', ( #540 ), #444, .F. ) ;
#15 = DIRECTION ( 'NONE',  ( 0.000000000000000000, 0.000000000000000000, -1.000000000000000000 ) ) ;
#16 = DIRECTION ( 'NONE',  ( -1.000000000000000000, 0.000000000000000000, 0.000000000000000000 ) ) ;
#17 = VERTEX_POINT ( 'NONE', #3873 ) ;
#18 = VERTEX_POINT ( 'NONE', #4299 ) ;
#19 = EDGE_CURVE ( 'NONE', #3502, #2087, #2857, .T. ) ;
#20 = CARTESIAN_POINT ( 'NONE',  ( 38.79488593523276307, 38.81588593523274255, 16.95533472047959833 ) ) ;
#21 = AXIS2_PLACEMENT_3D ( 'NONE', #3233, #2837, #663 ) ;
#22 = DIRECTION ( 'NONE',  ( -0.000000000000000000, -0.000000000000000000, -1.000000000000000000 ) ) ;
#23 = ORIENTED_EDGE ( 'NONE', *, *, #2821, .T. ) ;
#24 = DIRECTION ( 'NONE',  ( 0.000000000000000000, 1.000000000000000000, 0.000000000000000000 ) ) ;
#25 = ADVANCED_FACE ( 'NONE', ( #1936 ), #4650, .T. ) ;
#26 = AXIS2_PLACEMENT_3D ( 'NONE', #3819, #1965, #2802 ) ;
#27 = CARTESIAN_POINT ( 'NONE',  ( 38.81967145301531019, 38.77707014211831904, 16.96933472047959768 ) ) ;
#28 = AXIS2_PLACEMENT_3D ( 'NONE', #329, #2959, #2589 ) ;
#29 = CYLINDRICAL_SURFACE ( 'NONE', #4409, 0.02935410264610283093 ) ;
#30 = ORIENTED_EDGE ( 'NONE', *, *, #3858, .F. ) ;
#31 = EDGE_CURVE ( 'NONE', #3511, #3502, #1197, .T. ) ;
#32 = AXIS2_PLACEMENT_3D ( 'NONE', #435, #3093, #92 ) ;
#33 = DIRECTION ( 'NONE',  ( -1.000000000000000000, 0.000000000000000000, 0.000000000000000000 ) ) ;
#34 = DIRECTION ( 'NONE',  ( -0.000000000000000000, 0.000000000000000000, -1.000000000000000000 ) ) ;
#35 = ORIENTED_EDGE ( 'NONE', *, *, #3193, .T. ) ;
#36 = DIRECTION ( 'NONE',  ( 0.000000000000000000, 0.000000000000000000, -1.000000000000000000 ) ) ;
#37 = FACE_OUTER_BOUND ( 'NONE', #122, .T. ) ;
#38 = FACE_OUTER_BOUND ( 'NONE', #3009, .T. ) ;
#39 = VECTOR ( 'NONE', #1142, 1.000000000000000000 ) ;
#40 = CIRCLE ( 'NONE', #4467, 0.02935410264609947945 ) ;
#41 = EDGE_LOOP ( 'NONE', ( #3789, #2606, #2949, #1212 ) ) ;
#42 = CARTESIAN_POINT ( 'NONE',  ( 38.77707004929752799, 38.77707004929750667, 16.99773472028886445 ) ) ;
#43 = VECTOR ( 'NONE', #4122, 1.000000000000000000 ) ;
#44 = DIRECTION ( 'NONE',  ( -0.000000000000000000, -0.000000000000000000, -1.000000000000000000 ) ) ;
#45 = ORIENTED_EDGE ( 'NONE', *, *, #2100, .T. ) ;
#46 = EDGE_CURVE ( 'NONE', #1122, #3546, #885, .T. ) ;
#47 = ORIENTED_EDGE ( 'NONE', *, *, #354, .F. ) ;
#48 = VECTOR ( 'NONE', #176, 1.000000000000000000 ) ;
#49 = AXIS2_PLACEMENT_3D ( 'NONE', #3725, #4526, #4901 ) ;
#50 = DIRECTION ( 'NONE',  ( -0.000000000000000000, -0.000000000000000000, -1.000000000000000000 ) ) ;
#51 = CARTESIAN_POINT ( 'NONE',  ( 38.81682107926579306, 38.84801815415590909, 17.03813472353135694 ) ) ;
#52 = AXIS2_PLACEMENT_3D ( 'NONE', #902, #2006, #3913 ) ;
#53 = ORIENTED_EDGE ( 'NONE', *, *, #121, .T. ) ;
#54 = CIRCLE ( 'NONE', #3525, 0.001006105236833839843 ) ;
#55 = ADVANCED_FACE ( 'NONE', ( #74 ), #3075, .T. ) ;
#56 = ADVANCED_FACE ( 'NONE', ( #2731 ), #2326, .T. ) ;
#57 = DIRECTION ( 'NONE',  ( -0.4999999999999980016, -0.8660254037844398178, 0.000000000000000000 ) ) ;
#58 = LINE ( 'NONE', #2285, #4208 ) ;
#59 = AXIS2_PLACEMENT_3D ( 'NONE', #2979, #3797, #80 ) ;
#60 = EDGE_CURVE ( 'NONE', #1712, #3546, #185, .T. ) ;
#61 = CARTESIAN_POINT ( 'NONE',  ( 38.82291348747310167, 38.82776346060589390, 17.00148462934739158 ) ) ;
#62 = AXIS2_PLACEMENT_3D ( 'NONE', #3452, #79, #1573 ) ;
#63 = CYLINDRICAL_SURFACE ( 'NONE', #2256, 0.03899994794847572166 ) ;
#64 = ORIENTED_EDGE ( 'NONE', *, *, #2394, .F. ) ;
#65 = CYLINDRICAL_SURFACE ( 'NONE', #4448, 0.001006105236832866012 ) ;
#66 = AXIS2_PLACEMENT_3D ( 'NONE', #2033, #485, #1186 ) ;
#67 = CARTESIAN_POINT ( 'NONE',  ( 38.84324564445264372, 38.83276196662993840, 16.95533472047959833 ) ) ;
#68 = VERTEX_POINT ( 'NONE', #3600 ) ;
#69 = ADVANCED_FACE ( 'NONE', ( #3149 ), #229, .T. ) ;
#70 = DIRECTION ( 'NONE',  ( -1.000000000000000000, 0.000000000000000000, 0.000000000000000000 ) ) ;
#71 = ORIENTED_EDGE ( 'NONE', *, *, #3429, .F. ) ;
#72 = DIRECTION ( 'NONE',  ( -0.2588190451017443605, 0.9659258262892763680, 0.000000000000000000 ) ) ;
#73 = EDGE_LOOP ( 'NONE', ( #1470, #3869, #3016, #3376 ) ) ;
#74 = FACE_OUTER_BOUND ( 'NONE', #660, .T. ) ;
#75 = DIRECTION ( 'NONE',  ( 0.9659258262890654256, -0.2588190451025316197, 0.000000000000000000 ) ) ;
#76 = CARTESIAN_POINT ( 'NONE',  ( 38.83213760597951136, 38.78773728905356677, 16.96933472047959768 ) ) ;
#77 = ORIENTED_EDGE ( 'NONE', *, *, #3912, .F. ) ;
#78 = ORIENTED_EDGE ( 'NONE', *, *, #3490, .F. ) ;
#79 = DIRECTION ( 'NONE',  ( -0.000000000000000000, 0.000000000000000000, -1.000000000000000000 ) ) ;
#80 = DIRECTION ( 'NONE',  ( -1.000000000000000000, 0.000000000000000000, 0.000000000000000000 ) ) ;
#81 = CARTESIAN_POINT ( 'NONE',  ( 38.81495071793766982, 38.84801815415590909, 17.03813472353135694 ) ) ;
#82 = ORIENTED_EDGE ( 'NONE', *, *, #1959, .F. ) ;
#83 = ORIENTED_EDGE ( 'NONE', *, *, #322, .T. ) ;
#84 = CARTESIAN_POINT ( 'NONE',  ( 38.85470173516301884, 38.81210048733872497, 16.95533472047959833 ) ) ;
#85 = ADVANCED_FACE ( 'NONE', ( #4324 ), #2060, .F. ) ;
#86 = DIRECTION ( 'NONE',  ( -1.000000000000000000, 0.000000000000000000, 0.000000000000000000 ) ) ;
#87 = EDGE_LOOP ( 'NONE', ( #495, #652, #587, #3852 ) ) ;
#88 = FACE_OUTER_BOUND ( 'NONE', #4803, .T. ) ;
#89 = CARTESIAN_POINT ( 'NONE',  ( 38.81588597186379985, 38.78338265718605271, 16.96933472047959768 ) ) ;
#90 = ORIENTED_EDGE ( 'NONE', *, *, #2050, .F. ) ;
#91 = EDGE_CURVE ( 'NONE', #4435, #704, #3333, .T. ) ;
#92 = DIRECTION ( 'NONE',  ( 0.4999999999959848784, 0.8660254037867568533, 0.000000000000000000 ) ) ;
#93 = DIRECTION ( 'NONE',  ( 0.000000000000000000, 0.000000000000000000, -1.000000000000000000 ) ) ;
#94 = ORIENTED_EDGE ( 'NONE', *, *, #2271, .T. ) ;
#95 = CARTESIAN_POINT ( 'NONE',  ( 38.80749508410366388, 38.80492963709460952, 17.00510781796443993 ) ) ;
#96 = ORIENTED_EDGE ( 'NONE', *, *, #1431, .T. ) ;
#97 = DIRECTION ( 'NONE',  ( -0.000000000000000000, -0.000000000000000000, -1.000000000000000000 ) ) ;
#98 = VERTEX_POINT ( 'NONE', #3547 ) ;
#99 = EDGE_CURVE ( 'NONE', #2376, #3353, #4522, .T. ) ;
#100 = DIRECTION ( 'NONE',  ( -0.000000000000000000, -0.000000000000000000, -1.000000000000000000 ) ) ;
#101 = CARTESIAN_POINT ( 'NONE',  ( 38.86890942149068451, 38.80167833491004359, 16.99773472028886445 ) ) ;
#102 = ORIENTED_EDGE ( 'NONE', *, *, #153, .T. ) ;
#103 = VERTEX_POINT ( 'NONE', #1531 ) ;
#104 = DIRECTION ( 'NONE',  ( -0.000000000000000000, 0.000000000000000000, -1.000000000000000000 ) ) ;
#105 = DIRECTION ( 'NONE',  ( 0.000000000000000000, 0.000000000000000000, 1.000000000000000000 ) ) ;
#106 = AXIS2_PLACEMENT_3D ( 'NONE', #726, #2859, #206 ) ;
#107 = DIRECTION ( 'NONE',  ( -1.000000000000000000, 0.000000000000000000, 0.000000000000000000 ) ) ;
#108 = ORIENTED_EDGE ( 'NONE', *, *, #3336, .F. ) ;
#109 = DIRECTION ( 'NONE',  ( 0.000000000000000000, 0.000000000000000000, 1.000000000000000000 ) ) ;
#110 = CARTESIAN_POINT ( 'NONE',  ( 38.79446198997678863, 38.78058005057620505, 16.96933472047959768 ) ) ;
#111 = CARTESIAN_POINT ( 'NONE',  ( 38.82117894218726661, 38.82863077453897205, 17.00236162261329298 ) ) ;
#112 = AXIS2_PLACEMENT_3D ( 'NONE', #394, #3792, #2946 ) ;
#113 = EDGE_CURVE ( 'NONE', #1586, #1087, #1713, .T. ) ;
#114 = FACE_OUTER_BOUND ( 'NONE', #4869, .T. ) ;
#115 = VERTEX_POINT ( 'NONE', #238 ) ;
#116 = AXIS2_PLACEMENT_3D ( 'NONE', #922, #2416, #3958 ) ;
#117 = CIRCLE ( 'NONE', #3662, 0.03600013749698843801 ) ;
#118 = CARTESIAN_POINT ( 'NONE',  ( 38.79754873874584575, 38.82411741292511920, 17.00973472028886491 ) ) ;
#119 = VERTEX_POINT ( 'NONE', #3255 ) ;
#120 = LINE ( 'NONE', #4646, #2888 ) ;
#121 = EDGE_CURVE ( 'NONE', #704, #3125, #334, .T. ) ;
#122 = EDGE_LOOP ( 'NONE', ( #1446, #3482, #96, #83 ) ) ;
#123 = CARTESIAN_POINT ( 'NONE',  ( 38.81588593523276387, 38.81588593523274255, 17.00973472028886491 ) ) ;
#124 = DIRECTION ( 'NONE',  ( 0.8660254037844328234, 0.5000000000000101030, 0.000000000000000000 ) ) ;
#125 = DIRECTION ( 'NONE',  ( -0.000000000000000000, -0.000000000000000000, 1.000000000000000000 ) ) ;
#126 = DIRECTION ( 'NONE',  ( 1.000000000000000000, 0.000000000000000000, 0.000000000000000000 ) ) ;
#127 = ORIENTED_EDGE ( 'NONE', *, *, #773, .F. ) ;
#128 = EDGE_CURVE ( 'NONE', #3303, #2358, #619, .T. ) ;
#129 = VERTEX_POINT ( 'NONE', #3232 ) ;
#130 = DIRECTION ( 'NONE',  ( -0.000000000000000000, -0.000000000000000000, -1.000000000000000000 ) ) ;
#131 = CIRCLE ( 'NONE', #1696, 0.02935410264610490219 ) ;
#132 = CARTESIAN_POINT ( 'NONE',  ( 38.84418086174773777, 38.80062974770677187, 16.96933472047959768 ) ) ;
#133 = CYLINDRICAL_SURFACE ( 'NONE', #4546, 0.001006105236832866012 ) ;
#134 = ADVANCED_FACE ( 'NONE', ( #3633 ), #3337, .F. ) ;
#135 = ORIENTED_EDGE ( 'NONE', *, *, #4748, .T. ) ;
#136 = CIRCLE ( 'NONE', #446, 0.03600013749699115806 ) ;
#137 = FACE_OUTER_BOUND ( 'NONE', #1672, .T. ) ;
#138 = DIRECTION ( 'NONE',  ( -0.000000000000000000, -0.000000000000000000, -1.000000000000000000 ) ) ;
#139 = AXIS2_PLACEMENT_3D ( 'NONE', #4330, #565, #3950 ) ;
#140 = AXIS2_PLACEMENT_3D ( 'NONE', #3398, #2951, #1494 ) ;
#141 = VERTEX_POINT ( 'NONE', #2434 ) ;
#142 = DIRECTION ( 'NONE',  ( -0.000000000000000000, -0.000000000000000000, -1.000000000000000000 ) ) ;
#143 = FACE_OUTER_BOUND ( 'NONE', #1735, .T. ) ;
#144 = ORIENTED_EDGE ( 'NONE', *, *, #1297, .F. ) ;
#145 = VECTOR ( 'NONE', #3169, 1.000000000000000000 ) ;
#146 = CARTESIAN_POINT ( 'NONE',  ( 38.78048322234275957, 38.82911024244044995, 16.96933472047959768 ) ) ;
#147 = VERTEX_POINT ( 'NONE', #569 ) ;
#148 = AXIS2_PLACEMENT_3D ( 'NONE', #958, #3291, #2476 ) ;
#149 = CARTESIAN_POINT ( 'NONE',  ( 38.79958866819703189, 38.82765067437842532, 17.00973472028886491 ) ) ;
#150 = VECTOR ( 'NONE', #1095, 1.000000000000000000 ) ;
#151 = ORIENTED_EDGE ( 'NONE', *, *, #2729, .T. ) ;
#152 = CARTESIAN_POINT ( 'NONE',  ( 0.000000000000000000, 0.000000000000000000, 0.000000000000000000 ) ) ;
#153 = EDGE_CURVE ( 'NONE', #1171, #4601, #2881, .T. ) ;
#154 = CARTESIAN_POINT ( 'NONE',  ( 38.81678667374546166, 38.85717370087637335, 16.96933472047959768 ) ) ;
#155 = LINE ( 'NONE', #862, #4069 ) ;
#156 = ORIENTED_EDGE ( 'NONE', *, *, #3895, .F. ) ;
#157 = DIRECTION ( 'NONE',  ( -0.7071067811846725171, 0.7071067811884226284, 0.000000000000000000 ) ) ;
#158 = ADVANCED_FACE ( 'NONE', ( #2068 ), #360, .T. ) ;
#159 = CARTESIAN_POINT ( 'NONE',  ( 38.78759104534882596, 38.80062968425995962, 16.96933472047959768 ) ) ;
#160 = DIRECTION ( 'NONE',  ( -1.000000000000000000, 0.000000000000000000, 0.000000000000000000 ) ) ;
#161 = ORIENTED_EDGE ( 'NONE', *, *, #2969, .T. ) ;
#162 = ORIENTED_EDGE ( 'NONE', *, *, #2614, .F. ) ;
#163 = DIRECTION ( 'NONE',  ( 1.000000000000000000, 0.000000000000000000, 0.000000000000000000 ) ) ;
#164 = EDGE_CURVE ( 'NONE', #367, #2126, #4371, .T. ) ;
#165 = DIRECTION ( 'NONE',  ( -0.9659258262890429991, 0.2588190451026144978, 0.000000000000000000 ) ) ;
#166 = ORIENTED_EDGE ( 'NONE', *, *, #3392, .T. ) ;
#167 = CARTESIAN_POINT ( 'NONE',  ( 38.81384600578157063, 38.83588215207078775, 17.00973472028886491 ) ) ;
#168 = DIRECTION ( 'NONE',  ( -1.000000000000000000, 0.000000000000000000, 0.000000000000000000 ) ) ;
#169 = ORIENTED_EDGE ( 'NONE', *, *, #1650, .T. ) ;
#170 = CARTESIAN_POINT ( 'NONE',  ( 38.81588593523276387, 38.81588593523274255, 16.97023472028886459 ) ) ;
#171 = ORIENTED_EDGE ( 'NONE', *, *, #2237, .F. ) ;
#172 = DIRECTION ( 'NONE',  ( -0.000000000000000000, 0.000000000000000000, -1.000000000000000000 ) ) ;
#173 = VERTEX_POINT ( 'NONE', #4087 ) ;
#174 = DIRECTION ( 'NONE',  ( 0.000000000000000000, 0.000000000000000000, 1.000000000000000000 ) ) ;
#175 = DIRECTION ( 'NONE',  ( 0.000000000000000000, -0.000000000000000000, -1.000000000000000000 ) ) ;
#176 = DIRECTION ( 'NONE',  ( -0.000000000000000000, -0.000000000000000000, -1.000000000000000000 ) ) ;
#177 = EDGE_CURVE ( 'NONE', #3401, #5, #4118, .T. ) ;
#178 = ORIENTED_EDGE ( 'NONE', *, *, #327, .F. ) ;
#179 = DIRECTION ( 'NONE',  ( -0.000000000000000000, -0.000000000000000000, 1.000000000000000000 ) ) ;
#180 = CYLINDRICAL_SURFACE ( 'NONE', #4120, 0.03600013749699115806 ) ;
#181 = DIRECTION ( 'NONE',  ( -0.000000000000000000, -0.000000000000000000, -1.000000000000000000 ) ) ;
#182 = ORIENTED_EDGE ( 'NONE', *, *, #2614, .T. ) ;
#183 = DIRECTION ( 'NONE',  ( -1.000000000000000000, 0.000000000000000000, 0.000000000000000000 ) ) ;
#184 = ADVANCED_FACE ( 'NONE', ( #593 ), #702, .T. ) ;
#185 = CIRCLE ( 'NONE', #3722, 0.02009999999999934062 ) ;
#186 = DIRECTION ( 'NONE',  ( -0.000000000000000000, -0.000000000000000000, 1.000000000000000000 ) ) ;
#187 = DIRECTION ( 'NONE',  ( 1.000000000000000000, 0.000000000000000000, 0.000000000000000000 ) ) ;
#188 = ORIENTED_EDGE ( 'NONE', *, *, #177, .F. ) ;
#189 = CARTESIAN_POINT ( 'NONE',  ( 38.79963426448602348, 38.84403458141191834, 16.96933472047959768 ) ) ;
#190 = EDGE_CURVE ( 'NONE', #3246, #3963, #1094, .T. ) ;
#191 = FACE_OUTER_BOUND ( 'NONE', #2336, .T. ) ;
#192 = ORIENTED_EDGE ( 'NONE', *, *, #3391, .T. ) ;
#193 = FACE_OUTER_BOUND ( 'NONE', #3155, .T. ) ;
#194 = VECTOR ( 'NONE', #4819, 1.000000000000000000 ) ;
#195 = AXIS2_PLACEMENT_3D ( 'NONE', #3409, #1956, #1584 ) ;
#196 = ORIENTED_EDGE ( 'NONE', *, *, #3674, .T. ) ;
#197 = AXIS2_PLACEMENT_3D ( 'NONE', #3174, #2327, #3151 ) ;
#198 = CARTESIAN_POINT ( 'NONE',  ( 38.80847278478685070, 38.84716530843225968, 16.96933472047959768 ) ) ;
#199 = ORIENTED_EDGE ( 'NONE', *, *, #3540, .T. ) ;
#200 = DIRECTION ( 'NONE',  ( 0.8660254037844755670, 0.4999999999999360512, 0.000000000000000000 ) ) ;
#201 = VECTOR ( 'NONE', #2340, 1.000000000000000000 ) ;
#202 = CYLINDRICAL_SURFACE ( 'NONE', #1221, 0.02935410264610283093 ) ;
#203 = VECTOR ( 'NONE', #4029, 1.000000000000000000 ) ;
#204 = PLANE ( 'NONE',  #2325 ) ;
#205 = ORIENTED_EDGE ( 'NONE', *, *, #3465, .F. ) ;
#206 = DIRECTION ( 'NONE',  ( -1.000000000000000000, 0.000000000000000000, 0.000000000000000000 ) ) ;
#207 = DIRECTION ( 'NONE',  ( -0.000000000000000000, 0.000000000000000000, -1.000000000000000000 ) ) ;
#208 = FACE_OUTER_BOUND ( 'NONE', #3567, .T. ) ;
#209 = ORIENTED_EDGE ( 'NONE', *, *, #2736, .T. ) ;
#210 = CARTESIAN_POINT ( 'NONE',  ( 38.81495079119973468, 38.78375371630957602, 16.95533472047959833 ) ) ;
#211 = AXIS2_PLACEMENT_3D ( 'NONE', #3067, #2348, #1957 ) ;
#212 = DIRECTION ( 'NONE',  ( 0.000000000000000000, -1.000000000000000000, 0.000000000000000000 ) ) ;
#213 = EDGE_CURVE ( 'NONE', #2399, #3573, #2773, .T. ) ;
#214 = DIRECTION ( 'NONE',  ( 0.000000000000000000, 0.000000000000000000, -1.000000000000000000 ) ) ;
#215 = EDGE_LOOP ( 'NONE', ( #4753, #2329 ) ) ;
#216 = EDGE_CURVE ( 'NONE', #3303, #2461, #3399, .T. ) ;
#217 = ORIENTED_EDGE ( 'NONE', *, *, #3980, .F. ) ;
#218 = CARTESIAN_POINT ( 'NONE',  ( 38.78509064716617871, 38.80666615447550072, 16.96933472047959768 ) ) ;
#219 = AXIS2_PLACEMENT_3D ( 'NONE', #2605, #4173, #2661 ) ;
#220 = CARTESIAN_POINT ( 'NONE',  ( 38.83422313171968909, 38.80672093523273958, 16.99773472028886445 ) ) ;
#221 = ORIENTED_EDGE ( 'NONE', *, *, #3397, .F. ) ;
#222 = VECTOR ( 'NONE', #516, 1.000000000000000000 ) ;
#223 = PLANE ( 'NONE',  #1053 ) ;
#224 = EDGE_CURVE ( 'NONE', #1042, #2082, #2290, .T. ) ;
#225 = ORIENTED_EDGE ( 'NONE', *, *, #814, .T. ) ;
#226 = DIRECTION ( 'NONE',  ( 0.000000000000000000, 0.000000000000000000, -1.000000000000000000 ) ) ;
#227 = CIRCLE ( 'NONE', #939, 0.03600013749698947191 ) ;
#228 = CIRCLE ( 'NONE', #3838, 0.03600013749698947191 ) ;
#229 = CYLINDRICAL_SURFACE ( 'NONE', #2453, 0.02250000000000085265 ) ;
#230 = ORIENTED_EDGE ( 'NONE', *, *, #1074, .T. ) ;
#231 = ADVANCED_FACE ( 'NONE', ( #6 ), #65, .F. ) ;
#232 = AXIS2_PLACEMENT_3D ( 'NONE', #4131, #2241, #4838 ) ;
#233 = PLANE ( 'NONE',  #4525 ) ;
#234 = CARTESIAN_POINT ( 'NONE',  ( 38.84838921327944661, 38.81588597186377854, 16.95533472047959833 ) ) ;
#235 = EDGE_CURVE ( 'NONE', #924, #848, #1038, .T. ) ;
#236 = VECTOR ( 'NONE', #2382, 1.000000000000000000 ) ;
#237 = VERTEX_POINT ( 'NONE', #1926 ) ;
#238 = CARTESIAN_POINT ( 'NONE',  ( 38.83276190318314747, 38.84324568108365128, 16.95533472047959833 ) ) ;
#239 = DIRECTION ( 'NONE',  ( -1.000000000000000000, 0.000000000000000000, 0.000000000000000000 ) ) ;
#240 = CARTESIAN_POINT ( 'NONE',  ( 38.84065613470493616, 38.78576230400918945, 16.96933472047959768 ) ) ;
#241 = ORIENTED_EDGE ( 'NONE', *, *, #4071, .F. ) ;
#242 = DIRECTION ( 'NONE',  ( 0.000000000000000000, 0.000000000000000000, -1.000000000000000000 ) ) ;
#243 = CARTESIAN_POINT ( 'NONE',  ( 38.82429843800237279, 38.78449018900921175, 16.95533472047959833 ) ) ;
#244 = CARTESIAN_POINT ( 'NONE',  ( 38.77967931206353569, 38.79602211484508700, 16.96933472047959768 ) ) ;
#245 = ORIENTED_EDGE ( 'NONE', *, *, #353, .F. ) ;
#246 = CARTESIAN_POINT ( 'NONE',  ( 38.82403321157809017, 38.82702473068753335, 17.00203922709757975 ) ) ;
#247 = CARTESIAN_POINT ( 'NONE',  ( 38.81792586468395712, 38.79588971839469735, 17.00973472028886491 ) ) ;
#248 = EDGE_CURVE ( 'NONE', #1709, #2293, #2318, .T. ) ;
#249 = FACE_OUTER_BOUND ( 'NONE', #4622, .T. ) ;
#250 = ORIENTED_EDGE ( 'NONE', *, *, #1753, .F. ) ;
#251 = CARTESIAN_POINT ( 'NONE',  ( 38.80986703413617533, 38.80346694109596939, 17.00575715149522438 ) ) ;
#252 = ORIENTED_EDGE ( 'NONE', *, *, #748, .F. ) ;
#253 = AXIS2_PLACEMENT_3D ( 'NONE', #3236, #4473, #707 ) ;
#254 = DIRECTION ( 'NONE',  ( -0.9659258262890654256, -0.2588190451025316197, 0.000000000000000000 ) ) ;
#255 = ORIENTED_EDGE ( 'NONE', *, *, #2299, .F. ) ;
#256 = CARTESIAN_POINT ( 'NONE',  ( 38.81588593523276387, 38.81588593523274255, 16.96283472047959862 ) ) ;
#257 = ADVANCED_FACE ( 'NONE', ( #1141 ), #1502, .T. ) ;
#258 = ORIENTED_EDGE ( 'NONE', *, *, #987, .F. ) ;
#259 = DIRECTION ( 'NONE',  ( -1.000000000000000000, 0.000000000000000000, 0.000000000000000000 ) ) ;
#260 = CARTESIAN_POINT ( 'NONE',  ( 38.79250377865048449, 38.79382627202474509, 16.96933472047959768 ) ) ;
#261 = DIRECTION ( 'NONE',  ( -1.000000000000000000, 0.000000000000000000, 0.000000000000000000 ) ) ;
#262 = LINE ( 'NONE', #1732, #2925 ) ;
#263 = DIRECTION ( 'NONE',  ( 0.000000000000000000, 0.000000000000000000, -1.000000000000000000 ) ) ;
#264 = ORIENTED_EDGE ( 'NONE', *, *, #4317, .F. ) ;
#265 = CARTESIAN_POINT ( 'NONE',  ( 38.78460656203323964, 38.80847278478682938, 16.95533472047959833 ) ) ;
#266 = CARTESIAN_POINT ( 'NONE',  ( 38.81588593523276387, 38.81588593523274255, 16.99773472028886445 ) ) ;
#267 = CARTESIAN_POINT ( 'NONE',  ( 38.81101292625803723, 38.80297490698331586, 17.00403070308574982 ) ) ;
#268 = EDGE_CURVE ( 'NONE', #237, #5, #4512, .T. ) ;
#269 = VERTEX_POINT ( 'NONE', #3867 ) ;
#270 = DIRECTION ( 'NONE',  ( -1.000000000000000000, 0.000000000000000000, 0.000000000000000000 ) ) ;
#271 = CARTESIAN_POINT ( 'NONE',  ( 38.81588593523276387, 38.81588593523274255, 16.95533472047959833 ) ) ;
#272 = EDGE_CURVE ( 'NONE', #4414, #3818, #810, .T. ) ;
#273 = AXIS2_PLACEMENT_3D ( 'NONE', #4519, #1123, #2995 ) ;
#274 = ORIENTED_EDGE ( 'NONE', *, *, #748, .T. ) ;
#275 = CIRCLE ( 'NONE', #28, 0.001006105236836115583 ) ;
#276 = LINE ( 'NONE', #1700, #3967 ) ;
#277 = EDGE_CURVE ( 'NONE', #3071, #3407, #2988, .T. ) ;
#278 = CARTESIAN_POINT ( 'NONE',  ( 38.83688593523276467, 38.81588593523274255, 16.96233472047959978 ) ) ;
#279 = EDGE_LOOP ( 'NONE', ( #1991, #1764, #2680, #1132 ) ) ;
#280 = DIRECTION ( 'NONE',  ( 1.000000000000000000, 0.000000000000000000, 0.000000000000000000 ) ) ;
#281 = CARTESIAN_POINT ( 'NONE',  ( 38.77937249762127436, 38.82958866539048159, 16.96933472047959768 ) ) ;
#282 = VERTEX_POINT ( 'NONE', #3784 ) ;
#283 = CIRCLE ( 'NONE', #1306, 0.001006105236833839843 ) ;
#284 = DIRECTION ( 'NONE',  ( -0.7071067811865474617, 0.7071067811865474617, 0.000000000000000000 ) ) ;
#285 = DIRECTION ( 'NONE',  ( -0.000000000000000000, -0.000000000000000000, -1.000000000000000000 ) ) ;
#286 = AXIS2_PLACEMENT_3D ( 'NONE', #1013, #1729, #2120 ) ;
#287 = CARTESIAN_POINT ( 'NONE',  ( 38.79250372684637682, 38.83794554663663234, 16.96933472047959768 ) ) ;
#288 = ORIENTED_EDGE ( 'NONE', *, *, #4620, .T. ) ;
#289 = AXIS2_PLACEMENT_3D ( 'NONE', #2357, #1990, #3527 ) ;
#290 = DIRECTION ( 'NONE',  ( 0.000000000000000000, 0.000000000000000000, 1.000000000000000000 ) ) ;
#291 = AXIS2_PLACEMENT_3D ( 'NONE', #953, #4015, #284 ) ;
#292 = AXIS2_PLACEMENT_3D ( 'NONE', #4470, #4515, #4136 ) ;
#293 = DIRECTION ( 'NONE',  ( 0.000000000000000000, 0.000000000000000000, 1.000000000000000000 ) ) ;
#294 = EDGE_LOOP ( 'NONE', ( #3299, #1768, #1853, #4697 ) ) ;
#295 = AXIS2_PLACEMENT_3D ( 'NONE', #2523, #3598, #2914 ) ;
#296 = EDGE_CURVE ( 'NONE', #479, #4692, #117, .T. ) ;
#297 = CYLINDRICAL_SURFACE ( 'NONE', #1601, 0.03600013749699115806 ) ;
#298 = FACE_OUTER_BOUND ( 'NONE', #1887, .T. ) ;
#299 = VERTEX_POINT ( 'NONE', #4133 ) ;
#300 = ADVANCED_FACE ( 'NONE', ( #2644 ), #1875, .T. ) ;
#301 = CIRCLE ( 'NONE', #3851, 0.02935410264610283093 ) ;
#302 = DIRECTION ( 'NONE',  ( 0.000000000000000000, -0.000000000000000000, -1.000000000000000000 ) ) ;
#303 = CARTESIAN_POINT ( 'NONE',  ( 38.80266162802505647, 38.78048322234273826, 16.96933472047959768 ) ) ;
#304 = ORIENTED_EDGE ( 'NONE', *, *, #807, .F. ) ;
#305 = ORIENTED_EDGE ( 'NONE', *, *, #4442, .F. ) ;
#306 = DIRECTION ( 'NONE',  ( -0.000000000000000000, 0.000000000000000000, 1.000000000000000000 ) ) ;
#307 = ADVANCED_FACE ( 'NONE', ( #3464, #4158 ), #1899, .F. ) ;
#308 = FACE_OUTER_BOUND ( 'NONE', #4587, .T. ) ;
#309 = CIRCLE ( 'NONE', #1647, 0.02009999999999934062 ) ;
#310 = FACE_OUTER_BOUND ( 'NONE', #1928, .T. ) ;
#311 = VERTEX_POINT ( 'NONE', #487 ) ;
#312 = CARTESIAN_POINT ( 'NONE',  ( 38.84668122329934192, 38.82510571598998439, 16.96933472047959768 ) ) ;
#313 = ORIENTED_EDGE ( 'NONE', *, *, #3188, .T. ) ;
#314 = DIRECTION ( 'NONE',  ( -1.000000000000000000, 0.000000000000000000, 0.000000000000000000 ) ) ;
#315 = CARTESIAN_POINT ( 'NONE',  ( 38.80848570167336931, 38.80423701203014275, 17.00155693792019562 ) ) ;
#316 = FACE_OUTER_BOUND ( 'NONE', #4061, .T. ) ;
#317 = ORIENTED_EDGE ( 'NONE', *, *, #3006, .T. ) ;
#318 = VECTOR ( 'NONE', #2337, 1.000000000000000000 ) ;
#319 = CARTESIAN_POINT ( 'NONE',  ( 38.82510564522428353, 38.84668124226093511, 16.96933472047959768 ) ) ;
#320 = CARTESIAN_POINT ( 'NONE',  ( 38.84418086174773777, 38.80062974770677187, 16.96933472047959768 ) ) ;
#321 = ORIENTED_EDGE ( 'NONE', *, *, #460, .F. ) ;
#322 = EDGE_CURVE ( 'NONE', #2351, #1496, #4304, .T. ) ;
#323 = FACE_OUTER_BOUND ( 'NONE', #2915, .T. ) ;
#324 = CARTESIAN_POINT ( 'NONE',  ( 38.83598593523276321, 38.81588593523274255, 16.97053472028886389 ) ) ;
#325 = VERTEX_POINT ( 'NONE', #747 ) ;
#326 = ORIENTED_EDGE ( 'NONE', *, *, #3373, .T. ) ;
#327 = EDGE_CURVE ( 'NONE', #4704, #2851, #1165, .T. ) ;
#328 = DIRECTION ( 'NONE',  ( 0.000000000000000000, -0.000000000000000000, -1.000000000000000000 ) ) ;
#329 = CARTESIAN_POINT ( 'NONE',  ( 38.83886919764830736, 38.83886924945239372, 16.96933472047959768 ) ) ;
#330 = EDGE_CURVE ( 'NONE', #1402, #2781, #3109, .T. ) ;
#331 = DIRECTION ( 'NONE',  ( -0.8660254037833949869, 0.5000000000018076651, 0.000000000000000000 ) ) ;
#332 = EDGE_LOOP ( 'NONE', ( #1662, #3495, #1716, #644 ) ) ;
#333 = CARTESIAN_POINT ( 'NONE',  ( 38.82227408187326745, 38.82811918709042232, 17.00591250265754084 ) ) ;
#334 = CIRCLE ( 'NONE', #3088, 0.03899994794847572166 ) ;
#335 = CARTESIAN_POINT ( 'NONE',  ( 38.78449017004761146, 38.82429836723662220, 16.96933472047959768 ) ) ;
#336 = ORIENTED_EDGE ( 'NONE', *, *, #1074, .F. ) ;
#337 = EDGE_CURVE ( 'NONE', #1648, #3573, #3764, .T. ) ;
#338 = VECTOR ( 'NONE', #4678, 1.000000000000000000 ) ;
#339 = DIRECTION ( 'NONE',  ( 1.000000000000000000, 0.000000000000000000, 0.000000000000000000 ) ) ;
#340 = CARTESIAN_POINT ( 'NONE',  ( 38.78852622601289113, 38.79900990383554671, 16.96933472047959768 ) ) ;
#341 = EDGE_LOOP ( 'NONE', ( #443, #35 ) ) ;
#342 = DIRECTION ( 'NONE',  ( -1.000000000000000000, 0.000000000000000000, 0.000000000000000000 ) ) ;
#343 = FACE_OUTER_BOUND ( 'NONE', #4647, .T. ) ;
#344 = VERTEX_POINT ( 'NONE', #823 ) ;
#345 = CIRCLE ( 'NONE', #4853, 0.02935410264610490219 ) ;
#346 = CIRCLE ( 'NONE', #4129, 0.02935410264609803963 ) ;
#347 = CARTESIAN_POINT ( 'NONE',  ( 38.85435886486268231, 38.82227574162067185, 16.96933472047959768 ) ) ;
#348 = SURFACE_STYLE_FILL_AREA ( #1107 ) ;
#349 = VERTEX_POINT ( 'NONE', #2244 ) ;
#350 = AXIS2_PLACEMENT_3D ( 'NONE', #3039, #3066, #796 ) ;
#351 = ORIENTED_EDGE ( 'NONE', *, *, #1240, .T. ) ;
#352 = DIRECTION ( 'NONE',  ( -0.000000000000000000, -0.000000000000000000, -1.000000000000000000 ) ) ;
#353 = EDGE_CURVE ( 'NONE', #373, #4692, #662, .T. ) ;
#354 = EDGE_CURVE ( 'NONE', #2659, #2805, #3569, .T. ) ;
#355 = DIRECTION ( 'NONE',  ( 0.000000000000000000, -0.000000000000000000, 1.000000000000000000 ) ) ;
#356 = DIRECTION ( 'NONE',  ( -0.000000000000000000, -0.000000000000000000, -1.000000000000000000 ) ) ;
#357 = ORIENTED_EDGE ( 'NONE', *, *, #720, .T. ) ;
#358 = AXIS2_PLACEMENT_3D ( 'NONE', #4739, #3040, #576 ) ;
#359 = EDGE_CURVE ( 'NONE', #1951, #4511, #4702, .T. ) ;
#360 = CYLINDRICAL_SURFACE ( 'NONE', #106, 0.02935410264610283093 ) ;
#361 = CARTESIAN_POINT ( 'NONE',  ( 38.84760863924662289, 38.83857218635611730, 16.95533472047959833 ) ) ;
#362 = ORIENTED_EDGE ( 'NONE', *, *, #2271, .F. ) ;
#363 = CARTESIAN_POINT ( 'NONE',  ( 38.82464216269762858, 38.82655216608452520, 17.00373472028886468 ) ) ;
#364 = DIRECTION ( 'NONE',  ( -0.000000000000000000, -0.000000000000000000, -1.000000000000000000 ) ) ;
#365 = VECTOR ( 'NONE', #4829, 1.000000000000000000 ) ;
#366 = DIRECTION ( 'NONE',  ( -0.000000000000000000, 0.000000000000000000, 1.000000000000000000 ) ) ;
#367 = VERTEX_POINT ( 'NONE', #3121 ) ;
#368 = ADVANCED_FACE ( 'NONE', ( #2446, #3518 ), #223, .F. ) ;
#369 = CIRCLE ( 'NONE', #3124, 0.001006105236836115583 ) ;
#370 = FACE_OUTER_BOUND ( 'NONE', #1393, .T. ) ;
#371 = AXIS2_PLACEMENT_3D ( 'NONE', #3025, #1106, #2209 ) ;
#372 = CARTESIAN_POINT ( 'NONE',  ( 38.83299165630190686, 38.82718391322460150, 16.99773472028886445 ) ) ;
#373 = VERTEX_POINT ( 'NONE', #2422 ) ;
#374 = CIRCLE ( 'NONE', #1935, 0.03899994794847572166 ) ;
#375 = DIRECTION ( 'NONE',  ( 0.5000000000018076651, 0.8660254037833949869, 0.000000000000000000 ) ) ;
#376 = AXIS2_PLACEMENT_3D ( 'NONE', #3116, #2766, #2369 ) ;
#377 = SURFACE_STYLE_USAGE ( .BOTH. , #1892 ) ;
#378 = ORIENTED_EDGE ( 'NONE', *, *, #1596, .T. ) ;
#379 = CARTESIAN_POINT ( 'NONE',  ( 38.79250377865048449, 38.79382627202474509, 16.96933472047959768 ) ) ;
#380 = AXIS2_PLACEMENT_3D ( 'NONE', #2791, #952, #2418 ) ;
#381 = LINE ( 'NONE', #769, #509 ) ;
#382 = DIRECTION ( 'NONE',  ( 0.000000000000000000, -0.000000000000000000, -1.000000000000000000 ) ) ;
#383 = EDGE_CURVE ( 'NONE', #4144, #3401, #4667, .T. ) ;
#384 = ORIENTED_EDGE ( 'NONE', *, *, #2308, .T. ) ;
#385 = DIRECTION ( 'NONE',  ( 0.000000000000000000, 0.000000000000000000, -1.000000000000000000 ) ) ;
#386 = CARTESIAN_POINT ( 'NONE',  ( 38.77741300560284543, 38.80949612884480615, 16.96933472047959768 ) ) ;
#387 = EDGE_LOOP ( 'NONE', ( #4644, #2044, #2757, #2517 ) ) ;
#388 = CIRCLE ( 'NONE', #4247, 0.02935410264609947945 ) ;
#389 = CARTESIAN_POINT ( 'NONE',  ( 38.84728168145630178, 38.82429843800235147, 16.96933472047959768 ) ) ;
#390 = ADVANCED_FACE ( 'NONE', ( #193 ), #3988, .T. ) ;
#391 = CIRCLE ( 'NONE', #3295, 0.02009999999999934062 ) ;
#392 = CYLINDRICAL_SURFACE ( 'NONE', #3224, 0.001006105236832866012 ) ;
#393 = ORIENTED_EDGE ( 'NONE', *, *, #2163, .F. ) ;
#394 = CARTESIAN_POINT ( 'NONE',  ( 38.80747350322888423, 38.78449017004759014, 16.96933472047959768 ) ) ;
#395 = DIRECTION ( 'NONE',  ( 0.8660254037844432595, -0.4999999999999919509, 0.000000000000000000 ) ) ;
#396 = EDGE_LOOP ( 'NONE', ( #4840, #4222, #1730, #3968 ) ) ;
#397 = EDGE_CURVE ( 'NONE', #507, #1724, #2937, .T. ) ;
#398 = ORIENTED_EDGE ( 'NONE', *, *, #4534, .T. ) ;
#399 = LINE ( 'NONE', #2232, #2562 ) ;
#400 = DIRECTION ( 'NONE',  ( -0.000000000000000000, -0.000000000000000000, -1.000000000000000000 ) ) ;
#401 = EDGE_CURVE ( 'NONE', #3113, #3712, #4769, .T. ) ;
#402 = ORIENTED_EDGE ( 'NONE', *, *, #4327, .T. ) ;
#403 = DIRECTION ( 'NONE',  ( -0.000000000000000000, 0.000000000000000000, 1.000000000000000000 ) ) ;
#404 = CARTESIAN_POINT ( 'NONE',  ( 38.79900996728238027, 38.78852618938183383, 16.96933472047959768 ) ) ;
#405 = LINE ( 'NONE', #3737, #3842 ) ;
#406 = EDGE_LOOP ( 'NONE', ( #2511, #3902 ) ) ;
#407 = DIRECTION ( 'NONE',  ( 0.7071067811870409558, 0.7071067811860540786, 0.000000000000000000 ) ) ;
#408 = EDGE_CURVE ( 'NONE', #4435, #4430, #4518, .T. ) ;
#409 = CARTESIAN_POINT ( 'NONE',  ( 38.79319974122671510, 38.78416319037194171, 16.96933472047959768 ) ) ;
#410 = VERTEX_POINT ( 'NONE', #118 ) ;
#411 = DIRECTION ( 'NONE',  ( -0.000000000000000000, 0.000000000000000000, -1.000000000000000000 ) ) ;
#412 = ORIENTED_EDGE ( 'NONE', *, *, #2969, .F. ) ;
#413 = DIRECTION ( 'NONE',  ( -0.000000000000000000, 0.000000000000000000, 1.000000000000000000 ) ) ;
#414 = VERTEX_POINT ( 'NONE', #3915 ) ;
#415 = AXIS2_PLACEMENT_3D ( 'NONE', #4888, #1698, #4733 ) ;
#416 = AXIS2_PLACEMENT_3D ( 'NONE', #3954, #892, #2383 ) ;
#417 = EDGE_CURVE ( 'NONE', #3872, #410, #533, .T. ) ;
#418 = EDGE_CURVE ( 'NONE', #2412, #3246, #4037, .T. ) ;
#419 = DIRECTION ( 'NONE',  ( -0.8660254037832296747, -0.5000000000020939916, 0.000000000000000000 ) ) ;
#420 = DIRECTION ( 'NONE',  ( -0.000000000000000000, -0.000000000000000000, 1.000000000000000000 ) ) ;
#421 = ORIENTED_EDGE ( 'NONE', *, *, #4259, .T. ) ;
#422 = VECTOR ( 'NONE', #1007, 1.000000000000000000 ) ;
#423 = ADVANCED_FACE ( 'NONE', ( #3545 ), #2824, .T. ) ;
#424 = CARTESIAN_POINT ( 'NONE',  ( 38.84239761961923421, 38.86180551958434393, 17.00373472028886468 ) ) ;
#425 = AXIS2_PLACEMENT_3D ( 'NONE', #3899, #2779, #912 ) ;
#426 = CYLINDRICAL_SURFACE ( 'NONE', #4145, 0.03000003113258031817 ) ;
#427 = VERTEX_POINT ( 'NONE', #4346 ) ;
#428 = CARTESIAN_POINT ( 'NONE',  ( 38.84418082511670178, 38.83114218620552549, 16.95533472047959833 ) ) ;
#429 = ADVANCED_FACE ( 'NONE', ( #1664 ), #2848, .T. ) ;
#430 = CARTESIAN_POINT ( 'NONE',  ( 38.83794554663665366, 38.83926814361912960, 16.96933472047959768 ) ) ;
#431 = AXIS2_PLACEMENT_3D ( 'NONE', #906, #931, #4745 ) ;
#432 = CARTESIAN_POINT ( 'NONE',  ( 38.82190221147367026, 38.82830620394990717, 17.00171370091344869 ) ) ;
#433 = FACE_OUTER_BOUND ( 'NONE', #1218, .T. ) ;
#434 = VERTEX_POINT ( 'NONE', #3890 ) ;
#435 = CARTESIAN_POINT ( 'NONE',  ( 38.84403461804297564, 38.79963432793280731, 16.95533472047959833 ) ) ;
#436 = DIRECTION ( 'NONE',  ( -0.000000000000000000, 0.000000000000000000, 1.000000000000000000 ) ) ;
#437 = ORIENTED_EDGE ( 'NONE', *, *, #337, .T. ) ;
#438 = LINE ( 'NONE', #1983, #1071 ) ;
#439 = DIRECTION ( 'NONE',  ( 0.000000000000000000, 0.000000000000000000, 1.000000000000000000 ) ) ;
#440 = ORIENTED_EDGE ( 'NONE', *, *, #1626, .F. ) ;
#441 = CARTESIAN_POINT ( 'NONE',  ( 38.81588593523276387, 38.81588593523274255, 16.96933472047959768 ) ) ;
#442 = AXIS2_PLACEMENT_3D ( 'NONE', #3811, #1927, #3438 ) ;
#443 = ORIENTED_EDGE ( 'NONE', *, *, #1946, .T. ) ;
#444 = CYLINDRICAL_SURFACE ( 'NONE', #3646, 0.002249999999999715769 ) ;
#445 = DIRECTION ( 'NONE',  ( -0.000000000000000000, -0.000000000000000000, -1.000000000000000000 ) ) ;
#446 = AXIS2_PLACEMENT_3D ( 'NONE', #2280, #1945, #4579 ) ;
#447 = FACE_OUTER_BOUND ( 'NONE', #4403, .T. ) ;
#448 = ORIENTED_EDGE ( 'NONE', *, *, #2086, .F. ) ;
#449 = ADVANCED_FACE ( 'NONE', ( #4369 ), #2107, .T. ) ;
#450 = VERTEX_POINT ( 'NONE', #2794 ) ;
#451 = AXIS2_PLACEMENT_3D ( 'NONE', #2581, #783, #3394 ) ;
#452 = LINE ( 'NONE', #1652, #236 ) ;
#453 = CYLINDRICAL_SURFACE ( 'NONE', #2886, 0.03600013749699115806 ) ;
#454 = FACE_OUTER_BOUND ( 'NONE', #87, .T. ) ;
#455 = AXIS2_PLACEMENT_3D ( 'NONE', #2081, #4344, #2822 ) ;
#456 = DIRECTION ( 'NONE',  ( -1.000000000000000000, 0.000000000000000000, 0.000000000000000000 ) ) ;
#457 = CIRCLE ( 'NONE', #3133, 0.001006105236836115583 ) ;
#458 = DIRECTION ( 'NONE',  ( -0.000000000000000000, 0.000000000000000000, -1.000000000000000000 ) ) ;
#459 = CARTESIAN_POINT ( 'NONE',  ( 38.84403461804297564, 38.79963432793280731, 16.96933472047959768 ) ) ;
#460 = EDGE_CURVE ( 'NONE', #3704, #1877, #4319, .T. ) ;
#461 = CYLINDRICAL_SURFACE ( 'NONE', #1717, 0.03899994794847572166 ) ;
#462 = ORIENTED_EDGE ( 'NONE', *, *, #296, .F. ) ;
#463 = DIRECTION ( 'NONE',  ( 0.000000000000000000, -0.000000000000000000, -1.000000000000000000 ) ) ;
#464 = DIRECTION ( 'NONE',  ( -0.000000000000000000, 0.000000000000000000, 1.000000000000000000 ) ) ;
#465 = ORIENTED_EDGE ( 'NONE', *, *, #2473, .T. ) ;
#466 = DIRECTION ( 'NONE',  ( 0.000000000000000000, -0.000000000000000000, -1.000000000000000000 ) ) ;
#467 = ORIENTED_EDGE ( 'NONE', *, *, #3329, .T. ) ;
#468 = CYLINDRICAL_SURFACE ( 'NONE', #3860, 0.02935410264610283093 ) ;
#469 = EDGE_LOOP ( 'NONE', ( #402, #171, #4469, #378 ) ) ;
#470 = CARTESIAN_POINT ( 'NONE',  ( 38.84418082511670178, 38.83114218620552549, 16.96933472047959768 ) ) ;
#471 = DIRECTION ( 'NONE',  ( -0.7071067811865474617, -0.7071067811865474617, 0.000000000000000000 ) ) ;
#472 = ORIENTED_EDGE ( 'NONE', *, *, #1946, .F. ) ;
#473 = CIRCLE ( 'NONE', #1555, 0.001006105236832866012 ) ;
#474 = VERTEX_POINT ( 'NONE', #2475 ) ;
#475 = CARTESIAN_POINT ( 'NONE',  ( 38.81588593523276387, 38.81588593523274255, 16.95533472047959833 ) ) ;
#476 = CYLINDRICAL_SURFACE ( 'NONE', #2775, 0.03600013749699115806 ) ;
#477 = ADVANCED_FACE ( 'NONE', ( #510 ), #2007, .T. ) ;
#478 = CARTESIAN_POINT ( 'NONE',  ( 38.84728170041791628, 38.80747350322886291, 16.96933472047959768 ) ) ;
#479 = VERTEX_POINT ( 'NONE', #676 ) ;
#480 = CIRCLE ( 'NONE', #2985, 0.03600013749699044335 ) ;
#481 = CARTESIAN_POINT ( 'NONE',  ( 38.84600961105545025, 38.79111578999874155, 16.96933472047959768 ) ) ;
#482 = CARTESIAN_POINT ( 'NONE',  ( 38.85435886486268231, 38.82227574162067185, 16.95533472047959833 ) ) ;
#483 = EDGE_CURVE ( 'NONE', #2431, #686, #1041, .T. ) ;
#484 = DIRECTION ( 'NONE',  ( 0.7071067811854583329, 0.7071067811876368125, 0.000000000000000000 ) ) ;
#485 = DIRECTION ( 'NONE',  ( 0.000000000000000000, 0.000000000000000000, -1.000000000000000000 ) ) ;
#486 = ORIENTED_EDGE ( 'NONE', *, *, #882, .T. ) ;
#487 = CARTESIAN_POINT ( 'NONE',  ( 38.84801815415593040, 38.81682115252783660, 16.95533472047959833 ) ) ;
#488 = EDGE_CURVE ( 'NONE', #3013, #2673, #1064, .T. ) ;
#489 = EDGE_LOOP ( 'NONE', ( #511, #4614, #1905, #638 ) ) ;
#490 = CARTESIAN_POINT ( 'NONE',  ( 38.84324564445264372, 38.83276196662993840, 16.96933472047959768 ) ) ;
#491 = CARTESIAN_POINT ( 'NONE',  ( 38.80020343417891127, 38.85027043089272780, 16.96933472047959768 ) ) ;
#492 = LINE ( 'NONE', #1227, #815 ) ;
#493 = CYLINDRICAL_SURFACE ( 'NONE', #1145, 0.03899994794847572166 ) ;
#494 = ORIENTED_EDGE ( 'NONE', *, *, #1073, .T. ) ;
#495 = ORIENTED_EDGE ( 'NONE', *, *, #4379, .T. ) ;
#496 = DIRECTION ( 'NONE',  ( 1.000000000000000000, 0.000000000000000000, 0.000000000000000000 ) ) ;
#497 = CARTESIAN_POINT ( 'NONE',  ( 38.81588593523276387, 38.81588593523274255, 17.00973472028886491 ) ) ;
#498 = AXIS2_PLACEMENT_3D ( 'NONE', #1252, #2752, #4216 ) ;
#499 = LINE ( 'NONE', #4736, #4314 ) ;
#500 = AXIS2_PLACEMENT_3D ( 'NONE', #3274, #639, #1332 ) ;
#501 = ORIENTED_EDGE ( 'NONE', *, *, #4410, .F. ) ;
#502 = LINE ( 'NONE', #4581, #3866 ) ;
#503 = DIRECTION ( 'NONE',  ( -0.000000000000000000, -0.000000000000000000, 1.000000000000000000 ) ) ;
#504 = ORIENTED_EDGE ( 'NONE', *, *, #845, .F. ) ;
#505 = CARTESIAN_POINT ( 'NONE',  ( 38.82329901491295487, 38.84716532739388128, 16.96933472047959768 ) ) ;
#506 = CARTESIAN_POINT ( 'NONE',  ( 38.81588593523276387, 38.81588593523274255, 16.96933472047959768 ) ) ;
#507 = VERTEX_POINT ( 'NONE', #3623 ) ;
#508 = EDGE_CURVE ( 'NONE', #2157, #3021, #4488, .T. ) ;
#509 = VECTOR ( 'NONE', #1162, 0.9999999999999998890 ) ;
#510 = FACE_OUTER_BOUND ( 'NONE', #4269, .T. ) ;
#511 = ORIENTED_EDGE ( 'NONE', *, *, #1110, .F. ) ;
#512 = LINE ( 'NONE', #149, #145 ) ;
#513 = VECTOR ( 'NONE', #2671, 1.000000000000000000 ) ;
#514 = ORIENTED_EDGE ( 'NONE', *, *, #3654, .F. ) ;
#515 = CARTESIAN_POINT ( 'NONE',  ( 38.85119181988930137, 38.79446198997676731, 16.95533472047959833 ) ) ;
#516 = DIRECTION ( 'NONE',  ( -0.000000000000000000, -0.000000000000000000, -1.000000000000000000 ) ) ;
#517 = CIRCLE ( 'NONE', #744, 0.001006105236833839843 ) ;
#518 = EDGE_CURVE ( 'NONE', #1076, #3693, #658, .T. ) ;
#519 = ORIENTED_EDGE ( 'NONE', *, *, #408, .F. ) ;
#520 = DIRECTION ( 'NONE',  ( 0.9659258262890654256, -0.2588190451025316197, 0.000000000000000000 ) ) ;
#521 = CIRCLE ( 'NONE', #3995, 0.03899994794847572166 ) ;
#522 = LINE ( 'NONE', #1234, #2963 ) ;
#523 = FACE_OUTER_BOUND ( 'NONE', #2595, .T. ) ;
#524 = ORIENTED_EDGE ( 'NONE', *, *, #3933, .F. ) ;
#525 = VECTOR ( 'NONE', #44, 1.000000000000000000 ) ;
#526 = PLANE ( 'NONE',  #4177 ) ;
#527 = DIRECTION ( 'NONE',  ( -0.7071067811848699147, -0.7071067811882252307, 0.000000000000000000 ) ) ;
#528 = ORIENTED_EDGE ( 'NONE', *, *, #3454, .T. ) ;
#529 = CYLINDRICAL_SURFACE ( 'NONE', #376, 0.03899994794847572166 ) ;
#530 = DIRECTION ( 'NONE',  ( -0.2588190451025316197, -0.9659258262890654256, 0.000000000000000000 ) ) ;
#531 = ORIENTED_EDGE ( 'NONE', *, *, #4010, .T. ) ;
#532 = VECTOR ( 'NONE', #1485, 1.000000000000000000 ) ;
#533 = LINE ( 'NONE', #956, #4282 ) ;
#534 = VERTEX_POINT ( 'NONE', #3663 ) ;
#535 = AXIS2_PLACEMENT_3D ( 'NONE', #1213, #3542, #1978 ) ;
#536 = DIRECTION ( 'NONE',  ( -1.000000000000000000, 0.000000000000000000, 0.000000000000000000 ) ) ;
#537 = ADVANCED_FACE ( 'NONE', ( #308 ), #3243, .T. ) ;
#538 = ORIENTED_EDGE ( 'NONE', *, *, #277, .T. ) ;
#539 = VECTOR ( 'NONE', #4604, 1.000000000000000000 ) ;
#540 = FACE_OUTER_BOUND ( 'NONE', #489, .T. ) ;
#541 = CARTESIAN_POINT ( 'NONE',  ( 38.83574975562041942, 38.77967931206351437, 16.95533472047959833 ) ) ;
#542 = DIRECTION ( 'NONE',  ( 0.4999999999999360512, -0.8660254037844755670, 0.000000000000000000 ) ) ;
#543 = EDGE_CURVE ( 'NONE', #4854, #881, #1599, .T. ) ;
#544 = ORIENTED_EDGE ( 'NONE', *, *, #408, .T. ) ;
#545 = DIRECTION ( 'NONE',  ( -0.7071067811865474617, 0.7071067811865474617, 0.000000000000000000 ) ) ;
#546 = DIRECTION ( 'NONE',  ( -0.000000000000000000, 0.000000000000000000, -1.000000000000000000 ) ) ;
#547 = CIRCLE ( 'NONE', #2346, 0.02935410264610490219 ) ;
#548 = EDGE_CURVE ( 'NONE', #2198, #708, #3408, .T. ) ;
#549 = CARTESIAN_POINT ( 'NONE',  ( 38.83730988048873911, 38.85119181988928005, 16.96933472047959768 ) ) ;
#550 = DIRECTION ( 'NONE',  ( -0.8660254037843760910, -0.5000000000001085798, 0.000000000000000000 ) ) ;
#551 = CARTESIAN_POINT ( 'NONE',  ( 38.81588593523276387, 38.81588593523274255, 16.96933472047959768 ) ) ;
#552 = CARTESIAN_POINT ( 'NONE',  ( 38.79975639324172221, 38.78037771343633722, 16.96933472047959768 ) ) ;
#553 = ORIENTED_EDGE ( 'NONE', *, *, #1412, .T. ) ;
#554 = CARTESIAN_POINT ( 'NONE',  ( 38.80218320507502483, 38.77937249762125305, 16.95533472047959833 ) ) ;
#555 = DIRECTION ( 'NONE',  ( -0.000000000000000000, -0.000000000000000000, -1.000000000000000000 ) ) ;
#556 = VERTEX_POINT ( 'NONE', #4418 ) ;
#557 = CIRCLE ( 'NONE', #2356, 0.001006105236833839843 ) ;
#558 = DIRECTION ( 'NONE',  ( -0.000000000000000000, -0.000000000000000000, -1.000000000000000000 ) ) ;
#559 = ORIENTED_EDGE ( 'NONE', *, *, #720, .F. ) ;
#560 = CARTESIAN_POINT ( 'NONE',  ( 38.84600956645630987, 38.84065613470491485, 16.96933472047959768 ) ) ;
#561 = ORIENTED_EDGE ( 'NONE', *, *, #4039, .T. ) ;
#562 =( NAMED_UNIT ( * ) SI_UNIT ( $, .STERADIAN. ) SOLID_ANGLE_UNIT ( ) );
#563 = EDGE_CURVE ( 'NONE', #2901, #4756, #3266, .T. ) ;
#564 = DIRECTION ( 'NONE',  ( 0.000000000000000000, -0.000000000000000000, 1.000000000000000000 ) ) ;
#565 = DIRECTION ( 'NONE',  ( 0.000000000000000000, -0.000000000000000000, -1.000000000000000000 ) ) ;
#566 = ORIENTED_EDGE ( 'NONE', *, *, #2216, .F. ) ;
#567 = EDGE_CURVE ( 'NONE', #957, #1822, #2073, .T. ) ;
#568 = ADVANCED_FACE ( 'NONE', ( #1411 ), #2148, .F. ) ;
#569 = CARTESIAN_POINT ( 'NONE',  ( 38.82227574162069317, 38.77741300560282411, 16.95533472047959833 ) ) ;
#570 = DIRECTION ( 'NONE',  ( -0.000000000000000000, -0.000000000000000000, 1.000000000000000000 ) ) ;
#571 = DIRECTION ( 'NONE',  ( -0.000000000000000000, -0.000000000000000000, -1.000000000000000000 ) ) ;
#572 = CARTESIAN_POINT ( 'NONE',  ( 38.84302847617511389, 38.83213760597948294, 16.96933472047959768 ) ) ;
#573 = ADVANCED_FACE ( 'NONE', ( #249 ), #1453, .F. ) ;
#574 = DIRECTION ( 'NONE',  ( -1.000000000000000000, 0.000000000000000000, 0.000000000000000000 ) ) ;
#575 = AXIS2_PLACEMENT_3D ( 'NONE', #1310, #2435, #945 ) ;
#576 = DIRECTION ( 'NONE',  ( -0.000000000000000000, 0.000000000000000000, -1.000000000000000000 ) ) ;
#577 = ORIENTED_EDGE ( 'NONE', *, *, #1808, .F. ) ;
#578 = CARTESIAN_POINT ( 'NONE',  ( 38.82441755750389234, 38.82673325636207551, 17.00260010629589047 ) ) ;
#579 = FACE_OUTER_BOUND ( 'NONE', #1462, .T. ) ;
#580 = ORIENTED_EDGE ( 'NONE', *, *, #905, .F. ) ;
#581 = EDGE_CURVE ( 'NONE', #3041, #4756, #4439, .T. ) ;
#582 = CARTESIAN_POINT ( 'NONE',  ( 38.82570194871891545, 38.77577188780604445, 16.96933472047959768 ) ) ;
#583 = VERTEX_POINT ( 'NONE', #2872 ) ;
#584 = CIRCLE ( 'NONE', #4205, 0.001006105236833839843 ) ;
#585 = ORIENTED_EDGE ( 'NONE', *, *, #3798, .F. ) ;
#586 = CARTESIAN_POINT ( 'NONE',  ( 38.81031309357403813, 38.80326078921866184, 17.00543021348016026 ) ) ;
#587 = ORIENTED_EDGE ( 'NONE', *, *, #2608, .F. ) ;
#588 = AXIS2_PLACEMENT_3D ( 'NONE', #3638, #1383, #1405 ) ;
#589 = DIRECTION ( 'NONE',  ( -0.2588190451018285709, -0.9659258262892538305, 0.000000000000000000 ) ) ;
#590 = AXIS2_PLACEMENT_3D ( 'NONE', #669, #3702, #2143 ) ;
#591 = CARTESIAN_POINT ( 'NONE',  ( 38.80773876984724780, 38.80474704735692626, 17.00203894817516570 ) ) ;
#592 = ORIENTED_EDGE ( 'NONE', *, *, #1596, .F. ) ;
#593 = FACE_OUTER_BOUND ( 'NONE', #3706, .T. ) ;
#594 = DIRECTION ( 'NONE',  ( -0.000000000000000000, -0.000000000000000000, -1.000000000000000000 ) ) ;
#595 = DIRECTION ( 'NONE',  ( -0.000000000000000000, -0.000000000000000000, -1.000000000000000000 ) ) ;
#596 = ORIENTED_EDGE ( 'NONE', *, *, #681, .T. ) ;
#597 = ADVANCED_FACE ( 'NONE', ( #721 ), #4836, .F. ) ;
#598 = DIRECTION ( 'NONE',  ( -0.4999999999999605871, 0.8660254037844614672, 0.000000000000000000 ) ) ;
#599 = AXIS2_PLACEMENT_3D ( 'NONE', #1426, #4833, #4078 ) ;
#600 = CYLINDRICAL_SURFACE ( 'NONE', #590, 0.03600013749699115806 ) ;
#601 = DIRECTION ( 'NONE',  ( -0.000000000000000000, -0.000000000000000000, -1.000000000000000000 ) ) ;
#602 = ORIENTED_EDGE ( 'NONE', *, *, #3055, .T. ) ;
#603 = DIRECTION ( 'NONE',  ( 0.000000000000000000, -1.000000000000000000, 0.000000000000000000 ) ) ;
#604 = AXIS2_PLACEMENT_3D ( 'NONE', #549, #2023, #3583 ) ;
#605 = LINE ( 'NONE', #247, #683 ) ;
#606 = EDGE_LOOP ( 'NONE', ( #3987, #544, #230, #4890 ) ) ;
#607 = AXIS2_PLACEMENT_3D ( 'NONE', #2948, #3976, #2486 ) ;
#608 = CARTESIAN_POINT ( 'NONE',  ( 38.79878021416362088, 38.80458795724088361, 16.99773472028886445 ) ) ;
#609 = ADVANCED_FACE ( 'NONE', ( #4083 ), #1389, .T. ) ;
#610 = ORIENTED_EDGE ( 'NONE', *, *, #1424, .F. ) ;
#611 = DIRECTION ( 'NONE',  ( 0.000000000000000000, -0.000000000000000000, -1.000000000000000000 ) ) ;
#612 = AXIS2_PLACEMENT_3D ( 'NONE', #3520, #2375, #883 ) ;
#613 = ORIENTED_EDGE ( 'NONE', *, *, #3700, .F. ) ;
#614 = AXIS2_PLACEMENT_3D ( 'NONE', #3710, #4863, #4490 ) ;
#615 = DIRECTION ( 'NONE',  ( 0.000000000000000000, 0.000000000000000000, -1.000000000000000000 ) ) ;
#616 = CARTESIAN_POINT ( 'NONE',  ( 38.80998885509110607, 38.80340643210205798, 17.00176868552243192 ) ) ;
#617 = VECTOR ( 'NONE', #1660, 1.000000000000000000 ) ;
#618 = ORIENTED_EDGE ( 'NONE', *, *, #3061, .T. ) ;
#619 = LINE ( 'NONE', #2593, #2378 ) ;
#620 = DIRECTION ( 'NONE',  ( -1.000000000000000000, 0.000000000000000000, 0.000000000000000000 ) ) ;
#621 = CARTESIAN_POINT ( 'NONE',  ( 38.83213760597951136, 38.78773728905356677, 16.95533472047959833 ) ) ;
#622 = CARTESIAN_POINT ( 'NONE',  ( 38.83114218620554681, 38.78759104534880464, 16.95533472047959833 ) ) ;
#623 = EDGE_CURVE ( 'NONE', #299, #4215, #275, .T. ) ;
#624 = DIRECTION ( 'NONE',  ( -0.4999999999999981126, -0.8660254037844399289, 0.000000000000000000 ) ) ;
#625 = DIRECTION ( 'NONE',  ( -0.000000000000000000, -0.000000000000000000, -1.000000000000000000 ) ) ;
#626 = EDGE_LOOP ( 'NONE', ( #801, #4111, #3101, #3992 ) ) ;
#627 = DIRECTION ( 'NONE',  ( 0.2588190451006250337, -0.9659258262895763503, 0.000000000000000000 ) ) ;
#628 = CARTESIAN_POINT ( 'NONE',  ( 38.81967145301531019, 38.77707014211831904, 16.96933472047959768 ) ) ;
#629 = EDGE_CURVE ( 'NONE', #3352, #3576, #1050, .T. ) ;
#630 = DIRECTION ( 'NONE',  ( 0.000000000000000000, 0.000000000000000000, -1.000000000000000000 ) ) ;
#631 = AXIS2_PLACEMENT_3D ( 'NONE', #2402, #100, #1937 ) ;
#632 = DIRECTION ( 'NONE',  ( -1.000000000000000000, 0.000000000000000000, 0.000000000000000000 ) ) ;
#633 = ORIENTED_EDGE ( 'NONE', *, *, #1408, .T. ) ;
#634 = VECTOR ( 'NONE', #1335, 1.000000000000000000 ) ;
#635 = EDGE_CURVE ( 'NONE', #2482, #2899, #2786, .T. ) ;
#636 = CARTESIAN_POINT ( 'NONE',  ( 38.81588593523276387, 38.81588593523274255, 16.97023472028886459 ) ) ;
#637 = CYLINDRICAL_SURFACE ( 'NONE', #2565, 0.01850000000001017497 ) ;
#638 = ORIENTED_EDGE ( 'NONE', *, *, #882, .F. ) ;
#639 = DIRECTION ( 'NONE',  ( 0.000000000000000000, 0.000000000000000000, -1.000000000000000000 ) ) ;
#640 = FACE_BOUND ( 'NONE', #1912, .T. ) ;
#641 = ORIENTED_EDGE ( 'NONE', *, *, #987, .T. ) ;
#642 = LINE ( 'NONE', #971, #203 ) ;
#643 = CARTESIAN_POINT ( 'NONE',  ( 38.78449017004761146, 38.82429836723662220, 16.96933472047959768 ) ) ;
#644 = ORIENTED_EDGE ( 'NONE', *, *, #488, .T. ) ;
#645 = DIRECTION ( 'NONE',  ( 0.000000000000000000, -1.000000000000000000, 0.000000000000000000 ) ) ;
#646 = AXIS2_PLACEMENT_3D ( 'NONE', #2153, #1023, #2545 ) ;
#647 = CIRCLE ( 'NONE', #416, 0.02935410264610283093 ) ;
#648 = DIRECTION ( 'NONE',  ( -0.8660254037867568533, -0.4999999999959848784, 0.000000000000000000 ) ) ;
#649 = VERTEX_POINT ( 'NONE', #404 ) ;
#650 = CARTESIAN_POINT ( 'NONE',  ( 38.84600956645630987, 38.84065613470491485, 16.95533472047959833 ) ) ;
#651 = EDGE_CURVE ( 'NONE', #907, #534, #3659, .T. ) ;
#652 = ORIENTED_EDGE ( 'NONE', *, *, #3373, .F. ) ;
#653 = VECTOR ( 'NONE', #3248, 1.000000000000000000 ) ;
#654 = VECTOR ( 'NONE', #207, 1.000000000000000000 ) ;
#655 = CARTESIAN_POINT ( 'NONE',  ( 38.78460656203323964, 38.80847278478682938, 16.96933472047959768 ) ) ;
#656 = ORIENTED_EDGE ( 'NONE', *, *, #905, .T. ) ;
#657 = CARTESIAN_POINT ( 'NONE',  ( 38.83276196662995972, 38.78852622601286981, 16.95533472047959833 ) ) ;
#658 = CIRCLE ( 'NONE', #1679, 0.02935410264610068681 ) ;
#659 = ADVANCED_FACE ( 'NONE', ( #2666 ), #1478, .T. ) ;
#660 = EDGE_LOOP ( 'NONE', ( #4080, #1247, #504, #4680 ) ) ;
#661 = CIRCLE ( 'NONE', #1208, 0.03899994794847572166 ) ;
#662 = CIRCLE ( 'NONE', #3414, 0.03899994794847572166 ) ;
#663 = DIRECTION ( 'NONE',  ( -1.000000000000000000, 0.000000000000000000, 0.000000000000000000 ) ) ;
#664 = CARTESIAN_POINT ( 'NONE',  ( 38.82429843800237279, 38.78449018900921175, 16.96933472047959768 ) ) ;
#665 = ORIENTED_EDGE ( 'NONE', *, *, #3711, .F. ) ;
#666 = EDGE_CURVE ( 'NONE', #3773, #2399, #3430, .T. ) ;
#667 = VERTEX_POINT ( 'NONE', #4176 ) ;
#668 = AXIS2_PLACEMENT_3D ( 'NONE', #4209, #1981, #3492 ) ;
#669 = CARTESIAN_POINT ( 'NONE',  ( 38.82744204190321113, 38.85553372609595613, 16.96933472047959768 ) ) ;
#670 = CARTESIAN_POINT ( 'NONE',  ( 38.85139415702916921, 38.79975639324169379, 16.95533472047959833 ) ) ;
#671 = ORIENTED_EDGE ( 'NONE', *, *, #3972, .T. ) ;
#672 = ORIENTED_EDGE ( 'NONE', *, *, #2853, .T. ) ;
#673 = AXIS2_PLACEMENT_3D ( 'NONE', #2594, #2619, #1483 ) ;
#674 = AXIS2_PLACEMENT_3D ( 'NONE', #3563, #436, #855 ) ;
#675 = CYLINDRICAL_SURFACE ( 'NONE', #1338, 0.001006105236832866012 ) ;
#676 = CARTESIAN_POINT ( 'NONE',  ( 38.83926814361915092, 38.79382632382884566, 16.95533472047959833 ) ) ;
#677 = FACE_OUTER_BOUND ( 'NONE', #2765, .T. ) ;
#678 = VERTEX_POINT ( 'NONE', #793 ) ;
#679 = CIRCLE ( 'NONE', #3431, 0.03600013749699115806 ) ;
#680 = VECTOR ( 'NONE', #4146, 1.000000000000000000 ) ;
#681 = EDGE_CURVE ( 'NONE', #2626, #4662, #3900, .T. ) ;
#682 = DIRECTION ( 'NONE',  ( -0.000000000000000000, -0.000000000000000000, 1.000000000000000000 ) ) ;
#683 = VECTOR ( 'NONE', #3641, 1.000000000000000000 ) ;
#684 = AXIS2_PLACEMENT_3D ( 'NONE', #3201, #4401, #1396 ) ;
#685 = CARTESIAN_POINT ( 'NONE',  ( 38.80911400456123772, 38.80386085426118115, 17.00148477585874218 ) ) ;
#686 = VERTEX_POINT ( 'NONE', #819 ) ;
#687 = CIRCLE ( 'NONE', #2330, 0.002249999999999715769 ) ;
#688 = ADVANCED_FACE ( 'NONE', ( #3780 ), #2717, .T. ) ;
#689 = DIRECTION ( 'NONE',  ( 0.2588190451006250337, -0.9659258262895763503, 0.000000000000000000 ) ) ;
#690 = CARTESIAN_POINT ( 'NONE',  ( 38.79382627202476641, 38.83926809181502193, 16.96933472047959768 ) ) ;
#691 = VERTEX_POINT ( 'NONE', #4611 ) ;
#692 = VECTOR ( 'NONE', #4655, 1.000000000000000000 ) ;
#693 = EDGE_CURVE ( 'NONE', #1466, #4183, #346, .T. ) ;
#694 = VECTOR ( 'NONE', #1823, 1.000000000000000000 ) ;
#695 = DIRECTION ( 'NONE',  ( -1.000000000000000000, 0.000000000000000000, 0.000000000000000000 ) ) ;
#696 = CARTESIAN_POINT ( 'NONE',  ( 38.84403461804297564, 38.79963432793280731, 16.96933472047959768 ) ) ;
#697 = VERTEX_POINT ( 'NONE', #27 ) ;
#698 = DIRECTION ( 'NONE',  ( -0.000000000000000000, 0.000000000000000000, 1.000000000000000000 ) ) ;
#699 = DIRECTION ( 'NONE',  ( -1.000000000000000000, 0.000000000000000000, 0.000000000000000000 ) ) ;
#700 = CARTESIAN_POINT ( 'NONE',  ( 38.84302851280614277, 38.79963432793280731, 16.96933472047959768 ) ) ;
#701 = ORIENTED_EDGE ( 'NONE', *, *, #1080, .F. ) ;
#702 = CYLINDRICAL_SURFACE ( 'NONE', #3886, 0.03600013749699115806 ) ;
#703 = DIRECTION ( 'NONE',  ( -0.4999999999999919509, -0.8660254037844432595, 0.000000000000000000 ) ) ;
#704 = VERTEX_POINT ( 'NONE', #3378 ) ;
#705 = DIRECTION ( 'NONE',  ( -0.7071067811865474617, 0.7071067811865474617, 0.000000000000000000 ) ) ;
#706 = AXIS2_PLACEMENT_3D ( 'NONE', #4556, #1109, #1429 ) ;
#707 = DIRECTION ( 'NONE',  ( 0.9659258262892763680, 0.2588190451017443605, 0.000000000000000000 ) ) ;
#708 = VERTEX_POINT ( 'NONE', #1522 ) ;
#709 = AXIS2_PLACEMENT_3D ( 'NONE', #3184, #4339, #949 ) ;
#710 = DIRECTION ( 'NONE',  ( 0.000000000000000000, -0.000000000000000000, 1.000000000000000000 ) ) ;
#711 = DIRECTION ( 'NONE',  ( -0.000000000000000000, -0.000000000000000000, -1.000000000000000000 ) ) ;
#712 = EDGE_LOOP ( 'NONE', ( #2890, #903, #1348, #2662 ) ) ;
#713 = EDGE_CURVE ( 'NONE', #3091, #4627, #1111, .T. ) ;
#714 = ADVANCED_FACE ( 'NONE', ( #2984 ), #1850, .T. ) ;
#715 = CARTESIAN_POINT ( 'NONE',  ( 38.79975632930855767, 38.85139412798756808, 16.96933472047959768 ) ) ;
#716 = DIRECTION ( 'NONE',  ( -0.9659258262890654256, 0.2588190451025316197, 0.000000000000000000 ) ) ;
#717 = ORIENTED_EDGE ( 'NONE', *, *, #1819, .T. ) ;
#718 = ORIENTED_EDGE ( 'NONE', *, *, #786, .F. ) ;
#719 = DIRECTION ( 'NONE',  ( 0.2588190451018285709, 0.9659258262892538305, 0.000000000000000000 ) ) ;
#720 = EDGE_CURVE ( 'NONE', #924, #1961, #4782, .T. ) ;
#721 = FACE_OUTER_BOUND ( 'NONE', #1638, .T. ) ;
#722 = DIRECTION ( 'NONE',  ( -0.4999999999999980016, -0.8660254037844398178, -0.000000000000000000 ) ) ;
#723 = EDGE_CURVE ( 'NONE', #3983, #1354, #58, .T. ) ;
#724 = CIRCLE ( 'NONE', #4028, 0.02935410264610073192 ) ;
#725 = ORIENTED_EDGE ( 'NONE', *, *, #1677, .T. ) ;
#726 = CARTESIAN_POINT ( 'NONE',  ( 38.78511224309525574, 38.83782253144367758, 16.96933472047959768 ) ) ;
#727 = DIRECTION ( 'NONE',  ( -1.000000000000000000, 0.000000000000000000, 0.000000000000000000 ) ) ;
#728 = ORIENTED_EDGE ( 'NONE', *, *, #2885, .F. ) ;
#729 = CARTESIAN_POINT ( 'NONE',  ( 38.80712970776789916, 38.80521970438095991, 17.00373472028886468 ) ) ;
#730 = DIRECTION ( 'NONE',  ( -0.000000000000000000, -0.000000000000000000, -1.000000000000000000 ) ) ;
#731 = ORIENTED_EDGE ( 'NONE', *, *, #2699, .F. ) ;
#732 = CARTESIAN_POINT ( 'NONE',  ( 38.84716532739390260, 38.80847285555255155, 16.96933472047959768 ) ) ;
#733 = CARTESIAN_POINT ( 'NONE',  ( 38.79111578999876286, 38.78576225941005617, 16.95533472047959833 ) ) ;
#734 = ORIENTED_EDGE ( 'NONE', *, *, #4432, .T. ) ;
#735 = AXIS2_PLACEMENT_3D ( 'NONE', #4115, #2681, #3370 ) ;
#736 = VECTOR ( 'NONE', #1871, 1.000000000000000000 ) ;
#737 = LINE ( 'NONE', #347, #680 ) ;
#738 = EDGE_CURVE ( 'NONE', #4780, #3235, #381, .T. ) ;
#739 = FACE_OUTER_BOUND ( 'NONE', #2790, .T. ) ;
#740 = EDGE_LOOP ( 'NONE', ( #4718, #869 ) ) ;
#741 = DIRECTION ( 'NONE',  ( 0.000000000000000000, -0.000000000000000000, -1.000000000000000000 ) ) ;
#742 = CARTESIAN_POINT ( 'NONE',  ( 38.84239761961923421, 38.86180551958434393, 17.00373472028886468 ) ) ;
#743 = DIRECTION ( 'NONE',  ( -0.4999999999999981126, -0.8660254037844399289, 0.000000000000000000 ) ) ;
#744 = AXIS2_PLACEMENT_3D ( 'NONE', #2723, #3466, #3840 ) ;
#745 = VERTEX_POINT ( 'NONE', #1550 ) ;
#746 = CIRCLE ( 'NONE', #3908, 0.001006105236836115583 ) ;
#747 = CARTESIAN_POINT ( 'NONE',  ( 38.82958873113357612, 38.77937252229332188, 16.95533472047959833 ) ) ;
#748 = EDGE_CURVE ( 'NONE', #1402, #1164, #661, .T. ) ;
#749 = DIRECTION ( 'NONE',  ( 0.000000000000000000, 0.000000000000000000, -1.000000000000000000 ) ) ;
#750 = EDGE_LOOP ( 'NONE', ( #3079, #4101, #317, #2066 ) ) ;
#751 = CARTESIAN_POINT ( 'NONE',  ( 38.81588593523276387, 38.81588593523274255, 16.96283472047959862 ) ) ;
#752 = AXIS2_PLACEMENT_3D ( 'NONE', #4607, #2981, #1131 ) ;
#753 = DIRECTION ( 'NONE',  ( -1.000000000000000000, 0.000000000000000000, 0.000000000000000000 ) ) ;
#754 = VERTEX_POINT ( 'NONE', #2690 ) ;
#755 = CIRCLE ( 'NONE', #3522, 0.01850000000001017497 ) ;
#756 = LINE ( 'NONE', #319, #3656 ) ;
#757 = CARTESIAN_POINT ( 'NONE',  ( 38.83786309241147450, 38.83886924945239372, 16.96933472047959768 ) ) ;
#758 = ORIENTED_EDGE ( 'NONE', *, *, #651, .T. ) ;
#759 = CIRCLE ( 'NONE', #4725, 0.001006105236834714794 ) ;
#760 = ORIENTED_EDGE ( 'NONE', *, *, #2729, .F. ) ;
#761 = CARTESIAN_POINT ( 'NONE',  ( 38.81588593523276387, 38.81588593523274255, 16.95533472047959833 ) ) ;
#762 = CIRCLE ( 'NONE', #1156, 0.02935410264609930597 ) ;
#763 = CARTESIAN_POINT ( 'NONE',  ( 38.77741299409795062, 38.82227567234947685, 16.96933472047959768 ) ) ;
#764 = CIRCLE ( 'NONE', #4810, 0.03899994794847572166 ) ;
#765 = ORIENTED_EDGE ( 'NONE', *, *, #2885, .T. ) ;
#766 = LINE ( 'NONE', #4508, #4336 ) ;
#767 = AXIS2_PLACEMENT_3D ( 'NONE', #3080, #1203, #2711 ) ;
#768 = EDGE_CURVE ( 'NONE', #1822, #1958, #3403, .T. ) ;
#769 = CARTESIAN_POINT ( 'NONE',  ( 38.81711741065054611, 38.79542295724088063, 17.00973472028886491 ) ) ;
#770 = DIRECTION ( 'NONE',  ( 0.7071067811865474617, 0.7071067811865474617, 0.000000000000000000 ) ) ;
#771 = ORIENTED_EDGE ( 'NONE', *, *, #2579, .F. ) ;
#772 = ADVANCED_FACE ( 'NONE', ( #3 ), #4558, .F. ) ;
#773 = EDGE_CURVE ( 'NONE', #3865, #3021, #1294, .T. ) ;
#774 = DIRECTION ( 'NONE',  ( 0.000000000000000000, 0.000000000000000000, -1.000000000000000000 ) ) ;
#775 = DIRECTION ( 'NONE',  ( 0.000000000000000000, -0.000000000000000000, -1.000000000000000000 ) ) ;
#776 = EDGE_LOOP ( 'NONE', ( #928, #2018, #3396, #2167 ) ) ;
#777 = FACE_OUTER_BOUND ( 'NONE', #3728, .T. ) ;
#778 = VERTEX_POINT ( 'NONE', #898 ) ;
#779 = CARTESIAN_POINT ( 'NONE',  ( 38.78375371630959734, 38.81682107926577174, 16.95533472047959833 ) ) ;
#780 = EDGE_CURVE ( 'NONE', #4577, #4511, #2707, .T. ) ;
#781 = ORIENTED_EDGE ( 'NONE', *, *, #322, .F. ) ;
#782 = CARTESIAN_POINT ( 'NONE',  ( 38.85139412798758940, 38.83201554115694165, 16.95533472047959833 ) ) ;
#783 = DIRECTION ( 'NONE',  ( 0.000000000000000000, -0.000000000000000000, 1.000000000000000000 ) ) ;
#784 = ORIENTED_EDGE ( 'NONE', *, *, #3129, .T. ) ;
#785 = ORIENTED_EDGE ( 'NONE', *, *, #3099, .T. ) ;
#786 = EDGE_CURVE ( 'NONE', #3013, #1709, #817, .T. ) ;
#787 = ORIENTED_EDGE ( 'NONE', *, *, #1493, .T. ) ;
#788 = CIRCLE ( 'NONE', #1416, 0.02009999999999934062 ) ;
#789 = FACE_OUTER_BOUND ( 'NONE', #3202, .T. ) ;
#790 = CARTESIAN_POINT ( 'NONE',  ( 38.83438593523277405, 38.81588593523274255, 16.96283472047959862 ) ) ;
#791 = ORIENTED_EDGE ( 'NONE', *, *, #4832, .F. ) ;
#792 = DIRECTION ( 'NONE',  ( -0.000000000000000000, 0.000000000000000000, -1.000000000000000000 ) ) ;
#793 = CARTESIAN_POINT ( 'NONE',  ( 38.79250372684637682, 38.83794554663663234, 16.95533472047959833 ) ) ;
#794 = CARTESIAN_POINT ( 'NONE',  ( 38.82145689953291878, 38.82851191002882274, 17.00204099762638066 ) ) ;
#795 = EDGE_LOOP ( 'NONE', ( #963, #3471, #3276, #787 ) ) ;
#796 = DIRECTION ( 'NONE',  ( -1.000000000000000000, 0.000000000000000000, 0.000000000000000000 ) ) ;
#797 = CARTESIAN_POINT ( 'NONE',  ( 38.85470173516301884, 38.81210048733872497, 16.96933472047959768 ) ) ;
#798 = ORIENTED_EDGE ( 'NONE', *, *, #543, .F. ) ;
#799 = CARTESIAN_POINT ( 'NONE',  ( 38.78037771343635853, 38.83201547722379132, 16.96933472047959768 ) ) ;
#800 = EDGE_CURVE ( 'NONE', #414, #848, #4615, .T. ) ;
#801 = ORIENTED_EDGE ( 'NONE', *, *, #2405, .F. ) ;
#802 = DIRECTION ( 'NONE',  ( 0.8660254037867568533, 0.4999999999959848784, 0.000000000000000000 ) ) ;
#803 = ORIENTED_EDGE ( 'NONE', *, *, #3985, .F. ) ;
#804 = ORIENTED_EDGE ( 'NONE', *, *, #1704, .F. ) ;
#805 = CARTESIAN_POINT ( 'NONE',  ( 38.82464216269762858, 38.82655216608452520, 17.00373472028886468 ) ) ;
#806 = DIRECTION ( 'NONE',  ( 0.000000000000000000, 0.000000000000000000, -1.000000000000000000 ) ) ;
#807 = EDGE_CURVE ( 'NONE', #2224, #3960, #1837, .T. ) ;
#808 = ORIENTED_EDGE ( 'NONE', *, *, #2367, .F. ) ;
#809 = AXIS2_PLACEMENT_3D ( 'NONE', #3260, #4788, #1034 ) ;
#810 = CIRCLE ( 'NONE', #195, 0.001006105236832866012 ) ;
#811 = ORIENTED_EDGE ( 'NONE', *, *, #1691, .F. ) ;
#812 = FACE_OUTER_BOUND ( 'NONE', #3334, .T. ) ;
#813 = LINE ( 'NONE', #4196, #3279 ) ;
#814 = EDGE_CURVE ( 'NONE', #4567, #4114, #3735, .T. ) ;
#815 = VECTOR ( 'NONE', #1645, 1.000000000000000000 ) ;
#816 = VERTEX_POINT ( 'NONE', #3909 ) ;
#817 = CIRCLE ( 'NONE', #3809, 0.03899994794847572166 ) ;
#818 = DIRECTION ( 'NONE',  ( -0.8660254037833949869, 0.5000000000018076651, 0.000000000000000000 ) ) ;
#819 = CARTESIAN_POINT ( 'NONE',  ( 38.82227567234949817, 38.85435887636755581, 16.95533472047959833 ) ) ;
#820 = DIRECTION ( 'NONE',  ( 0.000000000000000000, -0.000000000000000000, -1.000000000000000000 ) ) ;
#821 = CYLINDRICAL_SURFACE ( 'NONE', #4246, 0.03899994794847572166 ) ;
#822 = ORIENTED_EDGE ( 'NONE', *, *, #4410, .T. ) ;
#823 = CARTESIAN_POINT ( 'NONE',  ( 38.84760863924662289, 38.83857218635611730, 16.96933472047959768 ) ) ;
#824 = FACE_OUTER_BOUND ( 'NONE', #2993, .T. ) ;
#825 = ORIENTED_EDGE ( 'NONE', *, *, #2113, .F. ) ;
#826 = DIRECTION ( 'NONE',  ( -0.000000000000000000, -0.000000000000000000, -1.000000000000000000 ) ) ;
#827 = DIRECTION ( 'NONE',  ( -1.000000000000000000, -3.535038486368773448E-13, 0.000000000000000000 ) ) ;
#828 = VECTOR ( 'NONE', #2052, 1.000000000000000000 ) ;
#829 = ORIENTED_EDGE ( 'NONE', *, *, #2401, .T. ) ;
#830 = EDGE_CURVE ( 'NONE', #4577, #479, #3883, .T. ) ;
#831 = DIRECTION ( 'NONE',  ( -1.000000000000000000, 0.000000000000000000, 0.000000000000000000 ) ) ;
#832 = CYLINDRICAL_SURFACE ( 'NONE', #631, 0.03600013749699115806 ) ;
#833 = AXIS2_PLACEMENT_3D ( 'NONE', #1575, #3400, #1844 ) ;
#834 = FACE_OUTER_BOUND ( 'NONE', #1802, .T. ) ;
#835 = ORIENTED_EDGE ( 'NONE', *, *, #1589, .T. ) ;
#836 = ORIENTED_EDGE ( 'NONE', *, *, #3953, .T. ) ;
#837 = AXIS2_PLACEMENT_3D ( 'NONE', #2254, #3772, #1151 ) ;
#838 = EDGE_CURVE ( 'NONE', #4662, #2626, #1908, .T. ) ;
#839 = CARTESIAN_POINT ( 'NONE',  ( 38.83213760597951136, 38.78773728905356677, 16.96933472047959768 ) ) ;
#840 = DIRECTION ( 'NONE',  ( -0.000000000000000000, 0.000000000000000000, -1.000000000000000000 ) ) ;
#841 =( NAMED_UNIT ( * ) SI_UNIT ( $, .STERADIAN. ) SOLID_ANGLE_UNIT ( ) );
#842 = ORIENTED_EDGE ( 'NONE', *, *, #2828, .F. ) ;
#843 = VECTOR ( 'NONE', #3412, 1.000000000000000000 ) ;
#844 = FACE_BOUND ( 'NONE', #4626, .T. ) ;
#845 = EDGE_CURVE ( 'NONE', #2012, #4528, #2366, .T. ) ;
#846 = AXIS2_PLACEMENT_3D ( 'NONE', #3665, #611, #1346 ) ;
#847 = DIRECTION ( 'NONE',  ( 0.000000000000000000, -0.000000000000000000, -1.000000000000000000 ) ) ;
#848 = VERTEX_POINT ( 'NONE', #4712 ) ;
#849 = DIRECTION ( 'NONE',  ( -1.000000000000000000, 0.000000000000000000, -0.000000000000000000 ) ) ;
#850 = AXIS2_PLACEMENT_3D ( 'NONE', #4277, #1232, #3929 ) ;
#851 = CYLINDRICAL_SURFACE ( 'NONE', #1536, 0.02100000000000079581 ) ;
#852 = ORIENTED_EDGE ( 'NONE', *, *, #1185, .T. ) ;
#853 = ADVANCED_FACE ( 'NONE', ( #3142 ), #2389, .T. ) ;
#854 = DIRECTION ( 'NONE',  ( -1.000000000000000000, 0.000000000000000000, 0.000000000000000000 ) ) ;
#855 = DIRECTION ( 'NONE',  ( 0.9659258262894446778, 0.2588190451011160298, 0.000000000000000000 ) ) ;
#856 = ORIENTED_EDGE ( 'NONE', *, *, #3898, .T. ) ;
#857 = AXIS2_PLACEMENT_3D ( 'NONE', #335, #775, #3785 ) ;
#858 = DIRECTION ( 'NONE',  ( -0.000000000000000000, -0.000000000000000000, -1.000000000000000000 ) ) ;
#859 = EDGE_LOOP ( 'NONE', ( #1863, #1527, #3478, #3519 ) ) ;
#860 = ORIENTED_EDGE ( 'NONE', *, *, #1127, .T. ) ;
#861 = CARTESIAN_POINT ( 'NONE',  ( 38.84403458141194676, 38.83213760597948294, 16.95533472047959833 ) ) ;
#862 = CARTESIAN_POINT ( 'NONE',  ( 38.78509064716617871, 38.80666615447550072, 16.96933472047959768 ) ) ;
#863 = EDGE_LOOP ( 'NONE', ( #2426, #3078, #1190, #3564 ) ) ;
#864 = AXIS2_PLACEMENT_3D ( 'NONE', #4621, #3574, #938 ) ;
#865 = EDGE_LOOP ( 'NONE', ( #12, #4174, #1342, #3497 ) ) ;
#866 = CARTESIAN_POINT ( 'NONE',  ( 38.83201547722381264, 38.85139415702914789, 16.95533472047959833 ) ) ;
#867 = DIRECTION ( 'NONE',  ( -0.000000000000000000, -0.000000000000000000, -1.000000000000000000 ) ) ;
#868 = CYLINDRICAL_SURFACE ( 'NONE', #2400, 0.001006105236832866012 ) ;
#869 = ORIENTED_EDGE ( 'NONE', *, *, #838, .F. ) ;
#870 = ADVANCED_FACE ( 'NONE', ( #2816, #3513 ), #3935, .T. ) ;
#871 = EDGE_CURVE ( 'NONE', #678, #1877, #1682, .T. ) ;
#872 = EDGE_LOOP ( 'NONE', ( #2923, #1317, #2987, #3554 ) ) ;
#873 = CIRCLE ( 'NONE', #3632, 0.02250000000000085265 ) ;
#874 = CARTESIAN_POINT ( 'NONE',  ( 38.83009353555545573, 38.76286244897481481, 16.99773472028886445 ) ) ;
#875 = CARTESIAN_POINT ( 'NONE',  ( 38.83926814361915092, 38.79382632382884566, 16.96933472047959768 ) ) ;
#876 = ORIENTED_EDGE ( 'NONE', *, *, #713, .T. ) ;
#877 = CARTESIAN_POINT ( 'NONE',  ( 38.78037771343635853, 38.83201547722379132, 16.96933472047959768 ) ) ;
#878 = DIRECTION ( 'NONE',  ( 0.000000000000000000, 0.000000000000000000, -1.000000000000000000 ) ) ;
#879 = ORIENTED_EDGE ( 'NONE', *, *, #3392, .F. ) ;
#880 = DIRECTION ( 'NONE',  ( -1.000000000000000000, 0.000000000000000000, 0.000000000000000000 ) ) ;
#881 = VERTEX_POINT ( 'NONE', #3115 ) ;
#882 = EDGE_CURVE ( 'NONE', #3411, #1586, #950, .T. ) ;
#883 = DIRECTION ( 'NONE',  ( -1.000000000000000000, 0.000000000000000000, 0.000000000000000000 ) ) ;
#884 = ORIENTED_EDGE ( 'NONE', *, *, #2170, .T. ) ;
#885 = LINE ( 'NONE', #2040, #2287 ) ;
#886 = DIRECTION ( 'NONE',  ( 0.9659258262890429991, -0.2588190451026144978, 0.000000000000000000 ) ) ;
#887 = CARTESIAN_POINT ( 'NONE',  ( 38.84503987766709088, 38.83993343035452028, 17.03813472353135694 ) ) ;
#888 = AXIS2_PLACEMENT_3D ( 'NONE', #3042, #36, #314 ) ;
#889 = VERTEX_POINT ( 'NONE', #3588 ) ;
#890 = AXIS2_PLACEMENT_3D ( 'NONE', #2334, #3136, #1996 ) ;
#891 = DIRECTION ( 'NONE',  ( -1.000000000000000000, 0.000000000000000000, 0.000000000000000000 ) ) ;
#892 = DIRECTION ( 'NONE',  ( -0.000000000000000000, -0.000000000000000000, 1.000000000000000000 ) ) ;
#893 = VECTOR ( 'NONE', #1216, 1.000000000000000000 ) ;
#894 = CARTESIAN_POINT ( 'NONE',  ( 38.81588593523276387, 38.81588593523274255, 16.96933472047959768 ) ) ;
#895 = ORIENTED_EDGE ( 'NONE', *, *, #926, .T. ) ;
#896 = DIRECTION ( 'NONE',  ( -0.000000000000000000, 0.000000000000000000, 1.000000000000000000 ) ) ;
#897 = EDGE_CURVE ( 'NONE', #3348, #686, #2387, .T. ) ;
#898 = CARTESIAN_POINT ( 'NONE',  ( 38.81384600578157773, 38.79588971839469735, 17.00973472028886491 ) ) ;
#899 = EDGE_LOOP ( 'NONE', ( #398, #4350 ) ) ;
#900 = CARTESIAN_POINT ( 'NONE',  ( 38.81588593523276387, 38.81588593523274255, 16.96283472047959862 ) ) ;
#901 = CIRCLE ( 'NONE', #3406, 0.001006105236833839843 ) ;
#902 = CARTESIAN_POINT ( 'NONE',  ( 38.81588593523276387, 38.81588593523274255, 16.97053472028886389 ) ) ;
#903 = ORIENTED_EDGE ( 'NONE', *, *, #3857, .F. ) ;
#904 = AXIS2_PLACEMENT_3D ( 'NONE', #3457, #2262, #86 ) ;
#905 = EDGE_CURVE ( 'NONE', #4854, #4502, #1705, .T. ) ;
#906 = CARTESIAN_POINT ( 'NONE',  ( 38.81588593523276387, 38.81588593523274255, 16.96933472047959768 ) ) ;
#907 = VERTEX_POINT ( 'NONE', #482 ) ;
#908 = CARTESIAN_POINT ( 'NONE',  ( 38.84668124226095642, 38.80666622524122289, 16.95533472047959833 ) ) ;
#909 = ORIENTED_EDGE ( 'NONE', *, *, #2129, .T. ) ;
#910 = FACE_OUTER_BOUND ( 'NONE', #4049, .T. ) ;
#911 = ADVANCED_FACE ( 'NONE', ( #4683 ), #4738, .F. ) ;
#912 = DIRECTION ( 'NONE',  ( -0.5000000000018076651, -0.8660254037833949869, 0.000000000000000000 ) ) ;
#913 = CARTESIAN_POINT ( 'NONE',  ( 38.83276196662995972, 38.78852622601286981, 16.96933472047959768 ) ) ;
#914 = AXIS2_PLACEMENT_3D ( 'NONE', #1395, #2898, #1787 ) ;
#915 = ORIENTED_EDGE ( 'NONE', *, *, #2017, .T. ) ;
#916 = DIRECTION ( 'NONE',  ( 0.000000000000000000, -0.000000000000000000, 1.000000000000000000 ) ) ;
#917 = CIRCLE ( 'NONE', #752, 0.02009999999999934062 ) ;
#918 = LINE ( 'NONE', #3180, #4199 ) ;
#919 = DIRECTION ( 'NONE',  ( -0.000000000000000000, -0.000000000000000000, -1.000000000000000000 ) ) ;
#920 = AXIS2_PLACEMENT_3D ( 'NONE', #4095, #3420, #16 ) ;
#921 = CARTESIAN_POINT ( 'NONE',  ( 38.82958873113357612, 38.77937252229332188, 16.96933472047959768 ) ) ;
#922 = CARTESIAN_POINT ( 'NONE',  ( 38.83993343035454160, 38.78673199279841555, 16.95533472047959833 ) ) ;
#923 = AXIS2_PLACEMENT_3D ( 'NONE', #2750, #3098, #4270 ) ;
#924 = VERTEX_POINT ( 'NONE', #1632 ) ;
#925 = CYLINDRICAL_SURFACE ( 'NONE', #4082, 0.02935410264610283093 ) ;
#926 = EDGE_CURVE ( 'NONE', #4261, #2406, #1516, .T. ) ;
#927 = FACE_OUTER_BOUND ( 'NONE', #279, .T. ) ;
#928 = ORIENTED_EDGE ( 'NONE', *, *, #4589, .F. ) ;
#929 = VECTOR ( 'NONE', #1718, 1.000000000000000000 ) ;
#930 = PRODUCT_DEFINITION_SHAPE ( 'NONE', 'NONE',  #1685 ) ;
#931 = DIRECTION ( 'NONE',  ( 0.000000000000000000, 0.000000000000000000, -1.000000000000000000 ) ) ;
#932 = ORIENTED_EDGE ( 'NONE', *, *, #4499, .T. ) ;
#933 = AXIS2_PLACEMENT_3D ( 'NONE', #3461, #4234, #1214 ) ;
#934 = DIRECTION ( 'NONE',  ( 0.000000000000000000, 0.000000000000000000, -1.000000000000000000 ) ) ;
#935 = EDGE_CURVE ( 'NONE', #4807, #1407, #4301, .T. ) ;
#936 = ADVANCED_FACE ( 'NONE', ( #323 ), #2123, .T. ) ;
#937 = ORIENTED_EDGE ( 'NONE', *, *, #1744, .F. ) ;
#938 = DIRECTION ( 'NONE',  ( -1.000000000000000000, 0.000000000000000000, 0.000000000000000000 ) ) ;
#939 = AXIS2_PLACEMENT_3D ( 'NONE', #1341, #1452, #2956 ) ;
#940 = CARTESIAN_POINT ( 'NONE',  ( 38.79958866819702479, 38.82765067437842532, 16.99773472028886445 ) ) ;
#941 = DIRECTION ( 'NONE',  ( 0.000000000000000000, 0.000000000000000000, 1.000000000000000000 ) ) ;
#942 = ADVANCED_FACE ( 'NONE', ( #2907 ), #1800, .F. ) ;
#943 = ORIENTED_EDGE ( 'NONE', *, *, #2603, .F. ) ;
#944 = CARTESIAN_POINT ( 'NONE',  ( 38.82252877103719868, 38.82798277783685137, 17.00597007758346635 ) ) ;
#945 = DIRECTION ( 'NONE',  ( 0.4999999999959848784, -0.8660254037867568533, 0.000000000000000000 ) ) ;
#946 = CARTESIAN_POINT ( 'NONE',  ( 38.79111578999876286, 38.78576225941005617, 16.96933472047959768 ) ) ;
#947 = EDGE_CURVE ( 'NONE', #3444, #1571, #3585, .T. ) ;
#948 = ORIENTED_EDGE ( 'NONE', *, *, #4596, .T. ) ;
#949 = DIRECTION ( 'NONE',  ( -1.000000000000000000, 0.000000000000000000, 0.000000000000000000 ) ) ;
#950 = LINE ( 'NONE', #4260, #201 ) ;
#951 = LINE ( 'NONE', #4238, #3194 ) ;
#952 = DIRECTION ( 'NONE',  ( 0.000000000000000000, 0.000000000000000000, -1.000000000000000000 ) ) ;
#953 = CARTESIAN_POINT ( 'NONE',  ( 38.83886919764830736, 38.83886924945239372, 16.95533472047959833 ) ) ;
#954 = ORIENTED_EDGE ( 'NONE', *, *, #2669, .T. ) ;
#955 = AXIS2_PLACEMENT_3D ( 'NONE', #1605, #1239, #2689 ) ;
#956 = CARTESIAN_POINT ( 'NONE',  ( 38.79754873874584575, 38.82505093523274553, 17.00973472028886491 ) ) ;
#957 = VERTEX_POINT ( 'NONE', #1057 ) ;
#958 = CARTESIAN_POINT ( 'NONE',  ( 38.81588593523276387, 38.81588593523274255, 16.99773472028886445 ) ) ;
#959 = ORIENTED_EDGE ( 'NONE', *, *, #2970, .F. ) ;
#960 = ADVANCED_FACE ( 'NONE', ( #2466 ), #1776, .F. ) ;
#961 = DIRECTION ( 'NONE',  ( -0.000000000000000000, -0.000000000000000000, 1.000000000000000000 ) ) ;
#962 = DIRECTION ( 'NONE',  ( -1.000000000000000000, 0.000000000000000000, 0.000000000000000000 ) ) ;
#963 = ORIENTED_EDGE ( 'NONE', *, *, #4225, .T. ) ;
#964 = DIRECTION ( 'NONE',  ( -0.2588190451018285709, -0.9659258262892538305, 0.000000000000000000 ) ) ;
#965 = EDGE_CURVE ( 'NONE', #4414, #4114, #262, .T. ) ;
#966 = DIRECTION ( 'NONE',  ( -1.000000000000000000, 0.000000000000000000, 0.000000000000000000 ) ) ;
#967 = CARTESIAN_POINT ( 'NONE',  ( 38.84838921327944661, 38.81588597186377854, 16.96933472047959768 ) ) ;
#968 = ORIENTED_EDGE ( 'NONE', *, *, #3199, .F. ) ;
#969 = CARTESIAN_POINT ( 'NONE',  ( 38.83786314421558217, 38.79290267281719196, 16.95533472047959833 ) ) ;
#970 = EDGE_CURVE ( 'NONE', #1822, #1164, #2611, .T. ) ;
#971 = CARTESIAN_POINT ( 'NONE',  ( 38.84044906246072060, 38.86293051958434575, 17.00373472028886468 ) ) ;
#972 = CARTESIAN_POINT ( 'NONE',  ( 38.82329901491295487, 38.84716532739388128, 16.96933472047959768 ) ) ;
#973 = ORIENTED_EDGE ( 'NONE', *, *, #2670, .T. ) ;
#974 = CARTESIAN_POINT ( 'NONE',  ( 38.82428433289275915, 38.82683812318158090, 17.00234960005587226 ) ) ;
#975 = AXIS2_PLACEMENT_3D ( 'NONE', #4831, #3322, #2557 ) ;
#976 = FACE_OUTER_BOUND ( 'NONE', #4239, .T. ) ;
#977 = ORIENTED_EDGE ( 'NONE', *, *, #926, .F. ) ;
#978 = CARTESIAN_POINT ( 'NONE',  ( 38.78576225941007749, 38.84065608046674356, 16.96933472047959768 ) ) ;
#979 = UNCERTAINTY_MEASURE_WITH_UNIT (LENGTH_MEASURE( 1.000000000000000082E-05 ), #2751, 'distance_accuracy_value', 'NONE');
#980 = ORIENTED_EDGE ( 'NONE', *, *, #2195, .F. ) ;
#981 = CIRCLE ( 'NONE', #3733, 0.02935410264610490219 ) ;
#982 = LINE ( 'NONE', #287, #929 ) ;
#983 = VERTEX_POINT ( 'NONE', #2534 ) ;
#984 = AXIS2_PLACEMENT_3D ( 'NONE', #3211, #2075, #165 ) ;
#985 = DIRECTION ( 'NONE',  ( -0.000000000000000000, -0.000000000000000000, 1.000000000000000000 ) ) ;
#986 = CARTESIAN_POINT ( 'NONE',  ( 38.80756944520762630, 38.80487289202975631, 17.00224850965726731 ) ) ;
#987 = EDGE_CURVE ( 'NONE', #3473, #4807, #642, .T. ) ;
#988 = EDGE_LOOP ( 'NONE', ( #3691, #4372, #1439, #2142 ) ) ;
#989 = DIRECTION ( 'NONE',  ( 0.000000000000000000, -0.000000000000000000, -1.000000000000000000 ) ) ;
#990 = DIRECTION ( 'NONE',  ( -1.000000000000000000, 0.000000000000000000, 0.000000000000000000 ) ) ;
#991 = CARTESIAN_POINT ( 'NONE',  ( 38.85470173516301884, 38.81210048733872497, 16.96933472047959768 ) ) ;
#992 = CARTESIAN_POINT ( 'NONE',  ( 38.83574975562041942, 38.77967931206351437, 16.96933472047959768 ) ) ;
#993 = ADVANCED_FACE ( 'NONE', ( #2887 ), #4053, .F. ) ;
#994 = AXIS2_PLACEMENT_3D ( 'NONE', #643, #4434, #3658 ) ;
#995 = CYLINDRICAL_SURFACE ( 'NONE', #2490, 0.02935410264610283093 ) ;
#996 = DIRECTION ( 'NONE',  ( -1.000000000000000000, 0.000000000000000000, 0.000000000000000000 ) ) ;
#997 = EDGE_LOOP ( 'NONE', ( #2546, #528, #2844, #771, #1628, #3083, #1220, #1108, #2103, #585, #4634, #393, #3910, #362, #2364, #78 ) ) ;
#998 = CYLINDRICAL_SURFACE ( 'NONE', #3534, 0.03899994794847572166 ) ;
#999 = CIRCLE ( 'NONE', #1851, 0.02935410264610490219 ) ;
#1000 = ADVANCED_FACE ( 'NONE', ( #4814 ), #600, .T. ) ;
#1001 = DIRECTION ( 'NONE',  ( -0.000000000000000000, -0.000000000000000000, -1.000000000000000000 ) ) ;
#1002 = CIRCLE ( 'NONE', #4148, 0.02250000000000085265 ) ;
#1003 = CARTESIAN_POINT ( 'NONE',  ( 38.85239937284425338, 38.80218320507500351, 16.96933472047959768 ) ) ;
#1004 = CARTESIAN_POINT ( 'NONE',  ( 38.81091670863182941, 38.80301154105072925, 17.00446355284509536 ) ) ;
#1005 = CIRCLE ( 'NONE', #1629, 0.02935410264609947945 ) ;
#1006 = VERTEX_POINT ( 'NONE', #3981 ) ;
#1007 = DIRECTION ( 'NONE',  ( -0.000000000000000000, -0.000000000000000000, -1.000000000000000000 ) ) ;
#1008 = DIRECTION ( 'NONE',  ( -0.000000000000000000, 0.000000000000000000, 1.000000000000000000 ) ) ;
#1009 = CIRCLE ( 'NONE', #4648, 0.001006105236833839843 ) ;
#1010 = ORIENTED_EDGE ( 'NONE', *, *, #1436, .F. ) ;
#1011 = CARTESIAN_POINT ( 'NONE',  ( 38.82145891241037816, 38.82851103136334103, 17.00543049240256011 ) ) ;
#1012 = DIRECTION ( 'NONE',  ( -0.2588190451026144978, 0.9659258262890429991, 0.000000000000000000 ) ) ;
#1013 = CARTESIAN_POINT ( 'NONE',  ( 38.80167833491006490, 38.86890942149066319, 16.99773472028886445 ) ) ;
#1014 = ORIENTED_EDGE ( 'NONE', *, *, #2834, .F. ) ;
#1015 = CARTESIAN_POINT ( 'NONE',  ( 38.80671733698930836, 38.80000545724089989, 17.00373472028886468 ) ) ;
#1016 = EDGE_CURVE ( 'NONE', #1164, #3353, #3657, .T. ) ;
#1017 = DIRECTION ( 'NONE',  ( 0.8660254037844755670, 0.4999999999999360512, 0.000000000000000000 ) ) ;
#1018 = ORIENTED_EDGE ( 'NONE', *, *, #2549, .T. ) ;
#1019 = ORIENTED_EDGE ( 'NONE', *, *, #3280, .F. ) ;
#1020 = CARTESIAN_POINT ( 'NONE',  ( 38.81588593523276387, 38.81588593523274255, 16.96933472047959768 ) ) ;
#1021 = CARTESIAN_POINT ( 'NONE',  ( 38.82227567234949817, 38.85435887636755581, 16.96933472047959768 ) ) ;
#1022 = CARTESIAN_POINT ( 'NONE',  ( 38.80803110515333998, 38.80453883698382356, 17.00568652282219162 ) ) ;
#1023 = DIRECTION ( 'NONE',  ( -1.000000000000000000, 0.000000000000000000, 0.000000000000000000 ) ) ;
#1024 = ORIENTED_EDGE ( 'NONE', *, *, #4787, .F. ) ;
#1025 = AXIS2_PLACEMENT_3D ( 'NONE', #2049, #3560, #183 ) ;
#1026 = ADVANCED_FACE ( 'NONE', ( #3682 ), #2926, .T. ) ;
#1027 = FACE_OUTER_BOUND ( 'NONE', #2536, .T. ) ;
#1028 = CARTESIAN_POINT ( 'NONE',  ( 38.81081107825268361, 38.80305281030136655, 17.00273604841334318 ) ) ;
#1029 = EDGE_LOOP ( 'NONE', ( #2503, #2359, #1778, #876 ) ) ;
#1030 = CARTESIAN_POINT ( 'NONE',  ( 38.81588593523276387, 38.81588593523274255, 16.96233472047959978 ) ) ;
#1031 = DIRECTION ( 'NONE',  ( -0.000000000000000000, -0.000000000000000000, -1.000000000000000000 ) ) ;
#1032 = VERTEX_POINT ( 'NONE', #4856 ) ;
#1033 = ORIENTED_EDGE ( 'NONE', *, *, #1582, .F. ) ;
#1034 = DIRECTION ( 'NONE',  ( -0.8660254037843760910, -0.5000000000001085798, 0.000000000000000000 ) ) ;
#1035 = CARTESIAN_POINT ( 'NONE',  ( 38.83276196662995972, 38.78852622601286981, 16.96933472047959768 ) ) ;
#1036 = ORIENTED_EDGE ( 'NONE', *, *, #1753, .T. ) ;
#1037 = CYLINDRICAL_SURFACE ( 'NONE', #2577, 0.03600013749699115806 ) ;
#1038 = CIRCLE ( 'NONE', #3494, 0.03899994794847572166 ) ;
#1039 = EDGE_CURVE ( 'NONE', #1519, #4834, #4387, .T. ) ;
#1040 = AXIS2_PLACEMENT_3D ( 'NONE', #1281, #570, #2810 ) ;
#1041 = LINE ( 'NONE', #1021, #3731 ) ;
#1042 = VERTEX_POINT ( 'NONE', #3617 ) ;
#1043 = FACE_OUTER_BOUND ( 'NONE', #1817, .T. ) ;
#1044 = ORIENTED_EDGE ( 'NONE', *, *, #359, .F. ) ;
#1045 = EDGE_CURVE ( 'NONE', #2977, #4834, #3724, .T. ) ;
#1046 = AXIS2_PLACEMENT_3D ( 'NONE', #146, #3167, #4689 ) ;
#1047 = CIRCLE ( 'NONE', #197, 0.03899994794847572166 ) ;
#1048 = DIRECTION ( 'NONE',  ( -0.000000000000000000, -0.000000000000000000, -1.000000000000000000 ) ) ;
#1049 = CARTESIAN_POINT ( 'NONE',  ( 38.81101292179433671, 38.80297490959963369, 17.00343939810150218 ) ) ;
#1050 = CIRCLE ( 'NONE', #4052, 0.001006105236836115583 ) ;
#1051 = ADVANCED_FACE ( 'NONE', ( #1360 ), #995, .T. ) ;
#1052 = VERTEX_POINT ( 'NONE', #1890 ) ;
#1053 = AXIS2_PLACEMENT_3D ( 'NONE', #608, #4291, #1637 ) ;
#1054 = DIRECTION ( 'NONE',  ( 0.000000000000000000, -0.000000000000000000, 1.000000000000000000 ) ) ;
#1055 = CARTESIAN_POINT ( 'NONE',  ( 38.81588593523276387, 38.81588593523274255, 16.96933472047959768 ) ) ;
#1056 = ORIENTED_EDGE ( 'NONE', *, *, #1583, .T. ) ;
#1057 = CARTESIAN_POINT ( 'NONE',  ( 38.80062968425998804, 38.84418082511668047, 16.96933472047959768 ) ) ;
#1058 = CYLINDRICAL_SURFACE ( 'NONE', #2396, 0.03600013749699115806 ) ;
#1059 = ORIENTED_EDGE ( 'NONE', *, *, #4151, .T. ) ;
#1060 = ORIENTED_EDGE ( 'NONE', *, *, #4263, .F. ) ;
#1061 = VERTEX_POINT ( 'NONE', #20 ) ;
#1062 = VECTOR ( 'NONE', #3261, 1.000000000000000000 ) ;
#1063 = CARTESIAN_POINT ( 'NONE',  ( 38.79963432793282863, 38.78773725242253079, 16.96933472047959768 ) ) ;
#1064 = LINE ( 'NONE', #1003, #2930 ) ;
#1065 = STYLED_ITEM ( 'NONE', ( #2259 ), #2474 ) ;
#1066 = CARTESIAN_POINT ( 'NONE',  ( 38.78375371630959734, 38.81495071793764851, 16.96933472047959768 ) ) ;
#1067 = ORIENTED_EDGE ( 'NONE', *, *, #581, .F. ) ;
#1068 = DIRECTION ( 'NONE',  ( -1.000000000000000000, 0.000000000000000000, 0.000000000000000000 ) ) ;
#1069 = ORIENTED_EDGE ( 'NONE', *, *, #296, .T. ) ;
#1070 = CIRCLE ( 'NONE', #2806, 0.02935410264610328890 ) ;
#1071 = VECTOR ( 'NONE', #1613, 1.000000000000000000 ) ;
#1072 = DIRECTION ( 'NONE',  ( -0.4999999999959848784, 0.8660254037867568533, 0.000000000000000000 ) ) ;
#1073 = EDGE_CURVE ( 'NONE', #983, #3963, #1459, .T. ) ;
#1074 = EDGE_CURVE ( 'NONE', #4430, #3125, #4099, .T. ) ;
#1075 = LINE ( 'NONE', #1678, #1486 ) ;
#1076 = VERTEX_POINT ( 'NONE', #715 ) ;
#1077 = CIRCLE ( 'NONE', #1394, 0.02935410264610328890 ) ;
#1078 = DIRECTION ( 'NONE',  ( -1.000000000000000000, 0.000000000000000000, -0.000000000000000000 ) ) ;
#1079 = DIRECTION ( 'NONE',  ( -0.000000000000000000, -0.000000000000000000, -1.000000000000000000 ) ) ;
#1080 = EDGE_CURVE ( 'NONE', #4843, #1052, #2243, .T. ) ;
#1081 = ORIENTED_EDGE ( 'NONE', *, *, #3343, .F. ) ;
#1082 = CIRCLE ( 'NONE', #2338, 0.03600013749699115806 ) ;
#1083 = DIRECTION ( 'NONE',  ( 0.000000000000000000, 0.000000000000000000, -1.000000000000000000 ) ) ;
#1084 = CIRCLE ( 'NONE', #2339, 0.03899994794847572166 ) ;
#1085 = ADVANCED_FACE ( 'NONE', ( #4121, #1130 ), #1473, .T. ) ;
#1086 = CARTESIAN_POINT ( 'NONE',  ( 38.80218320507502483, 38.77937249762125305, 16.96933472047959768 ) ) ;
#1087 = VERTEX_POINT ( 'NONE', #4172 ) ;
#1088 = ORIENTED_EDGE ( 'NONE', *, *, #871, .F. ) ;
#1089 = DIRECTION ( 'NONE',  ( 0.7071067811854583329, 0.7071067811876368125, 0.000000000000000000 ) ) ;
#1090 = DIRECTION ( 'NONE',  ( -0.8660254037844398178, 0.4999999999999980016, 0.000000000000000000 ) ) ;
#1091 = AXIS2_PLACEMENT_3D ( 'NONE', #2701, #4571, #72 ) ;
#1092 = FACE_OUTER_BOUND ( 'NONE', #997, .T. ) ;
#1093 = VERTEX_POINT ( 'NONE', #1843 ) ;
#1094 = LINE ( 'NONE', #2221, #1115 ) ;
#1095 = DIRECTION ( 'NONE',  ( -0.000000000000000000, 0.000000000000000000, -1.000000000000000000 ) ) ;
#1096 = ORIENTED_EDGE ( 'NONE', *, *, #1424, .T. ) ;
#1097 = LINE ( 'NONE', #2269, #3757 ) ;
#1098 = AXIS2_PLACEMENT_3D ( 'NONE', #2875, #4352, #2428 ) ;
#1099 = CIRCLE ( 'NONE', #253, 0.001006105236834714794 ) ;
#1100 = CARTESIAN_POINT ( 'NONE',  ( 38.83213760597951136, 38.78773728905356677, 16.95533472047959833 ) ) ;
#1101 = ORIENTED_EDGE ( 'NONE', *, *, #2291, .T. ) ;
#1102 = ADVANCED_FACE ( 'NONE', ( #2686 ), #453, .T. ) ;
#1103 = DIRECTION ( 'NONE',  ( -0.000000000000000000, 0.000000000000000000, 1.000000000000000000 ) ) ;
#1104 = DIRECTION ( 'NONE',  ( -1.000000000000000000, 0.000000000000000000, 0.000000000000000000 ) ) ;
#1105 = ORIENTED_EDGE ( 'NONE', *, *, #2801, .T. ) ;
#1106 = DIRECTION ( 'NONE',  ( 0.000000000000000000, 0.000000000000000000, -1.000000000000000000 ) ) ;
#1107 = FILL_AREA_STYLE ('',( #2714 ) ) ;
#1108 = ORIENTED_EDGE ( 'NONE', *, *, #3391, .F. ) ;
#1109 = DIRECTION ( 'NONE',  ( -0.000000000000000000, -0.000000000000000000, -1.000000000000000000 ) ) ;
#1110 = EDGE_CURVE ( 'NONE', #3217, #3411, #3524, .T. ) ;
#1111 = LINE ( 'NONE', #1135, #2000 ) ;
#1112 = DIRECTION ( 'NONE',  ( -0.7071067811865474617, -0.7071067811865474617, 0.000000000000000000 ) ) ;
#1113 = ORIENTED_EDGE ( 'NONE', *, *, #46, .F. ) ;
#1114 = DIRECTION ( 'NONE',  ( -0.000000000000000000, -0.000000000000000000, -1.000000000000000000 ) ) ;
#1115 = VECTOR ( 'NONE', #3361, 1.000000000000000000 ) ;
#1116 = CARTESIAN_POINT ( 'NONE',  ( 38.81588593523276387, 38.81588593523274255, 16.96933472047959768 ) ) ;
#1117 = ORIENTED_EDGE ( 'NONE', *, *, #3199, .T. ) ;
#1118 = CIRCLE ( 'NONE', #3092, 0.03600013749698947191 ) ;
#1119 = CARTESIAN_POINT ( 'NONE',  ( 38.78576230400921077, 38.79111573576057026, 16.95533472047959833 ) ) ;
#1120 = VECTOR ( 'NONE', #2451, 1.000000000000000000 ) ;
#1121 = DIRECTION ( 'NONE',  ( -0.000000000000000000, -0.000000000000000000, 1.000000000000000000 ) ) ;
#1122 = VERTEX_POINT ( 'NONE', #2632 ) ;
#1123 = DIRECTION ( 'NONE',  ( -0.000000000000000000, -0.000000000000000000, -1.000000000000000000 ) ) ;
#1124 = DIRECTION ( 'NONE',  ( -0.000000000000000000, 0.000000000000000000, 1.000000000000000000 ) ) ;
#1125 = VERTEX_POINT ( 'NONE', #3056 ) ;
#1126 = CIRCLE ( 'NONE', #3807, 0.03600013749698843801 ) ;
#1127 = EDGE_CURVE ( 'NONE', #410, #4147, #2258, .T. ) ;
#1128 = ORIENTED_EDGE ( 'NONE', *, *, #1775, .F. ) ;
#1129 = AXIS2_PLACEMENT_3D ( 'NONE', #1314, #3861, #574 ) ;
#1130 = FACE_OUTER_BOUND ( 'NONE', #341, .T. ) ;
#1131 = DIRECTION ( 'NONE',  ( -1.000000000000000000, 0.000000000000000000, 0.000000000000000000 ) ) ;
#1132 = ORIENTED_EDGE ( 'NONE', *, *, #2736, .F. ) ;
#1133 = EDGE_CURVE ( 'NONE', #2920, #1143, #813, .T. ) ;
#1134 = LINE ( 'NONE', #4529, #694 ) ;
#1135 = CARTESIAN_POINT ( 'NONE',  ( 38.77707013530250890, 38.81967138312676013, 16.96933472047959768 ) ) ;
#1136 = EDGE_CURVE ( 'NONE', #4441, #907, #737, .T. ) ;
#1137 = CARTESIAN_POINT ( 'NONE',  ( 38.79394933902182885, 38.78511224309523442, 16.96933472047959768 ) ) ;
#1138 = AXIS2_PLACEMENT_3D ( 'NONE', #3684, #263, #2952 ) ;
#1139 = ORIENTED_EDGE ( 'NONE', *, *, #1290, .F. ) ;
#1140 = CIRCLE ( 'NONE', #604, 0.03600013749699115806 ) ;
#1141 = FACE_OUTER_BOUND ( 'NONE', #2150, .T. ) ;
#1142 = DIRECTION ( 'NONE',  ( 0.000000000000000000, -0.000000000000000000, -1.000000000000000000 ) ) ;
#1143 = VERTEX_POINT ( 'NONE', #3752 ) ;
#1144 = CARTESIAN_POINT ( 'NONE',  ( 38.80666615447552203, 38.84668122329932061, 16.95533472047959833 ) ) ;
#1145 = AXIS2_PLACEMENT_3D ( 'NONE', #2429, #3577, #2755 ) ;
#1146 = ORIENTED_EDGE ( 'NONE', *, *, #4286, .T. ) ;
#1147 = DIRECTION ( 'NONE',  ( 0.9659258262894446778, 0.2588190451011160298, 0.000000000000000000 ) ) ;
#1148 = EDGE_LOOP ( 'NONE', ( #264, #3052, #4883, #2911 ) ) ;
#1149 = CIRCLE ( 'NONE', #1463, 0.001006105236833839843 ) ;
#1150 = FACE_OUTER_BOUND ( 'NONE', #2510, .T. ) ;
#1151 = DIRECTION ( 'NONE',  ( -0.9659258262890654256, -0.2588190451025316197, 0.000000000000000000 ) ) ;
#1152 = ORIENTED_EDGE ( 'NONE', *, *, #4472, .F. ) ;
#1153 = AXIS2_PLACEMENT_3D ( 'NONE', #3862, #3806, #3911 ) ;
#1154 = ORIENTED_EDGE ( 'NONE', *, *, #164, .F. ) ;
#1155 = CARTESIAN_POINT ( 'NONE',  ( 38.81588593523276387, 38.81588593523274255, 16.95533472047959833 ) ) ;
#1156 = AXIS2_PLACEMENT_3D ( 'NONE', #3460, #4288, #484 ) ;
#1157 = DIRECTION ( 'NONE',  ( -0.9659258262890429991, 0.2588190451026144978, 0.000000000000000000 ) ) ;
#1158 = ORIENTED_EDGE ( 'NONE', *, *, #2425, .F. ) ;
#1159 = DIRECTION ( 'NONE',  ( 0.8660254037839354435, -0.5000000000008716361, 0.000000000000000000 ) ) ;
#1160 = CIRCLE ( 'NONE', #2965, 0.02935410264610490219 ) ;
#1161 = ADVANCED_FACE ( 'NONE', ( #2309 ), #3827, .F. ) ;
#1162 = DIRECTION ( 'NONE',  ( -0.8660254037844363761, -0.5000000000000041078, 0.000000000000000000 ) ) ;
#1163 = CARTESIAN_POINT ( 'NONE',  ( 38.82095987923140257, 38.82871941925556314, 17.00273814567819741 ) ) ;
#1164 = VERTEX_POINT ( 'NONE', #3350 ) ;
#1165 = LINE ( 'NONE', #4590, #2627 ) ;
#1166 = CARTESIAN_POINT ( 'NONE',  ( 38.84668122329934192, 38.82510571598998439, 16.95533472047959833 ) ) ;
#1167 = ORIENTED_EDGE ( 'NONE', *, *, #4130, .T. ) ;
#1168 = CARTESIAN_POINT ( 'NONE',  ( 38.81792586468395712, 38.79588971839469735, 17.00973472028886491 ) ) ;
#1169 = ORIENTED_EDGE ( 'NONE', *, *, #1489, .T. ) ;
#1170 = CARTESIAN_POINT ( 'NONE',  ( 38.82213470568844116, 38.77861413290326453, 16.96933472047959768 ) ) ;
#1171 = VERTEX_POINT ( 'NONE', #1943 ) ;
#1172 = EDGE_CURVE ( 'NONE', #2461, #2778, #399, .T. ) ;
#1173 = EDGE_CURVE ( 'NONE', #1951, #3812, #3530, .T. ) ;
#1174 = CARTESIAN_POINT ( 'NONE',  ( 38.82510571599000571, 38.78509064716615740, 16.96933472047959768 ) ) ;
#1175 = CIRCLE ( 'NONE', #4661, 0.001006105236834714794 ) ;
#1176 = CARTESIAN_POINT ( 'NONE',  ( 38.80847285555257287, 38.78460654307160382, 16.95533472047959833 ) ) ;
#1177 = VERTEX_POINT ( 'NONE', #4481 ) ;
#1178 = ORIENTED_EDGE ( 'NONE', *, *, #4775, .T. ) ;
#1179 = AXIS2_PLACEMENT_3D ( 'NONE', #1838, #242, #4309 ) ;
#1180 = DIRECTION ( 'NONE',  ( -0.000000000000000000, 0.000000000000000000, 1.000000000000000000 ) ) ;
#1181 = ORIENTED_EDGE ( 'NONE', *, *, #3141, .F. ) ;
#1182 = DIRECTION ( 'NONE',  ( -0.4999999999999919509, -0.8660254037844432595, 0.000000000000000000 ) ) ;
#1183 = DIRECTION ( 'NONE',  ( -1.000000000000000000, 0.000000000000000000, 0.000000000000000000 ) ) ;
#1184 = CARTESIAN_POINT ( 'NONE',  ( 38.82265598774007032, 38.82791209374360619, 17.00148481208025331 ) ) ;
#1185 = EDGE_CURVE ( 'NONE', #2673, #2293, #764, .T. ) ;
#1186 = DIRECTION ( 'NONE',  ( -1.000000000000000000, 0.000000000000000000, 0.000000000000000000 ) ) ;
#1187 = ORIENTED_EDGE ( 'NONE', *, *, #3912, .T. ) ;
#1188 = DIRECTION ( 'NONE',  ( 0.000000000000000000, 0.000000000000000000, -1.000000000000000000 ) ) ;
#1189 = DIRECTION ( 'NONE',  ( -0.000000000000000000, -0.000000000000000000, 1.000000000000000000 ) ) ;
#1190 = ORIENTED_EDGE ( 'NONE', *, *, #1959, .T. ) ;
#1191 = CARTESIAN_POINT ( 'NONE',  ( 38.81792586468395001, 38.83588215207078775, 16.99773472028886445 ) ) ;
#1192 = ADVANCED_FACE ( 'NONE', ( #789 ), #2279, .F. ) ;
#1193 = EDGE_LOOP ( 'NONE', ( #731, #192, #3537, #4164 ) ) ;
#1194 = LINE ( 'NONE', #4497, #1409 ) ;
#1195 = VERTEX_POINT ( 'NONE', #3879 ) ;
#1196 = CIRCLE ( 'NONE', #3254, 0.03899994794847572166 ) ;
#1197 = LINE ( 'NONE', #3446, #3487 ) ;
#1198 = DIRECTION ( 'NONE',  ( 0.4999999999959848784, -0.8660254037867568533, 0.000000000000000000 ) ) ;
#1199 = CARTESIAN_POINT ( 'NONE',  ( 38.82329908567867705, 38.78460656203321832, 16.95533472047959833 ) ) ;
#1200 = ORIENTED_EDGE ( 'NONE', *, *, #3599, .T. ) ;
#1201 = EDGE_CURVE ( 'NONE', #778, #2901, #522, .T. ) ;
#1202 = ORIENTED_EDGE ( 'NONE', *, *, #2405, .T. ) ;
#1203 = DIRECTION ( 'NONE',  ( 0.000000000000000000, 0.000000000000000000, 1.000000000000000000 ) ) ;
#1204 = DIRECTION ( 'NONE',  ( 0.000000000000000000, 0.000000000000000000, -1.000000000000000000 ) ) ;
#1205 = AXIS2_PLACEMENT_3D ( 'NONE', #3719, #710, #886 ) ;
#1206 = CARTESIAN_POINT ( 'NONE',  ( 38.79975613979437554, 38.85128864812273974, 16.96933472047959768 ) ) ;
#1207 = ORIENTED_EDGE ( 'NONE', *, *, #3107, .F. ) ;
#1208 = AXIS2_PLACEMENT_3D ( 'NONE', #2610, #4152, #1183 ) ;
#1209 = DIRECTION ( 'NONE',  ( 0.000000000000000000, 0.000000000000000000, -1.000000000000000000 ) ) ;
#1210 = CARTESIAN_POINT ( 'NONE',  ( 38.79602211484510832, 38.85209255840197073, 16.96933472047959768 ) ) ;
#1211 = VECTOR ( 'NONE', #302, 1.000000000000000000 ) ;
#1212 = ORIENTED_EDGE ( 'NONE', *, *, #3309, .T. ) ;
#1213 = CARTESIAN_POINT ( 'NONE',  ( 38.81588593523276387, 38.81588593523274255, 16.95533472047959833 ) ) ;
#1214 = DIRECTION ( 'NONE',  ( -1.000000000000000000, 2.904709073180684017E-12, 0.000000000000000000 ) ) ;
#1215 = ORIENTED_EDGE ( 'NONE', *, *, #2772, .F. ) ;
#1216 = DIRECTION ( 'NONE',  ( -0.000000000000000000, -0.000000000000000000, -1.000000000000000000 ) ) ;
#1217 = DIRECTION ( 'NONE',  ( -0.000000000000000000, -0.000000000000000000, -1.000000000000000000 ) ) ;
#1218 = EDGE_LOOP ( 'NONE', ( #1993, #4038, #178, #2524, #842, #1955, #1504, #1385, #3841, #2278, #4575, #1814, #808, #1803, #4251, #895 ) ) ;
#1219 = LINE ( 'NONE', #1273, #2025 ) ;
#1220 = ORIENTED_EDGE ( 'NONE', *, *, #4033, .F. ) ;
#1221 = AXIS2_PLACEMENT_3D ( 'NONE', #2135, #1694, #270 ) ;
#1222 = CIRCLE ( 'NONE', #3990, 0.001006105236833839843 ) ;
#1223 = EDGE_LOOP ( 'NONE', ( #4641, #4275, #2201, #3823 ) ) ;
#1224 = DIRECTION ( 'NONE',  ( -1.000000000000000000, 0.000000000000000000, 0.000000000000000000 ) ) ;
#1225 = EDGE_CURVE ( 'NONE', #2747, #2421, #3111, .T. ) ;
#1226 = EDGE_CURVE ( 'NONE', #1501, #1612, #3762, .T. ) ;
#1227 = CARTESIAN_POINT ( 'NONE',  ( 38.79738593523275370, 38.81588593523274255, 16.96283472047959862 ) ) ;
#1228 = DIRECTION ( 'NONE',  ( 0.7071067811865474617, -0.7071067811865474617, 0.000000000000000000 ) ) ;
#1229 = ORIENTED_EDGE ( 'NONE', *, *, #3769, .T. ) ;
#1230 = ORIENTED_EDGE ( 'NONE', *, *, #353, .T. ) ;
#1231 = CIRCLE ( 'NONE', #607, 0.02009999999999934062 ) ;
#1232 = DIRECTION ( 'NONE',  ( 0.000000000000000000, 0.000000000000000000, -1.000000000000000000 ) ) ;
#1233 = EDGE_CURVE ( 'NONE', #4740, #507, #3003, .T. ) ;
#1234 = CARTESIAN_POINT ( 'NONE',  ( 38.79878021416362088, 38.80458795724088361, 17.00973472028886491 ) ) ;
#1235 = DIRECTION ( 'NONE',  ( 0.000000000000000000, 0.000000000000000000, -1.000000000000000000 ) ) ;
#1236 = ORIENTED_EDGE ( 'NONE', *, *, #2308, .F. ) ;
#1237 = CIRCLE ( 'NONE', #3127, 0.03899994794847572166 ) ;
#1238 = VERTEX_POINT ( 'NONE', #3081 ) ;
#1239 = DIRECTION ( 'NONE',  ( -0.000000000000000000, -0.000000000000000000, 1.000000000000000000 ) ) ;
#1240 = EDGE_CURVE ( 'NONE', #1961, #3884, #1898, .T. ) ;
#1241 = VECTOR ( 'NONE', #820, 1.000000000000000000 ) ;
#1242 = CARTESIAN_POINT ( 'NONE',  ( 38.78773728905358809, 38.79963426448600217, 16.96933472047959768 ) ) ;
#1243 = ORIENTED_EDGE ( 'NONE', *, *, #1045, .F. ) ;
#1244 = CARTESIAN_POINT ( 'NONE',  ( 38.82958866539050291, 38.85239937284423206, 16.96933472047959768 ) ) ;
#1245 = AXIS2_PLACEMENT_3D ( 'NONE', #1710, #4741, #3214 ) ;
#1246 = FACE_OUTER_BOUND ( 'NONE', #1249, .T. ) ;
#1247 = ORIENTED_EDGE ( 'NONE', *, *, #2017, .F. ) ;
#1248 = DIRECTION ( 'NONE',  ( -0.000000000000000000, 0.000000000000000000, -1.000000000000000000 ) ) ;
#1249 = EDGE_LOOP ( 'NONE', ( #2847, #4316, #3058, #860 ) ) ;
#1250 = CARTESIAN_POINT ( 'NONE',  ( 38.78037774247793834, 38.79975632930853635, 16.95533472047959833 ) ) ;
#1251 = VERTEX_POINT ( 'NONE', #2759 ) ;
#1252 = CARTESIAN_POINT ( 'NONE',  ( 38.81588593523276387, 38.81588593523274255, 16.96933472047959768 ) ) ;
#1253 = DIRECTION ( 'NONE',  ( -1.000000000000000000, 0.000000000000000000, 0.000000000000000000 ) ) ;
#1254 = LINE ( 'NONE', #913, #2174 ) ;
#1255 = ORIENTED_EDGE ( 'NONE', *, *, #2555, .T. ) ;
#1256 = ADVANCED_FACE ( 'NONE', ( #4706 ), #180, .T. ) ;
#1257 = VERTEX_POINT ( 'NONE', #1653 ) ;
#1258 = CARTESIAN_POINT ( 'NONE',  ( 38.78150143957277862, 38.80020343417888995, 16.96933472047959768 ) ) ;
#1259 = CARTESIAN_POINT ( 'NONE',  ( 38.78058005057622637, 38.83730988048871779, 16.96933472047959768 ) ) ;
#1260 = LINE ( 'NONE', #1627, #2317 ) ;
#1261 = ORIENTED_EDGE ( 'NONE', *, *, #897, .T. ) ;
#1262 = AXIS2_PLACEMENT_3D ( 'NONE', #2097, #1703, #2462 ) ;
#1263 = DIRECTION ( 'NONE',  ( 0.8660254037844432595, -0.4999999999999919509, 0.000000000000000000 ) ) ;
#1264 = EDGE_CURVE ( 'NONE', #450, #1251, #1825, .T. ) ;
#1265 = DIRECTION ( 'NONE',  ( -1.000000000000000000, 0.000000000000000000, 0.000000000000000000 ) ) ;
#1266 = EDGE_LOOP ( 'NONE', ( #1597, #2796, #2862, #1581 ) ) ;
#1267 = DIRECTION ( 'NONE',  ( 0.000000000000000000, 0.000000000000000000, -1.000000000000000000 ) ) ;
#1268 = EDGE_CURVE ( 'NONE', #754, #4430, #2533, .T. ) ;
#1269 = CARTESIAN_POINT ( 'NONE',  ( 38.78449018900923306, 38.80747343246313363, 16.96933472047959768 ) ) ;
#1270 = ORIENTED_EDGE ( 'NONE', *, *, #635, .F. ) ;
#1271 = DIRECTION ( 'NONE',  ( -0.000000000000000000, -0.000000000000000000, 1.000000000000000000 ) ) ;
#1272 = ORIENTED_EDGE ( 'NONE', *, *, #1714, .F. ) ;
#1273 = CARTESIAN_POINT ( 'NONE',  ( 38.85470172834718738, 38.81967145301528888, 16.96933472047959768 ) ) ;
#1274 = ORIENTED_EDGE ( 'NONE', *, *, #1482, .T. ) ;
#1275 = CARTESIAN_POINT ( 'NONE',  ( 38.81588593523276387, 38.81588593523274255, 17.00973472028886491 ) ) ;
#1276 = FACE_OUTER_BOUND ( 'NONE', #4308, .T. ) ;
#1277 = FACE_OUTER_BOUND ( 'NONE', #3729, .T. ) ;
#1278 = AXIS2_PLACEMENT_3D ( 'NONE', #1331, #2836, #964 ) ;
#1279 = ORIENTED_EDGE ( 'NONE', *, *, #1382, .T. ) ;
#1280 = CYLINDRICAL_SURFACE ( 'NONE', #3049, 0.001006105236832866012 ) ;
#1281 = CARTESIAN_POINT ( 'NONE',  ( 38.78058005057622637, 38.83730988048871779, 16.95533472047959833 ) ) ;
#1282 = ADVANCED_FACE ( 'NONE', ( #4255 ), #476, .T. ) ;
#1283 = DIRECTION ( 'NONE',  ( 0.000000000000000000, 0.000000000000000000, -1.000000000000000000 ) ) ;
#1284 = ORIENTED_EDGE ( 'NONE', *, *, #935, .F. ) ;
#1285 = ORIENTED_EDGE ( 'NONE', *, *, #1649, .F. ) ;
#1286 = FACE_OUTER_BOUND ( 'NONE', #387, .T. ) ;
#1287 = CIRCLE ( 'NONE', #4779, 0.01380000000000336513 ) ;
#1288 = DIRECTION ( 'NONE',  ( 0.7071067811870409558, 0.7071067811860540786, 0.000000000000000000 ) ) ;
#1289 = EDGE_CURVE ( 'NONE', #4627, #4843, #647, .T. ) ;
#1290 = EDGE_CURVE ( 'NONE', #4740, #4297, #2022, .T. ) ;
#1291 = CARTESIAN_POINT ( 'NONE',  ( 38.83794559844076133, 38.79250377865046318, 16.96933472047959768 ) ) ;
#1292 = DIRECTION ( 'NONE',  ( -1.000000000000000000, 0.000000000000000000, 0.000000000000000000 ) ) ;
#1293 = EDGE_LOOP ( 'NONE', ( #1363, #4408, #3162, #3296 ) ) ;
#1294 = CIRCLE ( 'NONE', #2155, 0.03899994794847572166 ) ;
#1295 = VECTOR ( 'NONE', #3964, 1.000000000000000000 ) ;
#1296 = DIRECTION ( 'NONE',  ( -0.000000000000000000, -0.000000000000000000, -1.000000000000000000 ) ) ;
#1297 = EDGE_CURVE ( 'NONE', #18, #3125, #4608, .T. ) ;
#1298 = ORIENTED_EDGE ( 'NONE', *, *, #3422, .F. ) ;
#1299 = LINE ( 'NONE', #4321, #1784 ) ;
#1300 = ORIENTED_EDGE ( 'NONE', *, *, #4479, .F. ) ;
#1301 = CYLINDRICAL_SURFACE ( 'NONE', #4742, 0.01380000000000336513 ) ;
#1302 = EDGE_CURVE ( 'NONE', #2012, #3704, #1196, .T. ) ;
#1303 = CARTESIAN_POINT ( 'NONE',  ( 38.85717370087639466, 38.81498519672004477, 16.96933472047959768 ) ) ;
#1304 = LINE ( 'NONE', #3105, #2407 ) ;
#1305 = AXIS2_PLACEMENT_3D ( 'NONE', #1116, #749, #1068 ) ;
#1306 = AXIS2_PLACEMENT_3D ( 'NONE', #3338, #1810, #3313 ) ;
#1307 = ORIENTED_EDGE ( 'NONE', *, *, #2343, .F. ) ;
#1308 = DIRECTION ( 'NONE',  ( -0.8660254037867568533, 0.4999999999959848784, 0.000000000000000000 ) ) ;
#1309 = CIRCLE ( 'NONE', #833, 0.02935410264610328890 ) ;
#1310 = CARTESIAN_POINT ( 'NONE',  ( 38.78773728905358809, 38.79963426448600217, 16.96933472047959768 ) ) ;
#1311 = DIRECTION ( 'NONE',  ( -1.000000000000000000, 0.000000000000000000, 0.000000000000000000 ) ) ;
#1312 = AXIS2_PLACEMENT_3D ( 'NONE', #1511, #711, #4876 ) ;
#1313 = CARTESIAN_POINT ( 'NONE',  ( 38.83688593523276467, 38.81588593523274255, 16.95533472047959833 ) ) ;
#1314 = CARTESIAN_POINT ( 'NONE',  ( 38.81588593523276387, 38.81588593523274255, 16.96933472047959768 ) ) ;
#1315 = AXIS2_PLACEMENT_3D ( 'NONE', #2919, #1008, #3999 ) ;
#1316 = DIRECTION ( 'NONE',  ( -1.000000000000000000, 0.000000000000000000, 0.000000000000000000 ) ) ;
#1317 = ORIENTED_EDGE ( 'NONE', *, *, #2684, .T. ) ;
#1318 = DIRECTION ( 'NONE',  ( -1.000000000000000000, 0.000000000000000000, 0.000000000000000000 ) ) ;
#1319 = DIRECTION ( 'NONE',  ( -0.000000000000000000, 0.000000000000000000, -1.000000000000000000 ) ) ;
#1320 = ORIENTED_EDGE ( 'NONE', *, *, #3055, .F. ) ;
#1321 = CIRCLE ( 'NONE', #295, 0.03899994794847572166 ) ;
#1322 = EDGE_CURVE ( 'NONE', #1257, #1407, #918, .T. ) ;
#1323 = DIRECTION ( 'NONE',  ( -0.8660254037844614672, 0.4999999999999605871, 0.000000000000000000 ) ) ;
#1324 = ORIENTED_EDGE ( 'NONE', *, *, #800, .F. ) ;
#1325 = CARTESIAN_POINT ( 'NONE',  ( 38.80606992174660519, 38.85599998265943356, 16.96933472047959768 ) ) ;
#1326 = ORIENTED_EDGE ( 'NONE', *, *, #99, .F. ) ;
#1327 = DIRECTION ( 'NONE',  ( 0.000000000000000000, -0.000000000000000000, -1.000000000000000000 ) ) ;
#1328 = CARTESIAN_POINT ( 'NONE',  ( 38.81102682208494059, 38.80296970438097048, 17.00358578938147147 ) ) ;
#1329 = ADVANCED_FACE ( 'NONE', ( #1574 ), #1972, .F. ) ;
#1330 = ORIENTED_EDGE ( 'NONE', *, *, #4217, .F. ) ;
#1331 = CARTESIAN_POINT ( 'NONE',  ( 38.78605415785570898, 38.78732799447648461, 16.96933472047959768 ) ) ;
#1332 = DIRECTION ( 'NONE',  ( -1.000000000000000000, 0.000000000000000000, 0.000000000000000000 ) ) ;
#1333 = AXIS2_PLACEMENT_3D ( 'NONE', #1904, #2227, #1147 ) ;
#1334 = LINE ( 'NONE', #3955, #2092 ) ;
#1335 = DIRECTION ( 'NONE',  ( -0.000000000000000000, -0.000000000000000000, -1.000000000000000000 ) ) ;
#1336 = DIRECTION ( 'NONE',  ( -0.000000000000000000, 0.000000000000000000, -1.000000000000000000 ) ) ;
#1337 = CARTESIAN_POINT ( 'NONE',  ( 38.84403458141194676, 38.83213760597948294, 16.96933472047959768 ) ) ;
#1338 = AXIS2_PLACEMENT_3D ( 'NONE', #2175, #352, #2588 ) ;
#1339 = ORIENTED_EDGE ( 'NONE', *, *, #845, .T. ) ;
#1340 = CARTESIAN_POINT ( 'NONE',  ( 38.82464216269762858, 38.82655216608453230, 17.00358582646280681 ) ) ;
#1341 = CARTESIAN_POINT ( 'NONE',  ( 38.77623814436955030, 38.82744204190318982, 16.96933472047959768 ) ) ;
#1342 = ORIENTED_EDGE ( 'NONE', *, *, #4380, .F. ) ;
#1343 = DIRECTION ( 'NONE',  ( -1.000000000000000000, 0.000000000000000000, 0.000000000000000000 ) ) ;
#1344 = ORIENTED_EDGE ( 'NONE', *, *, #2944, .T. ) ;
#1345 = ORIENTED_EDGE ( 'NONE', *, *, #2608, .T. ) ;
#1346 = DIRECTION ( 'NONE',  ( -1.000000000000000000, 0.000000000000000000, 0.000000000000000000 ) ) ;
#1347 = ADVANCED_FACE ( 'NONE', ( #2069 ), #3582, .T. ) ;
#1348 = ORIENTED_EDGE ( 'NONE', *, *, #1891, .T. ) ;
#1349 = DIRECTION ( 'NONE',  ( 1.000000000000000000, -0.000000000000000000, 0.000000000000000000 ) ) ;
#1350 = ORIENTED_EDGE ( 'NONE', *, *, #723, .F. ) ;
#1351 = CARTESIAN_POINT ( 'NONE',  ( 38.80924177047746326, 38.80378981163516983, 17.00149910326295455 ) ) ;
#1352 = EDGE_CURVE ( 'NONE', #2406, #4261, #3572, .T. ) ;
#1353 = ORIENTED_EDGE ( 'NONE', *, *, #1657, .F. ) ;
#1354 = VERTEX_POINT ( 'NONE', #4631 ) ;
#1355 = DIRECTION ( 'NONE',  ( 0.000000000000000000, -0.000000000000000000, -1.000000000000000000 ) ) ;
#1356 = FACE_OUTER_BOUND ( 'NONE', #3128, .T. ) ;
#1357 = ADVANCED_FACE ( 'NONE', ( #1751 ), #4805, .F. ) ;
#1358 = LINE ( 'NONE', #991, #365 ) ;
#1359 = CARTESIAN_POINT ( 'NONE',  ( 38.84600961105545025, 38.79111578999874155, 16.95533472047959833 ) ) ;
#1360 = FACE_OUTER_BOUND ( 'NONE', #3660, .T. ) ;
#1361 = AXIS2_PLACEMENT_3D ( 'NONE', #2459, #1727, #1377 ) ;
#1362 = LINE ( 'NONE', #281, #3748 ) ;
#1363 = ORIENTED_EDGE ( 'NONE', *, *, #3584, .T. ) ;
#1364 = CARTESIAN_POINT ( 'NONE',  ( 38.81588593523276387, 38.81588593523274255, 16.96933472047959768 ) ) ;
#1365 = CARTESIAN_POINT ( 'NONE',  ( 38.78852618938185515, 38.83276190318312615, 16.95533472047959833 ) ) ;
#1366 = CARTESIAN_POINT ( 'NONE',  ( 38.79958866819702479, 38.80412119608707400, 17.00973472028886491 ) ) ;
#1367 = AXIS2_PLACEMENT_3D ( 'NONE', #2499, #630, #1432 ) ;
#1368 = CIRCLE ( 'NONE', #1997, 0.03600013749699044335 ) ;
#1369 = DIRECTION ( 'NONE',  ( -0.000000000000000000, -0.000000000000000000, -1.000000000000000000 ) ) ;
#1370 = ORIENTED_EDGE ( 'NONE', *, *, #2994, .T. ) ;
#1371 = AXIS2_PLACEMENT_3D ( 'NONE', #1498, #3758, #1895 ) ;
#1372 = CARTESIAN_POINT ( 'NONE',  ( 38.83688593523276467, 38.81588593523274255, 16.96233472047959978 ) ) ;
#1373 = CARTESIAN_POINT ( 'NONE',  ( 38.82510564522428353, 38.84668124226093511, 16.96933472047959768 ) ) ;
#1374 = ORIENTED_EDGE ( 'NONE', *, *, #768, .T. ) ;
#1375 = EDGE_CURVE ( 'NONE', #427, #1571, #3801, .T. ) ;
#1376 = CARTESIAN_POINT ( 'NONE',  ( 38.84728168145630178, 38.82429843800235147, 16.96933472047959768 ) ) ;
#1377 = DIRECTION ( 'NONE',  ( -1.000000000000000000, 0.000000000000000000, 0.000000000000000000 ) ) ;
#1378 = AXIS2_PLACEMENT_3D ( 'NONE', #4617, #1217, #1316 ) ;
#1379 = LINE ( 'NONE', #278, #3120 ) ;
#1380 = ORIENTED_EDGE ( 'NONE', *, *, #2980, .F. ) ;
#1381 = AXIS2_PLACEMENT_3D ( 'NONE', #1474, #400, #1518 ) ;
#1382 = EDGE_CURVE ( 'NONE', #2700, #3435, #1592, .T. ) ;
#1383 = DIRECTION ( 'NONE',  ( -0.000000000000000000, -0.000000000000000000, -1.000000000000000000 ) ) ;
#1384 = DIRECTION ( 'NONE',  ( -0.000000000000000000, 0.000000000000000000, -1.000000000000000000 ) ) ;
#1385 = ORIENTED_EDGE ( 'NONE', *, *, #4902, .F. ) ;
#1386 = CARTESIAN_POINT ( 'NONE',  ( 38.83886924945241503, 38.79290267281719196, 16.96933472047959768 ) ) ;
#1387 = EDGE_CURVE ( 'NONE', #2012, #3997, #2067, .T. ) ;
#1388 = CIRCLE ( 'NONE', #4638, 0.03600013749698897231 ) ;
#1389 = CYLINDRICAL_SURFACE ( 'NONE', #2868, 0.03899994794847572166 ) ;
#1390 = ORIENTED_EDGE ( 'NONE', *, *, #1804, .T. ) ;
#1391 = CARTESIAN_POINT ( 'NONE',  ( 38.80848547790377978, 38.80423716098251674, 17.00591239361893869 ) ) ;
#1392 = CIRCLE ( 'NONE', #684, 0.03899994794847572166 ) ;
#1393 = EDGE_LOOP ( 'NONE', ( #758, #156, #448, #3166 ) ) ;
#1394 = AXIS2_PLACEMENT_3D ( 'NONE', #4464, #2197, #331 ) ;
#1395 = CARTESIAN_POINT ( 'NONE',  ( 38.82911024244047837, 38.85128864812273974, 16.96933472047959768 ) ) ;
#1396 = DIRECTION ( 'NONE',  ( -1.000000000000000000, 0.000000000000000000, 0.000000000000000000 ) ) ;
#1397 = CIRCLE ( 'NONE', #4813, 0.02100000000000079581 ) ;
#1398 = ORIENTED_EDGE ( 'NONE', *, *, #947, .T. ) ;
#1399 = CARTESIAN_POINT ( 'NONE',  ( 38.79963426448602348, 38.84403458141191834, 16.95533472047959833 ) ) ;
#1400 = CARTESIAN_POINT ( 'NONE',  ( 38.81588597186379985, 38.78338265718605271, 16.96933472047959768 ) ) ;
#1401 = ORIENTED_EDGE ( 'NONE', *, *, #3433, .T. ) ;
#1402 = VERTEX_POINT ( 'NONE', #4784 ) ;
#1403 = EDGE_CURVE ( 'NONE', #3041, #778, #276, .T. ) ;
#1404 = ORIENTED_EDGE ( 'NONE', *, *, #2331, .F. ) ;
#1405 = DIRECTION ( 'NONE',  ( -1.000000000000000000, 0.000000000000000000, 0.000000000000000000 ) ) ;
#1406 = DIRECTION ( 'NONE',  ( -0.000000000000000000, -0.000000000000000000, 1.000000000000000000 ) ) ;
#1407 = VERTEX_POINT ( 'NONE', #3634 ) ;
#1408 = EDGE_CURVE ( 'NONE', #2126, #349, #1118, .T. ) ;
#1409 = VECTOR ( 'NONE', #1121, 1.000000000000000000 ) ;
#1410 = CARTESIAN_POINT ( 'NONE',  ( 38.80847278478685070, 38.84716530843225968, 16.95533472047959833 ) ) ;
#1411 = FACE_OUTER_BOUND ( 'NONE', #469, .T. ) ;
#1412 = EDGE_CURVE ( 'NONE', #3884, #2920, #2214, .T. ) ;
#1413 = EDGE_LOOP ( 'NONE', ( #4365, #1738, #4086, #836 ) ) ;
#1414 = CARTESIAN_POINT ( 'NONE',  ( 38.81095787708326839, 38.80299581848382928, 17.00432132837337207 ) ) ;
#1415 = VERTEX_POINT ( 'NONE', #4070 ) ;
#1416 = AXIS2_PLACEMENT_3D ( 'NONE', #3005, #896, #4229 ) ;
#1417 = CARTESIAN_POINT ( 'NONE',  ( 38.78338265718608113, 38.81588589860170657, 16.96933472047959768 ) ) ;
#1418 = ORIENTED_EDGE ( 'NONE', *, *, #60, .T. ) ;
#1419 = CARTESIAN_POINT ( 'NONE',  ( 38.81588593523276387, 38.81588593523274255, 17.00973472028886491 ) ) ;
#1420 = VERTEX_POINT ( 'NONE', #4758 ) ;
#1421 = LINE ( 'NONE', #4025, #4773 ) ;
#1422 = DIRECTION ( 'NONE',  ( 0.000000000000000000, 0.000000000000000000, 1.000000000000000000 ) ) ;
#1423 = ORIENTED_EDGE ( 'NONE', *, *, #3528, .F. ) ;
#1424 = EDGE_CURVE ( 'NONE', #3818, #1195, #1421, .T. ) ;
#1425 = CARTESIAN_POINT ( 'NONE',  ( 38.78338265718608113, 38.81588589860170657, 16.96933472047959768 ) ) ;
#1426 = CARTESIAN_POINT ( 'NONE',  ( 38.84838921327944661, 38.81588597186377854, 16.95533472047959833 ) ) ;
#1427 = ORIENTED_EDGE ( 'NONE', *, *, #4380, .T. ) ;
#1428 = EDGE_LOOP ( 'NONE', ( #4687, #4378, #486, #4671 ) ) ;
#1429 = DIRECTION ( 'NONE',  ( -1.000000000000000000, 0.000000000000000000, 0.000000000000000000 ) ) ;
#1430 = EDGE_CURVE ( 'NONE', #3435, #2700, #2609, .T. ) ;
#1431 = EDGE_CURVE ( 'NONE', #3812, #2351, #2529, .T. ) ;
#1432 = DIRECTION ( 'NONE',  ( -0.5000000000000101030, 0.8660254037844328234, 0.000000000000000000 ) ) ;
#1433 = DIRECTION ( 'NONE',  ( -0.000000000000000000, -0.000000000000000000, -1.000000000000000000 ) ) ;
#1434 = ORIENTED_EDGE ( 'NONE', *, *, #4292, .T. ) ;
#1435 = CIRCLE ( 'NONE', #2463, 0.03600013749698897231 ) ;
#1436 = EDGE_CURVE ( 'NONE', #3850, #2131, #4294, .T. ) ;
#1437 = VECTOR ( 'NONE', #4624, 1.000000000000000000 ) ;
#1438 = LINE ( 'NONE', #4364, #3117 ) ;
#1439 = ORIENTED_EDGE ( 'NONE', *, *, #4438, .F. ) ;
#1440 = DIRECTION ( 'NONE',  ( 0.000000000000000000, 0.000000000000000000, -1.000000000000000000 ) ) ;
#1441 = DIRECTION ( 'NONE',  ( 0.4999999999999360512, -0.8660254037844755670, 0.000000000000000000 ) ) ;
#1442 = ORIENTED_EDGE ( 'NONE', *, *, #871, .T. ) ;
#1443 = EDGE_CURVE ( 'NONE', #2697, #1958, #584, .T. ) ;
#1444 = DIRECTION ( 'NONE',  ( -0.8660254037867568533, 0.4999999999959848784, 0.000000000000000000 ) ) ;
#1445 = CYLINDRICAL_SURFACE ( 'NONE', #4232, 0.03899994794847572166 ) ;
#1446 = ORIENTED_EDGE ( 'NONE', *, *, #3701, .F. ) ;
#1447 = CARTESIAN_POINT ( 'NONE',  ( 38.82510571599000571, 38.78509064716615740, 16.96933472047959768 ) ) ;
#1448 = CARTESIAN_POINT ( 'NONE',  ( 38.85027043089274912, 38.83156843628659516, 16.95533472047959833 ) ) ;
#1449 = ORIENTED_EDGE ( 'NONE', *, *, #2251, .T. ) ;
#1450 = ORIENTED_EDGE ( 'NONE', *, *, #190, .T. ) ;
#1451 = AXIS2_PLACEMENT_3D ( 'NONE', #1337, #93, #2843 ) ;
#1452 = DIRECTION ( 'NONE',  ( -0.000000000000000000, -0.000000000000000000, 1.000000000000000000 ) ) ;
#1453 = CYLINDRICAL_SURFACE ( 'NONE', #1995, 0.001006105236832866012 ) ;
#1454 = CIRCLE ( 'NONE', #3517, 0.03600013749698947191 ) ;
#1455 = DIRECTION ( 'NONE',  ( -0.000000000000000000, 0.000000000000000000, 1.000000000000000000 ) ) ;
#1456 = ADVANCED_FACE ( 'NONE', ( #3675 ), #4428, .F. ) ;
#1457 = ORIENTED_EDGE ( 'NONE', *, *, #3141, .T. ) ;
#1458 = CIRCLE ( 'NONE', #2726, 0.001006105236833839843 ) ;
#1459 = CIRCLE ( 'NONE', #4402, 0.03899994794847572166 ) ;
#1460 = CARTESIAN_POINT ( 'NONE',  ( 38.84728170041791628, 38.80747350322886291, 16.95533472047959833 ) ) ;
#1461 = CARTESIAN_POINT ( 'NONE',  ( 38.80020343417891127, 38.85027043089272780, 16.96933472047959768 ) ) ;
#1462 = EDGE_LOOP ( 'NONE', ( #4257, #108, #980, #3418 ) ) ;
#1463 = AXIS2_PLACEMENT_3D ( 'NONE', #2136, #3648, #2900 ) ;
#1464 = DIRECTION ( 'NONE',  ( -1.000000000000000000, 0.000000000000000000, 0.000000000000000000 ) ) ;
#1465 = CARTESIAN_POINT ( 'NONE',  ( 38.85027043089274912, 38.83156843628659516, 16.96933472047959768 ) ) ;
#1466 = VERTEX_POINT ( 'NONE', #4451 ) ;
#1467 = VECTOR ( 'NONE', #2567, 1.000000000000000000 ) ;
#1468 = DIRECTION ( 'NONE',  ( -0.000000000000000000, -0.000000000000000000, 1.000000000000000000 ) ) ;
#1469 = DIRECTION ( 'NONE',  ( 0.8660254037839354435, -0.5000000000008716361, 0.000000000000000000 ) ) ;
#1470 = ORIENTED_EDGE ( 'NONE', *, *, #807, .T. ) ;
#1471 = ADVANCED_FACE ( 'NONE', ( #1356 ), #297, .T. ) ;
#1472 = CIRCLE ( 'NONE', #3445, 0.03600013749698843801 ) ;
#1473 = PLANE ( 'NONE',  #49 ) ;
#1474 = CARTESIAN_POINT ( 'NONE',  ( 38.83730988048873911, 38.85119181988928005, 16.96933472047959768 ) ) ;
#1475 = ORIENTED_EDGE ( 'NONE', *, *, #3627, .T. ) ;
#1476 = ORIENTED_EDGE ( 'NONE', *, *, #2544, .T. ) ;
#1477 = CARTESIAN_POINT ( 'NONE',  ( 38.83276190318314747, 38.84324568108365128, 16.96933472047959768 ) ) ;
#1478 = CYLINDRICAL_SURFACE ( 'NONE', #3581, 0.03600013749699115806 ) ;
#1479 = DIRECTION ( 'NONE',  ( 0.000000000000000000, 0.000000000000000000, -1.000000000000000000 ) ) ;
#1480 = ORIENTED_EDGE ( 'NONE', *, *, #2864, .F. ) ;
#1481 = DIRECTION ( 'NONE',  ( -0.000000000000000000, 0.000000000000000000, 1.000000000000000000 ) ) ;
#1482 = EDGE_CURVE ( 'NONE', #3778, #1648, #2384, .T. ) ;
#1483 = DIRECTION ( 'NONE',  ( 0.9659258262895763503, 0.2588190451006250337, 0.000000000000000000 ) ) ;
#1484 = ORIENTED_EDGE ( 'NONE', *, *, #4841, .F. ) ;
#1485 = DIRECTION ( 'NONE',  ( -0.000000000000000000, -0.000000000000000000, -1.000000000000000000 ) ) ;
#1486 = VECTOR ( 'NONE', #2576, 0.9999999999999998890 ) ;
#1487 = CARTESIAN_POINT ( 'NONE',  ( 38.81588589860172789, 38.84838921327941819, 16.95533472047959833 ) ) ;
#1488 = ORIENTED_EDGE ( 'NONE', *, *, #3315, .T. ) ;
#1489 = EDGE_CURVE ( 'NONE', #1961, #4183, #2551, .T. ) ;
#1490 = LINE ( 'NONE', #732, #3501 ) ;
#1491 = CARTESIAN_POINT ( 'NONE',  ( 38.84571771260981876, 38.84444387598900050, 16.95533472047959833 ) ) ;
#1492 = EDGE_LOOP ( 'NONE', ( #102, #30, #4799, #2972 ) ) ;
#1493 = EDGE_CURVE ( 'NONE', #3664, #697, #3176, .T. ) ;
#1494 = DIRECTION ( 'NONE',  ( 0.8660254037839354435, -0.5000000000008716361, 0.000000000000000000 ) ) ;
#1495 = CARTESIAN_POINT ( 'NONE',  ( 38.81588593523276387, 38.81588593523274255, 16.95533472047959833 ) ) ;
#1496 = VERTEX_POINT ( 'NONE', #2119 ) ;
#1497 = DIRECTION ( 'NONE',  ( 0.7071067811865474617, 0.7071067811865474617, 0.000000000000000000 ) ) ;
#1498 = CARTESIAN_POINT ( 'NONE',  ( 38.81588593523276387, 38.81588593523274255, 16.96933472047959768 ) ) ;
#1499 = CARTESIAN_POINT ( 'NONE',  ( 38.81949673875524098, 38.85350503249753018, 16.96933472047959768 ) ) ;
#1500 = VECTOR ( 'NONE', #1355, 1.000000000000000000 ) ;
#1501 = VERTEX_POINT ( 'NONE', #260 ) ;
#1502 = CYLINDRICAL_SURFACE ( 'NONE', #3649, 0.02935410264610283093 ) ;
#1503 = CYLINDRICAL_SURFACE ( 'NONE', #857, 0.001006105236832866012 ) ;
#1504 = ORIENTED_EDGE ( 'NONE', *, *, #4230, .F. ) ;
#1505 = CARTESIAN_POINT ( 'NONE',  ( 38.83213754253269911, 38.84403461804295432, 16.96933472047959768 ) ) ;
#1506 = ORIENTED_EDGE ( 'NONE', *, *, #2311, .T. ) ;
#1507 = CARTESIAN_POINT ( 'NONE',  ( 38.79111573576059158, 38.84600956645628855, 16.96933472047959768 ) ) ;
#1508 = EDGE_LOOP ( 'NONE', ( #1450, #4073, #2528, #2679 ) ) ;
#1509 = DIRECTION ( 'NONE',  ( -1.000000000000000000, 0.000000000000000000, 0.000000000000000000 ) ) ;
#1510 = VECTOR ( 'NONE', #2196, 1.000000000000000000 ) ;
#1511 = CARTESIAN_POINT ( 'NONE',  ( 38.83886919764830736, 38.83886924945239372, 16.96933472047959768 ) ) ;
#1512 = ORIENTED_EDGE ( 'NONE', *, *, #1557, .T. ) ;
#1513 = AXIS2_PLACEMENT_3D ( 'NONE', #4545, #4476, #3344 ) ;
#1514 = ADVANCED_FACE ( 'NONE', ( #370 ), #1538, .T. ) ;
#1515 = ORIENTED_EDGE ( 'NONE', *, *, #483, .T. ) ;
#1516 = CIRCLE ( 'NONE', #4855, 0.02009999999999934062 ) ;
#1517 = DIRECTION ( 'NONE',  ( -1.000000000000000000, 0.000000000000000000, 0.000000000000000000 ) ) ;
#1518 = DIRECTION ( 'NONE',  ( -1.000000000000000000, 0.000000000000000000, 0.000000000000000000 ) ) ;
#1519 = VERTEX_POINT ( 'NONE', #1174 ) ;
#1520 = FACE_OUTER_BOUND ( 'NONE', #1622, .T. ) ;
#1521 = ADVANCED_FACE ( 'NONE', ( #3419 ), #2628, .T. ) ;
#1522 = CARTESIAN_POINT ( 'NONE',  ( 38.83422313171968909, 38.82411741292509788, 16.99773472028886445 ) ) ;
#1523 = AXIS2_PLACEMENT_3D ( 'NONE', #2156, #2832, #3692 ) ;
#1524 = FACE_OUTER_BOUND ( 'NONE', #3068, .T. ) ;
#1525 = AXIS2_PLACEMENT_3D ( 'NONE', #2889, #1733, #996 ) ;
#1526 = ADVANCED_FACE ( 'NONE', ( #1150 ), #4500, .F. ) ;
#1527 = ORIENTED_EDGE ( 'NONE', *, *, #190, .F. ) ;
#1528 = CARTESIAN_POINT ( 'NONE',  ( 38.78509062820456421, 38.82510564522426222, 16.96933472047959768 ) ) ;
#1529 = DIRECTION ( 'NONE',  ( 0.000000000000000000, -0.000000000000000000, -1.000000000000000000 ) ) ;
#1530 = EDGE_LOOP ( 'NONE', ( #3023, #804, #2282, #3249 ) ) ;
#1531 = CARTESIAN_POINT ( 'NONE',  ( 38.85435887636757712, 38.80949619811600826, 16.96933472047959768 ) ) ;
#1532 = DIRECTION ( 'NONE',  ( -0.000000000000000000, -0.000000000000000000, -1.000000000000000000 ) ) ;
#1533 = VECTOR ( 'NONE', #395, 1.000000000000000000 ) ;
#1534 = CARTESIAN_POINT ( 'NONE',  ( 38.80476877983079476, 38.80113045724090171, 17.00373472028886468 ) ) ;
#1535 = EDGE_LOOP ( 'NONE', ( #3284, #4459, #2353, #3738 ) ) ;
#1536 = AXIS2_PLACEMENT_3D ( 'NONE', #4686, #3488, #1923 ) ;
#1537 = CIRCLE ( 'NONE', #2643, 0.01380000000000336513 ) ;
#1538 = CYLINDRICAL_SURFACE ( 'NONE', #273, 0.02935410264610283093 ) ;
#1539 = CARTESIAN_POINT ( 'NONE',  ( 38.83218320226849585, 38.80412119608705979, 17.00973472028886491 ) ) ;
#1540 = VERTEX_POINT ( 'NONE', #2580 ) ;
#1541 = ORIENTED_EDGE ( 'NONE', *, *, #1775, .T. ) ;
#1542 = CIRCLE ( 'NONE', #148, 0.02009999999999934062 ) ;
#1543 = EDGE_LOOP ( 'NONE', ( #3221, #3808, #1285, #725 ) ) ;
#1544 = CARTESIAN_POINT ( 'NONE',  ( 38.79754873874584575, 38.82411741292511920, 17.00973472028886491 ) ) ;
#1545 = AXIS2_PLACEMENT_3D ( 'NONE', #2792, #2315, #3835 ) ;
#1546 = EDGE_CURVE ( 'NONE', #3013, #4144, #981, .T. ) ;
#1547 = LINE ( 'NONE', #51, #1771 ) ;
#1548 = ORIENTED_EDGE ( 'NONE', *, *, #635, .T. ) ;
#1549 = DIRECTION ( 'NONE',  ( 0.000000000000000000, -0.000000000000000000, -1.000000000000000000 ) ) ;
#1550 = CARTESIAN_POINT ( 'NONE',  ( 38.79738593523275370, 38.81588593523274255, 16.96283472047959862 ) ) ;
#1551 = EDGE_CURVE ( 'NONE', #1612, #2659, #1126, .T. ) ;
#1552 = FACE_OUTER_BOUND ( 'NONE', #626, .T. ) ;
#1553 = CYLINDRICAL_SURFACE ( 'NONE', #2109, 0.02009999999999934062 ) ;
#1554 = ORIENTED_EDGE ( 'NONE', *, *, #1045, .T. ) ;
#1555 = AXIS2_PLACEMENT_3D ( 'NONE', #1487, #2323, #1861 ) ;
#1556 = DIRECTION ( 'NONE',  ( -0.000000000000000000, -0.000000000000000000, -1.000000000000000000 ) ) ;
#1557 = EDGE_CURVE ( 'NONE', #3191, #556, #4694, .T. ) ;
#1558 = FACE_OUTER_BOUND ( 'NONE', #2112, .T. ) ;
#1559 = ORIENTED_EDGE ( 'NONE', *, *, #1080, .T. ) ;
#1560 = CARTESIAN_POINT ( 'NONE',  ( 38.79290262101311271, 38.83886919764828605, 16.96933472047959768 ) ) ;
#1561 = ORIENTED_EDGE ( 'NONE', *, *, #1880, .F. ) ;
#1562 = DIRECTION ( 'NONE',  ( 0.000000000000000000, 0.000000000000000000, -1.000000000000000000 ) ) ;
#1563 = ADVANCED_BREP_SHAPE_REPRESENTATION ( 'Gear_Level2V2', ( #2474, #4102 ), #2978 ) ;
#1564 = ORIENTED_EDGE ( 'NONE', *, *, #3343, .T. ) ;
#1565 = EDGE_CURVE ( 'NONE', #3750, #2412, #901, .T. ) ;
#1566 = CARTESIAN_POINT ( 'NONE',  ( 38.81588593523276387, 38.81588593523274255, 16.96933472047959768 ) ) ;
#1567 = FACE_OUTER_BOUND ( 'NONE', #3388, .T. ) ;
#1568 = AXIS2_PLACEMENT_3D ( 'NONE', #2706, #4219, #1593 ) ;
#1569 = DIRECTION ( 'NONE',  ( 0.8660254037867568533, 0.4999999999959848784, 0.000000000000000000 ) ) ;
#1570 = ORIENTED_EDGE ( 'NONE', *, *, #3870, .T. ) ;
#1571 = VERTEX_POINT ( 'NONE', #4573 ) ;
#1572 = VECTOR ( 'NONE', #4091, 1.000000000000000000 ) ;
#1573 = DIRECTION ( 'NONE',  ( -1.000000000000000000, 0.000000000000000000, 0.000000000000000000 ) ) ;
#1574 = FACE_OUTER_BOUND ( 'NONE', #1223, .T. ) ;
#1575 = CARTESIAN_POINT ( 'NONE',  ( 38.77861413290328585, 38.80963716477706527, 16.95533472047959833 ) ) ;
#1576 = CARTESIAN_POINT ( 'NONE',  ( 38.83926814361915092, 38.79382632382884566, 16.96933472047959768 ) ) ;
#1577 = DIRECTION ( 'NONE',  ( 0.000000000000000000, 0.000000000000000000, -1.000000000000000000 ) ) ;
#1578 = ORIENTED_EDGE ( 'NONE', *, *, #2827, .T. ) ;
#1579 = DIRECTION ( 'NONE',  ( -0.000000000000000000, -0.000000000000000000, -1.000000000000000000 ) ) ;
#1580 = CARTESIAN_POINT ( 'NONE',  ( 38.79754873874584575, 38.82505093523274553, 16.99773472028886445 ) ) ;
#1581 = ORIENTED_EDGE ( 'NONE', *, *, #2603, .T. ) ;
#1582 = EDGE_CURVE ( 'NONE', #474, #1595, #3327, .T. ) ;
#1583 = EDGE_CURVE ( 'NONE', #1610, #3960, #2865, .T. ) ;
#1584 = DIRECTION ( 'NONE',  ( 0.000000000000000000, 1.000000000000000000, 0.000000000000000000 ) ) ;
#1585 = LINE ( 'NONE', #972, #4310 ) ;
#1586 = VERTEX_POINT ( 'NONE', #805 ) ;
#1587 = CARTESIAN_POINT ( 'NONE',  ( 38.81588593523276387, 38.81588593523274255, 16.96933472047959768 ) ) ;
#1588 = ORIENTED_EDGE ( 'NONE', *, *, #1382, .F. ) ;
#1589 = EDGE_CURVE ( 'NONE', #3262, #4722, #1490, .T. ) ;
#1590 = ORIENTED_EDGE ( 'NONE', *, *, #4649, .F. ) ;
#1591 = AXIS2_PLACEMENT_3D ( 'NONE', #4381, #3974, #1726 ) ;
#1592 = CIRCLE ( 'NONE', #2289, 0.01850000000001017497 ) ;
#1593 = DIRECTION ( 'NONE',  ( 1.000000000000000000, 0.000000000000000000, 0.000000000000000000 ) ) ;
#1594 = DIRECTION ( 'NONE',  ( 0.000000000000000000, 0.000000000000000000, -1.000000000000000000 ) ) ;
#1595 = VERTEX_POINT ( 'NONE', #2229 ) ;
#1596 = EDGE_CURVE ( 'NONE', #3113, #1667, #756, .T. ) ;
#1597 = ORIENTED_EDGE ( 'NONE', *, *, #1172, .T. ) ;
#1598 = CARTESIAN_POINT ( 'NONE',  ( 38.81682115252785792, 38.78375371630957602, 16.96933472047959768 ) ) ;
#1599 = CIRCLE ( 'NONE', #4203, 0.02935410264610283093 ) ;
#1600 = DIRECTION ( 'NONE',  ( 1.000000000000000000, 0.000000000000000000, 0.000000000000000000 ) ) ;
#1601 = AXIS2_PLACEMENT_3D ( 'NONE', #1793, #4358, #966 ) ;
#1602 = CARTESIAN_POINT ( 'NONE',  ( 38.84627557621946892, 38.82429843800235147, 16.95533472047959833 ) ) ;
#1603 = EDGE_LOOP ( 'NONE', ( #2631, #1274, #437, #2038 ) ) ;
#1604 = AXIS2_PLACEMENT_3D ( 'NONE', #551, #3161, #1265 ) ;
#1605 = CARTESIAN_POINT ( 'NONE',  ( 38.80020343417891127, 38.85027043089272780, 16.95533472047959833 ) ) ;
#1606 = CARTESIAN_POINT ( 'NONE',  ( 38.78416319037196303, 38.83857212923879132, 16.96933472047959768 ) ) ;
#1607 = ORIENTED_EDGE ( 'NONE', *, *, #2555, .F. ) ;
#1608 = CARTESIAN_POINT ( 'NONE',  ( 38.82252757036718549, 38.82798343055004864, 17.00149958014140594 ) ) ;
#1609 = CARTESIAN_POINT ( 'NONE',  ( 38.81588593523276387, 38.81588593523274255, 16.96933472047959768 ) ) ;
#1610 = VERTEX_POINT ( 'NONE', #782 ) ;
#1611 = CARTESIAN_POINT ( 'NONE',  ( 38.81498519672006609, 38.77459816958911176, 16.96933472047959768 ) ) ;
#1612 = VERTEX_POINT ( 'NONE', #2253 ) ;
#1613 = DIRECTION ( 'NONE',  ( -0.000000000000000000, 0.000000000000000000, -1.000000000000000000 ) ) ;
#1614 = EDGE_CURVE ( 'NONE', #3850, #3897, #3771, .T. ) ;
#1615 = ORIENTED_EDGE ( 'NONE', *, *, #3740, .F. ) ;
#1616 = CIRCLE ( 'NONE', #2878, 0.001006105236833839843 ) ;
#1617 = CARTESIAN_POINT ( 'NONE',  ( 38.81588593523276387, 38.81588593523274255, 16.96933472047959768 ) ) ;
#1618 = DIRECTION ( 'NONE',  ( 1.000000000000000000, 0.000000000000000000, 0.000000000000000000 ) ) ;
#1619 = VECTOR ( 'NONE', #3698, 1.000000000000000000 ) ;
#1620 = CARTESIAN_POINT ( 'NONE',  ( 38.77623814436955030, 38.82744204190318982, 16.95533472047959833 ) ) ;
#1621 = ORIENTED_EDGE ( 'NONE', *, *, #4787, .T. ) ;
#1622 = EDGE_LOOP ( 'NONE', ( #610, #3292, #3541, #1101 ) ) ;
#1623 = AXIS2_PLACEMENT_3D ( 'NONE', #1620, #4220, #4302 ) ;
#1624 = CARTESIAN_POINT ( 'NONE',  ( 38.81588593523276387, 38.81588593523274255, 16.95533472047959833 ) ) ;
#1625 = CARTESIAN_POINT ( 'NONE',  ( 38.79290267281721327, 38.79290262101309139, 16.96933472047959768 ) ) ;
#1626 = EDGE_CURVE ( 'NONE', #2421, #2293, #1368, .T. ) ;
#1627 = CARTESIAN_POINT ( 'NONE',  ( 38.83857212923881264, 38.84760868009354340, 16.96933472047959768 ) ) ;
#1628 = ORIENTED_EDGE ( 'NONE', *, *, #4802, .F. ) ;
#1629 = AXIS2_PLACEMENT_3D ( 'NONE', #3871, #3123, #3069 ) ;
#1630 = DIRECTION ( 'NONE',  ( -0.000000000000000000, -0.000000000000000000, 1.000000000000000000 ) ) ;
#1631 = CIRCLE ( 'NONE', #1153, 0.01850000000001017497 ) ;
#1632 = CARTESIAN_POINT ( 'NONE',  ( 38.77741300560284543, 38.80949612884480615, 16.96933472047959768 ) ) ;
#1633 = CARTESIAN_POINT ( 'NONE',  ( 38.83113143729586625, 38.84403461804295432, 16.96933472047959768 ) ) ;
#1634 = AXIS2_PLACEMENT_3D ( 'NONE', #3903, #1971, #545 ) ;
#1635 = CYLINDRICAL_SURFACE ( 'NONE', #4735, 0.001006105236832866012 ) ;
#1636 = ORIENTED_EDGE ( 'NONE', *, *, #4479, .T. ) ;
#1637 = DIRECTION ( 'NONE',  ( 0.000000000000000000, 0.000000000000000000, -1.000000000000000000 ) ) ;
#1638 = EDGE_LOOP ( 'NONE', ( #4399, #3718 ) ) ;
#1639 = DIRECTION ( 'NONE',  ( -0.7071067811848699147, -0.7071067811882252307, 0.000000000000000000 ) ) ;
#1640 = DIRECTION ( 'NONE',  ( 1.000000000000000000, 0.000000000000000000, 0.000000000000000000 ) ) ;
#1641 = ORIENTED_EDGE ( 'NONE', *, *, #3329, .F. ) ;
#1642 = CARTESIAN_POINT ( 'NONE',  ( 38.81465445981498874, 38.83634891322460447, 16.99773472028886445 ) ) ;
#1643 = EDGE_CURVE ( 'NONE', #1177, #3891, #1287, .T. ) ;
#1644 = ORIENTED_EDGE ( 'NONE', *, *, #1827, .T. ) ;
#1645 = DIRECTION ( 'NONE',  ( -0.000000000000000000, -0.000000000000000000, -1.000000000000000000 ) ) ;
#1646 = DIRECTION ( 'NONE',  ( 0.000000000000000000, -1.000000000000000000, 0.000000000000000000 ) ) ;
#1647 = AXIS2_PLACEMENT_3D ( 'NONE', #3744, #366, #4214 ) ;
#1648 = VERTEX_POINT ( 'NONE', #3019 ) ;
#1649 = EDGE_CURVE ( 'NONE', #4765, #3314, #4455, .T. ) ;
#1650 = EDGE_CURVE ( 'NONE', #4345, #4123, #4127, .T. ) ;
#1651 = AXIS2_PLACEMENT_3D ( 'NONE', #541, #2042, #3447 ) ;
#1652 = CARTESIAN_POINT ( 'NONE',  ( 38.80062968425998804, 38.84418082511668047, 16.96933472047959768 ) ) ;
#1653 = CARTESIAN_POINT ( 'NONE',  ( 38.81102682208492638, 38.80296970438095627, 17.00373472028886468 ) ) ;
#1654 = DIRECTION ( 'NONE',  ( -0.000000000000000000, -0.000000000000000000, -1.000000000000000000 ) ) ;
#1655 = VECTOR ( 'NONE', #2607, 1.000000000000000000 ) ;
#1656 = CARTESIAN_POINT ( 'NONE',  ( 38.81588593523276387, 38.81588593523274255, 17.00973472028886491 ) ) ;
#1657 = EDGE_CURVE ( 'NONE', #2899, #4744, #4050, .T. ) ;
#1658 = CARTESIAN_POINT ( 'NONE',  ( 38.81588593523276387, 38.81588593523274255, 16.95533472047959833 ) ) ;
#1659 = ORIENTED_EDGE ( 'NONE', *, *, #780, .T. ) ;
#1660 = DIRECTION ( 'NONE',  ( 0.000000000000000000, 0.000000000000000000, -1.000000000000000000 ) ) ;
#1661 = DIRECTION ( 'NONE',  ( 0.000000000000000000, 0.000000000000000000, -1.000000000000000000 ) ) ;
#1662 = ORIENTED_EDGE ( 'NONE', *, *, #4865, .T. ) ;
#1663 = EDGE_CURVE ( 'NONE', #3407, #2358, #3259, .T. ) ;
#1664 = FACE_OUTER_BOUND ( 'NONE', #1924, .T. ) ;
#1665 = ORIENTED_EDGE ( 'NONE', *, *, #3160, .T. ) ;
#1666 = CARTESIAN_POINT ( 'NONE',  ( 38.83926809181504325, 38.83794559844074001, 16.95533472047959833 ) ) ;
#1667 = VERTEX_POINT ( 'NONE', #3848 ) ;
#1668 = DIRECTION ( 'NONE',  ( 0.5000000000000101030, -0.8660254037844328234, 0.000000000000000000 ) ) ;
#1669 = CARTESIAN_POINT ( 'NONE',  ( 38.78759100871778998, 38.83114212275871324, 16.96933472047959768 ) ) ;
#1670 = PRODUCT ( 'Gear_Level2V2', 'Gear_Level2V2', '', ( #2352 ) ) ;
#1671 = CARTESIAN_POINT ( 'NONE',  ( 38.81949673875524098, 38.85350503249753018, 16.95533472047959833 ) ) ;
#1672 = EDGE_LOOP ( 'NONE', ( #255, #4325, #2374, #127 ) ) ;
#1673 = AXIS2_PLACEMENT_3D ( 'NONE', #4605, #1204, #2712 ) ;
#1674 = LINE ( 'NONE', #3508, #1786 ) ;
#1675 = DIRECTION ( 'NONE',  ( -1.000000000000000000, 0.000000000000000000, 0.000000000000000000 ) ) ;
#1676 = DIRECTION ( 'NONE',  ( -0.000000000000000000, 0.000000000000000000, -1.000000000000000000 ) ) ;
#1677 = EDGE_CURVE ( 'NONE', #4765, #427, #3131, .T. ) ;
#1678 = CARTESIAN_POINT ( 'NONE',  ( 38.81711741065054611, 38.79542295724088063, 16.99773472028886445 ) ) ;
#1679 = AXIS2_PLACEMENT_3D ( 'NONE', #2893, #2521, #2177 ) ;
#1680 = CARTESIAN_POINT ( 'NONE',  ( 38.81588593523276387, 38.81588593523274255, 16.96933472047959768 ) ) ;
#1681 = DIRECTION ( 'NONE',  ( -1.000000000000000000, 0.000000000000000000, 0.000000000000000000 ) ) ;
#1682 = CIRCLE ( 'NONE', #1913, 0.03600013749698843801 ) ;
#1683 = ORIENTED_EDGE ( 'NONE', *, *, #397, .F. ) ;
#1684 = DIRECTION ( 'NONE',  ( 0.000000000000000000, -0.000000000000000000, -1.000000000000000000 ) ) ;
#1685 = PRODUCT_DEFINITION ( 'UNKNOWN', '', #3938, #3942 ) ;
#1686 = DIRECTION ( 'NONE',  ( -1.000000000000000000, 0.000000000000000000, 0.000000000000000000 ) ) ;
#1687 = ORIENTED_EDGE ( 'NONE', *, *, #4817, .F. ) ;
#1688 = VECTOR ( 'NONE', #558, 1.000000000000000000 ) ;
#1689 = DIRECTION ( 'NONE',  ( -1.000000000000000000, 0.000000000000000000, 0.000000000000000000 ) ) ;
#1690 = ORIENTED_EDGE ( 'NONE', *, *, #3803, .F. ) ;
#1691 = EDGE_CURVE ( 'NONE', #3865, #2482, #345, .T. ) ;
#1692 = DIRECTION ( 'NONE',  ( 0.000000000000000000, -0.000000000000000000, -1.000000000000000000 ) ) ;
#1693 = ORIENTED_EDGE ( 'NONE', *, *, #723, .T. ) ;
#1694 = DIRECTION ( 'NONE',  ( -0.000000000000000000, 0.000000000000000000, -1.000000000000000000 ) ) ;
#1695 = CARTESIAN_POINT ( 'NONE',  ( 38.81588593523276387, 38.81588593523274255, 16.97053472028886389 ) ) ;
#1696 = AXIS2_PLACEMENT_3D ( 'NONE', #1448, #2586, #716 ) ;
#1697 = ORIENTED_EDGE ( 'NONE', *, *, #3328, .F. ) ;
#1698 = DIRECTION ( 'NONE',  ( -0.000000000000000000, -0.000000000000000000, 1.000000000000000000 ) ) ;
#1699 = AXIS2_PLACEMENT_3D ( 'NONE', #636, #290, #2526 ) ;
#1700 = CARTESIAN_POINT ( 'NONE',  ( 38.81384600578157773, 38.79588971839469735, 17.00973472028886491 ) ) ;
#1701 = CYLINDRICAL_SURFACE ( 'NONE', #2484, 0.03899994794847572166 ) ;
#1702 = CIRCLE ( 'NONE', #2955, 0.001006105236832866012 ) ;
#1703 = DIRECTION ( 'NONE',  ( -0.000000000000000000, -0.000000000000000000, 1.000000000000000000 ) ) ;
#1704 = EDGE_CURVE ( 'NONE', #4144, #237, #3971, .T. ) ;
#1705 = LINE ( 'NONE', #4637, #4382 ) ;
#1706 = AXIS2_PLACEMENT_3D ( 'NONE', #1759, #4792, #4818 ) ;
#1707 = VECTOR ( 'NONE', #2856, 1.000000000000000000 ) ;
#1708 = CARTESIAN_POINT ( 'NONE',  ( 38.81588593523276387, 38.81588593523274255, 16.96933472047959768 ) ) ;
#1709 = VERTEX_POINT ( 'NONE', #1989 ) ;
#1710 = CARTESIAN_POINT ( 'NONE',  ( 38.81588593523276387, 38.81588593523274255, 16.96933472047959768 ) ) ;
#1711 = CYLINDRICAL_SURFACE ( 'NONE', #2820, 0.001006105236832866012 ) ;
#1712 = VERTEX_POINT ( 'NONE', #2379 ) ;
#1713 = B_SPLINE_CURVE_WITH_KNOTS ( 'NONE', 3,
 ( #363, #3365, #2621, #1878, #3386, #4568, #4064, #2941, #1992, #1888, #3822, #3795, #2998, #3204, #4867, #1831, #944, #333, #1750, #2118, #3713, #3580, #1011, #2199, #4109, #3952, #2570, #4357, #3609, #2091, #2964, #4757 ),
 .UNSPECIFIED., .F., .F.,
 ( 4, 2, 2, 2, 2, 2, 2, 2, 2, 2, 2, 2, 2, 2, 2, 4 ),
 ( 0.000000000000000000, 0.0004403926764556987555, 0.0008807853529113975110, 0.001321178029367096321, 0.001761570705822795022, 0.002642356058725182921, 0.003082748735170928213, 0.003523141411616674372, 0.003963534088062419664, 0.004403926764508164955, 0.004844319440953911114, 0.005284712117399656406, 0.005725104793845402565, 0.006165497470291147857, 0.006605890146736893148, 0.007046282823182638440 ),
 .UNSPECIFIED. ) ;
#1714 = EDGE_CURVE ( 'NONE', #4528, #4221, #2539, .T. ) ;
#1715 = CARTESIAN_POINT ( 'NONE',  ( 38.82429836723665062, 38.84728170041789497, 16.96933472047959768 ) ) ;
#1716 = ORIENTED_EDGE ( 'NONE', *, *, #1546, .F. ) ;
#1717 = AXIS2_PLACEMENT_3D ( 'NONE', #506, #1661, #1292 ) ;
#1718 = DIRECTION ( 'NONE',  ( 0.000000000000000000, -0.000000000000000000, -1.000000000000000000 ) ) ;
#1719 = ORIENTED_EDGE ( 'NONE', *, *, #1626, .T. ) ;
#1720 = EDGE_CURVE ( 'NONE', #3416, #1143, #1047, .T. ) ;
#1721 = VECTOR ( 'NONE', #4767, 1.000000000000000000 ) ;
#1722 = FACE_OUTER_BOUND ( 'NONE', #4194, .T. ) ;
#1723 = CARTESIAN_POINT ( 'NONE',  ( 38.79319974122671510, 38.78416319037194171, 16.96933472047959768 ) ) ;
#1724 = VERTEX_POINT ( 'NONE', #3475 ) ;
#1725 = ORIENTED_EDGE ( 'NONE', *, *, #1226, .F. ) ;
#1726 = DIRECTION ( 'NONE',  ( -1.000000000000000000, 0.000000000000000000, 0.000000000000000000 ) ) ;
#1727 = DIRECTION ( 'NONE',  ( -0.000000000000000000, -0.000000000000000000, -1.000000000000000000 ) ) ;
#1728 = CIRCLE ( 'NONE', #4171, 0.02935410264609947945 ) ;
#1729 = DIRECTION ( 'NONE',  ( 0.000000000000000000, 0.000000000000000000, -1.000000000000000000 ) ) ;
#1730 = ORIENTED_EDGE ( 'NONE', *, *, #3831, .T. ) ;
#1731 = CARTESIAN_POINT ( 'NONE',  ( 38.84588596636534419, 38.81588593523274255, 16.96933472047959768 ) ) ;
#1732 = CARTESIAN_POINT ( 'NONE',  ( 38.84801815415593040, 38.81495079119971336, 16.96933472047959768 ) ) ;
#1733 = DIRECTION ( 'NONE',  ( 0.000000000000000000, 0.000000000000000000, -1.000000000000000000 ) ) ;
#1734 = AXIS2_PLACEMENT_3D ( 'NONE', #2121, #3637, #598 ) ;
#1735 = EDGE_LOOP ( 'NONE', ( #3761, #2741, #326, #3612 ) ) ;
#1736 = DIRECTION ( 'NONE',  ( -1.000000000000000000, 0.000000000000000000, 0.000000000000000000 ) ) ;
#1737 = DIRECTION ( 'NONE',  ( -1.000000000000000000, 0.000000000000000000, 0.000000000000000000 ) ) ;
#1738 = ORIENTED_EDGE ( 'NONE', *, *, #768, .F. ) ;
#1739 = CARTESIAN_POINT ( 'NONE',  ( 38.79975639324172221, 38.78037771343633722, 16.96933472047959768 ) ) ;
#1740 = B_SPLINE_CURVE_WITH_KNOTS ( 'NONE', 3,
 ( #2745, #3163, #4178, #1163, #2667, #111, #4262, #794, #4585, #2286, #432, #2718, #3432, #1608, #1184, #61, #3063, #2691, #4204, #4233, #3834, #3189, #246, #974, #578, #2079, #2470, #2845, #1340, #4366 ),
 .UNSPECIFIED., .F., .F.,
 ( 4, 2, 2, 2, 2, 2, 2, 2, 2, 2, 2, 2, 2, 2, 4 ),
 ( 0.007046282823182638440, 0.007926848875051397889, 0.008367131900989614388, 0.008807414926927829152, 0.009247697952866045651, 0.009687980978804260415, 0.01012826400474247518, 0.01056854703068069168, 0.01100883005661890644, 0.01144911308255712121, 0.01188939610849533771, 0.01232967913443355247, 0.01321024518631900083, 0.01365052821226237292, 0.01409081123820574155 ),
 .UNSPECIFIED. ) ;
#1741 = ORIENTED_EDGE ( 'NONE', *, *, #1297, .T. ) ;
#1742 = FACE_OUTER_BOUND ( 'NONE', #3893, .T. ) ;
#1743 = EDGE_CURVE ( 'NONE', #745, #2700, #492, .T. ) ;
#1744 = EDGE_CURVE ( 'NONE', #583, #2255, #2932, .T. ) ;
#1745 = VERTEX_POINT ( 'NONE', #470 ) ;
#1746 = LINE ( 'NONE', #2478, #653 ) ;
#1747 = ORIENTED_EDGE ( 'NONE', *, *, #3898, .F. ) ;
#1748 = CARTESIAN_POINT ( 'NONE',  ( 38.80722003729738390, 38.80514603440499855, 17.00300928834254677 ) ) ;
#1749 = ORIENTED_EDGE ( 'NONE', *, *, #1880, .T. ) ;
#1750 = CARTESIAN_POINT ( 'NONE',  ( 38.82214913384670041, 38.82818353708103842, 17.00586992028116384 ) ) ;
#1751 = FACE_OUTER_BOUND ( 'NONE', #4877, .T. ) ;
#1752 = CARTESIAN_POINT ( 'NONE',  ( 38.80062968425998804, 38.84418082511668047, 16.95533472047959833 ) ) ;
#1753 = EDGE_CURVE ( 'NONE', #474, #2482, #3526, .T. ) ;
#1754 = DIRECTION ( 'NONE',  ( 0.8660254037839354435, -0.5000000000008716361, 0.000000000000000000 ) ) ;
#1755 = VECTOR ( 'NONE', #2140, 1.000000000000000000 ) ;
#1756 = CARTESIAN_POINT ( 'NONE',  ( 38.78460654307162514, 38.82329901491293356, 16.95533472047959833 ) ) ;
#1757 = ORIENTED_EDGE ( 'NONE', *, *, #3889, .F. ) ;
#1758 = AXIS2_PLACEMENT_3D ( 'NONE', #4752, #3948, #2114 ) ;
#1759 = CARTESIAN_POINT ( 'NONE',  ( 38.85315773756224189, 38.82213470568841984, 16.96933472047959768 ) ) ;
#1760 = DIRECTION ( 'NONE',  ( -1.000000000000000000, 0.000000000000000000, 0.000000000000000000 ) ) ;
#1761 = VECTOR ( 'NONE', #1884, 1.000000000000000000 ) ;
#1762 = ORIENTED_EDGE ( 'NONE', *, *, #2938, .F. ) ;
#1763 = CARTESIAN_POINT ( 'NONE',  ( 38.81102682208491927, 38.80296970438096338, 17.00388361411492610 ) ) ;
#1764 = ORIENTED_EDGE ( 'NONE', *, *, #2891, .T. ) ;
#1765 = EDGE_CURVE ( 'NONE', #2268, #816, #2704, .T. ) ;
#1766 = CYLINDRICAL_SURFACE ( 'NONE', #914, 0.02935410264610283093 ) ;
#1767 = CARTESIAN_POINT ( 'NONE',  ( 38.81091758713067463, 38.80301120082736333, 17.00300842500763920 ) ) ;
#1768 = ORIENTED_EDGE ( 'NONE', *, *, #1133, .F. ) ;
#1769 = EDGE_CURVE ( 'NONE', #1093, #2920, #3181, .T. ) ;
#1770 = DIRECTION ( 'NONE',  ( -0.5000000000001085798, -0.8660254037843760910, 0.000000000000000000 ) ) ;
#1771 = VECTOR ( 'NONE', #3057, 1.000000000000000000 ) ;
#1772 = DIRECTION ( 'NONE',  ( 0.8660254037844328234, 0.5000000000000101030, 0.000000000000000000 ) ) ;
#1773 = EDGE_LOOP ( 'NONE', ( #258, #3004, #1774, #2625 ) ) ;
#1774 = ORIENTED_EDGE ( 'NONE', *, *, #1322, .T. ) ;
#1775 = EDGE_CURVE ( 'NONE', #1354, #282, #4097, .T. ) ;
#1776 = CYLINDRICAL_SURFACE ( 'NONE', #3335, 0.001006105236832866012 ) ;
#1777 = DIRECTION ( 'NONE',  ( -0.000000000000000000, 0.000000000000000000, 1.000000000000000000 ) ) ;
#1778 = ORIENTED_EDGE ( 'NONE', *, *, #4179, .F. ) ;
#1779 = CIRCLE ( 'NONE', #2403, 0.02935410264609947945 ) ;
#1780 = CARTESIAN_POINT ( 'NONE',  ( 38.82213470568844116, 38.77861413290326453, 16.95533472047959833 ) ) ;
#1781 = CIRCLE ( 'NONE', #4404, 0.03899994794847572166 ) ;
#1782 = DIRECTION ( 'NONE',  ( 0.000000000000000000, -0.000000000000000000, 1.000000000000000000 ) ) ;
#1783 = DIRECTION ( 'NONE',  ( -1.000000000000000000, 0.000000000000000000, 0.000000000000000000 ) ) ;
#1784 = VECTOR ( 'NONE', #934, 1.000000000000000000 ) ;
#1785 = EDGE_LOOP ( 'NONE', ( #602, #4896, #3507, #2895 ) ) ;
#1786 = VECTOR ( 'NONE', #130, 1.000000000000000000 ) ;
#1787 = DIRECTION ( 'NONE',  ( -1.000000000000000000, 0.000000000000000000, 0.000000000000000000 ) ) ;
#1788 = DIRECTION ( 'NONE',  ( 0.000000000000000000, -0.000000000000000000, -1.000000000000000000 ) ) ;
#1789 = CIRCLE ( 'NONE', #850, 0.03899994794847572166 ) ;
#1790 = EDGE_CURVE ( 'NONE', #237, #3262, #1175, .T. ) ;
#1791 = EDGE_LOOP ( 'NONE', ( #3921, #2386, #4089, #1506 ) ) ;
#1792 = ORIENTED_EDGE ( 'NONE', *, *, #2137, .F. ) ;
#1793 = CARTESIAN_POINT ( 'NONE',  ( 38.77577188780606576, 38.80606992174659098, 16.96933472047959768 ) ) ;
#1794 = FACE_OUTER_BOUND ( 'NONE', #2053, .T. ) ;
#1795 = ORIENTED_EDGE ( 'NONE', *, *, #1663, .T. ) ;
#1796 = ORIENTED_EDGE ( 'NONE', *, *, #2408, .T. ) ;
#1797 = ADVANCED_FACE ( 'NONE', ( #1567 ), #4329, .T. ) ;
#1798 = ADVANCED_FACE ( 'NONE', ( #1276 ), #832, .T. ) ;
#1799 = AXIS2_PLACEMENT_3D ( 'NONE', #1642, #1668, #2799 ) ;
#1800 = CYLINDRICAL_SURFACE ( 'NONE', #2306, 0.02100000000000079581 ) ;
#1801 = DIRECTION ( 'NONE',  ( -0.8660254037867568533, 0.4999999999959848784, 0.000000000000000000 ) ) ;
#1802 = EDGE_LOOP ( 'NONE', ( #2184, #4290, #2598, #2276 ) ) ;
#1803 = ORIENTED_EDGE ( 'NONE', *, *, #4437, .F. ) ;
#1804 = EDGE_CURVE ( 'NONE', #2082, #3021, #2512, .T. ) ;
#1805 = CARTESIAN_POINT ( 'NONE',  ( 38.78759104534882596, 38.80062968425995962, 16.95533472047959833 ) ) ;
#1806 = CARTESIAN_POINT ( 'NONE',  ( 38.79878021416362088, 38.80458795724088361, 16.99773472028886445 ) ) ;
#1807 = CARTESIAN_POINT ( 'NONE',  ( 38.78673199279843686, 38.79183844011096483, 16.96933472047959768 ) ) ;
#1808 = EDGE_CURVE ( 'NONE', #4297, #2166, #1966, .T. ) ;
#1809 = ORIENTED_EDGE ( 'NONE', *, *, #666, .F. ) ;
#1810 = DIRECTION ( 'NONE',  ( 0.000000000000000000, 0.000000000000000000, -1.000000000000000000 ) ) ;
#1811 = ORIENTED_EDGE ( 'NONE', *, *, #31, .F. ) ;
#1812 = CYLINDRICAL_SURFACE ( 'NONE', #3203, 0.001006105236832866012 ) ;
#1813 = DIRECTION ( 'NONE',  ( -0.000000000000000000, 0.000000000000000000, -1.000000000000000000 ) ) ;
#1814 = ORIENTED_EDGE ( 'NONE', *, *, #2788, .F. ) ;
#1815 = DIRECTION ( 'NONE',  ( -0.000000000000000000, -0.000000000000000000, -1.000000000000000000 ) ) ;
#1816 = CARTESIAN_POINT ( 'NONE',  ( 38.81967138312678856, 38.85470173516299752, 17.03813472353135694 ) ) ;
#1817 = EDGE_LOOP ( 'NONE', ( #1644, #4394, #4653, #2058 ) ) ;
#1818 = DIRECTION ( 'NONE',  ( -1.000000000000000000, 0.000000000000000000, 0.000000000000000000 ) ) ;
#1819 = EDGE_CURVE ( 'NONE', #4502, #4732, #2432, .T. ) ;
#1820 = CARTESIAN_POINT ( 'NONE',  ( 38.83794554663665366, 38.83926814361912960, 16.95533472047959833 ) ) ;
#1821 = ORIENTED_EDGE ( 'NONE', *, *, #3521, .F. ) ;
#1822 = VERTEX_POINT ( 'NONE', #4776 ) ;
#1823 = DIRECTION ( 'NONE',  ( -0.000000000000000000, -0.000000000000000000, -1.000000000000000000 ) ) ;
#1824 = AXIS2_PLACEMENT_3D ( 'NONE', #1988, #3847, #1224 ) ;
#1825 = CIRCLE ( 'NONE', #2694, 0.01380000000000336513 ) ;
#1826 = CARTESIAN_POINT ( 'NONE',  ( 38.84403458141194676, 38.83213760597948294, 16.96933472047959768 ) ) ;
#1827 = EDGE_CURVE ( 'NONE', #4169, #3239, #4351, .T. ) ;
#1828 = CARTESIAN_POINT ( 'NONE',  ( 38.83276190318314747, 38.84324568108365128, 16.96933472047959768 ) ) ;
#1829 = ORIENTED_EDGE ( 'NONE', *, *, #3556, .T. ) ;
#1830 = CIRCLE ( 'NONE', #2219, 0.001006105236832866012 ) ;
#1831 = CARTESIAN_POINT ( 'NONE',  ( 38.82265934362919069, 38.82791018390314974, 17.00598477553917220 ) ) ;
#1832 = ADVANCED_FACE ( 'NONE', ( #1722 ), #4021, .T. ) ;
#1833 = AXIS2_PLACEMENT_3D ( 'NONE', #4300, #3874, #2753 ) ;
#1834 = LINE ( 'NONE', #386, #4272 ) ;
#1835 = VERTEX_POINT ( 'NONE', #940 ) ;
#1836 = CARTESIAN_POINT ( 'NONE',  ( 38.85350503249755150, 38.81227513171026544, 16.95533472047959833 ) ) ;
#1837 = CIRCLE ( 'NONE', #2468, 0.03600013749698947191 ) ;
#1838 = CARTESIAN_POINT ( 'NONE',  ( 38.81588593523276387, 38.81588593523274255, 16.96933472047959768 ) ) ;
#1839 = ORIENTED_EDGE ( 'NONE', *, *, #2793, .T. ) ;
#1840 = CARTESIAN_POINT ( 'NONE',  ( 38.77826683796797624, 38.81949673875521967, 16.95533472047959833 ) ) ;
#1841 = CARTESIAN_POINT ( 'NONE',  ( 38.84239761961923421, 38.86180551958434393, 17.00373472028886468 ) ) ;
#1842 = ORIENTED_EDGE ( 'NONE', *, *, #3029, .T. ) ;
#1843 = CARTESIAN_POINT ( 'NONE',  ( 38.78037774247793834, 38.79975632930853635, 16.96933472047959768 ) ) ;
#1844 = DIRECTION ( 'NONE',  ( 0.8660254037833949869, -0.5000000000018076651, 0.000000000000000000 ) ) ;
#1845 = ORIENTED_EDGE ( 'NONE', *, *, #1765, .F. ) ;
#1846 = ORIENTED_EDGE ( 'NONE', *, *, #113, .F. ) ;
#1847 = CIRCLE ( 'NONE', #1525, 0.03899994794847572166 ) ;
#1848 = CARTESIAN_POINT ( 'NONE',  ( 38.79975632930855767, 38.85139412798756808, 16.95533472047959833 ) ) ;
#1849 = EDGE_CURVE ( 'NONE', #2358, #2778, #1435, .T. ) ;
#1850 = CYLINDRICAL_SURFACE ( 'NONE', #3413, 0.03600013749699115806 ) ;
#1851 = AXIS2_PLACEMENT_3D ( 'NONE', #3676, #4026, #4004 ) ;
#1852 = CARTESIAN_POINT ( 'NONE',  ( 38.80747343246315495, 38.84728168145627336, 16.96933472047959768 ) ) ;
#1853 = ORIENTED_EDGE ( 'NONE', *, *, #1412, .F. ) ;
#1854 = AXIS2_PLACEMENT_3D ( 'NONE', #1841, #1865, #1469 ) ;
#1855 = EDGE_CURVE ( 'NONE', #704, #4169, #4045, .T. ) ;
#1856 = DIRECTION ( 'NONE',  ( 0.000000000000000000, -0.000000000000000000, -1.000000000000000000 ) ) ;
#1857 = PLANE ( 'NONE',  #4791 ) ;
#1858 = ORIENTED_EDGE ( 'NONE', *, *, #2299, .T. ) ;
#1859 = AXIS2_PLACEMENT_3D ( 'NONE', #3787, #411, #4112 ) ;
#1860 = CARTESIAN_POINT ( 'NONE',  ( 38.78460654307162514, 38.82329901491293356, 16.96933472047959768 ) ) ;
#1861 = DIRECTION ( 'NONE',  ( -1.000000000000000000, 0.000000000000000000, 0.000000000000000000 ) ) ;
#1862 = EDGE_CURVE ( 'NONE', #2166, #4676, #3730, .T. ) ;
#1863 = ORIENTED_EDGE ( 'NONE', *, *, #2113, .T. ) ;
#1864 = CARTESIAN_POINT ( 'NONE',  ( 38.82570194871891545, 38.77577188780604445, 16.96933472047959768 ) ) ;
#1865 = DIRECTION ( 'NONE',  ( -0.4999999999999980016, -0.8660254037844398178, -0.000000000000000000 ) ) ;
#1866 = ORIENTED_EDGE ( 'NONE', *, *, #4602, .T. ) ;
#1867 = AXIS2_PLACEMENT_3D ( 'NONE', #4766, #3961, #627 ) ;
#1868 = DIRECTION ( 'NONE',  ( 0.000000000000000000, -0.000000000000000000, -1.000000000000000000 ) ) ;
#1869 = EDGE_LOOP ( 'NONE', ( #225, #2397, #4051, #973 ) ) ;
#1870 = DIRECTION ( 'NONE',  ( -0.000000000000000000, 0.000000000000000000, -1.000000000000000000 ) ) ;
#1871 = DIRECTION ( 'NONE',  ( -0.000000000000000000, -0.000000000000000000, -1.000000000000000000 ) ) ;
#1872 = AXIS2_PLACEMENT_3D ( 'NONE', #441, #1562, #11 ) ;
#1873 = DIRECTION ( 'NONE',  ( -1.000000000000000000, 0.000000000000000000, 0.000000000000000000 ) ) ;
#1874 = VERTEX_POINT ( 'NONE', #2917 ) ;
#1875 = CYLINDRICAL_SURFACE ( 'NONE', #350, 0.03899994794847572166 ) ;
#1876 = FACE_OUTER_BOUND ( 'NONE', #1535, .T. ) ;
#1877 = VERTEX_POINT ( 'NONE', #3628 ) ;
#1878 = CARTESIAN_POINT ( 'NONE',  ( 38.82458570889838256, 38.82659830103293075, 17.00431796927727746 ) ) ;
#1879 = CARTESIAN_POINT ( 'NONE',  ( 38.80718653801415741, 38.80517326319076687, 17.00314955773268011 ) ) ;
#1880 = EDGE_CURVE ( 'NONE', #881, #4732, #1746, .T. ) ;
#1881 = CIRCLE ( 'NONE', #2840, 0.02935410264609947945 ) ;
#1882 = DIRECTION ( 'NONE',  ( -0.000000000000000000, -0.000000000000000000, -1.000000000000000000 ) ) ;
#1883 = ORIENTED_EDGE ( 'NONE', *, *, #337, .F. ) ;
#1884 = DIRECTION ( 'NONE',  ( -0.000000000000000000, -0.000000000000000000, -1.000000000000000000 ) ) ;
#1885 = DIRECTION ( 'NONE',  ( -0.7071067811865474617, 0.7071067811865474617, 0.000000000000000000 ) ) ;
#1886 = EDGE_CURVE ( 'NONE', #1420, #414, #1830, .T. ) ;
#1887 = EDGE_LOOP ( 'NONE', ( #1554, #2735, #3360, #1829 ) ) ;
#1888 = CARTESIAN_POINT ( 'NONE',  ( 38.82395003867010530, 38.82708654970446815, 17.00553320251846046 ) ) ;
#1889 = VERTEX_POINT ( 'NONE', #1372 ) ;
#1890 = CARTESIAN_POINT ( 'NONE',  ( 38.78375371630959734, 38.81495071793764851, 16.95533472047959833 ) ) ;
#1891 = EDGE_CURVE ( 'NONE', #667, #1061, #4398, .T. ) ;
#1892 = SURFACE_SIDE_STYLE ('',( #348 ) ) ;
#1893 = ORIENTED_EDGE ( 'NONE', *, *, #1849, .F. ) ;
#1894 = LINE ( 'NONE', #2637, #4084 ) ;
#1895 = DIRECTION ( 'NONE',  ( -1.000000000000000000, 0.000000000000000000, 0.000000000000000000 ) ) ;
#1896 = DIRECTION ( 'NONE',  ( 0.9659258262895763503, 0.2588190451006250337, 0.000000000000000000 ) ) ;
#1897 = ORIENTED_EDGE ( 'NONE', *, *, #3540, .F. ) ;
#1898 = CIRCLE ( 'NONE', #890, 0.001006105236834714794 ) ;
#1899 = CYLINDRICAL_SURFACE ( 'NONE', #2003, 0.01380000000000336513 ) ;
#1900 = CYLINDRICAL_SURFACE ( 'NONE', #3977, 0.02935410264610283093 ) ;
#1901 = ORIENTED_EDGE ( 'NONE', *, *, #4331, .T. ) ;
#1902 = CARTESIAN_POINT ( 'NONE',  ( 38.84716532739390260, 38.80847285555255155, 16.96933472047959768 ) ) ;
#1903 = ORIENTED_EDGE ( 'NONE', *, *, #3130, .T. ) ;
#1904 = CARTESIAN_POINT ( 'NONE',  ( 38.79394933902182885, 38.78511224309523442, 16.96933472047959768 ) ) ;
#1905 = ORIENTED_EDGE ( 'NONE', *, *, #3803, .T. ) ;
#1906 = EDGE_CURVE ( 'NONE', #349, #3960, #3604, .T. ) ;
#1907 = DIRECTION ( 'NONE',  ( 0.000000000000000000, 0.000000000000000000, -1.000000000000000000 ) ) ;
#1908 = CIRCLE ( 'NONE', #1604, 0.03000003113258031817 ) ;
#1909 = CYLINDRICAL_SURFACE ( 'NONE', #3673, 0.03600013749699115806 ) ;
#1910 = ORIENTED_EDGE ( 'NONE', *, *, #4564, .T. ) ;
#1911 = AXIS2_PLACEMENT_3D ( 'NONE', #1303, #3104, #3924 ) ;
#1912 = EDGE_LOOP ( 'NONE', ( #977, #3624 ) ) ;
#1913 = AXIS2_PLACEMENT_3D ( 'NONE', #3539, #186, #527 ) ;
#1914 = ADVANCED_FACE ( 'NONE', ( #1027 ), #233, .F. ) ;
#1915 = DIRECTION ( 'NONE',  ( -0.4999999999999980016, -0.8660254037844398178, -0.000000000000000000 ) ) ;
#1916 = DIRECTION ( 'NONE',  ( -0.000000000000000000, -0.000000000000000000, -1.000000000000000000 ) ) ;
#1917 = ORIENTED_EDGE ( 'NONE', *, *, #4151, .F. ) ;
#1918 = FACE_OUTER_BOUND ( 'NONE', #3549, .T. ) ;
#1919 = EDGE_CURVE ( 'NONE', #2756, #1610, #3225, .T. ) ;
#1920 = DIRECTION ( 'NONE',  ( 0.000000000000000000, -0.000000000000000000, -1.000000000000000000 ) ) ;
#1921 = CARTESIAN_POINT ( 'NONE',  ( 38.78576225941007749, 38.84065608046674356, 16.96933472047959768 ) ) ;
#1922 = CIRCLE ( 'NONE', #674, 0.02935410264610073192 ) ;
#1923 = DIRECTION ( 'NONE',  ( -1.000000000000000000, 0.000000000000000000, 0.000000000000000000 ) ) ;
#1924 = EDGE_LOOP ( 'NONE', ( #1842, #1139, #4603, #4396 ) ) ;
#1925 = AXIS2_PLACEMENT_3D ( 'NONE', #2634, #4527, #3799 ) ;
#1926 = CARTESIAN_POINT ( 'NONE',  ( 38.84627559518108342, 38.80747350322886291, 16.96933472047959768 ) ) ;
#1927 = DIRECTION ( 'NONE',  ( 0.000000000000000000, 0.000000000000000000, -1.000000000000000000 ) ) ;
#1928 = EDGE_LOOP ( 'NONE', ( #717, #1561, #798, #656 ) ) ;
#1929 = CYLINDRICAL_SURFACE ( 'NONE', #4557, 0.001006105236832866012 ) ;
#1930 = AXIS2_PLACEMENT_3D ( 'NONE', #4407, #1031, #3234 ) ;
#1931 = VERTEX_POINT ( 'NONE', #2504 ) ;
#1932 = CARTESIAN_POINT ( 'NONE',  ( 38.84728168145630178, 38.82429843800235147, 16.96933472047959768 ) ) ;
#1933 = EDGE_LOOP ( 'NONE', ( #803, #3786, #4895, #245 ) ) ;
#1934 = AXIS2_PLACEMENT_3D ( 'NONE', #1020, #2912, #1737 ) ;
#1935 = AXIS2_PLACEMENT_3D ( 'NONE', #4496, #4891, #1464 ) ;
#1936 = FACE_OUTER_BOUND ( 'NONE', #4303, .T. ) ;
#1937 = DIRECTION ( 'NONE',  ( -1.000000000000000000, 0.000000000000000000, 0.000000000000000000 ) ) ;
#1938 = CARTESIAN_POINT ( 'NONE',  ( 38.84571771260981876, 38.84444387598900050, 16.96933472047959768 ) ) ;
#1939 = ORIENTED_EDGE ( 'NONE', *, *, #3985, .T. ) ;
#1940 = CIRCLE ( 'NONE', #3683, 0.001006105236836115583 ) ;
#1941 = EDGE_LOOP ( 'NONE', ( #2393, #3579, #3318, #1018 ) ) ;
#1942 = CYLINDRICAL_SURFACE ( 'NONE', #62, 0.03600013749699115806 ) ;
#1943 = CARTESIAN_POINT ( 'NONE',  ( 38.80218313933195162, 38.85239934817216323, 16.96933472047959768 ) ) ;
#1944 = AXIS2_PLACEMENT_3D ( 'NONE', #2045, #4195, #496 ) ;
#1945 = DIRECTION ( 'NONE',  ( -0.000000000000000000, -0.000000000000000000, 1.000000000000000000 ) ) ;
#1946 = EDGE_CURVE ( 'NONE', #3626, #1415, #3602, .T. ) ;
#1947 = ADVANCED_FACE ( 'NONE', ( #3669 ), #202, .T. ) ;
#1948 = CARTESIAN_POINT ( 'NONE',  ( 38.81588593523276387, 38.81588593523274255, 16.97053472028886389 ) ) ;
#1949 = CIRCLE ( 'NONE', #3215, 0.001006105236833839843 ) ;
#1950 = DIRECTION ( 'NONE',  ( -0.000000000000000000, -0.000000000000000000, 1.000000000000000000 ) ) ;
#1951 = VERTEX_POINT ( 'NONE', #3200 ) ;
#1952 = LINE ( 'NONE', #167, #617 ) ;
#1953 = ADVANCED_FACE ( 'NONE', ( #3647 ), #1766, .T. ) ;
#1954 = CARTESIAN_POINT ( 'NONE',  ( 38.84418082511670178, 38.83114218620552549, 16.96933472047959768 ) ) ;
#1955 = ORIENTED_EDGE ( 'NONE', *, *, #2300, .F. ) ;
#1956 = DIRECTION ( 'NONE',  ( 0.000000000000000000, -0.000000000000000000, -1.000000000000000000 ) ) ;
#1957 = DIRECTION ( 'NONE',  ( 0.8660254037833949869, -0.5000000000018076651, 0.000000000000000000 ) ) ;
#1958 = VERTEX_POINT ( 'NONE', #4424 ) ;
#1959 = EDGE_CURVE ( 'NONE', #848, #3305, #4730, .T. ) ;
#1960 = CARTESIAN_POINT ( 'NONE',  ( 38.82329901491295487, 38.84716532739388128, 16.95533472047959833 ) ) ;
#1961 = VERTEX_POINT ( 'NONE', #655 ) ;
#1962 = DIRECTION ( 'NONE',  ( -0.000000000000000000, 0.000000000000000000, 1.000000000000000000 ) ) ;
#1963 = ORIENTED_EDGE ( 'NONE', *, *, #2237, .T. ) ;
#1964 = DIRECTION ( 'NONE',  ( 0.8660254037839354435, -0.5000000000008716361, 0.000000000000000000 ) ) ;
#1965 = DIRECTION ( 'NONE',  ( 0.000000000000000000, 0.000000000000000000, -1.000000000000000000 ) ) ;
#1966 = CIRCLE ( 'NONE', #3230, 0.001006105236833839843 ) ;
#1967 = AXIS2_PLACEMENT_3D ( 'NONE', #3159, #1182, #1159 ) ;
#1968 = DIRECTION ( 'NONE',  ( 0.000000000000000000, -0.000000000000000000, -1.000000000000000000 ) ) ;
#1969 = ORIENTED_EDGE ( 'NONE', *, *, #1201, .T. ) ;
#1970 = ORIENTED_EDGE ( 'NONE', *, *, #1583, .F. ) ;
#1971 = DIRECTION ( 'NONE',  ( -0.000000000000000000, -0.000000000000000000, 1.000000000000000000 ) ) ;
#1972 = CYLINDRICAL_SURFACE ( 'NONE', #3170, 0.001006105236832866012 ) ;
#1973 = DIRECTION ( 'NONE',  ( 0.000000000000000000, -0.000000000000000000, -1.000000000000000000 ) ) ;
#1974 = CARTESIAN_POINT ( 'NONE',  ( 38.85435886486268231, 38.82227574162067185, 16.96933472047959768 ) ) ;
#1975 = EDGE_CURVE ( 'NONE', #2851, #2198, #3989, .T. ) ;
#1976 = DIRECTION ( 'NONE',  ( -1.000000000000000000, 0.000000000000000000, 0.000000000000000000 ) ) ;
#1977 = ORIENTED_EDGE ( 'NONE', *, *, #2086, .T. ) ;
#1978 = DIRECTION ( 'NONE',  ( -1.000000000000000000, 0.000000000000000000, 0.000000000000000000 ) ) ;
#1979 = DIRECTION ( 'NONE',  ( 0.000000000000000000, 0.000000000000000000, -1.000000000000000000 ) ) ;
#1980 = EDGE_LOOP ( 'NONE', ( #1548, #1152, #1033, #1036 ) ) ;
#1981 = DIRECTION ( 'NONE',  ( -0.000000000000000000, -0.000000000000000000, 1.000000000000000000 ) ) ;
#1982 = ORIENTED_EDGE ( 'NONE', *, *, #4292, .F. ) ;
#1983 = CARTESIAN_POINT ( 'NONE',  ( 38.79900996728238027, 38.78852618938183383, 16.96933472047959768 ) ) ;
#1984 = ORIENTED_EDGE ( 'NONE', *, *, #4130, .F. ) ;
#1985 = DIRECTION ( 'NONE',  ( -0.000000000000000000, 0.000000000000000000, 1.000000000000000000 ) ) ;
#1986 = EDGE_CURVE ( 'NONE', #2250, #3239, #4088, .T. ) ;
#1987 = AXIS2_PLACEMENT_3D ( 'NONE', #2507, #1054, #689 ) ;
#1988 = CARTESIAN_POINT ( 'NONE',  ( 38.81588593523276387, 38.81588593523274255, 16.95533472047959833 ) ) ;
#1989 = CARTESIAN_POINT ( 'NONE',  ( 38.85139415702916921, 38.79975639324169379, 16.96933472047959768 ) ) ;
#1990 = DIRECTION ( 'NONE',  ( 0.000000000000000000, -0.000000000000000000, 1.000000000000000000 ) ) ;
#1991 = ORIENTED_EDGE ( 'NONE', *, *, #3193, .F. ) ;
#1992 = CARTESIAN_POINT ( 'NONE',  ( 38.82420122148220543, 38.82689987625256123, 17.00522246562020001 ) ) ;
#1993 = ORIENTED_EDGE ( 'NONE', *, *, #3454, .F. ) ;
#1994 = DIRECTION ( 'NONE',  ( -1.000000000000000000, 0.000000000000000000, 0.000000000000000000 ) ) ;
#1995 = AXIS2_PLACEMENT_3D ( 'NONE', #1826, #2130, #4393 ) ;
#1996 = DIRECTION ( 'NONE',  ( 0.2588190451017443605, -0.9659258262892763680, 0.000000000000000000 ) ) ;
#1997 = AXIS2_PLACEMENT_3D ( 'NONE', #2205, #3319, #4850 ) ;
#1998 = LINE ( 'NONE', #2047, #3349 ) ;
#1999 = VERTEX_POINT ( 'NONE', #4134 ) ;
#2000 = VECTOR ( 'NONE', #1920, 1.000000000000000000 ) ;
#2001 = CARTESIAN_POINT ( 'NONE',  ( 38.81588593523276387, 38.81588593523274255, 16.96933472047959768 ) ) ;
#2002 = DIRECTION ( 'NONE',  ( -0.2588190451026144978, 0.9659258262890429991, 0.000000000000000000 ) ) ;
#2003 = AXIS2_PLACEMENT_3D ( 'NONE', #3810, #1114, #33 ) ;
#2004 = PLANE ( 'NONE',  #3358 ) ;
#2005 = EDGE_CURVE ( 'NONE', #1519, #2281, #4629, .T. ) ;
#2006 = DIRECTION ( 'NONE',  ( -0.000000000000000000, -0.000000000000000000, -1.000000000000000000 ) ) ;
#2007 = CYLINDRICAL_SURFACE ( 'NONE', #4690, 0.03600013749699115806 ) ;
#2008 = AXIS2_PLACEMENT_3D ( 'NONE', #1708, #3212, #1681 ) ;
#2009 = ORIENTED_EDGE ( 'NONE', *, *, #2976, .F. ) ;
#2010 = DIRECTION ( 'NONE',  ( -0.000000000000000000, -0.000000000000000000, 1.000000000000000000 ) ) ;
#2011 = EDGE_CURVE ( 'NONE', #4441, #2727, #2480, .T. ) ;
#2012 = VERTEX_POINT ( 'NONE', #2966 ) ;
#2013 = CIRCLE ( 'NONE', #219, 0.02250000000000085265 ) ;
#2014 = DIRECTION ( 'NONE',  ( 0.2588190451017443605, 0.9659258262892763680, 0.000000000000000000 ) ) ;
#2015 = VECTOR ( 'NONE', #4898, 1.000000000000000000 ) ;
#2016 = CARTESIAN_POINT ( 'NONE',  ( 38.78048322234275957, 38.82911024244044995, 16.95533472047959833 ) ) ;
#2017 = EDGE_CURVE ( 'NONE', #4528, #1877, #1084, .T. ) ;
#2018 = ORIENTED_EDGE ( 'NONE', *, *, #2828, .T. ) ;
#2019 = VECTOR ( 'NONE', #3820, 1.000000000000000000 ) ;
#2020 = VECTOR ( 'NONE', #3000, 1.000000000000000000 ) ;
#2021 = DIRECTION ( 'NONE',  ( -0.4999999999999605871, 0.8660254037844614672, 0.000000000000000000 ) ) ;
#2022 = LINE ( 'NONE', #159, #338 ) ;
#2023 = DIRECTION ( 'NONE',  ( -0.000000000000000000, 0.000000000000000000, 1.000000000000000000 ) ) ;
#2024 = EDGE_LOOP ( 'NONE', ( #2531, #3844, #1636, #94 ) ) ;
#2025 = VECTOR ( 'NONE', #2774, 1.000000000000000000 ) ;
#2026 = CYLINDRICAL_SURFACE ( 'NONE', #4267, 0.03899994794847572166 ) ;
#2027 = AXIS2_PLACEMENT_3D ( 'NONE', #1852, #3380, #3405 ) ;
#2028 = DIRECTION ( 'NONE',  ( 0.000000000000000000, 0.000000000000000000, 1.000000000000000000 ) ) ;
#2029 = AXIS2_PLACEMENT_3D ( 'NONE', #1625, #840, #2738 ) ;
#2030 = ORIENTED_EDGE ( 'NONE', *, *, #2933, .T. ) ;
#2031 = CYLINDRICAL_SURFACE ( 'NONE', #4332, 0.001006105236832866012 ) ;
#2032 = AXIS2_PLACEMENT_3D ( 'NONE', #189, #1684, #1318 ) ;
#2033 = CARTESIAN_POINT ( 'NONE',  ( 38.81588593523276387, 38.81588593523274255, 16.96933472047959768 ) ) ;
#2034 = ORIENTED_EDGE ( 'NONE', *, *, #216, .T. ) ;
#2035 = DIRECTION ( 'NONE',  ( -0.000000000000000000, -0.000000000000000000, 1.000000000000000000 ) ) ;
#2036 = ORIENTED_EDGE ( 'NONE', *, *, #401, .T. ) ;
#2037 = CARTESIAN_POINT ( 'NONE',  ( 38.83438593523277405, 38.81588593523274255, 16.96233472047959978 ) ) ;
#2038 = ORIENTED_EDGE ( 'NONE', *, *, #2185, .F. ) ;
#2039 = CYLINDRICAL_SURFACE ( 'NONE', #864, 0.03899994794847572166 ) ;
#2040 = CARTESIAN_POINT ( 'NONE',  ( 38.81465445981498874, 38.83634891322460447, 17.00973472028886491 ) ) ;
#2041 = ADVANCED_FACE ( 'NONE', ( #2223 ), #1503, .F. ) ;
#2042 = DIRECTION ( 'NONE',  ( 0.000000000000000000, -0.000000000000000000, 1.000000000000000000 ) ) ;
#2043 = LINE ( 'NONE', #3553, #48 ) ;
#2044 = ORIENTED_EDGE ( 'NONE', *, *, #623, .F. ) ;
#2045 = CARTESIAN_POINT ( 'NONE',  ( 38.81588593523276387, 38.81588593523274255, 17.00973472028886491 ) ) ;
#2046 = DIRECTION ( 'NONE',  ( -1.000000000000000000, 0.000000000000000000, 0.000000000000000000 ) ) ;
#2047 = CARTESIAN_POINT ( 'NONE',  ( 38.78576230400921077, 38.79111573576057026, 16.96933472047959768 ) ) ;
#2048 = AXIS2_PLACEMENT_3D ( 'NONE', #1656, #109, #2283 ) ;
#2049 = CARTESIAN_POINT ( 'NONE',  ( 38.81588593523276387, 38.81588593523274255, 16.96933472047959768 ) ) ;
#2050 = EDGE_CURVE ( 'NONE', #3997, #4765, #2973, .T. ) ;
#2051 = CARTESIAN_POINT ( 'NONE',  ( 38.82744204190321113, 38.85553372609595613, 16.95533472047959833 ) ) ;
#2052 = DIRECTION ( 'NONE',  ( -0.000000000000000000, -0.000000000000000000, -1.000000000000000000 ) ) ;
#2053 = EDGE_LOOP ( 'NONE', ( #1578, #2228 ) ) ;
#2054 = FACE_OUTER_BOUND ( 'NONE', #1413, .T. ) ;
#2055 = LINE ( 'NONE', #2892, #2176 ) ;
#2056 = ORIENTED_EDGE ( 'NONE', *, *, #4379, .F. ) ;
#2057 = CARTESIAN_POINT ( 'NONE',  ( 38.81588593523276387, 38.81588593523274255, 16.96933472047959768 ) ) ;
#2058 = ORIENTED_EDGE ( 'NONE', *, *, #3555, .T. ) ;
#2059 = CARTESIAN_POINT ( 'NONE',  ( 38.80836536250022561, 38.80431443400826907, 17.00586905625500478 ) ) ;
#2060 = PLANE ( 'NONE',  #646 ) ;
#2061 = ORIENTED_EDGE ( 'NONE', *, *, #2519, .F. ) ;
#2062 = CARTESIAN_POINT ( 'NONE',  ( 38.79338593523276302, 38.81588593523274255, 16.97053472028886389 ) ) ;
#2063 = DIRECTION ( 'NONE',  ( -0.000000000000000000, -0.000000000000000000, -1.000000000000000000 ) ) ;
#2064 = DIRECTION ( 'NONE',  ( -0.000000000000000000, 0.000000000000000000, -1.000000000000000000 ) ) ;
#2065 = EDGE_CURVE ( 'NONE', #1610, #4538, #388, .T. ) ;
#2066 = ORIENTED_EDGE ( 'NONE', *, *, #1589, .F. ) ;
#2067 = CIRCLE ( 'NONE', #4844, 0.02935410264610328890 ) ;
#2068 = FACE_OUTER_BOUND ( 'NONE', #2676, .T. ) ;
#2069 = FACE_OUTER_BOUND ( 'NONE', #41, .T. ) ;
#2070 = DIRECTION ( 'NONE',  ( -0.000000000000000000, 0.000000000000000000, -1.000000000000000000 ) ) ;
#2071 = CARTESIAN_POINT ( 'NONE',  ( 38.79338593523276302, 38.81588593523274255, 16.97023472028886459 ) ) ;
#2072 = EDGE_CURVE ( 'NONE', #3139, #1931, #3714, .T. ) ;
#2073 = CIRCLE ( 'NONE', #3499, 0.001006105236833839843 ) ;
#2074 = VECTOR ( 'NONE', #3552, 1.000000000000000000 ) ;
#2075 = DIRECTION ( 'NONE',  ( -0.000000000000000000, -0.000000000000000000, 1.000000000000000000 ) ) ;
#2076 = CARTESIAN_POINT ( 'NONE',  ( 38.81588593523276387, 38.81588593523274255, 16.95533472047959833 ) ) ;
#2077 = VECTOR ( 'NONE', #463, 1.000000000000000000 ) ;
#2078 = ORIENTED_EDGE ( 'NONE', *, *, #4902, .T. ) ;
#2079 = CARTESIAN_POINT ( 'NONE',  ( 38.82455087435223362, 38.82662660879732641, 17.00300588773262689 ) ) ;
#2080 = ADVANCED_FACE ( 'NONE', ( #3741 ), #1900, .T. ) ;
#2081 = CARTESIAN_POINT ( 'NONE',  ( 38.77861413290328585, 38.80963716477706527, 16.96933472047959768 ) ) ;
#2082 = VERTEX_POINT ( 'NONE', #4494 ) ;
#2083 = DIRECTION ( 'NONE',  ( -1.000000000000000000, 0.000000000000000000, 0.000000000000000000 ) ) ;
#2084 = EDGE_LOOP ( 'NONE', ( #2601, #205 ) ) ;
#2085 = LINE ( 'NONE', #4420, #2413 ) ;
#2086 = EDGE_CURVE ( 'NONE', #4441, #2179, #724, .T. ) ;
#2087 = VERTEX_POINT ( 'NONE', #361 ) ;
#2088 = DIRECTION ( 'NONE',  ( 0.000000000000000000, -1.000000000000000000, 0.000000000000000000 ) ) ;
#2089 = CARTESIAN_POINT ( 'NONE',  ( 38.83213754253269911, 38.84403461804295432, 16.95533472047959833 ) ) ;
#2090 = VERTEX_POINT ( 'NONE', #3012 ) ;
#2091 = CARTESIAN_POINT ( 'NONE',  ( 38.82075903746400058, 38.82879692779295766, 17.00403100025367564 ) ) ;
#2092 = VECTOR ( 'NONE', #1676, 1.000000000000000000 ) ;
#2093 = CARTESIAN_POINT ( 'NONE',  ( 38.84324568108367259, 38.79900996728235896, 16.96933472047959768 ) ) ;
#2094 = CARTESIAN_POINT ( 'NONE',  ( 38.79738593523275370, 38.81588593523274255, 16.96233472047959978 ) ) ;
#2095 = VERTEX_POINT ( 'NONE', #2573 ) ;
#2096 = VECTOR ( 'NONE', #4072, 1.000000000000000000 ) ;
#2097 = CARTESIAN_POINT ( 'NONE',  ( 38.84503987766709088, 38.83993343035452028, 16.96933472047959768 ) ) ;
#2098 = DIRECTION ( 'NONE',  ( -0.000000000000000000, -0.000000000000000000, -1.000000000000000000 ) ) ;
#2099 = CIRCLE ( 'NONE', #1315, 0.03600013749699044335 ) ;
#2100 = EDGE_CURVE ( 'NONE', #924, #1466, #1834, .T. ) ;
#2101 = FACE_OUTER_BOUND ( 'NONE', #1543, .T. ) ;
#2102 = ADVANCED_FACE ( 'NONE', ( #3363, #3765 ), #1857, .F. ) ;
#2103 = ORIENTED_EDGE ( 'NONE', *, *, #4755, .F. ) ;
#2104 = DIRECTION ( 'NONE',  ( -1.000000000000000000, 0.000000000000000000, 0.000000000000000000 ) ) ;
#2105 = FACE_OUTER_BOUND ( 'NONE', #1941, .T. ) ;
#2106 = CIRCLE ( 'NONE', #2027, 0.001006105236834714794 ) ;
#2107 = CYLINDRICAL_SURFACE ( 'NONE', #2149, 0.03600013749699115806 ) ;
#2108 = ADVANCED_FACE ( 'NONE', ( #1876 ), #4537, .F. ) ;
#2109 = AXIS2_PLACEMENT_3D ( 'NONE', #4206, #3887, #168 ) ;
#2110 = ORIENTED_EDGE ( 'NONE', *, *, #2908, .T. ) ;
#2111 = DIRECTION ( 'NONE',  ( 0.000000000000000000, 0.000000000000000000, -1.000000000000000000 ) ) ;
#2112 = EDGE_LOOP ( 'NONE', ( #4013, #1741, #336, #4796 ) ) ;
#2113 = EDGE_CURVE ( 'NONE', #4374, #3963, #3595, .T. ) ;
#2114 = DIRECTION ( 'NONE',  ( -1.000000000000000000, 0.000000000000000000, 0.000000000000000000 ) ) ;
#2115 = CARTESIAN_POINT ( 'NONE',  ( 38.80736506764789340, 38.80503044940913071, 17.00260537290171570 ) ) ;
#2116 = ORIENTED_EDGE ( 'NONE', *, *, #693, .T. ) ;
#2117 = AXIS2_PLACEMENT_3D ( 'NONE', #4868, #4159, #4110 ) ;
#2118 = CARTESIAN_POINT ( 'NONE',  ( 38.82190441736829456, 38.82830513572555731, 17.00575694580268760 ) ) ;
#2119 = CARTESIAN_POINT ( 'NONE',  ( 38.84302851280614277, 38.79963432793280731, 16.95533472047959833 ) ) ;
#2120 = DIRECTION ( 'NONE',  ( 0.4999999999999919509, 0.8660254037844432595, 0.000000000000000000 ) ) ;
#2121 = CARTESIAN_POINT ( 'NONE',  ( 38.81678667374546166, 38.85717370087637335, 16.95533472047959833 ) ) ;
#2122 = AXIS2_PLACEMENT_3D ( 'NONE', #515, #125, #1618 ) ;
#2123 = CYLINDRICAL_SURFACE ( 'NONE', #588, 0.02935410264610283093 ) ;
#2124 = DIRECTION ( 'NONE',  ( -1.000000000000000000, 0.000000000000000000, 0.000000000000000000 ) ) ;
#2125 = VECTOR ( 'NONE', #328, 1.000000000000000000 ) ;
#2126 = VERTEX_POINT ( 'NONE', #312 ) ;
#2127 = DIRECTION ( 'NONE',  ( 0.7071067811876368125, -0.7071067811854583329, 0.000000000000000000 ) ) ;
#2128 = DIRECTION ( 'NONE',  ( -0.000000000000000000, -0.000000000000000000, 1.000000000000000000 ) ) ;
#2129 = EDGE_CURVE ( 'NONE', #4221, #427, #283, .T. ) ;
#2130 = DIRECTION ( 'NONE',  ( -0.000000000000000000, -0.000000000000000000, -1.000000000000000000 ) ) ;
#2131 = VERTEX_POINT ( 'NONE', #4842 ) ;
#2132 = CYLINDRICAL_SURFACE ( 'NONE', #4006, 0.03600013749699115806 ) ;
#2133 = ORIENTED_EDGE ( 'NONE', *, *, #4043, .T. ) ;
#2134 = EDGE_CURVE ( 'NONE', #2734, #4192, #1438, .T. ) ;
#2135 = CARTESIAN_POINT ( 'NONE',  ( 38.78150143957277862, 38.80020343417888995, 16.96933472047959768 ) ) ;
#2136 = CARTESIAN_POINT ( 'NONE',  ( 38.84403458141194676, 38.83213760597948294, 16.96933472047959768 ) ) ;
#2137 = EDGE_CURVE ( 'NONE', #147, #2977, #1922, .T. ) ;
#2138 = ORIENTED_EDGE ( 'NONE', *, *, #3933, .T. ) ;
#2139 = ADVANCED_FACE ( 'NONE', ( #4591 ), #4713, .F. ) ;
#2140 = DIRECTION ( 'NONE',  ( -0.000000000000000000, -0.000000000000000000, -1.000000000000000000 ) ) ;
#2141 = DIRECTION ( 'NONE',  ( 1.000000000000000000, 0.000000000000000000, -0.000000000000000000 ) ) ;
#2142 = ORIENTED_EDGE ( 'NONE', *, *, #4861, .F. ) ;
#2143 = DIRECTION ( 'NONE',  ( -1.000000000000000000, 0.000000000000000000, 0.000000000000000000 ) ) ;
#2144 = CARTESIAN_POINT ( 'NONE',  ( 38.82958873113357612, 38.77937252229332188, 16.96933472047959768 ) ) ;
#2145 = ORIENTED_EDGE ( 'NONE', *, *, #1226, .T. ) ;
#2146 = CARTESIAN_POINT ( 'NONE',  ( 38.83786309241147450, 38.83886924945239372, 16.96933472047959768 ) ) ;
#2147 = AXIS2_PLACEMENT_3D ( 'NONE', #4046, #2860, #3651 ) ;
#2148 = CYLINDRICAL_SURFACE ( 'NONE', #4125, 0.001006105236832866012 ) ;
#2149 = AXIS2_PLACEMENT_3D ( 'NONE', #2748, #1296, #880 ) ;
#2150 = EDGE_LOOP ( 'NONE', ( #4597, #2324, #10, #1339 ) ) ;
#2151 = CYLINDRICAL_SURFACE ( 'NONE', #846, 0.001006105236832866012 ) ;
#2152 = EDGE_CURVE ( 'NONE', #299, #3352, #3095, .T. ) ;
#2153 = CARTESIAN_POINT ( 'NONE',  ( 38.83422313171968909, 38.80672093523273958, 16.99773472028886445 ) ) ;
#2154 = ORIENTED_EDGE ( 'NONE', *, *, #91, .T. ) ;
#2155 = AXIS2_PLACEMENT_3D ( 'NONE', #1658, #2440, #3185 ) ;
#2156 = CARTESIAN_POINT ( 'NONE',  ( 38.81588593523276387, 38.81588593523274255, 16.99773472028886445 ) ) ;
#2157 = VERTEX_POINT ( 'NONE', #552 ) ;
#2158 = DIRECTION ( 'NONE',  ( 0.000000000000000000, 1.000000000000000000, 0.000000000000000000 ) ) ;
#2159 = EDGE_CURVE ( 'NONE', #3812, #3640, #517, .T. ) ;
#2160 = ADVANCED_FACE ( 'NONE', ( #2817 ), #2467, .F. ) ;
#2161 = ORIENTED_EDGE ( 'NONE', *, *, #2129, .F. ) ;
#2162 = DIRECTION ( 'NONE',  ( -0.5000000000018076651, -0.8660254037833949869, 0.000000000000000000 ) ) ;
#2163 = EDGE_CURVE ( 'NONE', #3395, #1712, #951, .T. ) ;
#2164 = AXIS2_PLACEMENT_3D ( 'NONE', #2200, #1048, #4063 ) ;
#2165 = DIRECTION ( 'NONE',  ( -0.000000000000000000, -0.000000000000000000, -1.000000000000000000 ) ) ;
#2166 = VERTEX_POINT ( 'NONE', #3187 ) ;
#2167 = ORIENTED_EDGE ( 'NONE', *, *, #4230, .T. ) ;
#2168 = VECTOR ( 'NONE', #3320, 1.000000000000000000 ) ;
#2169 = CARTESIAN_POINT ( 'NONE',  ( 38.79319968410938912, 38.84760863924660157, 16.96933472047959768 ) ) ;
#2170 = EDGE_CURVE ( 'NONE', #2242, #4414, #4866, .T. ) ;
#2171 = CARTESIAN_POINT ( 'NONE',  ( 38.81588593523276387, 38.81588593523274255, 16.99773472028886445 ) ) ;
#2172 = ORIENTED_EDGE ( 'NONE', *, *, #4720, .T. ) ;
#2173 = ORIENTED_EDGE ( 'NONE', *, *, #3858, .T. ) ;
#2174 = VECTOR ( 'NONE', #3132, 1.000000000000000000 ) ;
#2175 = CARTESIAN_POINT ( 'NONE',  ( 38.81588589860172789, 38.84838921327941819, 17.03813472353135694 ) ) ;
#2176 = VECTOR ( 'NONE', #555, 1.000000000000000000 ) ;
#2177 = DIRECTION ( 'NONE',  ( -0.8660254037832296747, -0.5000000000020939916, 0.000000000000000000 ) ) ;
#2178 = DIRECTION ( 'NONE',  ( -0.000000000000000000, -0.000000000000000000, -1.000000000000000000 ) ) ;
#2179 = VERTEX_POINT ( 'NONE', #2441 ) ;
#2180 = CIRCLE ( 'NONE', #4411, 0.03600013749698689064 ) ;
#2181 = DIRECTION ( 'NONE',  ( -0.8660254037844614672, 0.4999999999999605871, 0.000000000000000000 ) ) ;
#2182 = ORIENTED_EDGE ( 'NONE', *, *, #780, .F. ) ;
#2183 = CARTESIAN_POINT ( 'NONE',  ( 38.80885933462097626, 38.80400786715603800, 17.00148466503855715 ) ) ;
#2184 = ORIENTED_EDGE ( 'NONE', *, *, #248, .T. ) ;
#2185 = EDGE_CURVE ( 'NONE', #3272, #3573, #2314, .T. ) ;
#2186 = CARTESIAN_POINT ( 'NONE',  ( 38.78460656203323964, 38.80847278478682938, 16.96933472047959768 ) ) ;
#2187 = PLANE ( 'NONE',  #286 ) ;
#2188 = ORIENTED_EDGE ( 'NONE', *, *, #4185, .T. ) ;
#2189 = VECTOR ( 'NONE', #3498, 1.000000000000000000 ) ;
#2190 = DIRECTION ( 'NONE',  ( -1.000000000000000000, 0.000000000000000000, 0.000000000000000000 ) ) ;
#2191 = DIRECTION ( 'NONE',  ( 0.000000000000000000, -0.000000000000000000, -1.000000000000000000 ) ) ;
#2192 = ORIENTED_EDGE ( 'NONE', *, *, #4286, .F. ) ;
#2193 = ORIENTED_EDGE ( 'NONE', *, *, #1704, .T. ) ;
#2194 = CYLINDRICAL_SURFACE ( 'NONE', #4666, 0.03600013749699115806 ) ;
#2195 = EDGE_CURVE ( 'NONE', #3139, #649, #4062, .T. ) ;
#2196 = DIRECTION ( 'NONE',  ( -0.000000000000000000, 0.000000000000000000, -1.000000000000000000 ) ) ;
#2197 = DIRECTION ( 'NONE',  ( -0.000000000000000000, -0.000000000000000000, 1.000000000000000000 ) ) ;
#2198 = VERTEX_POINT ( 'NONE', #3589 ) ;
#2199 = CARTESIAN_POINT ( 'NONE',  ( 38.82126526540695721, 38.82859474846630832, 17.00522093092046205 ) ) ;
#2200 = CARTESIAN_POINT ( 'NONE',  ( 38.83213754253269911, 38.84403461804295432, 16.96933472047959768 ) ) ;
#2201 = ORIENTED_EDGE ( 'NONE', *, *, #4359, .F. ) ;
#2202 = DIRECTION ( 'NONE',  ( -0.000000000000000000, -0.000000000000000000, 1.000000000000000000 ) ) ;
#2203 = CARTESIAN_POINT ( 'NONE',  ( 38.83422313171968909, 38.80765445754038723, 17.00973472028886491 ) ) ;
#2204 = ORIENTED_EDGE ( 'NONE', *, *, #4749, .T. ) ;
#2205 = CARTESIAN_POINT ( 'NONE',  ( 38.85209255840199205, 38.83574975562039810, 16.95533472047959833 ) ) ;
#2206 = CARTESIAN_POINT ( 'NONE',  ( 38.83422313171968909, 38.80765445754038723, 16.99773472028886445 ) ) ;
#2207 = ORIENTED_EDGE ( 'NONE', *, *, #213, .F. ) ;
#2208 = EDGE_CURVE ( 'NONE', #4732, #1354, #3269, .T. ) ;
#2209 = DIRECTION ( 'NONE',  ( 0.000000000000000000, -1.000000000000000000, 0.000000000000000000 ) ) ;
#2210 = CARTESIAN_POINT ( 'NONE',  ( 38.83213754253269911, 38.84403461804295432, 16.95533472047959833 ) ) ;
#2211 = ORIENTED_EDGE ( 'NONE', *, *, #2772, .T. ) ;
#2212 = ADVANCED_FACE ( 'NONE', ( #824 ), #2319, .T. ) ;
#2213 = FACE_OUTER_BOUND ( 'NONE', #3774, .T. ) ;
#2214 = CIRCLE ( 'NONE', #1987, 0.03600013749699166460 ) ;
#2215 = CARTESIAN_POINT ( 'NONE',  ( 38.78511224309525574, 38.83782253144367758, 16.96933472047959768 ) ) ;
#2216 = EDGE_CURVE ( 'NONE', #1874, #3321, #2719, .T. ) ;
#2217 = DIRECTION ( 'NONE',  ( 0.8660254037839354435, -0.5000000000008716361, 0.000000000000000000 ) ) ;
#2218 = ORIENTED_EDGE ( 'NONE', *, *, #2584, .T. ) ;
#2219 = AXIS2_PLACEMENT_3D ( 'NONE', #1417, #3996, #2088 ) ;
#2220 = AXIS2_PLACEMENT_3D ( 'NONE', #2566, #2540, #2913 ) ;
#2221 = CARTESIAN_POINT ( 'NONE',  ( 38.83201547722381264, 38.85139415702914789, 16.96933472047959768 ) ) ;
#2222 = AXIS2_PLACEMENT_3D ( 'NONE', #3747, #2974, #342 ) ;
#2223 = FACE_OUTER_BOUND ( 'NONE', #4019, .T. ) ;
#2224 = VERTEX_POINT ( 'NONE', #1166 ) ;
#2225 = LINE ( 'NONE', #3743, #843 ) ;
#2226 = AXIS2_PLACEMENT_3D ( 'NONE', #110, #503, #212 ) ;
#2227 = DIRECTION ( 'NONE',  ( -0.000000000000000000, 0.000000000000000000, 1.000000000000000000 ) ) ;
#2228 = ORIENTED_EDGE ( 'NONE', *, *, #2456, .T. ) ;
#2229 = CARTESIAN_POINT ( 'NONE',  ( 38.80847285555257287, 38.78460654307160382, 16.96933472047959768 ) ) ;
#2230 = CARTESIAN_POINT ( 'NONE',  ( 38.81588593523276387, 38.81588593523274255, 16.96283472047959862 ) ) ;
#2231 = ORIENTED_EDGE ( 'NONE', *, *, #1551, .F. ) ;
#2232 = CARTESIAN_POINT ( 'NONE',  ( 38.77741299409795062, 38.82227567234947685, 16.96933472047959768 ) ) ;
#2233 = CARTESIAN_POINT ( 'NONE',  ( 38.81588593523276387, 38.81588593523274255, 16.97053472028886389 ) ) ;
#2234 = ORIENTED_EDGE ( 'NONE', *, *, #4472, .T. ) ;
#2235 = AXIS2_PLACEMENT_3D ( 'NONE', #244, #2672, #4182 ) ;
#2236 = LINE ( 'NONE', #379, #3679 ) ;
#2237 = EDGE_CURVE ( 'NONE', #3712, #3348, #1585, .T. ) ;
#2238 = ADVANCED_FACE ( 'NONE', ( #2101 ), #3618, .T. ) ;
#2239 = DIRECTION ( 'NONE',  ( -0.4999999999999980016, -0.8660254037844398178, -0.000000000000000000 ) ) ;
#2240 = CIRCLE ( 'NONE', #3427, 0.001006105236833839843 ) ;
#2241 = DIRECTION ( 'NONE',  ( -0.000000000000000000, 0.000000000000000000, 1.000000000000000000 ) ) ;
#2242 = VERTEX_POINT ( 'NONE', #797 ) ;
#2243 = CIRCLE ( 'NONE', #371, 0.001006105236832866012 ) ;
#2244 = CARTESIAN_POINT ( 'NONE',  ( 38.85239934817218455, 38.82958873113355480, 16.96933472047959768 ) ) ;
#2245 = DIRECTION ( 'NONE',  ( 0.000000000000000000, -0.000000000000000000, -1.000000000000000000 ) ) ;
#2246 = ORIENTED_EDGE ( 'NONE', *, *, #3315, .F. ) ;
#2247 = AXIS2_PLACEMENT_3D ( 'NONE', #271, #4731, #4377 ) ;
#2248 = CARTESIAN_POINT ( 'NONE',  ( 38.81588593523276387, 38.81588593523274255, 16.97023472028886459 ) ) ;
#2249 = DIRECTION ( 'NONE',  ( -1.000000000000000000, 0.000000000000000000, 0.000000000000000000 ) ) ;
#2250 = VERTEX_POINT ( 'NONE', #2292 ) ;
#2251 = EDGE_CURVE ( 'NONE', #4854, #3381, #3346, .T. ) ;
#2252 = VECTOR ( 'NONE', #4612, 1.000000000000000000 ) ;
#2253 = CARTESIAN_POINT ( 'NONE',  ( 38.79382632382886698, 38.79250372684635551, 16.96933472047959768 ) ) ;
#2254 = CARTESIAN_POINT ( 'NONE',  ( 38.83782253144369889, 38.84665962737024358, 16.96933472047959768 ) ) ;
#2255 = VERTEX_POINT ( 'NONE', #67 ) ;
#2256 = AXIS2_PLACEMENT_3D ( 'NONE', #1609, #878, #2746 ) ;
#2257 = ORIENTED_EDGE ( 'NONE', *, *, #1436, .T. ) ;
#2258 = LINE ( 'NONE', #1544, #2020 ) ;
#2259 = PRESENTATION_STYLE_ASSIGNMENT (( #377 ) ) ;
#2260 = ORIENTED_EDGE ( 'NONE', *, *, #417, .F. ) ;
#2261 = DIRECTION ( 'NONE',  ( 0.8660254037867568533, -0.4999999999959848784, 0.000000000000000000 ) ) ;
#2262 = DIRECTION ( 'NONE',  ( -0.000000000000000000, -0.000000000000000000, 1.000000000000000000 ) ) ;
#2263 = DIRECTION ( 'NONE',  ( -1.000000000000000000, 0.000000000000000000, 0.000000000000000000 ) ) ;
#2264 = ADVANCED_FACE ( 'NONE', ( #1558 ), #1058, .T. ) ;
#2265 = ORIENTED_EDGE ( 'NONE', *, *, #814, .F. ) ;
#2266 = DIRECTION ( 'NONE',  ( -1.000000000000000000, 0.000000000000000000, 0.000000000000000000 ) ) ;
#2267 = CARTESIAN_POINT ( 'NONE',  ( 38.85128864812276106, 38.80266162802503516, 16.95533472047959833 ) ) ;
#2268 = VERTEX_POINT ( 'NONE', #1035 ) ;
#2269 = CARTESIAN_POINT ( 'NONE',  ( 38.84627557621946892, 38.82429843800235147, 16.96933472047959768 ) ) ;
#2270 = CIRCLE ( 'NONE', #2508, 0.02935410264609947945 ) ;
#2271 = EDGE_CURVE ( 'NONE', #173, #1238, #3302, .T. ) ;
#2272 = PLANE ( 'NONE',  #1799 ) ;
#2273 = ORIENTED_EDGE ( 'NONE', *, *, #19, .F. ) ;
#2274 = DIRECTION ( 'NONE',  ( 0.000000000000000000, 0.000000000000000000, -1.000000000000000000 ) ) ;
#2275 = DIRECTION ( 'NONE',  ( 0.000000000000000000, 0.000000000000000000, -1.000000000000000000 ) ) ;
#2276 = ORIENTED_EDGE ( 'NONE', *, *, #786, .T. ) ;
#2277 = ADVANCED_FACE ( 'NONE', ( #4483 ), #4388, .T. ) ;
#2278 = ORIENTED_EDGE ( 'NONE', *, *, #3533, .F. ) ;
#2279 = CYLINDRICAL_SURFACE ( 'NONE', #4156, 0.002249999999999715769 ) ;
#2280 = CARTESIAN_POINT ( 'NONE',  ( 38.85119181988930137, 38.79446198997676731, 16.96933472047959768 ) ) ;
#2281 = VERTEX_POINT ( 'NONE', #2144 ) ;
#2282 = ORIENTED_EDGE ( 'NONE', *, *, #383, .T. ) ;
#2283 = DIRECTION ( 'NONE',  ( 1.000000000000000000, 0.000000000000000000, 0.000000000000000000 ) ) ;
#2284 = AXIS2_PLACEMENT_3D ( 'NONE', #2057, #2395, #1689 ) ;
#2285 = CARTESIAN_POINT ( 'NONE',  ( 38.81682115252785792, 38.78375371630957602, 16.96933472047959768 ) ) ;
#2286 = CARTESIAN_POINT ( 'NONE',  ( 38.82178539553586205, 38.82836196674839613, 17.00178291775553774 ) ) ;
#2287 = VECTOR ( 'NONE', #124, 1.000000000000000000 ) ;
#2288 = ORIENTED_EDGE ( 'NONE', *, *, #629, .F. ) ;
#2289 = AXIS2_PLACEMENT_3D ( 'NONE', #1030, #2921, #239 ) ;
#2290 = LINE ( 'NONE', #3437, #4040 ) ;
#2291 = EDGE_CURVE ( 'NONE', #4114, #1195, #4542, .T. ) ;
#2292 = CARTESIAN_POINT ( 'NONE',  ( 38.80666615447552203, 38.84668122329932061, 16.96933472047959768 ) ) ;
#2293 = VERTEX_POINT ( 'NONE', #670 ) ;
#2294 = CARTESIAN_POINT ( 'NONE',  ( 38.84403458141194676, 38.83213760597948294, 16.95533472047959833 ) ) ;
#2295 = ORIENTED_EDGE ( 'NONE', *, *, #2251, .F. ) ;
#2296 = DIRECTION ( 'NONE',  ( -1.000000000000000000, 0.000000000000000000, 0.000000000000000000 ) ) ;
#2297 = VERTEX_POINT ( 'NONE', #2909 ) ;
#2298 = EDGE_LOOP ( 'NONE', ( #3195, #2668, #2647, #1279 ) ) ;
#2299 = EDGE_CURVE ( 'NONE', #2592, #3865, #4413, .T. ) ;
#2300 = EDGE_CURVE ( 'NONE', #2297, #4389, #3826, .T. ) ;
#2301 = CARTESIAN_POINT ( 'NONE',  ( 38.80666622524124421, 38.78509062820454290, 16.96933472047959768 ) ) ;
#2302 = AXIS2_PLACEMENT_3D ( 'NONE', #4660, #2789, #1288 ) ;
#2303 = CYLINDRICAL_SURFACE ( 'NONE', #1312, 0.001006105236832866012 ) ;
#2304 = ORIENTED_EDGE ( 'NONE', *, *, #1264, .T. ) ;
#2305 = ORIENTED_EDGE ( 'NONE', *, *, #2425, .T. ) ;
#2306 = AXIS2_PLACEMENT_3D ( 'NONE', #4457, #2514, #4363 ) ;
#2307 = CARTESIAN_POINT ( 'NONE',  ( 38.83794559844076133, 38.79250377865046318, 16.95533472047959833 ) ) ;
#2308 = EDGE_CURVE ( 'NONE', #983, #1667, #131, .T. ) ;
#2309 = FACE_OUTER_BOUND ( 'NONE', #750, .T. ) ;
#2310 = CARTESIAN_POINT ( 'NONE',  ( 38.81588593523276387, 38.81588593523274255, 16.95533472047959833 ) ) ;
#2311 = EDGE_CURVE ( 'NONE', #534, #2559, #3024, .T. ) ;
#2312 = DIRECTION ( 'NONE',  ( 0.9659258262892763680, -0.2588190451017443605, 0.000000000000000000 ) ) ;
#2313 = LINE ( 'NONE', #3486, #2654 ) ;
#2314 = CIRCLE ( 'NONE', #4710, 0.03899994794847572166 ) ;
#2315 = DIRECTION ( 'NONE',  ( 0.000000000000000000, 0.000000000000000000, -1.000000000000000000 ) ) ;
#2316 = ORIENTED_EDGE ( 'NONE', *, *, #1582, .T. ) ;
#2317 = VECTOR ( 'NONE', #919, 1.000000000000000000 ) ;
#2318 = LINE ( 'NONE', #2347, #893 ) ;
#2319 = CYLINDRICAL_SURFACE ( 'NONE', #2008, 0.03899994794847572166 ) ;
#2320 = ORIENTED_EDGE ( 'NONE', *, *, #3280, .T. ) ;
#2321 = CARTESIAN_POINT ( 'NONE',  ( 38.80717586210798231, 38.80518137986494764, 17.00432508184781710 ) ) ;
#2322 = AXIS2_PLACEMENT_3D ( 'NONE', #76, #3347, #1569 ) ;
#2323 = DIRECTION ( 'NONE',  ( 0.000000000000000000, 0.000000000000000000, -1.000000000000000000 ) ) ;
#2324 = ORIENTED_EDGE ( 'NONE', *, *, #4355, .F. ) ;
#2325 = AXIS2_PLACEMENT_3D ( 'NONE', #101, #1594, #2733 ) ;
#2326 = CYLINDRICAL_SURFACE ( 'NONE', #4606, 0.03899994794847572166 ) ;
#2327 = DIRECTION ( 'NONE',  ( 0.000000000000000000, 0.000000000000000000, -1.000000000000000000 ) ) ;
#2328 = CARTESIAN_POINT ( 'NONE',  ( 38.77937249762127436, 38.82958866539048159, 16.96933472047959768 ) ) ;
#2329 = ORIENTED_EDGE ( 'NONE', *, *, #1264, .F. ) ;
#2330 = AXIS2_PLACEMENT_3D ( 'NONE', #2960, #743, #2217 ) ;
#2331 = EDGE_CURVE ( 'NONE', #3936, #68, #40, .T. ) ;
#2332 = ORIENTED_EDGE ( 'NONE', *, *, #1765, .T. ) ;
#2333 = CARTESIAN_POINT ( 'NONE',  ( 38.78416323121890485, 38.79319968410936781, 16.96933472047959768 ) ) ;
#2334 = CARTESIAN_POINT ( 'NONE',  ( 38.78449018900923306, 38.80747343246313363, 16.96933472047959768 ) ) ;
#2335 = CIRCLE ( 'NONE', #1545, 0.03899994794847572166 ) ;
#2336 = EDGE_LOOP ( 'NONE', ( #3505, #2390, #822, #3814 ) ) ;
#2337 = DIRECTION ( 'NONE',  ( -0.000000000000000000, -0.000000000000000000, -1.000000000000000000 ) ) ;
#2338 = AXIS2_PLACEMENT_3D ( 'NONE', #4104, #698, #24 ) ;
#2339 = AXIS2_PLACEMENT_3D ( 'NONE', #4444, #4468, #727 ) ;
#2340 = DIRECTION ( 'NONE',  ( -0.4999999999999980016, -0.8660254037844398178, -0.000000000000000000 ) ) ;
#2341 = ORIENTED_EDGE ( 'NONE', *, *, #4602, .F. ) ;
#2342 = FACE_OUTER_BOUND ( 'NONE', #1508, .T. ) ;
#2343 = EDGE_CURVE ( 'NONE', #4823, #4374, #1222, .T. ) ;
#2344 = DIRECTION ( 'NONE',  ( 1.000000000000000000, 0.000000000000000000, 0.000000000000000000 ) ) ;
#2345 = EDGE_LOOP ( 'NONE', ( #196, #3746, #1845, #1370 ) ) ;
#2346 = AXIS2_PLACEMENT_3D ( 'NONE', #4727, #1962, #2377 ) ;
#2347 = CARTESIAN_POINT ( 'NONE',  ( 38.85139415702916921, 38.79975639324169379, 16.96933472047959768 ) ) ;
#2348 = DIRECTION ( 'NONE',  ( 0.000000000000000000, -0.000000000000000000, 1.000000000000000000 ) ) ;
#2349 = ORIENTED_EDGE ( 'NONE', *, *, #3857, .T. ) ;
#2350 = DIRECTION ( 'NONE',  ( -1.000000000000000000, 0.000000000000000000, 0.000000000000000000 ) ) ;
#2351 = VERTEX_POINT ( 'NONE', #3727 ) ;
#2352 = PRODUCT_CONTEXT ( 'NONE', #4443, 'mechanical' ) ;
#2353 = ORIENTED_EDGE ( 'NONE', *, *, #2343, .T. ) ;
#2354 = ORIENTED_EDGE ( 'NONE', *, *, #2464, .F. ) ;
#2355 = DIRECTION ( 'NONE',  ( 0.000000000000000000, -0.000000000000000000, -1.000000000000000000 ) ) ;
#2356 = AXIS2_PLACEMENT_3D ( 'NONE', #4201, #1549, #3059 ) ;
#2357 = CARTESIAN_POINT ( 'NONE',  ( 38.83574975562041942, 38.77967931206351437, 16.96933472047959768 ) ) ;
#2358 = VERTEX_POINT ( 'NONE', #1756 ) ;
#2359 = ORIENTED_EDGE ( 'NONE', *, *, #4432, .F. ) ;
#2360 = DIRECTION ( 'NONE',  ( -0.000000000000000000, -0.000000000000000000, -1.000000000000000000 ) ) ;
#2361 = DIRECTION ( 'NONE',  ( -1.000000000000000000, 0.000000000000000000, 0.000000000000000000 ) ) ;
#2362 = EDGE_CURVE ( 'NONE', #3511, #344, #1847, .T. ) ;
#2363 = DIRECTION ( 'NONE',  ( -1.000000000000000000, 0.000000000000000000, 0.000000000000000000 ) ) ;
#2364 = ORIENTED_EDGE ( 'NONE', *, *, #4499, .F. ) ;
#2365 = PLANE ( 'NONE',  #2675 ) ;
#2366 = LINE ( 'NONE', #1606, #3015 ) ;
#2367 = EDGE_CURVE ( 'NONE', #1540, #3872, #2927, .T. ) ;
#2368 = ORIENTED_EDGE ( 'NONE', *, *, #2999, .F. ) ;
#2369 = DIRECTION ( 'NONE',  ( -1.000000000000000000, 0.000000000000000000, 0.000000000000000000 ) ) ;
#2370 = PLANE ( 'NONE',  #2564 ) ;
#2371 = ORIENTED_EDGE ( 'NONE', *, *, #4012, .T. ) ;
#2372 = DIRECTION ( 'NONE',  ( 0.000000000000000000, -0.000000000000000000, -1.000000000000000000 ) ) ;
#2373 = EDGE_CURVE ( 'NONE', #1251, #1177, #4764, .T. ) ;
#2374 = ORIENTED_EDGE ( 'NONE', *, *, #508, .T. ) ;
#2375 = DIRECTION ( 'NONE',  ( 0.000000000000000000, 0.000000000000000000, -1.000000000000000000 ) ) ;
#2376 = VERTEX_POINT ( 'NONE', #4030 ) ;
#2377 = DIRECTION ( 'NONE',  ( 0.2588190451025316197, 0.9659258262890654256, 0.000000000000000000 ) ) ;
#2378 = VECTOR ( 'NONE', #2483, 1.000000000000000000 ) ;
#2379 = CARTESIAN_POINT ( 'NONE',  ( 38.81792586468395001, 38.83588215207078775, 17.00973472028886491 ) ) ;
#2380 = CARTESIAN_POINT ( 'NONE',  ( 38.79975639324172221, 38.78037771343633722, 16.95533472047959833 ) ) ;
#2381 = ORIENTED_EDGE ( 'NONE', *, *, #548, .T. ) ;
#2382 = DIRECTION ( 'NONE',  ( 0.000000000000000000, -0.000000000000000000, -1.000000000000000000 ) ) ;
#2383 = DIRECTION ( 'NONE',  ( 0.000000000000000000, -1.000000000000000000, 0.000000000000000000 ) ) ;
#2384 = CIRCLE ( 'NONE', #2465, 0.03899994794847572166 ) ;
#2385 = CARTESIAN_POINT ( 'NONE',  ( 38.80218320507502483, 38.77937249762125305, 16.96933472047959768 ) ) ;
#2386 = ORIENTED_EDGE ( 'NONE', *, *, #3245, .F. ) ;
#2387 = CIRCLE ( 'NONE', #984, 0.03600013749698947191 ) ;
#2388 = CARTESIAN_POINT ( 'NONE',  ( 38.81588593523276387, 38.81588593523274255, 16.95533472047959833 ) ) ;
#2389 = CYLINDRICAL_SURFACE ( 'NONE', #1129, 0.03899994794847572166 ) ;
#2390 = ORIENTED_EDGE ( 'NONE', *, *, #3218, .T. ) ;
#2391 = FACE_BOUND ( 'NONE', #2876, .T. ) ;
#2392 = CARTESIAN_POINT ( 'NONE',  ( 38.81588593523276387, 38.81588593523274255, 16.96933472047959768 ) ) ;
#2393 = ORIENTED_EDGE ( 'NONE', *, *, #3568, .T. ) ;
#2394 = EDGE_CURVE ( 'NONE', #3071, #3303, #2481, .T. ) ;
#2395 = DIRECTION ( 'NONE',  ( 0.000000000000000000, 0.000000000000000000, -1.000000000000000000 ) ) ;
#2396 = AXIS2_PLACEMENT_3D ( 'NONE', #4789, #625, #2124 ) ;
#2397 = ORIENTED_EDGE ( 'NONE', *, *, #965, .F. ) ;
#2398 = CARTESIAN_POINT ( 'NONE',  ( 38.81588593523276387, 38.81588593523274255, 16.96233472047959978 ) ) ;
#2399 = VERTEX_POINT ( 'NONE', #1820 ) ;
#2400 = AXIS2_PLACEMENT_3D ( 'NONE', #1400, #595, #3652 ) ;
#2401 = EDGE_CURVE ( 'NONE', #2982, #3444, #1362, .T. ) ;
#2402 = CARTESIAN_POINT ( 'NONE',  ( 38.85599998265945487, 38.82570194871889413, 16.96933472047959768 ) ) ;
#2403 = AXIS2_PLACEMENT_3D ( 'NONE', #2016, #2404, #542 ) ;
#2404 = DIRECTION ( 'NONE',  ( 0.000000000000000000, -0.000000000000000000, 1.000000000000000000 ) ) ;
#2405 = EDGE_CURVE ( 'NONE', #3640, #2747, #1616, .T. ) ;
#2406 = VERTEX_POINT ( 'NONE', #324 ) ;
#2407 = VECTOR ( 'NONE', #1968, 1.000000000000000000 ) ;
#2408 = EDGE_CURVE ( 'NONE', #2131, #4577, #746, .T. ) ;
#2409 = CARTESIAN_POINT ( 'NONE',  ( 38.85239934817218455, 38.82958873113355480, 16.95533472047959833 ) ) ;
#2410 = DIRECTION ( 'NONE',  ( -0.4999999999999980016, -0.8660254037844398178, -0.000000000000000000 ) ) ;
#2411 = CARTESIAN_POINT ( 'NONE',  ( 38.83782253144369889, 38.84665962737024358, 16.96933472047959768 ) ) ;
#2412 = VERTEX_POINT ( 'NONE', #4857 ) ;
#2413 = VECTOR ( 'NONE', #4440, 1.000000000000000000 ) ;
#2414 = CARTESIAN_POINT ( 'NONE',  ( 38.77459816958913308, 38.81678667374544034, 16.95533472047959833 ) ) ;
#2415 = CIRCLE ( 'NONE', #767, 0.02009999999999934062 ) ;
#2416 = DIRECTION ( 'NONE',  ( -0.000000000000000000, 0.000000000000000000, 1.000000000000000000 ) ) ;
#2417 = ORIENTED_EDGE ( 'NONE', *, *, #164, .T. ) ;
#2418 = DIRECTION ( 'NONE',  ( -1.000000000000000000, 0.000000000000000000, 0.000000000000000000 ) ) ;
#2419 = AXIS2_PLACEMENT_3D ( 'NONE', #4057, #306, #719 ) ;
#2420 = CYLINDRICAL_SURFACE ( 'NONE', #52, 0.03000003113258031817 ) ;
#2421 = VERTEX_POINT ( 'NONE', #2687 ) ;
#2422 = CARTESIAN_POINT ( 'NONE',  ( 38.84760868009356471, 38.79319974122669379, 16.95533472047959833 ) ) ;
#2423 = ORIENTED_EDGE ( 'NONE', *, *, #2011, .F. ) ;
#2424 = FACE_OUTER_BOUND ( 'NONE', #3856, .T. ) ;
#2425 = EDGE_CURVE ( 'NONE', #2929, #1032, #1547, .T. ) ;
#2426 = ORIENTED_EDGE ( 'NONE', *, *, #2100, .F. ) ;
#2427 = DIRECTION ( 'NONE',  ( 1.000000000000000000, 0.000000000000000000, 0.000000000000000000 ) ) ;
#2428 = DIRECTION ( 'NONE',  ( -0.9659258262892763680, -0.2588190451017443605, 0.000000000000000000 ) ) ;
#2429 = CARTESIAN_POINT ( 'NONE',  ( 38.81588593523276387, 38.81588593523274255, 16.96933472047959768 ) ) ;
#2430 = EDGE_CURVE ( 'NONE', #3983, #697, #136, .T. ) ;
#2431 = VERTEX_POINT ( 'NONE', #3082 ) ;
#2432 = CIRCLE ( 'NONE', #1568, 0.02935410264610283093 ) ;
#2433 = B_SPLINE_CURVE_WITH_KNOTS ( 'NONE', 3,
 ( #2698, #4212, #2321, #3843, #3468, #95, #4619, #4395, #4348, #1022, #2896, #2059, #1391, #2873, #3244, #4795, #4821, #3944, #3966, #251, #2502, #3643, #586, #4747, #3222, #1004, #1414, #267, #1763, #3267 ),
 .UNSPECIFIED., .F., .F.,
 ( 4, 2, 2, 2, 2, 2, 2, 2, 2, 2, 2, 2, 2, 2, 4 ),
 ( 0.007046282823193047648, 0.007926848875074323994, 0.008367131901012389572, 0.008807414926950453415, 0.009247697952888518994, 0.009687980978826584572, 0.01012826400476465015, 0.01056854703070271573, 0.01100883005664078131, 0.01144911308257884688, 0.01188939610851691246, 0.01232967913445497804, 0.01321024518633710787, 0.01365052821228459126, 0.01409081123823207292 ),
 .UNSPECIFIED. ) ;
#2434 = CARTESIAN_POINT ( 'NONE',  ( 38.81967138312678856, 38.85470173516299752, 16.95533472047959833 ) ) ;
#2435 = DIRECTION ( 'NONE',  ( -0.000000000000000000, 0.000000000000000000, -1.000000000000000000 ) ) ;
#2436 = EDGE_CURVE ( 'NONE', #754, #18, #3026, .T. ) ;
#2437 = FACE_OUTER_BOUND ( 'NONE', #4096, .T. ) ;
#2438 = VERTEX_POINT ( 'NONE', #3375 ) ;
#2439 = DIRECTION ( 'NONE',  ( -0.000000000000000000, -0.000000000000000000, -1.000000000000000000 ) ) ;
#2440 = DIRECTION ( 'NONE',  ( 0.000000000000000000, 0.000000000000000000, -1.000000000000000000 ) ) ;
#2441 = CARTESIAN_POINT ( 'NONE',  ( 38.84716530843228099, 38.82329908567865573, 16.96933472047959768 ) ) ;
#2442 = EDGE_LOOP ( 'NONE', ( #3242, #1326, #791, #274 ) ) ;
#2443 = DIRECTION ( 'NONE',  ( 0.000000000000000000, -0.000000000000000000, 1.000000000000000000 ) ) ;
#2444 = CARTESIAN_POINT ( 'NONE',  ( 38.78605415785570898, 38.78732799447648461, 16.96933472047959768 ) ) ;
#2445 = ORIENTED_EDGE ( 'NONE', *, *, #248, .F. ) ;
#2446 = FACE_BOUND ( 'NONE', #3100, .T. ) ;
#2447 = ORIENTED_EDGE ( 'NONE', *, *, #2208, .T. ) ;
#2448 = ORIENTED_EDGE ( 'NONE', *, *, #2994, .F. ) ;
#2449 = DIRECTION ( 'NONE',  ( -0.7071067811865474617, -0.7071067811865474617, 0.000000000000000000 ) ) ;
#2450 = VERTEX_POINT ( 'NONE', #790 ) ;
#2451 = DIRECTION ( 'NONE',  ( -0.000000000000000000, -0.000000000000000000, -1.000000000000000000 ) ) ;
#2452 = CARTESIAN_POINT ( 'NONE',  ( 38.80803119467936568, 38.80453877715896738, 17.00178287471203831 ) ) ;
#2453 = AXIS2_PLACEMENT_3D ( 'NONE', #4670, #4296, #4696 ) ;
#2454 = ORIENTED_EDGE ( 'NONE', *, *, #2072, .F. ) ;
#2455 = AXIS2_PLACEMENT_3D ( 'NONE', #3480, #105, #1600 ) ;
#2456 = EDGE_CURVE ( 'NONE', #1238, #3395, #917, .T. ) ;
#2457 = EDGE_CURVE ( 'NONE', #1931, #1125, #1309, .T. ) ;
#2458 = CARTESIAN_POINT ( 'NONE',  ( 38.81588593523276387, 38.81588593523274255, 16.95533472047959833 ) ) ;
#2459 = CARTESIAN_POINT ( 'NONE',  ( 38.83886924945241503, 38.79290267281719196, 16.96933472047959768 ) ) ;
#2460 = DIRECTION ( 'NONE',  ( -0.000000000000000000, -0.000000000000000000, -1.000000000000000000 ) ) ;
#2461 = VERTEX_POINT ( 'NONE', #763 ) ;
#2462 = DIRECTION ( 'NONE',  ( -1.000000000000000000, 2.904709073180684017E-12, 0.000000000000000000 ) ) ;
#2463 = AXIS2_PLACEMENT_3D ( 'NONE', #4824, #985, #589 ) ;
#2464 = EDGE_CURVE ( 'NONE', #98, #3246, #3671, .T. ) ;
#2465 = AXIS2_PLACEMENT_3D ( 'NONE', #4828, #4383, #990 ) ;
#2466 = FACE_OUTER_BOUND ( 'NONE', #4543, .T. ) ;
#2467 = PLANE ( 'NONE',  #358 ) ;
#2468 = AXIS2_PLACEMENT_3D ( 'NONE', #2051, #4311, #2002 ) ;
#2469 = ORIENTED_EDGE ( 'NONE', *, *, #3972, .F. ) ;
#2470 = CARTESIAN_POINT ( 'NONE',  ( 38.82458507472033205, 38.82659881715599681, 17.00314811220435729 ) ) ;
#2471 = DIRECTION ( 'NONE',  ( 0.000000000000000000, -1.000000000000000000, 0.000000000000000000 ) ) ;
#2472 = ORIENTED_EDGE ( 'NONE', *, *, #2373, .T. ) ;
#2473 = EDGE_CURVE ( 'NONE', #3693, #4123, #4903, .T. ) ;
#2474 = MANIFOLD_SOLID_BREP ( 'Cut-Extrude11', #3001 ) ;
#2475 = CARTESIAN_POINT ( 'NONE',  ( 38.80666622524124421, 38.78509062820454290, 16.96933472047959768 ) ) ;
#2476 = DIRECTION ( 'NONE',  ( -1.000000000000000000, 0.000000000000000000, 0.000000000000000000 ) ) ;
#2477 = EDGE_LOOP ( 'NONE', ( #221, #2304, #2472, #4549 ) ) ;
#2478 = CARTESIAN_POINT ( 'NONE',  ( 38.81495079119973468, 38.78375371630957602, 16.96933472047959768 ) ) ;
#2479 = CARTESIAN_POINT ( 'NONE',  ( 38.80749498980081569, 38.80492971363845101, 17.00236189678462750 ) ) ;
#2480 = CIRCLE ( 'NONE', #1305, 0.03899994794847572166 ) ;
#2481 = CIRCLE ( 'NONE', #994, 0.001006105236834714794 ) ;
#2482 = VERTEX_POINT ( 'NONE', #3828 ) ;
#2483 = DIRECTION ( 'NONE',  ( 0.000000000000000000, -0.000000000000000000, -1.000000000000000000 ) ) ;
#2484 = AXIS2_PLACEMENT_3D ( 'NONE', #4679, #2740, #4256 ) ;
#2485 = CARTESIAN_POINT ( 'NONE',  ( 38.81588593523276387, 38.81588593523274255, 16.96933472047959768 ) ) ;
#2486 = DIRECTION ( 'NONE',  ( 1.000000000000000000, 0.000000000000000000, 0.000000000000000000 ) ) ;
#2487 = EDGE_CURVE ( 'NONE', #907, #1006, #4141, .T. ) ;
#2488 = CIRCLE ( 'NONE', #920, 0.03899994794847572166 ) ;
#2489 = DIRECTION ( 'NONE',  ( -0.000000000000000000, 0.000000000000000000, -1.000000000000000000 ) ) ;
#2490 = AXIS2_PLACEMENT_3D ( 'NONE', #2491, #4505, #2585 ) ;
#2491 = CARTESIAN_POINT ( 'NONE',  ( 38.80266162802505647, 38.78048322234273826, 16.96933472047959768 ) ) ;
#2492 = CIRCLE ( 'NONE', #4878, 0.03000003113258031817 ) ;
#2493 = DIRECTION ( 'NONE',  ( 0.000000000000000000, 0.000000000000000000, -1.000000000000000000 ) ) ;
#2494 = ORIENTED_EDGE ( 'NONE', *, *, #1546, .T. ) ;
#2495 = FACE_OUTER_BOUND ( 'NONE', #3973, .T. ) ;
#2496 = CARTESIAN_POINT ( 'NONE',  ( 38.83113150074267850, 38.78773728905356677, 16.96933472047959768 ) ) ;
#2497 = VECTOR ( 'NONE', #142, 1.000000000000000000 ) ;
#2498 = AXIS2_PLACEMENT_3D ( 'NONE', #4551, #1180, #375 ) ;
#2499 = CARTESIAN_POINT ( 'NONE',  ( 38.76286244897483613, 38.83009353555543441, 16.99773472028886445 ) ) ;
#2500 = ADVANCED_FACE ( 'NONE', ( #454 ), #4881, .T. ) ;
#2501 = AXIS2_PLACEMENT_3D ( 'NONE', #491, #3165, #530 ) ;
#2502 = CARTESIAN_POINT ( 'NONE',  ( 38.80998396434654296, 38.80341108697326291, 17.00568814956737640 ) ) ;
#2503 = ORIENTED_EDGE ( 'NONE', *, *, #1289, .T. ) ;
#2504 = CARTESIAN_POINT ( 'NONE',  ( 38.79319974122671510, 38.78416319037194171, 16.95533472047959833 ) ) ;
#2505 = LINE ( 'NONE', #4425, #1707 ) ;
#2506 = ORIENTED_EDGE ( 'NONE', *, *, #651, .F. ) ;
#2507 = CARTESIAN_POINT ( 'NONE',  ( 38.80432982856231661, 38.77623814436952898, 16.96933472047959768 ) ) ;
#2508 = AXIS2_PLACEMENT_3D ( 'NONE', #2597, #2624, #3072 ) ;
#2509 = LINE ( 'NONE', #2904, #3030 ) ;
#2510 = EDGE_LOOP ( 'NONE', ( #1665, #3213, #4673 ) ) ;
#2511 = ORIENTED_EDGE ( 'NONE', *, *, #581, .T. ) ;
#2512 = CIRCLE ( 'NONE', #1651, 0.03600013749699304544 ) ;
#2513 = EDGE_CURVE ( 'NONE', #3712, #2431, #1454, .T. ) ;
#2514 = DIRECTION ( 'NONE',  ( -0.000000000000000000, -0.000000000000000000, -1.000000000000000000 ) ) ;
#2515 = DIRECTION ( 'NONE',  ( -0.000000000000000000, -0.000000000000000000, -1.000000000000000000 ) ) ;
#2516 = AXIS2_PLACEMENT_3D ( 'NONE', #4835, #403, #1089 ) ;
#2517 = ORIENTED_EDGE ( 'NONE', *, *, #629, .T. ) ;
#2518 = CYLINDRICAL_SURFACE ( 'NONE', #2957, 0.001006105236832866012 ) ;
#2519 = EDGE_CURVE ( 'NONE', #4708, #434, #2013, .T. ) ;
#2520 = ADVANCED_FACE ( 'NONE', ( #739 ), #426, .T. ) ;
#2521 = DIRECTION ( 'NONE',  ( -0.000000000000000000, -0.000000000000000000, 1.000000000000000000 ) ) ;
#2522 = ORIENTED_EDGE ( 'NONE', *, *, #3383, .T. ) ;
#2523 = CARTESIAN_POINT ( 'NONE',  ( 38.81588593523276387, 38.81588593523274255, 16.96933472047959768 ) ) ;
#2524 = ORIENTED_EDGE ( 'NONE', *, *, #3099, .F. ) ;
#2525 = ADVANCED_FACE ( 'NONE', ( #3183 ), #4707, .T. ) ;
#2526 = DIRECTION ( 'NONE',  ( 1.000000000000000000, 0.000000000000000000, 0.000000000000000000 ) ) ;
#2527 = CARTESIAN_POINT ( 'NONE',  ( 38.81074610732628116, 38.80307855606663736, 17.00260690402629749 ) ) ;
#2528 = ORIENTED_EDGE ( 'NONE', *, *, #3763, .F. ) ;
#2529 = LINE ( 'NONE', #2093, #1755 ) ;
#2530 = CARTESIAN_POINT ( 'NONE',  ( 38.85139412798758940, 38.83201554115694165, 16.96933472047959768 ) ) ;
#2531 = ORIENTED_EDGE ( 'NONE', *, *, #2827, .F. ) ;
#2532 = VECTOR ( 'NONE', #3097, 1.000000000000000000 ) ;
#2533 = CIRCLE ( 'NONE', #3723, 0.03600013749699115806 ) ;
#2534 = CARTESIAN_POINT ( 'NONE',  ( 38.82958866539050291, 38.85239937284423206, 16.95533472047959833 ) ) ;
#2535 = DIRECTION ( 'NONE',  ( 0.000000000000000000, 0.000000000000000000, -1.000000000000000000 ) ) ;
#2536 = EDGE_LOOP ( 'NONE', ( #421, #2550, #2381 ) ) ;
#2537 = VECTOR ( 'NONE', #2063, 1.000000000000000000 ) ;
#2538 = CARTESIAN_POINT ( 'NONE',  ( 38.84801815415593040, 38.81495079119971336, 16.96933472047959768 ) ) ;
#2539 = CIRCLE ( 'NONE', #425, 0.02935410264610328890 ) ;
#2540 = DIRECTION ( 'NONE',  ( 0.000000000000000000, 0.000000000000000000, -1.000000000000000000 ) ) ;
#2541 = AXIS2_PLACEMENT_3D ( 'NONE', #1242, #1336, #2744 ) ;
#2542 = ORIENTED_EDGE ( 'NONE', *, *, #3154, .F. ) ;
#2543 = CARTESIAN_POINT ( 'NONE',  ( 38.85128864812276106, 38.80266162802503516, 16.96933472047959768 ) ) ;
#2544 = EDGE_CURVE ( 'NONE', #147, #282, #4716, .T. ) ;
#2545 = DIRECTION ( 'NONE',  ( 0.000000000000000000, 0.000000000000000000, -1.000000000000000000 ) ) ;
#2546 = ORIENTED_EDGE ( 'NONE', *, *, #548, .F. ) ;
#2547 = CARTESIAN_POINT ( 'NONE',  ( 38.80666615447552203, 38.84668122329932061, 16.96933472047959768 ) ) ;
#2548 = CARTESIAN_POINT ( 'NONE',  ( 38.81021797028091669, 38.80330190956140513, 17.00193623805926890 ) ) ;
#2549 = EDGE_CURVE ( 'NONE', #3778, #3272, #1260, .T. ) ;
#2550 = ORIENTED_EDGE ( 'NONE', *, *, #1975, .T. ) ;
#2551 = LINE ( 'NONE', #2186, #654 ) ;
#2552 = AXIS2_PLACEMENT_3D ( 'NONE', #2171, #4054, #4100 ) ;
#2553 = LINE ( 'NONE', #4477, #2096 ) ;
#2554 = ORIENTED_EDGE ( 'NONE', *, *, #2793, .F. ) ;
#2555 = EDGE_CURVE ( 'NONE', #3818, #129, #4794, .T. ) ;
#2556 = AXIS2_PLACEMENT_3D ( 'NONE', #1495, #3351, #3002 ) ;
#2557 = DIRECTION ( 'NONE',  ( -1.000000000000000000, 0.000000000000000000, 0.000000000000000000 ) ) ;
#2558 = DIRECTION ( 'NONE',  ( -1.000000000000000000, 0.000000000000000000, 0.000000000000000000 ) ) ;
#2559 = VERTEX_POINT ( 'NONE', #1602 ) ;
#2560 = ORIENTED_EDGE ( 'NONE', *, *, #4349, .F. ) ;
#2561 = AXIS2_PLACEMENT_3D ( 'NONE', #664, #2460, #3611 ) ;
#2562 = VECTOR ( 'NONE', #1868, 1.000000000000000000 ) ;
#2563 = DIRECTION ( 'NONE',  ( -1.000000000000000000, 0.000000000000000000, 0.000000000000000000 ) ) ;
#2564 = AXIS2_PLACEMENT_3D ( 'NONE', #1580, #3090, #1979 ) ;
#2565 = AXIS2_PLACEMENT_3D ( 'NONE', #256, #4022, #962 ) ;
#2566 = CARTESIAN_POINT ( 'NONE',  ( 38.81588593523276387, 38.81588593523274255, 16.96933472047959768 ) ) ;
#2567 = DIRECTION ( 'NONE',  ( 0.000000000000000000, -0.000000000000000000, -1.000000000000000000 ) ) ;
#2568 = AXIS2_PLACEMENT_3D ( 'NONE', #3993, #2111, #632 ) ;
#2569 = ORIENTED_EDGE ( 'NONE', *, *, #1790, .T. ) ;
#2570 = CARTESIAN_POINT ( 'NONE',  ( 38.82096032668830077, 38.82871924377624140, 17.00473237303926410 ) ) ;
#2571 = CIRCLE ( 'NONE', #2501, 0.02935410264610490219 ) ;
#2572 = ADVANCED_FACE ( 'NONE', ( #2811, #208 ), #2784, .T. ) ;
#2573 = CARTESIAN_POINT ( 'NONE',  ( 38.85435887636757712, 38.80949619811600826, 16.95533472047959833 ) ) ;
#2574 = ORIENTED_EDGE ( 'NONE', *, *, #235, .F. ) ;
#2575 = CARTESIAN_POINT ( 'NONE',  ( 38.84324564445264372, 38.83276196662993840, 16.96933472047959768 ) ) ;
#2576 = DIRECTION ( 'NONE',  ( -0.8660254037844363761, -0.5000000000000041078, 0.000000000000000000 ) ) ;
#2577 = AXIS2_PLACEMENT_3D ( 'NONE', #3566, #1001, #3265 ) ;
#2578 = ORIENTED_EDGE ( 'NONE', *, *, #3154, .T. ) ;
#2579 = EDGE_CURVE ( 'NONE', #2438, #4261, #499, .T. ) ;
#2580 = CARTESIAN_POINT ( 'NONE',  ( 38.79754873874584575, 38.80765445754036591, 16.99773472028886445 ) ) ;
#2581 = CARTESIAN_POINT ( 'NONE',  ( 38.82570194871891545, 38.77577188780604445, 16.95533472047959833 ) ) ;
#2582 = ORIENTED_EDGE ( 'NONE', *, *, #970, .T. ) ;
#2583 = CIRCLE ( 'NONE', #1333, 0.02935410264610073192 ) ;
#2584 = EDGE_CURVE ( 'NONE', #1612, #4068, #1334, .T. ) ;
#2585 = DIRECTION ( 'NONE',  ( -1.000000000000000000, 0.000000000000000000, 0.000000000000000000 ) ) ;
#2586 = DIRECTION ( 'NONE',  ( -0.000000000000000000, -0.000000000000000000, 1.000000000000000000 ) ) ;
#2587 = EDGE_LOOP ( 'NONE', ( #2657, #250, #1747, #1858 ) ) ;
#2588 = DIRECTION ( 'NONE',  ( -1.000000000000000000, 0.000000000000000000, 0.000000000000000000 ) ) ;
#2589 = DIRECTION ( 'NONE',  ( -0.7071067811865474617, 0.7071067811865474617, 0.000000000000000000 ) ) ;
#2590 = VECTOR ( 'NONE', #2841, 1.000000000000000000 ) ;
#2591 = CARTESIAN_POINT ( 'NONE',  ( 38.84044906246072060, 38.86293051958434575, 17.00373472028886468 ) ) ;
#2592 = VERTEX_POINT ( 'NONE', #2385 ) ;
#2593 = CARTESIAN_POINT ( 'NONE',  ( 38.78460654307162514, 38.82329901491293356, 16.96933472047959768 ) ) ;
#2594 = CARTESIAN_POINT ( 'NONE',  ( 38.85553372609597744, 38.80432982856229529, 16.96933472047959768 ) ) ;
#2595 = EDGE_LOOP ( 'NONE', ( #4312, #3207, #2936, #2154 ) ) ;
#2596 = CYLINDRICAL_SURFACE ( 'NONE', #1859, 0.001006105236832866012 ) ;
#2597 = CARTESIAN_POINT ( 'NONE',  ( 38.82911024244047837, 38.85128864812273974, 16.96933472047959768 ) ) ;
#2598 = ORIENTED_EDGE ( 'NONE', *, *, #488, .F. ) ;
#2599 = DIRECTION ( 'NONE',  ( 0.2588190451025316197, 0.9659258262890654256, 0.000000000000000000 ) ) ;
#2600 = DIRECTION ( 'NONE',  ( -1.000000000000000000, 0.000000000000000000, 0.000000000000000000 ) ) ;
#2601 = ORIENTED_EDGE ( 'NONE', *, *, #3188, .F. ) ;
#2602 = ADVANCED_FACE ( 'NONE', ( #523 ), #3880, .T. ) ;
#2603 = EDGE_CURVE ( 'NONE', #3091, #2461, #521, .T. ) ;
#2604 = DIRECTION ( 'NONE',  ( 0.000000000000000000, -0.000000000000000000, -1.000000000000000000 ) ) ;
#2605 = CARTESIAN_POINT ( 'NONE',  ( 38.81588593523276387, 38.81588593523274255, 16.97023472028886459 ) ) ;
#2606 = ORIENTED_EDGE ( 'NONE', *, *, #3383, .F. ) ;
#2607 = DIRECTION ( 'NONE',  ( -0.000000000000000000, -0.000000000000000000, -1.000000000000000000 ) ) ;
#2608 = EDGE_CURVE ( 'NONE', #129, #2727, #1140, .T. ) ;
#2609 = CIRCLE ( 'NONE', #500, 0.01850000000001017497 ) ;
#2610 = CARTESIAN_POINT ( 'NONE',  ( 38.81588593523276387, 38.81588593523274255, 16.96933472047959768 ) ) ;
#2611 = CIRCLE ( 'NONE', #809, 0.03600013749699044335 ) ;
#2612 = VECTOR ( 'NONE', #1556, 1.000000000000000000 ) ;
#2613 = CARTESIAN_POINT ( 'NONE',  ( 38.82227574162069317, 38.77741300560282411, 16.96933472047959768 ) ) ;
#2614 = EDGE_CURVE ( 'NONE', #691, #3191, #1998, .T. ) ;
#2615 = ORIENTED_EDGE ( 'NONE', *, *, #4359, .T. ) ;
#2616 = VECTOR ( 'NONE', #2372, 1.000000000000000000 ) ;
#2617 = CARTESIAN_POINT ( 'NONE',  ( 38.84065608046677198, 38.84600961105542893, 16.96933472047959768 ) ) ;
#2618 = AXIS2_PLACEMENT_3D ( 'NONE', #2655, #1468, #419 ) ;
#2619 = DIRECTION ( 'NONE',  ( -0.000000000000000000, 0.000000000000000000, 1.000000000000000000 ) ) ;
#2620 = ORIENTED_EDGE ( 'NONE', *, *, #4043, .F. ) ;
#2621 = CARTESIAN_POINT ( 'NONE',  ( 38.82463070470073774, 38.82656160147996616, 17.00403004247622718 ) ) ;
#2622 = DIRECTION ( 'NONE',  ( -0.000000000000000000, 0.000000000000000000, -1.000000000000000000 ) ) ;
#2623 = AXIS2_PLACEMENT_3D ( 'NONE', #3007, #458, #2312 ) ;
#2624 = DIRECTION ( 'NONE',  ( -0.000000000000000000, -0.000000000000000000, 1.000000000000000000 ) ) ;
#2625 = ORIENTED_EDGE ( 'NONE', *, *, #3644, .T. ) ;
#2626 = VERTEX_POINT ( 'NONE', #3481 ) ;
#2627 = VECTOR ( 'NONE', #1188, 1.000000000000000000 ) ;
#2628 = CYLINDRICAL_SURFACE ( 'NONE', #2222, 0.02935410264610283093 ) ;
#2629 = DIRECTION ( 'NONE',  ( 0.2588190451018285709, 0.9659258262892538305, 0.000000000000000000 ) ) ;
#2630 = ORIENTED_EDGE ( 'NONE', *, *, #563, .T. ) ;
#2631 = ORIENTED_EDGE ( 'NONE', *, *, #2549, .F. ) ;
#2632 = CARTESIAN_POINT ( 'NONE',  ( 38.79958866819703189, 38.82765067437842532, 17.00973472028886491 ) ) ;
#2633 = ADVANCED_FACE ( 'NONE', ( #3535 ), #2838, .T. ) ;
#2634 = CARTESIAN_POINT ( 'NONE',  ( 38.81588593523276387, 38.81588593523274255, 16.96933472047959768 ) ) ;
#2635 = ORIENTED_EDGE ( 'NONE', *, *, #1551, .T. ) ;
#2636 = AXIS2_PLACEMENT_3D ( 'NONE', #2411, #1973, #160 ) ;
#2637 = CARTESIAN_POINT ( 'NONE',  ( 38.78852618938185515, 38.83276190318312615, 16.96933472047959768 ) ) ;
#2638 = DIRECTION ( 'NONE',  ( -1.000000000000000000, 0.000000000000000000, 0.000000000000000000 ) ) ;
#2639 = CIRCLE ( 'NONE', #837, 0.02935410264610490219 ) ;
#2640 = EDGE_CURVE ( 'NONE', #1496, #2421, #2240, .T. ) ;
#2641 = LINE ( 'NONE', #1066, #1467 ) ;
#2642 = ORIENTED_EDGE ( 'NONE', *, *, #2152, .F. ) ;
#2643 = AXIS2_PLACEMENT_3D ( 'NONE', #751, #4845, #2991 ) ;
#2644 = FACE_OUTER_BOUND ( 'NONE', #3369, .T. ) ;
#2645 = ADVANCED_FACE ( 'NONE', ( #4337 ), #133, .F. ) ;
#2646 = DIRECTION ( 'NONE',  ( -0.000000000000000000, -0.000000000000000000, 1.000000000000000000 ) ) ;
#2647 = ORIENTED_EDGE ( 'NONE', *, *, #1743, .T. ) ;
#2648 = AXIS2_PLACEMENT_3D ( 'NONE', #1419, #293, #4754 ) ;
#2649 = DIRECTION ( 'NONE',  ( -1.000000000000000000, 0.000000000000000000, 0.000000000000000000 ) ) ;
#2650 = ADVANCED_FACE ( 'NONE', ( #3138 ), #1701, .T. ) ;
#2651 = EDGE_LOOP ( 'NONE', ( #3696, #4774 ) ) ;
#2652 = DIRECTION ( 'NONE',  ( -0.8660254037844755670, -0.4999999999999360512, 0.000000000000000000 ) ) ;
#2653 = EDGE_LOOP ( 'NONE', ( #1541, #4548, #4265, #1693 ) ) ;
#2654 = VECTOR ( 'NONE', #3087, 1.000000000000000000 ) ;
#2655 = CARTESIAN_POINT ( 'NONE',  ( 38.82911024244047837, 38.85128864812273974, 16.95533472047959833 ) ) ;
#2656 = CARTESIAN_POINT ( 'NONE',  ( 38.84801815415593040, 38.81682115252783660, 16.96933472047959768 ) ) ;
#2657 = ORIENTED_EDGE ( 'NONE', *, *, #1691, .T. ) ;
#2658 = CIRCLE ( 'NONE', #1245, 0.03899994794847572166 ) ;
#2659 = VERTEX_POINT ( 'NONE', #946 ) ;
#2660 = DIRECTION ( 'NONE',  ( 0.000000000000000000, 0.000000000000000000, -1.000000000000000000 ) ) ;
#2661 = DIRECTION ( 'NONE',  ( 1.000000000000000000, 0.000000000000000000, 0.000000000000000000 ) ) ;
#2662 = ORIENTED_EDGE ( 'NONE', *, *, #3422, .T. ) ;
#2663 = DIRECTION ( 'NONE',  ( -0.000000000000000000, 0.000000000000000000, -1.000000000000000000 ) ) ;
#2664 = AXIS2_PLACEMENT_3D ( 'NONE', #2777, #1985, #200 ) ;
#2665 = ADVANCED_FACE ( 'NONE', ( #2437 ), #868, .F. ) ;
#2666 = FACE_OUTER_BOUND ( 'NONE', #294, .T. ) ;
#2667 = CARTESIAN_POINT ( 'NONE',  ( 38.82102567649664593, 38.82869335149450762, 17.00260698812759941 ) ) ;
#2668 = ORIENTED_EDGE ( 'NONE', *, *, #3769, .F. ) ;
#2669 = EDGE_CURVE ( 'NONE', #98, #3113, #999, .T. ) ;
#2670 = EDGE_CURVE ( 'NONE', #2242, #4567, #1358, .T. ) ;
#2671 = DIRECTION ( 'NONE',  ( -0.000000000000000000, -0.000000000000000000, -1.000000000000000000 ) ) ;
#2672 = DIRECTION ( 'NONE',  ( 0.000000000000000000, -0.000000000000000000, -1.000000000000000000 ) ) ;
#2673 = VERTEX_POINT ( 'NONE', #4048 ) ;
#2674 = CARTESIAN_POINT ( 'NONE',  ( 38.78449018900923306, 38.80747343246313363, 16.95533472047959833 ) ) ;
#2675 = AXIS2_PLACEMENT_3D ( 'NONE', #2388, #4658, #3907 ) ;
#2676 = EDGE_LOOP ( 'NONE', ( #2116, #3312, #559, #45 ) ) ;
#2677 = CARTESIAN_POINT ( 'NONE',  ( 38.84403458141194676, 38.83213760597948294, 16.96933472047959768 ) ) ;
#2678 = ADVANCED_FACE ( 'NONE', ( #1794 ), #2187, .F. ) ;
#2679 = ORIENTED_EDGE ( 'NONE', *, *, #2464, .T. ) ;
#2680 = ORIENTED_EDGE ( 'NONE', *, *, #838, .T. ) ;
#2681 = DIRECTION ( 'NONE',  ( 0.000000000000000000, 0.000000000000000000, -1.000000000000000000 ) ) ;
#2682 = CARTESIAN_POINT ( 'NONE',  ( 38.79958866819702479, 38.80412119608707400, 17.00973472028886491 ) ) ;
#2683 = ORIENTED_EDGE ( 'NONE', *, *, #1849, .T. ) ;
#2684 = EDGE_CURVE ( 'NONE', #1889, #4684, #1379, .T. ) ;
#2685 = ORIENTED_EDGE ( 'NONE', *, *, #3947, .F. ) ;
#2686 = FACE_OUTER_BOUND ( 'NONE', #2818, .T. ) ;
#2687 = CARTESIAN_POINT ( 'NONE',  ( 38.84418086174773777, 38.80062974770677187, 16.95533472047959833 ) ) ;
#2688 = ORIENTED_EDGE ( 'NONE', *, *, #3674, .F. ) ;
#2689 = DIRECTION ( 'NONE',  ( -0.2588190451025316197, -0.9659258262890654256, 0.000000000000000000 ) ) ;
#2690 = CARTESIAN_POINT ( 'NONE',  ( 38.81495071793766982, 38.84801815415590909, 16.96933472047959768 ) ) ;
#2691 = CARTESIAN_POINT ( 'NONE',  ( 38.82328385779429425, 38.82753632160836332, 17.00155623416459250 ) ) ;
#2692 = LINE ( 'NONE', #1954, #3450 ) ;
#2693 = ORIENTED_EDGE ( 'NONE', *, *, #213, .T. ) ;
#2694 = AXIS2_PLACEMENT_3D ( 'NONE', #497, #3904, #4656 ) ;
#2695 = CARTESIAN_POINT ( 'NONE',  ( 38.85599998265945487, 38.82570194871889413, 16.95533472047959833 ) ) ;
#2696 = DIRECTION ( 'NONE',  ( 0.000000000000000000, 0.000000000000000000, -1.000000000000000000 ) ) ;
#2697 = VERTEX_POINT ( 'NONE', #1752 ) ;
#2698 = CARTESIAN_POINT ( 'NONE',  ( 38.80712970776789916, 38.80521970438095991, 17.00373472028886468 ) ) ;
#2699 = EDGE_CURVE ( 'NONE', #1835, #4554, #2509, .T. ) ;
#2700 = VERTEX_POINT ( 'NONE', #2094 ) ;
#2701 = CARTESIAN_POINT ( 'NONE',  ( 38.84728168145630178, 38.82429843800235147, 16.95533472047959833 ) ) ;
#2702 = VECTOR ( 'NONE', #1090, 1.000000000000000000 ) ;
#2703 = ORIENTED_EDGE ( 'NONE', *, *, #3889, .T. ) ;
#2704 = CIRCLE ( 'NONE', #1911, 0.03600013749699044335 ) ;
#2705 = DIRECTION ( 'NONE',  ( -0.000000000000000000, -0.000000000000000000, -1.000000000000000000 ) ) ;
#2706 = CARTESIAN_POINT ( 'NONE',  ( 38.78673199279843686, 38.79183844011096483, 16.95533472047959833 ) ) ;
#2707 = CIRCLE ( 'NONE', #2302, 0.03600013749698843801 ) ;
#2708 = DIRECTION ( 'NONE',  ( 1.000000000000000000, 0.000000000000000000, 0.000000000000000000 ) ) ;
#2709 = ORIENTED_EDGE ( 'NONE', *, *, #2640, .F. ) ;
#2710 = ORIENTED_EDGE ( 'NONE', *, *, #1919, .F. ) ;
#2711 = DIRECTION ( 'NONE',  ( 1.000000000000000000, 0.000000000000000000, 0.000000000000000000 ) ) ;
#2712 = DIRECTION ( 'NONE',  ( -1.000000000000000000, 0.000000000000000000, 0.000000000000000000 ) ) ;
#2713 = ADVANCED_FACE ( 'NONE', ( #640, #3258 ), #4759, .T. ) ;
#2714 = FILL_AREA_STYLE_COLOUR ( '', #4397 ) ;
#2715 = EDGE_LOOP ( 'NONE', ( #2825, #3147, #3277, #169 ) ) ;
#2716 = LINE ( 'NONE', #481, #4751 ) ;
#2717 = CYLINDRICAL_SURFACE ( 'NONE', #1371, 0.03899994794847572166 ) ;
#2718 = CARTESIAN_POINT ( 'NONE',  ( 38.82214686288681804, 38.82818469288238816, 17.00160038432272813 ) ) ;
#2719 = CIRCLE ( 'NONE', #1451, 0.001006105236833839843 ) ;
#2720 = CARTESIAN_POINT ( 'NONE',  ( 38.79754873874584575, 38.82411741292511920, 16.99773472028886445 ) ) ;
#2721 = EDGE_LOOP ( 'NONE', ( #1719, #2445, #1181, #4117 ) ) ;
#2722 = CARTESIAN_POINT ( 'NONE',  ( 38.80963716477708658, 38.85315773756222058, 16.96933472047959768 ) ) ;
#2723 = CARTESIAN_POINT ( 'NONE',  ( 38.84403461804297564, 38.79963432793280731, 16.96933472047959768 ) ) ;
#2724 = ORIENTED_EDGE ( 'NONE', *, *, #4892, .F. ) ;
#2725 = DIRECTION ( 'NONE',  ( 0.000000000000000000, 0.000000000000000000, -1.000000000000000000 ) ) ;
#2726 = AXIS2_PLACEMENT_3D ( 'NONE', #621, #2861, #4520 ) ;
#2727 = VERTEX_POINT ( 'NONE', #3635 ) ;
#2728 = ORIENTED_EDGE ( 'NONE', *, *, #272, .T. ) ;
#2729 = EDGE_CURVE ( 'NONE', #1999, #141, #4806, .T. ) ;
#2730 = CIRCLE ( 'NONE', #3355, 0.001006105236833839843 ) ;
#2731 = FACE_OUTER_BOUND ( 'NONE', #4338, .T. ) ;
#2732 = CARTESIAN_POINT ( 'NONE',  ( 38.84728170041791628, 38.80747350322886291, 16.96933472047959768 ) ) ;
#2733 = DIRECTION ( 'NONE',  ( 0.5000000000000039968, -0.8660254037844362651, 0.000000000000000000 ) ) ;
#2734 = VERTEX_POINT ( 'NONE', #240 ) ;
#2735 = ORIENTED_EDGE ( 'NONE', *, *, #1039, .F. ) ;
#2736 = EDGE_CURVE ( 'NONE', #3626, #2626, #2922, .T. ) ;
#2737 = DIRECTION ( 'NONE',  ( -0.000000000000000000, -0.000000000000000000, 1.000000000000000000 ) ) ;
#2738 = DIRECTION ( 'NONE',  ( 0.7071067811865474617, -0.7071067811865474617, 0.000000000000000000 ) ) ;
#2739 = AXIS2_PLACEMENT_3D ( 'NONE', #475, #3156, #891 ) ;
#2740 = DIRECTION ( 'NONE',  ( 0.000000000000000000, 0.000000000000000000, -1.000000000000000000 ) ) ;
#2741 = ORIENTED_EDGE ( 'NONE', *, *, #2011, .T. ) ;
#2742 = CARTESIAN_POINT ( 'NONE',  ( 38.80847285555257287, 38.78460654307160382, 16.96933472047959768 ) ) ;
#2743 = ADVANCED_FACE ( 'NONE', ( #4453 ), #4429, .T. ) ;
#2744 = DIRECTION ( 'NONE',  ( -1.000000000000000000, 0.000000000000000000, 0.000000000000000000 ) ) ;
#2745 = CARTESIAN_POINT ( 'NONE',  ( 38.82074504838060136, 38.82880216608452173, 17.00373472028886468 ) ) ;
#2746 = DIRECTION ( 'NONE',  ( -1.000000000000000000, 0.000000000000000000, 0.000000000000000000 ) ) ;
#2747 = VERTEX_POINT ( 'NONE', #320 ) ;
#2748 = CARTESIAN_POINT ( 'NONE',  ( 38.85717370087639466, 38.81498519672004477, 16.96933472047959768 ) ) ;
#2749 = ORIENTED_EDGE ( 'NONE', *, *, #3831, .F. ) ;
#2750 = CARTESIAN_POINT ( 'NONE',  ( 38.81588593523276387, 38.81588593523274255, 16.95533472047959833 ) ) ;
#2751 =( LENGTH_UNIT ( ) NAMED_UNIT ( * ) SI_UNIT ( $, .METRE. ) );
#2752 = DIRECTION ( 'NONE',  ( 0.000000000000000000, 0.000000000000000000, -1.000000000000000000 ) ) ;
#2753 = DIRECTION ( 'NONE',  ( -0.2588190451017443605, -0.9659258262892763680, 0.000000000000000000 ) ) ;
#2754 = AXIS2_PLACEMENT_3D ( 'NONE', #3732, #741, #1497 ) ;
#2755 = DIRECTION ( 'NONE',  ( -1.000000000000000000, 0.000000000000000000, 0.000000000000000000 ) ) ;
#2756 = VERTEX_POINT ( 'NONE', #2530 ) ;
#2757 = ORIENTED_EDGE ( 'NONE', *, *, #2152, .T. ) ;
#2758 = DIRECTION ( 'NONE',  ( -1.000000000000000000, 0.000000000000000000, 0.000000000000000000 ) ) ;
#2759 = CARTESIAN_POINT ( 'NONE',  ( 38.80208593523276051, 38.81588593523274255, 17.00973472028886491 ) ) ;
#2760 = CARTESIAN_POINT ( 'NONE',  ( 38.81588593523276387, 38.81588593523274255, 16.96233472047959978 ) ) ;
#2761 = ORIENTED_EDGE ( 'NONE', *, *, #1769, .F. ) ;
#2762 = ADVANCED_FACE ( 'NONE', ( #298 ), #4851, .F. ) ;
#2763 = LINE ( 'NONE', #4610, #318 ) ;
#2764 = CARTESIAN_POINT ( 'NONE',  ( 38.81588593523276387, 38.81588593523274255, 16.97053472028886389 ) ) ;
#2765 = EDGE_LOOP ( 'NONE', ( #4454, #1984, #3619, #2997 ) ) ;
#2766 = DIRECTION ( 'NONE',  ( 0.000000000000000000, 0.000000000000000000, -1.000000000000000000 ) ) ;
#2767 = ADVANCED_FACE ( 'NONE', ( #3298 ), #1445, .T. ) ;
#2768 = FACE_OUTER_BOUND ( 'NONE', #606, .T. ) ;
#2769 = EDGE_LOOP ( 'NONE', ( #3596, #4535, #3821, #4227 ) ) ;
#2770 = DIRECTION ( 'NONE',  ( 1.000000000000000000, 0.000000000000000000, 0.000000000000000000 ) ) ;
#2771 = ORIENTED_EDGE ( 'NONE', *, *, #773, .T. ) ;
#2772 = EDGE_CURVE ( 'NONE', #344, #2087, #2553, .T. ) ;
#2773 = CIRCLE ( 'NONE', #415, 0.03600013749698843801 ) ;
#2774 = DIRECTION ( 'NONE',  ( -0.000000000000000000, -0.000000000000000000, -1.000000000000000000 ) ) ;
#2775 = AXIS2_PLACEMENT_3D ( 'NONE', #4278, #3509, #2361 ) ;
#2776 = ORIENTED_EDGE ( 'NONE', *, *, #1565, .T. ) ;
#2777 = CARTESIAN_POINT ( 'NONE',  ( 38.80266162802505647, 38.78048322234273826, 16.95533472047959833 ) ) ;
#2778 = VERTEX_POINT ( 'NONE', #2884 ) ;
#2779 = DIRECTION ( 'NONE',  ( -0.000000000000000000, -0.000000000000000000, 1.000000000000000000 ) ) ;
#2780 = DIRECTION ( 'NONE',  ( -0.000000000000000000, -0.000000000000000000, 1.000000000000000000 ) ) ;
#2781 = VERTEX_POINT ( 'NONE', #690 ) ;
#2782 = CARTESIAN_POINT ( 'NONE',  ( 38.78852618938185515, 38.83276190318312615, 16.96933472047959768 ) ) ;
#2783 = CARTESIAN_POINT ( 'NONE',  ( 38.81588593523276387, 38.81588593523274255, 16.96933472047959768 ) ) ;
#2784 = PLANE ( 'NONE',  #4228 ) ;
#2785 = ORIENTED_EDGE ( 'NONE', *, *, #3228, .F. ) ;
#2786 = CIRCLE ( 'NONE', #2623, 0.001006105236834714794 ) ;
#2787 = LINE ( 'NONE', #340, #4584 ) ;
#2788 = EDGE_CURVE ( 'NONE', #3872, #2901, #1231, .T. ) ;
#2789 = DIRECTION ( 'NONE',  ( -0.000000000000000000, 0.000000000000000000, 1.000000000000000000 ) ) ;
#2790 = EDGE_LOOP ( 'NONE', ( #2852, #472, #209, #596 ) ) ;
#2791 = CARTESIAN_POINT ( 'NONE',  ( 38.81588593523276387, 38.81588593523274255, 16.95533472047959833 ) ) ;
#2792 = CARTESIAN_POINT ( 'NONE',  ( 38.81588593523276387, 38.81588593523274255, 16.96933472047959768 ) ) ;
#2793 = EDGE_CURVE ( 'NONE', #119, #3145, #1458, .T. ) ;
#2794 = CARTESIAN_POINT ( 'NONE',  ( 38.82968593523276724, 38.81588593523274255, 17.00973472028886491 ) ) ;
#2795 = AXIS2_PLACEMENT_3D ( 'NONE', #3868, #214, #187 ) ;
#2796 = ORIENTED_EDGE ( 'NONE', *, *, #2821, .F. ) ;
#2797 = CARTESIAN_POINT ( 'NONE',  ( 38.80949619811602957, 38.77741299409792930, 16.96933472047959768 ) ) ;
#2798 = ORIENTED_EDGE ( 'NONE', *, *, #935, .T. ) ;
#2799 = DIRECTION ( 'NONE',  ( 0.000000000000000000, 0.000000000000000000, -1.000000000000000000 ) ) ;
#2800 = PRESENTATION_LAYER_ASSIGNMENT (  '', '', ( #1065 ) ) ;
#2801 = EDGE_CURVE ( 'NONE', #4435, #269, #2639, .T. ) ;
#2802 = DIRECTION ( 'NONE',  ( -1.000000000000000000, 0.000000000000000000, 0.000000000000000000 ) ) ;
#2803 = AXIS2_PLACEMENT_3D ( 'NONE', #1671, #3175, #471 ) ;
#2804 = CARTESIAN_POINT ( 'NONE',  ( 38.79446198997678863, 38.78058005057620505, 16.95533472047959833 ) ) ;
#2805 = VERTEX_POINT ( 'NONE', #733 ) ;
#2806 = AXIS2_PLACEMENT_3D ( 'NONE', #1780, #4032, #3285 ) ;
#2807 = ADVANCED_FACE ( 'NONE', ( #447 ), #2303, .F. ) ;
#2808 = CIRCLE ( 'NONE', #2247, 0.03899994794847572166 ) ;
#2809 = DIRECTION ( 'NONE',  ( 0.2588190451017443605, 0.9659258262892763680, 0.000000000000000000 ) ) ;
#2810 = DIRECTION ( 'NONE',  ( -1.000000000000000000, 0.000000000000000000, 0.000000000000000000 ) ) ;
#2811 = FACE_BOUND ( 'NONE', #3364, .T. ) ;
#2812 = ORIENTED_EDGE ( 'NONE', *, *, #4596, .F. ) ;
#2813 = AXIS2_PLACEMENT_3D ( 'NONE', #2543, #2178, #2263 ) ;
#2814 = CYLINDRICAL_SURFACE ( 'NONE', #3469, 0.03600013749699115806 ) ;
#2815 = VECTOR ( 'NONE', #603, 1.000000000000000000 ) ;
#2816 = FACE_BOUND ( 'NONE', #215, .T. ) ;
#2817 = FACE_OUTER_BOUND ( 'NONE', #776, .T. ) ;
#2818 = EDGE_LOOP ( 'NONE', ( #4859, #2918, #2192, #3666 ) ) ;
#2819 = CARTESIAN_POINT ( 'NONE',  ( 38.84324568108367259, 38.79900996728235896, 16.96933472047959768 ) ) ;
#2820 = AXIS2_PLACEMENT_3D ( 'NONE', #1386, #4417, #1686 ) ;
#2821 = EDGE_CURVE ( 'NONE', #4627, #2778, #2488, .T. ) ;
#2822 = DIRECTION ( 'NONE',  ( -1.000000000000000000, 0.000000000000000000, 0.000000000000000000 ) ) ;
#2823 = ORIENTED_EDGE ( 'NONE', *, *, #4892, .T. ) ;
#2824 = CYLINDRICAL_SURFACE ( 'NONE', #4047, 0.03600013749699115806 ) ;
#2825 = ORIENTED_EDGE ( 'NONE', *, *, #2473, .F. ) ;
#2826 = DIRECTION ( 'NONE',  ( -1.000000000000000000, 0.000000000000000000, 0.000000000000000000 ) ) ;
#2827 = EDGE_CURVE ( 'NONE', #3395, #1238, #3020, .T. ) ;
#2828 = EDGE_CURVE ( 'NONE', #4389, #4780, #3720, .T. ) ;
#2829 = ORIENTED_EDGE ( 'NONE', *, *, #3556, .F. ) ;
#2830 = DIRECTION ( 'NONE',  ( 0.000000000000000000, 0.000000000000000000, 1.000000000000000000 ) ) ;
#2831 = CIRCLE ( 'NONE', #2903, 0.02009999999999934062 ) ;
#2832 = DIRECTION ( 'NONE',  ( 0.000000000000000000, -0.000000000000000000, 1.000000000000000000 ) ) ;
#2833 = CARTESIAN_POINT ( 'NONE',  ( 38.81095864114797678, 38.80299552733105628, 17.00315147130045901 ) ) ;
#2834 = EDGE_CURVE ( 'NONE', #129, #311, #4547, .T. ) ;
#2835 = ORIENTED_EDGE ( 'NONE', *, *, #1431, .F. ) ;
#2836 = DIRECTION ( 'NONE',  ( -0.000000000000000000, -0.000000000000000000, 1.000000000000000000 ) ) ;
#2837 = DIRECTION ( 'NONE',  ( 0.000000000000000000, -0.000000000000000000, -1.000000000000000000 ) ) ;
#2838 = CYLINDRICAL_SURFACE ( 'NONE', #4635, 0.02935410264610283093 ) ;
#2839 = EDGE_CURVE ( 'NONE', #2450, #745, #755, .T. ) ;
#2840 = AXIS2_PLACEMENT_3D ( 'NONE', #2863, #4848, #1441 ) ;
#2841 = DIRECTION ( 'NONE',  ( -0.000000000000000000, -0.000000000000000000, -1.000000000000000000 ) ) ;
#2842 = DIRECTION ( 'NONE',  ( 0.000000000000000000, 0.000000000000000000, -1.000000000000000000 ) ) ;
#2843 = DIRECTION ( 'NONE',  ( -0.4999999999959848784, 0.8660254037867568533, 0.000000000000000000 ) ) ;
#2844 = ORIENTED_EDGE ( 'NONE', *, *, #1352, .T. ) ;
#2845 = CARTESIAN_POINT ( 'NONE',  ( 38.82463070919839510, 38.82656159892245995, 17.00343873749197243 ) ) ;
#2846 = CYLINDRICAL_SURFACE ( 'NONE', #4074, 0.03600013749699115806 ) ;
#2847 = ORIENTED_EDGE ( 'NONE', *, *, #3160, .F. ) ;
#2848 = CYLINDRICAL_SURFACE ( 'NONE', #1046, 0.02935410264610283093 ) ;
#2849 = VERTEX_POINT ( 'NONE', #2996 ) ;
#2850 = CARTESIAN_POINT ( 'NONE',  ( 38.79290262101311271, 38.83886919764828605, 16.96933472047959768 ) ) ;
#2851 = VERTEX_POINT ( 'NONE', #2206 ) ;
#2852 = ORIENTED_EDGE ( 'NONE', *, *, #2891, .F. ) ;
#2853 = EDGE_CURVE ( 'NONE', #4068, #2805, #4719, .T. ) ;
#2854 = CARTESIAN_POINT ( 'NONE',  ( 38.85139412798758940, 38.83201554115694165, 16.96933472047959768 ) ) ;
#2855 = ORIENTED_EDGE ( 'NONE', *, *, #4728, .F. ) ;
#2856 = DIRECTION ( 'NONE',  ( -0.000000000000000000, 1.000000000000000000, -0.000000000000000000 ) ) ;
#2857 = CIRCLE ( 'NONE', #1824, 0.03899994794847572166 ) ;
#2858 = ORIENTED_EDGE ( 'NONE', *, *, #3644, .F. ) ;
#2859 = DIRECTION ( 'NONE',  ( -0.000000000000000000, 0.000000000000000000, -1.000000000000000000 ) ) ;
#2860 = DIRECTION ( 'NONE',  ( 0.000000000000000000, -0.000000000000000000, -1.000000000000000000 ) ) ;
#2861 = DIRECTION ( 'NONE',  ( 0.000000000000000000, -0.000000000000000000, -1.000000000000000000 ) ) ;
#2862 = ORIENTED_EDGE ( 'NONE', *, *, #713, .F. ) ;
#2863 = CARTESIAN_POINT ( 'NONE',  ( 38.78048322234275957, 38.82911024244044995, 16.96933472047959768 ) ) ;
#2864 = EDGE_CURVE ( 'NONE', #2929, #754, #1702, .T. ) ;
#2865 = CIRCLE ( 'NONE', #735, 0.03899994794847572166 ) ;
#2866 = DIRECTION ( 'NONE',  ( 0.000000000000000000, 0.000000000000000000, -1.000000000000000000 ) ) ;
#2867 = CARTESIAN_POINT ( 'NONE',  ( 38.83886924945241503, 38.79290267281719196, 16.96933472047959768 ) ) ;
#2868 = AXIS2_PLACEMENT_3D ( 'NONE', #2934, #3642, #1760 ) ;
#2869 = ORIENTED_EDGE ( 'NONE', *, *, #2216, .T. ) ;
#2870 = CARTESIAN_POINT ( 'NONE',  ( 38.77826683796797624, 38.81949673875521967, 16.96933472047959768 ) ) ;
#2871 = DIRECTION ( 'NONE',  ( 0.000000000000000000, -0.000000000000000000, -1.000000000000000000 ) ) ;
#2872 = CARTESIAN_POINT ( 'NONE',  ( 38.84302847617511389, 38.83213760597948294, 16.95533472047959833 ) ) ;
#2873 = CARTESIAN_POINT ( 'NONE',  ( 38.80873001453303317, 38.80408536282502041, 17.00596986043632342 ) ) ;
#2874 = ORIENTED_EDGE ( 'NONE', *, *, #1430, .F. ) ;
#2875 = CARTESIAN_POINT ( 'NONE',  ( 38.80747343246315495, 38.84728168145627336, 16.95533472047959833 ) ) ;
#2876 = EDGE_LOOP ( 'NONE', ( #3699, #1019 ) ) ;
#2877 = DIRECTION ( 'NONE',  ( 0.000000000000000000, -0.000000000000000000, 1.000000000000000000 ) ) ;
#2878 = AXIS2_PLACEMENT_3D ( 'NONE', #696, #2191, #3703 ) ;
#2879 = ADVANCED_FACE ( 'NONE', ( #343 ), #1909, .T. ) ;
#2880 = ORIENTED_EDGE ( 'NONE', *, *, #693, .F. ) ;
#2881 = LINE ( 'NONE', #4781, #1500 ) ;
#2882 = VECTOR ( 'NONE', #22, 1.000000000000000000 ) ;
#2883 = DIRECTION ( 'NONE',  ( -0.000000000000000000, -0.000000000000000000, 1.000000000000000000 ) ) ;
#2884 = CARTESIAN_POINT ( 'NONE',  ( 38.77741299409795062, 38.82227567234947685, 16.95533472047959833 ) ) ;
#2885 = EDGE_CURVE ( 'NONE', #4215, #3773, #3998, .T. ) ;
#2886 = AXIS2_PLACEMENT_3D ( 'NONE', #3776, #2604, #1517 ) ;
#2887 = FACE_OUTER_BOUND ( 'NONE', #4213, .T. ) ;
#2888 = VECTOR ( 'NONE', #826, 1.000000000000000000 ) ;
#2889 = CARTESIAN_POINT ( 'NONE',  ( 38.81588593523276387, 38.81588593523274255, 16.96933472047959768 ) ) ;
#2890 = ORIENTED_EDGE ( 'NONE', *, *, #2684, .F. ) ;
#2891 = EDGE_CURVE ( 'NONE', #1415, #4662, #4574, .T. ) ;
#2892 = CARTESIAN_POINT ( 'NONE',  ( 38.85435887636757712, 38.80949619811600826, 16.96933472047959768 ) ) ;
#2893 = CARTESIAN_POINT ( 'NONE',  ( 38.82911024244047837, 38.85128864812273974, 16.96933472047959768 ) ) ;
#2894 = CIRCLE ( 'NONE', #4487, 0.03899994794847572166 ) ;
#2895 = ORIENTED_EDGE ( 'NONE', *, *, #4832, .T. ) ;
#2896 = CARTESIAN_POINT ( 'NONE',  ( 38.80813780512233535, 38.80446555281335463, 17.00575573966428777 ) ) ;
#2897 = ORIENTED_EDGE ( 'NONE', *, *, #2670, .F. ) ;
#2898 = DIRECTION ( 'NONE',  ( 0.000000000000000000, -0.000000000000000000, -1.000000000000000000 ) ) ;
#2899 = VERTEX_POINT ( 'NONE', #1176 ) ;
#2900 = DIRECTION ( 'NONE',  ( -0.4999999999959848784, 0.8660254037867568533, 0.000000000000000000 ) ) ;
#2901 = VERTEX_POINT ( 'NONE', #2682 ) ;
#2902 = DIRECTION ( 'NONE',  ( -0.8660254037867568533, -0.4999999999959848784, 0.000000000000000000 ) ) ;
#2903 = AXIS2_PLACEMENT_3D ( 'NONE', #4137, #413, #827 ) ;
#2904 = CARTESIAN_POINT ( 'NONE',  ( 38.81465445981498874, 38.83634891322460447, 16.99773472028886445 ) ) ;
#2905 = ORIENTED_EDGE ( 'NONE', *, *, #3130, .F. ) ;
#2906 = ORIENTED_EDGE ( 'NONE', *, *, #128, .T. ) ;
#2907 = FACE_OUTER_BOUND ( 'NONE', #872, .T. ) ;
#2908 = EDGE_CURVE ( 'NONE', #4188, #2268, #4475, .T. ) ;
#2909 = CARTESIAN_POINT ( 'NONE',  ( 38.81792586468395712, 38.79588971839469735, 16.99773472028886445 ) ) ;
#2910 = CIRCLE ( 'NONE', #955, 0.02935410264610490219 ) ;
#2911 = ORIENTED_EDGE ( 'NONE', *, *, #3107, .T. ) ;
#2912 = DIRECTION ( 'NONE',  ( 0.000000000000000000, 0.000000000000000000, -1.000000000000000000 ) ) ;
#2913 = DIRECTION ( 'NONE',  ( -1.000000000000000000, 0.000000000000000000, 0.000000000000000000 ) ) ;
#2914 = DIRECTION ( 'NONE',  ( -1.000000000000000000, 0.000000000000000000, 0.000000000000000000 ) ) ;
#2915 = EDGE_LOOP ( 'NONE', ( #4495, #2642, #217, #4189 ) ) ;
#2916 = ADVANCED_FACE ( 'NONE', ( #3749 ), #3077, .F. ) ;
#2917 = CARTESIAN_POINT ( 'NONE',  ( 38.84302847617511389, 38.83213760597948294, 16.96933472047959768 ) ) ;
#2918 = ORIENTED_EDGE ( 'NONE', *, *, #153, .F. ) ;
#2919 = CARTESIAN_POINT ( 'NONE',  ( 38.85209255840199205, 38.83574975562039810, 16.96933472047959768 ) ) ;
#2920 = VERTEX_POINT ( 'NONE', #2975 ) ;
#2921 = DIRECTION ( 'NONE',  ( 0.000000000000000000, 0.000000000000000000, -1.000000000000000000 ) ) ;
#2922 = LINE ( 'NONE', #4785, #2168 ) ;
#2923 = ORIENTED_EDGE ( 'NONE', *, *, #3433, .F. ) ;
#2924 = B_SPLINE_CURVE_WITH_KNOTS ( 'NONE', 3,
 ( #4447, #1328, #1049, #2833, #1767, #1028, #2527, #3227, #4825, #2548, #616, #4065, #4042, #1351, #685, #2183, #3694, #315, #3250, #4354, #2452, #3970, #591, #986, #2479, #2115, #3630, #1748, #1879, #3340, #4870, #729 ),
 .UNSPECIFIED., .F., .F.,
 ( 4, 2, 2, 2, 2, 2, 2, 2, 2, 2, 2, 2, 2, 2, 2, 4 ),
 ( 0.000000000000000000, 0.0004403926764521275019, 0.0008807853529042550039, 0.001321178029356382452, 0.001761570705808510008, 0.002642356058720635344, 0.003082748735167876401, 0.003523141411615117458, 0.003963534088062359816, 0.004403926764509600439, 0.004844319440956841930, 0.005284712117404083420, 0.005725104793851324911, 0.006165497470298565534, 0.006605890146745807025, 0.007046282823193047648 ),
 .UNSPECIFIED. ) ;
#2925 = VECTOR ( 'NONE', #4076, 1.000000000000000000 ) ;
#2926 = CYLINDRICAL_SURFACE ( 'NONE', #975, 0.02935410264610283093 ) ;
#2927 = LINE ( 'NONE', #3238, #3515 ) ;
#2928 = ORIENTED_EDGE ( 'NONE', *, *, #4811, .T. ) ;
#2929 = VERTEX_POINT ( 'NONE', #4501 ) ;
#2930 = VECTOR ( 'NONE', #285, 1.000000000000000000 ) ;
#2931 = CARTESIAN_POINT ( 'NONE',  ( 38.78375371630959734, 38.81682107926577174, 16.96933472047959768 ) ) ;
#2932 = CIRCLE ( 'NONE', #3578, 0.001006105236833839843 ) ;
#2933 = EDGE_CURVE ( 'NONE', #3936, #889, #4116, .T. ) ;
#2934 = CARTESIAN_POINT ( 'NONE',  ( 38.81588593523276387, 38.81588593523274255, 16.96933472047959768 ) ) ;
#2935 = DIRECTION ( 'NONE',  ( -1.000000000000000000, 0.000000000000000000, 0.000000000000000000 ) ) ;
#2936 = ORIENTED_EDGE ( 'NONE', *, *, #2801, .F. ) ;
#2937 = CIRCLE ( 'NONE', #3085, 0.03600013749699044335 ) ;
#2938 = EDGE_CURVE ( 'NONE', #4722, #2095, #1388, .T. ) ;
#2939 = DIRECTION ( 'NONE',  ( -0.4999999999999360512, 0.8660254037844755670, 0.000000000000000000 ) ) ;
#2940 = ORIENTED_EDGE ( 'NONE', *, *, #354, .T. ) ;
#2941 = CARTESIAN_POINT ( 'NONE',  ( 38.82427728263279931, 38.82684185056759674, 17.00510694441901904 ) ) ;
#2942 = CARTESIAN_POINT ( 'NONE',  ( 38.84403461804297564, 38.79963432793280731, 16.96933472047959768 ) ) ;
#2943 = PLANE ( 'NONE',  #1179 ) ;
#2944 = EDGE_CURVE ( 'NONE', #4215, #3576, #4142, .T. ) ;
#2945 = ORIENTED_EDGE ( 'NONE', *, *, #1649, .T. ) ;
#2946 = DIRECTION ( 'NONE',  ( 0.9659258262892763680, -0.2588190451017443605, 0.000000000000000000 ) ) ;
#2947 = AXIS2_PLACEMENT_3D ( 'NONE', #3384, #682, #2181 ) ;
#2948 = CARTESIAN_POINT ( 'NONE',  ( 38.81588593523276387, 38.81588593523274255, 17.00973472028886491 ) ) ;
#2949 = ORIENTED_EDGE ( 'NONE', *, *, #2134, .F. ) ;
#2950 = AXIS2_PLACEMENT_3D ( 'NONE', #967, #3932, #4280 ) ;
#2951 = DIRECTION ( 'NONE',  ( -0.4999999999999919509, -0.8660254037844432595, 0.000000000000000000 ) ) ;
#2952 = DIRECTION ( 'NONE',  ( -0.2588190451017443605, 0.9659258262892763680, 0.000000000000000000 ) ) ;
#2953 = ORIENTED_EDGE ( 'NONE', *, *, #4654, .F. ) ;
#2954 = EDGE_LOOP ( 'NONE', ( #1607, #1096, #1903, #1014 ) ) ;
#2955 = AXIS2_PLACEMENT_3D ( 'NONE', #4167, #2275, #4191 ) ;
#2956 = DIRECTION ( 'NONE',  ( -0.9659258262890429991, -0.2588190451026144978, 0.000000000000000000 ) ) ;
#2957 = AXIS2_PLACEMENT_3D ( 'NONE', #4717, #1319, #3216 ) ;
#2958 = CIRCLE ( 'NONE', #4075, 0.001006105236834714794 ) ;
#2959 = DIRECTION ( 'NONE',  ( 0.000000000000000000, 0.000000000000000000, -1.000000000000000000 ) ) ;
#2960 = CARTESIAN_POINT ( 'NONE',  ( 38.80671733698930836, 38.80000545724089989, 17.00373472028886468 ) ) ;
#2961 = CIRCLE ( 'NONE', #232, 0.03600013749699044335 ) ;
#2962 = ORIENTED_EDGE ( 'NONE', *, *, #738, .F. ) ;
#2963 = VECTOR ( 'NONE', #4226, 1.000000000000000000 ) ;
#2964 = CARTESIAN_POINT ( 'NONE',  ( 38.82074504838060847, 38.82880216608452884, 17.00388169473245270 ) ) ;
#2965 = AXIS2_PLACEMENT_3D ( 'NONE', #1258, #916, #520 ) ;
#2966 = CARTESIAN_POINT ( 'NONE',  ( 38.78416319037196303, 38.83857212923879132, 16.96933472047959768 ) ) ;
#2967 = ORIENTED_EDGE ( 'NONE', *, *, #2487, .T. ) ;
#2968 = CARTESIAN_POINT ( 'NONE',  ( 38.83201547722381264, 38.85139415702914789, 16.96933472047959768 ) ) ;
#2969 = EDGE_CURVE ( 'NONE', #4849, #2849, #4797, .T. ) ;
#2970 = EDGE_CURVE ( 'NONE', #556, #4068, #369, .T. ) ;
#2971 = CARTESIAN_POINT ( 'NONE',  ( 38.83113143729586625, 38.84403461804295432, 16.95533472047959833 ) ) ;
#2972 = ORIENTED_EDGE ( 'NONE', *, *, #4817, .T. ) ;
#2973 = CIRCLE ( 'NONE', #2117, 0.001006105236833839843 ) ;
#2974 = DIRECTION ( 'NONE',  ( 0.000000000000000000, -0.000000000000000000, -1.000000000000000000 ) ) ;
#2975 = CARTESIAN_POINT ( 'NONE',  ( 38.77937252229334320, 38.80218313933193031, 16.96933472047959768 ) ) ;
#2976 = EDGE_CURVE ( 'NONE', #434, #4708, #1002, .T. ) ;
#2977 = VERTEX_POINT ( 'NONE', #1199 ) ;
#2978 =( GEOMETRIC_REPRESENTATION_CONTEXT ( 3 ) GLOBAL_UNCERTAINTY_ASSIGNED_CONTEXT ( ( #979 ) ) GLOBAL_UNIT_ASSIGNED_CONTEXT ( ( #2751, #3894, #562 ) ) REPRESENTATION_CONTEXT ( 'NONE', 'WORKASPACE' ) );
#2979 = CARTESIAN_POINT ( 'NONE',  ( 38.84728170041791628, 38.80747350322886291, 16.96933472047959768 ) ) ;
#2980 = EDGE_CURVE ( 'NONE', #3239, #4601, #3754, .T. ) ;
#2981 = DIRECTION ( 'NONE',  ( 0.000000000000000000, -0.000000000000000000, 1.000000000000000000 ) ) ;
#2982 = VERTEX_POINT ( 'NONE', #2328 ) ;
#2983 = DIRECTION ( 'NONE',  ( -0.000000000000000000, -0.000000000000000000, -1.000000000000000000 ) ) ;
#2984 = FACE_OUTER_BOUND ( 'NONE', #859, .T. ) ;
#2985 = AXIS2_PLACEMENT_3D ( 'NONE', #2414, #4362, #550 ) ;
#2986 = CARTESIAN_POINT ( 'NONE',  ( 38.83786309241147450, 38.83886924945239372, 16.95533472047959833 ) ) ;
#2987 = ORIENTED_EDGE ( 'NONE', *, *, #3736, .T. ) ;
#2988 = LINE ( 'NONE', #1528, #2077 ) ;
#2989 = CARTESIAN_POINT ( 'NONE',  ( 38.84665962737027201, 38.79394933902180753, 16.96933472047959768 ) ) ;
#2990 = ORIENTED_EDGE ( 'NONE', *, *, #508, .F. ) ;
#2991 = DIRECTION ( 'NONE',  ( -1.000000000000000000, 0.000000000000000000, 0.000000000000000000 ) ) ;
#2992 = FACE_OUTER_BOUND ( 'NONE', #3485, .T. ) ;
#2993 = EDGE_LOOP ( 'NONE', ( #2897, #1117, #4517, #2542 ) ) ;
#2994 = EDGE_CURVE ( 'NONE', #2268, #3145, #1254, .T. ) ;
#2995 = DIRECTION ( 'NONE',  ( -1.000000000000000000, 0.000000000000000000, 0.000000000000000000 ) ) ;
#2996 = CARTESIAN_POINT ( 'NONE',  ( 38.83838593523276472, 38.81588593523274255, 16.97053472028886389 ) ) ;
#2997 = ORIENTED_EDGE ( 'NONE', *, *, #1919, .T. ) ;
#2998 = CARTESIAN_POINT ( 'NONE',  ( 38.82328642959420506, 38.82753470403422114, 17.00591248347355844 ) ) ;
#2999 = EDGE_CURVE ( 'NONE', #3884, #3991, #155, .T. ) ;
#3000 = DIRECTION ( 'NONE',  ( 0.000000000000000000, 0.000000000000000000, -1.000000000000000000 ) ) ;
#3001 = CLOSED_SHELL ( 'NONE', ( #1192, #14, #69, #3561, #3164, #942, #960, #573, #231, #2108, #2807, #3788, #4279, #2139, #1161, #1832, #4873, #4119, #2520, #2713, #870, #1526, #4465, #3089, #1914, #2678, #597, #307, #4060, #4450, #25, #4124, #4523, #2650, #300, #537, #4893, #4066, #688, #853, #2277, #1347, #2212, #3022, #4077, #3817, #609, #4193, #2767, #55, #3756, #4659, #4504, #56, #2264, #4416, #3028, #568, #4822, #1282, #1456, #257, #2238, #3458, #3681, #1471, #993, #1521, #477, #2041, #2080, #4165, #3882, #1953, #184, #3506, #2602, #1102, #2645, #1026, #2879, #4392, #2633, #2500, #1357, #2743, #1798, #3306, #4783, #4386, #4681, #936, #3551, #3251, #4252, #714, #4760, #1514, #1000, #4812, #3616, #1797, #3286, #3824, #423, #1329, #4218, #4711, #4105, #158, #659, #911, #429, #4020, #2762, #3695, #2525, #3919, #1051, #449, #4285, #1947, #1256, #2665, #3622, #4266, #4157, #368, #2160, #85, #2102, #4846, #4093, #2572, #134, #3726, #4067, #1085, #390, #2916, #772 ) ) ;
#3002 = DIRECTION ( 'NONE',  ( -1.000000000000000000, 0.000000000000000000, 0.000000000000000000 ) ) ;
#3003 = CIRCLE ( 'NONE', #575, 0.001006105236833839843 ) ;
#3004 = ORIENTED_EDGE ( 'NONE', *, *, #3465, .T. ) ;
#3005 = CARTESIAN_POINT ( 'NONE',  ( 38.81588593523276387, 38.81588593523274255, 16.99773472028886445 ) ) ;
#3006 = EDGE_CURVE ( 'NONE', #5, #4722, #4400, .T. ) ;
#3007 = CARTESIAN_POINT ( 'NONE',  ( 38.80747350322888423, 38.78449017004759014, 16.95533472047959833 ) ) ;
#3008 = CARTESIAN_POINT ( 'NONE',  ( 38.79975613979437554, 38.85128864812273974, 16.96933472047959768 ) ) ;
#3009 = EDGE_LOOP ( 'NONE', ( #2188, #2835, #4750, #1939 ) ) ;
#3010 = CARTESIAN_POINT ( 'NONE',  ( 38.81588593523276387, 38.81588593523274255, 16.96933472047959768 ) ) ;
#3011 = AXIS2_PLACEMENT_3D ( 'NONE', #42, #1907, #1078 ) ;
#3012 = CARTESIAN_POINT ( 'NONE',  ( 38.83422313171968909, 38.82411741292509788, 17.00973472028886491 ) ) ;
#3013 = VERTEX_POINT ( 'NONE', #4600 ) ;
#3014 = DIRECTION ( 'NONE',  ( 0.000000000000000000, 0.000000000000000000, 1.000000000000000000 ) ) ;
#3015 = VECTOR ( 'NONE', #847, 1.000000000000000000 ) ;
#3016 = ORIENTED_EDGE ( 'NONE', *, *, #1408, .F. ) ;
#3017 = CARTESIAN_POINT ( 'NONE',  ( 38.82911024244047837, 38.85128864812273974, 16.95533472047959833 ) ) ;
#3018 = ORIENTED_EDGE ( 'NONE', *, *, #2669, .F. ) ;
#3019 = CARTESIAN_POINT ( 'NONE',  ( 38.84065608046677198, 38.84600961105542893, 16.96933472047959768 ) ) ;
#3020 = LINE ( 'NONE', #372, #1533 ) ;
#3021 = VERTEX_POINT ( 'NONE', #2380 ) ;
#3022 = ADVANCED_FACE ( 'NONE', ( #834 ), #493, .T. ) ;
#3023 = ORIENTED_EDGE ( 'NONE', *, *, #268, .F. ) ;
#3024 = CIRCLE ( 'NONE', #1138, 0.001006105236834714794 ) ;
#3025 = CARTESIAN_POINT ( 'NONE',  ( 38.78338265718608113, 38.81588589860170657, 16.95533472047959833 ) ) ;
#3026 = LINE ( 'NONE', #81, #2882 ) ;
#3027 = ORIENTED_EDGE ( 'NONE', *, *, #4861, .T. ) ;
#3028 = ADVANCED_FACE ( 'NONE', ( #1277 ), #4274, .T. ) ;
#3029 = EDGE_CURVE ( 'NONE', #3416, #4297, #1779, .T. ) ;
#3030 = VECTOR ( 'NONE', #1772, 1.000000000000000000 ) ;
#3031 = CYLINDRICAL_SURFACE ( 'NONE', #706, 0.001006105236832866012 ) ;
#3032 = CARTESIAN_POINT ( 'NONE',  ( 38.79900990383556802, 38.84324564445261529, 16.96933472047959768 ) ) ;
#3033 = CIRCLE ( 'NONE', #2803, 0.02935410264610433320 ) ;
#3034 = EDGE_CURVE ( 'NONE', #1042, #2157, #4550, .T. ) ;
#3035 = CYLINDRICAL_SURFACE ( 'NONE', #3613, 0.02935410264610283093 ) ;
#3036 = VERTEX_POINT ( 'NONE', #3925 ) ;
#3037 = CIRCLE ( 'NONE', #923, 0.02100000000000079581 ) ;
#3038 = VECTOR ( 'NONE', #50, 1.000000000000000000 ) ;
#3039 = CARTESIAN_POINT ( 'NONE',  ( 38.81588593523276387, 38.81588593523274255, 16.96933472047959768 ) ) ;
#3040 = DIRECTION ( 'NONE',  ( -0.5000000000000041078, 0.8660254037844363761, 0.000000000000000000 ) ) ;
#3041 = VERTEX_POINT ( 'NONE', #3849 ) ;
#3042 = CARTESIAN_POINT ( 'NONE',  ( 38.81588593523276387, 38.81588593523274255, 16.95533472047959833 ) ) ;
#3043 = EDGE_CURVE ( 'NONE', #2412, #4374, #2043, .T. ) ;
#3044 = CIRCLE ( 'NONE', #4729, 0.03899994794847572166 ) ;
#3045 = DIRECTION ( 'NONE',  ( -1.000000000000000000, 0.000000000000000000, 0.000000000000000000 ) ) ;
#3046 = CARTESIAN_POINT ( 'NONE',  ( 38.81588593523276387, 38.81588593523274255, 17.00973472028886491 ) ) ;
#3047 = CARTESIAN_POINT ( 'NONE',  ( 38.78759104534882596, 38.80062968425995962, 16.96933472047959768 ) ) ;
#3048 = ORIENTED_EDGE ( 'NONE', *, *, #1233, .F. ) ;
#3049 = AXIS2_PLACEMENT_3D ( 'NONE', #839, #2360, #2758 ) ;
#3050 = CARTESIAN_POINT ( 'NONE',  ( 38.83156843628661647, 38.78150143957275731, 16.96933472047959768 ) ) ;
#3051 = DIRECTION ( 'NONE',  ( 0.000000000000000000, 0.000000000000000000, -1.000000000000000000 ) ) ;
#3052 = ORIENTED_EDGE ( 'NONE', *, *, #4012, .F. ) ;
#3053 = CIRCLE ( 'NONE', #291, 0.001006105236836115583 ) ;
#3054 = VERTEX_POINT ( 'NONE', #3504 ) ;
#3055 = EDGE_CURVE ( 'NONE', #2376, #4005, #3033, .T. ) ;
#3056 = CARTESIAN_POINT ( 'NONE',  ( 38.79900996728238027, 38.78852618938183383, 16.95533472047959833 ) ) ;
#3057 = DIRECTION ( 'NONE',  ( -0.000000000000000000, -0.000000000000000000, -1.000000000000000000 ) ) ;
#3058 = ORIENTED_EDGE ( 'NONE', *, *, #417, .T. ) ;
#3059 = DIRECTION ( 'NONE',  ( 0.8660254037867568533, 0.4999999999959848784, 0.000000000000000000 ) ) ;
#3060 = VECTOR ( 'NONE', #4516, 1.000000000000000000 ) ;
#3061 = EDGE_CURVE ( 'NONE', #1052, #3305, #679, .T. ) ;
#3062 = CARTESIAN_POINT ( 'NONE',  ( 38.78511224309525574, 38.83782253144367758, 16.95533472047959833 ) ) ;
#3063 = CARTESIAN_POINT ( 'NONE',  ( 38.82303898691518640, 38.82768824909723548, 17.00149912787628992 ) ) ;
#3064 = CARTESIAN_POINT ( 'NONE',  ( 38.84801815415593040, 38.81495079119971336, 16.95533472047959833 ) ) ;
#3065 = ORIENTED_EDGE ( 'NONE', *, *, #3429, .T. ) ;
#3066 = DIRECTION ( 'NONE',  ( 0.000000000000000000, 0.000000000000000000, -1.000000000000000000 ) ) ;
#3067 = CARTESIAN_POINT ( 'NONE',  ( 38.77861413290328585, 38.80963716477706527, 16.96933472047959768 ) ) ;
#3068 = EDGE_LOOP ( 'NONE', ( #4592, #2829, #1024, #3590 ) ) ;
#3069 = DIRECTION ( 'NONE',  ( -0.4999999999999360512, 0.8660254037844755670, 0.000000000000000000 ) ) ;
#3070 = CIRCLE ( 'NONE', #2048, 0.02009999999999934062 ) ;
#3071 = VERTEX_POINT ( 'NONE', #4703 ) ;
#3072 = DIRECTION ( 'NONE',  ( -0.8660254037844755670, -0.4999999999999360512, 0.000000000000000000 ) ) ;
#3073 = ORIENTED_EDGE ( 'NONE', *, *, #3300, .F. ) ;
#3074 = EDGE_CURVE ( 'NONE', #1076, #4345, #1304, .T. ) ;
#3075 = CYLINDRICAL_SURFACE ( 'NONE', #4197, 0.03899994794847572166 ) ;
#3076 = CARTESIAN_POINT ( 'NONE',  ( 38.78773728905358809, 38.79963426448600217, 16.95533472047959833 ) ) ;
#3077 = CYLINDRICAL_SURFACE ( 'NONE', #1854, 0.002249999999999715769 ) ;
#3078 = ORIENTED_EDGE ( 'NONE', *, *, #235, .T. ) ;
#3079 = ORIENTED_EDGE ( 'NONE', *, *, #1790, .F. ) ;
#3080 = CARTESIAN_POINT ( 'NONE',  ( 38.81588593523276387, 38.81588593523274255, 17.00973472028886491 ) ) ;
#3081 = CARTESIAN_POINT ( 'NONE',  ( 38.83218320226850295, 38.82765067437841111, 16.99773472028886445 ) ) ;
#3082 = CARTESIAN_POINT ( 'NONE',  ( 38.82227567234949817, 38.85435887636755581, 16.96933472047959768 ) ) ;
#3083 = ORIENTED_EDGE ( 'NONE', *, *, #1127, .F. ) ;
#3084 = CARTESIAN_POINT ( 'NONE',  ( 38.78416319037196303, 38.83857212923879132, 16.95533472047959833 ) ) ;
#3085 = AXIS2_PLACEMENT_3D ( 'NONE', #1611, #4643, #4721 ) ;
#3086 = DIRECTION ( 'NONE',  ( 0.2588190451025921268, -0.9659258262890492164, 0.000000000000000000 ) ) ;
#3087 = DIRECTION ( 'NONE',  ( -0.000000000000000000, 0.000000000000000000, -1.000000000000000000 ) ) ;
#3088 = AXIS2_PLACEMENT_3D ( 'NONE', #2458, #4002, #4334 ) ;
#3089 = ADVANCED_FACE ( 'NONE', ( #3476 ), #204, .F. ) ;
#3090 = DIRECTION ( 'NONE',  ( 1.000000000000000000, 0.000000000000000000, 0.000000000000000000 ) ) ;
#3091 = VERTEX_POINT ( 'NONE', #4250 ) ;
#3092 = AXIS2_PLACEMENT_3D ( 'NONE', #4734, #4406, #1012 ) ;
#3093 = DIRECTION ( 'NONE',  ( 0.000000000000000000, -0.000000000000000000, -1.000000000000000000 ) ) ;
#3094 = VECTOR ( 'NONE', #2098, 1.000000000000000000 ) ;
#3095 = LINE ( 'NONE', #4341, #828 ) ;
#3096 = ORIENTED_EDGE ( 'NONE', *, *, #2430, .T. ) ;
#3097 = DIRECTION ( 'NONE',  ( 0.000000000000000000, -0.000000000000000000, -1.000000000000000000 ) ) ;
#3098 = DIRECTION ( 'NONE',  ( 0.000000000000000000, 0.000000000000000000, -1.000000000000000000 ) ) ;
#3099 = EDGE_CURVE ( 'NONE', #4780, #4704, #3278, .T. ) ;
#3100 = EDGE_LOOP ( 'NONE', ( #2858, #1284 ) ) ;
#3101 = ORIENTED_EDGE ( 'NONE', *, *, #2640, .T. ) ;
#3102 = AXIS2_PLACEMENT_3D ( 'NONE', #2485, #4003, #620 ) ;
#3103 = ORIENTED_EDGE ( 'NONE', *, *, #3736, .F. ) ;
#3104 = DIRECTION ( 'NONE',  ( -0.000000000000000000, 0.000000000000000000, 1.000000000000000000 ) ) ;
#3105 = CARTESIAN_POINT ( 'NONE',  ( 38.79975632930855767, 38.85139412798756808, 16.96933472047959768 ) ) ;
#3106 = ORIENTED_EDGE ( 'NONE', *, *, #1650, .F. ) ;
#3107 = EDGE_CURVE ( 'NONE', #115, #4823, #54, .T. ) ;
#3108 = ORIENTED_EDGE ( 'NONE', *, *, #3309, .F. ) ;
#3109 = CIRCLE ( 'NONE', #668, 0.02935410264610433320 ) ;
#3110 = CARTESIAN_POINT ( 'NONE',  ( 38.83201554115696297, 38.78037774247791702, 16.96933472047959768 ) ) ;
#3111 = LINE ( 'NONE', #132, #4242 ) ;
#3112 = CARTESIAN_POINT ( 'NONE',  ( 38.81588593523276387, 38.81588593523274255, 16.95533472047959833 ) ) ;
#3113 = VERTEX_POINT ( 'NONE', #1373 ) ;
#3114 = LINE ( 'NONE', #2742, #3949 ) ;
#3115 = CARTESIAN_POINT ( 'NONE',  ( 38.81495079119973468, 38.78375371630957602, 16.96933472047959768 ) ) ;
#3116 = CARTESIAN_POINT ( 'NONE',  ( 38.81588593523276387, 38.81588593523274255, 16.96933472047959768 ) ) ;
#3117 = VECTOR ( 'NONE', #3959, 1.000000000000000000 ) ;
#3118 = FACE_OUTER_BOUND ( 'NONE', #4200, .T. ) ;
#3119 = EDGE_LOOP ( 'NONE', ( #4180, #3593, #1353, #1270, #811, #2771, #3631, #1697, #4271, #4031, #4333, #959, #4248, #199, #4746, #577, #3523, #4044, #4665, #3601, #2880, #1910, #4431, #701, #3800, #23, #1893, #3906, #305, #1398, #4108, #2161, #1272, #915, #1088, #3168, #1320, #3653, #2953, #3636, #1484, #3106, #2173, #1380, #3951, #3197, #53, #144, #3650, #2620, #3368, #3339, #3229, #1236, #494, #825, #1307, #1207, #4852, #4235, #2207, #1060, #2288, #2785, #4186, #1590, #937, #2246, #3791, #1056, #304, #3459, #4474, #2506, #2967, #2056, #2905, #4361, #2265, #2578, #1762, #3220, #188, #3721, #852, #440, #2709, #781, #4864, #1230, #462, #501, #4498, #1615, #2522, #2688, #2554, #4521, #2724, #671, #4726, #1243, #1792, #1476, #1128, #3645 ) ) ;
#3120 = VECTOR ( 'NONE', #2165, 1.000000000000000000 ) ;
#3121 = CARTESIAN_POINT ( 'NONE',  ( 38.84627557621946892, 38.82429843800235147, 16.96933472047959768 ) ) ;
#3122 = ORIENTED_EDGE ( 'NONE', *, *, #1172, .F. ) ;
#3123 = DIRECTION ( 'NONE',  ( -0.000000000000000000, -0.000000000000000000, 1.000000000000000000 ) ) ;
#3124 = AXIS2_PLACEMENT_3D ( 'NONE', #4652, #3875, #1228 ) ;
#3125 = VERTEX_POINT ( 'NONE', #4801 ) ;
#3126 = APPLICATION_PROTOCOL_DEFINITION ( 'draft international standard', 'automotive_design', 1998, #4443 ) ;
#3127 = AXIS2_PLACEMENT_3D ( 'NONE', #1587, #2725, #2350 ) ;
#3128 = EDGE_LOOP ( 'NONE', ( #1442, #321, #71, #4562 ) ) ;
#3129 = EDGE_CURVE ( 'NONE', #1595, #3381, #228, .T. ) ;
#3130 = EDGE_CURVE ( 'NONE', #1195, #311, #4236, .T. ) ;
#3131 = LINE ( 'NONE', #1669, #2074 ) ;
#3132 = DIRECTION ( 'NONE',  ( -0.000000000000000000, -0.000000000000000000, -1.000000000000000000 ) ) ;
#3133 = AXIS2_PLACEMENT_3D ( 'NONE', #4153, #4, #770 ) ;
#3134 = EDGE_LOOP ( 'NONE', ( #4023, #3916, #3290, #135 ) ) ;
#3135 = CARTESIAN_POINT ( 'NONE',  ( 38.79382627202476641, 38.83926809181502193, 16.96933472047959768 ) ) ;
#3136 = DIRECTION ( 'NONE',  ( -0.000000000000000000, 0.000000000000000000, -1.000000000000000000 ) ) ;
#3137 = CIRCLE ( 'NONE', #1867, 0.03600013749699166460 ) ;
#3138 = FACE_OUTER_BOUND ( 'NONE', #863, .T. ) ;
#3139 = VERTEX_POINT ( 'NONE', #1723 ) ;
#3140 = DIRECTION ( 'NONE',  ( 0.000000000000000000, 0.000000000000000000, 1.000000000000000000 ) ) ;
#3141 = EDGE_CURVE ( 'NONE', #2747, #1709, #2099, .T. ) ;
#3142 = FACE_OUTER_BOUND ( 'NONE', #3442, .T. ) ;
#3143 = CARTESIAN_POINT ( 'NONE',  ( 38.83794554663665366, 38.83926814361912960, 16.96933472047959768 ) ) ;
#3144 = CARTESIAN_POINT ( 'NONE',  ( 38.79382632382886698, 38.79250372684635551, 16.95533472047959833 ) ) ;
#3145 = VERTEX_POINT ( 'NONE', #657 ) ;
#3146 = CARTESIAN_POINT ( 'NONE',  ( 38.84668124226095642, 38.80666622524122289, 16.96933472047959768 ) ) ;
#3147 = ORIENTED_EDGE ( 'NONE', *, *, #518, .F. ) ;
#3148 = CARTESIAN_POINT ( 'NONE',  ( 38.78509062820456421, 38.82510564522426222, 16.95533472047959833 ) ) ;
#3149 = FACE_OUTER_BOUND ( 'NONE', #988, .T. ) ;
#3150 = ORIENTED_EDGE ( 'NONE', *, *, #4654, .T. ) ;
#3151 = DIRECTION ( 'NONE',  ( -1.000000000000000000, 0.000000000000000000, 0.000000000000000000 ) ) ;
#3152 = AXIS2_PLACEMENT_3D ( 'NONE', #3483, #1209, #3538 ) ;
#3153 = CARTESIAN_POINT ( 'NONE',  ( 38.81588593523276387, 38.81588593523274255, 16.97023472028886459 ) ) ;
#3154 = EDGE_CURVE ( 'NONE', #4567, #2095, #1392, .T. ) ;
#3155 = EDGE_LOOP ( 'NONE', ( #3816, #4478, #3027, #412 ) ) ;
#3156 = DIRECTION ( 'NONE',  ( 0.000000000000000000, 0.000000000000000000, -1.000000000000000000 ) ) ;
#3157 = DIRECTION ( 'NONE',  ( -0.000000000000000000, 0.000000000000000000, -1.000000000000000000 ) ) ;
#3158 = DIRECTION ( 'NONE',  ( 0.000000000000000000, -0.000000000000000000, -1.000000000000000000 ) ) ;
#3159 = CARTESIAN_POINT ( 'NONE',  ( 38.82505453347621938, 38.83176641322459943, 17.00373472028886468 ) ) ;
#3160 = EDGE_CURVE ( 'NONE', #1540, #4147, #2505, .T. ) ;
#3161 = DIRECTION ( 'NONE',  ( -0.000000000000000000, -0.000000000000000000, 1.000000000000000000 ) ) ;
#3162 = ORIENTED_EDGE ( 'NONE', *, *, #2005, .F. ) ;
#3163 = CARTESIAN_POINT ( 'NONE',  ( 38.82074504838059426, 38.82880216608452884, 17.00344084459011285 ) ) ;
#3164 = ADVANCED_FACE ( 'NONE', ( #3670 ), #637, .F. ) ;
#3165 = DIRECTION ( 'NONE',  ( -0.000000000000000000, -0.000000000000000000, 1.000000000000000000 ) ) ;
#3166 = ORIENTED_EDGE ( 'NONE', *, *, #1136, .T. ) ;
#3167 = DIRECTION ( 'NONE',  ( -0.000000000000000000, 0.000000000000000000, -1.000000000000000000 ) ) ;
#3168 = ORIENTED_EDGE ( 'NONE', *, *, #3668, .F. ) ;
#3169 = DIRECTION ( 'NONE',  ( -0.000000000000000000, -0.000000000000000000, 1.000000000000000000 ) ) ;
#3170 = AXIS2_PLACEMENT_3D ( 'NONE', #3930, #546, #2046 ) ;
#3171 = ORIENTED_EDGE ( 'NONE', *, *, #3491, .T. ) ;
#3172 = LINE ( 'NONE', #3472, #2189 ) ;
#3173 = ORIENTED_EDGE ( 'NONE', *, *, #1482, .F. ) ;
#3174 = CARTESIAN_POINT ( 'NONE',  ( 38.81588593523276387, 38.81588593523274255, 16.95533472047959833 ) ) ;
#3175 = DIRECTION ( 'NONE',  ( -0.000000000000000000, -0.000000000000000000, 1.000000000000000000 ) ) ;
#3176 = CIRCLE ( 'NONE', #3102, 0.03899994794847572166 ) ;
#3177 = ORIENTED_EDGE ( 'NONE', *, *, #4582, .T. ) ;
#3178 = CARTESIAN_POINT ( 'NONE',  ( 38.83213754253269911, 38.84403461804295432, 16.96933472047959768 ) ) ;
#3179 = AXIS2_PLACEMENT_3D ( 'NONE', #1015, #624, #1754 ) ;
#3180 = CARTESIAN_POINT ( 'NONE',  ( 38.84434617677774781, 38.86068051958434211, 17.00373472028886468 ) ) ;
#3181 = CIRCLE ( 'NONE', #26, 0.03899994794847572166 ) ;
#3182 = EDGE_CURVE ( 'NONE', #1745, #1874, #1149, .T. ) ;
#3183 = FACE_OUTER_BOUND ( 'NONE', #1293, .T. ) ;
#3184 = CARTESIAN_POINT ( 'NONE',  ( 38.83886919764830736, 38.83886924945239372, 16.96933472047959768 ) ) ;
#3185 = DIRECTION ( 'NONE',  ( -1.000000000000000000, 0.000000000000000000, 0.000000000000000000 ) ) ;
#3186 = EDGE_CURVE ( 'NONE', #4502, #4744, #2808, .T. ) ;
#3187 = CARTESIAN_POINT ( 'NONE',  ( 38.78852622601289113, 38.79900990383554671, 16.95533472047959833 ) ) ;
#3188 = EDGE_CURVE ( 'NONE', #1257, #3473, #2924, .T. ) ;
#3189 = CARTESIAN_POINT ( 'NONE',  ( 38.82393932898483513, 38.82709298428738265, 17.00194454712873693 ) ) ;
#3190 = FACE_OUTER_BOUND ( 'NONE', #1980, .T. ) ;
#3191 = VERTEX_POINT ( 'NONE', #1119 ) ;
#3192 = CARTESIAN_POINT ( 'NONE',  ( 38.79602211484510832, 38.85209255840197073, 16.96933472047959768 ) ) ;
#3193 = EDGE_CURVE ( 'NONE', #1415, #3626, #2492, .T. ) ;
#3194 = VECTOR ( 'NONE', #1189, 1.000000000000000000 ) ;
#3195 = ORIENTED_EDGE ( 'NONE', *, *, #4632, .F. ) ;
#3196 = LINE ( 'NONE', #4723, #4880 ) ;
#3197 = ORIENTED_EDGE ( 'NONE', *, *, #1855, .F. ) ;
#3198 = APPLICATION_PROTOCOL_DEFINITION ( 'draft international standard', 'automotive_design', 1998, #3678 ) ;
#3199 = EDGE_CURVE ( 'NONE', #2242, #103, #374, .T. ) ;
#3200 = CARTESIAN_POINT ( 'NONE',  ( 38.84760868009356471, 38.79319974122669379, 16.96933472047959768 ) ) ;
#3201 = CARTESIAN_POINT ( 'NONE',  ( 38.81588593523276387, 38.81588593523274255, 16.95533472047959833 ) ) ;
#3202 = EDGE_LOOP ( 'NONE', ( #313, #641, #2798, #4524 ) ) ;
#3203 = AXIS2_PLACEMENT_3D ( 'NONE', #2942, #1532, #3045 ) ;
#3204 = CARTESIAN_POINT ( 'NONE',  ( 38.82303940317793689, 38.82768801249655866, 17.00597033731477126 ) ) ;
#3205 = CARTESIAN_POINT ( 'NONE',  ( 38.80963716477708658, 38.85315773756222058, 16.96933472047959768 ) ) ;
#3206 = DIRECTION ( 'NONE',  ( -1.000000000000000000, 0.000000000000000000, 0.000000000000000000 ) ) ;
#3207 = ORIENTED_EDGE ( 'NONE', *, *, #3555, .F. ) ;
#3208 = VECTOR ( 'NONE', #722, 1.000000000000000000 ) ;
#3209 = CARTESIAN_POINT ( 'NONE',  ( 38.80218313933195162, 38.85239934817216323, 16.95533472047959833 ) ) ;
#3210 = CIRCLE ( 'NONE', #933, 0.02935410264610283093 ) ;
#3211 = CARTESIAN_POINT ( 'NONE',  ( 38.78732799447651303, 38.84571771260979745, 16.95533472047959833 ) ) ;
#3212 = DIRECTION ( 'NONE',  ( 0.000000000000000000, 0.000000000000000000, -1.000000000000000000 ) ) ;
#3213 = ORIENTED_EDGE ( 'NONE', *, *, #4802, .T. ) ;
#3214 = DIRECTION ( 'NONE',  ( -1.000000000000000000, 0.000000000000000000, 0.000000000000000000 ) ) ;
#3215 = AXIS2_PLACEMENT_3D ( 'NONE', #1063, #3779, #2261 ) ;
#3216 = DIRECTION ( 'NONE',  ( -1.000000000000000000, 0.000000000000000000, 0.000000000000000000 ) ) ;
#3217 = VERTEX_POINT ( 'NONE', #3767 ) ;
#3218 = EDGE_CURVE ( 'NONE', #2131, #4580, #3387, .T. ) ;
#3219 = DIRECTION ( 'NONE',  ( -0.000000000000000000, 1.000000000000000000, -0.000000000000000000 ) ) ;
#3220 = ORIENTED_EDGE ( 'NONE', *, *, #3006, .F. ) ;
#3221 = ORIENTED_EDGE ( 'NONE', *, *, #1375, .T. ) ;
#3222 = CARTESIAN_POINT ( 'NONE',  ( 38.81075769070731241, 38.80307367304578747, 17.00486933428182823 ) ) ;
#3223 = ORIENTED_EDGE ( 'NONE', *, *, #1233, .T. ) ;
#3224 = AXIS2_PLACEMENT_3D ( 'NONE', #2677, #3367, #4872 ) ;
#3225 = LINE ( 'NONE', #2854, #422 ) ;
#3226 = ORIENTED_EDGE ( 'NONE', *, *, #1016, .F. ) ;
#3227 = CARTESIAN_POINT ( 'NONE',  ( 38.81059350793107399, 38.80314085754491060, 17.00236249615871031 ) ) ;
#3228 = EDGE_CURVE ( 'NONE', #3502, #3352, #3436, .T. ) ;
#3229 = ORIENTED_EDGE ( 'NONE', *, *, #4327, .F. ) ;
#3230 = AXIS2_PLACEMENT_3D ( 'NONE', #3076, #4599, #1198 ) ;
#3231 = VECTOR ( 'NONE', #2439, 1.000000000000000000 ) ;
#3232 = CARTESIAN_POINT ( 'NONE',  ( 38.84801815415593040, 38.81682115252783660, 16.96933472047959768 ) ) ;
#3233 = CARTESIAN_POINT ( 'NONE',  ( 38.78773725242255210, 38.83213754253267780, 16.96933472047959768 ) ) ;
#3234 = DIRECTION ( 'NONE',  ( -1.000000000000000000, 0.000000000000000000, 0.000000000000000000 ) ) ;
#3235 = VERTEX_POINT ( 'NONE', #1168 ) ;
#3236 = CARTESIAN_POINT ( 'NONE',  ( 38.82429843800237279, 38.78449018900921175, 16.96933472047959768 ) ) ;
#3237 = DIRECTION ( 'NONE',  ( 0.000000000000000000, -0.000000000000000000, -1.000000000000000000 ) ) ;
#3238 = CARTESIAN_POINT ( 'NONE',  ( 38.79754873874584575, 38.80765445754036591, 17.00973472028886491 ) ) ;
#3239 = VERTEX_POINT ( 'NONE', #1144 ) ;
#3240 = CARTESIAN_POINT ( 'NONE',  ( 38.81588593523276387, 38.81588593523274255, 16.96233472047959978 ) ) ;
#3241 = LINE ( 'NONE', #628, #1721 ) ;
#3242 = ORIENTED_EDGE ( 'NONE', *, *, #1016, .T. ) ;
#3243 = CYLINDRICAL_SURFACE ( 'NONE', #2220, 0.03899994794847572166 ) ;
#3244 = CARTESIAN_POINT ( 'NONE',  ( 38.80885600270609359, 38.80400981852100983, 17.00598462849747250 ) ) ;
#3245 = EDGE_CURVE ( 'NONE', #2179, #367, #759, .T. ) ;
#3246 = VERTEX_POINT ( 'NONE', #2968 ) ;
#3247 = AXIS2_PLACEMENT_3D ( 'NONE', #1715, #4268, #3594 ) ;
#3248 = DIRECTION ( 'NONE',  ( -0.000000000000000000, -0.000000000000000000, -1.000000000000000000 ) ) ;
#3249 = ORIENTED_EDGE ( 'NONE', *, *, #177, .T. ) ;
#3250 = CARTESIAN_POINT ( 'NONE',  ( 38.80836749893347815, 38.80431304520000424, 17.00159952029656907 ) ) ;
#3251 = ADVANCED_FACE ( 'NONE', ( #4569 ), #4184, .F. ) ;
#3252 = AXIS2_PLACEMENT_3D ( 'NONE', #1460, #1856, #2809 ) ;
#3253 = ORIENTED_EDGE ( 'NONE', *, *, #397, .T. ) ;
#3254 = AXIS2_PLACEMENT_3D ( 'NONE', #2783, #4306, #1675 ) ;
#3255 = CARTESIAN_POINT ( 'NONE',  ( 38.83113150074267850, 38.78773728905356677, 16.95533472047959833 ) ) ;
#3256 = DIRECTION ( 'NONE',  ( -0.000000000000000000, -0.000000000000000000, 1.000000000000000000 ) ) ;
#3257 = EDGE_CURVE ( 'NONE', #4183, #3991, #2958, .T. ) ;
#3258 = FACE_OUTER_BOUND ( 'NONE', #3796, .T. ) ;
#3259 = CIRCLE ( 'NONE', #1833, 0.001006105236834714794 ) ;
#3260 = CARTESIAN_POINT ( 'NONE',  ( 38.77459816958913308, 38.81678667374544034, 16.96933472047959768 ) ) ;
#3261 = DIRECTION ( 'NONE',  ( 0.000000000000000000, 0.000000000000000000, -1.000000000000000000 ) ) ;
#3262 = VERTEX_POINT ( 'NONE', #1902 ) ;
#3263 = VECTOR ( 'NONE', #4128, 1.000000000000000000 ) ;
#3264 = ORIENTED_EDGE ( 'NONE', *, *, #4071, .T. ) ;
#3265 = DIRECTION ( 'NONE',  ( -1.000000000000000000, 0.000000000000000000, 0.000000000000000000 ) ) ;
#3266 = LINE ( 'NONE', #1366, #194 ) ;
#3267 = CARTESIAN_POINT ( 'NONE',  ( 38.81102682208492638, 38.80296970438095627, 17.00373472028886468 ) ) ;
#3268 = ORIENTED_EDGE ( 'NONE', *, *, #1886, .T. ) ;
#3269 = CIRCLE ( 'NONE', #2795, 0.001006105236832866012 ) ;
#3270 = DIRECTION ( 'NONE',  ( 0.5000000000001085798, -0.8660254037843760910, 0.000000000000000000 ) ) ;
#3271 = CARTESIAN_POINT ( 'NONE',  ( 38.84444387598901471, 38.78605415785568766, 16.96933472047959768 ) ) ;
#3272 = VERTEX_POINT ( 'NONE', #4161 ) ;
#3273 = EDGE_CURVE ( 'NONE', #367, #2559, #1097, .T. ) ;
#3274 = CARTESIAN_POINT ( 'NONE',  ( 38.81588593523276387, 38.81588593523274255, 16.96233472047959978 ) ) ;
#3275 = CARTESIAN_POINT ( 'NONE',  ( 38.81588593523276387, 38.81588593523274255, 16.97053472028886389 ) ) ;
#3276 = ORIENTED_EDGE ( 'NONE', *, *, #4588, .F. ) ;
#3277 = ORIENTED_EDGE ( 'NONE', *, *, #3074, .T. ) ;
#3278 = CIRCLE ( 'NONE', #2648, 0.02009999999999934062 ) ;
#3279 = VECTOR ( 'NONE', #4578, 1.000000000000000000 ) ;
#3280 = EDGE_CURVE ( 'NONE', #3891, #1177, #1537, .T. ) ;
#3281 = CARTESIAN_POINT ( 'NONE',  ( 38.81588593523276387, 38.81588593523274255, 16.95533472047959833 ) ) ;
#3282 = AXIS2_PLACEMENT_3D ( 'NONE', #3892, #2010, #1639 ) ;
#3283 = CARTESIAN_POINT ( 'NONE',  ( 38.83218320226850295, 38.82765067437841111, 17.00973472028886491 ) ) ;
#3284 = ORIENTED_EDGE ( 'NONE', *, *, #1565, .F. ) ;
#3285 = DIRECTION ( 'NONE',  ( 0.5000000000018076651, 0.8660254037833949869, 0.000000000000000000 ) ) ;
#3286 = ADVANCED_FACE ( 'NONE', ( #777 ), #2596, .F. ) ;
#3287 = VECTOR ( 'NONE', #1692, 1.000000000000000000 ) ;
#3288 = DIRECTION ( 'NONE',  ( 0.000000000000000000, -0.000000000000000000, -1.000000000000000000 ) ) ;
#3289 = AXIS2_PLACEMENT_3D ( 'NONE', #2870, #2443, #2127 ) ;
#3290 = ORIENTED_EDGE ( 'NONE', *, *, #3300, .T. ) ;
#3291 = DIRECTION ( 'NONE',  ( -0.000000000000000000, -0.000000000000000000, 1.000000000000000000 ) ) ;
#3292 = ORIENTED_EDGE ( 'NONE', *, *, #272, .F. ) ;
#3293 = CARTESIAN_POINT ( 'NONE',  ( 38.79488593523276307, 38.81588593523274255, 16.96233472047959978 ) ) ;
#3294 = DIRECTION ( 'NONE',  ( 0.9659258262890429991, -0.2588190451026144978, 0.000000000000000000 ) ) ;
#3295 = AXIS2_PLACEMENT_3D ( 'NONE', #123, #2830, #2427 ) ;
#3296 = ORIENTED_EDGE ( 'NONE', *, *, #1039, .T. ) ;
#3297 = DIRECTION ( 'NONE',  ( -0.000000000000000000, -0.000000000000000000, 1.000000000000000000 ) ) ;
#3298 = FACE_OUTER_BOUND ( 'NONE', #2442, .T. ) ;
#3299 = ORIENTED_EDGE ( 'NONE', *, *, #3863, .T. ) ;
#3300 = EDGE_CURVE ( 'NONE', #68, #4714, #2225, .T. ) ;
#3301 = DIRECTION ( 'NONE',  ( 0.000000000000000000, 0.000000000000000000, 1.000000000000000000 ) ) ;
#3302 = LINE ( 'NONE', #3283, #1062 ) ;
#3303 = VERTEX_POINT ( 'NONE', #1860 ) ;
#3304 = AXIS2_PLACEMENT_3D ( 'NONE', #2310, #3830, #456 ) ;
#3305 = VERTEX_POINT ( 'NONE', #3366 ) ;
#3306 = ADVANCED_FACE ( 'NONE', ( #37 ), #1812, .F. ) ;
#3307 = CARTESIAN_POINT ( 'NONE',  ( 38.83218320226849585, 38.80412119608705979, 16.99773472028886445 ) ) ;
#3308 = DIRECTION ( 'NONE',  ( -1.000000000000000000, 0.000000000000000000, 0.000000000000000000 ) ) ;
#3309 = EDGE_CURVE ( 'NONE', #2734, #816, #4150, .T. ) ;
#3310 = DIRECTION ( 'NONE',  ( -1.000000000000000000, 0.000000000000000000, 0.000000000000000000 ) ) ;
#3311 = CARTESIAN_POINT ( 'NONE',  ( 38.80949612884482747, 38.85435886486266099, 16.96933472047959768 ) ) ;
#3312 = ORIENTED_EDGE ( 'NONE', *, *, #1489, .F. ) ;
#3313 = DIRECTION ( 'NONE',  ( -0.4999999999959848784, -0.8660254037867568533, 0.000000000000000000 ) ) ;
#3314 = VERTEX_POINT ( 'NONE', #799 ) ;
#3315 = EDGE_CURVE ( 'NONE', #4538, #583, #4555, .T. ) ;
#3316 = CARTESIAN_POINT ( 'NONE',  ( 38.83786314421558217, 38.79290267281719196, 16.96933472047959768 ) ) ;
#3317 = CARTESIAN_POINT ( 'NONE',  ( 38.78416323121890485, 38.79319968410936781, 16.95533472047959833 ) ) ;
#3318 = ORIENTED_EDGE ( 'NONE', *, *, #4530, .F. ) ;
#3319 = DIRECTION ( 'NONE',  ( -0.000000000000000000, 0.000000000000000000, 1.000000000000000000 ) ) ;
#3320 = DIRECTION ( 'NONE',  ( -0.000000000000000000, -0.000000000000000000, -1.000000000000000000 ) ) ;
#3321 = VERTEX_POINT ( 'NONE', #2575 ) ;
#3322 = DIRECTION ( 'NONE',  ( -0.000000000000000000, -0.000000000000000000, -1.000000000000000000 ) ) ;
#3323 = DIRECTION ( 'NONE',  ( 0.000000000000000000, -0.000000000000000000, -1.000000000000000000 ) ) ;
#3324 = ORIENTED_EDGE ( 'NONE', *, *, #3273, .T. ) ;
#3325 = ORIENTED_EDGE ( 'NONE', *, *, #2394, .T. ) ;
#3326 = DIRECTION ( 'NONE',  ( -0.000000000000000000, -0.000000000000000000, -1.000000000000000000 ) ) ;
#3327 = CIRCLE ( 'NONE', #112, 0.001006105236834714794 ) ;
#3328 = EDGE_CURVE ( 'NONE', #1125, #2082, #2730, .T. ) ;
#3329 = EDGE_CURVE ( 'NONE', #3936, #2281, #3608, .T. ) ;
#3330 = DIRECTION ( 'NONE',  ( -0.000000000000000000, -0.000000000000000000, -1.000000000000000000 ) ) ;
#3331 = AXIS2_PLACEMENT_3D ( 'NONE', #742, #2239, #4284 ) ;
#3332 = CARTESIAN_POINT ( 'NONE',  ( 38.85553372609597744, 38.80432982856229529, 16.95533472047959833 ) ) ;
#3333 = LINE ( 'NONE', #3311, #2532 ) ;
#3334 = EDGE_LOOP ( 'NONE', ( #4609, #3385, #1683, #3177 ) ) ;
#3335 = AXIS2_PLACEMENT_3D ( 'NONE', #4009, #4433, #1818 ) ;
#3336 = EDGE_CURVE ( 'NONE', #649, #1125, #438, .T. ) ;
#3337 = CYLINDRICAL_SURFACE ( 'NONE', #1591, 0.01850000000001017497 ) ;
#3338 = CARTESIAN_POINT ( 'NONE',  ( 38.78773725242255210, 38.83213754253267780, 16.95533472047959833 ) ) ;
#3339 = ORIENTED_EDGE ( 'NONE', *, *, #897, .F. ) ;
#3340 = CARTESIAN_POINT ( 'NONE',  ( 38.80714123880316180, 38.80521020862516934, 17.00343844032406437 ) ) ;
#3341 = CYLINDRICAL_SURFACE ( 'NONE', #3544, 0.02935410264610283093 ) ;
#3342 = ORIENTED_EDGE ( 'NONE', *, *, #1403, .T. ) ;
#3343 = EDGE_CURVE ( 'NONE', #691, #1724, #1237, .T. ) ;
#3344 = DIRECTION ( 'NONE',  ( -0.5000000000001085798, -0.8660254037843760910, 0.000000000000000000 ) ) ;
#3345 = VECTOR ( 'NONE', #1327, 1.000000000000000000 ) ;
#3346 = CIRCLE ( 'NONE', #442, 0.03899994794847572166 ) ;
#3347 = DIRECTION ( 'NONE',  ( 0.000000000000000000, -0.000000000000000000, -1.000000000000000000 ) ) ;
#3348 = VERTEX_POINT ( 'NONE', #1960 ) ;
#3349 = VECTOR ( 'NONE', #2070, 1.000000000000000000 ) ;
#3350 = CARTESIAN_POINT ( 'NONE',  ( 38.79319968410938912, 38.84760863924660157, 16.96933472047959768 ) ) ;
#3351 = DIRECTION ( 'NONE',  ( 0.000000000000000000, 0.000000000000000000, -1.000000000000000000 ) ) ;
#3352 = VERTEX_POINT ( 'NONE', #1666 ) ;
#3353 = VERTEX_POINT ( 'NONE', #3441 ) ;
#3354 = LINE ( 'NONE', #4860, #1655 ) ;
#3355 = AXIS2_PLACEMENT_3D ( 'NONE', #4090, #172, #3496 ) ;
#3356 = DIRECTION ( 'NONE',  ( 0.2588190451025921268, -0.9659258262890492164, 0.000000000000000000 ) ) ;
#3357 = CYLINDRICAL_SURFACE ( 'NONE', #2813, 0.02935410264610283093 ) ;
#3358 = AXIS2_PLACEMENT_3D ( 'NONE', #900, #1267, #849 ) ;
#3359 = EDGE_CURVE ( 'NONE', #2756, #1745, #1005, .T. ) ;
#3360 = ORIENTED_EDGE ( 'NONE', *, *, #4620, .F. ) ;
#3361 = DIRECTION ( 'NONE',  ( -0.000000000000000000, -0.000000000000000000, -1.000000000000000000 ) ) ;
#3362 = CIRCLE ( 'NONE', #3289, 0.02935410264609930597 ) ;
#3363 = FACE_BOUND ( 'NONE', #899, .T. ) ;
#3364 = EDGE_LOOP ( 'NONE', ( #1588, #2874 ) ) ;
#3365 = CARTESIAN_POINT ( 'NONE',  ( 38.82464216269763568, 38.82655216608453941, 17.00388365119626499 ) ) ;
#3366 = CARTESIAN_POINT ( 'NONE',  ( 38.77707014211834036, 38.81210041745019623, 16.95533472047959833 ) ) ;
#3367 = DIRECTION ( 'NONE',  ( -0.000000000000000000, -0.000000000000000000, -1.000000000000000000 ) ) ;
#3368 = ORIENTED_EDGE ( 'NONE', *, *, #3920, .T. ) ;
#3369 = EDGE_LOOP ( 'NONE', ( #2454, #1187, #2940, #4056 ) ) ;
#3370 = DIRECTION ( 'NONE',  ( -1.000000000000000000, 0.000000000000000000, 0.000000000000000000 ) ) ;
#3371 = CARTESIAN_POINT ( 'NONE',  ( 38.83201554115696297, 38.78037774247791702, 16.96933472047959768 ) ) ;
#3372 = EDGE_LOOP ( 'NONE', ( #1390, #2990, #4771, #4426 ) ) ;
#3373 = EDGE_CURVE ( 'NONE', #2727, #1006, #1219, .T. ) ;
#3374 = DIRECTION ( 'NONE',  ( -1.000000000000000000, 0.000000000000000000, 0.000000000000000000 ) ) ;
#3375 = CARTESIAN_POINT ( 'NONE',  ( 38.79578593523276453, 38.81588593523274255, 16.99773472028886445 ) ) ;
#3376 = ORIENTED_EDGE ( 'NONE', *, *, #3654, .T. ) ;
#3377 = DIRECTION ( 'NONE',  ( 0.000000000000000000, -0.000000000000000000, -1.000000000000000000 ) ) ;
#3378 = CARTESIAN_POINT ( 'NONE',  ( 38.80949612884482747, 38.85435886486266099, 16.95533472047959833 ) ) ;
#3379 = CIRCLE ( 'NONE', #4024, 0.02935410264610328890 ) ;
#3380 = DIRECTION ( 'NONE',  ( 0.000000000000000000, 0.000000000000000000, -1.000000000000000000 ) ) ;
#3381 = VERTEX_POINT ( 'NONE', #2797 ) ;
#3382 = CARTESIAN_POINT ( 'NONE',  ( 38.81588593523276387, 38.81588593523274255, 16.95533472047959833 ) ) ;
#3383 = EDGE_CURVE ( 'NONE', #4192, #3036, #1781, .T. ) ;
#3384 = CARTESIAN_POINT ( 'NONE',  ( 38.79602211484510832, 38.85209255840197073, 16.95533472047959833 ) ) ;
#3385 = ORIENTED_EDGE ( 'NONE', *, *, #4010, .F. ) ;
#3386 = CARTESIAN_POINT ( 'NONE',  ( 38.82455160824375184, 38.82662601810668690, 17.00446101557009726 ) ) ;
#3387 = LINE ( 'NONE', #3316, #532 ) ;
#3388 = EDGE_LOOP ( 'NONE', ( #3390, #1215, #524, #166 ) ) ;
#3389 = LINE ( 'NONE', #1507, #3060 ) ;
#3390 = ORIENTED_EDGE ( 'NONE', *, *, #4649, .T. ) ;
#3391 = EDGE_CURVE ( 'NONE', #1835, #1122, #512, .T. ) ;
#3392 = EDGE_CURVE ( 'NONE', #3321, #2255, #4295, .T. ) ;
#3393 = CARTESIAN_POINT ( 'NONE',  ( 38.81588593523276387, 38.81588593523274255, 16.96283472047959862 ) ) ;
#3394 = DIRECTION ( 'NONE',  ( 0.7071067811860540786, -0.7071067811870409558, 0.000000000000000000 ) ) ;
#3395 = VERTEX_POINT ( 'NONE', #1191 ) ;
#3396 = ORIENTED_EDGE ( 'NONE', *, *, #738, .T. ) ;
#3397 = EDGE_CURVE ( 'NONE', #450, #3891, #120, .T. ) ;
#3398 = CARTESIAN_POINT ( 'NONE',  ( 38.82505453347621938, 38.83176641322459943, 17.00373472028886468 ) ) ;
#3399 = CIRCLE ( 'NONE', #1278, 0.03600013749698897231 ) ;
#3400 = DIRECTION ( 'NONE',  ( 0.000000000000000000, -0.000000000000000000, 1.000000000000000000 ) ) ;
#3401 = VERTEX_POINT ( 'NONE', #908 ) ;
#3402 = DIRECTION ( 'NONE',  ( 0.000000000000000000, 0.000000000000000000, -1.000000000000000000 ) ) ;
#3403 = LINE ( 'NONE', #3032, #3263 ) ;
#3404 = AXIS2_PLACEMENT_3D ( 'NONE', #4798, #564, #3270 ) ;
#3405 = DIRECTION ( 'NONE',  ( -0.9659258262892763680, -0.2588190451017443605, 0.000000000000000000 ) ) ;
#3406 = AXIS2_PLACEMENT_3D ( 'NONE', #4190, #2274, #1444 ) ;
#3407 = VERTEX_POINT ( 'NONE', #3148 ) ;
#3408 = CIRCLE ( 'NONE', #4452, 0.02009999999999934062 ) ;
#3409 = CARTESIAN_POINT ( 'NONE',  ( 38.84838921327944661, 38.81588597186377854, 16.96933472047959768 ) ) ;
#3410 = DIRECTION ( 'NONE',  ( -1.000000000000000000, 0.000000000000000000, 0.000000000000000000 ) ) ;
#3411 = VERTEX_POINT ( 'NONE', #4695 ) ;
#3412 = DIRECTION ( 'NONE',  ( -0.000000000000000000, -0.000000000000000000, -1.000000000000000000 ) ) ;
#3413 = AXIS2_PLACEMENT_3D ( 'NONE', #1210, #4231, #2638 ) ;
#3414 = AXIS2_PLACEMENT_3D ( 'NONE', #3382, #774, #2083 ) ;
#3415 = DIRECTION ( 'NONE',  ( -1.000000000000000000, 0.000000000000000000, 0.000000000000000000 ) ) ;
#3416 = VERTEX_POINT ( 'NONE', #1250 ) ;
#3417 = CARTESIAN_POINT ( 'NONE',  ( 38.79958866819702479, 38.80412119608707400, 16.99773472028886445 ) ) ;
#3418 = ORIENTED_EDGE ( 'NONE', *, *, #2072, .T. ) ;
#3419 = FACE_OUTER_BOUND ( 'NONE', #1029, .T. ) ;
#3420 = DIRECTION ( 'NONE',  ( 0.000000000000000000, 0.000000000000000000, -1.000000000000000000 ) ) ;
#3421 = EDGE_LOOP ( 'NONE', ( #4368, #3978, #2320, #3994 ) ) ;
#3422 = EDGE_CURVE ( 'NONE', #1061, #4684, #3037, .T. ) ;
#3423 = ORIENTED_EDGE ( 'NONE', *, *, #1744, .T. ) ;
#3424 = DIRECTION ( 'NONE',  ( 0.8660254037839354435, -0.5000000000008716361, 0.000000000000000000 ) ) ;
#3425 = DIRECTION ( 'NONE',  ( -1.000000000000000000, 0.000000000000000000, 0.000000000000000000 ) ) ;
#3426 = ORIENTED_EDGE ( 'NONE', *, *, #3129, .F. ) ;
#3427 = AXIS2_PLACEMENT_3D ( 'NONE', #3855, #3158, #3559 ) ;
#3428 = CARTESIAN_POINT ( 'NONE',  ( 38.81384600578157063, 38.83588215207078775, 16.99773472028886445 ) ) ;
#3429 = EDGE_CURVE ( 'NONE', #3054, #3704, #3680, .T. ) ;
#3430 = LINE ( 'NONE', #430, #736 ) ;
#3431 = AXIS2_PLACEMENT_3D ( 'NONE', #2804, #2780, #1646 ) ;
#3432 = CARTESIAN_POINT ( 'NONE',  ( 38.82227384099191880, 38.82811930640437481, 17.00155704695879066 ) ) ;
#3433 = EDGE_CURVE ( 'NONE', #1889, #667, #3923, .T. ) ;
#3434 = DIRECTION ( 'NONE',  ( -1.000000000000000000, 0.000000000000000000, 0.000000000000000000 ) ) ;
#3435 = VERTEX_POINT ( 'NONE', #2037 ) ;
#3436 = CIRCLE ( 'NONE', #4642, 0.02935410264610433320 ) ;
#3437 = CARTESIAN_POINT ( 'NONE',  ( 38.80062974770679318, 38.78759100871776866, 16.96933472047959768 ) ) ;
#3438 = DIRECTION ( 'NONE',  ( -1.000000000000000000, 0.000000000000000000, 0.000000000000000000 ) ) ;
#3439 = ORIENTED_EDGE ( 'NONE', *, *, #1268, .T. ) ;
#3440 = CIRCLE ( 'NONE', #4154, 0.03600013749699166460 ) ;
#3441 = CARTESIAN_POINT ( 'NONE',  ( 38.79319968410938912, 38.84760863924660157, 16.95533472047959833 ) ) ;
#3442 = EDGE_LOOP ( 'NONE', ( #2211, #2273, #1811, #4570 ) ) ;
#3443 = DIRECTION ( 'NONE',  ( 0.000000000000000000, -0.000000000000000000, -1.000000000000000000 ) ) ;
#3444 = VERTEX_POINT ( 'NONE', #3548 ) ;
#3445 = AXIS2_PLACEMENT_3D ( 'NONE', #4254, #179, #157 ) ;
#3446 = CARTESIAN_POINT ( 'NONE',  ( 38.84600956645630987, 38.84065613470491485, 16.96933472047959768 ) ) ;
#3447 = DIRECTION ( 'NONE',  ( 0.8660254037845108721, -0.4999999999998750999, 0.000000000000000000 ) ) ;
#3448 = CARTESIAN_POINT ( 'NONE',  ( 38.84588596636534419, 38.81588593523274255, 16.97053472028886389 ) ) ;
#3449 = ORIENTED_EDGE ( 'NONE', *, *, #216, .F. ) ;
#3450 = VECTOR ( 'NONE', #4640, 1.000000000000000000 ) ;
#3451 = EDGE_LOOP ( 'NONE', ( #4882, #1982, #3426, #2234 ) ) ;
#3452 = CARTESIAN_POINT ( 'NONE',  ( 38.81498519672006609, 38.77459816958911176, 16.96933472047959768 ) ) ;
#3453 = CARTESIAN_POINT ( 'NONE',  ( 38.81210041745021755, 38.85470172834716607, 17.03813472353135694 ) ) ;
#3454 = EDGE_CURVE ( 'NONE', #2198, #2406, #1299, .T. ) ;
#3455 = CYLINDRICAL_SURFACE ( 'NONE', #3152, 0.03899994794847572166 ) ;
#3456 = CIRCLE ( 'NONE', #1091, 0.001006105236834714794 ) ;
#3457 = CARTESIAN_POINT ( 'NONE',  ( 38.81588593523276387, 38.81588593523274255, 16.96933472047959768 ) ) ;
#3458 = ADVANCED_FACE ( 'NONE', ( #2424 ), #1929, .F. ) ;
#3459 = ORIENTED_EDGE ( 'NONE', *, *, #4775, .F. ) ;
#3460 = CARTESIAN_POINT ( 'NONE',  ( 38.81227513171028676, 38.77826683796795493, 16.95533472047959833 ) ) ;
#3461 = CARTESIAN_POINT ( 'NONE',  ( 38.84503987766709088, 38.83993343035452028, 16.95533472047959833 ) ) ;
#3462 = EDGE_LOOP ( 'NONE', ( #1261, #3685, #4540, #1963 ) ) ;
#3463 = CIRCLE ( 'NONE', #2754, 0.001006105236836115583 ) ;
#3464 = FACE_OUTER_BOUND ( 'NONE', #2477, .T. ) ;
#3465 = EDGE_CURVE ( 'NONE', #3473, #1257, #2433, .T. ) ;
#3466 = DIRECTION ( 'NONE',  ( 0.000000000000000000, -0.000000000000000000, -1.000000000000000000 ) ) ;
#3467 = ORIENTED_EDGE ( 'NONE', *, *, #666, .T. ) ;
#3468 = CARTESIAN_POINT ( 'NONE',  ( 38.80736425802518141, 38.80503108059846795, 17.00486245245013706 ) ) ;
#3469 = AXIS2_PLACEMENT_3D ( 'NONE', #992, #2489, #4007 ) ;
#3470 = DIRECTION ( 'NONE',  ( 0.000000000000000000, 0.000000000000000000, -1.000000000000000000 ) ) ;
#3471 = ORIENTED_EDGE ( 'NONE', *, *, #2544, .F. ) ;
#3472 = CARTESIAN_POINT ( 'NONE',  ( 38.83838593523276472, 38.81588593523274255, 16.97023472028886459 ) ) ;
#3473 = VERTEX_POINT ( 'NONE', #4373 ) ;
#3474 = DIRECTION ( 'NONE',  ( -0.4999999999999980016, -0.8660254037844398178, -0.000000000000000000 ) ) ;
#3475 = CARTESIAN_POINT ( 'NONE',  ( 38.78416323121890485, 38.79319968410936781, 16.96933472047959768 ) ) ;
#3476 = FACE_OUTER_BOUND ( 'NONE', #2651, .T. ) ;
#3477 = ORIENTED_EDGE ( 'NONE', *, *, #2864, .T. ) ;
#3478 = ORIENTED_EDGE ( 'NONE', *, *, #418, .F. ) ;
#3479 = LINE ( 'NONE', #2333, #3927 ) ;
#3480 = CARTESIAN_POINT ( 'NONE',  ( 38.81588593523276387, 38.81588593523274255, 16.97053472028886389 ) ) ;
#3481 = CARTESIAN_POINT ( 'NONE',  ( 38.78588590410018355, 38.81588593523274255, 16.96933472047959768 ) ) ;
#3482 = ORIENTED_EDGE ( 'NONE', *, *, #2159, .F. ) ;
#3483 = CARTESIAN_POINT ( 'NONE',  ( 38.81588593523276387, 38.81588593523274255, 16.96933472047959768 ) ) ;
#3484 = DIRECTION ( 'NONE',  ( 1.000000000000000000, 0.000000000000000000, -0.000000000000000000 ) ) ;
#3485 = EDGE_LOOP ( 'NONE', ( #384, #592, #3018, #4820 ) ) ;
#3486 = CARTESIAN_POINT ( 'NONE',  ( 38.78037774247793834, 38.79975632930853635, 16.96933472047959768 ) ) ;
#3487 = VECTOR ( 'NONE', #2705, 1.000000000000000000 ) ;
#3488 = DIRECTION ( 'NONE',  ( -0.000000000000000000, -0.000000000000000000, -1.000000000000000000 ) ) ;
#3489 = ORIENTED_EDGE ( 'NONE', *, *, #4552, .F. ) ;
#3490 = EDGE_CURVE ( 'NONE', #708, #2090, #2085, .T. ) ;
#3491 = EDGE_CURVE ( 'NONE', #2982, #3314, #1321, .T. ) ;
#3492 = DIRECTION ( 'NONE',  ( -0.7071067811865474617, -0.7071067811865474617, 0.000000000000000000 ) ) ;
#3493 = AXIS2_PLACEMENT_3D ( 'NONE', #243, #3237, #4763 ) ;
#3494 = AXIS2_PLACEMENT_3D ( 'NONE', #3010, #385, #854 ) ;
#3495 = ORIENTED_EDGE ( 'NONE', *, *, #383, .F. ) ;
#3496 = DIRECTION ( 'NONE',  ( 0.8660254037867568533, -0.4999999999959848784, 0.000000000000000000 ) ) ;
#3497 = ORIENTED_EDGE ( 'NONE', *, *, #2134, .T. ) ;
#3498 = DIRECTION ( 'NONE',  ( -0.000000000000000000, -0.000000000000000000, 1.000000000000000000 ) ) ;
#3499 = AXIS2_PLACEMENT_3D ( 'NONE', #4034, #4862, #648 ) ;
#3500 = EDGE_CURVE ( 'NONE', #1931, #2805, #3044, .T. ) ;
#3501 = VECTOR ( 'NONE', #4140, 1.000000000000000000 ) ;
#3502 = VERTEX_POINT ( 'NONE', #650 ) ;
#3503 = DIRECTION ( 'NONE',  ( 0.000000000000000000, -0.000000000000000000, 1.000000000000000000 ) ) ;
#3504 = CARTESIAN_POINT ( 'NONE',  ( 38.79250372684637682, 38.83794554663663234, 16.96933472047959768 ) ) ;
#3505 = ORIENTED_EDGE ( 'NONE', *, *, #2408, .F. ) ;
#3506 = ADVANCED_FACE ( 'NONE', ( #1043 ), #2151, .F. ) ;
#3507 = ORIENTED_EDGE ( 'NONE', *, *, #330, .F. ) ;
#3508 = CARTESIAN_POINT ( 'NONE',  ( 38.84760868009356471, 38.79319974122669379, 16.96933472047959768 ) ) ;
#3509 = DIRECTION ( 'NONE',  ( -0.000000000000000000, -0.000000000000000000, -1.000000000000000000 ) ) ;
#3510 = DIRECTION ( 'NONE',  ( 0.000000000000000000, 0.000000000000000000, -1.000000000000000000 ) ) ;
#3511 = VERTEX_POINT ( 'NONE', #560 ) ;
#3512 = CARTESIAN_POINT ( 'NONE',  ( 38.85315773756224189, 38.82213470568841984, 16.96933472047959768 ) ) ;
#3513 = FACE_OUTER_BOUND ( 'NONE', #4281, .T. ) ;
#3514 = LINE ( 'NONE', #1244, #2497 ) ;
#3515 = VECTOR ( 'NONE', #1406, 1.000000000000000000 ) ;
#3516 = CYLINDRICAL_SURFACE ( 'NONE', #66, 0.03899994794847572166 ) ;
#3517 = AXIS2_PLACEMENT_3D ( 'NONE', #4553, #4506, #1157 ) ;
#3518 = FACE_OUTER_BOUND ( 'NONE', #3783, .T. ) ;
#3519 = ORIENTED_EDGE ( 'NONE', *, *, #3043, .T. ) ;
#3520 = CARTESIAN_POINT ( 'NONE',  ( 38.81588593523276387, 38.81588593523274255, 16.96933472047959768 ) ) ;
#3521 = EDGE_CURVE ( 'NONE', #3054, #678, #982, .T. ) ;
#3522 = AXIS2_PLACEMENT_3D ( 'NONE', #2230, #3051, #2600 ) ;
#3523 = ORIENTED_EDGE ( 'NONE', *, *, #3029, .F. ) ;
#3524 = CIRCLE ( 'NONE', #140, 0.002249999999999715769 ) ;
#3525 = AXIS2_PLACEMENT_3D ( 'NONE', #2089, #3606, #4778 ) ;
#3526 = LINE ( 'NONE', #2301, #1437 ) ;
#3527 = DIRECTION ( 'NONE',  ( 0.8660254037845108721, -0.4999999999998750999, 0.000000000000000000 ) ) ;
#3528 = EDGE_CURVE ( 'NONE', #2781, #3054, #1940, .T. ) ;
#3529 = ORIENTED_EDGE ( 'NONE', *, *, #1133, .T. ) ;
#3530 = CIRCLE ( 'NONE', #2498, 0.02935410264610328890 ) ;
#3531 = CARTESIAN_POINT ( 'NONE',  ( 38.84716530843228099, 38.82329908567865573, 16.96933472047959768 ) ) ;
#3532 = DIRECTION ( 'NONE',  ( -0.000000000000000000, -0.000000000000000000, 1.000000000000000000 ) ) ;
#3533 = EDGE_CURVE ( 'NONE', #4756, #3041, #1542, .T. ) ;
#3534 = AXIS2_PLACEMENT_3D ( 'NONE', #1364, #4685, #1736 ) ;
#3535 = FACE_OUTER_BOUND ( 'NONE', #1869, .T. ) ;
#3536 = ORIENTED_EDGE ( 'NONE', *, *, #1886, .F. ) ;
#3537 = ORIENTED_EDGE ( 'NONE', *, *, #46, .T. ) ;
#3538 = DIRECTION ( 'NONE',  ( -1.000000000000000000, 0.000000000000000000, 0.000000000000000000 ) ) ;
#3539 = CARTESIAN_POINT ( 'NONE',  ( 38.77577188780606576, 38.80606992174659098, 16.95533472047959833 ) ) ;
#3540 = EDGE_CURVE ( 'NONE', #3191, #4676, #4328, .T. ) ;
#3541 = ORIENTED_EDGE ( 'NONE', *, *, #965, .T. ) ;
#3542 = DIRECTION ( 'NONE',  ( 0.000000000000000000, 0.000000000000000000, -1.000000000000000000 ) ) ;
#3543 = CARTESIAN_POINT ( 'NONE',  ( 38.84668124226095642, 38.80666622524122289, 16.96933472047959768 ) ) ;
#3544 = AXIS2_PLACEMENT_3D ( 'NONE', #1170, #4894, #2249 ) ;
#3545 = FACE_OUTER_BOUND ( 'NONE', #4887, .T. ) ;
#3546 = VERTEX_POINT ( 'NONE', #3625 ) ;
#3547 = CARTESIAN_POINT ( 'NONE',  ( 38.82958866539050291, 38.85239937284423206, 16.96933472047959768 ) ) ;
#3548 = CARTESIAN_POINT ( 'NONE',  ( 38.77937249762127436, 38.82958866539048159, 16.95533472047959833 ) ) ;
#3549 = EDGE_LOOP ( 'NONE', ( #665, #4830, #3529, #3686 ) ) ;
#3550 = SHAPE_DEFINITION_REPRESENTATION ( #930, #1563 ) ;
#3551 = ADVANCED_FACE ( 'NONE', ( #1742 ), #2132, .T. ) ;
#3552 = DIRECTION ( 'NONE',  ( 0.000000000000000000, -0.000000000000000000, -1.000000000000000000 ) ) ;
#3553 = CARTESIAN_POINT ( 'NONE',  ( 38.83114212275873456, 38.84418086174771645, 16.96933472047959768 ) ) ;
#3554 = ORIENTED_EDGE ( 'NONE', *, *, #1891, .F. ) ;
#3555 = EDGE_CURVE ( 'NONE', #269, #4169, #3571, .T. ) ;
#3556 = EDGE_CURVE ( 'NONE', #17, #2977, #3196, .T. ) ;
#3557 = CARTESIAN_POINT ( 'NONE',  ( 38.81678667374546166, 38.85717370087637335, 16.96933472047959768 ) ) ;
#3558 = DIRECTION ( 'NONE',  ( -1.000000000000000000, 0.000000000000000000, 0.000000000000000000 ) ) ;
#3559 = DIRECTION ( 'NONE',  ( 0.4999999999959848784, 0.8660254037867568533, 0.000000000000000000 ) ) ;
#3560 = DIRECTION ( 'NONE',  ( 0.000000000000000000, 0.000000000000000000, -1.000000000000000000 ) ) ;
#3561 = ADVANCED_FACE ( 'NONE', ( #1092 ), #4107, .T. ) ;
#3562 = DIRECTION ( 'NONE',  ( -0.000000000000000000, -0.000000000000000000, -1.000000000000000000 ) ) ;
#3563 = CARTESIAN_POINT ( 'NONE',  ( 38.79394933902182885, 38.78511224309523442, 16.95533472047959833 ) ) ;
#3564 = ORIENTED_EDGE ( 'NONE', *, *, #4564, .F. ) ;
#3565 = CYLINDRICAL_SURFACE ( 'NONE', #2032, 0.001006105236832866012 ) ;
#3566 = CARTESIAN_POINT ( 'NONE',  ( 38.85119181988930137, 38.79446198997676731, 16.96933472047959768 ) ) ;
#3567 = EDGE_LOOP ( 'NONE', ( #2349, #1401 ) ) ;
#3568 = EDGE_CURVE ( 'NONE', #3272, #115, #1077, .T. ) ;
#3569 = LINE ( 'NONE', #3941, #1295 ) ;
#3570 = VERTEX_POINT ( 'NONE', #1828 ) ;
#3571 = LINE ( 'NONE', #198, #3287 ) ;
#3572 = CIRCLE ( 'NONE', #2455, 0.02009999999999934062 ) ;
#3573 = VERTEX_POINT ( 'NONE', #4560 ) ;
#3574 = DIRECTION ( 'NONE',  ( 0.000000000000000000, 0.000000000000000000, -1.000000000000000000 ) ) ;
#3575 = CARTESIAN_POINT ( 'NONE',  ( 38.85470182116799975, 38.85470182116797844, 16.99773472028886445 ) ) ;
#3576 = VERTEX_POINT ( 'NONE', #2986 ) ;
#3577 = DIRECTION ( 'NONE',  ( 0.000000000000000000, 0.000000000000000000, -1.000000000000000000 ) ) ;
#3578 = AXIS2_PLACEMENT_3D ( 'NONE', #861, #4701, #4674 ) ;
#3579 = ORIENTED_EDGE ( 'NONE', *, *, #4421, .F. ) ;
#3580 = CARTESIAN_POINT ( 'NONE',  ( 38.82156353833085660, 38.82846447920939426, 17.00552376393824616 ) ) ;
#3581 = AXIS2_PLACEMENT_3D ( 'NONE', #3805, #4202, #4531 ) ;
#3582 = CYLINDRICAL_SURFACE ( 'NONE', #1673, 0.03899994794847572166 ) ;
#3583 = DIRECTION ( 'NONE',  ( 0.000000000000000000, 1.000000000000000000, 0.000000000000000000 ) ) ;
#3584 = EDGE_CURVE ( 'NONE', #4834, #325, #3440, .T. ) ;
#3585 = CIRCLE ( 'NONE', #4460, 0.03899994794847572166 ) ;
#3586 = AXIS2_PLACEMENT_3D ( 'NONE', #170, #1271, #2770 ) ;
#3587 = LINE ( 'NONE', #4682, #634 ) ;
#3588 = CARTESIAN_POINT ( 'NONE',  ( 38.83201554115696297, 38.78037774247791702, 16.95533472047959833 ) ) ;
#3589 = CARTESIAN_POINT ( 'NONE',  ( 38.83598593523276321, 38.81588593523274255, 16.99773472028886445 ) ) ;
#3590 = ORIENTED_EDGE ( 'NONE', *, *, #4588, .T. ) ;
#3591 = CARTESIAN_POINT ( 'NONE',  ( 38.77826683796797624, 38.81949673875521967, 16.96933472047959768 ) ) ;
#3592 = CYLINDRICAL_SURFACE ( 'NONE', #455, 0.02935410264610283093 ) ;
#3593 = ORIENTED_EDGE ( 'NONE', *, *, #3186, .T. ) ;
#3594 = DIRECTION ( 'NONE',  ( -0.9659258262892763680, 0.2588190451017443605, 0.000000000000000000 ) ) ;
#3595 = CIRCLE ( 'NONE', #2947, 0.03600013749698689064 ) ;
#3596 = ORIENTED_EDGE ( 'NONE', *, *, #2839, .F. ) ;
#3597 = EDGE_CURVE ( 'NONE', #3217, #1087, #4533, .T. ) ;
#3598 = DIRECTION ( 'NONE',  ( 0.000000000000000000, 0.000000000000000000, -1.000000000000000000 ) ) ;
#3599 = EDGE_CURVE ( 'NONE', #3897, #4580, #457, .T. ) ;
#3600 = CARTESIAN_POINT ( 'NONE',  ( 38.83114218620554681, 38.78759104534880464, 16.96933472047959768 ) ) ;
#3601 = ORIENTED_EDGE ( 'NONE', *, *, #3257, .F. ) ;
#3602 = CIRCLE ( 'NONE', #1699, 0.03000003113258031817 ) ;
#3603 = AXIS2_PLACEMENT_3D ( 'NONE', #4307, #181, #2363 ) ;
#3604 = LINE ( 'NONE', #3969, #2537 ) ;
#3605 = AXIS2_PLACEMENT_3D ( 'NONE', #1695, #4675, #126 ) ;
#3606 = DIRECTION ( 'NONE',  ( 0.000000000000000000, 0.000000000000000000, -1.000000000000000000 ) ) ;
#3607 = ORIENTED_EDGE ( 'NONE', *, *, #4693, .T. ) ;
#3608 = CIRCLE ( 'NONE', #612, 0.03899994794847572166 ) ;
#3609 = CARTESIAN_POINT ( 'NONE',  ( 38.82081368275420630, 38.82877617024264794, 17.00431988284504214 ) ) ;
#3610 = DIRECTION ( 'NONE',  ( 0.000000000000000000, 0.000000000000000000, -1.000000000000000000 ) ) ;
#3611 = DIRECTION ( 'NONE',  ( -1.000000000000000000, 0.000000000000000000, 0.000000000000000000 ) ) ;
#3612 = ORIENTED_EDGE ( 'NONE', *, *, #2487, .F. ) ;
#3613 = AXIS2_PLACEMENT_3D ( 'NONE', #1137, #1433, #2935 ) ;
#3614 = FACE_BOUND ( 'NONE', #740, .T. ) ;
#3615 = CIRCLE ( 'NONE', #380, 0.03899994794847572166 ) ;
#3616 = ADVANCED_FACE ( 'NONE', ( #677 ), #3357, .T. ) ;
#3617 = CARTESIAN_POINT ( 'NONE',  ( 38.80062974770679318, 38.78759100871776866, 16.96933472047959768 ) ) ;
#3618 = CYLINDRICAL_SURFACE ( 'NONE', #2235, 0.03600013749699115806 ) ;
#3619 = ORIENTED_EDGE ( 'NONE', *, *, #3359, .F. ) ;
#3620 = CARTESIAN_POINT ( 'NONE',  ( 38.84738310804261374, 38.81588597186377854, 16.96933472047959768 ) ) ;
#3621 = CYLINDRICAL_SURFACE ( 'NONE', #1706, 0.02935410264610283093 ) ;
#3622 = ADVANCED_FACE ( 'NONE', ( #310 ), #3690, .T. ) ;
#3623 = CARTESIAN_POINT ( 'NONE',  ( 38.78852622601289113, 38.79900990383554671, 16.96933472047959768 ) ) ;
#3624 = ORIENTED_EDGE ( 'NONE', *, *, #1352, .F. ) ;
#3625 = CARTESIAN_POINT ( 'NONE',  ( 38.81384600578157063, 38.83588215207078775, 17.00973472028886491 ) ) ;
#3626 = VERTEX_POINT ( 'NONE', #4510 ) ;
#3627 = EDGE_CURVE ( 'NONE', #269, #2250, #2106, .T. ) ;
#3628 = CARTESIAN_POINT ( 'NONE',  ( 38.78576225941007749, 38.84065608046674356, 16.95533472047959833 ) ) ;
#3629 = EDGE_LOOP ( 'NONE', ( #4132, #4594, #3048, #4287 ) ) ;
#3630 = CARTESIAN_POINT ( 'NONE',  ( 38.80730915974726258, 38.80507472905177480, 17.00273706753847591 ) ) ;
#3631 = ORIENTED_EDGE ( 'NONE', *, *, #1804, .F. ) ;
#3632 = AXIS2_PLACEMENT_3D ( 'NONE', #1948, #3140, #163 ) ;
#3633 = FACE_OUTER_BOUND ( 'NONE', #2298, .T. ) ;
#3634 = CARTESIAN_POINT ( 'NONE',  ( 38.80866589414782197, 38.79888045724089807, 17.00373472028886468 ) ) ;
#3635 = CARTESIAN_POINT ( 'NONE',  ( 38.85470172834718738, 38.81967145301528888, 16.96933472047959768 ) ) ;
#3636 = ORIENTED_EDGE ( 'NONE', *, *, #1443, .F. ) ;
#3637 = DIRECTION ( 'NONE',  ( -0.000000000000000000, -0.000000000000000000, 1.000000000000000000 ) ) ;
#3638 = CARTESIAN_POINT ( 'NONE',  ( 38.85350503249755150, 38.81227513171026544, 16.96933472047959768 ) ) ;
#3639 = DIRECTION ( 'NONE',  ( 0.7071067811865474617, 0.7071067811865474617, 0.000000000000000000 ) ) ;
#3640 = VERTEX_POINT ( 'NONE', #3782 ) ;
#3641 = DIRECTION ( 'NONE',  ( 0.000000000000000000, 0.000000000000000000, -1.000000000000000000 ) ) ;
#3642 = DIRECTION ( 'NONE',  ( 0.000000000000000000, 0.000000000000000000, -1.000000000000000000 ) ) ;
#3643 = CARTESIAN_POINT ( 'NONE',  ( 38.81020704292605217, 38.80330796712947006, 17.00552489344898888 ) ) ;
#3644 = EDGE_CURVE ( 'NONE', #1407, #4807, #687, .T. ) ;
#3645 = ORIENTED_EDGE ( 'NONE', *, *, #2208, .F. ) ;
#3646 = AXIS2_PLACEMENT_3D ( 'NONE', #4700, #3474, #1964 ) ;
#3647 = FACE_OUTER_BOUND ( 'NONE', #2715, .T. ) ;
#3648 = DIRECTION ( 'NONE',  ( 0.000000000000000000, 0.000000000000000000, -1.000000000000000000 ) ) ;
#3649 = AXIS2_PLACEMENT_3D ( 'NONE', #2722, #4237, #4536 ) ;
#3650 = ORIENTED_EDGE ( 'NONE', *, *, #4811, .F. ) ;
#3651 = DIRECTION ( 'NONE',  ( 0.7071067811865474617, 0.7071067811865474617, 0.000000000000000000 ) ) ;
#3652 = DIRECTION ( 'NONE',  ( -1.000000000000000000, 0.000000000000000000, 0.000000000000000000 ) ) ;
#3653 = ORIENTED_EDGE ( 'NONE', *, *, #99, .T. ) ;
#3654 = EDGE_CURVE ( 'NONE', #2126, #2224, #405, .T. ) ;
#3655 = ORIENTED_EDGE ( 'NONE', *, *, #1493, .F. ) ;
#3656 = VECTOR ( 'NONE', #1815, 1.000000000000000000 ) ;
#3657 = LINE ( 'NONE', #2169, #1211 ) ;
#3658 = DIRECTION ( 'NONE',  ( -0.2588190451017443605, -0.9659258262892763680, 0.000000000000000000 ) ) ;
#3659 = CIRCLE ( 'NONE', #4456, 0.02935410264610073192 ) ;
#3660 = EDGE_LOOP ( 'NONE', ( #2823, #3073, #1404, #2030 ) ) ;
#3661 = FACE_OUTER_BOUND ( 'NONE', #1266, .T. ) ;
#3662 = AXIS2_PLACEMENT_3D ( 'NONE', #2695, #1481, #407 ) ;
#3663 = CARTESIAN_POINT ( 'NONE',  ( 38.84716530843228099, 38.82329908567865573, 16.95533472047959833 ) ) ;
#3664 = VERTEX_POINT ( 'NONE', #2613 ) ;
#3665 = CARTESIAN_POINT ( 'NONE',  ( 38.80747343246315495, 38.84728168145627336, 16.96933472047959768 ) ) ;
#3666 = ORIENTED_EDGE ( 'NONE', *, *, #1986, .T. ) ;
#3667 = AXIS2_PLACEMENT_3D ( 'NONE', #4815, #2493, #2558 ) ;
#3668 = EDGE_CURVE ( 'NONE', #4005, #678, #4240, .T. ) ;
#3669 = FACE_OUTER_BOUND ( 'NONE', #2587, .T. ) ;
#3670 = FACE_OUTER_BOUND ( 'NONE', #2769, .T. ) ;
#3671 = CIRCLE ( 'NONE', #1925, 0.03899994794847572166 ) ;
#3672 = EDGE_LOOP ( 'NONE', ( #4293, #3171, #4572, #4768 ) ) ;
#3673 = AXIS2_PLACEMENT_3D ( 'NONE', #1938, #1079, #1104 ) ;
#3674 = EDGE_CURVE ( 'NONE', #3145, #3036, #2961, .T. ) ;
#3675 = FACE_OUTER_BOUND ( 'NONE', #4079, .T. ) ;
#3676 = CARTESIAN_POINT ( 'NONE',  ( 38.85027043089274912, 38.83156843628659516, 16.96933472047959768 ) ) ;
#3677 = ORIENTED_EDGE ( 'NONE', *, *, #1614, .T. ) ;
#3678 = APPLICATION_CONTEXT ( 'automotive_design' ) ;
#3679 = VECTOR ( 'NONE', #1870, 1.000000000000000000 ) ;
#3680 = CIRCLE ( 'NONE', #3282, 0.03600013749698843801 ) ;
#3681 = ADVANCED_FACE ( 'NONE', ( #3759 ), #29, .T. ) ;
#3682 = FACE_OUTER_BOUND ( 'NONE', #332, .T. ) ;
#3683 = AXIS2_PLACEMENT_3D ( 'NONE', #2850, #4018, #2449 ) ;
#3684 = CARTESIAN_POINT ( 'NONE',  ( 38.84728168145630178, 38.82429843800235147, 16.95533472047959833 ) ) ;
#3685 = ORIENTED_EDGE ( 'NONE', *, *, #483, .F. ) ;
#3686 = ORIENTED_EDGE ( 'NONE', *, *, #1720, .F. ) ;
#3687 = LINE ( 'NONE', #1477, #4098 ) ;
#3688 = DIRECTION ( 'NONE',  ( -1.000000000000000000, 0.000000000000000000, 0.000000000000000000 ) ) ;
#3689 = AXIS2_PLACEMENT_3D ( 'NONE', #4081, #3402, #3755 ) ;
#3690 = CYLINDRICAL_SURFACE ( 'NONE', #3760, 0.02935410264610283093 ) ;
#3691 = ORIENTED_EDGE ( 'NONE', *, *, #2976, .T. ) ;
#3692 = DIRECTION ( 'NONE',  ( -1.000000000000000000, 0.000000000000000000, 0.000000000000000000 ) ) ;
#3693 = VERTEX_POINT ( 'NONE', #3008 ) ;
#3694 = CARTESIAN_POINT ( 'NONE',  ( 38.80873118013423806, 38.80408464937086421, 17.00149936299426301 ) ) ;
#3695 = ADVANCED_FACE ( 'NONE', ( #1524 ), #3035, .T. ) ;
#3696 = ORIENTED_EDGE ( 'NONE', *, *, #4589, .T. ) ;
#3697 = DIRECTION ( 'NONE',  ( 0.000000000000000000, -0.000000000000000000, 1.000000000000000000 ) ) ;
#3698 = DIRECTION ( 'NONE',  ( -0.000000000000000000, -0.000000000000000000, -1.000000000000000000 ) ) ;
#3699 = ORIENTED_EDGE ( 'NONE', *, *, #1643, .F. ) ;
#3700 = EDGE_CURVE ( 'NONE', #414, #1052, #2641, .T. ) ;
#3701 = EDGE_CURVE ( 'NONE', #3640, #1496, #4085, .T. ) ;
#3702 = DIRECTION ( 'NONE',  ( -0.000000000000000000, -0.000000000000000000, -1.000000000000000000 ) ) ;
#3703 = DIRECTION ( 'NONE',  ( 0.4999999999959848784, 0.8660254037867568533, 0.000000000000000000 ) ) ;
#3704 = VERTEX_POINT ( 'NONE', #1921 ) ;
#3705 = CIRCLE ( 'NONE', #1262, 0.02935410264610283093 ) ;
#3706 = EDGE_LOOP ( 'NONE', ( #3150, #3226, #3802, #1374 ) ) ;
#3707 = LINE ( 'NONE', #2931, #2125 ) ;
#3708 = EDGE_CURVE ( 'NONE', #3314, #1571, #3885, .T. ) ;
#3709 = DIRECTION ( 'NONE',  ( -0.000000000000000000, -0.000000000000000000, 1.000000000000000000 ) ) ;
#3710 = CARTESIAN_POINT ( 'NONE',  ( 38.81588593523276387, 38.81588593523274255, 17.00973472028886491 ) ) ;
#3711 = EDGE_CURVE ( 'NONE', #1093, #3416, #2313, .T. ) ;
#3712 = VERTEX_POINT ( 'NONE', #505 ) ;
#3713 = CARTESIAN_POINT ( 'NONE',  ( 38.82178549210870244, 38.82836191912900148, 17.00568656586568750 ) ) ;
#3714 = LINE ( 'NONE', #409, #150 ) ;
#3715 = ORIENTED_EDGE ( 'NONE', *, *, #2005, .T. ) ;
#3716 = DIRECTION ( 'NONE',  ( -0.2588190451017443605, 0.9659258262892763680, 0.000000000000000000 ) ) ;
#3717 = LINE ( 'NONE', #921, #3231 ) ;
#3718 = ORIENTED_EDGE ( 'NONE', *, *, #4755, .T. ) ;
#3719 = CARTESIAN_POINT ( 'NONE',  ( 38.84444387598901471, 38.78605415785568766, 16.95533472047959833 ) ) ;
#3720 = LINE ( 'NONE', #1539, #4318 ) ;
#3721 = ORIENTED_EDGE ( 'NONE', *, *, #4865, .F. ) ;
#3722 = AXIS2_PLACEMENT_3D ( 'NONE', #3046, #439, #1640 ) ;
#3723 = AXIS2_PLACEMENT_3D ( 'NONE', #1259, #3532, #4335 ) ;
#3724 = CIRCLE ( 'NONE', #3493, 0.001006105236834714794 ) ;
#3725 = CARTESIAN_POINT ( 'NONE',  ( 38.81588593523276387, 38.81588593523274255, 16.97023472028886459 ) ) ;
#3726 = ADVANCED_FACE ( 'NONE', ( #2391, #88 ), #2004, .T. ) ;
#3727 = CARTESIAN_POINT ( 'NONE',  ( 38.84324568108367259, 38.79900996728235896, 16.95533472047959833 ) ) ;
#3728 = EDGE_LOOP ( 'NONE', ( #4162, #4370, #1725, #4461 ) ) ;
#3729 = EDGE_LOOP ( 'NONE', ( #151, #2133, #1158, #2812 ) ) ;
#3730 = CIRCLE ( 'NONE', #3404, 0.03600013749699044335 ) ;
#3731 = VECTOR ( 'NONE', #3330, 1.000000000000000000 ) ;
#3732 = CARTESIAN_POINT ( 'NONE',  ( 38.83886924945241503, 38.79290267281719196, 16.95533472047959833 ) ) ;
#3733 = AXIS2_PLACEMENT_3D ( 'NONE', #3050, #1103, #2599 ) ;
#3734 = DIRECTION ( 'NONE',  ( 0.000000000000000000, -0.000000000000000000, 1.000000000000000000 ) ) ;
#3735 = CIRCLE ( 'NONE', #116, 0.02935410264610283093 ) ;
#3736 = EDGE_CURVE ( 'NONE', #4684, #1061, #4645, .T. ) ;
#3737 = CARTESIAN_POINT ( 'NONE',  ( 38.84668122329934192, 38.82510571598998439, 16.96933472047959768 ) ) ;
#3738 = ORIENTED_EDGE ( 'NONE', *, *, #3043, .F. ) ;
#3739 = DIRECTION ( 'NONE',  ( -0.2588190451017443605, 0.9659258262892763680, 0.000000000000000000 ) ) ;
#3740 = EDGE_CURVE ( 'NONE', #4192, #3897, #762, .T. ) ;
#3741 = FACE_OUTER_BOUND ( 'NONE', #3846, .T. ) ;
#3742 = ORIENTED_EDGE ( 'NONE', *, *, #418, .T. ) ;
#3743 = CARTESIAN_POINT ( 'NONE',  ( 38.83114218620554681, 38.78759104534880464, 16.96933472047959768 ) ) ;
#3744 = CARTESIAN_POINT ( 'NONE',  ( 38.81588593523276387, 38.81588593523274255, 16.99773472028886445 ) ) ;
#3745 = ORIENTED_EDGE ( 'NONE', *, *, #330, .T. ) ;
#3746 = ORIENTED_EDGE ( 'NONE', *, *, #4493, .F. ) ;
#3747 = CARTESIAN_POINT ( 'NONE',  ( 38.79183844011098614, 38.84503987766706956, 16.96933472047959768 ) ) ;
#3748 = VECTOR ( 'NONE', #4458, 1.000000000000000000 ) ;
#3749 = FACE_OUTER_BOUND ( 'NONE', #1428, .T. ) ;
#3750 = VERTEX_POINT ( 'NONE', #1633 ) ;
#3751 = AXIS2_PLACEMENT_3D ( 'NONE', #3275, #1422, #2141 ) ;
#3752 = CARTESIAN_POINT ( 'NONE',  ( 38.77937252229334320, 38.80218313933193031, 16.95533472047959833 ) ) ;
#3753 = ORIENTED_EDGE ( 'NONE', *, *, #2908, .F. ) ;
#3754 = CIRCLE ( 'NONE', #1623, 0.03600013749698947191 ) ;
#3755 = DIRECTION ( 'NONE',  ( -0.9659258262892763680, 0.2588190451017443605, 0.000000000000000000 ) ) ;
#3756 = ADVANCED_FACE ( 'NONE', ( #2342 ), #529, .T. ) ;
#3757 = VECTOR ( 'NONE', #364, 1.000000000000000000 ) ;
#3758 = DIRECTION ( 'NONE',  ( 0.000000000000000000, 0.000000000000000000, -1.000000000000000000 ) ) ;
#3759 = FACE_OUTER_BOUND ( 'NONE', #1785, .T. ) ;
#3760 = AXIS2_PLACEMENT_3D ( 'NONE', #1807, #4059, #3310 ) ;
#3761 = ORIENTED_EDGE ( 'NONE', *, *, #1136, .F. ) ;
#3762 = CIRCLE ( 'NONE', #2029, 0.001006105236836115583 ) ;
#3763 = EDGE_CURVE ( 'NONE', #98, #983, #3514, .T. ) ;
#3764 = LINE ( 'NONE', #2617, #513 ) ;
#3765 = FACE_OUTER_BOUND ( 'NONE', #2024, .T. ) ;
#3766 = ORIENTED_EDGE ( 'NONE', *, *, #3926, .T. ) ;
#3767 = CARTESIAN_POINT ( 'NONE',  ( 38.82310597631770577, 38.83289141322460125, 17.00373472028886468 ) ) ;
#3768 = FACE_OUTER_BOUND ( 'NONE', #3888, .T. ) ;
#3769 = EDGE_CURVE ( 'NONE', #745, #2450, #1631, .T. ) ;
#3770 = ORIENTED_EDGE ( 'NONE', *, *, #3870, .F. ) ;
#3771 = LINE ( 'NONE', #4166, #1761 ) ;
#3772 = DIRECTION ( 'NONE',  ( -0.000000000000000000, -0.000000000000000000, 1.000000000000000000 ) ) ;
#3773 = VERTEX_POINT ( 'NONE', #3143 ) ;
#3774 = EDGE_LOOP ( 'NONE', ( #2305, #2928, #4035, #1480 ) ) ;
#3775 = AXIS2_PLACEMENT_3D ( 'NONE', #1932, #730, #753 ) ;
#3776 = CARTESIAN_POINT ( 'NONE',  ( 38.77623814436955030, 38.82744204190318982, 16.96933472047959768 ) ) ;
#3777 =( LENGTH_UNIT ( ) NAMED_UNIT ( * ) SI_UNIT ( $, .METRE. ) );
#3778 = VERTEX_POINT ( 'NONE', #4663 ) ;
#3779 = DIRECTION ( 'NONE',  ( -0.000000000000000000, 0.000000000000000000, -1.000000000000000000 ) ) ;
#3780 = FACE_OUTER_BOUND ( 'NONE', #1603, .T. ) ;
#3781 = CIRCLE ( 'NONE', #4427, 0.001006105236833839843 ) ;
#3782 = CARTESIAN_POINT ( 'NONE',  ( 38.84302851280614277, 38.79963432793280731, 16.96933472047959768 ) ) ;
#3783 = EDGE_LOOP ( 'NONE', ( #1067, #3342, #1969, #2630 ) ) ;
#3784 = CARTESIAN_POINT ( 'NONE',  ( 38.81967145301531019, 38.77707014211831904, 16.95533472047959833 ) ) ;
#3785 = DIRECTION ( 'NONE',  ( -1.000000000000000000, 0.000000000000000000, 0.000000000000000000 ) ) ;
#3786 = ORIENTED_EDGE ( 'NONE', *, *, #359, .T. ) ;
#3787 = CARTESIAN_POINT ( 'NONE',  ( 38.79290267281721327, 38.79290262101309139, 16.96933472047959768 ) ) ;
#3788 = ADVANCED_FACE ( 'NONE', ( #1552 ), #2031, .F. ) ;
#3789 = ORIENTED_EDGE ( 'NONE', *, *, #4493, .T. ) ;
#3790 = CARTESIAN_POINT ( 'NONE',  ( 38.83218320226849585, 38.80412119608705979, 17.00973472028886491 ) ) ;
#3791 = ORIENTED_EDGE ( 'NONE', *, *, #2065, .F. ) ;
#3792 = DIRECTION ( 'NONE',  ( -0.000000000000000000, 0.000000000000000000, -1.000000000000000000 ) ) ;
#3793 = CARTESIAN_POINT ( 'NONE',  ( 38.83886919764830736, 38.83886924945239372, 16.96933472047959768 ) ) ;
#3794 = ORIENTED_EDGE ( 'NONE', *, *, #3245, .T. ) ;
#3795 = CARTESIAN_POINT ( 'NONE',  ( 38.82340604949274621, 38.82745772289339925, 17.00586916431839057 ) ) ;
#3796 = EDGE_LOOP ( 'NONE', ( #4618, #161 ) ) ;
#3797 = DIRECTION ( 'NONE',  ( -0.000000000000000000, -0.000000000000000000, -1.000000000000000000 ) ) ;
#3798 = EDGE_CURVE ( 'NONE', #3546, #4554, #1952, .T. ) ;
#3799 = DIRECTION ( 'NONE',  ( -1.000000000000000000, 0.000000000000000000, 0.000000000000000000 ) ) ;
#3800 = ORIENTED_EDGE ( 'NONE', *, *, #1289, .F. ) ;
#3801 = CIRCLE ( 'NONE', #4446, 0.03600013749699044335 ) ;
#3802 = ORIENTED_EDGE ( 'NONE', *, *, #970, .F. ) ;
#3803 = EDGE_CURVE ( 'NONE', #1087, #1586, #1740, .T. ) ;
#3804 = CARTESIAN_POINT ( 'NONE',  ( 38.84600961105545025, 38.79111578999874155, 16.96933472047959768 ) ) ;
#3805 = CARTESIAN_POINT ( 'NONE',  ( 38.80432982856231661, 38.77623814436952898, 16.96933472047959768 ) ) ;
#3806 = DIRECTION ( 'NONE',  ( 0.000000000000000000, 0.000000000000000000, -1.000000000000000000 ) ) ;
#3807 = AXIS2_PLACEMENT_3D ( 'NONE', #1864, #3697, #4094 ) ;
#3808 = ORIENTED_EDGE ( 'NONE', *, *, #3708, .F. ) ;
#3809 = AXIS2_PLACEMENT_3D ( 'NONE', #1680, #2842, #1976 ) ;
#3810 = CARTESIAN_POINT ( 'NONE',  ( 38.81588593523276387, 38.81588593523274255, 17.00973472028886491 ) ) ;
#3811 = CARTESIAN_POINT ( 'NONE',  ( 38.81588593523276387, 38.81588593523274255, 16.96933472047959768 ) ) ;
#3812 = VERTEX_POINT ( 'NONE', #2819 ) ;
#3813 = DIRECTION ( 'NONE',  ( 0.000000000000000000, 0.000000000000000000, -1.000000000000000000 ) ) ;
#3814 = ORIENTED_EDGE ( 'NONE', *, *, #830, .F. ) ;
#3815 = CARTESIAN_POINT ( 'NONE',  ( 38.82510571599000571, 38.78509064716615740, 16.95533472047959833 ) ) ;
#3816 = ORIENTED_EDGE ( 'NONE', *, *, #4837, .F. ) ;
#3817 = ADVANCED_FACE ( 'NONE', ( #4715 ), #998, .T. ) ;
#3818 = VERTEX_POINT ( 'NONE', #3620 ) ;
#3819 = CARTESIAN_POINT ( 'NONE',  ( 38.81588593523276387, 38.81588593523274255, 16.96933472047959768 ) ) ;
#3820 = DIRECTION ( 'NONE',  ( -0.000000000000000000, -0.000000000000000000, -1.000000000000000000 ) ) ;
#3821 = ORIENTED_EDGE ( 'NONE', *, *, #1430, .T. ) ;
#3822 = CARTESIAN_POINT ( 'NONE',  ( 38.82374496189972746, 38.82723270800890703, 17.00570075505529744 ) ) ;
#3823 = ORIENTED_EDGE ( 'NONE', *, *, #3336, .T. ) ;
#3824 = ADVANCED_FACE ( 'NONE', ( #2495 ), #925, .T. ) ;
#3825 = LINE ( 'NONE', #3135, #692 ) ;
#3826 = CIRCLE ( 'NONE', #2552, 0.02009999999999934062 ) ;
#3827 = CYLINDRICAL_SURFACE ( 'NONE', #59, 0.001006105236832866012 ) ;
#3828 = CARTESIAN_POINT ( 'NONE',  ( 38.80666622524124421, 38.78509062820454290, 16.95533472047959833 ) ) ;
#3829 =( GEOMETRIC_REPRESENTATION_CONTEXT ( 3 ) GLOBAL_UNCERTAINTY_ASSIGNED_CONTEXT ( ( #4691 ) ) GLOBAL_UNIT_ASSIGNED_CONTEXT ( ( #3777, #4198, #841 ) ) REPRESENTATION_CONTEXT ( 'NONE', 'WORKASPACE' ) );
#3830 = DIRECTION ( 'NONE',  ( 0.000000000000000000, 0.000000000000000000, -1.000000000000000000 ) ) ;
#3831 = EDGE_CURVE ( 'NONE', #2090, #4704, #4313, .T. ) ;
#3832 = DIRECTION ( 'NONE',  ( -0.7071067811865474617, 0.7071067811865474617, 0.000000000000000000 ) ) ;
#3833 = AXIS2_PLACEMENT_3D ( 'NONE', #3793, #806, #1885 ) ;
#3834 = CARTESIAN_POINT ( 'NONE',  ( 38.82373848529071125, 38.82723461608234317, 17.00178129101035296 ) ) ;
#3835 = DIRECTION ( 'NONE',  ( -1.000000000000000000, 0.000000000000000000, 0.000000000000000000 ) ) ;
#3836 = ORIENTED_EDGE ( 'NONE', *, *, #3700, .T. ) ;
#3837 = CIRCLE ( 'NONE', #4724, 0.001006105236832866012 ) ;
#3838 = AXIS2_PLACEMENT_3D ( 'NONE', #3271, #2877, #3294 ) ;
#3839 = CARTESIAN_POINT ( 'NONE',  ( 38.84627559518108342, 38.80747350322886291, 16.96933472047959768 ) ) ;
#3840 = DIRECTION ( 'NONE',  ( 0.4999999999959848784, 0.8660254037867568533, 0.000000000000000000 ) ) ;
#3841 = ORIENTED_EDGE ( 'NONE', *, *, #1403, .F. ) ;
#3842 = VECTOR ( 'NONE', #356, 1.000000000000000000 ) ;
#3843 = CARTESIAN_POINT ( 'NONE',  ( 38.80730878404926187, 38.80507502882114323, 17.00473129489953550 ) ) ;
#3844 = ORIENTED_EDGE ( 'NONE', *, *, #2163, .T. ) ;
#3845 = CYLINDRICAL_SURFACE ( 'NONE', #3775, 0.001006105236832866012 ) ;
#3846 = EDGE_LOOP ( 'NONE', ( #4139, #4092, #3914, #829 ) ) ;
#3847 = DIRECTION ( 'NONE',  ( 0.000000000000000000, 0.000000000000000000, -1.000000000000000000 ) ) ;
#3848 = CARTESIAN_POINT ( 'NONE',  ( 38.82510564522428353, 38.84668124226093511, 16.95533472047959833 ) ) ;
#3849 = CARTESIAN_POINT ( 'NONE',  ( 38.81384600578157773, 38.79588971839469735, 16.99773472028886445 ) ) ;
#3850 = VERTEX_POINT ( 'NONE', #1291 ) ;
#3851 = AXIS2_PLACEMENT_3D ( 'NONE', #4367, #2128, #2471 ) ;
#3852 = ORIENTED_EDGE ( 'NONE', *, *, #2834, .T. ) ;
#3853 = LINE ( 'NONE', #3531, #539 ) ;
#3854 = CARTESIAN_POINT ( 'NONE',  ( 38.84444387598901471, 38.78605415785568766, 16.96933472047959768 ) ) ;
#3855 = CARTESIAN_POINT ( 'NONE',  ( 38.84403461804297564, 38.79963432793280731, 16.95533472047959833 ) ) ;
#3856 = EDGE_LOOP ( 'NONE', ( #4253, #1821, #1423, #3766 ) ) ;
#3857 = EDGE_CURVE ( 'NONE', #667, #1889, #1397, .T. ) ;
#3858 = EDGE_CURVE ( 'NONE', #4345, #4601, #3615, .T. ) ;
#3859 = DIRECTION ( 'NONE',  ( -0.000000000000000000, -0.000000000000000000, -1.000000000000000000 ) ) ;
#3860 = AXIS2_PLACEMENT_3D ( 'NONE', #1465, #1882, #2296 ) ;
#3861 = DIRECTION ( 'NONE',  ( 0.000000000000000000, 0.000000000000000000, -1.000000000000000000 ) ) ;
#3862 = CARTESIAN_POINT ( 'NONE',  ( 38.81588593523276387, 38.81588593523274255, 16.96283472047959862 ) ) ;
#3863 = EDGE_CURVE ( 'NONE', #3991, #1143, #3137, .T. ) ;
#3864 = FACE_OUTER_BOUND ( 'NONE', #795, .T. ) ;
#3865 = VERTEX_POINT ( 'NONE', #554 ) ;
#3866 = VECTOR ( 'NONE', #1263, 1.000000000000000000 ) ;
#3867 = CARTESIAN_POINT ( 'NONE',  ( 38.80847278478685070, 38.84716530843225968, 16.96933472047959768 ) ) ;
#3868 = CARTESIAN_POINT ( 'NONE',  ( 38.81588597186379985, 38.78338265718605271, 16.95533472047959833 ) ) ;
#3869 = ORIENTED_EDGE ( 'NONE', *, *, #1906, .F. ) ;
#3870 = EDGE_CURVE ( 'NONE', #691, #1501, #3362, .T. ) ;
#3871 = CARTESIAN_POINT ( 'NONE',  ( 38.85128864812276106, 38.80266162802503516, 16.96933472047959768 ) ) ;
#3872 = VERTEX_POINT ( 'NONE', #4343 ) ;
#3873 = CARTESIAN_POINT ( 'NONE',  ( 38.82329908567867705, 38.78460656203321832, 16.96933472047959768 ) ) ;
#3874 = DIRECTION ( 'NONE',  ( 0.000000000000000000, 0.000000000000000000, -1.000000000000000000 ) ) ;
#3875 = DIRECTION ( 'NONE',  ( -0.000000000000000000, 0.000000000000000000, -1.000000000000000000 ) ) ;
#3876 = EDGE_LOOP ( 'NONE', ( #2009, #2061 ) ) ;
#3877 = ORIENTED_EDGE ( 'NONE', *, *, #3182, .F. ) ;
#3878 = DIRECTION ( 'NONE',  ( 0.000000000000000000, 0.000000000000000000, -1.000000000000000000 ) ) ;
#3879 = CARTESIAN_POINT ( 'NONE',  ( 38.84738310804261374, 38.81588597186377854, 16.95533472047959833 ) ) ;
#3880 = CYLINDRICAL_SURFACE ( 'NONE', #2636, 0.02935410264610283093 ) ;
#3881 = DIRECTION ( 'NONE',  ( -1.000000000000000000, 0.000000000000000000, 0.000000000000000000 ) ) ;
#3882 = ADVANCED_FACE ( 'NONE', ( #2054 ), #3565, .F. ) ;
#3883 = LINE ( 'NONE', #875, #4055 ) ;
#3884 = VERTEX_POINT ( 'NONE', #218 ) ;
#3885 = LINE ( 'NONE', #877, #1241 ) ;
#3886 = AXIS2_PLACEMENT_3D ( 'NONE', #4492, #989, #259 ) ;
#3887 = DIRECTION ( 'NONE',  ( 0.000000000000000000, 0.000000000000000000, -1.000000000000000000 ) ) ;
#3888 = EDGE_LOOP ( 'NONE', ( #2341, #3877, #1167, #1488 ) ) ;
#3889 = EDGE_CURVE ( 'NONE', #1999, #2431, #2658, .T. ) ;
#3890 = CARTESIAN_POINT ( 'NONE',  ( 38.83838593523276472, 38.81588593523274255, 16.97023472028886459 ) ) ;
#3891 = VERTEX_POINT ( 'NONE', #4628 ) ;
#3892 = CARTESIAN_POINT ( 'NONE',  ( 38.77577188780606576, 38.80606992174659098, 16.96933472047959768 ) ) ;
#3893 = EDGE_LOOP ( 'NONE', ( #2693, #1883, #2685, #3467 ) ) ;
#3894 =( NAMED_UNIT ( * ) PLANE_ANGLE_UNIT ( ) SI_UNIT ( $, .RADIAN. ) );
#3895 = EDGE_CURVE ( 'NONE', #2179, #534, #3853, .T. ) ;
#3896 = AXIS2_PLACEMENT_3D ( 'NONE', #1840, #4897, #4875 ) ;
#3897 = VERTEX_POINT ( 'NONE', #2307 ) ;
#3898 = EDGE_CURVE ( 'NONE', #2592, #474, #1160, .T. ) ;
#3899 = CARTESIAN_POINT ( 'NONE',  ( 38.80963716477708658, 38.85315773756222058, 16.95533472047959833 ) ) ;
#3900 = CIRCLE ( 'NONE', #904, 0.03000003113258031817 ) ;
#3901 = DIRECTION ( 'NONE',  ( -1.000000000000000000, 0.000000000000000000, 0.000000000000000000 ) ) ;
#3902 = ORIENTED_EDGE ( 'NONE', *, *, #3533, .T. ) ;
#3903 = CARTESIAN_POINT ( 'NONE',  ( 38.85350503249755150, 38.81227513171026544, 16.96933472047959768 ) ) ;
#3904 = DIRECTION ( 'NONE',  ( 0.000000000000000000, 0.000000000000000000, 1.000000000000000000 ) ) ;
#3905 = DIRECTION ( 'NONE',  ( -1.000000000000000000, 0.000000000000000000, -0.000000000000000000 ) ) ;
#3906 = ORIENTED_EDGE ( 'NONE', *, *, #1663, .F. ) ;
#3907 = DIRECTION ( 'NONE',  ( -1.000000000000000000, 0.000000000000000000, -0.000000000000000000 ) ) ;
#3908 = AXIS2_PLACEMENT_3D ( 'NONE', #2867, #3323, #3639 ) ;
#3909 = CARTESIAN_POINT ( 'NONE',  ( 38.83857218635613862, 38.78416323121888354, 16.96933472047959768 ) ) ;
#3910 = ORIENTED_EDGE ( 'NONE', *, *, #2456, .F. ) ;
#3911 = DIRECTION ( 'NONE',  ( -1.000000000000000000, 0.000000000000000000, 0.000000000000000000 ) ) ;
#3912 = EDGE_CURVE ( 'NONE', #3139, #2659, #1789, .T. ) ;
#3913 = DIRECTION ( 'NONE',  ( -1.000000000000000000, 0.000000000000000000, 0.000000000000000000 ) ) ;
#3914 = ORIENTED_EDGE ( 'NONE', *, *, #4039, .F. ) ;
#3915 = CARTESIAN_POINT ( 'NONE',  ( 38.78375371630959734, 38.81495071793764851, 16.96933472047959768 ) ) ;
#3916 = ORIENTED_EDGE ( 'NONE', *, *, #4559, .F. ) ;
#3917 = DIRECTION ( 'NONE',  ( 0.000000000000000000, 0.000000000000000000, -1.000000000000000000 ) ) ;
#3918 = AXIS2_PLACEMENT_3D ( 'NONE', #2294, #3813, #1072 ) ;
#3919 = ADVANCED_FACE ( 'NONE', ( #4223 ), #1280, .F. ) ;
#3920 = EDGE_CURVE ( 'NONE', #141, #686, #4008, .T. ) ;
#3921 = ORIENTED_EDGE ( 'NONE', *, *, #3273, .F. ) ;
#3922 = DIRECTION ( 'NONE',  ( 1.000000000000000000, 0.000000000000000000, 0.000000000000000000 ) ) ;
#3923 = CIRCLE ( 'NONE', #4482, 0.02100000000000079581 ) ;
#3924 = DIRECTION ( 'NONE',  ( 0.8660254037843760910, 0.5000000000001085798, 0.000000000000000000 ) ) ;
#3925 = CARTESIAN_POINT ( 'NONE',  ( 38.83857218635613862, 38.78416323121888354, 16.95533472047959833 ) ) ;
#3926 = EDGE_CURVE ( 'NONE', #2781, #4005, #3825, .T. ) ;
#3927 = VECTOR ( 'NONE', #104, 1.000000000000000000 ) ;
#3928 = ORIENTED_EDGE ( 'NONE', *, *, #2513, .T. ) ;
#3929 = DIRECTION ( 'NONE',  ( -1.000000000000000000, 0.000000000000000000, 0.000000000000000000 ) ) ;
#3930 = CARTESIAN_POINT ( 'NONE',  ( 38.79963432793282863, 38.78773725242253079, 16.96933472047959768 ) ) ;
#3931 = CIRCLE ( 'NONE', #1634, 0.02935410264610433320 ) ;
#3932 = DIRECTION ( 'NONE',  ( 0.000000000000000000, -0.000000000000000000, -1.000000000000000000 ) ) ;
#3933 = EDGE_CURVE ( 'NONE', #3321, #344, #2180, .T. ) ;
#3934 = CARTESIAN_POINT ( 'NONE',  ( 38.84716532739390260, 38.80847285555255155, 16.95533472047959833 ) ) ;
#3935 = PLANE ( 'NONE',  #4699 ) ;
#3936 = VERTEX_POINT ( 'NONE', #3110 ) ;
#3937 = DIRECTION ( 'NONE',  ( -0.000000000000000000, 0.000000000000000000, -1.000000000000000000 ) ) ;
#3938 = PRODUCT_DEFINITION_FORMATION_WITH_SPECIFIED_SOURCE ( 'ANY', '', #1670, .NOT_KNOWN. ) ;
#3939 = LINE ( 'NONE', #220, #4480 ) ;
#3940 = ORIENTED_EDGE ( 'NONE', *, *, #2050, .T. ) ;
#3941 = CARTESIAN_POINT ( 'NONE',  ( 38.79111578999876286, 38.78576225941005617, 16.96933472047959768 ) ) ;
#3942 = PRODUCT_DEFINITION_CONTEXT ( 'detailed design', #3678, 'design' ) ;
#3943 = ORIENTED_EDGE ( 'NONE', *, *, #4033, .T. ) ;
#3944 = CARTESIAN_POINT ( 'NONE',  ( 38.80949536594835081, 38.80365395317144106, 17.00591320641314397 ) ) ;
#3945 = ORIENTED_EDGE ( 'NONE', *, *, #1201, .F. ) ;
#3946 = AXIS2_PLACEMENT_3D ( 'NONE', #154, #445, #1253 ) ;
#3947 = EDGE_CURVE ( 'NONE', #3773, #1648, #1472, .T. ) ;
#3948 = DIRECTION ( 'NONE',  ( 0.000000000000000000, -0.000000000000000000, -1.000000000000000000 ) ) ;
#3949 = VECTOR ( 'NONE', #2663, 1.000000000000000000 ) ;
#3950 = DIRECTION ( 'NONE',  ( 0.2588190451017443605, 0.9659258262892763680, 0.000000000000000000 ) ) ;
#3951 = ORIENTED_EDGE ( 'NONE', *, *, #1827, .F. ) ;
#3952 = CARTESIAN_POINT ( 'NONE',  ( 38.82102662793399617, 38.82869296593533903, 17.00486406767602432 ) ) ;
#3953 = EDGE_CURVE ( 'NONE', #957, #2697, #452, .T. ) ;
#3954 = CARTESIAN_POINT ( 'NONE',  ( 38.79183844011098614, 38.84503987766706956, 16.95533472047959833 ) ) ;
#3955 = CARTESIAN_POINT ( 'NONE',  ( 38.79382632382886698, 38.79250372684635551, 16.96933472047959768 ) ) ;
#3956 = FACE_OUTER_BOUND ( 'NONE', #3372, .T. ) ;
#3957 = EDGE_CURVE ( 'NONE', #1251, #450, #4561, .T. ) ;
#3958 = DIRECTION ( 'NONE',  ( 0.000000000000000000, 1.000000000000000000, 0.000000000000000000 ) ) ;
#3959 = DIRECTION ( 'NONE',  ( -0.000000000000000000, -0.000000000000000000, -1.000000000000000000 ) ) ;
#3960 = VERTEX_POINT ( 'NONE', #2409 ) ;
#3961 = DIRECTION ( 'NONE',  ( 0.000000000000000000, -0.000000000000000000, 1.000000000000000000 ) ) ;
#3962 = DIRECTION ( 'NONE',  ( -1.000000000000000000, 0.000000000000000000, 0.000000000000000000 ) ) ;
#3963 = VERTEX_POINT ( 'NONE', #866 ) ;
#3964 = DIRECTION ( 'NONE',  ( -0.000000000000000000, 0.000000000000000000, -1.000000000000000000 ) ) ;
#3965 = ORIENTED_EDGE ( 'NONE', *, *, #1906, .T. ) ;
#3966 = CARTESIAN_POINT ( 'NONE',  ( 38.80962285924525901, 38.80358827427814106, 17.00586985137795892 ) ) ;
#3967 = VECTOR ( 'NONE', #2883, 1.000000000000000000 ) ;
#3968 = ORIENTED_EDGE ( 'NONE', *, *, #327, .T. ) ;
#3969 = CARTESIAN_POINT ( 'NONE',  ( 38.85239934817218455, 38.82958873113355480, 16.96933472047959768 ) ) ;
#3970 = CARTESIAN_POINT ( 'NONE',  ( 38.80783139815540750, 38.80467971472884869, 17.00194567663947609 ) ) ;
#3971 = CIRCLE ( 'NONE', #4298, 0.001006105236834714794 ) ;
#3972 = EDGE_CURVE ( 'NONE', #889, #325, #2894, .T. ) ;
#3973 = EDGE_LOOP ( 'NONE', ( #1512, #2560, #3770, #182 ) ) ;
#3974 = DIRECTION ( 'NONE',  ( -0.000000000000000000, -0.000000000000000000, -1.000000000000000000 ) ) ;
#3975 = CARTESIAN_POINT ( 'NONE',  ( 38.77967931206353569, 38.79602211484508700, 16.95533472047959833 ) ) ;
#3976 = DIRECTION ( 'NONE',  ( 0.000000000000000000, 0.000000000000000000, 1.000000000000000000 ) ) ;
#3977 = AXIS2_PLACEMENT_3D ( 'NONE', #1461, #2245, #3410 ) ;
#3978 = ORIENTED_EDGE ( 'NONE', *, *, #3397, .T. ) ;
#3979 = CARTESIAN_POINT ( 'NONE',  ( 38.82227574162069317, 38.77741300560282411, 16.96933472047959768 ) ) ;
#3980 = EDGE_CURVE ( 'NONE', #3511, #299, #3931, .T. ) ;
#3981 = CARTESIAN_POINT ( 'NONE',  ( 38.85470172834718738, 38.81967145301528888, 16.95533472047959833 ) ) ;
#3982 = DIRECTION ( 'NONE',  ( 0.000000000000000000, 1.000000000000000000, 0.000000000000000000 ) ) ;
#3983 = VERTEX_POINT ( 'NONE', #1598 ) ;
#3984 = CARTESIAN_POINT ( 'NONE',  ( 38.83422313171968909, 38.80672093523273958, 17.00973472028886491 ) ) ;
#3985 = EDGE_CURVE ( 'NONE', #1951, #373, #1674, .T. ) ;
#3986 = CARTESIAN_POINT ( 'NONE',  ( 38.84065613470493616, 38.78576230400918945, 16.95533472047959833 ) ) ;
#3987 = ORIENTED_EDGE ( 'NONE', *, *, #91, .F. ) ;
#3988 = CYLINDRICAL_SURFACE ( 'NONE', #3586, 0.02250000000000085265 ) ;
#3989 = CIRCLE ( 'NONE', #1523, 0.02009999999999934062 ) ;
#3990 = AXIS2_PLACEMENT_3D ( 'NONE', #2210, #2535, #1801 ) ;
#3991 = VERTEX_POINT ( 'NONE', #4677 ) ;
#3992 = ORIENTED_EDGE ( 'NONE', *, *, #1225, .F. ) ;
#3993 = CARTESIAN_POINT ( 'NONE',  ( 38.81588593523276387, 38.81588593523274255, 16.95533472047959833 ) ) ;
#3994 = ORIENTED_EDGE ( 'NONE', *, *, #2373, .F. ) ;
#3995 = AXIS2_PLACEMENT_3D ( 'NONE', #894, #1235, #4657 ) ;
#3996 = DIRECTION ( 'NONE',  ( 0.000000000000000000, 0.000000000000000000, -1.000000000000000000 ) ) ;
#3997 = VERTEX_POINT ( 'NONE', #2782 ) ;
#3998 = CIRCLE ( 'NONE', #3833, 0.001006105236836115583 ) ;
#3999 = DIRECTION ( 'NONE',  ( 0.5000000000001085798, 0.8660254037843760910, 0.000000000000000000 ) ) ;
#4000 = ORIENTED_EDGE ( 'NONE', *, *, #1677, .F. ) ;
#4001 = AXIS2_PLACEMENT_3D ( 'NONE', #1505, #4539, #2649 ) ;
#4002 = DIRECTION ( 'NONE',  ( 0.000000000000000000, 0.000000000000000000, -1.000000000000000000 ) ) ;
#4003 = DIRECTION ( 'NONE',  ( 0.000000000000000000, 0.000000000000000000, -1.000000000000000000 ) ) ;
#4004 = DIRECTION ( 'NONE',  ( -0.9659258262890654256, 0.2588190451025316197, 0.000000000000000000 ) ) ;
#4005 = VERTEX_POINT ( 'NONE', #4305 ) ;
#4006 = AXIS2_PLACEMENT_3D ( 'NONE', #1325, #4772, #1783 ) ;
#4007 = DIRECTION ( 'NONE',  ( -1.000000000000000000, 0.000000000000000000, 0.000000000000000000 ) ) ;
#4008 = CIRCLE ( 'NONE', #2739, 0.03899994794847572166 ) ;
#4009 = CARTESIAN_POINT ( 'NONE',  ( 38.83213760597951136, 38.78773728905356677, 16.96933472047959768 ) ) ;
#4010 = EDGE_CURVE ( 'NONE', #1724, #4676, #3479, .T. ) ;
#4011 = CARTESIAN_POINT ( 'NONE',  ( 38.80208593523276051, 38.81588593523274255, 17.00973472028886491 ) ) ;
#4012 = EDGE_CURVE ( 'NONE', #3570, #3750, #1009, .T. ) ;
#4013 = ORIENTED_EDGE ( 'NONE', *, *, #2436, .T. ) ;
#4014 = DIRECTION ( 'NONE',  ( -1.000000000000000000, 0.000000000000000000, 0.000000000000000000 ) ) ;
#4015 = DIRECTION ( 'NONE',  ( 0.000000000000000000, 0.000000000000000000, -1.000000000000000000 ) ) ;
#4016 = DIRECTION ( 'NONE',  ( -0.000000000000000000, -0.000000000000000000, -1.000000000000000000 ) ) ;
#4017 = PRODUCT_RELATED_PRODUCT_CATEGORY ( 'part', '', ( #1670 ) ) ;
#4018 = DIRECTION ( 'NONE',  ( 0.000000000000000000, 0.000000000000000000, -1.000000000000000000 ) ) ;
#4019 = EDGE_LOOP ( 'NONE', ( #1795, #4544, #64, #538 ) ) ;
#4020 = ADVANCED_FACE ( 'NONE', ( #812 ), #1942, .T. ) ;
#4021 = CYLINDRICAL_SURFACE ( 'NONE', #1758, 0.02935410264610283093 ) ;
#4022 = DIRECTION ( 'NONE',  ( -0.000000000000000000, -0.000000000000000000, -1.000000000000000000 ) ) ;
#4023 = ORIENTED_EDGE ( 'NONE', *, *, #4419, .F. ) ;
#4024 = AXIS2_PLACEMENT_3D ( 'NONE', #3512, #1630, #818 ) ;
#4025 = CARTESIAN_POINT ( 'NONE',  ( 38.84738310804261374, 38.81588597186377854, 16.96933472047959768 ) ) ;
#4026 = DIRECTION ( 'NONE',  ( -0.000000000000000000, -0.000000000000000000, 1.000000000000000000 ) ) ;
#4027 = ORIENTED_EDGE ( 'NONE', *, *, #3034, .T. ) ;
#4028 = AXIS2_PLACEMENT_3D ( 'NONE', #2989, #4889, #4513 ) ;
#4029 = DIRECTION ( 'NONE',  ( -0.4999999999999980016, -0.8660254037844398178, -0.000000000000000000 ) ) ;
#4030 = CARTESIAN_POINT ( 'NONE',  ( 38.79111573576059158, 38.84600956645628855, 16.95533472047959833 ) ) ;
#4031 = ORIENTED_EDGE ( 'NONE', *, *, #3500, .T. ) ;
#4032 = DIRECTION ( 'NONE',  ( -0.000000000000000000, 0.000000000000000000, 1.000000000000000000 ) ) ;
#4033 = EDGE_CURVE ( 'NONE', #1122, #410, #2415, .T. ) ;
#4034 = CARTESIAN_POINT ( 'NONE',  ( 38.79963426448602348, 38.84403458141191834, 16.96933472047959768 ) ) ;
#4035 = ORIENTED_EDGE ( 'NONE', *, *, #2436, .F. ) ;
#4036 = CARTESIAN_POINT ( 'NONE',  ( 38.81588593523276387, 38.81588593523274255, 16.95533472047959833 ) ) ;
#4037 = CIRCLE ( 'NONE', #4839, 0.03600013749698689064 ) ;
#4038 = ORIENTED_EDGE ( 'NONE', *, *, #1975, .F. ) ;
#4039 = EDGE_CURVE ( 'NONE', #2982, #3071, #2571, .T. ) ;
#4040 = VECTOR ( 'NONE', #4563, 1.000000000000000000 ) ;
#4041 = CARTESIAN_POINT ( 'NONE',  ( 38.77707014211834036, 38.81210041745019623, 16.96933472047959768 ) ) ;
#4042 = CARTESIAN_POINT ( 'NONE',  ( 38.80949805270859088, 38.80365253471444476, 17.00155695710416737 ) ) ;
#4043 = EDGE_CURVE ( 'NONE', #141, #1032, #3210, .T. ) ;
#4044 = ORIENTED_EDGE ( 'NONE', *, *, #1720, .T. ) ;
#4045 = CIRCLE ( 'NONE', #4688, 0.02935410264610490219 ) ;
#4046 = CARTESIAN_POINT ( 'NONE',  ( 38.83886924945241503, 38.79290267281719196, 16.96933472047959768 ) ) ;
#4047 = AXIS2_PLACEMENT_3D ( 'NONE', #582, #1248, #1343 ) ;
#4048 = CARTESIAN_POINT ( 'NONE',  ( 38.85239937284425338, 38.80218320507500351, 16.95533472047959833 ) ) ;
#4049 = EDGE_LOOP ( 'NONE', ( #2710, #3264, #3965, #1970 ) ) ;
#4050 = CIRCLE ( 'NONE', #1205, 0.03600013749698947191 ) ;
#4051 = ORIENTED_EDGE ( 'NONE', *, *, #2170, .F. ) ;
#4052 = AXIS2_PLACEMENT_3D ( 'NONE', #4463, #1577, #3832 ) ;
#4053 = CYLINDRICAL_SURFACE ( 'NONE', #4847, 0.001006105236832866012 ) ;
#4054 = DIRECTION ( 'NONE',  ( -0.000000000000000000, -0.000000000000000000, 1.000000000000000000 ) ) ;
#4055 = VECTOR ( 'NONE', #3562, 1.000000000000000000 ) ;
#4056 = ORIENTED_EDGE ( 'NONE', *, *, #3500, .F. ) ;
#4057 = CARTESIAN_POINT ( 'NONE',  ( 38.84571771260981876, 38.84444387598900050, 16.96933472047959768 ) ) ;
#4058 = CARTESIAN_POINT ( 'NONE',  ( 38.82429836723665062, 38.84728170041789497, 16.96933472047959768 ) ) ;
#4059 = DIRECTION ( 'NONE',  ( -0.000000000000000000, -0.000000000000000000, -1.000000000000000000 ) ) ;
#4060 = ADVANCED_FACE ( 'NONE', ( #114 ), #821, .T. ) ;
#4061 = EDGE_LOOP ( 'NONE', ( #2295, #4899, #1059, #3096, #3655, #1621, #288, #3715, #1641, #4484, #4376, #2110, #2332, #3108, #1427, #2257, #1796, #1659, #1044, #4858, #4168, #1202, #1457, #718, #2494, #2193, #2569, #1901, #968, #884, #2728, #1255, #1345, #2423, #1977, #3794, #2417, #633, #241, #4826, #4808, #2869, #2138, #4491, #4507, #4816, #765, #4347, #3173, #4466, #2371, #2776, #3742, #2354, #954, #2036, #3928, #1757, #948, #3477, #3439, #519, #1105, #1475, #1146, #1687, #4356, #2204, #4143, #2582, #252, #3745, #4445, #3065, #4170, #4668, #3940, #2945, #4514, #561, #3325, #2034, #943, #4761, #3268, #4485, #2574, #357, #351, #553, #2761, #3607, #3223, #3253, #1081, #1570, #2145, #2635, #77, #4777, #2615, #4027, #2855, #856, #2316, #784 ) ) ;
#4062 = CIRCLE ( 'NONE', #211, 0.02935410264610328890 ) ;
#4063 = DIRECTION ( 'NONE',  ( -1.000000000000000000, 0.000000000000000000, 0.000000000000000000 ) ) ;
#4064 = CARTESIAN_POINT ( 'NONE',  ( 38.82440753699327018, 38.82674084635387857, 17.00486253655143187 ) ) ;
#4065 = CARTESIAN_POINT ( 'NONE',  ( 38.80962453028141823, 38.80358743141390931, 17.00160027625933523 ) ) ;
#4066 = ADVANCED_FACE ( 'NONE', ( #143 ), #63, .T. ) ;
#4067 = ADVANCED_FACE ( 'NONE', ( #433 ), #1553, .T. ) ;
#4068 = VERTEX_POINT ( 'NONE', #3144 ) ;
#4069 = VECTOR ( 'NONE', #2064, 1.000000000000000000 ) ;
#4070 = CARTESIAN_POINT ( 'NONE',  ( 38.84588596636534419, 38.81588593523274255, 16.97023472028886459 ) ) ;
#4071 = EDGE_CURVE ( 'NONE', #2756, #349, #2335, .T. ) ;
#4072 = DIRECTION ( 'NONE',  ( -0.000000000000000000, -0.000000000000000000, -1.000000000000000000 ) ) ;
#4073 = ORIENTED_EDGE ( 'NONE', *, *, #1073, .F. ) ;
#4074 = AXIS2_PLACEMENT_3D ( 'NONE', #2444, #2871, #3962 ) ;
#4075 = AXIS2_PLACEMENT_3D ( 'NONE', #2674, #2622, #9 ) ;
#4076 = DIRECTION ( 'NONE',  ( -0.000000000000000000, -0.000000000000000000, -1.000000000000000000 ) ) ;
#4077 = ADVANCED_FACE ( 'NONE', ( #2768 ), #461, .T. ) ;
#4078 = DIRECTION ( 'NONE',  ( 0.000000000000000000, 1.000000000000000000, 0.000000000000000000 ) ) ;
#4079 = EDGE_LOOP ( 'NONE', ( #909, #4000, #90, #4207 ) ) ;
#4080 = ORIENTED_EDGE ( 'NONE', *, *, #460, .T. ) ;
#4081 = CARTESIAN_POINT ( 'NONE',  ( 38.82429836723665062, 38.84728170041789497, 16.95533472047959833 ) ) ;
#4082 = AXIS2_PLACEMENT_3D ( 'NONE', #3591, #3937, #2104 ) ;
#4083 = FACE_OUTER_BOUND ( 'NONE', #3672, .T. ) ;
#4084 = VECTOR ( 'NONE', #3377, 1.000000000000000000 ) ;
#4085 = LINE ( 'NONE', #700, #2252 ) ;
#4086 = ORIENTED_EDGE ( 'NONE', *, *, #567, .F. ) ;
#4087 = CARTESIAN_POINT ( 'NONE',  ( 38.83218320226850295, 38.82765067437841111, 17.00973472028886491 ) ) ;
#4088 = LINE ( 'NONE', #2547, #39 ) ;
#4089 = ORIENTED_EDGE ( 'NONE', *, *, #3895, .T. ) ;
#4090 = CARTESIAN_POINT ( 'NONE',  ( 38.79963432793282863, 38.78773725242253079, 16.95533472047959833 ) ) ;
#4091 = DIRECTION ( 'NONE',  ( -0.000000000000000000, -0.000000000000000000, -1.000000000000000000 ) ) ;
#4092 = ORIENTED_EDGE ( 'NONE', *, *, #277, .F. ) ;
#4093 = ADVANCED_FACE ( 'NONE', ( #4613 ), #851, .F. ) ;
#4094 = DIRECTION ( 'NONE',  ( 0.7071067811860540786, -0.7071067811870409558, 0.000000000000000000 ) ) ;
#4095 = CARTESIAN_POINT ( 'NONE',  ( 38.81588593523276387, 38.81588593523274255, 16.95533472047959833 ) ) ;
#4096 = EDGE_LOOP ( 'NONE', ( #2447, #1350, #1917, #1749 ) ) ;
#4097 = CIRCLE ( 'NONE', #2122, 0.03600013749699115806 ) ;
#4098 = VECTOR ( 'NONE', #2983, 1.000000000000000000 ) ;
#4099 = LINE ( 'NONE', #3453, #3038 ) ;
#4100 = DIRECTION ( 'NONE',  ( -1.000000000000000000, 0.000000000000000000, 0.000000000000000000 ) ) ;
#4101 = ORIENTED_EDGE ( 'NONE', *, *, #268, .T. ) ;
#4102 = AXIS2_PLACEMENT_3D ( 'NONE', #152, #174, #3922 ) ;
#4103 = ORIENTED_EDGE ( 'NONE', *, *, #4841, .T. ) ;
#4104 = CARTESIAN_POINT ( 'NONE',  ( 38.83730988048873911, 38.85119181988928005, 16.95533472047959833 ) ) ;
#4105 = ADVANCED_FACE ( 'NONE', ( #3118 ), #1635, .F. ) ;
#4106 = DIRECTION ( 'NONE',  ( 1.000000000000000000, 0.000000000000000000, 0.000000000000000000 ) ) ;
#4107 = CYLINDRICAL_SURFACE ( 'NONE', #614, 0.02009999999999934062 ) ;
#4108 = ORIENTED_EDGE ( 'NONE', *, *, #1375, .F. ) ;
#4109 = CARTESIAN_POINT ( 'NONE',  ( 38.82117882874694459, 38.82863081793573201, 17.00510754379310185 ) ) ;
#4110 = DIRECTION ( 'NONE',  ( -0.4999999999959848784, -0.8660254037867568533, 0.000000000000000000 ) ) ;
#4111 = ORIENTED_EDGE ( 'NONE', *, *, #3701, .T. ) ;
#4112 = DIRECTION ( 'NONE',  ( -1.000000000000000000, 0.000000000000000000, 0.000000000000000000 ) ) ;
#4113 = FACE_OUTER_BOUND ( 'NONE', #1791, .T. ) ;
#4114 = VERTEX_POINT ( 'NONE', #3064 ) ;
#4115 = CARTESIAN_POINT ( 'NONE',  ( 38.81588593523276387, 38.81588593523274255, 16.95533472047959833 ) ) ;
#4116 = LINE ( 'NONE', #3371, #2015 ) ;
#4117 = ORIENTED_EDGE ( 'NONE', *, *, #1225, .T. ) ;
#4118 = CIRCLE ( 'NONE', #3252, 0.001006105236834714794 ) ;
#4119 = ADVANCED_FACE ( 'NONE', ( #927 ), #2420, .T. ) ;
#4120 = AXIS2_PLACEMENT_3D ( 'NONE', #3854, #3157, #3558 ) ;
#4121 = FACE_BOUND ( 'NONE', #3876, .T. ) ;
#4122 = DIRECTION ( 'NONE',  ( 0.000000000000000000, -0.000000000000000000, -1.000000000000000000 ) ) ;
#4123 = VERTEX_POINT ( 'NONE', #4586 ) ;
#4124 = ADVANCED_FACE ( 'NONE', ( #3864 ), #3516, .T. ) ;
#4125 = AXIS2_PLACEMENT_3D ( 'NONE', #4058, #4016, #699 ) ;
#4126 = CARTESIAN_POINT ( 'NONE',  ( 38.81210041745021755, 38.85470172834716607, 16.96933472047959768 ) ) ;
#4127 = CIRCLE ( 'NONE', #2618, 0.02935410264610068681 ) ;
#4128 = DIRECTION ( 'NONE',  ( 0.000000000000000000, -0.000000000000000000, -1.000000000000000000 ) ) ;
#4129 = AXIS2_PLACEMENT_3D ( 'NONE', #3062, #355, #3086 ) ;
#4130 = EDGE_CURVE ( 'NONE', #1745, #4538, #2692, .T. ) ;
#4131 = CARTESIAN_POINT ( 'NONE',  ( 38.85717370087639466, 38.81498519672004477, 16.95533472047959833 ) ) ;
#4132 = ORIENTED_EDGE ( 'NONE', *, *, #1808, .T. ) ;
#4133 = CARTESIAN_POINT ( 'NONE',  ( 38.83926809181504325, 38.83794559844074001, 16.96933472047959768 ) ) ;
#4134 = CARTESIAN_POINT ( 'NONE',  ( 38.81967138312678856, 38.85470173516299752, 16.96933472047959768 ) ) ;
#4135 = ORIENTED_EDGE ( 'NONE', *, *, #2839, .T. ) ;
#4136 = DIRECTION ( 'NONE',  ( -1.000000000000000000, 0.000000000000000000, 0.000000000000000000 ) ) ;
#4137 = CARTESIAN_POINT ( 'NONE',  ( 38.81588593523276387, 38.81588593523274255, 16.99773472028886445 ) ) ;
#4138 = AXIS2_PLACEMENT_3D ( 'NONE', #4566, #464, #3982 ) ;
#4139 = ORIENTED_EDGE ( 'NONE', *, *, #4442, .T. ) ;
#4140 = DIRECTION ( 'NONE',  ( -0.000000000000000000, -0.000000000000000000, -1.000000000000000000 ) ) ;
#4141 = CIRCLE ( 'NONE', #2556, 0.03899994794847572166 ) ;
#4142 = LINE ( 'NONE', #757, #222 ) ;
#4143 = ORIENTED_EDGE ( 'NONE', *, *, #567, .T. ) ;
#4144 = VERTEX_POINT ( 'NONE', #3543 ) ;
#4145 = AXIS2_PLACEMENT_3D ( 'NONE', #2233, #1916, #3425 ) ;
#4146 = DIRECTION ( 'NONE',  ( -0.000000000000000000, -0.000000000000000000, -1.000000000000000000 ) ) ;
#4147 = VERTEX_POINT ( 'NONE', #2720 ) ;
#4148 = AXIS2_PLACEMENT_3D ( 'NONE', #3153, #941, #2708 ) ;
#4149 = FACE_OUTER_BOUND ( 'NONE', #2721, .T. ) ;
#4150 = CIRCLE ( 'NONE', #292, 0.03899994794847572166 ) ;
#4151 = EDGE_CURVE ( 'NONE', #881, #3983, #3837, .T. ) ;
#4152 = DIRECTION ( 'NONE',  ( 0.000000000000000000, 0.000000000000000000, -1.000000000000000000 ) ) ;
#4153 = CARTESIAN_POINT ( 'NONE',  ( 38.83886924945241503, 38.79290267281719196, 16.95533472047959833 ) ) ;
#4154 = AXIS2_PLACEMENT_3D ( 'NONE', #3332, #1455, #1896 ) ;
#4155 = EDGE_LOOP ( 'NONE', ( #1154, #3324, #1178, #514 ) ) ;
#4156 = AXIS2_PLACEMENT_3D ( 'NONE', #424, #1915, #3424 ) ;
#4157 = ADVANCED_FACE ( 'NONE', ( #1246 ), #2370, .F. ) ;
#4158 = FACE_BOUND ( 'NONE', #4243, .T. ) ;
#4159 = DIRECTION ( 'NONE',  ( 0.000000000000000000, 0.000000000000000000, -1.000000000000000000 ) ) ;
#4160 = ORIENTED_EDGE ( 'NONE', *, *, #3218, .F. ) ;
#4161 = CARTESIAN_POINT ( 'NONE',  ( 38.83857212923881264, 38.84760868009354340, 16.95533472047959833 ) ) ;
#4162 = ORIENTED_EDGE ( 'NONE', *, *, #2970, .T. ) ;
#4163 = FACE_OUTER_BOUND ( 'NONE', #1193, .T. ) ;
#4164 = ORIENTED_EDGE ( 'NONE', *, *, #3798, .T. ) ;
#4165 = ADVANCED_FACE ( 'NONE', ( #976 ), #2846, .T. ) ;
#4166 = CARTESIAN_POINT ( 'NONE',  ( 38.83794559844076133, 38.79250377865046318, 16.96933472047959768 ) ) ;
#4167 = CARTESIAN_POINT ( 'NONE',  ( 38.81588589860172789, 38.84838921327941819, 16.96933472047959768 ) ) ;
#4168 = ORIENTED_EDGE ( 'NONE', *, *, #2159, .T. ) ;
#4169 = VERTEX_POINT ( 'NONE', #1410 ) ;
#4170 = ORIENTED_EDGE ( 'NONE', *, *, #1302, .F. ) ;
#4171 = AXIS2_PLACEMENT_3D ( 'NONE', #3017, #4541, #2652 ) ;
#4172 = CARTESIAN_POINT ( 'NONE',  ( 38.82074504838060136, 38.82880216608452173, 17.00373472028886468 ) ) ;
#4173 = DIRECTION ( 'NONE',  ( 0.000000000000000000, 0.000000000000000000, 1.000000000000000000 ) ) ;
#4174 = ORIENTED_EDGE ( 'NONE', *, *, #1614, .F. ) ;
#4175 = FACE_OUTER_BOUND ( 'NONE', #406, .T. ) ;
#4176 = CARTESIAN_POINT ( 'NONE',  ( 38.79488593523276307, 38.81588593523274255, 16.96233472047959978 ) ) ;
#4177 = AXIS2_PLACEMENT_3D ( 'NONE', #874, #792, #57 ) ;
#4178 = CARTESIAN_POINT ( 'NONE',  ( 38.82080131555510150, 38.82878135751150950, 17.00314435872991581 ) ) ;
#4179 = EDGE_CURVE ( 'NONE', #3091, #1420, #301, .T. ) ;
#4180 = ORIENTED_EDGE ( 'NONE', *, *, #1819, .F. ) ;
#4181 = DIRECTION ( 'NONE',  ( -0.000000000000000000, -0.000000000000000000, -1.000000000000000000 ) ) ;
#4182 = DIRECTION ( 'NONE',  ( -1.000000000000000000, 0.000000000000000000, 0.000000000000000000 ) ) ;
#4183 = VERTEX_POINT ( 'NONE', #265 ) ;
#4184 = CYLINDRICAL_SURFACE ( 'NONE', #4001, 0.001006105236832866012 ) ;
#4185 = EDGE_CURVE ( 'NONE', #373, #2351, #1070, .T. ) ;
#4186 = ORIENTED_EDGE ( 'NONE', *, *, #19, .T. ) ;
#4187 = CARTESIAN_POINT ( 'NONE',  ( 38.80949619811602957, 38.77741299409792930, 16.95533472047959833 ) ) ;
#4188 = VERTEX_POINT ( 'NONE', #2496 ) ;
#4189 = ORIENTED_EDGE ( 'NONE', *, *, #31, .T. ) ;
#4190 = CARTESIAN_POINT ( 'NONE',  ( 38.83213754253269911, 38.84403461804295432, 16.96933472047959768 ) ) ;
#4191 = DIRECTION ( 'NONE',  ( -1.000000000000000000, 0.000000000000000000, 0.000000000000000000 ) ) ;
#4192 = VERTEX_POINT ( 'NONE', #3986 ) ;
#4193 = ADVANCED_FACE ( 'NONE', ( #3661 ), #4743, .T. ) ;
#4194 = EDGE_LOOP ( 'NONE', ( #4790, #465, #4103, #1 ) ) ;
#4195 = DIRECTION ( 'NONE',  ( 0.000000000000000000, 0.000000000000000000, 1.000000000000000000 ) ) ;
#4196 = CARTESIAN_POINT ( 'NONE',  ( 38.77937252229334320, 38.80218313933193031, 16.96933472047959768 ) ) ;
#4197 = AXIS2_PLACEMENT_3D ( 'NONE', #1566, #4598, #831 ) ;
#4198 =( NAMED_UNIT ( * ) PLANE_ANGLE_UNIT ( ) SI_UNIT ( $, .RADIAN. ) );
#4199 = VECTOR ( 'NONE', #2410, 1.000000000000000000 ) ;
#4200 = EDGE_LOOP ( 'NONE', ( #4320, #2368, #8, #1169 ) ) ;
#4201 = CARTESIAN_POINT ( 'NONE',  ( 38.83213760597951136, 38.78773728905356677, 16.96933472047959768 ) ) ;
#4202 = DIRECTION ( 'NONE',  ( -0.000000000000000000, 0.000000000000000000, -1.000000000000000000 ) ) ;
#4203 = AXIS2_PLACEMENT_3D ( 'NONE', #4770, #3709, #4106 ) ;
#4204 = CARTESIAN_POINT ( 'NONE',  ( 38.82340448403282096, 38.82745874862105495, 17.00159958919977754 ) ) ;
#4205 = AXIS2_PLACEMENT_3D ( 'NONE', #1399, #3610, #2902 ) ;
#4206 = CARTESIAN_POINT ( 'NONE',  ( 38.81588593523276387, 38.81588593523274255, 17.00973472028886491 ) ) ;
#4207 = ORIENTED_EDGE ( 'NONE', *, *, #4355, .T. ) ;
#4208 = VECTOR ( 'NONE', #4509, 1.000000000000000000 ) ;
#4209 = CARTESIAN_POINT ( 'NONE',  ( 38.81949673875524098, 38.85350503249753018, 16.96933472047959768 ) ) ;
#4210 = DIRECTION ( 'NONE',  ( -1.000000000000000000, 0.000000000000000000, 0.000000000000000000 ) ) ;
#4211 = ORIENTED_EDGE ( 'NONE', *, *, #830, .T. ) ;
#4212 = CARTESIAN_POINT ( 'NONE',  ( 38.80712970776789206, 38.80521970438095991, 17.00402859598761296 ) ) ;
#4213 = EDGE_LOOP ( 'NONE', ( #1559, #613, #3536, #734 ) ) ;
#4214 = DIRECTION ( 'NONE',  ( -1.000000000000000000, 0.000000000000000000, 0.000000000000000000 ) ) ;
#4215 = VERTEX_POINT ( 'NONE', #2146 ) ;
#4216 = DIRECTION ( 'NONE',  ( -1.000000000000000000, 0.000000000000000000, 0.000000000000000000 ) ) ;
#4217 = EDGE_CURVE ( 'NONE', #103, #2095, #2055, .T. ) ;
#4218 = ADVANCED_FACE ( 'NONE', ( #579 ), #3592, .T. ) ;
#4219 = DIRECTION ( 'NONE',  ( -0.000000000000000000, -0.000000000000000000, 1.000000000000000000 ) ) ;
#4220 = DIRECTION ( 'NONE',  ( -0.000000000000000000, -0.000000000000000000, 1.000000000000000000 ) ) ;
#4221 = VERTEX_POINT ( 'NONE', #1365 ) ;
#4222 = ORIENTED_EDGE ( 'NONE', *, *, #3490, .T. ) ;
#4223 = FACE_OUTER_BOUND ( 'NONE', #3134, .T. ) ;
#4224 = VECTOR ( 'NONE', #1384, 1.000000000000000000 ) ;
#4225 = EDGE_CURVE ( 'NONE', #697, #282, #3241, .T. ) ;
#4226 = DIRECTION ( 'NONE',  ( -0.8660254037844398178, 0.4999999999999980016, 0.000000000000000000 ) ) ;
#4227 = ORIENTED_EDGE ( 'NONE', *, *, #1743, .F. ) ;
#4228 = AXIS2_PLACEMENT_3D ( 'NONE', #2760, #1283, #3905 ) ;
#4229 = DIRECTION ( 'NONE',  ( -1.000000000000000000, 0.000000000000000000, 0.000000000000000000 ) ) ;
#4230 = EDGE_CURVE ( 'NONE', #3235, #2297, #605, .T. ) ;
#4231 = DIRECTION ( 'NONE',  ( -0.000000000000000000, -0.000000000000000000, -1.000000000000000000 ) ) ;
#4232 = AXIS2_PLACEMENT_3D ( 'NONE', #1055, #4384, #261 ) ;
#4233 = CARTESIAN_POINT ( 'NONE',  ( 38.82363164909634179, 38.82730795355361408, 17.00171228908248366 ) ) ;
#4234 = DIRECTION ( 'NONE',  ( -0.000000000000000000, -0.000000000000000000, 1.000000000000000000 ) ) ;
#4235 = ORIENTED_EDGE ( 'NONE', *, *, #2185, .T. ) ;
#4236 = CIRCLE ( 'NONE', #4323, 0.001006105236832866012 ) ;
#4237 = DIRECTION ( 'NONE',  ( 0.000000000000000000, -0.000000000000000000, -1.000000000000000000 ) ) ;
#4238 = CARTESIAN_POINT ( 'NONE',  ( 38.81792586468395001, 38.83588215207078775, 17.00973472028886491 ) ) ;
#4239 = EDGE_LOOP ( 'NONE', ( #2683, #3122, #3449, #2906 ) ) ;
#4240 = CIRCLE ( 'NONE', #4809, 0.001006105236836115583 ) ;
#4241 = CARTESIAN_POINT ( 'NONE',  ( 38.81588593523276387, 38.81588593523274255, 16.95533472047959833 ) ) ;
#4242 = VECTOR ( 'NONE', #867, 1.000000000000000000 ) ;
#4243 = EDGE_LOOP ( 'NONE', ( #1846, #1690 ) ) ;
#4244 = CARTESIAN_POINT ( 'NONE',  ( 38.81210048733874629, 38.77707013530248759, 16.96933472047959768 ) ) ;
#4245 = ORIENTED_EDGE ( 'NONE', *, *, #4419, .T. ) ;
#4246 = AXIS2_PLACEMENT_3D ( 'NONE', #2392, #4289, #3434 ) ;
#4247 = AXIS2_PLACEMENT_3D ( 'NONE', #2267, #2646, #2939 ) ;
#4248 = ORIENTED_EDGE ( 'NONE', *, *, #1557, .F. ) ;
#4249 = CARTESIAN_POINT ( 'NONE',  ( 38.78150143957277862, 38.80020343417888995, 16.95533472047959833 ) ) ;
#4250 = CARTESIAN_POINT ( 'NONE',  ( 38.77707013530250890, 38.81967138312676013, 16.96933472047959768 ) ) ;
#4251 = ORIENTED_EDGE ( 'NONE', *, *, #2579, .T. ) ;
#4252 = ADVANCED_FACE ( 'NONE', ( #2105 ), #3621, .T. ) ;
#4253 = ORIENTED_EDGE ( 'NONE', *, *, #3668, .T. ) ;
#4254 = CARTESIAN_POINT ( 'NONE',  ( 38.80606992174660519, 38.85599998265943356, 16.96933472047959768 ) ) ;
#4255 = FACE_OUTER_BOUND ( 'NONE', #3462, .T. ) ;
#4256 = DIRECTION ( 'NONE',  ( -1.000000000000000000, 0.000000000000000000, 0.000000000000000000 ) ) ;
#4257 = ORIENTED_EDGE ( 'NONE', *, *, #2457, .T. ) ;
#4258 = CARTESIAN_POINT ( 'NONE',  ( 38.81210048733874629, 38.77707013530248759, 16.95533472047959833 ) ) ;
#4259 = EDGE_CURVE ( 'NONE', #708, #2851, #3939, .T. ) ;
#4260 = CARTESIAN_POINT ( 'NONE',  ( 38.84434617677774781, 38.86068051958434211, 17.00373472028886468 ) ) ;
#4261 = VERTEX_POINT ( 'NONE', #4436 ) ;
#4262 = CARTESIAN_POINT ( 'NONE',  ( 38.82126538259671378, 38.82859468925676083, 17.00224851296827921 ) ) ;
#4263 = EDGE_CURVE ( 'NONE', #3576, #2399, #3053, .T. ) ;
#4264 = DIRECTION ( 'NONE',  ( 0.000000000000000000, 0.000000000000000000, -1.000000000000000000 ) ) ;
#4265 = ORIENTED_EDGE ( 'NONE', *, *, #2430, .F. ) ;
#4266 = ADVANCED_FACE ( 'NONE', ( #4391 ), #1037, .T. ) ;
#4267 = AXIS2_PLACEMENT_3D ( 'NONE', #2001, #4636, #3881 ) ;
#4268 = DIRECTION ( 'NONE',  ( 0.000000000000000000, 0.000000000000000000, -1.000000000000000000 ) ) ;
#4269 = EDGE_LOOP ( 'NONE', ( #618, #82, #1324, #3836 ) ) ;
#4270 = DIRECTION ( 'NONE',  ( -1.000000000000000000, 0.000000000000000000, 0.000000000000000000 ) ) ;
#4271 = ORIENTED_EDGE ( 'NONE', *, *, #2457, .F. ) ;
#4272 = VECTOR ( 'NONE', #34, 1.000000000000000000 ) ;
#4273 = CARTESIAN_POINT ( 'NONE',  ( 38.84728170041791628, 38.80747350322886291, 16.96933472047959768 ) ) ;
#4274 = CYLINDRICAL_SURFACE ( 'NONE', #4800, 0.02935410264610283093 ) ;
#4275 = ORIENTED_EDGE ( 'NONE', *, *, #224, .F. ) ;
#4276 = ORIENTED_EDGE ( 'NONE', *, *, #2938, .T. ) ;
#4277 = CARTESIAN_POINT ( 'NONE',  ( 38.81588593523276387, 38.81588593523274255, 16.96933472047959768 ) ) ;
#4278 = CARTESIAN_POINT ( 'NONE',  ( 38.78732799447651303, 38.84571771260979745, 16.96933472047959768 ) ) ;
#4279 = ADVANCED_FACE ( 'NONE', ( #191 ), #1711, .F. ) ;
#4280 = DIRECTION ( 'NONE',  ( 0.000000000000000000, 1.000000000000000000, 0.000000000000000000 ) ) ;
#4281 = EDGE_LOOP ( 'NONE', ( #785, #2749, #932, #1300, #1418, #1113, #3943, #2260, #4415, #3945, #2078, #2962 ) ) ;
#4282 = VECTOR ( 'NONE', #3219, 1.000000000000000000 ) ;
#4283 = FACE_OUTER_BOUND ( 'NONE', #3119, .T. ) ;
#4284 = DIRECTION ( 'NONE',  ( 0.8660254037839354435, -0.5000000000008716361, 0.000000000000000000 ) ) ;
#4285 = ADVANCED_FACE ( 'NONE', ( #3190 ), #2518, .F. ) ;
#4286 = EDGE_CURVE ( 'NONE', #2250, #1171, #227, .T. ) ;
#4287 = ORIENTED_EDGE ( 'NONE', *, *, #1290, .T. ) ;
#4288 = DIRECTION ( 'NONE',  ( -0.000000000000000000, 0.000000000000000000, 1.000000000000000000 ) ) ;
#4289 = DIRECTION ( 'NONE',  ( 0.000000000000000000, 0.000000000000000000, -1.000000000000000000 ) ) ;
#4290 = ORIENTED_EDGE ( 'NONE', *, *, #1185, .F. ) ;
#4291 = DIRECTION ( 'NONE',  ( 0.4999999999999980016, 0.8660254037844398178, 0.000000000000000000 ) ) ;
#4292 = EDGE_CURVE ( 'NONE', #3381, #4744, #766, .T. ) ;
#4293 = ORIENTED_EDGE ( 'NONE', *, *, #2401, .F. ) ;
#4294 = CIRCLE ( 'NONE', #2147, 0.001006105236836115583 ) ;
#4295 = LINE ( 'NONE', #490, #4804 ) ;
#4296 = DIRECTION ( 'NONE',  ( -0.000000000000000000, -0.000000000000000000, 1.000000000000000000 ) ) ;
#4297 = VERTEX_POINT ( 'NONE', #1805 ) ;
#4298 = AXIS2_PLACEMENT_3D ( 'NONE', #4273, #175, #4651 ) ;
#4299 = CARTESIAN_POINT ( 'NONE',  ( 38.81495071793766982, 38.84801815415590909, 16.95533472047959833 ) ) ;
#4300 = CARTESIAN_POINT ( 'NONE',  ( 38.78449017004761146, 38.82429836723662220, 16.95533472047959833 ) ) ;
#4301 = CIRCLE ( 'NONE', #3179, 0.002249999999999715769 ) ;
#4302 = DIRECTION ( 'NONE',  ( -0.9659258262890429991, -0.2588190451026144978, 0.000000000000000000 ) ) ;
#4303 = EDGE_LOOP ( 'NONE', ( #4422, #467, #2172, #2469 ) ) ;
#4304 = CIRCLE ( 'NONE', #32, 0.001006105236833839843 ) ;
#4305 = CARTESIAN_POINT ( 'NONE',  ( 38.79382627202476641, 38.83926809181502193, 16.95533472047959833 ) ) ;
#4306 = DIRECTION ( 'NONE',  ( 0.000000000000000000, 0.000000000000000000, -1.000000000000000000 ) ) ;
#4307 = CARTESIAN_POINT ( 'NONE',  ( 38.85553372609597744, 38.80432982856229529, 16.96933472047959768 ) ) ;
#4308 = EDGE_LOOP ( 'NONE', ( #1069, #3489, #2182, #4211 ) ) ;
#4309 = DIRECTION ( 'NONE',  ( -1.000000000000000000, 0.000000000000000000, -0.000000000000000000 ) ) ;
#4310 = VECTOR ( 'NONE', #601, 1.000000000000000000 ) ;
#4311 = DIRECTION ( 'NONE',  ( -0.000000000000000000, -0.000000000000000000, 1.000000000000000000 ) ) ;
#4312 = ORIENTED_EDGE ( 'NONE', *, *, #1855, .T. ) ;
#4313 = LINE ( 'NONE', #3984, #2815 ) ;
#4314 = VECTOR ( 'NONE', #4633, 1.000000000000000000 ) ;
#4315 = DIRECTION ( 'NONE',  ( -0.000000000000000000, 0.000000000000000000, -1.000000000000000000 ) ) ;
#4316 = ORIENTED_EDGE ( 'NONE', *, *, #2367, .T. ) ;
#4317 = EDGE_CURVE ( 'NONE', #3750, #4823, #1134, .T. ) ;
#4318 = VECTOR ( 'NONE', #420, 1.000000000000000000 ) ;
#4319 = LINE ( 'NONE', #978, #2616 ) ;
#4320 = ORIENTED_EDGE ( 'NONE', *, *, #3257, .T. ) ;
#4321 = CARTESIAN_POINT ( 'NONE',  ( 38.83598593523276321, 38.81588593523274255, 17.00973472028886491 ) ) ;
#4322 = CIRCLE ( 'NONE', #2516, 0.02935410264609930597 ) ;
#4323 = AXIS2_PLACEMENT_3D ( 'NONE', #234, #1788, #2158 ) ;
#4324 = FACE_OUTER_BOUND ( 'NONE', #396, .T. ) ;
#4325 = ORIENTED_EDGE ( 'NONE', *, *, #4728, .T. ) ;
#4326 = FACE_OUTER_BOUND ( 'NONE', #3421, .T. ) ;
#4327 = EDGE_CURVE ( 'NONE', #1667, #3348, #4565, .T. ) ;
#4328 = CIRCLE ( 'NONE', #2568, 0.03899994794847572166 ) ;
#4329 = CYLINDRICAL_SURFACE ( 'NONE', #3946, 0.03600013749699115806 ) ;
#4330 = CARTESIAN_POINT ( 'NONE',  ( 38.84728170041791628, 38.80747350322886291, 16.95533472047959833 ) ) ;
#4331 = EDGE_CURVE ( 'NONE', #3262, #103, #4489, .T. ) ;
#4332 = AXIS2_PLACEMENT_3D ( 'NONE', #459, #1579, #4639 ) ;
#4333 = ORIENTED_EDGE ( 'NONE', *, *, #2853, .F. ) ;
#4334 = DIRECTION ( 'NONE',  ( -1.000000000000000000, 0.000000000000000000, 0.000000000000000000 ) ) ;
#4335 = DIRECTION ( 'NONE',  ( -1.000000000000000000, 0.000000000000000000, 0.000000000000000000 ) ) ;
#4336 = VECTOR ( 'NONE', #4884, 1.000000000000000000 ) ;
#4337 = FACE_OUTER_BOUND ( 'NONE', #1530, .T. ) ;
#4338 = EDGE_LOOP ( 'NONE', ( #1515, #4342, #760, #2703 ) ) ;
#4339 = DIRECTION ( 'NONE',  ( -0.000000000000000000, -0.000000000000000000, -1.000000000000000000 ) ) ;
#4340 = CARTESIAN_POINT ( 'NONE',  ( 38.81588593523276387, 38.81588593523274255, 17.00973472028886491 ) ) ;
#4341 = CARTESIAN_POINT ( 'NONE',  ( 38.83926809181504325, 38.83794559844074001, 16.96933472047959768 ) ) ;
#4342 = ORIENTED_EDGE ( 'NONE', *, *, #3920, .F. ) ;
#4343 = CARTESIAN_POINT ( 'NONE',  ( 38.79754873874584575, 38.80765445754036591, 17.00973472028886491 ) ) ;
#4344 = DIRECTION ( 'NONE',  ( -0.000000000000000000, 0.000000000000000000, -1.000000000000000000 ) ) ;
#4345 = VERTEX_POINT ( 'NONE', #1848 ) ;
#4346 = CARTESIAN_POINT ( 'NONE',  ( 38.78759100871778998, 38.83114212275871324, 16.95533472047959833 ) ) ;
#4347 = ORIENTED_EDGE ( 'NONE', *, *, #3947, .T. ) ;
#4348 = CARTESIAN_POINT ( 'NONE',  ( 38.80783098627979655, 38.80468000860383171, 17.00552339834530358 ) ) ;
#4349 = EDGE_CURVE ( 'NONE', #1501, #556, #2236, .T. ) ;
#4350 = ORIENTED_EDGE ( 'NONE', *, *, #1110, .T. ) ;
#4351 = CIRCLE ( 'NONE', #1098, 0.001006105236834714794 ) ;
#4352 = DIRECTION ( 'NONE',  ( 0.000000000000000000, 0.000000000000000000, -1.000000000000000000 ) ) ;
#4353 = CIRCLE ( 'NONE', #1734, 0.03600013749698689064 ) ;
#4354 = CARTESIAN_POINT ( 'NONE',  ( 38.80813983317905524, 38.80446417656474978, 17.00171249477503821 ) ) ;
#4355 = EDGE_CURVE ( 'NONE', #3997, #4221, #1894, .T. ) ;
#4356 = ORIENTED_EDGE ( 'NONE', *, *, #518, .T. ) ;
#4357 = CARTESIAN_POINT ( 'NONE',  ( 38.82085401321602802, 38.82876077340526422, 17.00446015223519325 ) ) ;
#4358 = DIRECTION ( 'NONE',  ( 0.000000000000000000, -0.000000000000000000, -1.000000000000000000 ) ) ;
#4359 = EDGE_CURVE ( 'NONE', #649, #1042, #1949, .T. ) ;
#4360 = CARTESIAN_POINT ( 'NONE',  ( 38.83993343035454160, 38.78673199279841555, 16.96933472047959768 ) ) ;
#4361 = ORIENTED_EDGE ( 'NONE', *, *, #2291, .F. ) ;
#4362 = DIRECTION ( 'NONE',  ( -0.000000000000000000, -0.000000000000000000, 1.000000000000000000 ) ) ;
#4363 = DIRECTION ( 'NONE',  ( -1.000000000000000000, 0.000000000000000000, 0.000000000000000000 ) ) ;
#4364 = CARTESIAN_POINT ( 'NONE',  ( 38.84065613470493616, 38.78576230400918945, 16.96933472047959768 ) ) ;
#4365 = ORIENTED_EDGE ( 'NONE', *, *, #1443, .T. ) ;
#4366 = CARTESIAN_POINT ( 'NONE',  ( 38.82464216269762858, 38.82655216608452520, 17.00373472028886468 ) ) ;
#4367 = CARTESIAN_POINT ( 'NONE',  ( 38.79183844011098614, 38.84503987766706956, 16.96933472047959768 ) ) ;
#4368 = ORIENTED_EDGE ( 'NONE', *, *, #3957, .T. ) ;
#4369 = FACE_OUTER_BOUND ( 'NONE', #2345, .T. ) ;
#4370 = ORIENTED_EDGE ( 'NONE', *, *, #2584, .F. ) ;
#4371 = CIRCLE ( 'NONE', #13, 0.001006105236834714794 ) ;
#4372 = ORIENTED_EDGE ( 'NONE', *, *, #4837, .T. ) ;
#4373 = CARTESIAN_POINT ( 'NONE',  ( 38.80712970776789916, 38.80521970438095991, 17.00373472028886468 ) ) ;
#4374 = VERTEX_POINT ( 'NONE', #2 ) ;
#4375 = CARTESIAN_POINT ( 'NONE',  ( 38.83782253144369889, 38.84665962737024358, 16.95533472047959833 ) ) ;
#4376 = ORIENTED_EDGE ( 'NONE', *, *, #4559, .T. ) ;
#4377 = DIRECTION ( 'NONE',  ( -1.000000000000000000, 0.000000000000000000, 0.000000000000000000 ) ) ;
#4378 = ORIENTED_EDGE ( 'NONE', *, *, #4534, .F. ) ;
#4379 = EDGE_CURVE ( 'NONE', #311, #1006, #1082, .T. ) ;
#4380 = EDGE_CURVE ( 'NONE', #2734, #3850, #4322, .T. ) ;
#4381 = CARTESIAN_POINT ( 'NONE',  ( 38.81588593523276387, 38.81588593523274255, 16.96283472047959862 ) ) ;
#4382 = VECTOR ( 'NONE', #138, 1.000000000000000000 ) ;
#4383 = DIRECTION ( 'NONE',  ( 0.000000000000000000, 0.000000000000000000, -1.000000000000000000 ) ) ;
#4384 = DIRECTION ( 'NONE',  ( 0.000000000000000000, 0.000000000000000000, -1.000000000000000000 ) ) ;
#4385 = LINE ( 'NONE', #572, #1572 ) ;
#4386 = ADVANCED_FACE ( 'NONE', ( #4149 ), #2194, .T. ) ;
#4387 = LINE ( 'NONE', #1447, #3094 ) ;
#4388 = CYLINDRICAL_SURFACE ( 'NONE', #3667, 0.03899994794847572166 ) ;
#4389 = VERTEX_POINT ( 'NONE', #3307 ) ;
#4390 = DIRECTION ( 'NONE',  ( 0.000000000000000000, 0.000000000000000000, -1.000000000000000000 ) ) ;
#4391 = FACE_OUTER_BOUND ( 'NONE', #2653, .T. ) ;
#4392 = ADVANCED_FACE ( 'NONE', ( #1520 ), #3031, .F. ) ;
#4393 = DIRECTION ( 'NONE',  ( -1.000000000000000000, 0.000000000000000000, 0.000000000000000000 ) ) ;
#4394 = ORIENTED_EDGE ( 'NONE', *, *, #1986, .F. ) ;
#4395 = CARTESIAN_POINT ( 'NONE',  ( 38.80773700246189861, 38.80474835122721089, 17.00542844295135581 ) ) ;
#4396 = ORIENTED_EDGE ( 'NONE', *, *, #3711, .T. ) ;
#4397 = COLOUR_RGB ( '',0.7921568627450980005, 0.8196078431372548767, 0.9333333333333333481 ) ;
#4398 = LINE ( 'NONE', #3293, #1120 ) ;
#4399 = ORIENTED_EDGE ( 'NONE', *, *, #2699, .T. ) ;
#4400 = CIRCLE ( 'NONE', #139, 0.001006105236834714794 ) ;
#4401 = DIRECTION ( 'NONE',  ( 0.000000000000000000, 0.000000000000000000, -1.000000000000000000 ) ) ;
#4402 = AXIS2_PLACEMENT_3D ( 'NONE', #761, #1083, #3374 ) ;
#4403 = EDGE_LOOP ( 'NONE', ( #728, #1344, #4874, #1809 ) ) ;
#4404 = AXIS2_PLACEMENT_3D ( 'NONE', #4241, #4669, #70 ) ;
#4405 = DIRECTION ( 'NONE',  ( 0.000000000000000000, 0.000000000000000000, -1.000000000000000000 ) ) ;
#4406 = DIRECTION ( 'NONE',  ( -0.000000000000000000, -0.000000000000000000, 1.000000000000000000 ) ) ;
#4407 = CARTESIAN_POINT ( 'NONE',  ( 38.81227513171028676, 38.77826683796795493, 16.96933472047959768 ) ) ;
#4408 = ORIENTED_EDGE ( 'NONE', *, *, #4720, .F. ) ;
#4409 = AXIS2_PLACEMENT_3D ( 'NONE', #1499, #382, #1873 ) ;
#4410 = EDGE_CURVE ( 'NONE', #4580, #479, #3463, .T. ) ;
#4411 = AXIS2_PLACEMENT_3D ( 'NONE', #3557, #2737, #2021 ) ;
#4412 = DIRECTION ( 'NONE',  ( 0.000000000000000000, -0.000000000000000000, -1.000000000000000000 ) ) ;
#4413 = LINE ( 'NONE', #1086, #4224 ) ;
#4414 = VERTEX_POINT ( 'NONE', #2538 ) ;
#4415 = ORIENTED_EDGE ( 'NONE', *, *, #2788, .T. ) ;
#4416 = ADVANCED_FACE ( 'NONE', ( #2213 ), #675, .F. ) ;
#4417 = DIRECTION ( 'NONE',  ( -0.000000000000000000, -0.000000000000000000, -1.000000000000000000 ) ) ;
#4418 = CARTESIAN_POINT ( 'NONE',  ( 38.79250377865048449, 38.79382627202474509, 16.95533472047959833 ) ) ;
#4419 = EDGE_CURVE ( 'NONE', #4188, #119, #3354, .T. ) ;
#4420 = CARTESIAN_POINT ( 'NONE',  ( 38.83422313171968909, 38.82411741292509788, 17.00973472028886491 ) ) ;
#4421 = EDGE_CURVE ( 'NONE', #3570, #115, #3687, .T. ) ;
#4422 = ORIENTED_EDGE ( 'NONE', *, *, #2933, .F. ) ;
#4423 = CIRCLE ( 'NONE', #2664, 0.02935410264609947945 ) ;
#4424 = CARTESIAN_POINT ( 'NONE',  ( 38.79900990383556802, 38.84324564445261529, 16.95533472047959833 ) ) ;
#4425 = CARTESIAN_POINT ( 'NONE',  ( 38.79754873874584575, 38.82505093523274553, 16.99773472028886445 ) ) ;
#4426 = ORIENTED_EDGE ( 'NONE', *, *, #224, .T. ) ;
#4427 = AXIS2_PLACEMENT_3D ( 'NONE', #1100, #3443, #802 ) ;
#4428 = CYLINDRICAL_SURFACE ( 'NONE', #21, 0.001006105236832866012 ) ;
#4429 = CYLINDRICAL_SURFACE ( 'NONE', #1930, 0.02935410264610283093 ) ;
#4430 = VERTEX_POINT ( 'NONE', #4126 ) ;
#4431 = ORIENTED_EDGE ( 'NONE', *, *, #3061, .F. ) ;
#4432 = EDGE_CURVE ( 'NONE', #1420, #4843, #3707, .T. ) ;
#4433 = DIRECTION ( 'NONE',  ( -0.000000000000000000, -0.000000000000000000, -1.000000000000000000 ) ) ;
#4434 = DIRECTION ( 'NONE',  ( 0.000000000000000000, 0.000000000000000000, -1.000000000000000000 ) ) ;
#4435 = VERTEX_POINT ( 'NONE', #4462 ) ;
#4436 = CARTESIAN_POINT ( 'NONE',  ( 38.79578593523276453, 38.81588593523274255, 16.97053472028886389 ) ) ;
#4437 = EDGE_CURVE ( 'NONE', #2438, #1540, #788, .T. ) ;
#4438 = EDGE_CURVE ( 'NONE', #2849, #4849, #873, .T. ) ;
#4439 = LINE ( 'NONE', #1806, #2702 ) ;
#4440 = DIRECTION ( 'NONE',  ( -0.000000000000000000, -0.000000000000000000, 1.000000000000000000 ) ) ;
#4441 = VERTEX_POINT ( 'NONE', #1974 ) ;
#4442 = EDGE_CURVE ( 'NONE', #3444, #3407, #2910, .T. ) ;
#4443 = APPLICATION_CONTEXT ( 'automotive_design' ) ;
#4444 = CARTESIAN_POINT ( 'NONE',  ( 38.81588593523276387, 38.81588593523274255, 16.95533472047959833 ) ) ;
#4445 = ORIENTED_EDGE ( 'NONE', *, *, #3528, .T. ) ;
#4446 = AXIS2_PLACEMENT_3D ( 'NONE', #3975, #3256, #1770 ) ;
#4447 = CARTESIAN_POINT ( 'NONE',  ( 38.81102682208492638, 38.80296970438095627, 17.00373472028886468 ) ) ;
#4448 = AXIS2_PLACEMENT_3D ( 'NONE', #4616, #4181, #2266 ) ;
#4449 = ORIENTED_EDGE ( 'NONE', *, *, #4331, .F. ) ;
#4450 = ADVANCED_FACE ( 'NONE', ( #137 ), #3455, .T. ) ;
#4451 = CARTESIAN_POINT ( 'NONE',  ( 38.77741300560284543, 38.80949612884480615, 16.95533472047959833 ) ) ;
#4452 = AXIS2_PLACEMENT_3D ( 'NONE', #266, #1782, #3688 ) ;
#4453 = FACE_OUTER_BOUND ( 'NONE', #865, .T. ) ;
#4454 = ORIENTED_EDGE ( 'NONE', *, *, #2065, .T. ) ;
#4455 = CIRCLE ( 'NONE', #1513, 0.03600013749699044335 ) ;
#4456 = AXIS2_PLACEMENT_3D ( 'NONE', #4583, #1950, #4885 ) ;
#4457 = CARTESIAN_POINT ( 'NONE',  ( 38.81588593523276387, 38.81588593523274255, 16.96233472047959978 ) ) ;
#4458 = DIRECTION ( 'NONE',  ( 0.000000000000000000, -0.000000000000000000, -1.000000000000000000 ) ) ;
#4459 = ORIENTED_EDGE ( 'NONE', *, *, #4317, .T. ) ;
#4460 = AXIS2_PLACEMENT_3D ( 'NONE', #3281, #2866, #695 ) ;
#4461 = ORIENTED_EDGE ( 'NONE', *, *, #4349, .T. ) ;
#4462 = CARTESIAN_POINT ( 'NONE',  ( 38.80949612884482747, 38.85435886486266099, 16.96933472047959768 ) ) ;
#4463 = CARTESIAN_POINT ( 'NONE',  ( 38.83886919764830736, 38.83886924945239372, 16.95533472047959833 ) ) ;
#4464 = CARTESIAN_POINT ( 'NONE',  ( 38.85315773756224189, 38.82213470568841984, 16.95533472047959833 ) ) ;
#4465 = ADVANCED_FACE ( 'NONE', ( #4175 ), #526, .F. ) ;
#4466 = ORIENTED_EDGE ( 'NONE', *, *, #4530, .T. ) ;
#4467 = AXIS2_PLACEMENT_3D ( 'NONE', #303, #1777, #1017 ) ;
#4468 = DIRECTION ( 'NONE',  ( 0.000000000000000000, 0.000000000000000000, -1.000000000000000000 ) ) ;
#4469 = ORIENTED_EDGE ( 'NONE', *, *, #401, .F. ) ;
#4470 = CARTESIAN_POINT ( 'NONE',  ( 38.81588593523276387, 38.81588593523274255, 16.96933472047959768 ) ) ;
#4471 = AXIS2_PLACEMENT_3D ( 'NONE', #3112, #3510, #3206 ) ;
#4472 = EDGE_CURVE ( 'NONE', #1595, #2899, #3114, .T. ) ;
#4473 = DIRECTION ( 'NONE',  ( 0.000000000000000000, -0.000000000000000000, -1.000000000000000000 ) ) ;
#4474 = ORIENTED_EDGE ( 'NONE', *, *, #2311, .F. ) ;
#4475 = CIRCLE ( 'NONE', #2322, 0.001006105236833839843 ) ;
#4476 = DIRECTION ( 'NONE',  ( -0.000000000000000000, -0.000000000000000000, 1.000000000000000000 ) ) ;
#4477 = CARTESIAN_POINT ( 'NONE',  ( 38.84760863924662289, 38.83857218635611730, 16.96933472047959768 ) ) ;
#4478 = ORIENTED_EDGE ( 'NONE', *, *, #2519, .T. ) ;
#4479 = EDGE_CURVE ( 'NONE', #1712, #173, #502, .T. ) ;
#4480 = VECTOR ( 'NONE', #645, 1.000000000000000000 ) ;
#4481 = CARTESIAN_POINT ( 'NONE',  ( 38.80208593523276051, 38.81588593523274255, 16.96283472047959862 ) ) ;
#4482 = AXIS2_PLACEMENT_3D ( 'NONE', #2398, #3917, #536 ) ;
#4483 = FACE_OUTER_BOUND ( 'NONE', #1933, .T. ) ;
#4484 = ORIENTED_EDGE ( 'NONE', *, *, #2331, .T. ) ;
#4485 = ORIENTED_EDGE ( 'NONE', *, *, #800, .T. ) ;
#4486 = CARTESIAN_POINT ( 'NONE',  ( 38.85209255840199205, 38.83574975562039810, 16.96933472047959768 ) ) ;
#4487 = AXIS2_PLACEMENT_3D ( 'NONE', #1624, #3878, #1994 ) ;
#4488 = LINE ( 'NONE', #1739, #1510 ) ;
#4489 = CIRCLE ( 'NONE', #2419, 0.03600013749698897231 ) ;
#4490 = DIRECTION ( 'NONE',  ( -1.000000000000000000, 0.000000000000000000, 0.000000000000000000 ) ) ;
#4491 = ORIENTED_EDGE ( 'NONE', *, *, #2362, .F. ) ;
#4492 = CARTESIAN_POINT ( 'NONE',  ( 38.77459816958913308, 38.81678667374544034, 16.96933472047959768 ) ) ;
#4493 = EDGE_CURVE ( 'NONE', #816, #3036, #2763, .T. ) ;
#4494 = CARTESIAN_POINT ( 'NONE',  ( 38.80062974770679318, 38.78759100871776866, 16.95533472047959833 ) ) ;
#4495 = ORIENTED_EDGE ( 'NONE', *, *, #3228, .T. ) ;
#4496 = CARTESIAN_POINT ( 'NONE',  ( 38.81588593523276387, 38.81588593523274255, 16.96933472047959768 ) ) ;
#4497 = CARTESIAN_POINT ( 'NONE',  ( 38.79338593523276302, 38.81588593523274255, 16.97023472028886459 ) ) ;
#4498 = ORIENTED_EDGE ( 'NONE', *, *, #3599, .F. ) ;
#4499 = EDGE_CURVE ( 'NONE', #2090, #173, #3070, .T. ) ;
#4500 = PLANE ( 'NONE',  #3011 ) ;
#4501 = CARTESIAN_POINT ( 'NONE',  ( 38.81682107926579306, 38.84801815415590909, 16.96933472047959768 ) ) ;
#4502 = VERTEX_POINT ( 'NONE', #4258 ) ;
#4503 = CIRCLE ( 'NONE', #1967, 0.002249999999999715769 ) ;
#4504 = ADVANCED_FACE ( 'NONE', ( #844, #4283 ), #2365, .T. ) ;
#4505 = DIRECTION ( 'NONE',  ( -0.000000000000000000, -0.000000000000000000, -1.000000000000000000 ) ) ;
#4506 = DIRECTION ( 'NONE',  ( -0.000000000000000000, -0.000000000000000000, 1.000000000000000000 ) ) ;
#4507 = ORIENTED_EDGE ( 'NONE', *, *, #3980, .T. ) ;
#4508 = CARTESIAN_POINT ( 'NONE',  ( 38.80949619811602957, 38.77741299409792930, 16.96933472047959768 ) ) ;
#4509 = DIRECTION ( 'NONE',  ( -0.000000000000000000, -0.000000000000000000, -1.000000000000000000 ) ) ;
#4510 = CARTESIAN_POINT ( 'NONE',  ( 38.78588590410018355, 38.81588593523274255, 16.97023472028886459 ) ) ;
#4511 = VERTEX_POINT ( 'NONE', #3804 ) ;
#4512 = LINE ( 'NONE', #3839, #2612 ) ;
#4513 = DIRECTION ( 'NONE',  ( -0.2588190451011160298, 0.9659258262894446778, 0.000000000000000000 ) ) ;
#4514 = ORIENTED_EDGE ( 'NONE', *, *, #3491, .F. ) ;
#4515 = DIRECTION ( 'NONE',  ( 0.000000000000000000, 0.000000000000000000, -1.000000000000000000 ) ) ;
#4516 = DIRECTION ( 'NONE',  ( 0.000000000000000000, -0.000000000000000000, -1.000000000000000000 ) ) ;
#4517 = ORIENTED_EDGE ( 'NONE', *, *, #4217, .T. ) ;
#4518 = CIRCLE ( 'NONE', #2284, 0.03899994794847572166 ) ;
#4519 = CARTESIAN_POINT ( 'NONE',  ( 38.84665962737027201, 38.79394933902180753, 16.96933472047959768 ) ) ;
#4520 = DIRECTION ( 'NONE',  ( 0.8660254037867568533, 0.4999999999959848784, 0.000000000000000000 ) ) ;
#4521 = ORIENTED_EDGE ( 'NONE', *, *, #4748, .F. ) ;
#4522 = CIRCLE ( 'NONE', #888, 0.03899994794847572166 ) ;
#4523 = ADVANCED_FACE ( 'NONE', ( #1918 ), #2026, .T. ) ;
#4524 = ORIENTED_EDGE ( 'NONE', *, *, #1322, .F. ) ;
#4525 = AXIS2_PLACEMENT_3D ( 'NONE', #3575, #615, #1349 ) ;
#4526 = DIRECTION ( 'NONE',  ( 0.000000000000000000, 0.000000000000000000, 1.000000000000000000 ) ) ;
#4527 = DIRECTION ( 'NONE',  ( 0.000000000000000000, 0.000000000000000000, -1.000000000000000000 ) ) ;
#4528 = VERTEX_POINT ( 'NONE', #3084 ) ;
#4529 = CARTESIAN_POINT ( 'NONE',  ( 38.83113143729586625, 38.84403461804295432, 16.96933472047959768 ) ) ;
#4530 = EDGE_CURVE ( 'NONE', #3778, #3570, #3379, .T. ) ;
#4531 = DIRECTION ( 'NONE',  ( -1.000000000000000000, 0.000000000000000000, 0.000000000000000000 ) ) ;
#4532 = AXIS2_PLACEMENT_3D ( 'NONE', #2215, #3734, #3356 ) ;
#4533 = LINE ( 'NONE', #2591, #3208 ) ;
#4534 = EDGE_CURVE ( 'NONE', #3411, #3217, #4503, .T. ) ;
#4535 = ORIENTED_EDGE ( 'NONE', *, *, #4632, .T. ) ;
#4536 = DIRECTION ( 'NONE',  ( -1.000000000000000000, 0.000000000000000000, 0.000000000000000000 ) ) ;
#4537 = CYLINDRICAL_SURFACE ( 'NONE', #2164, 0.001006105236832866012 ) ;
#4538 = VERTEX_POINT ( 'NONE', #428 ) ;
#4539 = DIRECTION ( 'NONE',  ( -0.000000000000000000, -0.000000000000000000, -1.000000000000000000 ) ) ;
#4540 = ORIENTED_EDGE ( 'NONE', *, *, #2513, .F. ) ;
#4541 = DIRECTION ( 'NONE',  ( -0.000000000000000000, -0.000000000000000000, 1.000000000000000000 ) ) ;
#4542 = CIRCLE ( 'NONE', #599, 0.001006105236832866012 ) ;
#4543 = EDGE_LOOP ( 'NONE', ( #3753, #4245, #1839, #2448 ) ) ;
#4544 = ORIENTED_EDGE ( 'NONE', *, *, #128, .F. ) ;
#4545 = CARTESIAN_POINT ( 'NONE',  ( 38.77967931206353569, 38.79602211484508700, 16.96933472047959768 ) ) ;
#4546 = AXIS2_PLACEMENT_3D ( 'NONE', #478, #571, #107 ) ;
#4547 = LINE ( 'NONE', #2656, #525 ) ;
#4548 = ORIENTED_EDGE ( 'NONE', *, *, #4225, .F. ) ;
#4549 = ORIENTED_EDGE ( 'NONE', *, *, #1643, .T. ) ;
#4550 = CIRCLE ( 'NONE', #289, 0.03600013749699304544 ) ;
#4551 = CARTESIAN_POINT ( 'NONE',  ( 38.82213470568844116, 38.77861413290326453, 16.96933472047959768 ) ) ;
#4552 = EDGE_CURVE ( 'NONE', #4511, #4692, #2716, .T. ) ;
#4553 = CARTESIAN_POINT ( 'NONE',  ( 38.78732799447651303, 38.84571771260979745, 16.96933472047959768 ) ) ;
#4554 = VERTEX_POINT ( 'NONE', #3428 ) ;
#4555 = CIRCLE ( 'NONE', #3918, 0.001006105236833839843 ) ;
#4556 = CARTESIAN_POINT ( 'NONE',  ( 38.84838921327944661, 38.81588597186377854, 16.96933472047959768 ) ) ;
#4557 = AXIS2_PLACEMENT_3D ( 'NONE', #1560, #466, #4593 ) ;
#4558 = CYLINDRICAL_SURFACE ( 'NONE', #3331, 0.002249999999999715769 ) ;
#4559 = EDGE_CURVE ( 'NONE', #68, #4188, #557, .T. ) ;
#4560 = CARTESIAN_POINT ( 'NONE',  ( 38.84065608046677198, 38.84600961105542893, 16.95533472047959833 ) ) ;
#4561 = CIRCLE ( 'NONE', #1944, 0.01380000000000336513 ) ;
#4562 = ORIENTED_EDGE ( 'NONE', *, *, #3521, .T. ) ;
#4563 = DIRECTION ( 'NONE',  ( -0.000000000000000000, 0.000000000000000000, -1.000000000000000000 ) ) ;
#4564 = EDGE_CURVE ( 'NONE', #1466, #3305, #4827, .T. ) ;
#4565 = CIRCLE ( 'NONE', #3689, 0.001006105236834714794 ) ;
#4566 = CARTESIAN_POINT ( 'NONE',  ( 38.83993343035454160, 38.78673199279841555, 16.96933472047959768 ) ) ;
#4567 = VERTEX_POINT ( 'NONE', #84 ) ;
#4568 = CARTESIAN_POINT ( 'NONE',  ( 38.82446231894323319, 38.82669745276376005, 17.00473339216439328 ) ) ;
#4569 = FACE_OUTER_BOUND ( 'NONE', #1148, .T. ) ;
#4570 = ORIENTED_EDGE ( 'NONE', *, *, #2362, .T. ) ;
#4571 = DIRECTION ( 'NONE',  ( 0.000000000000000000, 0.000000000000000000, -1.000000000000000000 ) ) ;
#4572 = ORIENTED_EDGE ( 'NONE', *, *, #3708, .T. ) ;
#4573 = CARTESIAN_POINT ( 'NONE',  ( 38.78037771343635853, 38.83201547722379132, 16.95533472047959833 ) ) ;
#4574 = LINE ( 'NONE', #3448, #2019 ) ;
#4575 = ORIENTED_EDGE ( 'NONE', *, *, #563, .F. ) ;
#4576 = CIRCLE ( 'NONE', #1872, 0.03899994794847572166 ) ;
#4577 = VERTEX_POINT ( 'NONE', #1576 ) ;
#4578 = DIRECTION ( 'NONE',  ( -0.000000000000000000, 0.000000000000000000, -1.000000000000000000 ) ) ;
#4579 = DIRECTION ( 'NONE',  ( 1.000000000000000000, 0.000000000000000000, 0.000000000000000000 ) ) ;
#4580 = VERTEX_POINT ( 'NONE', #969 ) ;
#4581 = CARTESIAN_POINT ( 'NONE',  ( 38.83299165630190686, 38.82718391322460150, 17.00973472028886491 ) ) ;
#4582 = EDGE_CURVE ( 'NONE', #507, #2166, #2787, .T. ) ;
#4583 = CARTESIAN_POINT ( 'NONE',  ( 38.84665962737027201, 38.79394933902180753, 16.95533472047959833 ) ) ;
#4584 = VECTOR ( 'NONE', #1813, 1.000000000000000000 ) ;
#4585 = CARTESIAN_POINT ( 'NONE',  ( 38.82156307788986993, 38.82846468896665471, 17.00194604223242578 ) ) ;
#4586 = CARTESIAN_POINT ( 'NONE',  ( 38.79975613979437554, 38.85128864812273974, 16.95533472047959833 ) ) ;
#4587 = EDGE_LOOP ( 'NONE', ( #531, #1897, #162, #1564 ) ) ;
#4588 = EDGE_CURVE ( 'NONE', #3664, #147, #4737, .T. ) ;
#4589 = EDGE_CURVE ( 'NONE', #4389, #2297, #1075, .T. ) ;
#4590 = CARTESIAN_POINT ( 'NONE',  ( 38.83422313171968909, 38.80765445754038723, 17.00973472028886491 ) ) ;
#4591 = FACE_OUTER_BOUND ( 'NONE', #2954, .T. ) ;
#4592 = ORIENTED_EDGE ( 'NONE', *, *, #2137, .T. ) ;
#4593 = DIRECTION ( 'NONE',  ( -1.000000000000000000, 0.000000000000000000, 0.000000000000000000 ) ) ;
#4594 = ORIENTED_EDGE ( 'NONE', *, *, #4582, .F. ) ;
#4595 = CARTESIAN_POINT ( 'NONE',  ( 38.78759100871778998, 38.83114212275871324, 16.96933472047959768 ) ) ;
#4596 = EDGE_CURVE ( 'NONE', #1999, #2929, #3705, .T. ) ;
#4597 = ORIENTED_EDGE ( 'NONE', *, *, #1714, .T. ) ;
#4598 = DIRECTION ( 'NONE',  ( 0.000000000000000000, 0.000000000000000000, -1.000000000000000000 ) ) ;
#4599 = DIRECTION ( 'NONE',  ( -0.000000000000000000, 0.000000000000000000, -1.000000000000000000 ) ) ;
#4600 = CARTESIAN_POINT ( 'NONE',  ( 38.85239937284425338, 38.80218320507500351, 16.96933472047959768 ) ) ;
#4601 = VERTEX_POINT ( 'NONE', #3209 ) ;
#4602 = EDGE_CURVE ( 'NONE', #1874, #583, #4385, .T. ) ;
#4603 = ORIENTED_EDGE ( 'NONE', *, *, #4693, .F. ) ;
#4604 = DIRECTION ( 'NONE',  ( -0.000000000000000000, -0.000000000000000000, -1.000000000000000000 ) ) ;
#4605 = CARTESIAN_POINT ( 'NONE',  ( 38.81588593523276387, 38.81588593523274255, 16.96933472047959768 ) ) ;
#4606 = AXIS2_PLACEMENT_3D ( 'NONE', #1617, #3470, #3415 ) ;
#4607 = CARTESIAN_POINT ( 'NONE',  ( 38.81588593523276387, 38.81588593523274255, 16.99773472028886445 ) ) ;
#4608 = CIRCLE ( 'NONE', #1040, 0.03600013749699115806 ) ;
#4609 = ORIENTED_EDGE ( 'NONE', *, *, #1862, .T. ) ;
#4610 = CARTESIAN_POINT ( 'NONE',  ( 38.83857218635613862, 38.78416323121888354, 16.96933472047959768 ) ) ;
#4611 = CARTESIAN_POINT ( 'NONE',  ( 38.78576230400921077, 38.79111573576057026, 16.96933472047959768 ) ) ;
#4612 = DIRECTION ( 'NONE',  ( -0.000000000000000000, -0.000000000000000000, -1.000000000000000000 ) ) ;
#4613 = FACE_OUTER_BOUND ( 'NONE', #712, .T. ) ;
#4614 = ORIENTED_EDGE ( 'NONE', *, *, #3597, .T. ) ;
#4615 = CIRCLE ( 'NONE', #2226, 0.03600013749699115806 ) ;
#4616 = CARTESIAN_POINT ( 'NONE',  ( 38.84728168145630178, 38.82429843800235147, 16.96933472047959768 ) ) ;
#4617 = CARTESIAN_POINT ( 'NONE',  ( 38.84838921327944661, 38.81588597186377854, 16.96933472047959768 ) ) ;
#4618 = ORIENTED_EDGE ( 'NONE', *, *, #4438, .T. ) ;
#4619 = CARTESIAN_POINT ( 'NONE',  ( 38.80756955507948192, 38.80487282014522776, 17.00522092760944659 ) ) ;
#4620 = EDGE_CURVE ( 'NONE', #17, #1519, #1099, .T. ) ;
#4621 = CARTESIAN_POINT ( 'NONE',  ( 38.81588593523276387, 38.81588593523274255, 16.96933472047959768 ) ) ;
#4622 = EDGE_LOOP ( 'NONE', ( #566, #1866, #3423, #879 ) ) ;
#4623 = CARTESIAN_POINT ( 'NONE',  ( 38.84627559518108342, 38.80747350322886291, 16.95533472047959833 ) ) ;
#4624 = DIRECTION ( 'NONE',  ( -0.000000000000000000, 0.000000000000000000, -1.000000000000000000 ) ) ;
#4625 = DIRECTION ( 'NONE',  ( -0.000000000000000000, -0.000000000000000000, -1.000000000000000000 ) ) ;
#4626 = EDGE_LOOP ( 'NONE', ( #1298, #3103 ) ) ;
#4627 = VERTEX_POINT ( 'NONE', #4709 ) ;
#4628 = CARTESIAN_POINT ( 'NONE',  ( 38.82968593523276724, 38.81588593523274255, 16.96283472047959862 ) ) ;
#4629 = CIRCLE ( 'NONE', #673, 0.03600013749699166460 ) ;
#4630 = VECTOR ( 'NONE', #2515, 1.000000000000000000 ) ;
#4631 = CARTESIAN_POINT ( 'NONE',  ( 38.81682115252785792, 38.78375371630957602, 16.95533472047959833 ) ) ;
#4632 = EDGE_CURVE ( 'NONE', #2450, #3435, #3587, .T. ) ;
#4633 = DIRECTION ( 'NONE',  ( 0.000000000000000000, 0.000000000000000000, -1.000000000000000000 ) ) ;
#4634 = ORIENTED_EDGE ( 'NONE', *, *, #60, .F. ) ;
#4635 = AXIS2_PLACEMENT_3D ( 'NONE', #4360, #1654, #1311 ) ;
#4636 = DIRECTION ( 'NONE',  ( 0.000000000000000000, 0.000000000000000000, -1.000000000000000000 ) ) ;
#4637 = CARTESIAN_POINT ( 'NONE',  ( 38.81210048733874629, 38.77707013530248759, 16.96933472047959768 ) ) ;
#4638 = AXIS2_PLACEMENT_3D ( 'NONE', #1491, #1124, #2629 ) ;
#4639 = DIRECTION ( 'NONE',  ( -1.000000000000000000, 0.000000000000000000, 0.000000000000000000 ) ) ;
#4640 = DIRECTION ( 'NONE',  ( -0.000000000000000000, -0.000000000000000000, -1.000000000000000000 ) ) ;
#4641 = ORIENTED_EDGE ( 'NONE', *, *, #3328, .T. ) ;
#4642 = AXIS2_PLACEMENT_3D ( 'NONE', #1836, #2202, #705 ) ;
#4643 = DIRECTION ( 'NONE',  ( 0.000000000000000000, -0.000000000000000000, 1.000000000000000000 ) ) ;
#4644 = ORIENTED_EDGE ( 'NONE', *, *, #2944, .F. ) ;
#4645 = CIRCLE ( 'NONE', #535, 0.02100000000000079581 ) ;
#4646 = CARTESIAN_POINT ( 'NONE',  ( 38.82968593523276724, 38.81588593523274255, 17.00973472028886491 ) ) ;
#4647 = EDGE_LOOP ( 'NONE', ( #4276, #1330, #4449, #835 ) ) ;
#4648 = AXIS2_PLACEMENT_3D ( 'NONE', #3178, #4705, #1308 ) ;
#4649 = EDGE_CURVE ( 'NONE', #2255, #2087, #4353, .T. ) ;
#4650 = CYLINDRICAL_SURFACE ( 'NONE', #498, 0.03899994794847572166 ) ;
#4651 = DIRECTION ( 'NONE',  ( 0.2588190451017443605, 0.9659258262892763680, 0.000000000000000000 ) ) ;
#4652 = CARTESIAN_POINT ( 'NONE',  ( 38.79290267281721327, 38.79290262101309139, 16.95533472047959833 ) ) ;
#4653 = ORIENTED_EDGE ( 'NONE', *, *, #3627, .F. ) ;
#4654 = EDGE_CURVE ( 'NONE', #1958, #3353, #480, .T. ) ;
#4655 = DIRECTION ( 'NONE',  ( 0.000000000000000000, -0.000000000000000000, -1.000000000000000000 ) ) ;
#4656 = DIRECTION ( 'NONE',  ( 1.000000000000000000, 0.000000000000000000, 0.000000000000000000 ) ) ;
#4657 = DIRECTION ( 'NONE',  ( -1.000000000000000000, 0.000000000000000000, 0.000000000000000000 ) ) ;
#4658 = DIRECTION ( 'NONE',  ( 0.000000000000000000, 0.000000000000000000, -1.000000000000000000 ) ) ;
#4659 = ADVANCED_FACE ( 'NONE', ( #3614, #316 ), #2943, .F. ) ;
#4660 = CARTESIAN_POINT ( 'NONE',  ( 38.85599998265945487, 38.82570194871889413, 16.96933472047959768 ) ) ;
#4661 = AXIS2_PLACEMENT_3D ( 'NONE', #2732, #2355, #2014 ) ;
#4662 = VERTEX_POINT ( 'NONE', #1731 ) ;
#4663 = CARTESIAN_POINT ( 'NONE',  ( 38.83857212923881264, 38.84760868009354340, 16.96933472047959768 ) ) ;
#4664 = DIRECTION ( 'NONE',  ( -1.000000000000000000, 0.000000000000000000, 0.000000000000000000 ) ) ;
#4665 = ORIENTED_EDGE ( 'NONE', *, *, #3863, .F. ) ;
#4666 = AXIS2_PLACEMENT_3D ( 'NONE', #4486, #3326, #2563 ) ;
#4667 = LINE ( 'NONE', #3146, #1688 ) ;
#4668 = ORIENTED_EDGE ( 'NONE', *, *, #1387, .T. ) ;
#4669 = DIRECTION ( 'NONE',  ( 0.000000000000000000, 0.000000000000000000, -1.000000000000000000 ) ) ;
#4670 = CARTESIAN_POINT ( 'NONE',  ( 38.81588593523276387, 38.81588593523274255, 16.97023472028886459 ) ) ;
#4671 = ORIENTED_EDGE ( 'NONE', *, *, #113, .T. ) ;
#4672 = DIRECTION ( 'NONE',  ( -1.000000000000000000, 0.000000000000000000, 0.000000000000000000 ) ) ;
#4673 = ORIENTED_EDGE ( 'NONE', *, *, #4437, .T. ) ;
#4674 = DIRECTION ( 'NONE',  ( -0.4999999999959848784, 0.8660254037867568533, 0.000000000000000000 ) ) ;
#4675 = DIRECTION ( 'NONE',  ( 0.000000000000000000, 0.000000000000000000, 1.000000000000000000 ) ) ;
#4676 = VERTEX_POINT ( 'NONE', #3317 ) ;
#4677 = CARTESIAN_POINT ( 'NONE',  ( 38.78509064716617871, 38.80666615447550072, 16.95533472047959833 ) ) ;
#4678 = DIRECTION ( 'NONE',  ( -0.000000000000000000, 0.000000000000000000, -1.000000000000000000 ) ) ;
#4679 = CARTESIAN_POINT ( 'NONE',  ( 38.81588593523276387, 38.81588593523274255, 16.96933472047959768 ) ) ;
#4680 = ORIENTED_EDGE ( 'NONE', *, *, #1302, .T. ) ;
#4681 = ADVANCED_FACE ( 'NONE', ( #1286 ), #4762, .F. ) ;
#4682 = CARTESIAN_POINT ( 'NONE',  ( 38.83438593523277405, 38.81588593523274255, 16.96283472047959862 ) ) ;
#4683 = FACE_OUTER_BOUND ( 'NONE', #3629, .T. ) ;
#4684 = VERTEX_POINT ( 'NONE', #1313 ) ;
#4685 = DIRECTION ( 'NONE',  ( 0.000000000000000000, 0.000000000000000000, -1.000000000000000000 ) ) ;
#4686 = CARTESIAN_POINT ( 'NONE',  ( 38.81588593523276387, 38.81588593523274255, 16.96233472047959978 ) ) ;
#4687 = ORIENTED_EDGE ( 'NONE', *, *, #3597, .F. ) ;
#4688 = AXIS2_PLACEMENT_3D ( 'NONE', #4375, #961, #254 ) ;
#4689 = DIRECTION ( 'NONE',  ( -1.000000000000000000, 0.000000000000000000, 0.000000000000000000 ) ) ;
#4690 = AXIS2_PLACEMENT_3D ( 'NONE', #4793, #3288, #3308 ) ;
#4691 = UNCERTAINTY_MEASURE_WITH_UNIT (LENGTH_MEASURE( 1.000000000000000082E-05 ), #3777, 'distance_accuracy_value', 'NONE');
#4692 = VERTEX_POINT ( 'NONE', #1359 ) ;
#4693 = EDGE_CURVE ( 'NONE', #1093, #4740, #1881, .T. ) ;
#4694 = CIRCLE ( 'NONE', #3896, 0.02935410264609930597 ) ;
#4695 = CARTESIAN_POINT ( 'NONE',  ( 38.82700309063473298, 38.83064141322459761, 17.00373472028886468 ) ) ;
#4696 = DIRECTION ( 'NONE',  ( 1.000000000000000000, 0.000000000000000000, 0.000000000000000000 ) ) ;
#4697 = ORIENTED_EDGE ( 'NONE', *, *, #2999, .T. ) ;
#4698 = FACE_BOUND ( 'NONE', #2084, .T. ) ;
#4699 = AXIS2_PLACEMENT_3D ( 'NONE', #4340, #2028, #3484 ) ;
#4700 = CARTESIAN_POINT ( 'NONE',  ( 38.84239761961923421, 38.86180551958434393, 17.00373472028886468 ) ) ;
#4701 = DIRECTION ( 'NONE',  ( 0.000000000000000000, 0.000000000000000000, -1.000000000000000000 ) ) ;
#4702 = CIRCLE ( 'NONE', #431, 0.03899994794847572166 ) ;
#4703 = CARTESIAN_POINT ( 'NONE',  ( 38.78509062820456421, 38.82510564522426222, 16.96933472047959768 ) ) ;
#4704 = VERTEX_POINT ( 'NONE', #2203 ) ;
#4705 = DIRECTION ( 'NONE',  ( 0.000000000000000000, 0.000000000000000000, -1.000000000000000000 ) ) ;
#4706 = FACE_OUTER_BOUND ( 'NONE', #3451, .T. ) ;
#4707 = CYLINDRICAL_SURFACE ( 'NONE', #3603, 0.03600013749699115806 ) ;
#4708 = VERTEX_POINT ( 'NONE', #2071 ) ;
#4709 = CARTESIAN_POINT ( 'NONE',  ( 38.77707013530250890, 38.81967138312676013, 16.95533472047959833 ) ) ;
#4710 = AXIS2_PLACEMENT_3D ( 'NONE', #2076, #2696, #4210 ) ;
#4711 = ADVANCED_FACE ( 'NONE', ( #3956 ), #2814, .T. ) ;
#4712 = CARTESIAN_POINT ( 'NONE',  ( 38.77707014211834036, 38.81210041745019623, 16.96933472047959768 ) ) ;
#4713 = CYLINDRICAL_SURFACE ( 'NONE', #1378, 0.001006105236832866012 ) ;
#4714 = VERTEX_POINT ( 'NONE', #622 ) ;
#4715 = FACE_OUTER_BOUND ( 'NONE', #1492, .T. ) ;
#4716 = CIRCLE ( 'NONE', #4471, 0.03899994794847572166 ) ;
#4717 = CARTESIAN_POINT ( 'NONE',  ( 38.80747350322888423, 38.78449017004759014, 16.96933472047959768 ) ) ;
#4718 = ORIENTED_EDGE ( 'NONE', *, *, #681, .F. ) ;
#4719 = CIRCLE ( 'NONE', #451, 0.03600013749698843801 ) ;
#4720 = EDGE_CURVE ( 'NONE', #2281, #325, #3717, .T. ) ;
#4721 = DIRECTION ( 'NONE',  ( 0.5000000000001085798, -0.8660254037843760910, 0.000000000000000000 ) ) ;
#4722 = VERTEX_POINT ( 'NONE', #3934 ) ;
#4723 = CARTESIAN_POINT ( 'NONE',  ( 38.82329908567867705, 38.78460656203321832, 16.96933472047959768 ) ) ;
#4724 = AXIS2_PLACEMENT_3D ( 'NONE', #89, #4264, #2344 ) ;
#4725 = AXIS2_PLACEMENT_3D ( 'NONE', #389, #1440, #3716 ) ;
#4726 = ORIENTED_EDGE ( 'NONE', *, *, #3584, .F. ) ;
#4727 = CARTESIAN_POINT ( 'NONE',  ( 38.83156843628661647, 38.78150143957275731, 16.95533472047959833 ) ) ;
#4728 = EDGE_CURVE ( 'NONE', #2592, #2157, #4900, .T. ) ;
#4729 = AXIS2_PLACEMENT_3D ( 'NONE', #4036, #226, #2826 ) ;
#4730 = LINE ( 'NONE', #4041, #3345 ) ;
#4731 = DIRECTION ( 'NONE',  ( 0.000000000000000000, 0.000000000000000000, -1.000000000000000000 ) ) ;
#4732 = VERTEX_POINT ( 'NONE', #210 ) ;
#4733 = DIRECTION ( 'NONE',  ( -0.7071067811846725171, 0.7071067811884226284, 0.000000000000000000 ) ) ;
#4734 = CARTESIAN_POINT ( 'NONE',  ( 38.82744204190321113, 38.85553372609595613, 16.96933472047959768 ) ) ;
#4735 = AXIS2_PLACEMENT_3D ( 'NONE', #1269, #4315, #4664 ) ;
#4736 = CARTESIAN_POINT ( 'NONE',  ( 38.79578593523276453, 38.81588593523274255, 17.00973472028886491 ) ) ;
#4737 = LINE ( 'NONE', #3979, #2590 ) ;
#4738 = CYLINDRICAL_SURFACE ( 'NONE', #2541, 0.001006105236832866012 ) ;
#4739 = CARTESIAN_POINT ( 'NONE',  ( 38.81711741065054611, 38.79542295724088063, 16.99773472028886445 ) ) ;
#4740 = VERTEX_POINT ( 'NONE', #3047 ) ;
#4741 = DIRECTION ( 'NONE',  ( 0.000000000000000000, 0.000000000000000000, -1.000000000000000000 ) ) ;
#4742 = AXIS2_PLACEMENT_3D ( 'NONE', #1275, #97, #4672 ) ;
#4743 = CYLINDRICAL_SURFACE ( 'NONE', #1934, 0.03899994794847572166 ) ;
#4744 = VERTEX_POINT ( 'NONE', #4187 ) ;
#4745 = DIRECTION ( 'NONE',  ( -1.000000000000000000, 0.000000000000000000, 0.000000000000000000 ) ) ;
#4746 = ORIENTED_EDGE ( 'NONE', *, *, #1862, .F. ) ;
#4747 = CARTESIAN_POINT ( 'NONE',  ( 38.81060026107203242, 38.80313661553365989, 17.00511984052184289 ) ) ;
#4748 = EDGE_CURVE ( 'NONE', #4714, #119, #3781, .T. ) ;
#4749 = EDGE_CURVE ( 'NONE', #3693, #957, #2270, .T. ) ;
#4750 = ORIENTED_EDGE ( 'NONE', *, *, #1173, .F. ) ;
#4751 = VECTOR ( 'NONE', #3859, 1.000000000000000000 ) ;
#4752 = CARTESIAN_POINT ( 'NONE',  ( 38.82911024244047837, 38.85128864812273974, 16.96933472047959768 ) ) ;
#4753 = ORIENTED_EDGE ( 'NONE', *, *, #3957, .F. ) ;
#4754 = DIRECTION ( 'NONE',  ( 1.000000000000000000, 0.000000000000000000, 0.000000000000000000 ) ) ;
#4755 = EDGE_CURVE ( 'NONE', #4554, #1835, #2831, .T. ) ;
#4756 = VERTEX_POINT ( 'NONE', #3417 ) ;
#4757 = CARTESIAN_POINT ( 'NONE',  ( 38.82074504838060136, 38.82880216608452173, 17.00373472028886468 ) ) ;
#4758 = CARTESIAN_POINT ( 'NONE',  ( 38.78375371630959734, 38.81682107926577174, 16.96933472047959768 ) ) ;
#4759 = PLANE ( 'NONE',  #3751 ) ;
#4760 = ADVANCED_FACE ( 'NONE', ( #4113 ), #3845, .F. ) ;
#4761 = ORIENTED_EDGE ( 'NONE', *, *, #4179, .T. ) ;
#4762 = CYLINDRICAL_SURFACE ( 'NONE', #709, 0.001006105236832866012 ) ;
#4763 = DIRECTION ( 'NONE',  ( 0.9659258262892763680, 0.2588190451017443605, 0.000000000000000000 ) ) ;
#4764 = LINE ( 'NONE', #4011, #4630 ) ;
#4765 = VERTEX_POINT ( 'NONE', #4595 ) ;
#4766 = CARTESIAN_POINT ( 'NONE',  ( 38.80432982856231661, 38.77623814436952898, 16.95533472047959833 ) ) ;
#4767 = DIRECTION ( 'NONE',  ( -0.000000000000000000, -0.000000000000000000, -1.000000000000000000 ) ) ;
#4768 = ORIENTED_EDGE ( 'NONE', *, *, #947, .F. ) ;
#4769 = CIRCLE ( 'NONE', #3247, 0.001006105236834714794 ) ;
#4770 = CARTESIAN_POINT ( 'NONE',  ( 38.78673199279843686, 38.79183844011096483, 16.96933472047959768 ) ) ;
#4771 = ORIENTED_EDGE ( 'NONE', *, *, #3034, .F. ) ;
#4772 = DIRECTION ( 'NONE',  ( -0.000000000000000000, -0.000000000000000000, -1.000000000000000000 ) ) ;
#4773 = VECTOR ( 'NONE', #594, 1.000000000000000000 ) ;
#4774 = ORIENTED_EDGE ( 'NONE', *, *, #2300, .T. ) ;
#4775 = EDGE_CURVE ( 'NONE', #2559, #2224, #3456, .T. ) ;
#4776 = CARTESIAN_POINT ( 'NONE',  ( 38.79900990383556802, 38.84324564445261529, 16.96933472047959768 ) ) ;
#4777 = ORIENTED_EDGE ( 'NONE', *, *, #2195, .T. ) ;
#4778 = DIRECTION ( 'NONE',  ( -0.8660254037867568533, 0.4999999999959848784, 0.000000000000000000 ) ) ;
#4779 = AXIS2_PLACEMENT_3D ( 'NONE', #3393, #15, #1509 ) ;
#4780 = VERTEX_POINT ( 'NONE', #3790 ) ;
#4781 = CARTESIAN_POINT ( 'NONE',  ( 38.80218313933195162, 38.85239934817216323, 16.96933472047959768 ) ) ;
#4782 = CIRCLE ( 'NONE', #4532, 0.02935410264609803963 ) ;
#4783 = ADVANCED_FACE ( 'NONE', ( #38 ), #3341, .T. ) ;
#4784 = CARTESIAN_POINT ( 'NONE',  ( 38.79111573576059158, 38.84600956645628855, 16.96933472047959768 ) ) ;
#4785 = CARTESIAN_POINT ( 'NONE',  ( 38.78588590410018355, 38.81588593523274255, 16.97053472028886389 ) ) ;
#4786 = ORIENTED_EDGE ( 'NONE', *, *, #3186, .F. ) ;
#4787 = EDGE_CURVE ( 'NONE', #3664, #17, #2583, .T. ) ;
#4788 = DIRECTION ( 'NONE',  ( -0.000000000000000000, -0.000000000000000000, 1.000000000000000000 ) ) ;
#4789 = CARTESIAN_POINT ( 'NONE',  ( 38.78058005057622637, 38.83730988048871779, 17.03813472353135694 ) ) ;
#4790 = ORIENTED_EDGE ( 'NONE', *, *, #4749, .F. ) ;
#4791 = AXIS2_PLACEMENT_3D ( 'NONE', #7, #703, #1529 ) ;
#4792 = DIRECTION ( 'NONE',  ( -0.000000000000000000, -0.000000000000000000, -1.000000000000000000 ) ) ;
#4793 = CARTESIAN_POINT ( 'NONE',  ( 38.79446198997678863, 38.78058005057620505, 16.96933472047959768 ) ) ;
#4794 = CIRCLE ( 'NONE', #2950, 0.001006105236832866012 ) ;
#4795 = CARTESIAN_POINT ( 'NONE',  ( 38.80911347264569855, 38.80386113377959134, 17.00598481123033423 ) ) ;
#4796 = ORIENTED_EDGE ( 'NONE', *, *, #1268, .F. ) ;
#4797 = CIRCLE ( 'NONE', #3605, 0.02250000000000085265 ) ;
#4798 = CARTESIAN_POINT ( 'NONE',  ( 38.81498519672006609, 38.77459816958911176, 16.95533472047959833 ) ) ;
#4799 = ORIENTED_EDGE ( 'NONE', *, *, #3074, .F. ) ;
#4800 = AXIS2_PLACEMENT_3D ( 'NONE', #887, #4625, #3901 ) ;
#4801 = CARTESIAN_POINT ( 'NONE',  ( 38.81210041745021755, 38.85470172834716607, 16.95533472047959833 ) ) ;
#4802 = EDGE_CURVE ( 'NONE', #4147, #2438, #309, .T. ) ;
#4803 = EDGE_LOOP ( 'NONE', ( #1229, #4135 ) ) ;
#4804 = VECTOR ( 'NONE', #858, 1.000000000000000000 ) ;
#4805 = CYLINDRICAL_SURFACE ( 'NONE', #1361, 0.001006105236832866012 ) ;
#4806 = LINE ( 'NONE', #1816, #1619 ) ;
#4807 = VERTEX_POINT ( 'NONE', #1534 ) ;
#4808 = ORIENTED_EDGE ( 'NONE', *, *, #3182, .T. ) ;
#4809 = AXIS2_PLACEMENT_3D ( 'NONE', #4886, #1479, #1112 ) ;
#4810 = AXIS2_PLACEMENT_3D ( 'NONE', #1155, #2660, #4879 ) ;
#4811 = EDGE_CURVE ( 'NONE', #1032, #18, #473, .T. ) ;
#4812 = ADVANCED_FACE ( 'NONE', ( #3768 ), #392, .F. ) ;
#4813 = AXIS2_PLACEMENT_3D ( 'NONE', #3240, #4390, #4014 ) ;
#4814 = FACE_OUTER_BOUND ( 'NONE', #73, .T. ) ;
#4815 = CARTESIAN_POINT ( 'NONE',  ( 38.81588593523276387, 38.81588593523274255, 16.96933472047959768 ) ) ;
#4816 = ORIENTED_EDGE ( 'NONE', *, *, #623, .T. ) ;
#4817 = EDGE_CURVE ( 'NONE', #1076, #1171, #4576, .T. ) ;
#4818 = DIRECTION ( 'NONE',  ( -1.000000000000000000, 0.000000000000000000, 0.000000000000000000 ) ) ;
#4819 = DIRECTION ( 'NONE',  ( 0.000000000000000000, 0.000000000000000000, -1.000000000000000000 ) ) ;
#4820 = ORIENTED_EDGE ( 'NONE', *, *, #3763, .T. ) ;
#4821 = CARTESIAN_POINT ( 'NONE',  ( 38.80924135744390213, 38.80379005382892643, 17.00597031270143944 ) ) ;
#4822 = ADVANCED_FACE ( 'NONE', ( #2992 ), #468, .T. ) ;
#4823 = VERTEX_POINT ( 'NONE', #2971 ) ;
#4824 = CARTESIAN_POINT ( 'NONE',  ( 38.78605415785570898, 38.78732799447648461, 16.95533472047959833 ) ) ;
#4825 = CARTESIAN_POINT ( 'NONE',  ( 38.81050522563852212, 38.80317771559106887, 17.00224697495753290 ) ) ;
#4826 = ORIENTED_EDGE ( 'NONE', *, *, #3359, .T. ) ;
#4827 = CIRCLE ( 'NONE', #3304, 0.03899994794847572166 ) ;
#4828 = CARTESIAN_POINT ( 'NONE',  ( 38.81588593523276387, 38.81588593523274255, 16.96933472047959768 ) ) ;
#4829 = DIRECTION ( 'NONE',  ( -0.000000000000000000, -0.000000000000000000, -1.000000000000000000 ) ) ;
#4830 = ORIENTED_EDGE ( 'NONE', *, *, #1769, .T. ) ;
#4831 = CARTESIAN_POINT ( 'NONE',  ( 38.83156843628661647, 38.78150143957275731, 16.96933472047959768 ) ) ;
#4832 = EDGE_CURVE ( 'NONE', #1402, #2376, #3389, .T. ) ;
#4833 = DIRECTION ( 'NONE',  ( 0.000000000000000000, -0.000000000000000000, -1.000000000000000000 ) ) ;
#4834 = VERTEX_POINT ( 'NONE', #3815 ) ;
#4835 = CARTESIAN_POINT ( 'NONE',  ( 38.81227513171028676, 38.77826683796795493, 16.96933472047959768 ) ) ;
#4836 = PLANE ( 'NONE',  #1367 ) ;
#4837 = EDGE_CURVE ( 'NONE', #4708, #4849, #1194, .T. ) ;
#4838 = DIRECTION ( 'NONE',  ( 0.8660254037843760910, 0.5000000000001085798, 0.000000000000000000 ) ) ;
#4839 = AXIS2_PLACEMENT_3D ( 'NONE', #3192, #2035, #1323 ) ;
#4840 = ORIENTED_EDGE ( 'NONE', *, *, #4259, .F. ) ;
#4841 = EDGE_CURVE ( 'NONE', #4123, #2697, #1728, .T. ) ;
#4842 = CARTESIAN_POINT ( 'NONE',  ( 38.83786314421558217, 38.79290267281719196, 16.96933472047959768 ) ) ;
#4843 = VERTEX_POINT ( 'NONE', #779 ) ;
#4844 = AXIS2_PLACEMENT_3D ( 'NONE', #3205, #3297, #2162 ) ;
#4845 = DIRECTION ( 'NONE',  ( 0.000000000000000000, 0.000000000000000000, -1.000000000000000000 ) ) ;
#4846 = ADVANCED_FACE ( 'NONE', ( #4163 ), #2272, .F. ) ;
#4847 = AXIS2_PLACEMENT_3D ( 'NONE', #1425, #4412, #2190 ) ;
#4848 = DIRECTION ( 'NONE',  ( 0.000000000000000000, -0.000000000000000000, 1.000000000000000000 ) ) ;
#4849 = VERTEX_POINT ( 'NONE', #2062 ) ;
#4850 = DIRECTION ( 'NONE',  ( 0.5000000000001085798, 0.8660254037843760910, 0.000000000000000000 ) ) ;
#4851 = CYLINDRICAL_SURFACE ( 'NONE', #2561, 0.001006105236832866012 ) ;
#4852 = ORIENTED_EDGE ( 'NONE', *, *, #3568, .F. ) ;
#4853 = AXIS2_PLACEMENT_3D ( 'NONE', #4249, #3503, #75 ) ;
#4854 = VERTEX_POINT ( 'NONE', #4244 ) ;
#4855 = AXIS2_PLACEMENT_3D ( 'NONE', #2764, #3301, #280 ) ;
#4856 = CARTESIAN_POINT ( 'NONE',  ( 38.81682107926579306, 38.84801815415590909, 16.95533472047959833 ) ) ;
#4857 = CARTESIAN_POINT ( 'NONE',  ( 38.83114212275873456, 38.84418086174771645, 16.96933472047959768 ) ) ;
#4858 = ORIENTED_EDGE ( 'NONE', *, *, #1173, .T. ) ;
#4859 = ORIENTED_EDGE ( 'NONE', *, *, #2980, .T. ) ;
#4860 = CARTESIAN_POINT ( 'NONE',  ( 38.83113150074267850, 38.78773728905356677, 16.96933472047959768 ) ) ;
#4861 = EDGE_CURVE ( 'NONE', #434, #2849, #3172, .T. ) ;
#4862 = DIRECTION ( 'NONE',  ( 0.000000000000000000, 0.000000000000000000, -1.000000000000000000 ) ) ;
#4863 = DIRECTION ( 'NONE',  ( 0.000000000000000000, 0.000000000000000000, -1.000000000000000000 ) ) ;
#4864 = ORIENTED_EDGE ( 'NONE', *, *, #4185, .F. ) ;
#4865 = EDGE_CURVE ( 'NONE', #2673, #3401, #547, .T. ) ;
#4866 = CIRCLE ( 'NONE', #4138, 0.02935410264610283093 ) ;
#4867 = CARTESIAN_POINT ( 'NONE',  ( 38.82291399550093303, 38.82776313971272231, 17.00598466471898718 ) ) ;
#4868 = CARTESIAN_POINT ( 'NONE',  ( 38.78773725242255210, 38.83213754253267780, 16.96933472047959768 ) ) ;
#4869 = EDGE_LOOP ( 'NONE', ( #580, #1449, #1434, #4786 ) ) ;
#4870 = CARTESIAN_POINT ( 'NONE',  ( 38.80712970776791337, 38.80521970438096702, 17.00358774584528732 ) ) ;
#4871 = MECHANICAL_DESIGN_GEOMETRIC_PRESENTATION_REPRESENTATION (  '', ( #1065 ), #3829 ) ;
#4872 = DIRECTION ( 'NONE',  ( -1.000000000000000000, 0.000000000000000000, 0.000000000000000000 ) ) ;
#4873 = ADVANCED_FACE ( 'NONE', ( #4698, #4326 ), #1301, .F. ) ;
#4874 = ORIENTED_EDGE ( 'NONE', *, *, #4263, .T. ) ;
#4875 = DIRECTION ( 'NONE',  ( 0.7071067811876368125, -0.7071067811854583329, 0.000000000000000000 ) ) ;
#4876 = DIRECTION ( 'NONE',  ( -1.000000000000000000, 0.000000000000000000, 0.000000000000000000 ) ) ;
#4877 = EDGE_LOOP ( 'NONE', ( #4160, #1010, #3677, #1200 ) ) ;
#4878 = AXIS2_PLACEMENT_3D ( 'NONE', #2248, #3014, #339 ) ;
#4879 = DIRECTION ( 'NONE',  ( -1.000000000000000000, 0.000000000000000000, 0.000000000000000000 ) ) ;
#4880 = VECTOR ( 'NONE', #1369, 1.000000000000000000 ) ;
#4881 = CYLINDRICAL_SURFACE ( 'NONE', #1381, 0.03600013749699115806 ) ;
#4882 = ORIENTED_EDGE ( 'NONE', *, *, #1657, .T. ) ;
#4883 = ORIENTED_EDGE ( 'NONE', *, *, #4421, .T. ) ;
#4884 = DIRECTION ( 'NONE',  ( -0.000000000000000000, 0.000000000000000000, -1.000000000000000000 ) ) ;
#4885 = DIRECTION ( 'NONE',  ( -0.2588190451011160298, 0.9659258262894446778, 0.000000000000000000 ) ) ;
#4886 = CARTESIAN_POINT ( 'NONE',  ( 38.79290262101311271, 38.83886919764828605, 16.95533472047959833 ) ) ;
#4887 = EDGE_LOOP ( 'NONE', ( #672, #47, #2231, #2218 ) ) ;
#4888 = CARTESIAN_POINT ( 'NONE',  ( 38.80606992174660519, 38.85599998265943356, 16.95533472047959833 ) ) ;
#4889 = DIRECTION ( 'NONE',  ( -0.000000000000000000, -0.000000000000000000, 1.000000000000000000 ) ) ;
#4890 = ORIENTED_EDGE ( 'NONE', *, *, #121, .F. ) ;
#4891 = DIRECTION ( 'NONE',  ( 0.000000000000000000, 0.000000000000000000, -1.000000000000000000 ) ) ;
#4892 = EDGE_CURVE ( 'NONE', #889, #4714, #4423, .T. ) ;
#4893 = ADVANCED_FACE ( 'NONE', ( #910 ), #2039, .T. ) ;
#4894 = DIRECTION ( 'NONE',  ( -0.000000000000000000, -0.000000000000000000, -1.000000000000000000 ) ) ;
#4895 = ORIENTED_EDGE ( 'NONE', *, *, #4552, .T. ) ;
#4896 = ORIENTED_EDGE ( 'NONE', *, *, #3926, .F. ) ;
#4897 = DIRECTION ( 'NONE',  ( 0.000000000000000000, -0.000000000000000000, 1.000000000000000000 ) ) ;
#4898 = DIRECTION ( 'NONE',  ( -0.000000000000000000, -0.000000000000000000, -1.000000000000000000 ) ) ;
#4899 = ORIENTED_EDGE ( 'NONE', *, *, #543, .T. ) ;
#4900 = CIRCLE ( 'NONE', #1025, 0.03899994794847572166 ) ;
#4901 = DIRECTION ( 'NONE',  ( 1.000000000000000000, 0.000000000000000000, -0.000000000000000000 ) ) ;
#4902 = EDGE_CURVE ( 'NONE', #778, #3235, #391, .T. ) ;
#4903 = LINE ( 'NONE', #1206, #43 ) ;
ENDSEC;
END-ISO-10303-21;
