ISO-10303-21;
HEADER;
FILE_DESCRIPTION (( 'STEP AP214' ),
    '1' );
FILE_NAME ('Gear_Level1V2.STEP',
    '2026-01-28T15:17:44',
    ( '' ),
    ( '' ),
    'SwSTEP 2.0',
    'SolidWorks 2025',
    '' );
FILE_SCHEMA (( 'AUTOMOTIVE_DESIGN' ));
ENDSEC;

DATA;
#1 = DIRECTION ( 'NONE',  ( 0.2588190451017443605, 0.9659258262892763680, 0.000000000000000000 ) ) ;
#2 = ORIENTED_EDGE ( 'NONE', *, *, #4890, .T. ) ;
#3 = AXIS2_PLACEMENT_3D ( 'NONE', #3720, #3318, #1380 ) ;
#4 = CARTESIAN_POINT ( 'NONE',  ( 38.85144447633498288, 38.83201842357878775, 20.65843509468759720 ) ) ;
#5 = EDGE_LOOP ( 'NONE', ( #3268, #296, #4028, #533 ) ) ;
#6 = ORIENTED_EDGE ( 'NONE', *, *, #1759, .F. ) ;
#7 = AXIS2_PLACEMENT_3D ( 'NONE', #3535, #4366, #3940 ) ;
#8 = LINE ( 'NONE', #4335, #2315 ) ;
#9 = CARTESIAN_POINT ( 'NONE',  ( 38.84733204876530976, 38.80747638565070901, 20.65843509468759720 ) ) ;
#10 = VERTEX_POINT ( 'NONE', #3884 ) ;
#11 = VERTEX_POINT ( 'NONE', #107 ) ;
#12 = CARTESIAN_POINT ( 'NONE',  ( 38.78581260775747097, 38.84065896288858966, 20.67243509468759655 ) ) ;
#13 = CARTESIAN_POINT ( 'NONE',  ( 38.84743345639000722, 38.81588885428562463, 20.67243509468759655 ) ) ;
#14 = CIRCLE ( 'NONE', #3903, 0.02935410264610432973 ) ;
#15 = EDGE_CURVE ( 'NONE', #2813, #1954, #1955, .T. ) ;
#16 = DIRECTION ( 'NONE',  ( -0.9999999999999944489, -1.051525492790084115E-07, 0.000000000000000000 ) ) ;
#17 = VECTOR ( 'NONE', #1306, 1.000000000000000000 ) ;
#18 = DIRECTION ( 'NONE',  ( -1.000000000000000000, 0.000000000000000000, 0.000000000000000000 ) ) ;
#19 = EDGE_LOOP ( 'NONE', ( #168, #4195, #2008, #1005 ) ) ;
#20 = DIRECTION ( 'NONE',  ( 0.8660254037833949869, -0.5000000000018076651, 0.000000000000000000 ) ) ;
#21 = VECTOR ( 'NONE', #1225, 1.000000000000000000 ) ;
#22 = ADVANCED_FACE ( 'NONE', ( #1653 ), #3123, .T. ) ;
#23 = CIRCLE ( 'NONE', #1243, 0.01509999999999678266 ) ;
#24 = ADVANCED_FACE ( 'NONE', ( #2420 ), #2053, .T. ) ;
#25 = CARTESIAN_POINT ( 'NONE',  ( 38.83218795432690484, 38.78774017147541286, 20.67243509468759655 ) ) ;
#26 = AXIS2_PLACEMENT_3D ( 'NONE', #4666, #4934, #4255 ) ;
#27 = PRESENTATION_STYLE_ASSIGNMENT (( #2621 ) ) ;
#28 = CARTESIAN_POINT ( 'NONE',  ( 38.83119247110612804, 38.84418374416956254, 20.67243509468759655 ) ) ;
#29 = ADVANCED_FACE ( 'NONE', ( #131 ), #3231, .T. ) ;
#30 = ORIENTED_EDGE ( 'NONE', *, *, #4822, .T. ) ;
#31 = ORIENTED_EDGE ( 'NONE', *, *, #3927, .F. ) ;
#32 = LINE ( 'NONE', #1913, #1588 ) ;
#33 = CARTESIAN_POINT ( 'NONE',  ( 38.80852320389996635, 38.78460942549344992, 20.65843509468759720 ) ) ;
#34 = VERTEX_POINT ( 'NONE', #790 ) ;
#35 = ORIENTED_EDGE ( 'NONE', *, *, #15, .T. ) ;
#36 = EDGE_LOOP ( 'NONE', ( #652, #3690, #3974, #2549 ) ) ;
#37 = CYLINDRICAL_SURFACE ( 'NONE', #3835, 0.03899994794847572166 ) ;
#38 = ORIENTED_EDGE ( 'NONE', *, *, #2570, .T. ) ;
#39 = CARTESIAN_POINT ( 'NONE',  ( 38.85475216951539323, 38.85470470358982453, 20.72923509773935535 ) ) ;
#40 = ORIENTED_EDGE ( 'NONE', *, *, #982, .T. ) ;
#41 = DIRECTION ( 'NONE',  ( 1.051525562734134667E-07, -0.9999999999999944489, 0.000000000000000000 ) ) ;
#42 = CARTESIAN_POINT ( 'NONE',  ( 38.83891959779980851, 38.79290555523903805, 20.65843509468759720 ) ) ;
#43 = ORIENTED_EDGE ( 'NONE', *, *, #1822, .T. ) ;
#44 = CARTESIAN_POINT ( 'NONE',  ( 38.85475207669458086, 38.81967433543713497, 20.67243509468759655 ) ) ;
#45 = EDGE_CURVE ( 'NONE', #2333, #4426, #4282, .T. ) ;
#46 = DIRECTION ( 'NONE',  ( 0.000000000000000000, 1.000000000000000000, 0.000000000000000000 ) ) ;
#47 = VECTOR ( 'NONE', #1497, 1.000000000000000000 ) ;
#48 = CARTESIAN_POINT ( 'NONE',  ( 38.81391469970343167, 38.80822094687295021, 20.73623371591298792 ) ) ;
#49 = EDGE_CURVE ( 'NONE', #2626, #2742, #3011, .T. ) ;
#50 = DIRECTION ( 'NONE',  ( -1.000000000000000000, 0.000000000000000000, 0.000000000000000000 ) ) ;
#51 = DIRECTION ( 'NONE',  ( -0.000000000000000000, 0.000000000000000000, -1.000000000000000000 ) ) ;
#52 = AXIS2_PLACEMENT_3D ( 'NONE', #3114, #4586, #4689 ) ;
#53 = ORIENTED_EDGE ( 'NONE', *, *, #151, .F. ) ;
#54 = VERTEX_POINT ( 'NONE', #2845 ) ;
#55 = CARTESIAN_POINT ( 'NONE',  ( 38.81972180136270367, 38.77707302454016514, 20.67243509468759655 ) ) ;
#56 = ADVANCED_FACE ( 'NONE', ( #1657, #867 ), #917, .F. ) ;
#57 = CIRCLE ( 'NONE', #2079, 0.03600013749699115806 ) ;
#58 = DIRECTION ( 'NONE',  ( -0.000000000000000000, 0.000000000000000000, 1.000000000000000000 ) ) ;
#59 = DIRECTION ( 'NONE',  ( -0.000000000000000000, -0.000000000000000000, -1.000000000000000000 ) ) ;
#60 = ORIENTED_EDGE ( 'NONE', *, *, #1050, .F. ) ;
#61 = ORIENTED_EDGE ( 'NONE', *, *, #3477, .T. ) ;
#62 = AXIS2_PLACEMENT_3D ( 'NONE', #2395, #1592, #2326 ) ;
#63 = ORIENTED_EDGE ( 'NONE', *, *, #3868, .T. ) ;
#64 = CARTESIAN_POINT ( 'NONE',  ( 38.81593628358015735, 38.81588881765458865, 20.65843509468759720 ) ) ;
#65 = DIRECTION ( 'NONE',  ( -1.000000000000000000, 0.000000000000000000, 0.000000000000000000 ) ) ;
#66 = VERTEX_POINT ( 'NONE', #1094 ) ;
#67 = CARTESIAN_POINT ( 'NONE',  ( 38.81788774624001093, 38.82357507259283835, 20.73410554071147871 ) ) ;
#68 = DIRECTION ( 'NONE',  ( 1.000000000000000000, 0.000000000000000000, 0.000000000000000000 ) ) ;
#69 = CARTESIAN_POINT ( 'NONE',  ( 38.84070648305232965, 38.78576518643103554, 20.67243509468759655 ) ) ;
#70 = CARTESIAN_POINT ( 'NONE',  ( 38.81593628358015735, 38.81588881765458865, 20.65843509468759720 ) ) ;
#71 = ADVANCED_FACE ( 'NONE', ( #428 ), #2059, .T. ) ;
#72 = DIRECTION ( 'NONE',  ( -0.000000000000000000, -0.000000000000000000, 1.000000000000000000 ) ) ;
#73 = CARTESIAN_POINT ( 'NONE',  ( 38.77628849271694378, 38.82744492432503591, 20.67243509468759655 ) ) ;
#74 = CARTESIAN_POINT ( 'NONE',  ( 38.83862247758620612, 38.84761156251538949, 20.67243509468759655 ) ) ;
#75 = FACE_OUTER_BOUND ( 'NONE', #4381, .T. ) ;
#76 = EDGE_CURVE ( 'NONE', #4478, #859, #1883, .T. ) ;
#77 = VERTEX_POINT ( 'NONE', #3452 ) ;
#78 = ORIENTED_EDGE ( 'NONE', *, *, #2628, .T. ) ;
#79 = DIRECTION ( 'NONE',  ( -1.000000000000000000, 0.000000000000000000, 0.000000000000000000 ) ) ;
#80 = DIRECTION ( 'NONE',  ( -0.000000000000000000, -0.000000000000000000, 1.000000000000000000 ) ) ;
#81 = AXIS2_PLACEMENT_3D ( 'NONE', #1963, #4630, #2271 ) ;
#82 = DIRECTION ( 'NONE',  ( 0.000000000000000000, -0.000000000000000000, 1.000000000000000000 ) ) ;
#83 = ADVANCED_FACE ( 'NONE', ( #1437 ), #4944, .F. ) ;
#84 = ORIENTED_EDGE ( 'NONE', *, *, #4205, .T. ) ;
#85 = EDGE_CURVE ( 'NONE', #510, #1929, #1952, .T. ) ;
#86 = ORIENTED_EDGE ( 'NONE', *, *, #4672, .F. ) ;
#87 = DIRECTION ( 'NONE',  ( 0.000000000000000000, 0.000000000000000000, -1.000000000000000000 ) ) ;
#88 = CARTESIAN_POINT ( 'NONE',  ( 38.80844713227669018, 38.82771732958460831, 20.72923509773935535 ) ) ;
#89 = CARTESIAN_POINT ( 'NONE',  ( 38.80954647719222095, 38.85436174728450709, 20.67243509468759655 ) ) ;
#90 = VECTOR ( 'NONE', #4109, 1.000000000000000000 ) ;
#91 = ORIENTED_EDGE ( 'NONE', *, *, #4645, .T. ) ;
#92 = ORIENTED_EDGE ( 'NONE', *, *, #5026, .T. ) ;
#93 = PLANE ( 'NONE',  #578 ) ;
#94 = EDGE_LOOP ( 'NONE', ( #4967, #2301, #2031, #4369, #1488, #4239, #3108, #114, #1617, #2501, #1568, #1868, #2546, #2784, #3519, #2401 ) ) ;
#95 = CARTESIAN_POINT ( 'NONE',  ( 38.76291279732222961, 38.83009641797728051, 20.72923509773935535 ) ) ;
#96 = ORIENTED_EDGE ( 'NONE', *, *, #2927, .T. ) ;
#97 = DIRECTION ( 'NONE',  ( -0.2588190451018285709, -0.9659258262892538305, 0.000000000000000000 ) ) ;
#98 = AXIS2_PLACEMENT_3D ( 'NONE', #4599, #4624, #2690 ) ;
#99 = CARTESIAN_POINT ( 'NONE',  ( 38.81593628358015735, 38.81588881765458865, 20.66543509468759865 ) ) ;
#100 = CARTESIAN_POINT ( 'NONE',  ( 38.81683702209285514, 38.85717658329821944, 20.65843509468759720 ) ) ;
#101 = AXIS2_PLACEMENT_3D ( 'NONE', #3119, #2729, #1780 ) ;
#102 = VECTOR ( 'NONE', #776, 1.000000000000000000 ) ;
#103 = VECTOR ( 'NONE', #2797, 1.000000000000000000 ) ;
#104 = EDGE_LOOP ( 'NONE', ( #509, #128, #4437, #2714 ) ) ;
#105 = FACE_OUTER_BOUND ( 'NONE', #2947, .T. ) ;
#106 = AXIS2_PLACEMENT_3D ( 'NONE', #4507, #4126, #1035 ) ;
#107 = CARTESIAN_POINT ( 'NONE',  ( 38.83799594678815481, 38.79250666107230927, 20.65843509468759720 ) ) ;
#108 = CARTESIAN_POINT ( 'NONE',  ( 38.78610450620310246, 38.78733087689833070, 20.67243509468759655 ) ) ;
#109 = AXIS2_PLACEMENT_3D ( 'NONE', #2994, #3351, #3379 ) ;
#110 = EDGE_CURVE ( 'NONE', #54, #3797, #2924, .T. ) ;
#111 = DIRECTION ( 'NONE',  ( 0.000000000000000000, 0.000000000000000000, -1.000000000000000000 ) ) ;
#112 = CIRCLE ( 'NONE', #360, 0.03899994794847572166 ) ;
#113 = CIRCLE ( 'NONE', #3673, 0.02935410264610283093 ) ;
#114 = ORIENTED_EDGE ( 'NONE', *, *, #3347, .F. ) ;
#115 = ORIENTED_EDGE ( 'NONE', *, *, #4606, .T. ) ;
#116 = CARTESIAN_POINT ( 'NONE',  ( 38.83693628358015815, 38.81588881765458865, 20.66543509468759865 ) ) ;
#117 = CARTESIAN_POINT ( 'NONE',  ( 38.82434878634976627, 38.78449307143105784, 20.67243509468759655 ) ) ;
#118 = EDGE_CURVE ( 'NONE', #4316, #3768, #2951, .T. ) ;
#119 = EDGE_LOOP ( 'NONE', ( #4956, #35, #2514, #2860 ) ) ;
#120 = LINE ( 'NONE', #4757, #3427 ) ;
#121 = ORIENTED_EDGE ( 'NONE', *, *, #2859, .F. ) ;
#122 = DIRECTION ( 'NONE',  ( -0.000000000000000000, 0.000000000000000000, -1.000000000000000000 ) ) ;
#123 = FACE_OUTER_BOUND ( 'NONE', #154, .T. ) ;
#124 = EDGE_CURVE ( 'NONE', #3059, #1607, #3734, .T. ) ;
#125 = CARTESIAN_POINT ( 'NONE',  ( 38.79843628358015906, 38.81588881765458865, 20.67333509449686346 ) ) ;
#126 = CARTESIAN_POINT ( 'NONE',  ( 38.81795704998229724, 38.82355690629011491, 20.73623545369378718 ) ) ;
#127 = DIRECTION ( 'NONE',  ( -0.000000000000000000, -0.000000000000000000, 1.000000000000000000 ) ) ;
#128 = ORIENTED_EDGE ( 'NONE', *, *, #2677, .F. ) ;
#129 = EDGE_LOOP ( 'NONE', ( #4749, #368, #4422, #399 ) ) ;
#130 = DIRECTION ( 'NONE',  ( 0.8660254037845108721, -0.4999999999998750999, 0.000000000000000000 ) ) ;
#131 = FACE_OUTER_BOUND ( 'NONE', #990, .T. ) ;
#132 = PLANE ( 'NONE',  #981 ) ;
#133 = CARTESIAN_POINT ( 'NONE',  ( 38.81593624694912847, 38.84839209570126428, 20.74123509773935581 ) ) ;
#134 = CIRCLE ( 'NONE', #777, 0.009929668353443332762 ) ;
#135 = CARTESIAN_POINT ( 'NONE',  ( 38.84733202980369526, 38.82430132042419757, 20.67243509468759655 ) ) ;
#136 = ORIENTED_EDGE ( 'NONE', *, *, #2532, .F. ) ;
#137 = EDGE_LOOP ( 'NONE', ( #4438, #3924, #3135, #2147 ) ) ;
#138 = AXIS2_PLACEMENT_3D ( 'NONE', #184, #1321, #1343 ) ;
#139 = DIRECTION ( 'NONE',  ( -0.000000000000000000, -0.000000000000000000, 1.000000000000000000 ) ) ;
#140 = DIRECTION ( 'NONE',  ( 0.7071067811865474617, -0.7071067811865474617, 0.000000000000000000 ) ) ;
#141 = VECTOR ( 'NONE', #3524, 1.000000000000000000 ) ;
#142 = VECTOR ( 'NONE', #1591, 1.000000000000000000 ) ;
#143 = FACE_OUTER_BOUND ( 'NONE', #2962, .T. ) ;
#144 = ORIENTED_EDGE ( 'NONE', *, *, #604, .F. ) ;
#145 = ORIENTED_EDGE ( 'NONE', *, *, #3895, .F. ) ;
#146 = EDGE_CURVE ( 'NONE', #3687, #3494, #1065, .T. ) ;
#147 = CARTESIAN_POINT ( 'NONE',  ( 38.81593624694912847, 38.84839209570126428, 20.65843509468759720 ) ) ;
#148 = ORIENTED_EDGE ( 'NONE', *, *, #1170, .F. ) ;
#149 = DIRECTION ( 'NONE',  ( -0.000000000000000000, -0.000000000000000000, -1.000000000000000000 ) ) ;
#150 = EDGE_CURVE ( 'NONE', #2669, #2009, #3899, .T. ) ;
#151 = EDGE_CURVE ( 'NONE', #4316, #2119, #2172, .T. ) ;
#152 = CARTESIAN_POINT ( 'NONE',  ( 38.81520973033931199, 38.82378632851585110, 20.73736970341538211 ) ) ;
#153 = DIRECTION ( 'NONE',  ( -0.000000000000000000, -0.000000000000000000, -1.000000000000000000 ) ) ;
#154 = EDGE_LOOP ( 'NONE', ( #4650, #1206 ) ) ;
#155 = VERTEX_POINT ( 'NONE', #2545 ) ;
#156 = CARTESIAN_POINT ( 'NONE',  ( 38.85355538084494498, 38.81227801413211154, 20.67243509468759655 ) ) ;
#157 = LINE ( 'NONE', #1271, #4261 ) ;
#158 = CYLINDRICAL_SURFACE ( 'NONE', #4023, 0.001006105236832866012 ) ;
#159 = CARTESIAN_POINT ( 'NONE',  ( 38.81687150087525850, 38.78375659873142212, 20.67243509468759655 ) ) ;
#160 = ORIENTED_EDGE ( 'NONE', *, *, #1345, .F. ) ;
#161 = CARTESIAN_POINT ( 'NONE',  ( 38.81368628278059418, 38.82349257571212320, 20.73494053893002587 ) ) ;
#162 = DIRECTION ( 'NONE',  ( -1.000000000000000000, 0.000000000000000000, 0.000000000000000000 ) ) ;
#163 = ORIENTED_EDGE ( 'NONE', *, *, #3843, .F. ) ;
#164 = AXIS2_PLACEMENT_3D ( 'NONE', #2847, #4396, #919 ) ;
#165 = CARTESIAN_POINT ( 'NONE',  ( 38.81500113954712816, 38.78375659873142212, 20.65843509468759720 ) ) ;
#166 = ORIENTED_EDGE ( 'NONE', *, *, #3642, .T. ) ;
#167 = VERTEX_POINT ( 'NONE', #4421 ) ;
#168 = ORIENTED_EDGE ( 'NONE', *, *, #4267, .T. ) ;
#169 = DIRECTION ( 'NONE',  ( 0.000000000000000000, 0.000000000000000000, -1.000000000000000000 ) ) ;
#170 = EDGE_CURVE ( 'NONE', #478, #5027, #1545, .T. ) ;
#171 = DIRECTION ( 'NONE',  ( 1.000000000000000000, -1.381605598238730216E-12, 0.000000000000000000 ) ) ;
#172 = CLOSED_SHELL ( 'NONE', ( #3332, #2716, #3766, #3180, #3222, #206, #765, #976, #3549, #4242, #396, #845, #4121, #453, #1630, #2737, #1288, #3931, #3199, #2680, #3472, #1220, #3431, #1161, #2018, #3247, #3623, #535, #2281, #884, #2167, #815, #3715, #2865, #3283, #56, #1468, #623, #4393, #3746, #4343, #2651, #29, #1733, #332, #5024, #3443, #228, #2622, #1011, #4411, #1016, #2100, #2429, #1078, #24, #2003, #2762, #2023, #4420, #4317, #449, #628, #4584, #4637, #199, #2070, #22, #3191, #3306, #2459, #2806, #1296, #3149, #4700, #4452, #4021, #2358, #2305, #3575, #4353, #2616, #4602, #5014, #3951, #3891, #4755, #799, #401, #4694, #4889, #4299, #1414, #4078, #3118, #4230, #1965, #2256, #2089, #1827, #1752, #1238, #2414, #374, #1603, #4816, #886, #83, #1287, #4647, #2629, #4736, #3973, #2452, #4928, #661, #3860, #1855, #1732, #3223, #4681, #4544, #3523, #3116, #71, #4199, #4726, #2769, #308, #1790, #3491, #213, #2225, #2382, #4612, #3415, #4674, #878, #3833, #4990, #4384, #850, #4765, #2394, #3094, #183 ) ) ;
#173 = CARTESIAN_POINT ( 'NONE',  ( 38.81479956313921775, 38.82374140803710105, 20.73719928910097821 ) ) ;
#174 = DIRECTION ( 'NONE',  ( -1.000000000000000000, 0.000000000000000000, 0.000000000000000000 ) ) ;
#175 = EDGE_CURVE ( 'NONE', #485, #2465, #2511, .T. ) ;
#176 = DIRECTION ( 'NONE',  ( 0.000000000000000000, -0.000000000000000000, 1.000000000000000000 ) ) ;
#177 = ORIENTED_EDGE ( 'NONE', *, *, #2201, .T. ) ;
#178 = ORIENTED_EDGE ( 'NONE', *, *, #3989, .F. ) ;
#179 = DIRECTION ( 'NONE',  ( -1.000000000000000000, 0.000000000000000000, 0.000000000000000000 ) ) ;
#180 = CARTESIAN_POINT ( 'NONE',  ( 38.80810159700487816, 38.82711884479268605, 20.74123509773935581 ) ) ;
#181 = CIRCLE ( 'NONE', #822, 0.001006105236832866012 ) ;
#182 = CIRCLE ( 'NONE', #3745, 0.02935410264609947945 ) ;
#183 = ADVANCED_FACE ( 'NONE', ( #216 ), #242, .T. ) ;
#184 = CARTESIAN_POINT ( 'NONE',  ( 38.81593628358015735, 38.81588881765458865, 20.66543509468759865 ) ) ;
#185 = CIRCLE ( 'NONE', #581, 0.03899994794847572166 ) ;
#186 = VERTEX_POINT ( 'NONE', #1354 ) ;
#187 = AXIS2_PLACEMENT_3D ( 'NONE', #2534, #1778, #1066 ) ;
#188 = VERTEX_POINT ( 'NONE', #165 ) ;
#189 = LINE ( 'NONE', #1369, #4506 ) ;
#190 = CARTESIAN_POINT ( 'NONE',  ( 38.83218795432690484, 38.78774017147541286, 20.65843509468759720 ) ) ;
#191 = LINE ( 'NONE', #1765, #3021 ) ;
#192 = VECTOR ( 'NONE', #1436, 1.000000000000000000 ) ;
#193 = DIRECTION ( 'NONE',  ( -0.9999999999999944489, -1.051525492790084115E-07, 0.000000000000000000 ) ) ;
#194 = ORIENTED_EDGE ( 'NONE', *, *, #707, .T. ) ;
#195 = DIRECTION ( 'NONE',  ( 0.000000000000000000, 0.000000000000000000, -1.000000000000000000 ) ) ;
#196 = VERTEX_POINT ( 'NONE', #562 ) ;
#197 = LINE ( 'NONE', #4020, #4364 ) ;
#198 = DIRECTION ( 'NONE',  ( -0.000000000000000000, -0.000000000000000000, 1.000000000000000000 ) ) ;
#199 = ADVANCED_FACE ( 'NONE', ( #1403 ), #1374, .F. ) ;
#200 = FACE_OUTER_BOUND ( 'NONE', #4906, .T. ) ;
#201 = CARTESIAN_POINT ( 'NONE',  ( 38.81707078928857158, 38.80803598650113173, 20.73720020143852949 ) ) ;
#202 = DIRECTION ( 'NONE',  ( 0.000000000000000000, 0.000000000000000000, -1.000000000000000000 ) ) ;
#203 = CARTESIAN_POINT ( 'NONE',  ( 38.78593625244757703, 38.81588881765458865, 20.67243509468759655 ) ) ;
#204 = VERTEX_POINT ( 'NONE', #1742 ) ;
#205 = CARTESIAN_POINT ( 'NONE',  ( 38.81012813547323503, 38.82828886760704279, 20.74123509773935581 ) ) ;
#206 = ADVANCED_FACE ( 'NONE', ( #4881 ), #3292, .T. ) ;
#207 = CARTESIAN_POINT ( 'NONE',  ( 38.79387667217626046, 38.79250660926820160, 20.65843509468759720 ) ) ;
#208 = DIRECTION ( 'NONE',  ( -1.000000000000000000, 0.000000000000000000, 0.000000000000000000 ) ) ;
#209 = ORIENTED_EDGE ( 'NONE', *, *, #1563, .T. ) ;
#210 = VERTEX_POINT ( 'NONE', #4125 ) ;
#211 = EDGE_CURVE ( 'NONE', #2333, #3938, #2117, .T. ) ;
#212 = FACE_BOUND ( 'NONE', #2104, .T. ) ;
#213 = ADVANCED_FACE ( 'NONE', ( #143 ), #1689, .F. ) ;
#214 = CARTESIAN_POINT ( 'NONE',  ( 38.81593628358015735, 38.81588881765458865, 20.68033509449686136 ) ) ;
#215 = DIRECTION ( 'NONE',  ( -0.9659258262886698532, -0.2588190451040077167, 0.000000000000000000 ) ) ;
#216 = FACE_OUTER_BOUND ( 'NONE', #94, .T. ) ;
#217 = ORIENTED_EDGE ( 'NONE', *, *, #1370, .T. ) ;
#218 = VECTOR ( 'NONE', #3804, 1.000000000000000000 ) ;
#219 = CARTESIAN_POINT ( 'NONE',  ( 38.84721565677968158, 38.82330196810050182, 20.65843509468759720 ) ) ;
#220 = VERTEX_POINT ( 'NONE', #3314 ) ;
#221 = FACE_OUTER_BOUND ( 'NONE', #1980, .T. ) ;
#222 = VECTOR ( 'NONE', #1249, 1.000000000000000000 ) ;
#223 = DIRECTION ( 'NONE',  ( -0.8660254037867568533, 0.4999999999959848784, 0.000000000000000000 ) ) ;
#224 = CIRCLE ( 'NONE', #4024, 0.01749999999999829470 ) ;
#225 = ORIENTED_EDGE ( 'NONE', *, *, #1261, .F. ) ;
#226 = LINE ( 'NONE', #280, #3460 ) ;
#227 = CARTESIAN_POINT ( 'NONE',  ( 38.80194791610806249, 38.81531727833800716, 20.72923509773935535 ) ) ;
#228 = ADVANCED_FACE ( 'NONE', ( #2849 ), #4853, .T. ) ;
#229 = DIRECTION ( 'NONE',  ( 0.000000000000000000, 0.000000000000000000, -1.000000000000000000 ) ) ;
#230 = ORIENTED_EDGE ( 'NONE', *, *, #2556, .T. ) ;
#231 = DIRECTION ( 'NONE',  ( 0.000000000000000000, -0.000000000000000000, -1.000000000000000000 ) ) ;
#232 = CARTESIAN_POINT ( 'NONE',  ( 38.79980648814176902, 38.85129153054458584, 20.67243509468759655 ) ) ;
#233 = FACE_OUTER_BOUND ( 'NONE', #1812, .T. ) ;
#234 = EDGE_CURVE ( 'NONE', #3768, #2794, #1384, .T. ) ;
#235 = VERTEX_POINT ( 'NONE', #4218 ) ;
#236 = ORIENTED_EDGE ( 'NONE', *, *, #4119, .T. ) ;
#237 = DIRECTION ( 'NONE',  ( -1.000000000000000000, 0.000000000000000000, -0.000000000000000000 ) ) ;
#238 = DIRECTION ( 'NONE',  ( -0.000000000000000000, 0.000000000000000000, -1.000000000000000000 ) ) ;
#239 = FACE_OUTER_BOUND ( 'NONE', #1487, .T. ) ;
#240 = EDGE_CURVE ( 'NONE', #1449, #582, #3091, .T. ) ;
#241 = EDGE_CURVE ( 'NONE', #662, #1737, #4611, .T. ) ;
#242 = CYLINDRICAL_SURFACE ( 'NONE', #4461, 0.01369291142362527580 ) ;
#243 = ORIENTED_EDGE ( 'NONE', *, *, #1185, .T. ) ;
#244 = AXIS2_PLACEMENT_3D ( 'NONE', #4325, #169, #898 ) ;
#245 = DIRECTION ( 'NONE',  ( -0.000000000000000000, -0.000000000000000000, -1.000000000000000000 ) ) ;
#246 = ORIENTED_EDGE ( 'NONE', *, *, #1377, .F. ) ;
#247 = DIRECTION ( 'NONE',  ( -0.000000000000000000, 0.000000000000000000, -1.000000000000000000 ) ) ;
#248 = CIRCLE ( 'NONE', #81, 0.03600013749698947191 ) ;
#249 = EDGE_CURVE ( 'NONE', #691, #2333, #3424, .T. ) ;
#250 = DIRECTION ( 'NONE',  ( 0.000000000000000000, 1.000000000000000000, 0.000000000000000000 ) ) ;
#251 = CARTESIAN_POINT ( 'NONE',  ( 38.81012813547323503, 38.82828886760704279, 20.72923509773935535 ) ) ;
#252 = CARTESIAN_POINT ( 'NONE',  ( 38.80194791610806249, 38.81531727833800716, 20.74123509773935581 ) ) ;
#253 = VECTOR ( 'NONE', #810, 1.000000000000000000 ) ;
#254 = ORIENTED_EDGE ( 'NONE', *, *, #1832, .F. ) ;
#255 = FACE_OUTER_BOUND ( 'NONE', #1527, .T. ) ;
#256 = CARTESIAN_POINT ( 'NONE',  ( 38.81593628358015735, 38.81588881765458865, 20.65843509468759720 ) ) ;
#257 = CIRCLE ( 'NONE', #2032, 0.02935410264609947945 ) ;
#258 = DIRECTION ( 'NONE',  ( -0.000000000000000000, -0.000000000000000000, 1.000000000000000000 ) ) ;
#259 = VERTEX_POINT ( 'NONE', #4966 ) ;
#260 = ORIENTED_EDGE ( 'NONE', *, *, #2458, .F. ) ;
#261 = CARTESIAN_POINT ( 'NONE',  ( 38.82174442907928835, 38.82828886882852260, 20.74123509773935581 ) ) ;
#262 = EDGE_CURVE ( 'NONE', #3466, #2799, #2599, .T. ) ;
#263 = CARTESIAN_POINT ( 'NONE',  ( 38.83862247758620612, 38.84761156251538949, 20.67243509468759655 ) ) ;
#264 = DIRECTION ( 'NONE',  ( 0.2588190451018285709, 0.9659258262892538305, 0.000000000000000000 ) ) ;
#265 = CARTESIAN_POINT ( 'NONE',  ( 38.81593628358015735, 38.81588881765458865, 20.65843509468759720 ) ) ;
#266 = CIRCLE ( 'NONE', #4797, 0.001006105236834714794 ) ;
#267 = AXIS2_PLACEMENT_3D ( 'NONE', #2950, #934, #2473 ) ;
#268 = CARTESIAN_POINT ( 'NONE',  ( 38.81398533043598320, 38.80820243756141252, 20.73410475083085913 ) ) ;
#269 = ORIENTED_EDGE ( 'NONE', *, *, #3516, .F. ) ;
#270 = STYLED_ITEM ( 'NONE', ( #27 ), #1494 ) ;
#271 = EDGE_CURVE ( 'NONE', #1929, #4307, #4466, .T. ) ;
#272 = CARTESIAN_POINT ( 'NONE',  ( 38.82749239025060461, 38.85553660851780222, 20.67243509468759655 ) ) ;
#273 = VERTEX_POINT ( 'NONE', #737 ) ;
#274 = ORIENTED_EDGE ( 'NONE', *, *, #956, .F. ) ;
#275 = DIRECTION ( 'NONE',  ( 0.4999999999959848784, -0.8660254037867568533, 0.000000000000000000 ) ) ;
#276 = AXIS2_PLACEMENT_3D ( 'NONE', #3625, #2857, #522 ) ;
#277 = AXIS2_PLACEMENT_3D ( 'NONE', #4059, #4385, #1681 ) ;
#278 = LINE ( 'NONE', #4428, #192 ) ;
#279 = EDGE_CURVE ( 'NONE', #1410, #2993, #3005, .T. ) ;
#280 = CARTESIAN_POINT ( 'NONE',  ( 38.80800661522671646, 38.81588881765458865, 20.74123509773935581 ) ) ;
#281 = DIRECTION ( 'NONE',  ( -1.000000000000000000, 0.000000000000000000, 0.000000000000000000 ) ) ;
#282 = ORIENTED_EDGE ( 'NONE', *, *, #4895, .T. ) ;
#283 = DIRECTION ( 'NONE',  ( -0.2588190451017443605, 0.9659258262892763680, 0.000000000000000000 ) ) ;
#284 = DIRECTION ( 'NONE',  ( 0.000000000000000000, 0.000000000000000000, -1.000000000000000000 ) ) ;
#285 = CARTESIAN_POINT ( 'NONE',  ( 38.84408496639036912, 38.79963721035465340, 20.67243509468759655 ) ) ;
#286 = DIRECTION ( 'NONE',  ( -0.000000000000000000, -0.000000000000000000, -1.000000000000000000 ) ) ;
#287 = DIRECTION ( 'NONE',  ( 0.000000000000000000, -0.000000000000000000, -1.000000000000000000 ) ) ;
#288 = ORIENTED_EDGE ( 'NONE', *, *, #2218, .F. ) ;
#289 = ORIENTED_EDGE ( 'NONE', *, *, #4862, .T. ) ;
#290 = CARTESIAN_POINT ( 'NONE',  ( 38.81593628358015735, 38.81588881765458865, 20.74123509773935581 ) ) ;
#291 = DIRECTION ( 'NONE',  ( -1.000000000000000000, 0.000000000000000000, 0.000000000000000000 ) ) ;
#292 = DIRECTION ( 'NONE',  ( 0.000000000000000000, 0.000000000000000000, -1.000000000000000000 ) ) ;
#293 = CIRCLE ( 'NONE', #1022, 0.02935410264610283093 ) ;
#294 = EDGE_CURVE ( 'NONE', #3807, #1917, #2761, .T. ) ;
#295 = CARTESIAN_POINT ( 'NONE',  ( 38.81707066699101460, 38.80803599247679614, 20.73327002838882294 ) ) ;
#296 = ORIENTED_EDGE ( 'NONE', *, *, #4185, .T. ) ;
#297 = PLANE ( 'NONE',  #2428 ) ;
#298 = AXIS2_PLACEMENT_3D ( 'NONE', #5007, #2755, #4691 ) ;
#299 = FACE_OUTER_BOUND ( 'NONE', #3637, .T. ) ;
#300 = ORIENTED_EDGE ( 'NONE', *, *, #1884, .T. ) ;
#301 = CARTESIAN_POINT ( 'NONE',  ( 38.85032077924014260, 38.83157131870844125, 20.65843509468759720 ) ) ;
#302 = AXIS2_PLACEMENT_3D ( 'NONE', #2653, #4296, #2273 ) ;
#303 = EDGE_CURVE ( 'NONE', #1772, #3258, #2293, .T. ) ;
#304 = LINE ( 'NONE', #1857, #2778 ) ;
#305 = ORIENTED_EDGE ( 'NONE', *, *, #1413, .T. ) ;
#306 = DIRECTION ( 'NONE',  ( -0.000000000000000000, -0.000000000000000000, -1.000000000000000000 ) ) ;
#307 = CYLINDRICAL_SURFACE ( 'NONE', #4973, 0.02935410264610283093 ) ;
#308 = ADVANCED_FACE ( 'NONE', ( #372 ), #1126, .F. ) ;
#309 = EDGE_CURVE ( 'NONE', #2715, #2197, #2006, .T. ) ;
#310 = AXIS2_PLACEMENT_3D ( 'NONE', #2730, #382, #4235 ) ;
#311 = CIRCLE ( 'NONE', #4910, 0.03899994794847572166 ) ;
#312 = ORIENTED_EDGE ( 'NONE', *, *, #3126, .T. ) ;
#313 = CARTESIAN_POINT ( 'NONE',  ( 38.85605033100685546, 38.82570483114074023, 20.67243509468759655 ) ) ;
#314 = DIRECTION ( 'NONE',  ( -1.000000000000000000, 0.000000000000000000, 0.000000000000000000 ) ) ;
#315 = CARTESIAN_POINT ( 'NONE',  ( 38.81683702209285514, 38.85717658329821944, 20.67243509468759655 ) ) ;
#316 = EDGE_LOOP ( 'NONE', ( #2097, #1059, #515, #1875 ) ) ;
#317 = ORIENTED_EDGE ( 'NONE', *, *, #1688, .F. ) ;
#318 = DIRECTION ( 'NONE',  ( 1.000000000000000000, 0.000000000000000000, 0.000000000000000000 ) ) ;
#319 = LINE ( 'NONE', #3760, #779 ) ;
#320 = CARTESIAN_POINT ( 'NONE',  ( 38.81456319405412358, 38.80807796851102154, 20.73702351743715155 ) ) ;
#321 = DIRECTION ( 'NONE',  ( -1.000000000000000000, 0.000000000000000000, 0.000000000000000000 ) ) ;
#322 = CARTESIAN_POINT ( 'NONE',  ( 38.78610450620310246, 38.78733087689833070, 20.65843509468759720 ) ) ;
#323 = EDGE_LOOP ( 'NONE', ( #3863, #4169, #375, #4256 ) ) ;
#324 = DIRECTION ( 'NONE',  ( -0.4999999999999360512, 0.8660254037844755670, 0.000000000000000000 ) ) ;
#325 = DIRECTION ( 'NONE',  ( 0.9659258262892763680, 0.2588190451017443605, 0.000000000000000000 ) ) ;
#326 = ORIENTED_EDGE ( 'NONE', *, *, #3612, .F. ) ;
#327 = DIRECTION ( 'NONE',  ( -0.8660254037867568533, -0.4999999999959848784, 0.000000000000000000 ) ) ;
#328 = CARTESIAN_POINT ( 'NONE',  ( 38.81593627949857250, 38.85470462166642136, 20.73523509773935558 ) ) ;
#329 = CARTESIAN_POINT ( 'NONE',  ( 38.84408492975934024, 38.83214048840133614, 20.67243509468759655 ) ) ;
#330 = VECTOR ( 'NONE', #1434, 1.000000000000000000 ) ;
#331 = DIRECTION ( 'NONE',  ( 1.051525492790084115E-07, -0.9999999999999944489, 0.000000000000000000 ) ) ;
#332 = ADVANCED_FACE ( 'NONE', ( #4653 ), #2400, .T. ) ;
#333 = ORIENTED_EDGE ( 'NONE', *, *, #4043, .F. ) ;
#334 = DIRECTION ( 'NONE',  ( 1.051525492790084248E-07, -0.9999999999999945599, -0.000000000000000000 ) ) ;
#335 = EDGE_CURVE ( 'NONE', #3964, #259, #3914, .T. ) ;
#336 = CARTESIAN_POINT ( 'NONE',  ( 38.81593628358015735, 38.81588881765458865, 20.67243509468759655 ) ) ;
#337 = CYLINDRICAL_SURFACE ( 'NONE', #1515, 0.02935410264610283093 ) ;
#338 = EDGE_LOOP ( 'NONE', ( #487, #3121, #4057, #1852 ) ) ;
#339 = ORIENTED_EDGE ( 'NONE', *, *, #1171, .F. ) ;
#340 = CIRCLE ( 'NONE', #2277, 0.001006105236833839843 ) ;
#341 = LINE ( 'NONE', #3358, #3617 ) ;
#342 = CARTESIAN_POINT ( 'NONE',  ( 38.78465691038063312, 38.80847566720867547, 20.67243509468759655 ) ) ;
#343 = EDGE_CURVE ( 'NONE', #413, #1043, #3630, .T. ) ;
#344 = EDGE_LOOP ( 'NONE', ( #3110, #1008, #1317, #2893 ) ) ;
#345 = CARTESIAN_POINT ( 'NONE',  ( 38.79968461283341696, 38.84403746383376443, 20.67243509468759655 ) ) ;
#346 = AXIS2_PLACEMENT_3D ( 'NONE', #4350, #3221, #4374 ) ;
#347 = DIRECTION ( 'NONE',  ( -0.000000000000000000, -0.000000000000000000, 1.000000000000000000 ) ) ;
#348 = ORIENTED_EDGE ( 'NONE', *, *, #983, .F. ) ;
#349 = CARTESIAN_POINT ( 'NONE',  ( 38.81215083568613977, 38.77707301772433368, 20.65843509468759720 ) ) ;
#350 = AXIS2_PLACEMENT_3D ( 'NONE', #3554, #87, #3187 ) ;
#351 = DIRECTION ( 'NONE',  ( 0.000000000000000000, -0.000000000000000000, -1.000000000000000000 ) ) ;
#352 = CIRCLE ( 'NONE', #1620, 0.03899994794847572166 ) ;
#353 = AXIS2_PLACEMENT_3D ( 'NONE', #4383, #4768, #179 ) ;
#354 = CIRCLE ( 'NONE', #4974, 0.03899994794847572166 ) ;
#355 = CIRCLE ( 'NONE', #4800, 0.03600013749698843801 ) ;
#356 = LINE ( 'NONE', #1112, #3078 ) ;
#357 = DIRECTION ( 'NONE',  ( 1.000000000000000000, 0.000000000000000000, 0.000000000000000000 ) ) ;
#358 = DIRECTION ( 'NONE',  ( 0.000000000000000000, 0.000000000000000000, -1.000000000000000000 ) ) ;
#359 = FACE_OUTER_BOUND ( 'NONE', #2802, .T. ) ;
#360 = AXIS2_PLACEMENT_3D ( 'NONE', #3557, #2060, #1301 ) ;
#361 = AXIS2_PLACEMENT_3D ( 'NONE', #1654, #883, #505 ) ;
#362 = VECTOR ( 'NONE', #4535, 1.000000000000000000 ) ;
#363 = VERTEX_POINT ( 'NONE', #554 ) ;
#364 = EDGE_CURVE ( 'NONE', #1862, #4758, #3233, .T. ) ;
#365 = CARTESIAN_POINT ( 'NONE',  ( 38.79295302116460675, 38.79290550343493749, 20.67243509468759655 ) ) ;
#366 = DIRECTION ( 'NONE',  ( 0.000000000000000000, 0.000000000000000000, -1.000000000000000000 ) ) ;
#367 = EDGE_CURVE ( 'NONE', #2357, #1656, #494, .T. ) ;
#368 = ORIENTED_EDGE ( 'NONE', *, *, #1822, .F. ) ;
#369 = EDGE_LOOP ( 'NONE', ( #1142, #2356, #3848, #1783 ) ) ;
#370 = DIRECTION ( 'NONE',  ( 0.000000000000000000, 0.000000000000000000, -1.000000000000000000 ) ) ;
#371 = EDGE_CURVE ( 'NONE', #859, #4708, #3981, .T. ) ;
#372 = FACE_OUTER_BOUND ( 'NONE', #3101, .T. ) ;
#373 = ORIENTED_EDGE ( 'NONE', *, *, #2233, .T. ) ;
#374 = ADVANCED_FACE ( 'NONE', ( #4389 ), #888, .T. ) ;
#375 = ORIENTED_EDGE ( 'NONE', *, *, #2252, .F. ) ;
#376 = DIRECTION ( 'NONE',  ( -1.000000000000000000, 0.000000000000000000, 0.000000000000000000 ) ) ;
#377 = CARTESIAN_POINT ( 'NONE',  ( 38.81593628358015735, 38.81588881765458865, 20.74123509773935581 ) ) ;
#378 = DIRECTION ( 'NONE',  ( -1.000000000000000000, 0.000000000000000000, 0.000000000000000000 ) ) ;
#379 = ORIENTED_EDGE ( 'NONE', *, *, #1666, .T. ) ;
#380 = CARTESIAN_POINT ( 'NONE',  ( 38.78516259144264922, 38.83782541386552367, 20.67243509468759655 ) ) ;
#381 = DIRECTION ( 'NONE',  ( 0.8660254037867568533, 0.4999999999959848784, 0.000000000000000000 ) ) ;
#382 = DIRECTION ( 'NONE',  ( 0.000000000000000000, 0.000000000000000000, -1.000000000000000000 ) ) ;
#383 = CIRCLE ( 'NONE', #3540, 0.002249999999996544695 ) ;
#384 = ORIENTED_EDGE ( 'NONE', *, *, #1199, .T. ) ;
#385 = ORIENTED_EDGE ( 'NONE', *, *, #2995, .T. ) ;
#386 = VERTEX_POINT ( 'NONE', #2110 ) ;
#387 = EDGE_CURVE ( 'NONE', #3800, #1274, #508, .T. ) ;
#388 = CARTESIAN_POINT ( 'NONE',  ( 38.85440921321007579, 38.82227862404251795, 20.67243509468759655 ) ) ;
#389 = ORIENTED_EDGE ( 'NONE', *, *, #1352, .T. ) ;
#390 = VERTEX_POINT ( 'NONE', #2866 ) ;
#391 = ORIENTED_EDGE ( 'NONE', *, *, #2731, .T. ) ;
#392 = CARTESIAN_POINT ( 'NONE',  ( 38.80852313313424418, 38.84716819085410577, 20.67243509468759655 ) ) ;
#393 = VERTEX_POINT ( 'NONE', #1298 ) ;
#394 = DIRECTION ( 'NONE',  ( -1.000000000000000000, 0.000000000000000000, 0.000000000000000000 ) ) ;
#395 = EDGE_CURVE ( 'NONE', #2851, #4406, #3335, .T. ) ;
#396 = ADVANCED_FACE ( 'NONE', ( #940 ), #3602, .F. ) ;
#397 = CARTESIAN_POINT ( 'NONE',  ( 38.81593628358015735, 38.81588881765458865, 20.73923509773934981 ) ) ;
#398 = FACE_OUTER_BOUND ( 'NONE', #4767, .T. ) ;
#399 = ORIENTED_EDGE ( 'NONE', *, *, #983, .T. ) ;
#400 = DIRECTION ( 'NONE',  ( -1.000000000000000000, 0.000000000000000000, 0.000000000000000000 ) ) ;
#401 = ADVANCED_FACE ( 'NONE', ( #4005 ), #1705, .T. ) ;
#402 = AXIS2_PLACEMENT_3D ( 'NONE', #3641, #1638, #2854 ) ;
#403 = FACE_OUTER_BOUND ( 'NONE', #4413, .T. ) ;
#404 = DIRECTION ( 'NONE',  ( -0.000000000000000000, 0.000000000000000000, -1.000000000000000000 ) ) ;
#405 = CARTESIAN_POINT ( 'NONE',  ( 38.81493487493557382, 38.80802142479823402, 20.73725543428815499 ) ) ;
#406 = AXIS2_PLACEMENT_3D ( 'NONE', #4223, #1938, #3490 ) ;
#407 = DIRECTION ( 'NONE',  ( 0.9999999999999945599, 1.051540089572273336E-07, 0.000000000000000000 ) ) ;
#408 = VERTEX_POINT ( 'NONE', #3170 ) ;
#409 = ORIENTED_EDGE ( 'NONE', *, *, #2004, .F. ) ;
#410 = VERTEX_POINT ( 'NONE', #1644 ) ;
#411 = DIRECTION ( 'NONE',  ( -0.4999999999999360512, 0.8660254037844755670, 0.000000000000000000 ) ) ;
#412 = CYLINDRICAL_SURFACE ( 'NONE', #2805, 0.03899994794847572166 ) ;
#413 = VERTEX_POINT ( 'NONE', #2393 ) ;
#414 = EDGE_CURVE ( 'NONE', #2378, #563, #3949, .T. ) ;
#415 = EDGE_LOOP ( 'NONE', ( #115, #2343, #2199, #243 ) ) ;
#416 = DIRECTION ( 'NONE',  ( 0.000000000000000000, 0.000000000000000000, -1.000000000000000000 ) ) ;
#417 = EDGE_LOOP ( 'NONE', ( #1108, #2506, #3832, #4398 ) ) ;
#418 = DIRECTION ( 'NONE',  ( -0.7071067811858567920, 0.7071067811872383535, 0.000000000000000000 ) ) ;
#419 = AXIS2_PLACEMENT_3D ( 'NONE', #690, #1871, #3417 ) ;
#420 = EDGE_CURVE ( 'NONE', #3683, #590, #3972, .T. ) ;
#421 = FACE_OUTER_BOUND ( 'NONE', #4203, .T. ) ;
#422 = DIRECTION ( 'NONE',  ( -0.000000000000000000, -0.000000000000000000, -1.000000000000000000 ) ) ;
#423 = CIRCLE ( 'NONE', #2438, 0.02935410264610283093 ) ;
#424 = FACE_OUTER_BOUND ( 'NONE', #3341, .T. ) ;
#425 = CARTESIAN_POINT ( 'NONE',  ( 38.84721567574129608, 38.80847573797439765, 20.67243509468759655 ) ) ;
#426 = AXIS2_PLACEMENT_3D ( 'NONE', #489, #139, #843 ) ;
#427 = CIRCLE ( 'NONE', #187, 0.03600013749699304544 ) ;
#428 = FACE_OUTER_BOUND ( 'NONE', #593, .T. ) ;
#429 = EDGE_CURVE ( 'NONE', #3375, #2149, #3826, .T. ) ;
#430 = DIRECTION ( 'NONE',  ( 0.000000000000000000, -0.000000000000000000, -1.000000000000000000 ) ) ;
#431 = VECTOR ( 'NONE', #558, 1.000000000000000000 ) ;
#432 = DIRECTION ( 'NONE',  ( 0.000000000000000000, 0.000000000000000000, -1.000000000000000000 ) ) ;
#433 = DIRECTION ( 'NONE',  ( -1.000000000000000000, 0.000000000000000000, 0.000000000000000000 ) ) ;
#434 = CIRCLE ( 'NONE', #2220, 0.01369291142362527580 ) ;
#435 = ORIENTED_EDGE ( 'NONE', *, *, #2312, .T. ) ;
#436 = VERTEX_POINT ( 'NONE', #3809 ) ;
#437 = CARTESIAN_POINT ( 'NONE',  ( 38.82962919500378263, 38.81588881765458865, 20.68033509449686136 ) ) ;
#438 = FACE_BOUND ( 'NONE', #2016, .T. ) ;
#439 = CARTESIAN_POINT ( 'NONE',  ( 38.85475208351041942, 38.81210336976057107, 20.67243509468759655 ) ) ;
#440 = EDGE_LOOP ( 'NONE', ( #2721, #3291, #3413, #4873 ) ) ;
#441 = ORIENTED_EDGE ( 'NONE', *, *, #3605, .T. ) ;
#442 = CARTESIAN_POINT ( 'NONE',  ( 38.78421357956629834, 38.79320256653121390, 20.65843509468759720 ) ) ;
#443 = DIRECTION ( 'NONE',  ( 0.000000000000000000, -0.000000000000000000, -1.000000000000000000 ) ) ;
#444 = EDGE_LOOP ( 'NONE', ( #2633, #2208 ) ) ;
#445 = ORIENTED_EDGE ( 'NONE', *, *, #1499, .F. ) ;
#446 = LINE ( 'NONE', #4803, #2155 ) ;
#447 = DIRECTION ( 'NONE',  ( 0.000000000000000000, 0.000000000000000000, 1.000000000000000000 ) ) ;
#448 = DIRECTION ( 'NONE',  ( -0.000000000000000000, -0.000000000000000000, -1.000000000000000000 ) ) ;
#449 = ADVANCED_FACE ( 'NONE', ( #729 ), #3478, .T. ) ;
#450 = DIRECTION ( 'NONE',  ( 0.000000000000000000, -0.000000000000000000, -1.000000000000000000 ) ) ;
#451 = AXIS2_PLACEMENT_3D ( 'NONE', #4954, #681, #4569 ) ;
#452 = FACE_OUTER_BOUND ( 'NONE', #3480, .T. ) ;
#453 = ADVANCED_FACE ( 'NONE', ( #1498 ), #3049, .F. ) ;
#454 = CYLINDRICAL_SURFACE ( 'NONE', #3792, 0.02935410264610283093 ) ;
#455 = EDGE_CURVE ( 'NONE', #2197, #2149, #2352, .T. ) ;
#456 = AXIS2_PLACEMENT_3D ( 'NONE', #2749, #3043, #2698 ) ;
#457 = ORIENTED_EDGE ( 'NONE', *, *, #3635, .T. ) ;
#458 = VERTEX_POINT ( 'NONE', #2678 ) ;
#459 = CARTESIAN_POINT ( 'NONE',  ( 38.81593628358015735, 38.81588881765458865, 20.65843509468759720 ) ) ;
#460 = AXIS2_PLACEMENT_3D ( 'NONE', #530, #2476, #2504 ) ;
#461 = CARTESIAN_POINT ( 'NONE',  ( 38.81593628358015735, 38.81588881765458865, 20.67243509468759655 ) ) ;
#462 = ORIENTED_EDGE ( 'NONE', *, *, #3873, .T. ) ;
#463 = ORIENTED_EDGE ( 'NONE', *, *, #1698, .F. ) ;
#464 = CARTESIAN_POINT ( 'NONE',  ( 38.83891954599570795, 38.83887213187423981, 20.67243509468759655 ) ) ;
#465 = DIRECTION ( 'NONE',  ( -0.000000000000000000, -0.000000000000000000, -1.000000000000000000 ) ) ;
#466 = DIRECTION ( 'NONE',  ( 0.000000000000000000, 0.000000000000000000, -1.000000000000000000 ) ) ;
#467 = ORIENTED_EDGE ( 'NONE', *, *, #2889, .T. ) ;
#468 = VERTEX_POINT ( 'NONE', #4616 ) ;
#469 = DIRECTION ( 'NONE',  ( -0.000000000000000000, -0.000000000000000000, -1.000000000000000000 ) ) ;
#470 = DIRECTION ( 'NONE',  ( -1.000000000000000000, 0.000000000000000000, 0.000000000000000000 ) ) ;
#471 = VERTEX_POINT ( 'NONE', #1447 ) ;
#472 = FACE_OUTER_BOUND ( 'NONE', #4505, .T. ) ;
#473 = EDGE_CURVE ( 'NONE', #1510, #2842, #1957, .T. ) ;
#474 = CARTESIAN_POINT ( 'NONE',  ( 38.84307886115353625, 38.79963721035465340, 20.67243509468759655 ) ) ;
#475 = CARTESIAN_POINT ( 'NONE',  ( 38.84307882452250738, 38.83214048840133614, 20.65843509468759720 ) ) ;
#476 = DIRECTION ( 'NONE',  ( -0.000000000000000000, -0.000000000000000000, -1.000000000000000000 ) ) ;
#477 = EDGE_LOOP ( 'NONE', ( #2603, #841, #3090, #4339 ) ) ;
#478 = VERTEX_POINT ( 'NONE', #2044 ) ;
#479 = DIRECTION ( 'NONE',  ( -0.000000000000000000, -0.000000000000000000, -1.000000000000000000 ) ) ;
#480 = AXIS2_PLACEMENT_3D ( 'NONE', #3113, #5023, #1462 ) ;
#481 = EDGE_CURVE ( 'NONE', #3626, #1784, #4965, .T. ) ;
#482 = CYLINDRICAL_SURFACE ( 'NONE', #4916, 0.001006105236832866012 ) ;
#483 = AXIS2_PLACEMENT_3D ( 'NONE', #4685, #3136, #418 ) ;
#484 = CARTESIAN_POINT ( 'NONE',  ( 38.79325003245678261, 38.84761152166844766, 20.65843509468759720 ) ) ;
#485 = VERTEX_POINT ( 'NONE', #125 ) ;
#486 = AXIS2_PLACEMENT_3D ( 'NONE', #3160, #2485, #2872 ) ;
#487 = ORIENTED_EDGE ( 'NONE', *, *, #1935, .F. ) ;
#488 = EDGE_CURVE ( 'NONE', #3030, #3800, #4788, .T. ) ;
#489 = CARTESIAN_POINT ( 'NONE',  ( 38.77972966041092917, 38.79602499726693310, 20.65843509468759720 ) ) ;
#490 = CARTESIAN_POINT ( 'NONE',  ( 38.77972966041092917, 38.79602499726693310, 20.67243509468759655 ) ) ;
#491 = ORIENTED_EDGE ( 'NONE', *, *, #335, .T. ) ;
#492 = CARTESIAN_POINT ( 'NONE',  ( 38.81593628358015735, 38.81588881765458865, 20.73923509773934981 ) ) ;
#493 = VERTEX_POINT ( 'NONE', #1283 ) ;
#494 = CIRCLE ( 'NONE', #650, 0.001006105236833839843 ) ;
#495 = DIRECTION ( 'NONE',  ( 0.000000000000000000, -0.000000000000000000, -1.000000000000000000 ) ) ;
#496 = DIRECTION ( 'NONE',  ( 0.000000000000000000, 0.000000000000000000, 1.000000000000000000 ) ) ;
#497 = CARTESIAN_POINT ( 'NONE',  ( 38.85124216823670196, 38.79446487239861341, 20.65843509468759720 ) ) ;
#498 = CARTESIAN_POINT ( 'NONE',  ( 38.84632594352847690, 38.80747638565070901, 20.67243509468759655 ) ) ;
#499 = DIRECTION ( 'NONE',  ( -1.000000000000000000, 0.000000000000000000, 0.000000000000000000 ) ) ;
#500 = VECTOR ( 'NONE', #1004, 1.000000000000000000 ) ;
#501 = CARTESIAN_POINT ( 'NONE',  ( 38.80068009605418666, 38.78759389113961475, 20.67243509468759655 ) ) ;
#502 = EDGE_LOOP ( 'NONE', ( #4400, #2480 ) ) ;
#503 = ORIENTED_EDGE ( 'NONE', *, *, #3584, .F. ) ;
#504 = CARTESIAN_POINT ( 'NONE',  ( 38.84843956162684009, 38.81588885428562463, 20.67243509468759655 ) ) ;
#505 = DIRECTION ( 'NONE',  ( -1.000000000000000000, 0.000000000000000000, 0.000000000000000000 ) ) ;
#506 = FACE_OUTER_BOUND ( 'NONE', #4909, .T. ) ;
#507 = EDGE_CURVE ( 'NONE', #2739, #3563, #989, .T. ) ;
#508 = LINE ( 'NONE', #913, #4380 ) ;
#509 = ORIENTED_EDGE ( 'NONE', *, *, #1832, .T. ) ;
#510 = VERTEX_POINT ( 'NONE', #2441 ) ;
#511 = CARTESIAN_POINT ( 'NONE',  ( 38.80068009605418666, 38.78759389113961475, 20.67243509468759655 ) ) ;
#512 = DIRECTION ( 'NONE',  ( -1.000000000000000000, 0.000000000000000000, 0.000000000000000000 ) ) ;
#513 = EDGE_CURVE ( 'NONE', #3632, #4854, #1669, .T. ) ;
#514 = EDGE_CURVE ( 'NONE', #2842, #4096, #4875, .T. ) ;
#515 = ORIENTED_EDGE ( 'NONE', *, *, #3464, .F. ) ;
#516 = VERTEX_POINT ( 'NONE', #1849 ) ;
#517 = CARTESIAN_POINT ( 'NONE',  ( 38.81687150087525850, 38.78375659873142212, 20.67243509468759655 ) ) ;
#518 = ORIENTED_EDGE ( 'NONE', *, *, #4106, .T. ) ;
#519 = CARTESIAN_POINT ( 'NONE',  ( 38.82232602069689165, 38.85436175878940190, 20.67243509468759655 ) ) ;
#520 = DIRECTION ( 'NONE',  ( -1.000000000000000000, 0.000000000000000000, 0.000000000000000000 ) ) ;
#521 = CARTESIAN_POINT ( 'NONE',  ( 38.81593628358015735, 38.81588881765458865, 20.65843509468759720 ) ) ;
#522 = DIRECTION ( 'NONE',  ( -0.9659258262890429991, 0.2588190451026144978, 0.000000000000000000 ) ) ;
#523 = AXIS2_PLACEMENT_3D ( 'NONE', #734, #3712, #237 ) ;
#524 = DIRECTION ( 'NONE',  ( 1.051525492790084115E-07, -0.9999999999999944489, 0.000000000000000000 ) ) ;
#525 = VERTEX_POINT ( 'NONE', #4532 ) ;
#526 = ORIENTED_EDGE ( 'NONE', *, *, #1255, .T. ) ;
#527 = DIRECTION ( 'NONE',  ( -1.000000000000000000, 0.000000000000000000, 0.000000000000000000 ) ) ;
#528 = AXIS2_PLACEMENT_3D ( 'NONE', #2963, #1091, #4838 ) ;
#529 = DIRECTION ( 'NONE',  ( 0.000000000000000000, 0.000000000000000000, -1.000000000000000000 ) ) ;
#530 = CARTESIAN_POINT ( 'NONE',  ( 38.77464851793652656, 38.81678955616728643, 20.65843509468759720 ) ) ;
#531 = CARTESIAN_POINT ( 'NONE',  ( 38.85244972119164686, 38.80218608749684961, 20.67243509468759655 ) ) ;
#532 = ORIENTED_EDGE ( 'NONE', *, *, #4491, .F. ) ;
#533 = ORIENTED_EDGE ( 'NONE', *, *, #937, .F. ) ;
#534 = CARTESIAN_POINT ( 'NONE',  ( 38.81818628437970631, 38.80828505959705410, 20.73523509773936269 ) ) ;
#535 = ADVANCED_FACE ( 'NONE', ( #4968 ), #297, .F. ) ;
#536 = CARTESIAN_POINT ( 'NONE',  ( 38.78581260775747097, 38.84065896288858966, 20.67243509468759655 ) ) ;
#537 = CARTESIAN_POINT ( 'NONE',  ( 38.82232608996809375, 38.77741588802467021, 20.67243509468759655 ) ) ;
#538 = AXIS2_PLACEMENT_3D ( 'NONE', #3044, #774, #1537 ) ;
#539 = DIRECTION ( 'NONE',  ( 0.000000000000000000, 0.000000000000000000, -1.000000000000000000 ) ) ;
#540 = ORIENTED_EDGE ( 'NONE', *, *, #575, .T. ) ;
#541 = VERTEX_POINT ( 'NONE', #1083 ) ;
#542 = EDGE_CURVE ( 'NONE', #4912, #2357, #257, .T. ) ;
#543 = FACE_OUTER_BOUND ( 'NONE', #629, .T. ) ;
#544 = EDGE_CURVE ( 'NONE', #2575, #3439, #2245, .T. ) ;
#545 = DIRECTION ( 'NONE',  ( 0.000000000000000000, 0.000000000000000000, -1.000000000000000000 ) ) ;
#546 = DIRECTION ( 'NONE',  ( -0.000000000000000000, -0.000000000000000000, 1.000000000000000000 ) ) ;
#547 = EDGE_CURVE ( 'NONE', #2756, #4096, #897, .T. ) ;
#548 = CARTESIAN_POINT ( 'NONE',  ( 38.81732048615872088, 38.82369958138038157, 20.73703278620783763 ) ) ;
#549 = CYLINDRICAL_SURFACE ( 'NONE', #994, 0.001006105236832866012 ) ;
#550 = CARTESIAN_POINT ( 'NONE',  ( 38.84743345639000722, 38.81588885428562463, 20.67243509468759655 ) ) ;
#551 = ORIENTED_EDGE ( 'NONE', *, *, #4140, .T. ) ;
#552 = DIRECTION ( 'NONE',  ( 0.000000000000000000, -0.000000000000000000, -1.000000000000000000 ) ) ;
#553 = CARTESIAN_POINT ( 'NONE',  ( 38.77942284596867495, 38.82959154781232769, 20.67243509468759655 ) ) ;
#554 = CARTESIAN_POINT ( 'NONE',  ( 38.82586595193360068, 38.81588881765458865, 20.74123509773935581 ) ) ;
#555 = VERTEX_POINT ( 'NONE', #4939 ) ;
#556 = ORIENTED_EDGE ( 'NONE', *, *, #1140, .T. ) ;
#557 = CARTESIAN_POINT ( 'NONE',  ( 38.82174443168707967, 38.80348876770213451, 20.74123509773935581 ) ) ;
#558 = DIRECTION ( 'NONE',  ( 0.5000000910647741659, -0.8660253512081603766, 0.000000000000000000 ) ) ;
#559 = CARTESIAN_POINT ( 'NONE',  ( 38.85320808590964248, 38.82213758811026594, 20.65843509468759720 ) ) ;
#560 = CIRCLE ( 'NONE', #406, 0.03899994794847572166 ) ;
#561 = EDGE_CURVE ( 'NONE', #4516, #3505, #1549, .T. ) ;
#562 = CARTESIAN_POINT ( 'NONE',  ( 38.83281231497735320, 38.78852910843471591, 20.67243509468759655 ) ) ;
#563 = VERTEX_POINT ( 'NONE', #2289 ) ;
#564 = CARTESIAN_POINT ( 'NONE',  ( 38.81593628358015735, 38.81588881765458865, 20.67243509468759655 ) ) ;
#565 = ORIENTED_EDGE ( 'NONE', *, *, #3346, .F. ) ;
#566 = DIRECTION ( 'NONE',  ( 0.000000000000000000, 0.000000000000000000, -1.000000000000000000 ) ) ;
#567 = EDGE_CURVE ( 'NONE', #644, #4655, #14, .T. ) ;
#568 = CARTESIAN_POINT ( 'NONE',  ( 38.80223355342241831, 38.77937538004309914, 20.67243509468759655 ) ) ;
#569 = AXIS2_PLACEMENT_3D ( 'NONE', #4746, #1195, #882 ) ;
#570 = CYLINDRICAL_SURFACE ( 'NONE', #4025, 0.03600013749699115806 ) ;
#571 = CARTESIAN_POINT ( 'NONE',  ( 38.81666402091240542, 38.80799143558179765, 20.73736921536808353 ) ) ;
#572 = CYLINDRICAL_SURFACE ( 'NONE', #1353, 0.03899994794847572166 ) ;
#573 = VECTOR ( 'NONE', #1081, 1.000000000000000000 ) ;
#574 = EDGE_CURVE ( 'NONE', #4566, #1427, #3501, .T. ) ;
#575 = EDGE_CURVE ( 'NONE', #555, #2640, #1959, .T. ) ;
#576 = DIRECTION ( 'NONE',  ( 0.000000000000000000, -0.000000000000000000, 1.000000000000000000 ) ) ;
#577 = DIRECTION ( 'NONE',  ( 0.000000000000000000, 0.000000000000000000, -1.000000000000000000 ) ) ;
#578 = AXIS2_PLACEMENT_3D ( 'NONE', #3639, #1715, #2015 ) ;
#579 = VECTOR ( 'NONE', #4690, 0.9999999999999998890 ) ;
#580 = LINE ( 'NONE', #2863, #1349 ) ;
#581 = AXIS2_PLACEMENT_3D ( 'NONE', #695, #4994, #376 ) ;
#582 = VERTEX_POINT ( 'NONE', #4241 ) ;
#583 = EDGE_LOOP ( 'NONE', ( #532, #896, #38, #2956 ) ) ;
#584 = CARTESIAN_POINT ( 'NONE',  ( 38.81623082249556944, 38.82381434100754092, 20.73299957847894603 ) ) ;
#585 = DIRECTION ( 'NONE',  ( 0.000000000000000000, 0.000000000000000000, 1.000000000000000000 ) ) ;
#586 = CIRCLE ( 'NONE', #2535, 0.03899994794847572166 ) ;
#587 = CARTESIAN_POINT ( 'NONE',  ( 38.82218505403583464, 38.77861701532511063, 20.65843509468759720 ) ) ;
#588 = CIRCLE ( 'NONE', #3440, 0.001006105236832866012 ) ;
#589 = DIRECTION ( 'NONE',  ( -0.000000000000000000, -0.000000000000000000, -1.000000000000000000 ) ) ;
#590 = VERTEX_POINT ( 'NONE', #342 ) ;
#591 = ORIENTED_EDGE ( 'NONE', *, *, #2584, .T. ) ;
#592 = FACE_OUTER_BOUND ( 'NONE', #3890, .T. ) ;
#593 = EDGE_LOOP ( 'NONE', ( #1109, #136, #1415, #2493 ) ) ;
#594 = DIRECTION ( 'NONE',  ( -0.000000000000000000, -0.000000000000000000, -1.000000000000000000 ) ) ;
#595 = EDGE_CURVE ( 'NONE', #525, #2742, #4717, .T. ) ;
#596 = CARTESIAN_POINT ( 'NONE',  ( 38.79451233832418211, 38.78058293299805115, 20.67243509468759655 ) ) ;
#597 = DIRECTION ( 'NONE',  ( 0.000000000000000000, 0.000000000000000000, -1.000000000000000000 ) ) ;
#598 = LINE ( 'NONE', #3805, #4718 ) ;
#599 = EDGE_CURVE ( 'NONE', #413, #1661, #1232, .T. ) ;
#600 = ORIENTED_EDGE ( 'NONE', *, *, #507, .T. ) ;
#601 = FACE_OUTER_BOUND ( 'NONE', #916, .T. ) ;
#602 = DIRECTION ( 'NONE',  ( -1.000000000000000000, 0.000000000000000000, 0.000000000000000000 ) ) ;
#603 = EDGE_CURVE ( 'NONE', #1899, #923, #1720, .T. ) ;
#604 = EDGE_CURVE ( 'NONE', #4471, #1933, #4555, .T. ) ;
#605 = CARTESIAN_POINT ( 'NONE',  ( 38.81593628227625459, 38.82828886821778269, 20.73523509773935558 ) ) ;
#606 = AXIS2_PLACEMENT_3D ( 'NONE', #4181, #748, #3065 ) ;
#607 = ORIENTED_EDGE ( 'NONE', *, *, #364, .T. ) ;
#608 = ORIENTED_EDGE ( 'NONE', *, *, #561, .F. ) ;
#609 = CARTESIAN_POINT ( 'NONE',  ( 38.81578764451053587, 38.82381847996006741, 20.73298511899912455 ) ) ;
#610 = DIRECTION ( 'NONE',  ( 0.9999999999999944489, 1.051525562734134667E-07, 0.000000000000000000 ) ) ;
#611 = CARTESIAN_POINT ( 'NONE',  ( 38.84509022601448436, 38.83993631277636638, 20.65843509468759720 ) ) ;
#612 = AXIS2_PLACEMENT_3D ( 'NONE', #4563, #645, #2205 ) ;
#613 = DIRECTION ( 'NONE',  ( -0.000000000000000000, -0.000000000000000000, 1.000000000000000000 ) ) ;
#614 = ORIENTED_EDGE ( 'NONE', *, *, #1445, .F. ) ;
#615 = AXIS2_PLACEMENT_3D ( 'NONE', #3912, #4652, #2005 ) ;
#616 = ORIENTED_EDGE ( 'NONE', *, *, #2370, .F. ) ;
#617 = DIRECTION ( 'NONE',  ( 0.000000000000000000, 0.000000000000000000, -1.000000000000000000 ) ) ;
#618 = VERTEX_POINT ( 'NONE', #203 ) ;
#619 = CARTESIAN_POINT ( 'NONE',  ( 38.78778763740098157, 38.79963714690784826, 20.65843509468759720 ) ) ;
#620 = CIRCLE ( 'NONE', #1119, 0.001006105236834714794 ) ;
#621 = DIRECTION ( 'NONE',  ( -0.000000000000000000, -0.000000000000000000, -1.000000000000000000 ) ) ;
#622 = DIRECTION ( 'NONE',  ( -1.000000000000000000, 0.000000000000000000, 0.000000000000000000 ) ) ;
#623 = ADVANCED_FACE ( 'NONE', ( #1753 ), #1017, .T. ) ;
#624 = VERTEX_POINT ( 'NONE', #4897 ) ;
#625 = FACE_BOUND ( 'NONE', #998, .T. ) ;
#626 = CARTESIAN_POINT ( 'NONE',  ( 38.80671650282291552, 38.84668410572116670, 20.67243509468759655 ) ) ;
#627 = FACE_OUTER_BOUND ( 'NONE', #4289, .T. ) ;
#628 = ADVANCED_FACE ( 'NONE', ( #3432 ), #1496, .T. ) ;
#629 = EDGE_LOOP ( 'NONE', ( #4801, #1701 ) ) ;
#630 = ORIENTED_EDGE ( 'NONE', *, *, #3957, .T. ) ;
#631 = PLANE ( 'NONE',  #2066 ) ;
#632 = CARTESIAN_POINT ( 'NONE',  ( 38.81954708710263446, 38.85350791491937628, 20.67243509468759655 ) ) ;
#633 = DIRECTION ( 'NONE',  ( -0.000000000000000000, -0.000000000000000000, 1.000000000000000000 ) ) ;
#634 = EDGE_CURVE ( 'NONE', #471, #1123, #1019, .T. ) ;
#635 = DIRECTION ( 'NONE',  ( -0.5000000000018076651, -0.8660254037833949869, 0.000000000000000000 ) ) ;
#636 = ORIENTED_EDGE ( 'NONE', *, *, #3061, .F. ) ;
#637 = AXIS2_PLACEMENT_3D ( 'NONE', #3616, #545, #849 ) ;
#638 = EDGE_CURVE ( 'NONE', #3345, #4260, #181, .T. ) ;
#639 = PLANE ( 'NONE',  #899 ) ;
#640 = ORIENTED_EDGE ( 'NONE', *, *, #947, .F. ) ;
#641 = FACE_OUTER_BOUND ( 'NONE', #1450, .T. ) ;
#642 = CIRCLE ( 'NONE', #483, 0.03600013749698843801 ) ;
#643 = DIRECTION ( 'NONE',  ( -0.4999999999959848784, -0.8660254037867568533, 0.000000000000000000 ) ) ;
#644 = VERTEX_POINT ( 'NONE', #69 ) ;
#645 = DIRECTION ( 'NONE',  ( -0.000000000000000000, -0.000000000000000000, -1.000000000000000000 ) ) ;
#646 = DIRECTION ( 'NONE',  ( 0.000000000000000000, -1.000000000000000000, 0.000000000000000000 ) ) ;
#647 = CARTESIAN_POINT ( 'NONE',  ( 38.83799594678815481, 38.79250666107230927, 20.67243509468759655 ) ) ;
#648 = DIRECTION ( 'NONE',  ( -0.7071067811865474617, 0.7071067811865474617, 0.000000000000000000 ) ) ;
#649 = DIRECTION ( 'NONE',  ( 0.000000000000000000, 0.000000000000000000, -1.000000000000000000 ) ) ;
#650 = AXIS2_PLACEMENT_3D ( 'NONE', #2840, #4771, #2425 ) ;
#651 = CARTESIAN_POINT ( 'NONE',  ( 38.78581260775747097, 38.84065896288858966, 20.65843509468759720 ) ) ;
#652 = ORIENTED_EDGE ( 'NONE', *, *, #604, .T. ) ;
#653 = EDGE_LOOP ( 'NONE', ( #1655, #966, #788, #556, #4654, #2307, #1700, #4128, #2374, #4941, #2591, #4297, #802, #1226, #3391, #4321, #2899, #4562, #1934, #3547, #3401, #63, #91, #2925, #2321, #2823, #2449, #1316, #3882, #3068, #4696, #2479, #4018, #6, #1275, #5017, #742, #4179, #2188, #1433, #813, #166, #711, #914, #3595, #4773, #2861, #1667, #3739, #2024, #2581, #2707, #726, #326, #2303, #1632, #4949, #1223, #794, #4168, #2682, #739, #2, #1193, #40, #1582, #2064, #236, #1145, #3385, #1925, #4635, #2926, #2122, #2929, #1395, #3338, #1037, #2691, #5010, #1375, #1049, #2406, #4268, #209, #385, #733, #2911, #1128, #2788, #4590, #4734, #2265, #1716, #2349, #3862, #4085, #3769, #4281, #3732, #1847, #3869, #2174, #1099, #289, #1441 ) ) ;
#654 = CIRCLE ( 'NONE', #350, 0.001006105236834714794 ) ;
#655 = AXIS2_PLACEMENT_3D ( 'NONE', #3321, #4490, #1015 ) ;
#656 = LINE ( 'NONE', #2191, #1914 ) ;
#657 = VECTOR ( 'NONE', #3660, 1.000000000000000000 ) ;
#658 = DIRECTION ( 'NONE',  ( -0.000000000000000000, 0.000000000000000000, 1.000000000000000000 ) ) ;
#659 = CARTESIAN_POINT ( 'NONE',  ( 38.78421353871935651, 38.83857501166063741, 20.65843509468759720 ) ) ;
#660 = CARTESIAN_POINT ( 'NONE',  ( 38.79980667765595115, 38.85139701040941418, 20.67243509468759655 ) ) ;
#661 = ADVANCED_FACE ( 'NONE', ( #424 ), #2041, .T. ) ;
#662 = VERTEX_POINT ( 'NONE', #534 ) ;
#663 = CYLINDRICAL_SURFACE ( 'NONE', #939, 0.03899994794847572166 ) ;
#664 = AXIS2_PLACEMENT_3D ( 'NONE', #3366, #1009, #2986 ) ;
#665 = DIRECTION ( 'NONE',  ( -0.000000000000000000, -0.000000000000000000, 1.000000000000000000 ) ) ;
#666 = EDGE_LOOP ( 'NONE', ( #2661, #3758, #3162, #1829 ) ) ;
#667 = CARTESIAN_POINT ( 'NONE',  ( 38.82992465105225932, 38.81646035697117014, 20.72923509773935535 ) ) ;
#668 = AXIS2_PLACEMENT_3D ( 'NONE', #214, #3500, #854 ) ;
#669 = DIRECTION ( 'NONE',  ( -0.4999999089352162307, -0.8660254563607096001, 0.000000000000000000 ) ) ;
#670 = ORIENTED_EDGE ( 'NONE', *, *, #1915, .F. ) ;
#671 = VERTEX_POINT ( 'NONE', #1708 ) ;
#672 = DIRECTION ( 'NONE',  ( 0.000000000000000000, 0.000000000000000000, -1.000000000000000000 ) ) ;
#673 = EDGE_CURVE ( 'NONE', #2238, #3632, #1803, .T. ) ;
#674 = AXIS2_PLACEMENT_3D ( 'NONE', #902, #153, #499 ) ;
#675 = CARTESIAN_POINT ( 'NONE',  ( 38.81593628358015735, 38.81588881765458865, 20.74123509773935581 ) ) ;
#676 = CARTESIAN_POINT ( 'NONE',  ( 38.78678234114583034, 38.79184132253281092, 20.67243509468759655 ) ) ;
#677 = ORIENTED_EDGE ( 'NONE', *, *, #2933, .F. ) ;
#678 = CARTESIAN_POINT ( 'NONE',  ( 38.79906025218296151, 38.84324852687446139, 20.67243509468759655 ) ) ;
#679 = FACE_OUTER_BOUND ( 'NONE', #19, .T. ) ;
#680 = CARTESIAN_POINT ( 'NONE',  ( 38.79295296936050619, 38.83887208007013214, 20.67243509468759655 ) ) ;
#681 = DIRECTION ( 'NONE',  ( 0.000000000000000000, -0.000000000000000000, -1.000000000000000000 ) ) ;
#682 = ORIENTED_EDGE ( 'NONE', *, *, #2132, .T. ) ;
#683 = FACE_OUTER_BOUND ( 'NONE', #2585, .T. ) ;
#684 = ORIENTED_EDGE ( 'NONE', *, *, #2491, .F. ) ;
#685 = VERTEX_POINT ( 'NONE', #2403 ) ;
#686 = CARTESIAN_POINT ( 'NONE',  ( 38.84673159060835701, 38.80666910766306898, 20.67243509468759655 ) ) ;
#687 = CARTESIAN_POINT ( 'NONE',  ( 38.78516259144264922, 38.83782541386552367, 20.65843509468759720 ) ) ;
#688 = DIRECTION ( 'NONE',  ( 1.000000000000000000, 0.000000000000000000, 0.000000000000000000 ) ) ;
#689 = CARTESIAN_POINT ( 'NONE',  ( 38.81593628358015735, 38.81588881765458865, 20.72923509773935535 ) ) ;
#690 = CARTESIAN_POINT ( 'NONE',  ( 38.80752385157627771, 38.78449305246943624, 20.67243509468759655 ) ) ;
#691 = VERTEX_POINT ( 'NONE', #2481 ) ;
#692 = CARTESIAN_POINT ( 'NONE',  ( 38.85133899647015454, 38.80266451044688125, 20.65843509468759720 ) ) ;
#693 = EDGE_CURVE ( 'NONE', #10, #1597, #654, .T. ) ;
#694 = AXIS2_PLACEMENT_3D ( 'NONE', #1187, #430, #46 ) ;
#695 = CARTESIAN_POINT ( 'NONE',  ( 38.81593628358015735, 38.81588881765458865, 20.65843509468759720 ) ) ;
#696 = ORIENTED_EDGE ( 'NONE', *, *, #151, .T. ) ;
#697 = DIRECTION ( 'NONE',  ( -0.000000000000000000, -0.000000000000000000, 1.000000000000000000 ) ) ;
#698 = AXIS2_PLACEMENT_3D ( 'NONE', #345, #3795, #321 ) ;
#699 = EDGE_CURVE ( 'NONE', #1661, #4600, #4500, .T. ) ;
#700 = DIRECTION ( 'NONE',  ( -0.000000000000000000, -0.000000000000000000, -1.000000000000000000 ) ) ;
#701 = CARTESIAN_POINT ( 'NONE',  ( 38.78764135706518346, 38.83114500518055934, 20.65843509468759720 ) ) ;
#702 = CIRCLE ( 'NONE', #3787, 0.02935410264610490219 ) ;
#703 = DIRECTION ( 'NONE',  ( 0.4999999089352102355, 0.8660254563607132638, 0.000000000000000000 ) ) ;
#704 = ORIENTED_EDGE ( 'NONE', *, *, #4540, .F. ) ;
#705 = CIRCLE ( 'NONE', #4429, 0.001006105236833839843 ) ;
#706 = VECTOR ( 'NONE', #3723, 1.000000000000000000 ) ;
#707 = EDGE_CURVE ( 'NONE', #836, #2407, #993, .T. ) ;
#708 = DIRECTION ( 'NONE',  ( -1.000000000000000000, 0.000000000000000000, 0.000000000000000000 ) ) ;
#709 = DIRECTION ( 'NONE',  ( -1.000000000000000000, 0.000000000000000000, 0.000000000000000000 ) ) ;
#710 = EDGE_LOOP ( 'NONE', ( #4150, #1552, #2515, #1363 ) ) ;
#711 = ORIENTED_EDGE ( 'NONE', *, *, #2904, .T. ) ;
#712 = DIRECTION ( 'NONE',  ( -0.000000000000000000, -0.000000000000000000, 1.000000000000000000 ) ) ;
#713 = DIRECTION ( 'NONE',  ( 0.000000000000000000, -1.000000000000000000, 0.000000000000000000 ) ) ;
#714 = DIRECTION ( 'NONE',  ( 0.4999999999999360512, 0.8660254037844755670, 0.000000000000000000 ) ) ;
#715 = ORIENTED_EDGE ( 'NONE', *, *, #2701, .F. ) ;
#716 = EDGE_LOOP ( 'NONE', ( #975, #4985, #4523, #1678 ) ) ;
#717 = DIRECTION ( 'NONE',  ( 0.000000000000000000, 0.000000000000000000, -1.000000000000000000 ) ) ;
#718 = FACE_OUTER_BOUND ( 'NONE', #129, .T. ) ;
#719 = EDGE_CURVE ( 'NONE', #1230, #220, #1476, .T. ) ;
#720 = AXIS2_PLACEMENT_3D ( 'NONE', #397, #4249, #1089 ) ;
#721 = CARTESIAN_POINT ( 'NONE',  ( 38.79399968736922233, 38.78511512551708051, 20.67243509468759655 ) ) ;
#722 = CARTESIAN_POINT ( 'NONE',  ( 38.83343628358015565, 38.81588881765458865, 20.67333509449686346 ) ) ;
#723 = VECTOR ( 'NONE', #2316, 1.000000000000000000 ) ;
#724 = CARTESIAN_POINT ( 'NONE',  ( 38.78514097655195769, 38.82510852764610831, 20.67243509468759655 ) ) ;
#725 = EDGE_CURVE ( 'NONE', #3030, #3998, #2286, .T. ) ;
#726 = ORIENTED_EDGE ( 'NONE', *, *, #1892, .T. ) ;
#727 = CARTESIAN_POINT ( 'NONE',  ( 38.78063039892361985, 38.83731276291056389, 20.74123509773935581 ) ) ;
#728 = CARTESIAN_POINT ( 'NONE',  ( 38.80223348767934510, 38.85240223059400932, 20.65843509468759720 ) ) ;
#729 = FACE_OUTER_BOUND ( 'NONE', #1373, .T. ) ;
#730 = EDGE_CURVE ( 'NONE', #766, #3239, #4871, .T. ) ;
#731 = CARTESIAN_POINT ( 'NONE',  ( 38.80271197637244995, 38.78048610476458435, 20.67243509468759655 ) ) ;
#732 = CIRCLE ( 'NONE', #3168, 0.03600013749698947191 ) ;
#733 = ORIENTED_EDGE ( 'NONE', *, *, #1070, .F. ) ;
#734 = CARTESIAN_POINT ( 'NONE',  ( 38.81593628358015735, 38.81588881765458865, 20.66543509468759865 ) ) ;
#735 = AXIS2_PLACEMENT_3D ( 'NONE', #2843, #2129, #3675 ) ;
#736 = VECTOR ( 'NONE', #2222, 1.000000000000000000 ) ;
#737 = CARTESIAN_POINT ( 'NONE',  ( 38.80954647719222095, 38.85436174728450709, 20.65843509468759720 ) ) ;
#738 = ORIENTED_EDGE ( 'NONE', *, *, #1529, .T. ) ;
#739 = ORIENTED_EDGE ( 'NONE', *, *, #752, .F. ) ;
#740 = ORIENTED_EDGE ( 'NONE', *, *, #2337, .T. ) ;
#741 = LINE ( 'NONE', #3871, #747 ) ;
#742 = ORIENTED_EDGE ( 'NONE', *, *, #1513, .T. ) ;
#743 = AXIS2_PLACEMENT_3D ( 'NONE', #3991, #2853, #895 ) ;
#744 = CARTESIAN_POINT ( 'NONE',  ( 38.77712048364990238, 38.81967426554860623, 20.67243509468759655 ) ) ;
#745 = CIRCLE ( 'NONE', #2354, 0.03899994794847572166 ) ;
#746 = AXIS2_PLACEMENT_3D ( 'NONE', #4039, #633, #1351 ) ;
#747 = VECTOR ( 'NONE', #4270, 1.000000000000000000 ) ;
#748 = DIRECTION ( 'NONE',  ( 0.000000000000000000, -0.000000000000000000, 1.000000000000000000 ) ) ;
#749 = DIRECTION ( 'NONE',  ( -0.000000000000000000, -0.000000000000000000, -1.000000000000000000 ) ) ;
#750 = CARTESIAN_POINT ( 'NONE',  ( 38.78465689141901862, 38.82330189733477965, 20.65843509468759720 ) ) ;
#751 = VECTOR ( 'NONE', #238, 1.000000000000000000 ) ;
#752 = EDGE_CURVE ( 'NONE', #2387, #4580, #1073, .T. ) ;
#753 = DIRECTION ( 'NONE',  ( -1.000000000000000000, 0.000000000000000000, 0.000000000000000000 ) ) ;
#754 = VERTEX_POINT ( 'NONE', #3196 ) ;
#755 = DIRECTION ( 'NONE',  ( -0.000000000000000000, -0.000000000000000000, 1.000000000000000000 ) ) ;
#756 = ORIENTED_EDGE ( 'NONE', *, *, #920, .F. ) ;
#757 = ORIENTED_EDGE ( 'NONE', *, *, #4326, .T. ) ;
#758 = EDGE_CURVE ( 'NONE', #1130, #836, #3978, .T. ) ;
#759 = DIRECTION ( 'NONE',  ( -0.000000000000000000, -0.000000000000000000, -1.000000000000000000 ) ) ;
#760 = EDGE_CURVE ( 'NONE', #2812, #685, #2931, .T. ) ;
#761 = DIRECTION ( 'NONE',  ( 0.000000000000000000, 0.000000000000000000, -1.000000000000000000 ) ) ;
#762 = DIRECTION ( 'NONE',  ( 0.000000000000000000, 0.000000000000000000, -1.000000000000000000 ) ) ;
#763 = ORIENTED_EDGE ( 'NONE', *, *, #2483, .F. ) ;
#764 = ORIENTED_EDGE ( 'NONE', *, *, #3810, .T. ) ;
#765 = ADVANCED_FACE ( 'NONE', ( #2067 ), #3613, .F. ) ;
#766 = VERTEX_POINT ( 'NONE', #1990 ) ;
#767 = PLANE ( 'NONE',  #3582 ) ;
#768 = ORIENTED_EDGE ( 'NONE', *, *, #4115, .F. ) ;
#769 = CIRCLE ( 'NONE', #1418, 0.001006105236833839843 ) ;
#770 = CARTESIAN_POINT ( 'NONE',  ( 38.82174443168707967, 38.80348876770213451, 20.64075716427210239 ) ) ;
#771 = DIRECTION ( 'NONE',  ( -1.000000000000000000, 0.000000000000000000, 0.000000000000000000 ) ) ;
#772 = DIRECTION ( 'NONE',  ( -0.000000000000000000, -0.000000000000000000, 1.000000000000000000 ) ) ;
#773 = DIRECTION ( 'NONE',  ( -1.000000000000000000, 0.000000000000000000, 0.000000000000000000 ) ) ;
#774 = DIRECTION ( 'NONE',  ( 0.000000000000000000, 0.000000000000000000, 1.000000000000000000 ) ) ;
#775 = VERTEX_POINT ( 'NONE', #924 ) ;
#776 = DIRECTION ( 'NONE',  ( -0.000000000000000000, -0.000000000000000000, -1.000000000000000000 ) ) ;
#777 = AXIS2_PLACEMENT_3D ( 'NONE', #4699, #2309, #3209 ) ;
#778 = CIRCLE ( 'NONE', #2078, 0.001006105236833839843 ) ;
#779 = VECTOR ( 'NONE', #712, 1.000000000000000000 ) ;
#780 = CIRCLE ( 'NONE', #3866, 0.03899994794847572166 ) ;
#781 = DIRECTION ( 'NONE',  ( 0.4999999999959848784, 0.8660254037867568533, 0.000000000000000000 ) ) ;
#782 = CARTESIAN_POINT ( 'NONE',  ( 38.78857657436028461, 38.79901278625739280, 20.67243509468759655 ) ) ;
#783 = FILL_AREA_STYLE_COLOUR ( '', #1162 ) ;
#784 = CARTESIAN_POINT ( 'NONE',  ( 38.80752385157627771, 38.78449305246943624, 20.67243509468759655 ) ) ;
#785 = VECTOR ( 'NONE', #1244, 1.000000000000000000 ) ;
#786 = EDGE_CURVE ( 'NONE', #951, #1984, #4971, .T. ) ;
#787 = AXIS2_PLACEMENT_3D ( 'NONE', #3145, #1212, #1120 ) ;
#788 = ORIENTED_EDGE ( 'NONE', *, *, #76, .T. ) ;
#789 = VERTEX_POINT ( 'NONE', #2464 ) ;
#790 = CARTESIAN_POINT ( 'NONE',  ( 38.81818628488404954, 38.80348876732799113, 20.73523509773935558 ) ) ;
#791 = CARTESIAN_POINT ( 'NONE',  ( 38.84449422433640819, 38.78605704027753376, 20.67243509468759655 ) ) ;
#792 = CARTESIAN_POINT ( 'NONE',  ( 38.84070648305232965, 38.78576518643103554, 20.65843509468759720 ) ) ;
#793 = EDGE_CURVE ( 'NONE', #2743, #4280, #2764, .T. ) ;
#794 = ORIENTED_EDGE ( 'NONE', *, *, #1445, .T. ) ;
#795 = CONICAL_SURFACE ( 'NONE', #720, 0.007929668353440888495, 0.7853981633973923238 ) ;
#796 = CARTESIAN_POINT ( 'NONE',  ( 38.77942287064073668, 38.80218602175377640, 20.67243509468759655 ) ) ;
#797 = ORIENTED_EDGE ( 'NONE', *, *, #4172, .T. ) ;
#798 = LINE ( 'NONE', #3085, #2503 ) ;
#799 = ADVANCED_FACE ( 'NONE', ( #2038 ), #1609, .T. ) ;
#800 = FACE_OUTER_BOUND ( 'NONE', #4834, .T. ) ;
#801 = CARTESIAN_POINT ( 'NONE',  ( 38.83693628358015815, 38.81588881765458865, 20.66543509468759865 ) ) ;
#802 = ORIENTED_EDGE ( 'NONE', *, *, #1402, .T. ) ;
#803 = CARTESIAN_POINT ( 'NONE',  ( 38.79255407519377741, 38.83794842905847844, 20.65843509468759720 ) ) ;
#804 = DIRECTION ( 'NONE',  ( 0.000000000000000000, -0.000000000000000000, -1.000000000000000000 ) ) ;
#805 = DIRECTION ( 'NONE',  ( -0.000000000000000000, -0.000000000000000000, -1.000000000000000000 ) ) ;
#806 = CIRCLE ( 'NONE', #1061, 0.02935410264610433320 ) ;
#807 = DIRECTION ( 'NONE',  ( 0.000000000000000000, -0.000000000000000000, -1.000000000000000000 ) ) ;
#808 = ORIENTED_EDGE ( 'NONE', *, *, #1971, .F. ) ;
#809 = ORIENTED_EDGE ( 'NONE', *, *, #4234, .T. ) ;
#810 = DIRECTION ( 'NONE',  ( -0.000000000000000000, -0.000000000000000000, -1.000000000000000000 ) ) ;
#811 = FACE_OUTER_BOUND ( 'NONE', #3966, .T. ) ;
#812 = FACE_OUTER_BOUND ( 'NONE', #4245, .T. ) ;
#813 = ORIENTED_EDGE ( 'NONE', *, *, #2054, .T. ) ;
#814 = VERTEX_POINT ( 'NONE', #1635 ) ;
#815 = ADVANCED_FACE ( 'NONE', ( #4324, #1279 ), #93, .F. ) ;
#816 = CYLINDRICAL_SURFACE ( 'NONE', #3349, 0.001006105236832866012 ) ;
#817 = VERTEX_POINT ( 'NONE', #3923 ) ;
#818 = ORIENTED_EDGE ( 'NONE', *, *, #2897, .F. ) ;
#819 = LINE ( 'NONE', #744, #2019 ) ;
#820 = ORIENTED_EDGE ( 'NONE', *, *, #1170, .T. ) ;
#821 = CARTESIAN_POINT ( 'NONE',  ( 38.81414839882759793, 38.82361475800927764, 20.73386124880068593 ) ) ;
#822 = AXIS2_PLACEMENT_3D ( 'NONE', #1805, #4347, #3925 ) ;
#823 = EDGE_CURVE ( 'NONE', #951, #77, #4780, .T. ) ;
#824 = AXIS2_PLACEMENT_3D ( 'NONE', #2536, #1835, #2259 ) ;
#825 = FACE_OUTER_BOUND ( 'NONE', #338, .T. ) ;
#826 = EDGE_CURVE ( 'NONE', #478, #3807, #120, .T. ) ;
#827 = DIRECTION ( 'NONE',  ( 0.4999999999999360512, -0.8660254037844755670, 0.000000000000000000 ) ) ;
#828 = VECTOR ( 'NONE', #2846, 1.000000000000000000 ) ;
#829 = CIRCLE ( 'NONE', #3748, 0.001006105236833839843 ) ;
#830 = DIRECTION ( 'NONE',  ( 0.000000000000000000, 0.000000000000000000, -1.000000000000000000 ) ) ;
#831 = CARTESIAN_POINT ( 'NONE',  ( 38.84576806095721224, 38.84444675841084660, 20.67243509468759655 ) ) ;
#832 = VECTOR ( 'NONE', #2169, 1.000000000000000000 ) ;
#833 = CARTESIAN_POINT ( 'NONE',  ( 38.81520927006705080, 38.80799134078019819, 20.73736958382387741 ) ) ;
#834 = CIRCLE ( 'NONE', #2138, 0.001006105236834714794 ) ;
#835 = DIRECTION ( 'NONE',  ( -0.9659258262886698532, -0.2588190451040077167, 0.000000000000000000 ) ) ;
#836 = VERTEX_POINT ( 'NONE', #3588 ) ;
#837 = ORIENTED_EDGE ( 'NONE', *, *, #1540, .F. ) ;
#838 = ORIENTED_EDGE ( 'NONE', *, *, #1228, .T. ) ;
#839 = DIRECTION ( 'NONE',  ( 0.000000000000000000, 0.000000000000000000, -1.000000000000000000 ) ) ;
#840 = LINE ( 'NONE', #2353, #222 ) ;
#841 = ORIENTED_EDGE ( 'NONE', *, *, #4540, .T. ) ;
#842 = EDGE_LOOP ( 'NONE', ( #274, #2409 ) ) ;
#843 = DIRECTION ( 'NONE',  ( -0.5000000000001085798, -0.8660254037843760910, 0.000000000000000000 ) ) ;
#844 = DIRECTION ( 'NONE',  ( 0.9659258262892763680, 0.2588190451017443605, 0.000000000000000000 ) ) ;
#845 = ADVANCED_FACE ( 'NONE', ( #1692 ), #3241, .F. ) ;
#846 = VERTEX_POINT ( 'NONE', #4401 ) ;
#847 = FACE_OUTER_BOUND ( 'NONE', #3240, .T. ) ;
#848 = DIRECTION ( 'NONE',  ( -0.000000000000000000, -0.000000000000000000, -1.000000000000000000 ) ) ;
#849 = DIRECTION ( 'NONE',  ( -1.000000000000000000, 0.000000000000000000, 0.000000000000000000 ) ) ;
#850 = ADVANCED_FACE ( 'NONE', ( #4425, #543 ), #3965, .T. ) ;
#851 = DIRECTION ( 'NONE',  ( -0.2588190451025316197, -0.9659258262890654256, 0.000000000000000000 ) ) ;
#852 = FACE_OUTER_BOUND ( 'NONE', #1890, .T. ) ;
#853 = VECTOR ( 'NONE', #422, 1.000000000000000000 ) ;
#854 = DIRECTION ( 'NONE',  ( 1.000000000000000000, 0.000000000000000000, 0.000000000000000000 ) ) ;
#855 = DIRECTION ( 'NONE',  ( -0.000000000000000000, 0.000000000000000000, 1.000000000000000000 ) ) ;
#856 = EDGE_CURVE ( 'NONE', #1656, #468, #4153, .T. ) ;
#857 = CIRCLE ( 'NONE', #4337, 0.03600013749699115806 ) ;
#858 = ORIENTED_EDGE ( 'NONE', *, *, #1201, .T. ) ;
#859 = VERTEX_POINT ( 'NONE', #517 ) ;
#860 = DIRECTION ( 'NONE',  ( -1.000000000000000000, 0.000000000000000000, 0.000000000000000000 ) ) ;
#861 = VERTEX_POINT ( 'NONE', #2096 ) ;
#862 = AXIS2_PLACEMENT_3D ( 'NONE', #1393, #4497, #1866 ) ;
#863 = DIRECTION ( 'NONE',  ( -1.000000000000000000, 0.000000000000000000, 0.000000000000000000 ) ) ;
#864 = ORIENTED_EDGE ( 'NONE', *, *, #1199, .F. ) ;
#865 = ORIENTED_EDGE ( 'NONE', *, *, #2152, .F. ) ;
#866 = AXIS2_PLACEMENT_3D ( 'NONE', #3205, #4379, #1675 ) ;
#867 = FACE_BOUND ( 'NONE', #444, .T. ) ;
#868 = PLANE ( 'NONE',  #4559 ) ;
#869 = DIRECTION ( 'NONE',  ( -1.000000000000000000, 0.000000000000000000, 0.000000000000000000 ) ) ;
#870 = ORIENTED_EDGE ( 'NONE', *, *, #2648, .F. ) ;
#871 = DIRECTION ( 'NONE',  ( 0.000000000000000000, 0.000000000000000000, 1.000000000000000000 ) ) ;
#872 = VERTEX_POINT ( 'NONE', #4810 ) ;
#873 = DIRECTION ( 'NONE',  ( -0.000000000000000000, 0.000000000000000000, -1.000000000000000000 ) ) ;
#874 = EDGE_CURVE ( 'NONE', #4463, #2820, #4792, .T. ) ;
#875 = DIRECTION ( 'NONE',  ( 0.000000000000000000, 0.000000000000000000, -1.000000000000000000 ) ) ;
#876 = CARTESIAN_POINT ( 'NONE',  ( 38.82916059078787185, 38.85129153054458584, 20.67243509468759655 ) ) ;
#877 = CARTESIAN_POINT ( 'NONE',  ( 38.81772419216351011, 38.80816288053433283, 20.73660895892198752 ) ) ;
#878 = ADVANCED_FACE ( 'NONE', ( #2226, #1058 ), #639, .T. ) ;
#879 = ORIENTED_EDGE ( 'NONE', *, *, #4829, .T. ) ;
#880 = EDGE_LOOP ( 'NONE', ( #1743, #1459 ) ) ;
#881 = CARTESIAN_POINT ( 'NONE',  ( 38.81593628358015735, 38.81588881765458865, 20.73923509773934981 ) ) ;
#882 = DIRECTION ( 'NONE',  ( -1.000000000000000000, 0.000000000000000000, 0.000000000000000000 ) ) ;
#883 = DIRECTION ( 'NONE',  ( 0.000000000000000000, 0.000000000000000000, -1.000000000000000000 ) ) ;
#884 = ADVANCED_FACE ( 'NONE', ( #592 ), #1378, .F. ) ;
#885 = VECTOR ( 'NONE', #1178, 1.000000000000000000 ) ;
#886 = ADVANCED_FACE ( 'NONE', ( #299 ), #2198, .T. ) ;
#887 = DIRECTION ( 'NONE',  ( -0.000000000000000000, -0.000000000000000000, -1.000000000000000000 ) ) ;
#888 = CYLINDRICAL_SURFACE ( 'NONE', #2035, 0.03600013749699115806 ) ;
#889 = VERTEX_POINT ( 'NONE', #2516 ) ;
#890 = ORIENTED_EDGE ( 'NONE', *, *, #2905, .T. ) ;
#891 = DIRECTION ( 'NONE',  ( -0.000000000000000000, -0.000000000000000000, -1.000000000000000000 ) ) ;
#892 = CARTESIAN_POINT ( 'NONE',  ( 38.81593628358015735, 38.81588881765458865, 20.67243509468759655 ) ) ;
#893 = VECTOR ( 'NONE', #539, 1.000000000000000000 ) ;
#894 = VERTEX_POINT ( 'NONE', #2928 ) ;
#895 = DIRECTION ( 'NONE',  ( -1.000000000000000000, 0.000000000000000000, 0.000000000000000000 ) ) ;
#896 = ORIENTED_EDGE ( 'NONE', *, *, #2905, .F. ) ;
#897 = CIRCLE ( 'NONE', #3738, 0.03899994794847572166 ) ;
#898 = DIRECTION ( 'NONE',  ( -0.4999999999959848784, 0.8660254037867568533, 0.000000000000000000 ) ) ;
#899 = AXIS2_PLACEMENT_3D ( 'NONE', #3396, #195, #4857 ) ;
#900 = AXIS2_PLACEMENT_3D ( 'NONE', #490, #3237, #3213 ) ;
#901 = DIRECTION ( 'NONE',  ( 0.000000000000000000, -0.000000000000000000, -1.000000000000000000 ) ) ;
#902 = CARTESIAN_POINT ( 'NONE',  ( 38.84733202980369526, 38.82430132042419757, 20.67243509468759655 ) ) ;
#903 = AXIS2_PLACEMENT_3D ( 'NONE', #3718, #1457, #4833 ) ;
#904 = AXIS2_PLACEMENT_3D ( 'NONE', #680, #231, #1863 ) ;
#905 = CARTESIAN_POINT ( 'NONE',  ( 38.81593628488405301, 38.80348876709139461, 20.73523509773935558 ) ) ;
#906 = EDGE_CURVE ( 'NONE', #436, #493, #3294, .T. ) ;
#907 = ORIENTED_EDGE ( 'NONE', *, *, #85, .F. ) ;
#908 = EDGE_LOOP ( 'NONE', ( #4288, #3684, #3200, #43 ) ) ;
#909 = AXIS2_PLACEMENT_3D ( 'NONE', #1029, #4416, #2543 ) ;
#910 = DIRECTION ( 'NONE',  ( -0.000000000000000000, -0.000000000000000000, -1.000000000000000000 ) ) ;
#911 = VECTOR ( 'NONE', #479, 1.000000000000000000 ) ;
#912 = EDGE_CURVE ( 'NONE', #4426, #4756, #2436, .T. ) ;
#913 = CARTESIAN_POINT ( 'NONE',  ( 38.78421357956629834, 38.79320256653121390, 20.67243509468759655 ) ) ;
#914 = ORIENTED_EDGE ( 'NONE', *, *, #2447, .F. ) ;
#915 = EDGE_CURVE ( 'NONE', #2080, #4626, #3909, .T. ) ;
#916 = EDGE_LOOP ( 'NONE', ( #30, #312 ) ) ;
#917 = CYLINDRICAL_SURFACE ( 'NONE', #4060, 0.007929668353440888495 ) ;
#918 = DIRECTION ( 'NONE',  ( -0.000000000000000000, -0.000000000000000000, -1.000000000000000000 ) ) ;
#919 = DIRECTION ( 'NONE',  ( -1.000000000000000000, 0.000000000000000000, 0.000000000000000000 ) ) ;
#920 = EDGE_CURVE ( 'NONE', #2575, #4959, #2601, .T. ) ;
#921 = DIRECTION ( 'NONE',  ( 0.000000000000000000, 0.000000000000000000, -1.000000000000000000 ) ) ;
#922 = ORIENTED_EDGE ( 'NONE', *, *, #4205, .F. ) ;
#923 = VERTEX_POINT ( 'NONE', #1744 ) ;
#924 = CARTESIAN_POINT ( 'NONE',  ( 38.78042809082533893, 38.79975921173038245, 20.67243509468759655 ) ) ;
#925 = VERTEX_POINT ( 'NONE', #2901 ) ;
#926 = DIRECTION ( 'NONE',  ( -0.000000000000000000, -0.000000000000000000, -1.000000000000000000 ) ) ;
#927 = DIRECTION ( 'NONE',  ( 1.000000000000000000, 0.000000000000000000, -0.000000000000000000 ) ) ;
#928 = DIRECTION ( 'NONE',  ( -1.000000000000000000, 0.000000000000000000, 0.000000000000000000 ) ) ;
#929 = CARTESIAN_POINT ( 'NONE',  ( 38.84733202980369526, 38.82430132042419757, 20.65843509468759720 ) ) ;
#930 = CIRCLE ( 'NONE', #1836, 0.02935410264609803963 ) ;
#931 = CYLINDRICAL_SURFACE ( 'NONE', #2083, 0.001006105236832866012 ) ;
#932 = ORIENTED_EDGE ( 'NONE', *, *, #4961, .F. ) ;
#933 = ORIENTED_EDGE ( 'NONE', *, *, #271, .F. ) ;
#934 = DIRECTION ( 'NONE',  ( 0.000000000000000000, -0.000000000000000000, -1.000000000000000000 ) ) ;
#935 = AXIS2_PLACEMENT_3D ( 'NONE', #4137, #284, #648 ) ;
#936 = FACE_OUTER_BOUND ( 'NONE', #4992, .T. ) ;
#937 = EDGE_CURVE ( 'NONE', #1332, #3759, #2772, .T. ) ;
#938 = DIRECTION ( 'NONE',  ( 0.5000000000001085798, 0.8660254037843760910, 0.000000000000000000 ) ) ;
#939 = AXIS2_PLACEMENT_3D ( 'NONE', #3762, #292, #4936 ) ;
#940 = FACE_OUTER_BOUND ( 'NONE', #2618, .T. ) ;
#941 = VERTEX_POINT ( 'NONE', #219 ) ;
#942 = ORIENTED_EDGE ( 'NONE', *, *, #1261, .T. ) ;
#943 = DIRECTION ( 'NONE',  ( -0.000000000000000000, -0.000000000000000000, -1.000000000000000000 ) ) ;
#944 = AXIS2_PLACEMENT_3D ( 'NONE', #9, #2028, #1550 ) ;
#945 = CARTESIAN_POINT ( 'NONE',  ( 38.82515606433740629, 38.78509352958800349, 20.67243509468759655 ) ) ;
#946 = DIRECTION ( 'NONE',  ( -0.000000000000000000, 0.000000000000000000, 1.000000000000000000 ) ) ;
#947 = EDGE_CURVE ( 'NONE', #11, #1574, #3507, .T. ) ;
#948 = VECTOR ( 'NONE', #1338, 1.000000000000000000 ) ;
#949 = AXIS2_PLACEMENT_3D ( 'NONE', #365, #1908, #3457 ) ;
#950 = CARTESIAN_POINT ( 'NONE',  ( 38.82957911590064271, 38.81471879648790946, 20.64075716427210239 ) ) ;
#951 = VERTEX_POINT ( 'NONE', #1357 ) ;
#952 = CARTESIAN_POINT ( 'NONE',  ( 38.77942284596867495, 38.82959154781232769, 20.67243509468759655 ) ) ;
#953 = ORIENTED_EDGE ( 'NONE', *, *, #3487, .F. ) ;
#954 = CARTESIAN_POINT ( 'NONE',  ( 38.81500106628506330, 38.84802103657775518, 20.74123509773935581 ) ) ;
#955 = EDGE_CURVE ( 'NONE', #4779, #167, #1405, .T. ) ;
#956 = EDGE_CURVE ( 'NONE', #2550, #3166, #4309, .T. ) ;
#957 = DIRECTION ( 'NONE',  ( 1.000000000000000000, 0.000000000000000000, 0.000000000000000000 ) ) ;
#958 = FACE_OUTER_BOUND ( 'NONE', #3469, .T. ) ;
#959 = CARTESIAN_POINT ( 'NONE',  ( 38.78343300553347461, 38.81588878102355267, 20.67243509468759655 ) ) ;
#960 = DIRECTION ( 'NONE',  ( 0.8660254037867568533, 0.4999999999959848784, 0.000000000000000000 ) ) ;
#961 = ORIENTED_EDGE ( 'NONE', *, *, #2556, .F. ) ;
#962 = DIRECTION ( 'NONE',  ( -0.000000000000000000, -0.000000000000000000, 1.000000000000000000 ) ) ;
#963 = CIRCLE ( 'NONE', #4855, 0.03899994794847572166 ) ;
#964 = CARTESIAN_POINT ( 'NONE',  ( 38.81503554506745957, 38.77460105201095786, 20.67243509468759655 ) ) ;
#965 = EDGE_LOOP ( 'NONE', ( #2228, #379 ) ) ;
#966 = ORIENTED_EDGE ( 'NONE', *, *, #2966, .T. ) ;
#967 = EDGE_CURVE ( 'NONE', #2578, #2215, #2121, .T. ) ;
#968 = CIRCLE ( 'NONE', #1214, 0.01850000000001017497 ) ;
#969 = FACE_OUTER_BOUND ( 'NONE', #3207, .T. ) ;
#970 = CARTESIAN_POINT ( 'NONE',  ( 38.78155178792017210, 38.80020631660073605, 20.67243509468759655 ) ) ;
#971 = DIRECTION ( 'NONE',  ( 0.9659258262892763680, -0.2588190451017443605, 0.000000000000000000 ) ) ;
#972 = ORIENTED_EDGE ( 'NONE', *, *, #2194, .F. ) ;
#973 = DIRECTION ( 'NONE',  ( 0.4999999999959848784, 0.8660254037867568533, 0.000000000000000000 ) ) ;
#974 = ORIENTED_EDGE ( 'NONE', *, *, #4083, .T. ) ;
#975 = ORIENTED_EDGE ( 'NONE', *, *, #2125, .T. ) ;
#976 = ADVANCED_FACE ( 'NONE', ( #3340 ), #4911, .F. ) ;
#977 = CARTESIAN_POINT ( 'NONE',  ( 38.79980667765595115, 38.85139701040941418, 20.67243509468759655 ) ) ;
#978 = ORIENTED_EDGE ( 'NONE', *, *, #1861, .T. ) ;
#979 = CARTESIAN_POINT ( 'NONE',  ( 38.82377097015543654, 38.80465879051649125, 20.74123509773935581 ) ) ;
#980 = VECTOR ( 'NONE', #4229, 1.000000000000000000 ) ;
#981 = AXIS2_PLACEMENT_3D ( 'NONE', #2082, #3628, #4030 ) ;
#982 = EDGE_CURVE ( 'NONE', #2999, #4536, #4638, .T. ) ;
#983 = EDGE_CURVE ( 'NONE', #4576, #393, #1823, .T. ) ;
#984 = CARTESIAN_POINT ( 'NONE',  ( 38.78778760076994558, 38.83214042495452389, 20.67243509468759655 ) ) ;
#985 = AXIS2_PLACEMENT_3D ( 'NONE', #4476, #3609, #4777 ) ;
#986 = DIRECTION ( 'NONE',  ( -0.000000000000000000, 0.000000000000000000, 1.000000000000000000 ) ) ;
#987 = CARTESIAN_POINT ( 'NONE',  ( 38.84307882452250738, 38.83214048840133614, 20.67243509468759655 ) ) ;
#988 = CARTESIAN_POINT ( 'NONE',  ( 38.80954654646342306, 38.77741587651977540, 20.67243509468759655 ) ) ;
#989 = CIRCLE ( 'NONE', #1800, 0.01369291142362527580 ) ;
#990 = EDGE_LOOP ( 'NONE', ( #2025, #2262, #1741, #1057 ) ) ;
#991 = DIRECTION ( 'NONE',  ( -0.000000000000000000, -0.000000000000000000, -1.000000000000000000 ) ) ;
#992 = FACE_OUTER_BOUND ( 'NONE', #4063, .T. ) ;
#993 = CIRCLE ( 'NONE', #1633, 0.01369291142362527580 ) ;
#994 = AXIS2_PLACEMENT_3D ( 'NONE', #3645, #2131, #174 ) ;
#995 = CIRCLE ( 'NONE', #1961, 0.03899994794847572166 ) ;
#996 = LINE ( 'NONE', #2424, #3618 ) ;
#997 = VECTOR ( 'NONE', #1793, 1.000000000000000000 ) ;
#998 = EDGE_LOOP ( 'NONE', ( #3329, #4703 ) ) ;
#999 = AXIS2_PLACEMENT_3D ( 'NONE', #1020, #4188, #4086 ) ;
#1000 = ORIENTED_EDGE ( 'NONE', *, *, #1452, .T. ) ;
#1001 = CARTESIAN_POINT ( 'NONE',  ( 38.81493487328103953, 38.82375621030034551, 20.73321476119056328 ) ) ;
#1002 = CARTESIAN_POINT ( 'NONE',  ( 38.79387667217626046, 38.79250660926820160, 20.67243509468759655 ) ) ;
#1003 = VECTOR ( 'NONE', #3917, 1.000000000000000000 ) ;
#1004 = DIRECTION ( 'NONE',  ( -0.000000000000000000, -0.000000000000000000, -1.000000000000000000 ) ) ;
#1005 = ORIENTED_EDGE ( 'NONE', *, *, #2708, .T. ) ;
#1006 = CIRCLE ( 'NONE', #3842, 0.001006105236832866012 ) ;
#1007 = CARTESIAN_POINT ( 'NONE',  ( 38.79295296936050619, 38.83887208007013214, 20.67243509468759655 ) ) ;
#1008 = ORIENTED_EDGE ( 'NONE', *, *, #793, .T. ) ;
#1009 = DIRECTION ( 'NONE',  ( 0.000000000000000000, -0.000000000000000000, -1.000000000000000000 ) ) ;
#1010 = ORIENTED_EDGE ( 'NONE', *, *, #3061, .T. ) ;
#1011 = ADVANCED_FACE ( 'NONE', ( #4151 ), #2492, .T. ) ;
#1012 = CARTESIAN_POINT ( 'NONE',  ( 38.81215083568613977, 38.77707301772433368, 20.67243509468759655 ) ) ;
#1013 = VERTEX_POINT ( 'NONE', #349 ) ;
#1014 = CARTESIAN_POINT ( 'NONE',  ( 38.79325008957410859, 38.78416607279378781, 20.65843509468759720 ) ) ;
#1015 = DIRECTION ( 'NONE',  ( -0.8660254037832296747, -0.5000000000020939916, 0.000000000000000000 ) ) ;
#1016 = ADVANCED_FACE ( 'NONE', ( #3447 ), #3850, .T. ) ;
#1017 = CYLINDRICAL_SURFACE ( 'NONE', #3019, 0.03899994794847572166 ) ;
#1018 = ORIENTED_EDGE ( 'NONE', *, *, #4376, .F. ) ;
#1019 = LINE ( 'NONE', #4113, #3829 ) ;
#1020 = CARTESIAN_POINT ( 'NONE',  ( 38.82434871558404410, 38.84728458283974106, 20.67243509468759655 ) ) ;
#1021 = DIRECTION ( 'NONE',  ( 0.000000000000000000, -0.000000000000000000, -1.000000000000000000 ) ) ;
#1022 = AXIS2_PLACEMENT_3D ( 'NONE', #4263, #80, #1931 ) ;
#1023 = EDGE_CURVE ( 'NONE', #894, #2993, #266, .T. ) ;
#1024 = DIRECTION ( 'NONE',  ( -1.000000000000000000, 0.000000000000000000, 0.000000000000000000 ) ) ;
#1025 = AXIS2_PLACEMENT_3D ( 'NONE', #1877, #1491, #3825 ) ;
#1026 = ORIENTED_EDGE ( 'NONE', *, *, #4930, .T. ) ;
#1027 = VERTEX_POINT ( 'NONE', #2314 ) ;
#1028 = DIRECTION ( 'NONE',  ( 1.000000000000000000, 0.000000000000000000, 0.000000000000000000 ) ) ;
#1029 = CARTESIAN_POINT ( 'NONE',  ( 38.85722404922378814, 38.81498807914189086, 20.67243509468759655 ) ) ;
#1030 = CARTESIAN_POINT ( 'NONE',  ( 38.78465691038063312, 38.80847566720867547, 20.67243509468759655 ) ) ;
#1031 = CIRCLE ( 'NONE', #3380, 0.001006105236836115583 ) ;
#1032 = CARTESIAN_POINT ( 'NONE',  ( 38.82342543488362452, 38.80406030572456899, 20.74123509773935581 ) ) ;
#1033 = ORIENTED_EDGE ( 'NONE', *, *, #599, .F. ) ;
#1034 = CIRCLE ( 'NONE', #3137, 0.03600013749698897231 ) ;
#1035 = DIRECTION ( 'NONE',  ( -0.9659258262890429991, -0.2588190451026144978, 0.000000000000000000 ) ) ;
#1036 = ORIENTED_EDGE ( 'NONE', *, *, #2029, .F. ) ;
#1037 = ORIENTED_EDGE ( 'NONE', *, *, #4793, .T. ) ;
#1038 = CARTESIAN_POINT ( 'NONE',  ( 38.78778763740098157, 38.79963714690784826, 20.67243509468759655 ) ) ;
#1039 = DIRECTION ( 'NONE',  ( -0.000000000000000000, -0.000000000000000000, 1.000000000000000000 ) ) ;
#1040 = ORIENTED_EDGE ( 'NONE', *, *, #4760, .T. ) ;
#1041 = DIRECTION ( 'NONE',  ( -0.000000000000000000, -0.000000000000000000, -1.000000000000000000 ) ) ;
#1042 = DIRECTION ( 'NONE',  ( 0.000000000000000000, 0.000000000000000000, -1.000000000000000000 ) ) ;
#1043 = VERTEX_POINT ( 'NONE', #1107 ) ;
#1044 = CARTESIAN_POINT ( 'NONE',  ( 38.79843628358015906, 38.81588881765458865, 20.67333509449686346 ) ) ;
#1045 = EDGE_CURVE ( 'NONE', #4600, #4272, #1480, .T. ) ;
#1046 = DIRECTION ( 'NONE',  ( -0.4999999999959848784, 0.8660254037867568533, 0.000000000000000000 ) ) ;
#1047 = CARTESIAN_POINT ( 'NONE',  ( 38.81687150087525850, 38.78375659873142212, 20.65843509468759720 ) ) ;
#1048 = EDGE_LOOP ( 'NONE', ( #3789, #1577, #820, #2244 ) ) ;
#1049 = ORIENTED_EDGE ( 'NONE', *, *, #514, .T. ) ;
#1050 = EDGE_CURVE ( 'NONE', #2112, #1531, #185, .T. ) ;
#1051 = DIRECTION ( 'NONE',  ( 0.000000000000000000, 0.000000000000000000, 1.000000000000000000 ) ) ;
#1052 = EDGE_CURVE ( 'NONE', #3018, #186, #1157, .T. ) ;
#1053 = DIRECTION ( 'NONE',  ( 0.000000000000000000, -0.000000000000000000, 1.000000000000000000 ) ) ;
#1054 = DIRECTION ( 'NONE',  ( 0.9999999999999944489, 1.051525562734134667E-07, 0.000000000000000000 ) ) ;
#1055 = DIRECTION ( 'NONE',  ( -0.000000000000000000, -0.000000000000000000, -1.000000000000000000 ) ) ;
#1056 = DIRECTION ( 'NONE',  ( -0.000000000000000000, 0.000000000000000000, 1.000000000000000000 ) ) ;
#1057 = ORIENTED_EDGE ( 'NONE', *, *, #1921, .F. ) ;
#1058 = FACE_OUTER_BOUND ( 'NONE', #4363, .T. ) ;
#1059 = ORIENTED_EDGE ( 'NONE', *, *, #1664, .F. ) ;
#1060 = DIRECTION ( 'NONE',  ( 0.000000000000000000, 0.000000000000000000, -1.000000000000000000 ) ) ;
#1061 = AXIS2_PLACEMENT_3D ( 'NONE', #2958, #4154, #4835 ) ;
#1062 = DIRECTION ( 'NONE',  ( -0.000000000000000000, 0.000000000000000000, -1.000000000000000000 ) ) ;
#1063 = DIRECTION ( 'NONE',  ( -0.000000000000000000, -0.000000000000000000, -1.000000000000000000 ) ) ;
#1064 = CARTESIAN_POINT ( 'NONE',  ( 38.81593628488405301, 38.80348876709139461, 20.73523509773935558 ) ) ;
#1065 = CIRCLE ( 'NONE', #985, 0.02935410264609947945 ) ;
#1066 = DIRECTION ( 'NONE',  ( 0.8660254037845108721, -0.4999999999998750999, 0.000000000000000000 ) ) ;
#1067 = PLANE ( 'NONE',  #2890 ) ;
#1068 = VERTEX_POINT ( 'NONE', #3062 ) ;
#1069 = DIRECTION ( 'NONE',  ( -0.000000000000000000, -0.000000000000000000, -1.000000000000000000 ) ) ;
#1070 = EDGE_CURVE ( 'NONE', #3683, #2558, #354, .T. ) ;
#1071 = ORIENTED_EDGE ( 'NONE', *, *, #110, .T. ) ;
#1072 = EDGE_LOOP ( 'NONE', ( #1507, #2258, #1713, #1122 ) ) ;
#1073 = CIRCLE ( 'NONE', #2126, 0.03899994794847572166 ) ;
#1074 = CIRCLE ( 'NONE', #4473, 0.03600013749698689064 ) ;
#1075 = CARTESIAN_POINT ( 'NONE',  ( 38.77582223615345924, 38.80607280416843707, 20.67243509468759655 ) ) ;
#1076 = DIRECTION ( 'NONE',  ( 0.000000000000000000, 1.000000000000000000, 0.000000000000000000 ) ) ;
#1077 = AXIS2_PLACEMENT_3D ( 'NONE', #3083, #4629, #1554 ) ;
#1078 = ADVANCED_FACE ( 'NONE', ( #4656 ), #37, .T. ) ;
#1079 = CIRCLE ( 'NONE', #2529, 0.02935410264609930597 ) ;
#1080 = EDGE_CURVE ( 'NONE', #186, #4854, #3434, .T. ) ;
#1081 = DIRECTION ( 'NONE',  ( -0.000000000000000000, -0.000000000000000000, -1.000000000000000000 ) ) ;
#1082 = VERTEX_POINT ( 'NONE', #4603 ) ;
#1083 = CARTESIAN_POINT ( 'NONE',  ( 38.78764139369621944, 38.80063256668180571, 20.67243509468759655 ) ) ;
#1084 = DIRECTION ( 'NONE',  ( 1.000000000000000000, -1.381605598238730216E-12, 0.000000000000000000 ) ) ;
#1085 = ORIENTED_EDGE ( 'NONE', *, *, #3671, .F. ) ;
#1086 = CARTESIAN_POINT ( 'NONE',  ( 38.77582223615345924, 38.80607280416843707, 20.65843509468759720 ) ) ;
#1087 = EDGE_CURVE ( 'NONE', #4655, #1299, #3103, .T. ) ;
#1088 = CIRCLE ( 'NONE', #276, 0.03600013749698947191 ) ;
#1089 = DIRECTION ( 'NONE',  ( 1.000000000000000000, 0.000000000000000000, 0.000000000000000000 ) ) ;
#1090 = EDGE_LOOP ( 'NONE', ( #2611, #389 ) ) ;
#1091 = DIRECTION ( 'NONE',  ( 0.000000000000000000, 0.000000000000000000, -1.000000000000000000 ) ) ;
#1092 = CARTESIAN_POINT ( 'NONE',  ( 38.81368628437970614, 38.80828505912386817, 20.73523509773935558 ) ) ;
#1093 = ORIENTED_EDGE ( 'NONE', *, *, #2290, .F. ) ;
#1094 = CARTESIAN_POINT ( 'NONE',  ( 38.84070642881416546, 38.84601249347727503, 20.67243509468759655 ) ) ;
#1095 = CARTESIAN_POINT ( 'NONE',  ( 38.84733202980369526, 38.82430132042419757, 20.67243509468759655 ) ) ;
#1096 = CARTESIAN_POINT ( 'NONE',  ( 38.80671657358863769, 38.78509351062638899, 20.67243509468759655 ) ) ;
#1097 = CARTESIAN_POINT ( 'NONE',  ( 38.81593627949857250, 38.85470462166642136, 20.73523509773935558 ) ) ;
#1098 = ORIENTED_EDGE ( 'NONE', *, *, #420, .F. ) ;
#1099 = ORIENTED_EDGE ( 'NONE', *, *, #1440, .T. ) ;
#1100 = CARTESIAN_POINT ( 'NONE',  ( 38.84733202980369526, 38.82430132042419757, 20.65843509468759720 ) ) ;
#1101 = DIRECTION ( 'NONE',  ( -1.000000000000000000, 0.000000000000000000, 0.000000000000000000 ) ) ;
#1102 = EDGE_CURVE ( 'NONE', #541, #4294, #2719, .T. ) ;
#1103 = CARTESIAN_POINT ( 'NONE',  ( 38.81578961401499583, 38.80795913149312781, 20.73298503503293588 ) ) ;
#1104 = ORIENTED_EDGE ( 'NONE', *, *, #3254, .T. ) ;
#1105 = CIRCLE ( 'NONE', #1342, 0.001006105236833839843 ) ;
#1106 = EDGE_CURVE ( 'NONE', #3528, #2747, #1919, .T. ) ;
#1107 = CARTESIAN_POINT ( 'NONE',  ( 38.85244972119164686, 38.80218608749684961, 20.65843509468759720 ) ) ;
#1108 = ORIENTED_EDGE ( 'NONE', *, *, #2458, .T. ) ;
#1109 = ORIENTED_EDGE ( 'NONE', *, *, #3000, .T. ) ;
#1110 = DIRECTION ( 'NONE',  ( 0.000000000000000000, 0.000000000000000000, -1.000000000000000000 ) ) ;
#1111 = VECTOR ( 'NONE', #1879, 1.000000000000000000 ) ;
#1112 = CARTESIAN_POINT ( 'NONE',  ( 38.80943706741152965, 38.80348876640798750, 20.74123509773935581 ) ) ;
#1113 = EDGE_CURVE ( 'NONE', #4534, #3439, #741, .T. ) ;
#1114 = CARTESIAN_POINT ( 'NONE',  ( 38.81593628358015735, 38.81588881765458865, 20.65843509468759720 ) ) ;
#1115 = EDGE_CURVE ( 'NONE', #4572, #10, #1530, .T. ) ;
#1116 = AXIS2_PLACEMENT_3D ( 'NONE', #2637, #4116, #4214 ) ;
#1117 = DIRECTION ( 'NONE',  ( -1.000000000000000000, 0.000000000000000000, 0.000000000000000000 ) ) ;
#1118 = ORIENTED_EDGE ( 'NONE', *, *, #1165, .F. ) ;
#1119 = AXIS2_PLACEMENT_3D ( 'NONE', #784, #51, #1166 ) ;
#1120 = DIRECTION ( 'NONE',  ( 0.9659258262890429991, 0.2588190451026144978, 0.000000000000000000 ) ) ;
#1121 = CARTESIAN_POINT ( 'NONE',  ( 38.84307886115353625, 38.79963721035465340, 20.65843509468759720 ) ) ;
#1122 = ORIENTED_EDGE ( 'NONE', *, *, #906, .T. ) ;
#1123 = VERTEX_POINT ( 'NONE', #5020 ) ;
#1124 = DIRECTION ( 'NONE',  ( -0.7071067811870409558, -0.7071067811860540786, 0.000000000000000000 ) ) ;
#1125 = ORIENTED_EDGE ( 'NONE', *, *, #3525, .F. ) ;
#1126 = CYLINDRICAL_SURFACE ( 'NONE', #419, 0.001006105236832866012 ) ;
#1127 = ORIENTED_EDGE ( 'NONE', *, *, #4786, .T. ) ;
#1128 = ORIENTED_EDGE ( 'NONE', *, *, #3845, .T. ) ;
#1129 = CARTESIAN_POINT ( 'NONE',  ( 38.78764139369621944, 38.80063256668180571, 20.67243509468759655 ) ) ;
#1130 = VERTEX_POINT ( 'NONE', #3892 ) ;
#1131 = DIRECTION ( 'NONE',  ( 0.000000000000000000, 0.000000000000000000, -1.000000000000000000 ) ) ;
#1132 = VECTOR ( 'NONE', #3946, 1.000000000000000000 ) ;
#1133 = EDGE_CURVE ( 'NONE', #775, #3528, #3025, .T. ) ;
#1134 = AXIS2_PLACEMENT_3D ( 'NONE', #3451, #700, #2319 ) ;
#1135 = DIRECTION ( 'NONE',  ( -1.000000000000000000, 0.000000000000000000, 0.000000000000000000 ) ) ;
#1136 = DIRECTION ( 'NONE',  ( -0.000000000000000000, 0.000000000000000000, -1.000000000000000000 ) ) ;
#1137 = CARTESIAN_POINT ( 'NONE',  ( 38.83799589498405425, 38.83927102604097570, 20.65843509468759720 ) ) ;
#1138 = EDGE_CURVE ( 'NONE', #363, #77, #2614, .T. ) ;
#1139 = AXIS2_PLACEMENT_3D ( 'NONE', #4009, #946, #3559 ) ;
#1140 = EDGE_CURVE ( 'NONE', #859, #3462, #2211, .T. ) ;
#1141 = FACE_BOUND ( 'NONE', #1578, .T. ) ;
#1142 = ORIENTED_EDGE ( 'NONE', *, *, #1192, .T. ) ;
#1143 = LINE ( 'NONE', #2348, #2978 ) ;
#1144 = ORIENTED_EDGE ( 'NONE', *, *, #1615, .T. ) ;
#1145 = ORIENTED_EDGE ( 'NONE', *, *, #2159, .T. ) ;
#1146 = DIRECTION ( 'NONE',  ( 0.000000000000000000, 0.000000000000000000, -1.000000000000000000 ) ) ;
#1147 = DIRECTION ( 'NONE',  ( -0.000000000000000000, -0.000000000000000000, 1.000000000000000000 ) ) ;
#1148 = AXIS2_PLACEMENT_3D ( 'NONE', #2408, #4370, #2437 ) ;
#1149 = CARTESIAN_POINT ( 'NONE',  ( 38.81795705159492371, 38.80822072944405221, 20.73423474178492754 ) ) ;
#1150 = ORIENTED_EDGE ( 'NONE', *, *, #4663, .F. ) ;
#1151 = ORIENTED_EDGE ( 'NONE', *, *, #4445, .T. ) ;
#1152 = CARTESIAN_POINT ( 'NONE',  ( 38.85124216823670196, 38.79446487239861341, 20.67243509468759655 ) ) ;
#1153 = VERTEX_POINT ( 'NONE', #12 ) ;
#1154 = VECTOR ( 'NONE', #4446, 1.000000000000000000 ) ;
#1155 = DIRECTION ( 'NONE',  ( 0.000000000000000000, 0.000000000000000000, -1.000000000000000000 ) ) ;
#1156 = AXIS2_PLACEMENT_3D ( 'NONE', #117, #443, #844 ) ;
#1157 = CIRCLE ( 'NONE', #3269, 0.02935410264609930597 ) ;
#1158 = LINE ( 'NONE', #4415, #3458 ) ;
#1159 = DIRECTION ( 'NONE',  ( 0.9659258262890654256, -0.2588190451025316197, 0.000000000000000000 ) ) ;
#1160 = DIRECTION ( 'NONE',  ( -1.000000000000000000, 0.000000000000000000, 0.000000000000000000 ) ) ;
#1161 = ADVANCED_FACE ( 'NONE', ( #2694 ), #767, .F. ) ;
#1162 = COLOUR_RGB ( '',0.7921568627450980005, 0.8196078431372548767, 0.9333333333333333481 ) ;
#1163 = CYLINDRICAL_SURFACE ( 'NONE', #2072, 0.001006105236832866012 ) ;
#1164 = CARTESIAN_POINT ( 'NONE',  ( 38.81593628358015735, 38.81588881765458865, 20.67243509468759655 ) ) ;
#1165 = EDGE_CURVE ( 'NONE', #2402, #458, #2795, .T. ) ;
#1166 = DIRECTION ( 'NONE',  ( 0.9659258262892763680, -0.2588190451017443605, 0.000000000000000000 ) ) ;
#1167 = ORIENTED_EDGE ( 'NONE', *, *, #3773, .F. ) ;
#1168 = ORIENTED_EDGE ( 'NONE', *, *, #1664, .T. ) ;
#1169 = CARTESIAN_POINT ( 'NONE',  ( 38.81012813808102635, 38.80348876648065470, 20.74123509773935581 ) ) ;
#1170 = EDGE_CURVE ( 'NONE', #220, #2550, #2380, .T. ) ;
#1171 = EDGE_CURVE ( 'NONE', #1153, #4730, #1686, .T. ) ;
#1172 = CYLINDRICAL_SURFACE ( 'NONE', #4920, 0.02935410264610283093 ) ;
#1173 = CARTESIAN_POINT ( 'NONE',  ( 38.82963901373789639, 38.85240225526607816, 20.67243509468759655 ) ) ;
#1174 = ORIENTED_EDGE ( 'NONE', *, *, #3555, .T. ) ;
#1175 = DIRECTION ( 'NONE',  ( 0.7071067811865474617, 0.7071067811865474617, 0.000000000000000000 ) ) ;
#1176 = CIRCLE ( 'NONE', #3785, 0.03899994794847572166 ) ;
#1177 = ORIENTED_EDGE ( 'NONE', *, *, #937, .T. ) ;
#1178 = DIRECTION ( 'NONE',  ( -0.000000000000000000, -0.000000000000000000, -1.000000000000000000 ) ) ;
#1179 = VECTOR ( 'NONE', #1041, 1.000000000000000000 ) ;
#1180 = FACE_OUTER_BOUND ( 'NONE', #1804, .T. ) ;
#1181 = CYLINDRICAL_SURFACE ( 'NONE', #1843, 0.001006105236832866012 ) ;
#1182 = DIRECTION ( 'NONE',  ( -1.000000000000000000, 0.000000000000000000, 0.000000000000000000 ) ) ;
#1183 = CIRCLE ( 'NONE', #2389, 0.03899994794847572166 ) ;
#1184 = AXIS2_PLACEMENT_3D ( 'NONE', #3387, #2948, #4574 ) ;
#1185 = EDGE_CURVE ( 'NONE', #1889, #4695, #4341, .T. ) ;
#1186 = CIRCLE ( 'NONE', #1116, 0.03600013749698843801 ) ;
#1187 = CARTESIAN_POINT ( 'NONE',  ( 38.84843956162684009, 38.81588885428562463, 20.67243509468759655 ) ) ;
#1188 = DIRECTION ( 'NONE',  ( 0.000000000000000000, 0.000000000000000000, -1.000000000000000000 ) ) ;
#1189 = FACE_OUTER_BOUND ( 'NONE', #4036, .T. ) ;
#1190 = AXIS2_PLACEMENT_3D ( 'NONE', #3172, #1951, #433 ) ;
#1191 = CIRCLE ( 'NONE', #298, 0.03600013749699044335 ) ;
#1192 = EDGE_CURVE ( 'NONE', #4013, #1524, #2689, .T. ) ;
#1193 = ORIENTED_EDGE ( 'NONE', *, *, #1766, .T. ) ;
#1194 = ORIENTED_EDGE ( 'NONE', *, *, #2563, .T. ) ;
#1195 = DIRECTION ( 'NONE',  ( -0.000000000000000000, -0.000000000000000000, -1.000000000000000000 ) ) ;
#1196 = DIRECTION ( 'NONE',  ( -0.8660254037867568533, -0.4999999999959848784, 0.000000000000000000 ) ) ;
#1197 = FACE_OUTER_BOUND ( 'NONE', #316, .T. ) ;
#1198 = AXIS2_PLACEMENT_3D ( 'NONE', #4501, #2977, #2620 ) ;
#1199 = EDGE_CURVE ( 'NONE', #3840, #555, #4290, .T. ) ;
#1200 = ORIENTED_EDGE ( 'NONE', *, *, #4515, .T. ) ;
#1201 = EDGE_CURVE ( 'NONE', #155, #1728, #4732, .T. ) ;
#1202 = ORIENTED_EDGE ( 'NONE', *, *, #595, .T. ) ;
#1203 = DIRECTION ( 'NONE',  ( 0.000000000000000000, -0.000000000000000000, -1.000000000000000000 ) ) ;
#1204 = ORIENTED_EDGE ( 'NONE', *, *, #455, .T. ) ;
#1205 = CARTESIAN_POINT ( 'NONE',  ( 38.84806850250332388, 38.81495367362155946, 20.65843509468759720 ) ) ;
#1206 = ORIENTED_EDGE ( 'NONE', *, *, #1698, .T. ) ;
#1207 = ORIENTED_EDGE ( 'NONE', *, *, #4359, .T. ) ;
#1208 = CARTESIAN_POINT ( 'NONE',  ( 38.81480586705131941, 38.82373846080964341, 20.73328420500654801 ) ) ;
#1209 = DIRECTION ( 'NONE',  ( 0.000000000000000000, -0.000000000000000000, -1.000000000000000000 ) ) ;
#1210 = ORIENTED_EDGE ( 'NONE', *, *, #826, .F. ) ;
#1211 = CARTESIAN_POINT ( 'NONE',  ( 38.78857653772924863, 38.83276478560497225, 20.67243509468759655 ) ) ;
#1212 = DIRECTION ( 'NONE',  ( -0.000000000000000000, 0.000000000000000000, 1.000000000000000000 ) ) ;
#1213 = CARTESIAN_POINT ( 'NONE',  ( 38.78380406465699082, 38.81682396168761784, 20.67243509468759655 ) ) ;
#1214 = AXIS2_PLACEMENT_3D ( 'NONE', #3296, #1460, #2551 ) ;
#1215 = CARTESIAN_POINT ( 'NONE',  ( 38.83791344075887508, 38.83887213187423981, 20.65843509468759720 ) ) ;
#1216 = VERTEX_POINT ( 'NONE', #1276 ) ;
#1217 = ORIENTED_EDGE ( 'NONE', *, *, #2004, .T. ) ;
#1218 = DIRECTION ( 'NONE',  ( 0.000000000000000000, 0.000000000000000000, 1.000000000000000000 ) ) ;
#1219 = AXIS2_PLACEMENT_3D ( 'NONE', #4186, #2206, #3403 ) ;
#1220 = ADVANCED_FACE ( 'NONE', ( #3236 ), #868, .F. ) ;
#1221 = DIRECTION ( 'NONE',  ( -1.000000000000000000, 0.000000000000000000, -0.000000000000000000 ) ) ;
#1222 = ORIENTED_EDGE ( 'NONE', *, *, #3446, .F. ) ;
#1223 = ORIENTED_EDGE ( 'NONE', *, *, #2187, .F. ) ;
#1224 = AXIS2_PLACEMENT_3D ( 'NONE', #3164, #772, #1376 ) ;
#1225 = DIRECTION ( 'NONE',  ( -0.000000000000000000, -0.000000000000000000, -1.000000000000000000 ) ) ;
#1226 = ORIENTED_EDGE ( 'NONE', *, *, #3376, .F. ) ;
#1227 = CARTESIAN_POINT ( 'NONE',  ( 38.80068009605418666, 38.78759389113961475, 20.65843509468759720 ) ) ;
#1228 = EDGE_CURVE ( 'NONE', #4604, #1650, #3961, .T. ) ;
#1229 = AXIS2_PLACEMENT_3D ( 'NONE', #2713, #3129, #2355 ) ;
#1230 = VERTEX_POINT ( 'NONE', #116 ) ;
#1231 = CYLINDRICAL_SURFACE ( 'NONE', #2965, 0.03000003113258031817 ) ;
#1232 = CIRCLE ( 'NONE', #2684, 0.02935410264610490219 ) ;
#1233 = AXIS2_PLACEMENT_3D ( 'NONE', #2725, #1969, #827 ) ;
#1234 = CARTESIAN_POINT ( 'NONE',  ( 38.83161878463400996, 38.78150432199460340, 20.67243509468759655 ) ) ;
#1235 = CIRCLE ( 'NONE', #3185, 0.02935410264610283093 ) ;
#1236 = CARTESIAN_POINT ( 'NONE',  ( 38.83580010396781290, 38.77968219448536047, 20.67243509468759655 ) ) ;
#1237 = DIRECTION ( 'NONE',  ( -0.000000000000000000, -0.000000000000000000, -1.000000000000000000 ) ) ;
#1238 = ADVANCED_FACE ( 'NONE', ( #1659 ), #816, .F. ) ;
#1239 = AXIS2_PLACEMENT_3D ( 'NONE', #4884, #2955, #3667 ) ;
#1240 = AXIS2_PLACEMENT_3D ( 'NONE', #504, #3597, #79 ) ;
#1241 = PRESENTATION_LAYER_ASSIGNMENT (  '', '', ( #270 ) ) ;
#1242 = CARTESIAN_POINT ( 'NONE',  ( 38.81593628358015735, 38.81588881765458865, 20.74123509773935581 ) ) ;
#1243 = AXIS2_PLACEMENT_3D ( 'NONE', #2989, #4487, #4943 ) ;
#1244 = DIRECTION ( 'NONE',  ( 1.051525492790084248E-07, -0.9999999999999945599, -0.000000000000000000 ) ) ;
#1245 = ORIENTED_EDGE ( 'NONE', *, *, #3989, .T. ) ;
#1246 = ORIENTED_EDGE ( 'NONE', *, *, #4914, .F. ) ;
#1247 = FACE_OUTER_BOUND ( 'NONE', #4546, .T. ) ;
#1248 = CARTESIAN_POINT ( 'NONE',  ( 38.79743628358014718, 38.81588881765458865, 20.66573509468759795 ) ) ;
#1249 = DIRECTION ( 'NONE',  ( -0.000000000000000000, -0.000000000000000000, -1.000000000000000000 ) ) ;
#1250 = VERTEX_POINT ( 'NONE', #3188 ) ;
#1251 = ORIENTED_EDGE ( 'NONE', *, *, #4293, .F. ) ;
#1252 = DIRECTION ( 'NONE',  ( 0.4999999089352102355, 0.8660254563607132638, 0.000000000000000000 ) ) ;
#1253 = LINE ( 'NONE', #4805, #1368 ) ;
#1254 = ORIENTED_EDGE ( 'NONE', *, *, #567, .F. ) ;
#1255 = EDGE_CURVE ( 'NONE', #188, #4708, #2852, .T. ) ;
#1256 = DIRECTION ( 'NONE',  ( 1.000000000000000000, 0.000000000000000000, 0.000000000000000000 ) ) ;
#1257 = ORIENTED_EDGE ( 'NONE', *, *, #1080, .T. ) ;
#1258 = LINE ( 'NONE', #1718, #1132 ) ;
#1259 = AXIS2_PLACEMENT_3D ( 'NONE', #2652, #2697, #3803 ) ;
#1260 = EDGE_CURVE ( 'NONE', #273, #516, #586, .T. ) ;
#1261 = EDGE_CURVE ( 'NONE', #2387, #273, #3212, .T. ) ;
#1262 = DIRECTION ( 'NONE',  ( 0.000000000000000000, 0.000000000000000000, 1.000000000000000000 ) ) ;
#1263 = CARTESIAN_POINT ( 'NONE',  ( 38.81763015433627828, 38.82363617486189611, 20.73672325089751922 ) ) ;
#1264 = VECTOR ( 'NONE', #1517, 1.000000000000000000 ) ;
#1265 = CARTESIAN_POINT ( 'NONE',  ( 38.81623082416233217, 38.80796329436359571, 20.73747061699977223 ) ) ;
#1266 = VECTOR ( 'NONE', #2763, 1.000000000000000000 ) ;
#1267 = ORIENTED_EDGE ( 'NONE', *, *, #4706, .T. ) ;
#1268 = ORIENTED_EDGE ( 'NONE', *, *, #3287, .T. ) ;
#1269 = CARTESIAN_POINT ( 'NONE',  ( 38.77712049046573384, 38.81210329987204233, 20.65843509468759720 ) ) ;
#1270 = DIRECTION ( 'NONE',  ( -0.000000000000000000, -0.000000000000000000, -1.000000000000000000 ) ) ;
#1271 = CARTESIAN_POINT ( 'NONE',  ( 38.78465689141901862, 38.82330189733477965, 20.67243509468759655 ) ) ;
#1272 = CIRCLE ( 'NONE', #3064, 0.02935410264610220990 ) ;
#1273 = FACE_OUTER_BOUND ( 'NONE', #4682, .T. ) ;
#1274 = VERTEX_POINT ( 'NONE', #442 ) ;
#1275 = ORIENTED_EDGE ( 'NONE', *, *, #1446, .T. ) ;
#1276 = CARTESIAN_POINT ( 'NONE',  ( 38.84423117346409526, 38.83114506862737159, 20.67243509468759655 ) ) ;
#1277 = CARTESIAN_POINT ( 'NONE',  ( 38.85124216823670196, 38.79446487239861341, 20.67243509468759655 ) ) ;
#1278 = ORIENTED_EDGE ( 'NONE', *, *, #2779, .F. ) ;
#1279 = FACE_OUTER_BOUND ( 'NONE', #3398, .T. ) ;
#1280 = VERTEX_POINT ( 'NONE', #511 ) ;
#1281 = DIRECTION ( 'NONE',  ( -0.000000000000000000, -0.000000000000000000, -1.000000000000000000 ) ) ;
#1282 = EDGE_CURVE ( 'NONE', #1043, #2639, #112, .T. ) ;
#1283 = CARTESIAN_POINT ( 'NONE',  ( 38.84423121009513125, 38.80063263012861796, 20.65843509468759720 ) ) ;
#1284 = CARTESIAN_POINT ( 'NONE',  ( 38.81683702209285514, 38.85717658329821944, 20.67243509468759655 ) ) ;
#1285 = CARTESIAN_POINT ( 'NONE',  ( 38.81398532881950558, 38.82357519733745477, 20.73636544464785914 ) ) ;
#1286 = DIRECTION ( 'NONE',  ( -0.2588190451017443605, 0.9659258262892763680, 0.000000000000000000 ) ) ;
#1287 = ADVANCED_FACE ( 'NONE', ( #1983 ), #4394, .T. ) ;
#1288 = ADVANCED_FACE ( 'NONE', ( #3634 ), #3134, .F. ) ;
#1289 = CIRCLE ( 'NONE', #2339, 0.001006105236833839843 ) ;
#1290 = ORIENTED_EDGE ( 'NONE', *, *, #4930, .F. ) ;
#1291 = ORIENTED_EDGE ( 'NONE', *, *, #3347, .T. ) ;
#1292 = DIRECTION ( 'NONE',  ( 0.000000000000000000, -1.000000000000000000, 0.000000000000000000 ) ) ;
#1293 = DIRECTION ( 'NONE',  ( 0.000000000000000000, 0.000000000000000000, -1.000000000000000000 ) ) ;
#1294 = VECTOR ( 'NONE', #4274, 1.000000000000000000 ) ;
#1295 = AXIS2_PLACEMENT_3D ( 'NONE', #1902, #1512, #4273 ) ;
#1296 = ADVANCED_FACE ( 'NONE', ( #1710 ), #4122, .T. ) ;
#1297 = DIRECTION ( 'NONE',  ( 1.051525562734134667E-07, -0.9999999999999944489, 0.000000000000000000 ) ) ;
#1298 = CARTESIAN_POINT ( 'NONE',  ( 38.77942284596867495, 38.82959154781232769, 20.65843509468759720 ) ) ;
#1299 = VERTEX_POINT ( 'NONE', #3261 ) ;
#1300 = EDGE_LOOP ( 'NONE', ( #1267, #3470, #4545, #757 ) ) ;
#1301 = DIRECTION ( 'NONE',  ( -1.000000000000000000, 0.000000000000000000, 0.000000000000000000 ) ) ;
#1302 = CARTESIAN_POINT ( 'NONE',  ( 38.83206582557120612, 38.85139703945099399, 20.67243509468759655 ) ) ;
#1303 = CARTESIAN_POINT ( 'NONE',  ( 38.81593632021119333, 38.78338553960790591, 20.67243509468759655 ) ) ;
#1304 = ORIENTED_EDGE ( 'NONE', *, *, #364, .F. ) ;
#1305 = VERTEX_POINT ( 'NONE', #3659 ) ;
#1306 = DIRECTION ( 'NONE',  ( -0.7071067811865079378, 8.659560562354448448E-17, 0.7071067811865870967 ) ) ;
#1307 = ORIENTED_EDGE ( 'NONE', *, *, #249, .F. ) ;
#1308 = AXIS2_PLACEMENT_3D ( 'NONE', #3858, #3756, #2636 ) ;
#1309 = CYLINDRICAL_SURFACE ( 'NONE', #2588, 0.02935410264610283093 ) ;
#1310 = VECTOR ( 'NONE', #245, 1.000000000000000000 ) ;
#1311 = VECTOR ( 'NONE', #2369, 1.000000000000000000 ) ;
#1312 = EDGE_CURVE ( 'NONE', #2799, #3439, #3028, .T. ) ;
#1313 = DIRECTION ( 'NONE',  ( -0.000000000000000000, -0.000000000000000000, -1.000000000000000000 ) ) ;
#1314 = CARTESIAN_POINT ( 'NONE',  ( 38.82334943402607053, 38.78460944445506442, 20.67243509468759655 ) ) ;
#1315 = VECTOR ( 'NONE', #1432, 1.000000000000000000 ) ;
#1316 = ORIENTED_EDGE ( 'NONE', *, *, #2531, .T. ) ;
#1317 = ORIENTED_EDGE ( 'NONE', *, *, #1972, .F. ) ;
#1318 = CARTESIAN_POINT ( 'NONE',  ( 38.81972180136270367, 38.77707302454016514, 20.67243509468759655 ) ) ;
#1319 = CIRCLE ( 'NONE', #4163, 0.01369291142362527580 ) ;
#1320 = EDGE_CURVE ( 'NONE', #196, #4276, #2949, .T. ) ;
#1321 = DIRECTION ( 'NONE',  ( -0.000000000000000000, -0.000000000000000000, -1.000000000000000000 ) ) ;
#1322 = AXIS2_PLACEMENT_3D ( 'NONE', #929, #1723, #1286 ) ;
#1323 = DIRECTION ( 'NONE',  ( -0.000000000000000000, 0.000000000000000000, -1.000000000000000000 ) ) ;
#1324 = ORIENTED_EDGE ( 'NONE', *, *, #1473, .F. ) ;
#1325 = ORIENTED_EDGE ( 'NONE', *, *, #2873, .T. ) ;
#1326 = EDGE_CURVE ( 'NONE', #4566, #3626, #4826, .T. ) ;
#1327 = DIRECTION ( 'NONE',  ( 0.000000000000000000, -0.000000000000000000, -1.000000000000000000 ) ) ;
#1328 = EDGE_CURVE ( 'NONE', #1299, #1574, #4849, .T. ) ;
#1329 = CARTESIAN_POINT ( 'NONE',  ( 38.78593625244757703, 38.81588881765458865, 20.67333509449686346 ) ) ;
#1330 = CYLINDRICAL_SURFACE ( 'NONE', #4702, 0.03600013749699115806 ) ;
#1331 = DIRECTION ( 'NONE',  ( -0.2588190451017443605, -0.9659258262892763680, 0.000000000000000000 ) ) ;
#1332 = VERTEX_POINT ( 'NONE', #4904 ) ;
#1333 = CARTESIAN_POINT ( 'NONE',  ( 38.77831718631536972, 38.81949962117706576, 20.65843509468759720 ) ) ;
#1334 = ORIENTED_EDGE ( 'NONE', *, *, #507, .F. ) ;
#1335 = LINE ( 'NONE', #519, #3156 ) ;
#1336 = UNCERTAINTY_MEASURE_WITH_UNIT (LENGTH_MEASURE( 1.000000000000000082E-05 ), #2728, 'distance_accuracy_value', 'NONE');
#1337 = DIRECTION ( 'NONE',  ( -1.000000000000000000, 0.000000000000000000, 0.000000000000000000 ) ) ;
#1338 = DIRECTION ( 'NONE',  ( -0.000000000000000000, -0.000000000000000000, -1.000000000000000000 ) ) ;
#1339 = VERTEX_POINT ( 'NONE', #263 ) ;
#1340 = ORIENTED_EDGE ( 'NONE', *, *, #4997, .T. ) ;
#1341 = CARTESIAN_POINT ( 'NONE',  ( 38.79295302116460675, 38.79290550343493749, 20.67243509468759655 ) ) ;
#1342 = AXIS2_PLACEMENT_3D ( 'NONE', #3928, #450, #781 ) ;
#1343 = DIRECTION ( 'NONE',  ( -1.000000000000000000, 0.000000000000000000, 0.000000000000000000 ) ) ;
#1344 = AXIS2_PLACEMENT_3D ( 'NONE', #4266, #1147, #4243 ) ;
#1345 = EDGE_CURVE ( 'NONE', #4766, #2747, #3672, .T. ) ;
#1346 = ORIENTED_EDGE ( 'NONE', *, *, #2139, .F. ) ;
#1347 = ORIENTED_EDGE ( 'NONE', *, *, #455, .F. ) ;
#1348 = CARTESIAN_POINT ( 'NONE',  ( 38.81535017240355501, 38.82379811295069061, 20.73305781000455994 ) ) ;
#1349 = VECTOR ( 'NONE', #3305, 1.000000000000000000 ) ;
#1350 = LINE ( 'NONE', #2922, #431 ) ;
#1351 = DIRECTION ( 'NONE',  ( -0.5000000000018076651, -0.8660254037833949869, 0.000000000000000000 ) ) ;
#1352 = EDGE_CURVE ( 'NONE', #4959, #4534, #1350, .T. ) ;
#1353 = AXIS2_PLACEMENT_3D ( 'NONE', #3679, #202, #2909 ) ;
#1354 = CARTESIAN_POINT ( 'NONE',  ( 38.83931844016243673, 38.83794848086258611, 20.65843509468759720 ) ) ;
#1355 = VERTEX_POINT ( 'NONE', #1329 ) ;
#1356 = ORIENTED_EDGE ( 'NONE', *, *, #4922, .T. ) ;
#1357 = CARTESIAN_POINT ( 'NONE',  ( 38.80800661522671646, 38.81588881765458865, 20.73923509773934981 ) ) ;
#1358 = EDGE_LOOP ( 'NONE', ( #2068, #2619, #756, #3753 ) ) ;
#1359 = DIRECTION ( 'NONE',  ( -1.000000000000000000, 0.000000000000000000, 0.000000000000000000 ) ) ;
#1360 = CARTESIAN_POINT ( 'NONE',  ( 38.78581265235660425, 38.79111861818241636, 20.67243509468759655 ) ) ;
#1361 = FACE_OUTER_BOUND ( 'NONE', #1727, .T. ) ;
#1362 = DIRECTION ( 'NONE',  ( 0.000000000000000000, 0.000000000000000000, -1.000000000000000000 ) ) ;
#1363 = ORIENTED_EDGE ( 'NONE', *, *, #947, .T. ) ;
#1364 = CARTESIAN_POINT ( 'NONE',  ( 38.83103628358015413, 38.81588881765458865, 20.68033509449686136 ) ) ;
#1365 = CARTESIAN_POINT ( 'NONE',  ( 38.77464851793652656, 38.81678955616728643, 20.67243509468759655 ) ) ;
#1366 = ORIENTED_EDGE ( 'NONE', *, *, #4234, .F. ) ;
#1367 = ORIENTED_EDGE ( 'NONE', *, *, #1540, .T. ) ;
#1368 = VECTOR ( 'NONE', #4733, 1.000000000000000000 ) ;
#1369 = CARTESIAN_POINT ( 'NONE',  ( 38.84721565677968158, 38.82330196810050182, 20.67243509468759655 ) ) ;
#1370 = EDGE_CURVE ( 'NONE', #2578, #4536, #2136, .T. ) ;
#1371 = CARTESIAN_POINT ( 'NONE',  ( 38.83281231497735320, 38.78852910843471591, 20.67243509468759655 ) ) ;
#1372 = CARTESIAN_POINT ( 'NONE',  ( 38.79906031562977375, 38.78852907180367993, 20.65843509468759720 ) ) ;
#1373 = EDGE_LOOP ( 'NONE', ( #4882, #3317, #3072, #3532 ) ) ;
#1374 = CYLINDRICAL_SURFACE ( 'NONE', #4224, 0.001006105236832866012 ) ;
#1375 = ORIENTED_EDGE ( 'NONE', *, *, #473, .T. ) ;
#1376 = DIRECTION ( 'NONE',  ( -0.8660254037843760910, -0.5000000000001085798, 0.000000000000000000 ) ) ;
#1377 = EDGE_CURVE ( 'NONE', #775, #4766, #1424, .T. ) ;
#1378 = PLANE ( 'NONE',  #1551 ) ;
#1379 = EDGE_LOOP ( 'NONE', ( #2967, #636, #3526, #217 ) ) ;
#1380 = DIRECTION ( 'NONE',  ( 0.5000000000000039968, -0.8660254037844362651, 0.000000000000000000 ) ) ;
#1381 = AXIS2_PLACEMENT_3D ( 'NONE', #1303, #589, #1767 ) ;
#1382 = CARTESIAN_POINT ( 'NONE',  ( 38.82377097015543654, 38.80465879051649836, 20.64075716427210239 ) ) ;
#1383 = ORIENTED_EDGE ( 'NONE', *, *, #3377, .T. ) ;
#1384 = CIRCLE ( 'NONE', #4627, 0.01369291142362527580 ) ;
#1385 = EDGE_CURVE ( 'NONE', #155, #1862, #1645, .T. ) ;
#1386 = LINE ( 'NONE', #4919, #4915 ) ;
#1387 = CYLINDRICAL_SURFACE ( 'NONE', #4958, 0.03899994794847572166 ) ;
#1388 = DIRECTION ( 'NONE',  ( 0.2588190451025316197, 0.9659258262890654256, 0.000000000000000000 ) ) ;
#1389 = ORIENTED_EDGE ( 'NONE', *, *, #2837, .F. ) ;
#1390 = CYLINDRICAL_SURFACE ( 'NONE', #904, 0.001006105236832866012 ) ;
#1391 = CARTESIAN_POINT ( 'NONE',  ( 38.81593628358015735, 38.81588881765458865, 20.67243509468759655 ) ) ;
#1392 = CIRCLE ( 'NONE', #1553, 0.02935410264610432973 ) ;
#1393 = CARTESIAN_POINT ( 'NONE',  ( 38.84843956162684009, 38.81588885428562463, 20.67243509468759655 ) ) ;
#1394 = VECTOR ( 'NONE', #4222, 1.000000000000000000 ) ;
#1395 = ORIENTED_EDGE ( 'NONE', *, *, #2512, .T. ) ;
#1396 = ORIENTED_EDGE ( 'NONE', *, *, #3003, .T. ) ;
#1397 = CARTESIAN_POINT ( 'NONE',  ( 38.79980674158911569, 38.78038059585818331, 20.67243509468759655 ) ) ;
#1398 = CARTESIAN_POINT ( 'NONE',  ( 38.84670997571766549, 38.79395222144365363, 20.67243509468759655 ) ) ;
#1399 = CIRCLE ( 'NONE', #2047, 0.02935410264610073192 ) ;
#1400 = LINE ( 'NONE', #4145, #500 ) ;
#1401 = AXIS2_PLACEMENT_3D ( 'NONE', #4842, #529, #2474 ) ;
#1402 = EDGE_CURVE ( 'NONE', #196, #471, #3274, .T. ) ;
#1403 = FACE_OUTER_BOUND ( 'NONE', #4201, .T. ) ;
#1404 = ORIENTED_EDGE ( 'NONE', *, *, #4419, .T. ) ;
#1405 = LINE ( 'NONE', #2548, #1154 ) ;
#1406 = ORIENTED_EDGE ( 'NONE', *, *, #2396, .F. ) ;
#1407 = DIRECTION ( 'NONE',  ( -1.000000000000000000, 0.000000000000000000, 0.000000000000000000 ) ) ;
#1408 = EDGE_CURVE ( 'NONE', #4015, #210, #2571, .T. ) ;
#1409 = DIRECTION ( 'NONE',  ( 0.000000000000000000, 0.000000000000000000, -1.000000000000000000 ) ) ;
#1410 = VERTEX_POINT ( 'NONE', #945 ) ;
#1411 = CARTESIAN_POINT ( 'NONE',  ( 38.77712049046573384, 38.81210329987204233, 20.67243509468759655 ) ) ;
#1412 = DIRECTION ( 'NONE',  ( -1.000000000000000000, 0.000000000000000000, 0.000000000000000000 ) ) ;
#1413 = EDGE_CURVE ( 'NONE', #3239, #4276, #2855, .T. ) ;
#1414 = ADVANCED_FACE ( 'NONE', ( #3360 ), #4527, .F. ) ;
#1415 = ORIENTED_EDGE ( 'NONE', *, *, #3802, .F. ) ;
#1416 = CARTESIAN_POINT ( 'NONE',  ( 38.81818627949856904, 38.85470462190301788, 20.73523509773935558 ) ) ;
#1417 = DIRECTION ( 'NONE',  ( -0.000000000000000000, 0.000000000000000000, -1.000000000000000000 ) ) ;
#1418 = AXIS2_PLACEMENT_3D ( 'NONE', #3152, #839, #3934 ) ;
#1419 = CARTESIAN_POINT ( 'NONE',  ( 38.81368628278060129, 38.82349257571212320, 20.73523509773935558 ) ) ;
#1420 = AXIS2_PLACEMENT_3D ( 'NONE', #256, #4899, #602 ) ;
#1421 = ORIENTED_EDGE ( 'NONE', *, *, #4883, .T. ) ;
#1422 = ORIENTED_EDGE ( 'NONE', *, *, #3497, .F. ) ;
#1423 = DIRECTION ( 'NONE',  ( 0.000000000000000000, -0.000000000000000000, -1.000000000000000000 ) ) ;
#1424 = LINE ( 'NONE', #3333, #751 ) ;
#1425 = DIRECTION ( 'NONE',  ( -0.000000000000000000, 0.000000000000000000, 1.000000000000000000 ) ) ;
#1426 = CIRCLE ( 'NONE', #3696, 0.03899994794847572166 ) ;
#1427 = VERTEX_POINT ( 'NONE', #2144 ) ;
#1428 = VECTOR ( 'NONE', #1548, 1.000000000000000000 ) ;
#1429 = CIRCLE ( 'NONE', #3601, 0.03600013749698843801 ) ;
#1430 = CARTESIAN_POINT ( 'NONE',  ( 38.81424067241697173, 38.80814183128381245, 20.73374881997034791 ) ) ;
#1431 = ORIENTED_EDGE ( 'NONE', *, *, #4156, .T. ) ;
#1432 = DIRECTION ( 'NONE',  ( 0.000000000000000000, -0.000000000000000000, -1.000000000000000000 ) ) ;
#1433 = ORIENTED_EDGE ( 'NONE', *, *, #3446, .T. ) ;
#1434 = DIRECTION ( 'NONE',  ( -0.000000000000000000, 0.000000000000000000, -1.000000000000000000 ) ) ;
#1435 = CIRCLE ( 'NONE', #4679, 0.03600013749699044335 ) ;
#1436 = DIRECTION ( 'NONE',  ( -0.000000000000000000, -0.000000000000000000, -1.000000000000000000 ) ) ;
#1437 = FACE_OUTER_BOUND ( 'NONE', #1768, .T. ) ;
#1438 = CARTESIAN_POINT ( 'NONE',  ( 38.85244969651957803, 38.82959161355540090, 20.67243509468759655 ) ) ;
#1439 = CARTESIAN_POINT ( 'NONE',  ( 38.81593628358015735, 38.81588881765458865, 20.67243509468759655 ) ) ;
#1440 = EDGE_CURVE ( 'NONE', #3029, #4684, #4979, .T. ) ;
#1441 = ORIENTED_EDGE ( 'NONE', *, *, #603, .T. ) ;
#1442 = DIRECTION ( 'NONE',  ( -0.000000000000000000, -0.000000000000000000, -1.000000000000000000 ) ) ;
#1443 = CARTESIAN_POINT ( 'NONE',  ( 38.81687142761318654, 38.84802103657775518, 20.65843509468759720 ) ) ;
#1444 = CARTESIAN_POINT ( 'NONE',  ( 38.81593628358015735, 38.81588881765458865, 20.65843509468759720 ) ) ;
#1445 = EDGE_CURVE ( 'NONE', #846, #3345, #3587, .T. ) ;
#1446 = EDGE_CURVE ( 'NONE', #2738, #2766, #1399, .T. ) ;
#1447 = CARTESIAN_POINT ( 'NONE',  ( 38.83862253470353920, 38.78416611364072963, 20.67243509468759655 ) ) ;
#1448 = DIRECTION ( 'NONE',  ( -0.000000000000000000, -0.000000000000000000, -1.000000000000000000 ) ) ;
#1449 = VERTEX_POINT ( 'NONE', #659 ) ;
#1450 = EDGE_LOOP ( 'NONE', ( #225, #4127, #2841, #3133 ) ) ;
#1451 = DIRECTION ( 'NONE',  ( -1.000000000000000000, 0.000000000000000000, 0.000000000000000000 ) ) ;
#1452 = EDGE_CURVE ( 'NONE', #1305, #3466, #4565, .T. ) ;
#1453 = CARTESIAN_POINT ( 'NONE',  ( 38.78514099551357930, 38.80666903689734681, 20.67243509468759655 ) ) ;
#1454 = CARTESIAN_POINT ( 'NONE',  ( 38.81563963368254377, 38.80796337649346839, 20.73299986877832168 ) ) ;
#1455 = ORIENTED_EDGE ( 'NONE', *, *, #1878, .T. ) ;
#1456 = DIRECTION ( 'NONE',  ( -0.000000000000000000, -0.000000000000000000, 1.000000000000000000 ) ) ;
#1457 = DIRECTION ( 'NONE',  ( 0.000000000000000000, 0.000000000000000000, -1.000000000000000000 ) ) ;
#1458 = VERTEX_POINT ( 'NONE', #3098 ) ;
#1459 = ORIENTED_EDGE ( 'NONE', *, *, #175, .F. ) ;
#1460 = DIRECTION ( 'NONE',  ( 0.000000000000000000, 0.000000000000000000, -1.000000000000000000 ) ) ;
#1461 = CIRCLE ( 'NONE', #3888, 0.001006105236833839843 ) ;
#1462 = DIRECTION ( 'NONE',  ( 1.000000000000000000, 0.000000000000000000, 0.000000000000000000 ) ) ;
#1463 = ORIENTED_EDGE ( 'NONE', *, *, #4492, .F. ) ;
#1464 = CARTESIAN_POINT ( 'NONE',  ( 38.83931844016243673, 38.83794848086258611, 20.67243509468759655 ) ) ;
#1465 = AXIS2_PLACEMENT_3D ( 'NONE', #70, #1611, #1117 ) ;
#1466 = FACE_OUTER_BOUND ( 'NONE', #323, .T. ) ;
#1467 = AXIS2_PLACEMENT_3D ( 'NONE', #2063, #3664, #4040 ) ;
#1468 = ADVANCED_FACE ( 'NONE', ( #452 ), #4643, .T. ) ;
#1469 = CARTESIAN_POINT ( 'NONE',  ( 38.82377097015543654, 38.80465879051649125, 20.72923509773935535 ) ) ;
#1470 = DIRECTION ( 'NONE',  ( -0.000000000000000000, 0.000000000000000000, -1.000000000000000000 ) ) ;
#1471 = AXIS2_PLACEMENT_3D ( 'NONE', #135, #2478, #2818 ) ;
#1472 = DIRECTION ( 'NONE',  ( 0.7071067811865079378, 0.000000000000000000, 0.7071067811865870967 ) ) ;
#1473 = EDGE_CURVE ( 'NONE', #1661, #3942, #1966, .T. ) ;
#1474 = ORIENTED_EDGE ( 'NONE', *, *, #1504, .T. ) ;
#1475 = ORIENTED_EDGE ( 'NONE', *, *, #2095, .F. ) ;
#1476 = CIRCLE ( 'NONE', #3264, 0.02100000000000079581 ) ;
#1477 = VECTOR ( 'NONE', #2154, 1.000000000000000000 ) ;
#1478 = CARTESIAN_POINT ( 'NONE',  ( 38.80968751312448006, 38.85316061998406667, 20.67243509468759655 ) ) ;
#1479 = AXIS2_PLACEMENT_3D ( 'NONE', #1341, #4819, #2106 ) ;
#1480 = CIRCLE ( 'NONE', #3189, 0.001006105236834714794 ) ;
#1481 = EDGE_CURVE ( 'NONE', #386, #624, #4887, .T. ) ;
#1482 = DIRECTION ( 'NONE',  ( -0.000000000000000000, -0.000000000000000000, 1.000000000000000000 ) ) ;
#1483 = ORIENTED_EDGE ( 'NONE', *, *, #2430, .T. ) ;
#1484 = DIRECTION ( 'NONE',  ( 0.5000000910647741659, -0.8660253512081603766, 0.000000000000000000 ) ) ;
#1485 = VECTOR ( 'NONE', #610, 1.000000000000000000 ) ;
#1486 = CARTESIAN_POINT ( 'NONE',  ( 38.81593628358015735, 38.81588881765458865, 20.67243509468759655 ) ) ;
#1487 = EDGE_LOOP ( 'NONE', ( #4671, #2683, #2278, #2751 ) ) ;
#1488 = ORIENTED_EDGE ( 'NONE', *, *, #118, .T. ) ;
#1489 = CYLINDRICAL_SURFACE ( 'NONE', #3081, 0.02935410264610283093 ) ;
#1490 = AXIS2_PLACEMENT_3D ( 'NONE', #596, #1039, #2151 ) ;
#1491 = DIRECTION ( 'NONE',  ( 0.000000000000000000, -0.000000000000000000, -1.000000000000000000 ) ) ;
#1492 = DIRECTION ( 'NONE',  ( -1.000000000000000000, 0.000000000000000000, 0.000000000000000000 ) ) ;
#1493 = FACE_OUTER_BOUND ( 'NONE', #4625, .T. ) ;
#1494 = MANIFOLD_SOLID_BREP ( 'Cut-Extrude12', #172 ) ;
#1495 = ORIENTED_EDGE ( 'NONE', *, *, #4520, .T. ) ;
#1496 = CYLINDRICAL_SURFACE ( 'NONE', #3182, 0.03600013749699115806 ) ;
#1497 = DIRECTION ( 'NONE',  ( 0.000000000000000000, -0.000000000000000000, -1.000000000000000000 ) ) ;
#1498 = FACE_OUTER_BOUND ( 'NONE', #3080, .T. ) ;
#1499 = EDGE_CURVE ( 'NONE', #3155, #3907, #2364, .T. ) ;
#1500 = CARTESIAN_POINT ( 'NONE',  ( 38.78857653772924863, 38.83276478560497225, 20.67243509468759655 ) ) ;
#1501 = ORIENTED_EDGE ( 'NONE', *, *, #4997, .F. ) ;
#1502 = VERTEX_POINT ( 'NONE', #1213 ) ;
#1503 = CARTESIAN_POINT ( 'NONE',  ( 38.81806972543562750, 38.82352632302259821, 20.73450538763315620 ) ) ;
#1504 = EDGE_CURVE ( 'NONE', #1607, #3059, #3752, .T. ) ;
#1505 = CARTESIAN_POINT ( 'NONE',  ( 38.81414814163977667, 38.80816293870729083, 20.73386161641307623 ) ) ;
#1506 = ORIENTED_EDGE ( 'NONE', *, *, #4760, .F. ) ;
#1507 = ORIENTED_EDGE ( 'NONE', *, *, #4843, .T. ) ;
#1508 = AXIS2_PLACEMENT_3D ( 'NONE', #2631, #986, #4537 ) ;
#1509 = CARTESIAN_POINT ( 'NONE',  ( 38.82434878634976627, 38.78449307143105784, 20.65843509468759720 ) ) ;
#1510 = VERTEX_POINT ( 'NONE', #2325 ) ;
#1511 = ORIENTED_EDGE ( 'NONE', *, *, #1769, .T. ) ;
#1512 = DIRECTION ( 'NONE',  ( 0.000000000000000000, -0.000000000000000000, -1.000000000000000000 ) ) ;
#1513 = EDGE_CURVE ( 'NONE', #4604, #4818, #1558, .T. ) ;
#1514 = EDGE_CURVE ( 'NONE', #1339, #408, #3544, .T. ) ;
#1515 = AXIS2_PLACEMENT_3D ( 'NONE', #731, #1069, #2617 ) ;
#1516 = DIRECTION ( 'NONE',  ( 0.9999999999999945599, 1.051540089572273336E-07, 0.000000000000000000 ) ) ;
#1517 = DIRECTION ( 'NONE',  ( -0.000000000000000000, -0.000000000000000000, -1.000000000000000000 ) ) ;
#1518 = ORIENTED_EDGE ( 'NONE', *, *, #3100, .T. ) ;
#1519 = VECTOR ( 'NONE', #287, 1.000000000000000000 ) ;
#1520 = DIRECTION ( 'NONE',  ( -0.000000000000000000, -0.000000000000000000, 1.000000000000000000 ) ) ;
#1521 = DIRECTION ( 'NONE',  ( 0.000000000000000000, 0.000000000000000000, 1.000000000000000000 ) ) ;
#1522 = LINE ( 'NONE', #3881, #141 ) ;
#1523 = ORIENTED_EDGE ( 'NONE', *, *, #3086, .F. ) ;
#1524 = VERTEX_POINT ( 'NONE', #4173 ) ;
#1525 = DIRECTION ( 'NONE',  ( -1.000000000000000000, 0.000000000000000000, 0.000000000000000000 ) ) ;
#1526 = CARTESIAN_POINT ( 'NONE',  ( 38.81652225245327514, 38.80797948808088194, 20.73305768352130585 ) ) ;
#1527 = EDGE_LOOP ( 'NONE', ( #4209, #865, #3916, #3203 ) ) ;
#1528 = ORIENTED_EDGE ( 'NONE', *, *, #4049, .T. ) ;
#1529 = EDGE_CURVE ( 'NONE', #3975, #3445, #1319, .T. ) ;
#1530 = LINE ( 'NONE', #392, #1640 ) ;
#1531 = VERTEX_POINT ( 'NONE', #2242 ) ;
#1532 = DIRECTION ( 'NONE',  ( -0.000000000000000000, 0.000000000000000000, -1.000000000000000000 ) ) ;
#1533 = EDGE_CURVE ( 'NONE', #1737, #662, #2183, .T. ) ;
#1534 = FACE_OUTER_BOUND ( 'NONE', #2173, .T. ) ;
#1535 = DIRECTION ( 'NONE',  ( -1.000000000000000000, 0.000000000000000000, 0.000000000000000000 ) ) ;
#1536 = AXIS2_PLACEMENT_3D ( 'NONE', #3399, #4509, #2200 ) ;
#1537 = DIRECTION ( 'NONE',  ( 1.000000000000000000, 0.000000000000000000, 0.000000000000000000 ) ) ;
#1538 = CARTESIAN_POINT ( 'NONE',  ( 38.81593628358015735, 38.81588881765458865, 20.68033509449686136 ) ) ;
#1539 = EDGE_CURVE ( 'NONE', #4818, #4626, #1562, .T. ) ;
#1540 = EDGE_CURVE ( 'NONE', #941, #1650, #4399, .T. ) ;
#1541 = CARTESIAN_POINT ( 'NONE',  ( 38.78421357956629834, 38.79320256653121390, 20.67243509468759655 ) ) ;
#1542 = CARTESIAN_POINT ( 'NONE',  ( 38.81480586870211624, 38.80803917426181471, 20.73718599047215605 ) ) ;
#1543 = DIRECTION ( 'NONE',  ( 0.2588190451025921268, -0.9659258262890492164, 0.000000000000000000 ) ) ;
#1544 = DIRECTION ( 'NONE',  ( -0.000000000000000000, -0.000000000000000000, 1.000000000000000000 ) ) ;
#1545 = CIRCLE ( 'NONE', #4375, 0.001006105236836115583 ) ;
#1546 = ORIENTED_EDGE ( 'NONE', *, *, #4984, .F. ) ;
#1547 = ORIENTED_EDGE ( 'NONE', *, *, #4322, .T. ) ;
#1548 = DIRECTION ( 'NONE',  ( -0.000000000000000000, -0.000000000000000000, -1.000000000000000000 ) ) ;
#1549 = CIRCLE ( 'NONE', #2204, 0.01850000000001017497 ) ;
#1550 = DIRECTION ( 'NONE',  ( 0.2588190451017443605, 0.9659258262892763680, 0.000000000000000000 ) ) ;
#1551 = AXIS2_PLACEMENT_3D ( 'NONE', #3767, #2148, #669 ) ;
#1552 = ORIENTED_EDGE ( 'NONE', *, *, #1087, .F. ) ;
#1553 = AXIS2_PLACEMENT_3D ( 'NONE', #1740, #3688, #3290 ) ;
#1554 = DIRECTION ( 'NONE',  ( 1.000000000000000000, 0.000000000000000000, 0.000000000000000000 ) ) ;
#1555 = AXIS2_PLACEMENT_3D ( 'NONE', #2670, #4178, #3821 ) ;
#1556 = CARTESIAN_POINT ( 'NONE',  ( 38.84423117346409526, 38.83114506862737159, 20.65843509468759720 ) ) ;
#1557 = CIRCLE ( 'NONE', #1641, 0.01749999999999829470 ) ;
#1558 = CIRCLE ( 'NONE', #4395, 0.001006105236834714794 ) ;
#1559 = CARTESIAN_POINT ( 'NONE',  ( 38.79906025218296151, 38.84324852687446139, 20.65843509468759720 ) ) ;
#1560 = LINE ( 'NONE', #4659, #1264 ) ;
#1561 = CYLINDRICAL_SURFACE ( 'NONE', #2508, 0.02935410264610283093 ) ;
#1562 = CIRCLE ( 'NONE', #4165, 0.03600013749698947191 ) ;
#1563 = EDGE_CURVE ( 'NONE', #1502, #3840, #1970, .T. ) ;
#1564 = DIRECTION ( 'NONE',  ( -1.000000000000000000, 0.000000000000000000, 0.000000000000000000 ) ) ;
#1565 =( NAMED_UNIT ( * ) PLANE_ANGLE_UNIT ( ) SI_UNIT ( $, .RADIAN. ) );
#1566 = EDGE_CURVE ( 'NONE', #3461, #2733, #434, .T. ) ;
#1567 = DIRECTION ( 'NONE',  ( -0.000000000000000000, -0.000000000000000000, -1.000000000000000000 ) ) ;
#1568 = ORIENTED_EDGE ( 'NONE', *, *, #4583, .T. ) ;
#1569 = VERTEX_POINT ( 'NONE', #1314 ) ;
#1570 = DIRECTION ( 'NONE',  ( 0.000000000000000000, 0.000000000000000000, -1.000000000000000000 ) ) ;
#1571 = CARTESIAN_POINT ( 'NONE',  ( 38.83118178564325973, 38.84403750046480042, 20.67243509468759655 ) ) ;
#1572 = CYLINDRICAL_SURFACE ( 'NONE', #4016, 0.001006105236832866012 ) ;
#1573 = CARTESIAN_POINT ( 'NONE',  ( 38.78421353871935651, 38.83857501166063741, 20.67243509468759655 ) ) ;
#1574 = VERTEX_POINT ( 'NONE', #2884 ) ;
#1575 = ORIENTED_EDGE ( 'NONE', *, *, #3093, .F. ) ;
#1576 = DIRECTION ( 'NONE',  ( -0.000000000000000000, -0.000000000000000000, 1.000000000000000000 ) ) ;
#1577 = ORIENTED_EDGE ( 'NONE', *, *, #3980, .F. ) ;
#1578 = EDGE_LOOP ( 'NONE', ( #1455, #1000 ) ) ;
#1579 = DIRECTION ( 'NONE',  ( 1.000000000000000000, -0.000000000000000000, 0.000000000000000000 ) ) ;
#1580 = ORIENTED_EDGE ( 'NONE', *, *, #395, .F. ) ;
#1581 = VECTOR ( 'NONE', #1021, 1.000000000000000000 ) ;
#1582 = ORIENTED_EDGE ( 'NONE', *, *, #1370, .F. ) ;
#1583 = CARTESIAN_POINT ( 'NONE',  ( 38.81707078763708552, 38.82374164904664582, 20.73326999404017101 ) ) ;
#1584 = DIRECTION ( 'NONE',  ( 0.000000000000000000, -0.000000000000000000, -1.000000000000000000 ) ) ;
#1585 = ORIENTED_EDGE ( 'NONE', *, *, #4148, .F. ) ;
#1586 = DIRECTION ( 'NONE',  ( -0.000000000000000000, -0.000000000000000000, -1.000000000000000000 ) ) ;
#1587 = AXIS2_PLACEMENT_3D ( 'NONE', #265, #1820, #5015 ) ;
#1588 = VECTOR ( 'NONE', #1146, 1.000000000000000000 ) ;
#1589 = AXIS2_PLACEMENT_3D ( 'NONE', #1682, #887, #4770 ) ;
#1590 = EDGE_CURVE ( 'NONE', #2007, #204, #1088, .T. ) ;
#1591 = DIRECTION ( 'NONE',  ( 0.000000000000000000, -0.000000000000000000, -1.000000000000000000 ) ) ;
#1592 = DIRECTION ( 'NONE',  ( -0.000000000000000000, -0.000000000000000000, -1.000000000000000000 ) ) ;
#1593 = VECTOR ( 'NONE', #1472, 1.000000000000000000 ) ;
#1594 = AXIS2_PLACEMENT_3D ( 'NONE', #876, #901, #928 ) ;
#1595 = EDGE_LOOP ( 'NONE', ( #2171, #2787, #1245, #3932 ) ) ;
#1596 = ORIENTED_EDGE ( 'NONE', *, *, #3868, .F. ) ;
#1597 = VERTEX_POINT ( 'NONE', #4378 ) ;
#1598 = EDGE_CURVE ( 'NONE', #2813, #1794, #3277, .T. ) ;
#1599 = DIRECTION ( 'NONE',  ( 0.000000000000000000, 0.000000000000000000, -1.000000000000000000 ) ) ;
#1600 = DIRECTION ( 'NONE',  ( 0.000000000000000000, 1.000000000000000000, 0.000000000000000000 ) ) ;
#1601 = VERTEX_POINT ( 'NONE', #2444 ) ;
#1602 = ORIENTED_EDGE ( 'NONE', *, *, #634, .F. ) ;
#1603 = ADVANCED_FACE ( 'NONE', ( #2908 ), #2021, .F. ) ;
#1604 = CARTESIAN_POINT ( 'NONE',  ( 38.81818627949856904, 38.85470462190301788, 20.73523509773935558 ) ) ;
#1605 = ORIENTED_EDGE ( 'NONE', *, *, #4922, .F. ) ;
#1606 = FACE_OUTER_BOUND ( 'NONE', #3610, .T. ) ;
#1607 = VERTEX_POINT ( 'NONE', #2048 ) ;
#1608 = CARTESIAN_POINT ( 'NONE',  ( 38.81391469809083361, 38.82355668801108806, 20.73423647956572680 ) ) ;
#1609 = CYLINDRICAL_SURFACE ( 'NONE', #2679, 0.02935410264610283093 ) ;
#1610 = VERTEX_POINT ( 'NONE', #1697 ) ;
#1611 = DIRECTION ( 'NONE',  ( 0.000000000000000000, 0.000000000000000000, -1.000000000000000000 ) ) ;
#1612 = CARTESIAN_POINT ( 'NONE',  ( 38.82575229706631603, 38.77577477022789054, 20.67243509468759655 ) ) ;
#1613 = CARTESIAN_POINT ( 'NONE',  ( 38.84733204876530976, 38.80747638565070901, 20.67243509468759655 ) ) ;
#1614 = CARTESIAN_POINT ( 'NONE',  ( 38.82515599357167702, 38.84668412468278120, 20.67243509468759655 ) ) ;
#1615 = EDGE_CURVE ( 'NONE', #1130, #3563, #2469, .T. ) ;
#1616 = ORIENTED_EDGE ( 'NONE', *, *, #279, .F. ) ;
#1617 = ORIENTED_EDGE ( 'NONE', *, *, #2338, .T. ) ;
#1618 = CARTESIAN_POINT ( 'NONE',  ( 38.83580010396781290, 38.77968219448536047, 20.65843509468759720 ) ) ;
#1619 = DIRECTION ( 'NONE',  ( -0.000000000000000000, 0.000000000000000000, -1.000000000000000000 ) ) ;
#1620 = AXIS2_PLACEMENT_3D ( 'NONE', #4514, #2632, #281 ) ;
#1621 = DIRECTION ( 'NONE',  ( -1.000000000000000000, 0.000000000000000000, 0.000000000000000000 ) ) ;
#1622 = EDGE_CURVE ( 'NONE', #3228, #3229, #4432, .T. ) ;
#1623 = VERTEX_POINT ( 'NONE', #2102 ) ;
#1624 = EDGE_LOOP ( 'NONE', ( #740, #4552, #1167, #809 ) ) ;
#1625 = AXIS2_PLACEMENT_3D ( 'NONE', #3689, #613, #4097 ) ;
#1626 = CARTESIAN_POINT ( 'NONE',  ( 38.79493628358015656, 38.81588881765458865, 20.66543509468759865 ) ) ;
#1627 = CYLINDRICAL_SURFACE ( 'NONE', #1636, 0.001006105236832866012 ) ;
#1628 = VECTOR ( 'NONE', #3994, 1.000000000000000000 ) ;
#1629 = EDGE_CURVE ( 'NONE', #468, #3898, #2443, .T. ) ;
#1630 = ADVANCED_FACE ( 'NONE', ( #2498 ), #549, .F. ) ;
#1631 = VERTEX_POINT ( 'NONE', #987 ) ;
#1632 = ORIENTED_EDGE ( 'NONE', *, *, #2859, .T. ) ;
#1633 = AXIS2_PLACEMENT_3D ( 'NONE', #2240, #3790, #318 ) ;
#1634 = AXIS2_PLACEMENT_3D ( 'NONE', #1538, #1586, #4636 ) ;
#1635 = CARTESIAN_POINT ( 'NONE',  ( 38.84806850250332388, 38.81495367362155946, 20.67243509468759655 ) ) ;
#1636 = AXIS2_PLACEMENT_3D ( 'NONE', #3190, #4342, #869 ) ;
#1637 = ORIENTED_EDGE ( 'NONE', *, *, #4485, .T. ) ;
#1638 = DIRECTION ( 'NONE',  ( 0.000000000000000000, 0.000000000000000000, -1.000000000000000000 ) ) ;
#1639 = ORIENTED_EDGE ( 'NONE', *, *, #3041, .F. ) ;
#1640 = VECTOR ( 'NONE', #3468, 1.000000000000000000 ) ;
#1641 = AXIS2_PLACEMENT_3D ( 'NONE', #2612, #4567, #1806 ) ;
#1642 = DIRECTION ( 'NONE',  ( 1.000000000000000000, 0.000000000000000000, 0.000000000000000000 ) ) ;
#1643 = DIRECTION ( 'NONE',  ( 0.000000000000000000, 0.000000000000000000, -1.000000000000000000 ) ) ;
#1644 = CARTESIAN_POINT ( 'NONE',  ( 38.83443628358016753, 38.81588881765458865, 20.66573509468759795 ) ) ;
#1645 = CIRCLE ( 'NONE', #4236, 0.002249999999996544695 ) ;
#1646 = CARTESIAN_POINT ( 'NONE',  ( 38.81818628437970631, 38.80828505959705410, 20.73538455254171708 ) ) ;
#1647 = CIRCLE ( 'NONE', #4888, 0.001006105236836115583 ) ;
#1648 = CIRCLE ( 'NONE', #2538, 0.02935410264610490219 ) ;
#1649 = DIRECTION ( 'NONE',  ( -0.000000000000000000, 0.000000000000000000, -1.000000000000000000 ) ) ;
#1650 = VERTEX_POINT ( 'NONE', #3950 ) ;
#1651 = ORIENTED_EDGE ( 'NONE', *, *, #371, .T. ) ;
#1652 = CARTESIAN_POINT ( 'NONE',  ( 38.80810159700487816, 38.82711884479267894, 20.64075716427210239 ) ) ;
#1653 = FACE_OUTER_BOUND ( 'NONE', #1300, .T. ) ;
#1654 = CARTESIAN_POINT ( 'NONE',  ( 38.81593628358015735, 38.81588881765458865, 20.66573509468759795 ) ) ;
#1655 = ORIENTED_EDGE ( 'NONE', *, *, #2233, .F. ) ;
#1656 = VERTEX_POINT ( 'NONE', #475 ) ;
#1657 = FACE_OUTER_BOUND ( 'NONE', #2350, .T. ) ;
#1658 = EDGE_CURVE ( 'NONE', #1458, #555, #3662, .T. ) ;
#1659 = FACE_OUTER_BOUND ( 'NONE', #2718, .T. ) ;
#1660 = CYLINDRICAL_SURFACE ( 'NONE', #900, 0.03600013749699115806 ) ;
#1661 = VERTEX_POINT ( 'NONE', #2607 ) ;
#1662 = ORIENTED_EDGE ( 'NONE', *, *, #271, .T. ) ;
#1663 = CIRCLE ( 'NONE', #3771, 0.02935410264610490219 ) ;
#1664 = EDGE_CURVE ( 'NONE', #1502, #1458, #598, .T. ) ;
#1665 = DIRECTION ( 'NONE',  ( 1.000000000000000000, 0.000000000000000000, 0.000000000000000000 ) ) ;
#1666 = EDGE_CURVE ( 'NONE', #3461, #2733, #3348, .T. ) ;
#1667 = ORIENTED_EDGE ( 'NONE', *, *, #2231, .T. ) ;
#1668 = DIRECTION ( 'NONE',  ( -1.000000000000000000, 0.000000000000000000, 0.000000000000000000 ) ) ;
#1669 = LINE ( 'NONE', #2828, #1628 ) ;
#1670 = CARTESIAN_POINT ( 'NONE',  ( 38.84408496639036912, 38.79963721035465340, 20.65843509468759720 ) ) ;
#1671 = EDGE_CURVE ( 'NONE', #2142, #34, #4054, .T. ) ;
#1672 = CARTESIAN_POINT ( 'NONE',  ( 38.81608487077483716, 38.82381846811512105, 20.73748503462435622 ) ) ;
#1673 = AXIS2_PLACEMENT_3D ( 'NONE', #689, #2644, #3004 ) ;
#1674 = DIRECTION ( 'NONE',  ( 0.000000000000000000, 0.000000000000000000, -1.000000000000000000 ) ) ;
#1675 = DIRECTION ( 'NONE',  ( -1.000000000000000000, 0.000000000000000000, 0.000000000000000000 ) ) ;
#1676 = CIRCLE ( 'NONE', #944, 0.001006105236834714794 ) ;
#1677 = ORIENTED_EDGE ( 'NONE', *, *, #2496, .F. ) ;
#1678 = ORIENTED_EDGE ( 'NONE', *, *, #3671, .T. ) ;
#1679 = CARTESIAN_POINT ( 'NONE',  ( 38.85144450537656979, 38.79975927566353988, 20.65843509468759720 ) ) ;
#1680 = CARTESIAN_POINT ( 'NONE',  ( 38.81593628358015735, 38.81588881765458865, 20.67243509468759655 ) ) ;
#1681 = DIRECTION ( 'NONE',  ( -0.7071067811865474617, -0.7071067811865474617, 0.000000000000000000 ) ) ;
#1682 = CARTESIAN_POINT ( 'NONE',  ( 38.84509022601448436, 38.83993631277636638, 20.74123509773935581 ) ) ;
#1683 = DIRECTION ( 'NONE',  ( -0.000000000000000000, 0.000000000000000000, 1.000000000000000000 ) ) ;
#1684 = ORIENTED_EDGE ( 'NONE', *, *, #758, .T. ) ;
#1685 = ORIENTED_EDGE ( 'NONE', *, *, #488, .T. ) ;
#1686 = LINE ( 'NONE', #536, #828 ) ;
#1687 = FACE_OUTER_BOUND ( 'NONE', #1624, .T. ) ;
#1688 = EDGE_CURVE ( 'NONE', #2575, #3420, #2127, .T. ) ;
#1689 = CYLINDRICAL_SURFACE ( 'NONE', #1381, 0.001006105236832866012 ) ;
#1690 = ORIENTED_EDGE ( 'NONE', *, *, #3244, .F. ) ;
#1691 = ORIENTED_EDGE ( 'NONE', *, *, #1113, .T. ) ;
#1692 = FACE_OUTER_BOUND ( 'NONE', #119, .T. ) ;
#1693 = ORIENTED_EDGE ( 'NONE', *, *, #4440, .F. ) ;
#1694 = CARTESIAN_POINT ( 'NONE',  ( 38.80229345150574005, 38.81471879361875210, 20.64075716427210239 ) ) ;
#1695 = EDGE_CURVE ( 'NONE', #3029, #3416, #3820, .T. ) ;
#1696 = CARTESIAN_POINT ( 'NONE',  ( 38.84329599280003720, 38.83276484905178449, 20.67243509468759655 ) ) ;
#1697 = CARTESIAN_POINT ( 'NONE',  ( 38.79980648814176902, 38.85129153054458584, 20.67243509468759655 ) ) ;
#1698 = EDGE_CURVE ( 'NONE', #3665, #1082, #4865, .T. ) ;
#1699 = VECTOR ( 'NONE', #4427, 1.000000000000000000 ) ;
#1700 = ORIENTED_EDGE ( 'NONE', *, *, #2421, .T. ) ;
#1701 = ORIENTED_EDGE ( 'NONE', *, *, #2396, .T. ) ;
#1702 = CARTESIAN_POINT ( 'NONE',  ( 38.84673157164673540, 38.82510859841183049, 20.65843509468759720 ) ) ;
#1703 = CIRCLE ( 'NONE', #4368, 0.001006105236833839843 ) ;
#1704 = CARTESIAN_POINT ( 'NONE',  ( 38.85214290674938553, 38.83575263804224420, 20.67243509468759655 ) ) ;
#1705 = CYLINDRICAL_SURFACE ( 'NONE', #3015, 0.03600013749699115806 ) ;
#1706 = ORIENTED_EDGE ( 'NONE', *, *, #4177, .T. ) ;
#1707 = ORIENTED_EDGE ( 'NONE', *, *, #1945, .T. ) ;
#1708 = CARTESIAN_POINT ( 'NONE',  ( 38.84329599280003720, 38.83276484905178449, 20.67243509468759655 ) ) ;
#1709 = PLANE ( 'NONE',  #4998 ) ;
#1710 = FACE_OUTER_BOUND ( 'NONE', #4701, .T. ) ;
#1711 = DIRECTION ( 'NONE',  ( -1.000000000000000000, 0.000000000000000000, 0.000000000000000000 ) ) ;
#1712 = DIRECTION ( 'NONE',  ( 1.000000000000000000, 0.000000000000000000, 0.000000000000000000 ) ) ;
#1713 = ORIENTED_EDGE ( 'NONE', *, *, #4645, .F. ) ;
#1714 = ORIENTED_EDGE ( 'NONE', *, *, #4583, .F. ) ;
#1715 = DIRECTION ( 'NONE',  ( -1.051525492790084115E-07, 0.9999999999999944489, 0.000000000000000000 ) ) ;
#1716 = ORIENTED_EDGE ( 'NONE', *, *, #3346, .T. ) ;
#1717 = AXIS2_PLACEMENT_3D ( 'NONE', #322, #347, #2266 ) ;
#1718 = CARTESIAN_POINT ( 'NONE',  ( 38.84765898759401637, 38.83857506877796339, 20.67243509468759655 ) ) ;
#1719 = PRODUCT_RELATED_PRODUCT_CATEGORY ( 'part', '', ( #2744 ) ) ;
#1720 = CIRCLE ( 'NONE', #2848, 0.03600013749698947191 ) ;
#1721 = CIRCLE ( 'NONE', #4557, 0.03899994794847572166 ) ;
#1722 = CARTESIAN_POINT ( 'NONE',  ( 38.81818628278060146, 38.82349257618533045, 20.73538459371149756 ) ) ;
#1723 = DIRECTION ( 'NONE',  ( 0.000000000000000000, 0.000000000000000000, -1.000000000000000000 ) ) ;
#1724 = EDGE_CURVE ( 'NONE', #3975, #2407, #3777, .T. ) ;
#1725 = VECTOR ( 'NONE', #1203, 1.000000000000000000 ) ;
#1726 = CARTESIAN_POINT ( 'NONE',  ( 38.84605995940284373, 38.79111867242058764, 20.67243509468759655 ) ) ;
#1727 = EDGE_LOOP ( 'NONE', ( #540, #1867, #1981, #384 ) ) ;
#1728 = VERTEX_POINT ( 'NONE', #1831 ) ;
#1729 = CARTESIAN_POINT ( 'NONE',  ( 38.79906025218296151, 38.84324852687446139, 20.67243509468759655 ) ) ;
#1730 = AXIS2_PLACEMENT_3D ( 'NONE', #4066, #1788, #3686 ) ;
#1731 = DIRECTION ( 'NONE',  ( 0.7071067811865474617, 0.7071067811865474617, 0.000000000000000000 ) ) ;
#1732 = ADVANCED_FACE ( 'NONE', ( #1466 ), #3701, .T. ) ;
#1733 = ADVANCED_FACE ( 'NONE', ( #4894 ), #1387, .T. ) ;
#1734 = CARTESIAN_POINT ( 'NONE',  ( 38.84670997571766549, 38.79395222144365363, 20.65843509468759720 ) ) ;
#1735 = AXIS2_PLACEMENT_3D ( 'NONE', #2810, #1362, #4352 ) ;
#1736 = ORIENTED_EDGE ( 'NONE', *, *, #309, .T. ) ;
#1737 = VERTEX_POINT ( 'NONE', #1092 ) ;
#1738 = CARTESIAN_POINT ( 'NONE',  ( 38.81374579519076917, 38.82351082623553395, 20.73464312166187540 ) ) ;
#1739 = DIRECTION ( 'NONE',  ( -0.000000000000000000, -0.000000000000000000, -1.000000000000000000 ) ) ;
#1740 = CARTESIAN_POINT ( 'NONE',  ( 38.81232548005768734, 38.77826972038980102, 20.65843509468759720 ) ) ;
#1741 = ORIENTED_EDGE ( 'NONE', *, *, #2290, .T. ) ;
#1742 = CARTESIAN_POINT ( 'NONE',  ( 38.82232602069689165, 38.85436175878940190, 20.67243509468759655 ) ) ;
#1743 = ORIENTED_EDGE ( 'NONE', *, *, #2811, .F. ) ;
#1744 = CARTESIAN_POINT ( 'NONE',  ( 38.80954654646342306, 38.77741587651977540, 20.67243509468759655 ) ) ;
#1745 = ORIENTED_EDGE ( 'NONE', *, *, #4984, .T. ) ;
#1746 = FACE_OUTER_BOUND ( 'NONE', #5011, .T. ) ;
#1747 = B_SPLINE_CURVE_WITH_KNOTS ( 'NONE', 3,
 ( #3633, #161, #1738, #1608, #3658, #821, #2507, #4688, #3288, #1208, #1001, #2367, #1348, #3922, #609, #4065, #584, #3309, #2143, #1583, #4467, #1989, #3538, #67, #2594, #1503, #1814, #3441, #4143, #3032 ),
 .UNSPECIFIED., .F., .F.,
 ( 4, 2, 2, 2, 2, 2, 2, 2, 2, 2, 2, 2, 2, 2, 4 ),
 ( 0.007070931942033612493, 0.007954555026299974657, 0.008396366568433157040, 0.008838178110566337689, 0.009279989652699518338, 0.009721801194832700721, 0.01016361273696588310, 0.01060542427909906375, 0.01104723582123224440, 0.01148904736336542678, 0.01237267044762772883, 0.01281448198975735503, 0.01325629353188697949, 0.01369810507401660396, 0.01413991661614623016 ),
 .UNSPECIFIED. ) ;
#1748 = DIRECTION ( 'NONE',  ( -0.000000000000000000, -0.000000000000000000, -1.000000000000000000 ) ) ;
#1749 = DIRECTION ( 'NONE',  ( 0.000000000000000000, -0.000000000000000000, -1.000000000000000000 ) ) ;
#1750 = CARTESIAN_POINT ( 'NONE',  ( 38.81818628437970631, 38.80828505959705410, 20.73523509773936269 ) ) ;
#1751 = LINE ( 'NONE', #4053, #4198 ) ;
#1752 = ADVANCED_FACE ( 'NONE', ( #1493 ), #3045, .T. ) ;
#1753 = FACE_OUTER_BOUND ( 'NONE', #4989, .T. ) ;
#1754 = ORIENTED_EDGE ( 'NONE', *, *, #2152, .T. ) ;
#1755 = DIRECTION ( 'NONE',  ( -0.000000000000000000, -0.000000000000000000, -1.000000000000000000 ) ) ;
#1756 = DIRECTION ( 'NONE',  ( -1.000000000000000000, 0.000000000000000000, 0.000000000000000000 ) ) ;
#1757 = DIRECTION ( 'NONE',  ( -0.000000000000000000, 0.000000000000000000, 1.000000000000000000 ) ) ;
#1758 = CIRCLE ( 'NONE', #3051, 0.02935410264610490219 ) ;
#1759 = EDGE_CURVE ( 'NONE', #2738, #3907, #352, .T. ) ;
#1760 = ORIENTED_EDGE ( 'NONE', *, *, #4491, .T. ) ;
#1761 = ORIENTED_EDGE ( 'NONE', *, *, #1865, .F. ) ;
#1762 = DIRECTION ( 'NONE',  ( -0.000000000000000000, -0.000000000000000000, -1.000000000000000000 ) ) ;
#1763 = AXIS2_PLACEMENT_3D ( 'NONE', #2260, #2660, #4543 ) ;
#1764 = CARTESIAN_POINT ( 'NONE',  ( 38.82243549974879215, 38.82828886890118980, 20.72923509773935535 ) ) ;
#1765 = CARTESIAN_POINT ( 'NONE',  ( 38.82963907948096960, 38.77937540471516797, 20.67243509468759655 ) ) ;
#1766 = EDGE_CURVE ( 'NONE', #4572, #2999, #4456, .T. ) ;
#1767 = DIRECTION ( 'NONE',  ( -1.000000000000000000, 0.000000000000000000, 0.000000000000000000 ) ) ;
#1768 = EDGE_LOOP ( 'NONE', ( #2093, #3799, #1026, #4355 ) ) ;
#1769 = EDGE_CURVE ( 'NONE', #3665, #1082, #2754, .T. ) ;
#1770 = VERTEX_POINT ( 'NONE', #2583 ) ;
#1771 = CARTESIAN_POINT ( 'NONE',  ( 38.81593628358015735, 38.81588881765458865, 20.67243509468759655 ) ) ;
#1772 = VERTEX_POINT ( 'NONE', #2992 ) ;
#1773 = CARTESIAN_POINT ( 'NONE',  ( 38.83891954599570795, 38.83887213187423981, 20.67243509468759655 ) ) ;
#1774 = CARTESIAN_POINT ( 'NONE',  ( 38.84605991480371046, 38.84065901712676094, 20.65843509468759720 ) ) ;
#1775 = LINE ( 'NONE', #1411, #706 ) ;
#1776 = CARTESIAN_POINT ( 'NONE',  ( 38.80612027009399867, 38.85600286508127965, 20.67243509468759655 ) ) ;
#1777 = ORIENTED_EDGE ( 'NONE', *, *, #2201, .F. ) ;
#1778 = DIRECTION ( 'NONE',  ( 0.000000000000000000, -0.000000000000000000, 1.000000000000000000 ) ) ;
#1779 = DIRECTION ( 'NONE',  ( -0.8660254037832296747, -0.5000000000020939916, 0.000000000000000000 ) ) ;
#1780 = DIRECTION ( 'NONE',  ( 0.7071067811876368125, -0.7071067811854583329, 0.000000000000000000 ) ) ;
#1781 = VECTOR ( 'NONE', #1237, 1.000000000000000000 ) ;
#1782 = CARTESIAN_POINT ( 'NONE',  ( 38.80223348767934510, 38.85240223059400932, 20.67243509468759655 ) ) ;
#1783 = ORIENTED_EDGE ( 'NONE', *, *, #3895, .T. ) ;
#1784 = VERTEX_POINT ( 'NONE', #2937 ) ;
#1785 = ORIENTED_EDGE ( 'NONE', *, *, #575, .F. ) ;
#1786 = AXIS2_PLACEMENT_3D ( 'NONE', #1773, #594, #2988 ) ;
#1787 = DIRECTION ( 'NONE',  ( -1.000000000000000000, 0.000000000000000000, 0.000000000000000000 ) ) ;
#1788 = DIRECTION ( 'NONE',  ( -0.000000000000000000, -0.000000000000000000, 1.000000000000000000 ) ) ;
#1789 = CYLINDRICAL_SURFACE ( 'NONE', #267, 0.02935410264610283093 ) ;
#1790 = ADVANCED_FACE ( 'NONE', ( #679 ), #307, .T. ) ;
#1791 = CARTESIAN_POINT ( 'NONE',  ( 38.82434871558404410, 38.84728458283974106, 20.67243509468759655 ) ) ;
#1792 = ORIENTED_EDGE ( 'NONE', *, *, #150, .F. ) ;
#1793 = DIRECTION ( 'NONE',  ( 0.000000000000000000, -0.000000000000000000, -1.000000000000000000 ) ) ;
#1794 = VERTEX_POINT ( 'NONE', #4588 ) ;
#1795 = EDGE_LOOP ( 'NONE', ( #4573, #3330, #922, #3953 ) ) ;
#1796 = DIRECTION ( 'NONE',  ( 0.000000000000000000, -0.000000000000000000, -1.000000000000000000 ) ) ;
#1797 = EDGE_CURVE ( 'NONE', #2578, #1610, #3183, .T. ) ;
#1798 = AXIS2_PLACEMENT_3D ( 'NONE', #4397, #921, #2460 ) ;
#1799 = CARTESIAN_POINT ( 'NONE',  ( 38.80083628358016057, 38.81588881765458865, 20.67363509449686276 ) ) ;
#1800 = AXIS2_PLACEMENT_3D ( 'NONE', #3969, #496, #1642 ) ;
#1801 = CARTESIAN_POINT ( 'NONE',  ( 38.82334943402607053, 38.78460944445506442, 20.67243509468759655 ) ) ;
#1802 = DIRECTION ( 'NONE',  ( 0.000000000000000000, -0.000000000000000000, -1.000000000000000000 ) ) ;
#1803 = CIRCLE ( 'NONE', #2037, 0.001006105236836115583 ) ;
#1804 = EDGE_LOOP ( 'NONE', ( #3556, #818, #1040, #2417 ) ) ;
#1805 = CARTESIAN_POINT ( 'NONE',  ( 38.81593624694912847, 38.84839209570126428, 20.67243509468759655 ) ) ;
#1806 = DIRECTION ( 'NONE',  ( 1.000000000000000000, 0.000000000000000000, 0.000000000000000000 ) ) ;
#1807 = DIRECTION ( 'NONE',  ( 0.000000000000000000, -0.000000000000000000, -1.000000000000000000 ) ) ;
#1808 = AXIS2_PLACEMENT_3D ( 'NONE', #1771, #617, #3693 ) ;
#1809 = AXIS2_PLACEMENT_3D ( 'NONE', #3311, #4067, #3334 ) ;
#1810 = CARTESIAN_POINT ( 'NONE',  ( 38.84733204876530976, 38.80747638565070901, 20.67243509468759655 ) ) ;
#1811 = AXIS2_PLACEMENT_3D ( 'NONE', #4038, #1739, #2115 ) ;
#1812 = EDGE_LOOP ( 'NONE', ( #4319, #3883, #269, #614 ) ) ;
#1813 = EDGE_LOOP ( 'NONE', ( #1150, #3704 ) ) ;
#1814 = CARTESIAN_POINT ( 'NONE',  ( 38.81811360932979227, 38.82351376368843887, 20.73464896552660974 ) ) ;
#1815 = DIRECTION ( 'NONE',  ( 0.8660254037867568533, 0.4999999999959848784, 0.000000000000000000 ) ) ;
#1816 =( GEOMETRIC_REPRESENTATION_CONTEXT ( 3 ) GLOBAL_UNCERTAINTY_ASSIGNED_CONTEXT ( ( #1336 ) ) GLOBAL_UNIT_ASSIGNED_CONTEXT ( ( #2728, #1565, #1870 ) ) REPRESENTATION_CONTEXT ( 'NONE', 'WORKASPACE' ) );
#1817 = LINE ( 'NONE', #3361, #2039 ) ;
#1818 = ORIENTED_EDGE ( 'NONE', *, *, #3248, .F. ) ;
#1819 = AXIS2_PLACEMENT_3D ( 'NONE', #108, #552, #2816 ) ;
#1820 = DIRECTION ( 'NONE',  ( 0.000000000000000000, 0.000000000000000000, -1.000000000000000000 ) ) ;
#1821 = CARTESIAN_POINT ( 'NONE',  ( 38.81666491784439188, 38.80799152416221887, 20.73310131033907311 ) ) ;
#1822 = EDGE_CURVE ( 'NONE', #1510, #510, #2555, .T. ) ;
#1823 = LINE ( 'NONE', #952, #1315 ) ;
#1824 = ORIENTED_EDGE ( 'NONE', *, *, #2512, .F. ) ;
#1825 = LINE ( 'NONE', #4913, #330 ) ;
#1826 = EDGE_CURVE ( 'NONE', #861, #3039, #3830, .T. ) ;
#1827 = ADVANCED_FACE ( 'NONE', ( #359 ), #1561, .T. ) ;
#1828 = CARTESIAN_POINT ( 'NONE',  ( 38.80671650282291552, 38.84668410572116670, 20.67243509468759655 ) ) ;
#1829 = ORIENTED_EDGE ( 'NONE', *, *, #3709, .F. ) ;
#1830 = CARTESIAN_POINT ( 'NONE',  ( 38.80671657358863769, 38.78509351062638899, 20.65843509468759720 ) ) ;
#1831 = CARTESIAN_POINT ( 'NONE',  ( 38.81818628278060146, 38.82349257618530913, 20.73523509773935203 ) ) ;
#1832 = EDGE_CURVE ( 'NONE', #1597, #3815, #732, .T. ) ;
#1833 = ORIENTED_EDGE ( 'NONE', *, *, #2310, .F. ) ;
#1834 = CYLINDRICAL_SURFACE ( 'NONE', #109, 0.03899994794847572166 ) ;
#1835 = DIRECTION ( 'NONE',  ( -0.000000000000000000, -0.000000000000000000, 1.000000000000000000 ) ) ;
#1836 = AXIS2_PLACEMENT_3D ( 'NONE', #687, #3414, #4962 ) ;
#1837 = CYLINDRICAL_SURFACE ( 'NONE', #4675, 0.01850000000001017497 ) ;
#1838 = AXIS2_PLACEMENT_3D ( 'NONE', #1391, #4190, #708 ) ;
#1839 = ORIENTED_EDGE ( 'NONE', *, *, #2746, .F. ) ;
#1840 = ORIENTED_EDGE ( 'NONE', *, *, #2932, .F. ) ;
#1841 = DIRECTION ( 'NONE',  ( -0.000000000000000000, -0.000000000000000000, -1.000000000000000000 ) ) ;
#1842 = DIRECTION ( 'NONE',  ( 0.000000000000000000, 0.000000000000000000, -1.000000000000000000 ) ) ;
#1843 = AXIS2_PLACEMENT_3D ( 'NONE', #329, #749, #2300 ) ;
#1844 = AXIS2_PLACEMENT_3D ( 'NONE', #791, #1619, #3075 ) ;
#1845 = FACE_BOUND ( 'NONE', #842, .T. ) ;
#1846 = CARTESIAN_POINT ( 'NONE',  ( 38.81623140435734598, 38.80796330457641119, 20.73299961223474597 ) ) ;
#1847 = ORIENTED_EDGE ( 'NONE', *, *, #3773, .T. ) ;
#1848 = CIRCLE ( 'NONE', #3536, 0.03899994794847572166 ) ;
#1849 = CARTESIAN_POINT ( 'NONE',  ( 38.81215076579761103, 38.85470461076901216, 20.65843509468759720 ) ) ;
#1850 = CARTESIAN_POINT ( 'NONE',  ( 38.81593628358015735, 38.81588881765458865, 20.65843509468759720 ) ) ;
#1851 = EDGE_LOOP ( 'NONE', ( #4831, #2953, #3184, #2592 ) ) ;
#1852 = ORIENTED_EDGE ( 'NONE', *, *, #912, .T. ) ;
#1853 = DIRECTION ( 'NONE',  ( -0.9659258262890654256, 0.2588190451025316197, 0.000000000000000000 ) ) ;
#1854 = AXIS2_PLACEMENT_3D ( 'NONE', #4329, #855, #3099 ) ;
#1855 = ADVANCED_FACE ( 'NONE', ( #1947 ), #1927, .T. ) ;
#1856 = VECTOR ( 'NONE', #3070, 1.000000000000000000 ) ;
#1857 = CARTESIAN_POINT ( 'NONE',  ( 38.78042806178375201, 38.83201835964563742, 20.67243509468759655 ) ) ;
#1858 = ORIENTED_EDGE ( 'NONE', *, *, #1533, .T. ) ;
#1859 = CARTESIAN_POINT ( 'NONE',  ( 38.80229345125967200, 38.81705883882126784, 20.64075716427210239 ) ) ;
#1860 = CARTESIAN_POINT ( 'NONE',  ( 38.78155178792017210, 38.80020631660073605, 20.67243509468759655 ) ) ;
#1861 = EDGE_CURVE ( 'NONE', #3907, #3039, #5028, .T. ) ;
#1862 = VERTEX_POINT ( 'NONE', #3496 ) ;
#1863 = DIRECTION ( 'NONE',  ( -1.000000000000000000, 0.000000000000000000, 0.000000000000000000 ) ) ;
#1864 = LINE ( 'NONE', #3808, #2720 ) ;
#1865 = EDGE_CURVE ( 'NONE', #3097, #1601, #4794, .T. ) ;
#1866 = DIRECTION ( 'NONE',  ( -1.000000000000000000, 0.000000000000000000, 0.000000000000000000 ) ) ;
#1867 = ORIENTED_EDGE ( 'NONE', *, *, #4002, .F. ) ;
#1868 = ORIENTED_EDGE ( 'NONE', *, *, #1529, .F. ) ;
#1869 = DIRECTION ( 'NONE',  ( 0.000000000000000000, -0.000000000000000000, 1.000000000000000000 ) ) ;
#1870 =( NAMED_UNIT ( * ) SI_UNIT ( $, .STERADIAN. ) SOLID_ANGLE_UNIT ( ) );
#1871 = DIRECTION ( 'NONE',  ( -0.000000000000000000, 0.000000000000000000, -1.000000000000000000 ) ) ;
#1872 = ORIENTED_EDGE ( 'NONE', *, *, #4183, .T. ) ;
#1873 = CARTESIAN_POINT ( 'NONE',  ( 38.82992465105225932, 38.81646035697117014, 20.74123509773935581 ) ) ;
#1874 = DIRECTION ( 'NONE',  ( 0.2588190451017443605, 0.9659258262892763680, 0.000000000000000000 ) ) ;
#1875 = ORIENTED_EDGE ( 'NONE', *, *, #2276, .T. ) ;
#1876 = CARTESIAN_POINT ( 'NONE',  ( 38.81593628358015735, 38.81588881765458865, 20.67243509468759655 ) ) ;
#1877 = CARTESIAN_POINT ( 'NONE',  ( 38.78778760076994558, 38.83214042495452389, 20.67243509468759655 ) ) ;
#1878 = EDGE_CURVE ( 'NONE', #3466, #1305, #3265, .T. ) ;
#1879 = DIRECTION ( 'NONE',  ( -0.000000000000000000, -0.000000000000000000, 1.000000000000000000 ) ) ;
#1880 = AXIS2_PLACEMENT_3D ( 'NONE', #3900, #3855, #400 ) ;
#1881 = DIRECTION ( 'NONE',  ( 0.000000000000000000, 0.000000000000000000, 1.000000000000000000 ) ) ;
#1882 = ORIENTED_EDGE ( 'NONE', *, *, #3369, .T. ) ;
#1883 = CIRCLE ( 'NONE', #4221, 0.001006105236832866012 ) ;
#1884 = EDGE_CURVE ( 'NONE', #1043, #4600, #3020, .T. ) ;
#1885 = LINE ( 'NONE', #232, #1581 ) ;
#1886 = DIRECTION ( 'NONE',  ( -1.000000000000000000, 0.000000000000000000, 0.000000000000000000 ) ) ;
#1887 = AXIS2_PLACEMENT_3D ( 'NONE', #2412, #3591, #3201 ) ;
#1888 = FACE_OUTER_BOUND ( 'NONE', #4938, .T. ) ;
#1889 = VERTEX_POINT ( 'NONE', #425 ) ;
#1890 = EDGE_LOOP ( 'NONE', ( #4712, #1093, #2706, #4885 ) ) ;
#1891 = AXIS2_PLACEMENT_3D ( 'NONE', #4345, #3944, #2824 ) ;
#1892 = EDGE_CURVE ( 'NONE', #1794, #4925, #1074, .T. ) ;
#1893 = FACE_OUTER_BOUND ( 'NONE', #2900, .T. ) ;
#1894 = EDGE_CURVE ( 'NONE', #3768, #2794, #1991, .T. ) ;
#1895 = ORIENTED_EDGE ( 'NONE', *, *, #2708, .F. ) ;
#1896 = CARTESIAN_POINT ( 'NONE',  ( 38.77746334244534410, 38.82227855477132294, 20.65843509468759720 ) ) ;
#1897 = AXIS2_PLACEMENT_3D ( 'NONE', #2269, #3038, #3488 ) ;
#1898 = CARTESIAN_POINT ( 'NONE',  ( 38.81479956479065407, 38.80803622703304256, 20.73327090637774006 ) ) ;
#1899 = VERTEX_POINT ( 'NONE', #4661 ) ;
#1900 = MECHANICAL_DESIGN_GEOMETRIC_PRESENTATION_REPRESENTATION (  '', ( #270 ), #1816 ) ;
#1901 = DIRECTION ( 'NONE',  ( 0.000000000000000000, -0.000000000000000000, -1.000000000000000000 ) ) ;
#1902 = CARTESIAN_POINT ( 'NONE',  ( 38.80025378252630475, 38.85027331331457390, 20.67243509468759655 ) ) ;
#1903 = CIRCLE ( 'NONE', #4728, 0.03899994794847572166 ) ;
#1904 = DIRECTION ( 'NONE',  ( 0.000000000000000000, 0.000000000000000000, -1.000000000000000000 ) ) ;
#1905 = CARTESIAN_POINT ( 'NONE',  ( 38.79906031562977375, 38.78852907180367993, 20.67243509468759655 ) ) ;
#1906 = CARTESIAN_POINT ( 'NONE',  ( 38.77628849271694378, 38.82744492432503591, 20.65843509468759720 ) ) ;
#1907 = ORIENTED_EDGE ( 'NONE', *, *, #4526, .T. ) ;
#1908 = DIRECTION ( 'NONE',  ( -0.000000000000000000, 0.000000000000000000, -1.000000000000000000 ) ) ;
#1909 = CARTESIAN_POINT ( 'NONE',  ( 38.77866448125067933, 38.80964004719891136, 20.67243509468759655 ) ) ;
#1910 = EDGE_CURVE ( 'NONE', #4766, #4294, #3428, .T. ) ;
#1911 = ORIENTED_EDGE ( 'NONE', *, *, #1766, .F. ) ;
#1912 = VERTEX_POINT ( 'NONE', #1211 ) ;
#1913 = CARTESIAN_POINT ( 'NONE',  ( 38.81012813547323503, 38.82828886760704279, 20.64075716427210239 ) ) ;
#1914 = VECTOR ( 'NONE', #1841, 1.000000000000000000 ) ;
#1915 = EDGE_CURVE ( 'NONE', #3175, #4817, #3904, .T. ) ;
#1916 = CARTESIAN_POINT ( 'NONE',  ( 38.80968751312448006, 38.85316061998406667, 20.65843509468759720 ) ) ;
#1917 = VERTEX_POINT ( 'NONE', #803 ) ;
#1918 = ORIENTED_EDGE ( 'NONE', *, *, #3843, .T. ) ;
#1919 = LINE ( 'NONE', #796, #1394 ) ;
#1920 = DIRECTION ( 'NONE',  ( -1.000000000000000000, 0.000000000000000000, 0.000000000000000000 ) ) ;
#1921 = EDGE_CURVE ( 'NONE', #3990, #1784, #1721, .T. ) ;
#1922 = AXIS2_PLACEMENT_3D ( 'NONE', #3574, #2109, #2140 ) ;
#1923 = DIRECTION ( 'NONE',  ( -0.000000000000000000, -0.000000000000000000, -1.000000000000000000 ) ) ;
#1924 = CYLINDRICAL_SURFACE ( 'NONE', #456, 0.001006105236832866012 ) ;
#1925 = ORIENTED_EDGE ( 'NONE', *, *, #595, .F. ) ;
#1926 = CIRCLE ( 'NONE', #3945, 0.03000003113258031817 ) ;
#1927 = CYLINDRICAL_SURFACE ( 'NONE', #4304, 0.02935410264610283093 ) ;
#1928 = CARTESIAN_POINT ( 'NONE',  ( 38.79743628358014718, 38.81588881765458865, 20.66573509468759795 ) ) ;
#1929 = VERTEX_POINT ( 'NONE', #750 ) ;
#1930 = ORIENTED_EDGE ( 'NONE', *, *, #4259, .F. ) ;
#1931 = DIRECTION ( 'NONE',  ( 0.000000000000000000, -1.000000000000000000, 0.000000000000000000 ) ) ;
#1932 = FACE_OUTER_BOUND ( 'NONE', #653, .T. ) ;
#1933 = VERTEX_POINT ( 'NONE', #4610 ) ;
#1934 = ORIENTED_EDGE ( 'NONE', *, *, #4185, .F. ) ;
#1935 = EDGE_CURVE ( 'NONE', #3938, #4756, #2752, .T. ) ;
#1936 = DIRECTION ( 'NONE',  ( -1.000000000000000000, 0.000000000000000000, 0.000000000000000000 ) ) ;
#1937 = VERTEX_POINT ( 'NONE', #1137 ) ;
#1938 = DIRECTION ( 'NONE',  ( 0.000000000000000000, 0.000000000000000000, -1.000000000000000000 ) ) ;
#1939 = AXIS2_PLACEMENT_3D ( 'NONE', #721, #3423, #2630 ) ;
#1940 = CIRCLE ( 'NONE', #402, 0.007929668353440888495 ) ;
#1941 = CARTESIAN_POINT ( 'NONE',  ( 38.81593628358015735, 38.81588881765458865, 20.67243509468759655 ) ) ;
#1942 = EDGE_CURVE ( 'NONE', #259, #390, #745, .T. ) ;
#1943 = LINE ( 'NONE', #3853, #218 ) ;
#1944 = AXIS2_PLACEMENT_3D ( 'NONE', #619, #247, #275 ) ;
#1945 = EDGE_CURVE ( 'NONE', #3449, #4447, #3577, .T. ) ;
#1946 = ORIENTED_EDGE ( 'NONE', *, *, #955, .F. ) ;
#1947 = FACE_OUTER_BOUND ( 'NONE', #4182, .T. ) ;
#1948 = FACE_OUTER_BOUND ( 'NONE', #104, .T. ) ;
#1949 = CARTESIAN_POINT ( 'NONE',  ( 38.78516259144264922, 38.83782541386552367, 20.67243509468759655 ) ) ;
#1950 = FILL_AREA_STYLE ('',( #783 ) ) ;
#1951 = DIRECTION ( 'NONE',  ( -0.000000000000000000, -0.000000000000000000, -1.000000000000000000 ) ) ;
#1952 = CIRCLE ( 'NONE', #2279, 0.001006105236834714794 ) ;
#1953 = ORIENTED_EDGE ( 'NONE', *, *, #2370, .T. ) ;
#1954 = VERTEX_POINT ( 'NONE', #2655 ) ;
#1955 = LINE ( 'NONE', #1571, #3495 ) ;
#1956 = CARTESIAN_POINT ( 'NONE',  ( 38.79743628358014718, 38.81588881765458865, 20.66543509468759865 ) ) ;
#1957 = CIRCLE ( 'NONE', #346, 0.001006105236834714794 ) ;
#1958 = DIRECTION ( 'NONE',  ( 0.000000000000000000, -0.000000000000000000, -1.000000000000000000 ) ) ;
#1959 = CIRCLE ( 'NONE', #4633, 0.03600013749699115806 ) ;
#1960 = ORIENTED_EDGE ( 'NONE', *, *, #3216, .F. ) ;
#1961 = AXIS2_PLACEMENT_3D ( 'NONE', #892, #3607, #512 ) ;
#1962 = CARTESIAN_POINT ( 'NONE',  ( 38.83891959779980851, 38.79290555523903805, 20.67243509468759655 ) ) ;
#1963 = CARTESIAN_POINT ( 'NONE',  ( 38.80438017690971009, 38.77624102679137508, 20.67243509468759655 ) ) ;
#1964 = CIRCLE ( 'NONE', #999, 0.001006105236834714794 ) ;
#1965 = ADVANCED_FACE ( 'NONE', ( #3273 ), #4782, .T. ) ;
#1966 = CIRCLE ( 'NONE', #2776, 0.001006105236834714794 ) ;
#1967 = DIRECTION ( 'NONE',  ( -0.9659258262890654256, 0.2588190451025316197, 0.000000000000000000 ) ) ;
#1968 = LINE ( 'NONE', #3517, #4668 ) ;
#1969 = DIRECTION ( 'NONE',  ( 0.000000000000000000, -0.000000000000000000, 1.000000000000000000 ) ) ;
#1970 = CIRCLE ( 'NONE', #4808, 0.001006105236832866012 ) ;
#1971 = EDGE_CURVE ( 'NONE', #1899, #4471, #197, .T. ) ;
#1972 = EDGE_CURVE ( 'NONE', #4260, #4280, #2782, .T. ) ;
#1973 = CARTESIAN_POINT ( 'NONE',  ( 38.78764135706518346, 38.83114500518055934, 20.67243509468759655 ) ) ;
#1974 = CARTESIAN_POINT ( 'NONE',  ( 38.78514099551357930, 38.80666903689734681, 20.65843509468759720 ) ) ;
#1975 = EDGE_CURVE ( 'NONE', #2733, #2407, #3198, .T. ) ;
#1976 = ORIENTED_EDGE ( 'NONE', *, *, #2598, .F. ) ;
#1977 = PRODUCT_DEFINITION_SHAPE ( 'NONE', 'NONE',  #4475 ) ;
#1978 = CARTESIAN_POINT ( 'NONE',  ( 38.81593628358015735, 38.81588881765458865, 20.67243509468759655 ) ) ;
#1979 = DIRECTION ( 'NONE',  ( -1.000000000000000000, 0.000000000000000000, 0.000000000000000000 ) ) ;
#1980 = EDGE_LOOP ( 'NONE', ( #3151, #2295 ) ) ;
#1981 = ORIENTED_EDGE ( 'NONE', *, *, #2995, .F. ) ;
#1982 = VERTEX_POINT ( 'NONE', #2803 ) ;
#1983 = FACE_OUTER_BOUND ( 'NONE', #4845, .T. ) ;
#1984 = VERTEX_POINT ( 'NONE', #4046 ) ;
#1985 = CYLINDRICAL_SURFACE ( 'NONE', #3106, 0.03899994794847572166 ) ;
#1986 = ORIENTED_EDGE ( 'NONE', *, *, #4002, .T. ) ;
#1987 = CIRCLE ( 'NONE', #3936, 0.03899994794847572166 ) ;
#1988 = ORIENTED_EDGE ( 'NONE', *, *, #1102, .T. ) ;
#1989 = CARTESIAN_POINT ( 'NONE',  ( 38.81762994376657616, 38.82363622041038553, 20.73374671131659142 ) ) ;
#1990 = CARTESIAN_POINT ( 'NONE',  ( 38.83118184909007198, 38.78774017147541286, 20.67243509468759655 ) ) ;
#1991 = LINE ( 'NONE', #2700, #579 ) ;
#1992 = EDGE_CURVE ( 'NONE', #1068, #3898, #1258, .T. ) ;
#1993 = CIRCLE ( 'NONE', #4510, 0.03899994794847572166 ) ;
#1994 = AXIS2_PLACEMENT_3D ( 'NONE', #964, #3682, #208 ) ;
#1995 = LINE ( 'NONE', #3878, #1856 ) ;
#1996 = SURFACE_SIDE_STYLE ('',( #3390 ) ) ;
#1997 = EDGE_CURVE ( 'NONE', #204, #5003, #1335, .T. ) ;
#1998 = CARTESIAN_POINT ( 'NONE',  ( 38.81593628358015735, 38.81588881765458865, 20.67363509449686276 ) ) ;
#1999 = VECTOR ( 'NONE', #2530, 1.000000000000000000 ) ;
#2000 = ORIENTED_EDGE ( 'NONE', *, *, #920, .T. ) ;
#2001 = ORIENTED_EDGE ( 'NONE', *, *, #4843, .F. ) ;
#2002 = CYLINDRICAL_SURFACE ( 'NONE', #1844, 0.03600013749699115806 ) ;
#2003 = ADVANCED_FACE ( 'NONE', ( #2017 ), #2879, .T. ) ;
#2004 = EDGE_CURVE ( 'NONE', #3448, #3239, #1289, .T. ) ;
#2005 = DIRECTION ( 'NONE',  ( -1.000000000000000000, 0.000000000000000000, 0.000000000000000000 ) ) ;
#2006 = LINE ( 'NONE', #1173, #3573 ) ;
#2007 = VERTEX_POINT ( 'NONE', #2826 ) ;
#2008 = ORIENTED_EDGE ( 'NONE', *, *, #1440, .F. ) ;
#2009 = VERTEX_POINT ( 'NONE', #3566 ) ;
#2010 = DIRECTION ( 'NONE',  ( 1.000000000000000000, 0.000000000000000000, 0.000000000000000000 ) ) ;
#2011 = ORIENTED_EDGE ( 'NONE', *, *, #4614, .F. ) ;
#2012 = DIRECTION ( 'NONE',  ( -1.000000000000000000, 0.000000000000000000, 0.000000000000000000 ) ) ;
#2013 = ORIENTED_EDGE ( 'NONE', *, *, #1481, .T. ) ;
#2014 = CARTESIAN_POINT ( 'NONE',  ( 38.83281225153054805, 38.84324856350549737, 20.67243509468759655 ) ) ;
#2015 = DIRECTION ( 'NONE',  ( -0.9999999999999944489, -1.051525492790084115E-07, 0.000000000000000000 ) ) ;
#2016 = EDGE_LOOP ( 'NONE', ( #3257, #3512 ) ) ;
#2017 = FACE_OUTER_BOUND ( 'NONE', #2547, .T. ) ;
#2018 = ADVANCED_FACE ( 'NONE', ( #123 ), #2440, .F. ) ;
#2019 = VECTOR ( 'NONE', #351, 1.000000000000000000 ) ;
#2020 = CARTESIAN_POINT ( 'NONE',  ( 38.81772462270767221, 38.82361465352195751, 20.73660837401899215 ) ) ;
#2021 = CYLINDRICAL_SURFACE ( 'NONE', #674, 0.001006105236832866012 ) ;
#2022 = AXIS2_PLACEMENT_3D ( 'NONE', #3473, #4607, #1967 ) ;
#2023 = ADVANCED_FACE ( 'NONE', ( #1746 ), #3243, .T. ) ;
#2024 = ORIENTED_EDGE ( 'NONE', *, *, #4860, .T. ) ;
#2025 = ORIENTED_EDGE ( 'NONE', *, *, #3984, .F. ) ;
#2026 = DIRECTION ( 'NONE',  ( -0.7071067811876368125, 0.7071067811854583329, 0.000000000000000000 ) ) ;
#2027 = DIRECTION ( 'NONE',  ( -0.000000000000000000, -0.000000000000000000, -1.000000000000000000 ) ) ;
#2028 = DIRECTION ( 'NONE',  ( 0.000000000000000000, -0.000000000000000000, -1.000000000000000000 ) ) ;
#2029 = EDGE_CURVE ( 'NONE', #408, #2216, #963, .T. ) ;
#2030 = EDGE_CURVE ( 'NONE', #889, #1937, #3993, .T. ) ;
#2031 = ORIENTED_EDGE ( 'NONE', *, *, #262, .T. ) ;
#2032 = AXIS2_PLACEMENT_3D ( 'NONE', #692, #1456, #324 ) ;
#2033 = DIRECTION ( 'NONE',  ( -1.000000000000000000, 0.000000000000000000, 0.000000000000000000 ) ) ;
#2034 = DIRECTION ( 'NONE',  ( 0.000000000000000000, 0.000000000000000000, -1.000000000000000000 ) ) ;
#2035 = AXIS2_PLACEMENT_3D ( 'NONE', #4034, #4412, #2453 ) ;
#2036 = ORIENTED_EDGE ( 'NONE', *, *, #343, .T. ) ;
#2037 = AXIS2_PLACEMENT_3D ( 'NONE', #464, #3656, #4802 ) ;
#2038 = FACE_OUTER_BOUND ( 'NONE', #4006, .T. ) ;
#2039 = VECTOR ( 'NONE', #4905, 1.000000000000000000 ) ;
#2040 = EDGE_LOOP ( 'NONE', ( #3315, #463, #4955, #1144 ) ) ;
#2041 = CYLINDRICAL_SURFACE ( 'NONE', #3742, 0.03600013749699115806 ) ;
#2042 = CARTESIAN_POINT ( 'NONE',  ( 38.81593628358015735, 38.81588881765458865, 20.67243509468759655 ) ) ;
#2043 = VECTOR ( 'NONE', #891, 1.000000000000000000 ) ;
#2044 = CARTESIAN_POINT ( 'NONE',  ( 38.79387662037215989, 38.83927097423686803, 20.67243509468759655 ) ) ;
#2045 = DIRECTION ( 'NONE',  ( 0.000000000000000000, -0.000000000000000000, -1.000000000000000000 ) ) ;
#2046 = CARTESIAN_POINT ( 'NONE',  ( 38.81788789022586883, 38.82357503442129598, 20.73636437884990613 ) ) ;
#2047 = AXIS2_PLACEMENT_3D ( 'NONE', #1398, #2596, #4144 ) ;
#2048 = CARTESIAN_POINT ( 'NONE',  ( 38.83103628358015413, 38.81588881765458865, 20.67363509449686276 ) ) ;
#2049 = CARTESIAN_POINT ( 'NONE',  ( 38.77866448125067933, 38.80964004719891136, 20.65843509468759720 ) ) ;
#2050 = ORIENTED_EDGE ( 'NONE', *, *, #175, .T. ) ;
#2051 = ORIENTED_EDGE ( 'NONE', *, *, #3437, .F. ) ;
#2052 = CARTESIAN_POINT ( 'NONE',  ( 38.79188878845837962, 38.84504276008891566, 20.65843509468759720 ) ) ;
#2053 = CYLINDRICAL_SURFACE ( 'NONE', #3173, 0.03899994794847572166 ) ;
#2054 = EDGE_CURVE ( 'NONE', #1216, #1631, #4613, .T. ) ;
#2055 = DIRECTION ( 'NONE',  ( -1.000000000000000000, 0.000000000000000000, 0.000000000000000000 ) ) ;
#2056 = CARTESIAN_POINT ( 'NONE',  ( 38.80271197637244995, 38.78048610476458435, 20.67243509468759655 ) ) ;
#2057 = ORIENTED_EDGE ( 'NONE', *, *, #1658, .T. ) ;
#2058 = ORIENTED_EDGE ( 'NONE', *, *, #303, .F. ) ;
#2059 = CYLINDRICAL_SURFACE ( 'NONE', #735, 0.03600013749699115806 ) ;
#2060 = DIRECTION ( 'NONE',  ( 0.000000000000000000, 0.000000000000000000, -1.000000000000000000 ) ) ;
#2061 = CARTESIAN_POINT ( 'NONE',  ( 38.79295302116460675, 38.79290550343493749, 20.65843509468759720 ) ) ;
#2062 = EDGE_CURVE ( 'NONE', #3964, #1982, #3076, .T. ) ;
#2063 = CARTESIAN_POINT ( 'NONE',  ( 38.81593628358015735, 38.81588881765458865, 20.67333509449686346 ) ) ;
#2064 = ORIENTED_EDGE ( 'NONE', *, *, #1797, .T. ) ;
#2065 = ORIENTED_EDGE ( 'NONE', *, *, #367, .F. ) ;
#2066 = AXIS2_PLACEMENT_3D ( 'NONE', #3733, #4903, #3885 ) ;
#2067 = FACE_OUTER_BOUND ( 'NONE', #2164, .T. ) ;
#2068 = ORIENTED_EDGE ( 'NONE', *, *, #1113, .F. ) ;
#2069 = CARTESIAN_POINT ( 'NONE',  ( 38.81593628358015735, 38.81588881765458865, 20.67243509468759655 ) ) ;
#2070 = ADVANCED_FACE ( 'NONE', ( #472 ), #1309, .T. ) ;
#2071 = EDGE_CURVE ( 'NONE', #3841, #3293, #1940, .T. ) ;
#2072 = AXIS2_PLACEMENT_3D ( 'NONE', #2371, #4253, #1564 ) ;
#2073 = CARTESIAN_POINT ( 'NONE',  ( 38.78610450620310246, 38.78733087689833070, 20.67243509468759655 ) ) ;
#2074 = DIRECTION ( 'NONE',  ( 0.4999999999959848784, 0.8660254037867568533, 0.000000000000000000 ) ) ;
#2075 = DIRECTION ( 'NONE',  ( -1.000000000000000000, 0.000000000000000000, 0.000000000000000000 ) ) ;
#2076 = VECTOR ( 'NONE', #1749, 1.000000000000000000 ) ;
#2077 = CARTESIAN_POINT ( 'NONE',  ( 38.81806972704181646, 38.80825131273527262, 20.73596480784556206 ) ) ;
#2078 = AXIS2_PLACEMENT_3D ( 'NONE', #3124, #3864, #1196 ) ;
#2079 = AXIS2_PLACEMENT_3D ( 'NONE', #3530, #58, #1600 ) ;
#2080 = VERTEX_POINT ( 'NONE', #4739 ) ;
#2081 = DIRECTION ( 'NONE',  ( -0.000000000000000000, -0.000000000000000000, 1.000000000000000000 ) ) ;
#2082 = CARTESIAN_POINT ( 'NONE',  ( 38.80172868325745839, 38.86891230391250929, 20.72923509773935535 ) ) ;
#2083 = AXIS2_PLACEMENT_3D ( 'NONE', #2499, #4840, #2103 ) ;
#2084 = CIRCLE ( 'NONE', #3143, 0.02935410264610068681 ) ;
#2085 = CARTESIAN_POINT ( 'NONE',  ( 38.81215076579761103, 38.85470461076901216, 20.67243509468759655 ) ) ;
#2086 = CARTESIAN_POINT ( 'NONE',  ( 38.81368627949857597, 38.85470462142982484, 20.73523509773935558 ) ) ;
#2087 = ORIENTED_EDGE ( 'NONE', *, *, #1320, .F. ) ;
#2088 = ORIENTED_EDGE ( 'NONE', *, *, #2904, .F. ) ;
#2089 = ADVANCED_FACE ( 'NONE', ( #4403 ), #4129, .F. ) ;
#2090 = DIRECTION ( 'NONE',  ( -0.000000000000000000, -0.000000000000000000, -1.000000000000000000 ) ) ;
#2091 = DIRECTION ( 'NONE',  ( -1.000000000000000000, 0.000000000000000000, 0.000000000000000000 ) ) ;
#2092 = CARTESIAN_POINT ( 'NONE',  ( 38.81593628358015735, 38.81588881765458865, 20.64075716427210239 ) ) ;
#2093 = ORIENTED_EDGE ( 'NONE', *, *, #4047, .F. ) ;
#2094 = ORIENTED_EDGE ( 'NONE', *, *, #3737, .F. ) ;
#2095 = EDGE_CURVE ( 'NONE', #525, #478, #806, .T. ) ;
#2096 = CARTESIAN_POINT ( 'NONE',  ( 38.85440921321007579, 38.82227862404251795, 20.65843509468759720 ) ) ;
#2097 = ORIENTED_EDGE ( 'NONE', *, *, #2657, .T. ) ;
#2098 = CARTESIAN_POINT ( 'NONE',  ( 38.85032077924014260, 38.83157131870844125, 20.67243509468759655 ) ) ;
#2099 = EDGE_CURVE ( 'NONE', #4382, #1123, #4618, .T. ) ;
#2100 = ADVANCED_FACE ( 'NONE', ( #641 ), #2150, .T. ) ;
#2101 = CARTESIAN_POINT ( 'NONE',  ( 38.81578961234735203, 38.82381850378520483, 20.73748516044576107 ) ) ;
#2102 = CARTESIAN_POINT ( 'NONE',  ( 38.83281225153054805, 38.84324856350549737, 20.65843509468759720 ) ) ;
#2103 = DIRECTION ( 'NONE',  ( -1.000000000000000000, 0.000000000000000000, 0.000000000000000000 ) ) ;
#2104 = EDGE_LOOP ( 'NONE', ( #4315, #3694 ) ) ;
#2105 = ORIENTED_EDGE ( 'NONE', *, *, #1539, .F. ) ;
#2106 = DIRECTION ( 'NONE',  ( -1.000000000000000000, 0.000000000000000000, 0.000000000000000000 ) ) ;
#2107 = DIRECTION ( 'NONE',  ( 0.000000000000000000, -0.000000000000000000, -1.000000000000000000 ) ) ;
#2108 = AXIS2_PLACEMENT_3D ( 'NONE', #4996, #3063, #4605 ) ;
#2109 = DIRECTION ( 'NONE',  ( -0.000000000000000000, 0.000000000000000000, 1.000000000000000000 ) ) ;
#2110 = CARTESIAN_POINT ( 'NONE',  ( 38.80223355342241831, 38.77937538004309914, 20.65843509468759720 ) ) ;
#2111 = ORIENTED_EDGE ( 'NONE', *, *, #1115, .T. ) ;
#2112 = VERTEX_POINT ( 'NONE', #4448 ) ;
#2113 = DIRECTION ( 'NONE',  ( -1.000000000000000000, 0.000000000000000000, 0.000000000000000000 ) ) ;
#2114 = AXIS2_PLACEMENT_3D ( 'NONE', #4948, #1042, #646 ) ;
#2115 = DIRECTION ( 'NONE',  ( -1.000000000000000000, 0.000000000000000000, 0.000000000000000000 ) ) ;
#2116 = DIRECTION ( 'NONE',  ( -0.000000000000000000, 0.000000000000000000, -1.000000000000000000 ) ) ;
#2117 = CIRCLE ( 'NONE', #3569, 0.001006105236833839843 ) ;
#2118 = CARTESIAN_POINT ( 'NONE',  ( 38.80943706741152965, 38.80348876640798750, 20.72923509773935535 ) ) ;
#2119 = VERTEX_POINT ( 'NONE', #979 ) ;
#2120 = ORIENTED_EDGE ( 'NONE', *, *, #1165, .T. ) ;
#2121 = LINE ( 'NONE', #977, #997 ) ;
#2122 = ORIENTED_EDGE ( 'NONE', *, *, #3404, .T. ) ;
#2123 = AXIS2_PLACEMENT_3D ( 'NONE', #4212, #649, #3837 ) ;
#2124 = CARTESIAN_POINT ( 'NONE',  ( 38.82218505403583464, 38.77861701532511063, 20.67243509468759655 ) ) ;
#2125 = EDGE_CURVE ( 'NONE', #1013, #188, #3725, .T. ) ;
#2126 = AXIS2_PLACEMENT_3D ( 'NONE', #4191, #2877, #470 ) ;
#2127 = CIRCLE ( 'NONE', #4155, 0.01369291142362527580 ) ;
#2128 = DIRECTION ( 'NONE',  ( 0.000000000000000000, 0.000000000000000000, -1.000000000000000000 ) ) ;
#2129 = DIRECTION ( 'NONE',  ( -0.000000000000000000, -0.000000000000000000, -1.000000000000000000 ) ) ;
#2130 = CARTESIAN_POINT ( 'NONE',  ( 38.81563963201578815, 38.82381425875333036, 20.73747032670038948 ) ) ;
#2131 = DIRECTION ( 'NONE',  ( -0.000000000000000000, -0.000000000000000000, -1.000000000000000000 ) ) ;
#2132 = EDGE_CURVE ( 'NONE', #2112, #3448, #2910, .T. ) ;
#2133 = AXIS2_PLACEMENT_3D ( 'NONE', #3592, #3620, #4761 ) ;
#2134 = ORIENTED_EDGE ( 'NONE', *, *, #4267, .F. ) ;
#2135 = CARTESIAN_POINT ( 'NONE',  ( 38.77942287064073668, 38.80218602175377640, 20.65843509468759720 ) ) ;
#2136 = CIRCLE ( 'NONE', #2214, 0.03899994794847572166 ) ;
#2137 = VECTOR ( 'NONE', #2887, 1.000000000000000000 ) ;
#2138 = AXIS2_PLACEMENT_3D ( 'NONE', #3774, #2524, #4891 ) ;
#2139 = EDGE_CURVE ( 'NONE', #541, #2378, #1461, .T. ) ;
#2140 = DIRECTION ( 'NONE',  ( 0.8660254037834456131, 0.5000000000017201796, 0.000000000000000000 ) ) ;
#2141 = ORIENTED_EDGE ( 'NONE', *, *, #2447, .T. ) ;
#2142 = VERTEX_POINT ( 'NONE', #2177 ) ;
#2143 = CARTESIAN_POINT ( 'NONE',  ( 38.81666401925155441, 38.82378619988043056, 20.73310098011063118 ) ) ;
#2144 = CARTESIAN_POINT ( 'NONE',  ( 38.79116613834615634, 38.78576514183190227, 20.67243509468759655 ) ) ;
#2145 = CARTESIAN_POINT ( 'NONE',  ( 38.83343628358015565, 38.81588881765458865, 20.67333509449686346 ) ) ;
#2146 = DIRECTION ( 'NONE',  ( 0.000000000000000000, 0.000000000000000000, -1.000000000000000000 ) ) ;
#2147 = ORIENTED_EDGE ( 'NONE', *, *, #1185, .F. ) ;
#2148 = DIRECTION ( 'NONE',  ( -0.8660254563607097111, 0.4999999089352162862, 0.000000000000000000 ) ) ;
#2149 = VERTEX_POINT ( 'NONE', #3368 ) ;
#2150 = CYLINDRICAL_SURFACE ( 'NONE', #3643, 0.03899994794847572166 ) ;
#2151 = DIRECTION ( 'NONE',  ( 0.000000000000000000, -1.000000000000000000, 0.000000000000000000 ) ) ;
#2152 = EDGE_CURVE ( 'NONE', #5027, #1917, #4859, .T. ) ;
#2153 = CYLINDRICAL_SURFACE ( 'NONE', #612, 0.02935410264610283093 ) ;
#2154 = DIRECTION ( 'NONE',  ( -0.5000000910647741659, 0.8660253512081603766, -0.000000000000000000 ) ) ;
#2155 = VECTOR ( 'NONE', #1327, 1.000000000000000000 ) ;
#2156 = DIRECTION ( 'NONE',  ( 0.9659258262890429991, -0.2588190451026144978, 0.000000000000000000 ) ) ;
#2157 = EDGE_LOOP ( 'NONE', ( #4609, #4407, #4601, #3531 ) ) ;
#2158 = CARTESIAN_POINT ( 'NONE',  ( 38.81593628358015735, 38.81588881765458865, 20.67363509449686276 ) ) ;
#2159 = EDGE_CURVE ( 'NONE', #872, #2626, #1703, .T. ) ;
#2160 = CARTESIAN_POINT ( 'NONE',  ( 38.81593627949857250, 38.85470462166642136, 20.73523509773935558 ) ) ;
#2161 = DIRECTION ( 'NONE',  ( 0.9999999999999945599, 1.051540089572273336E-07, 0.000000000000000000 ) ) ;
#2162 = CIRCLE ( 'NONE', #4836, 0.03600013749699044335 ) ;
#2163 = ORIENTED_EDGE ( 'NONE', *, *, #3647, .F. ) ;
#2164 = EDGE_LOOP ( 'NONE', ( #4488, #518, #3819, #1422 ) ) ;
#2165 = EDGE_CURVE ( 'NONE', #3505, #4516, #968, .T. ) ;
#2166 = DIRECTION ( 'NONE',  ( -0.000000000000000000, -0.000000000000000000, 1.000000000000000000 ) ) ;
#2167 = ADVANCED_FACE ( 'NONE', ( #221 ), #4102, .F. ) ;
#2168 = AXIS2_PLACEMENT_3D ( 'NONE', #1810, #4593, #3355 ) ;
#2169 = DIRECTION ( 'NONE',  ( -0.000000000000000000, -0.000000000000000000, -1.000000000000000000 ) ) ;
#2170 = DIRECTION ( 'NONE',  ( -0.000000000000000000, -0.000000000000000000, 1.000000000000000000 ) ) ;
#2171 = ORIENTED_EDGE ( 'NONE', *, *, #2552, .F. ) ;
#2172 = LINE ( 'NONE', #1032, #2675 ) ;
#2173 = EDGE_LOOP ( 'NONE', ( #4331, #3214, #4753, #2120 ) ) ;
#2174 = ORIENTED_EDGE ( 'NONE', *, *, #1695, .F. ) ;
#2175 = DIRECTION ( 'NONE',  ( -0.000000000000000000, -0.000000000000000000, -1.000000000000000000 ) ) ;
#2176 = ORIENTED_EDGE ( 'NONE', *, *, #2838, .T. ) ;
#2177 = CARTESIAN_POINT ( 'NONE',  ( 38.81368628488405648, 38.80348876685479809, 20.73523509773935558 ) ) ;
#2178 = DIRECTION ( 'NONE',  ( 0.9659258262890654256, 0.2588190451025316197, 0.000000000000000000 ) ) ;
#2179 = CARTESIAN_POINT ( 'NONE',  ( 38.84605991480371046, 38.84065901712676094, 20.67243509468759655 ) ) ;
#2180 = DIRECTION ( 'NONE',  ( -1.000000000000000000, 0.000000000000000000, 0.000000000000000000 ) ) ;
#2181 = DIRECTION ( 'NONE',  ( -0.000000000000000000, -0.000000000000000000, -1.000000000000000000 ) ) ;
#2182 = PLANE ( 'NONE',  #4158 ) ;
#2183 = B_SPLINE_CURVE_WITH_KNOTS ( 'NONE', 3,
 ( #2347, #4328, #3522, #48, #3880, #4692, #4302, #3794, #320, #1542, #405, #833, #3929, #3278, #4741, #4839, #1265, #4814, #571, #201, #4785, #4404, #877, #3300, #3996, #2077, #4763, #2416, #1646, #1750 ),
 .UNSPECIFIED., .F., .F.,
 ( 4, 2, 2, 2, 2, 2, 2, 2, 2, 2, 2, 2, 2, 2, 4 ),
 ( 0.007070931942026427268, 0.007954555026308008162, 0.008396366568445841339, 0.008838178110583676250, 0.009279989652721511162, 0.009721801194859344339, 0.01016361273699717925, 0.01060542427913501243, 0.01104723582127284734, 0.01148904736341068225, 0.01237267044766488661, 0.01281448198978080849, 0.01325629353189673384, 0.01369810507401265573, 0.01413991661612857935 ),
 .UNSPECIFIED. ) ;
#2184 = CARTESIAN_POINT ( 'NONE',  ( 38.79980648814176902, 38.85129153054458584, 20.65843509468759720 ) ) ;
#2185 = AXIS2_PLACEMENT_3D ( 'NONE', #95, #3670, #4372 ) ;
#2186 = DIRECTION ( 'NONE',  ( -0.000000000000000000, 0.000000000000000000, -1.000000000000000000 ) ) ;
#2187 = EDGE_CURVE ( 'NONE', #846, #204, #2829, .T. ) ;
#2188 = ORIENTED_EDGE ( 'NONE', *, *, #915, .F. ) ;
#2189 = EDGE_LOOP ( 'NONE', ( #4251, #2489, #1118, #435 ) ) ;
#2190 = CIRCLE ( 'NONE', #1944, 0.001006105236833839843 ) ;
#2191 = CARTESIAN_POINT ( 'NONE',  ( 38.84806850250332388, 38.81495367362155946, 20.67243509468759655 ) ) ;
#2192 = DIRECTION ( 'NONE',  ( 0.000000000000000000, -0.000000000000000000, -1.000000000000000000 ) ) ;
#2193 = LINE ( 'NONE', #1030, #4558 ) ;
#2194 = EDGE_CURVE ( 'NONE', #4294, #563, #2190, .T. ) ;
#2195 = EDGE_CURVE ( 'NONE', #3030, #4463, #1825, .T. ) ;
#2196 = CARTESIAN_POINT ( 'NONE',  ( 38.81732048780135358, 38.80807805421990508, 20.73343740927086998 ) ) ;
#2197 = VERTEX_POINT ( 'NONE', #2604 ) ;
#2198 = CYLINDRICAL_SURFACE ( 'NONE', #2608, 0.03600013749699115806 ) ;
#2199 = ORIENTED_EDGE ( 'NONE', *, *, #2531, .F. ) ;
#2200 = DIRECTION ( 'NONE',  ( 0.8660254037844755670, 0.4999999999999360512, 0.000000000000000000 ) ) ;
#2201 = EDGE_CURVE ( 'NONE', #2197, #167, #3811, .T. ) ;
#2202 = CARTESIAN_POINT ( 'NONE',  ( 38.83343628358015565, 38.81588881765458865, 20.67363509449686276 ) ) ;
#2203 = ORIENTED_EDGE ( 'NONE', *, *, #1513, .F. ) ;
#2204 = AXIS2_PLACEMENT_3D ( 'NONE', #4964, #3442, #1101 ) ;
#2205 = DIRECTION ( 'NONE',  ( -1.000000000000000000, 0.000000000000000000, 0.000000000000000000 ) ) ;
#2206 = DIRECTION ( 'NONE',  ( 0.000000000000000000, 0.000000000000000000, -1.000000000000000000 ) ) ;
#2207 = AXIS2_PLACEMENT_3D ( 'NONE', #4711, #447, #1665 ) ;
#2208 = ORIENTED_EDGE ( 'NONE', *, *, #3287, .F. ) ;
#2209 = DIRECTION ( 'NONE',  ( 1.051525492790084248E-07, -0.9999999999999945599, -0.000000000000000000 ) ) ;
#2210 = LINE ( 'NONE', #626, #47 ) ;
#2211 = CIRCLE ( 'NONE', #2528, 0.03600013749699115806 ) ;
#2212 = AXIS2_PLACEMENT_3D ( 'NONE', #497, #546, #171 ) ;
#2213 = CARTESIAN_POINT ( 'NONE',  ( 38.78053357069015306, 38.82911312486229605, 20.67243509468759655 ) ) ;
#2214 = AXIS2_PLACEMENT_3D ( 'NONE', #4469, #4441, #3761 ) ;
#2215 = VERTEX_POINT ( 'NONE', #3010 ) ;
#2216 = VERTEX_POINT ( 'NONE', #4556 ) ;
#2217 = CARTESIAN_POINT ( 'NONE',  ( 38.80800661522671646, 38.81588881765458865, 20.66573509468759795 ) ) ;
#2218 = EDGE_CURVE ( 'NONE', #1917, #4730, #3322, .T. ) ;
#2219 = CARTESIAN_POINT ( 'NONE',  ( 38.81593628358015735, 38.81588881765458865, 20.65843509468759720 ) ) ;
#2220 = AXIS2_PLACEMENT_3D ( 'NONE', #2831, #3246, #1337 ) ;
#2221 = DIRECTION ( 'NONE',  ( -1.000000000000000000, 0.000000000000000000, 0.000000000000000000 ) ) ;
#2222 = DIRECTION ( 'NONE',  ( -0.000000000000000000, -0.000000000000000000, -1.000000000000000000 ) ) ;
#2223 = EDGE_LOOP ( 'NONE', ( #682, #684, #1580, #1200 ) ) ;
#2224 = DIRECTION ( 'NONE',  ( 0.5000000910647741659, -0.8660253512081603766, 0.000000000000000000 ) ) ;
#2225 = ADVANCED_FACE ( 'NONE', ( #3801 ), #1489, .T. ) ;
#2226 = FACE_BOUND ( 'NONE', #1813, .T. ) ;
#2227 = ORIENTED_EDGE ( 'NONE', *, *, #335, .F. ) ;
#2228 = ORIENTED_EDGE ( 'NONE', *, *, #1566, .F. ) ;
#2229 = DIRECTION ( 'NONE',  ( -0.000000000000000000, -0.000000000000000000, 1.000000000000000000 ) ) ;
#2230 = DIRECTION ( 'NONE',  ( -0.000000000000000000, -0.000000000000000000, 1.000000000000000000 ) ) ;
#2231 = EDGE_CURVE ( 'NONE', #889, #66, #642, .T. ) ;
#2232 = CARTESIAN_POINT ( 'NONE',  ( 38.79325008957410859, 38.78416607279378781, 20.67243509468759655 ) ) ;
#2233 = EDGE_CURVE ( 'NONE', #3022, #923, #4213, .T. ) ;
#2234 = DIRECTION ( 'NONE',  ( -1.000000000000000000, 0.000000000000000000, 0.000000000000000000 ) ) ;
#2235 = LINE ( 'NONE', #1044, #3192 ) ;
#2236 = CYLINDRICAL_SURFACE ( 'NONE', #2168, 0.001006105236832866012 ) ;
#2237 = CIRCLE ( 'NONE', #694, 0.001006105236832866012 ) ;
#2238 = VERTEX_POINT ( 'NONE', #3872 ) ;
#2239 = ORIENTED_EDGE ( 'NONE', *, *, #4822, .F. ) ;
#2240 = CARTESIAN_POINT ( 'NONE',  ( 38.81593628358015735, 38.81588881765458865, 20.74123509773935581 ) ) ;
#2241 = DIRECTION ( 'NONE',  ( 0.000000000000000000, 0.000000000000000000, -1.000000000000000000 ) ) ;
#2242 = CARTESIAN_POINT ( 'NONE',  ( 38.82963907948096960, 38.77937540471516797, 20.65843509468759720 ) ) ;
#2243 = CARTESIAN_POINT ( 'NONE',  ( 38.81817153463505576, 38.80828065143753491, 20.73493876685081716 ) ) ;
#2244 = ORIENTED_EDGE ( 'NONE', *, *, #956, .T. ) ;
#2245 = LINE ( 'NONE', #1873, #3095 ) ;
#2246 = DIRECTION ( 'NONE',  ( -0.000000000000000000, -0.000000000000000000, 1.000000000000000000 ) ) ;
#2247 = EDGE_LOOP ( 'NONE', ( #61, #145, #3780, #3654 ) ) ;
#2248 = ORIENTED_EDGE ( 'NONE', *, *, #2798, .F. ) ;
#2249 = DIRECTION ( 'NONE',  ( -0.7071067811870409558, -0.7071067811860540786, 0.000000000000000000 ) ) ;
#2250 = AXIS2_PLACEMENT_3D ( 'NONE', #2049, #176, #4815 ) ;
#2251 = VECTOR ( 'NONE', #2635, 1.000000000000000000 ) ;
#2252 = EDGE_CURVE ( 'NONE', #4346, #3528, #248, .T. ) ;
#2253 = CYLINDRICAL_SURFACE ( 'NONE', #1259, 0.03600013749699115806 ) ;
#2254 = DIRECTION ( 'NONE',  ( -0.8660254037844755670, -0.4999999999999360512, 0.000000000000000000 ) ) ;
#2255 = DIRECTION ( 'NONE',  ( -1.000000000000000000, 0.000000000000000000, 0.000000000000000000 ) ) ;
#2256 = ADVANCED_FACE ( 'NONE', ( #3515 ), #3040, .T. ) ;
#2257 = EDGE_CURVE ( 'NONE', #691, #1332, #4292, .T. ) ;
#2258 = ORIENTED_EDGE ( 'NONE', *, *, #4851, .F. ) ;
#2259 = DIRECTION ( 'NONE',  ( -0.7071067811858567920, 0.7071067811872383535, 0.000000000000000000 ) ) ;
#2260 = CARTESIAN_POINT ( 'NONE',  ( 38.78343300553347461, 38.81588878102355267, 20.67243509468759655 ) ) ;
#2261 = DIRECTION ( 'NONE',  ( -1.000000000000000000, 0.000000000000000000, 0.000000000000000000 ) ) ;
#2262 = ORIENTED_EDGE ( 'NONE', *, *, #2366, .T. ) ;
#2263 = EDGE_LOOP ( 'NONE', ( #2867, #4902, #2088, #630 ) ) ;
#2264 = DIRECTION ( 'NONE',  ( 0.5000000000001085798, -0.8660254037843760910, 0.000000000000000000 ) ) ;
#2265 = ORIENTED_EDGE ( 'NONE', *, *, #2139, .T. ) ;
#2266 = DIRECTION ( 'NONE',  ( -0.2588190451018285709, -0.9659258262892538305, 0.000000000000000000 ) ) ;
#2267 = ORIENTED_EDGE ( 'NONE', *, *, #262, .F. ) ;
#2268 = VECTOR ( 'NONE', #3422, 1.000000000000000000 ) ;
#2269 = CARTESIAN_POINT ( 'NONE',  ( 38.83891954599570795, 38.83887213187423981, 20.65843509468759720 ) ) ;
#2270 = ORIENTED_EDGE ( 'NONE', *, *, #3779, .F. ) ;
#2271 = DIRECTION ( 'NONE',  ( 0.2588190451026144978, -0.9659258262890429991, 0.000000000000000000 ) ) ;
#2272 = CYLINDRICAL_SURFACE ( 'NONE', #1025, 0.001006105236832866012 ) ;
#2273 = DIRECTION ( 'NONE',  ( -1.000000000000000000, 0.000000000000000000, 0.000000000000000000 ) ) ;
#2274 = APPLICATION_PROTOCOL_DEFINITION ( 'draft international standard', 'automotive_design', 1998, #3456 ) ;
#2275 = DIRECTION ( 'NONE',  ( 0.000000000000000000, -0.000000000000000000, 1.000000000000000000 ) ) ;
#2276 = EDGE_CURVE ( 'NONE', #2756, #1027, #819, .T. ) ;
#2277 = AXIS2_PLACEMENT_3D ( 'NONE', #2587, #3755, #1046 ) ;
#2278 = ORIENTED_EDGE ( 'NONE', *, *, #967, .T. ) ;
#2279 = AXIS2_PLACEMENT_3D ( 'NONE', #4806, #2146, #1331 ) ;
#2280 = DIRECTION ( 'NONE',  ( 0.000000000000000000, -0.000000000000000000, -1.000000000000000000 ) ) ;
#2281 = ADVANCED_FACE ( 'NONE', ( #3471 ), #3919, .F. ) ;
#2282 = AXIS2_PLACEMENT_3D ( 'NONE', #1916, #1482, #635 ) ;
#2283 = CARTESIAN_POINT ( 'NONE',  ( 38.83799594678815481, 38.79250666107230927, 20.67243509468759655 ) ) ;
#2284 = ORIENTED_EDGE ( 'NONE', *, *, #1282, .T. ) ;
#2285 = ORIENTED_EDGE ( 'NONE', *, *, #725, .F. ) ;
#2286 = CIRCLE ( 'NONE', #101, 0.02935410264609930597 ) ;
#2287 = AXIS2_PLACEMENT_3D ( 'NONE', #4298, #4252, #4277 ) ;
#2288 = DIRECTION ( 'NONE',  ( -0.000000000000000000, -0.000000000000000000, -1.000000000000000000 ) ) ;
#2289 = CARTESIAN_POINT ( 'NONE',  ( 38.78857657436028461, 38.79901278625739280, 20.65843509468759720 ) ) ;
#2290 = EDGE_CURVE ( 'NONE', #1427, #1784, #3823, .T. ) ;
#2291 = AXIS2_PLACEMENT_3D ( 'NONE', #4940, #4100, #2576 ) ;
#2292 = CIRCLE ( 'NONE', #2939, 0.001006105236833839843 ) ;
#2293 = LINE ( 'NONE', #4551, #573 ) ;
#2294 = VERTEX_POINT ( 'NONE', #1205 ) ;
#2295 = ORIENTED_EDGE ( 'NONE', *, *, #1894, .T. ) ;
#2296 = AXIS2_PLACEMENT_3D ( 'NONE', #970, #1053, #3289 ) ;
#2297 = DIRECTION ( 'NONE',  ( -1.000000000000000000, 0.000000000000000000, 0.000000000000000000 ) ) ;
#2298 = CARTESIAN_POINT ( 'NONE',  ( 38.81593628358015735, 38.81588881765458865, 20.67243509468759655 ) ) ;
#2299 = FACE_OUTER_BOUND ( 'NONE', #477, .T. ) ;
#2300 = DIRECTION ( 'NONE',  ( -1.000000000000000000, 0.000000000000000000, 0.000000000000000000 ) ) ;
#2301 = ORIENTED_EDGE ( 'NONE', *, *, #1878, .F. ) ;
#2302 = DIRECTION ( 'NONE',  ( -0.000000000000000000, -0.000000000000000000, 1.000000000000000000 ) ) ;
#2303 = ORIENTED_EDGE ( 'NONE', *, *, #3093, .T. ) ;
#2304 = CARTESIAN_POINT ( 'NONE',  ( 38.77972966041092917, 38.79602499726693310, 20.67243509468759655 ) ) ;
#2305 = ADVANCED_FACE ( 'NONE', ( #718 ), #3851, .T. ) ;
#2306 = ORIENTED_EDGE ( 'NONE', *, *, #1915, .T. ) ;
#2307 = ORIENTED_EDGE ( 'NONE', *, *, #2919, .T. ) ;
#2308 = DIRECTION ( 'NONE',  ( -1.000000000000000000, 0.000000000000000000, 0.000000000000000000 ) ) ;
#2309 = DIRECTION ( 'NONE',  ( -0.000000000000000000, -0.000000000000000000, -1.000000000000000000 ) ) ;
#2310 = EDGE_CURVE ( 'NONE', #3998, #2820, #798, .T. ) ;
#2311 = VERTEX_POINT ( 'NONE', #2361 ) ;
#2312 = EDGE_CURVE ( 'NONE', #2402, #3462, #4861, .T. ) ;
#2313 = ORIENTED_EDGE ( 'NONE', *, *, #2276, .F. ) ;
#2314 = CARTESIAN_POINT ( 'NONE',  ( 38.77712048364990238, 38.81967426554860623, 20.65843509468759720 ) ) ;
#2315 = VECTOR ( 'NONE', #2288, 1.000000000000000000 ) ;
#2316 = DIRECTION ( 'NONE',  ( 0.000000000000000000, 0.000000000000000000, -1.000000000000000000 ) ) ;
#2317 = AXIS2_PLACEMENT_3D ( 'NONE', #4933, #2241, #1451 ) ;
#2318 = CIRCLE ( 'NONE', #2974, 0.002249999999996544695 ) ;
#2319 = DIRECTION ( 'NONE',  ( -1.000000000000000000, 0.000000000000000000, 0.000000000000000000 ) ) ;
#2320 = LINE ( 'NONE', #722, #1111 ) ;
#2321 = ORIENTED_EDGE ( 'NONE', *, *, #599, .T. ) ;
#2322 = CIRCLE ( 'NONE', #1854, 0.03600013749699044335 ) ;
#2323 = CARTESIAN_POINT ( 'NONE',  ( 38.81593628358015735, 38.81588881765458865, 20.65843509468759720 ) ) ;
#2324 = CIRCLE ( 'NONE', #4269, 0.03899994794847572166 ) ;
#2325 = CARTESIAN_POINT ( 'NONE',  ( 38.78514097655195769, 38.82510852764610831, 20.67243509468759655 ) ) ;
#2326 = DIRECTION ( 'NONE',  ( -1.000000000000000000, 0.000000000000000000, 0.000000000000000000 ) ) ;
#2327 = VERTEX_POINT ( 'NONE', #13 ) ;
#2328 = ORIENTED_EDGE ( 'NONE', *, *, #1171, .T. ) ;
#2329 = CARTESIAN_POINT ( 'NONE',  ( 38.84329602943106607, 38.79901284970420505, 20.67243509468759655 ) ) ;
#2330 = CARTESIAN_POINT ( 'NONE',  ( 38.80068003260738152, 38.84418370753852656, 20.65843509468759720 ) ) ;
#2331 = EDGE_CURVE ( 'NONE', #846, #789, #2696, .T. ) ;
#2332 = PLANE ( 'NONE',  #2391 ) ;
#2333 = VERTEX_POINT ( 'NONE', #4972 ) ;
#2334 = ORIENTED_EDGE ( 'NONE', *, *, #1514, .F. ) ;
#2335 = DIRECTION ( 'NONE',  ( 0.000000000000000000, -0.000000000000000000, -1.000000000000000000 ) ) ;
#2336 = DIRECTION ( 'NONE',  ( -0.000000000000000000, -0.000000000000000000, -1.000000000000000000 ) ) ;
#2337 = EDGE_CURVE ( 'NONE', #2490, #2383, #4776, .T. ) ;
#2338 = EDGE_CURVE ( 'NONE', #3218, #54, #2672, .T. ) ;
#2339 = AXIS2_PLACEMENT_3D ( 'NONE', #2466, #495, #3967 ) ;
#2340 = CARTESIAN_POINT ( 'NONE',  ( 38.84806850250332388, 38.81682403494968270, 20.67243509468759655 ) ) ;
#2341 = LINE ( 'NONE', #3140, #4832 ) ;
#2342 = VECTOR ( 'NONE', #1532, 1.000000000000000000 ) ;
#2343 = ORIENTED_EDGE ( 'NONE', *, *, #3542, .F. ) ;
#2344 = DIRECTION ( 'NONE',  ( -1.000000000000000000, 0.000000000000000000, 0.000000000000000000 ) ) ;
#2345 = EDGE_CURVE ( 'NONE', #789, #5003, #560, .T. ) ;
#2346 = DIRECTION ( 'NONE',  ( -0.000000000000000000, 0.000000000000000000, -1.000000000000000000 ) ) ;
#2347 = CARTESIAN_POINT ( 'NONE',  ( 38.81368628437970614, 38.80828505912386817, 20.73523509773935558 ) ) ;
#2348 = CARTESIAN_POINT ( 'NONE',  ( 38.78421353871935651, 38.83857501166063741, 20.67243509468759655 ) ) ;
#2349 = ORIENTED_EDGE ( 'NONE', *, *, #488, .F. ) ;
#2350 = EDGE_LOOP ( 'NONE', ( #704, #2876, #3908, #4118 ) ) ;
#2351 = CARTESIAN_POINT ( 'NONE',  ( 38.80810159936660853, 38.80465878886881370, 20.72923509773935535 ) ) ;
#2352 = CIRCLE ( 'NONE', #2123, 0.03899994794847572166 ) ;
#2353 = CARTESIAN_POINT ( 'NONE',  ( 38.83103628358015413, 38.81588881765458865, 20.68033509449686136 ) ) ;
#2354 = AXIS2_PLACEMENT_3D ( 'NONE', #2323, #3541, #3877 ) ;
#2355 = DIRECTION ( 'NONE',  ( -1.000000000000000000, 0.000000000000000000, 0.000000000000000000 ) ) ;
#2356 = ORIENTED_EDGE ( 'NONE', *, *, #3003, .F. ) ;
#2357 = VERTEX_POINT ( 'NONE', #1556 ) ;
#2358 = ADVANCED_FACE ( 'NONE', ( #3112 ), #4657, .F. ) ;
#2359 = CARTESIAN_POINT ( 'NONE',  ( 38.83218789088009260, 38.84403750046480042, 20.67243509468759655 ) ) ;
#2360 = ORIENTED_EDGE ( 'NONE', *, *, #1972, .T. ) ;
#2361 = CARTESIAN_POINT ( 'NONE',  ( 38.81972180136270367, 38.77707302454016514, 20.65843509468759720 ) ) ;
#2362 = VECTOR ( 'NONE', #991, 1.000000000000000000 ) ;
#2363 = ORIENTED_EDGE ( 'NONE', *, *, #2099, .T. ) ;
#2364 = CIRCLE ( 'NONE', #3987, 0.03600013749699115806 ) ;
#2365 = ORIENTED_EDGE ( 'NONE', *, *, #3154, .F. ) ;
#2366 = EDGE_CURVE ( 'NONE', #3097, #1427, #3001, .T. ) ;
#2367 = CARTESIAN_POINT ( 'NONE',  ( 38.81520926840617136, 38.82378629437606321, 20.73310061165484086 ) ) ;
#2368 = DIRECTION ( 'NONE',  ( 0.000000000000000000, -0.000000000000000000, 1.000000000000000000 ) ) ;
#2369 = DIRECTION ( 'NONE',  ( 0.000000000000000000, -0.000000000000000000, -1.000000000000000000 ) ) ;
#2370 = EDGE_CURVE ( 'NONE', #4280, #516, #3561, .T. ) ;
#2371 = CARTESIAN_POINT ( 'NONE',  ( 38.78454053735662654, 38.80747631488497973, 20.67243509468759655 ) ) ;
#2372 = DIRECTION ( 'NONE',  ( 0.000000000000000000, -0.000000000000000000, -1.000000000000000000 ) ) ;
#2373 = ORIENTED_EDGE ( 'NONE', *, *, #2562, .F. ) ;
#2374 = ORIENTED_EDGE ( 'NONE', *, *, #4485, .F. ) ;
#2375 = DIRECTION ( 'NONE',  ( -0.000000000000000000, -0.000000000000000000, 1.000000000000000000 ) ) ;
#2376 = DIRECTION ( 'NONE',  ( 0.2588190451026144978, -0.9659258262890429991, 0.000000000000000000 ) ) ;
#2377 = ORIENTED_EDGE ( 'NONE', *, *, #150, .T. ) ;
#2378 = VERTEX_POINT ( 'NONE', #4705 ) ;
#2379 = ORIENTED_EDGE ( 'NONE', *, *, #3737, .T. ) ;
#2380 = LINE ( 'NONE', #1626, #2043 ) ;
#2381 = CARTESIAN_POINT ( 'NONE',  ( 38.81593628358015735, 38.81588881765458865, 20.67243509468759655 ) ) ;
#2382 = ADVANCED_FACE ( 'NONE', ( #2457 ), #1330, .T. ) ;
#2383 = VERTEX_POINT ( 'NONE', #1227 ) ;
#2384 = AXIS2_PLACEMENT_3D ( 'NONE', #99, #1643, #4351 ) ;
#2385 = FACE_OUTER_BOUND ( 'NONE', #2834, .T. ) ;
#2386 = DIRECTION ( 'NONE',  ( -1.000000000000000000, 0.000000000000000000, 0.000000000000000000 ) ) ;
#2387 = VERTEX_POINT ( 'NONE', #89 ) ;
#2388 = CARTESIAN_POINT ( 'NONE',  ( 38.81593628358015735, 38.81588881765458865, 20.65843509468759720 ) ) ;
#2389 = AXIS2_PLACEMENT_3D ( 'NONE', #3896, #3425, #1535 ) ;
#2390 = EDGE_CURVE ( 'NONE', #4478, #188, #1253, .T. ) ;
#2391 = AXIS2_PLACEMENT_3D ( 'NONE', #461, #111, #1221 ) ;
#2392 = DIRECTION ( 'NONE',  ( -1.000000000000000000, 0.000000000000000000, 0.000000000000000000 ) ) ;
#2393 = CARTESIAN_POINT ( 'NONE',  ( 38.85244972119164686, 38.80218608749684961, 20.67243509468759655 ) ) ;
#2394 = ADVANCED_FACE ( 'NONE', ( #1606 ), #3988, .F. ) ;
#2395 = CARTESIAN_POINT ( 'NONE',  ( 38.83998377870193508, 38.78673487522026164, 20.67243509468759655 ) ) ;
#2396 = EDGE_CURVE ( 'NONE', #3228, #1355, #2500, .T. ) ;
#2397 = ORIENTED_EDGE ( 'NONE', *, *, #481, .F. ) ;
#2398 = FACE_OUTER_BOUND ( 'NONE', #417, .T. ) ;
#2399 = CARTESIAN_POINT ( 'NONE',  ( 38.83119253455294029, 38.78759392777065074, 20.67243509468759655 ) ) ;
#2400 = CYLINDRICAL_SURFACE ( 'NONE', #1229, 0.03899994794847572166 ) ;
#2401 = ORIENTED_EDGE ( 'NONE', *, *, #707, .F. ) ;
#2402 = VERTEX_POINT ( 'NONE', #537 ) ;
#2403 = CARTESIAN_POINT ( 'NONE',  ( 38.80083628358016057, 38.81588881765458865, 20.68033509449686136 ) ) ;
#2404 = DIRECTION ( 'NONE',  ( -0.000000000000000000, -0.000000000000000000, -1.000000000000000000 ) ) ;
#2405 = DIRECTION ( 'NONE',  ( -0.000000000000000000, 0.000000000000000000, -1.000000000000000000 ) ) ;
#2406 = ORIENTED_EDGE ( 'NONE', *, *, #547, .F. ) ;
#2407 = VERTEX_POINT ( 'NONE', #4417 ) ;
#2408 = CARTESIAN_POINT ( 'NONE',  ( 38.84408492975934024, 38.83214048840133614, 20.65843509468759720 ) ) ;
#2409 = ORIENTED_EDGE ( 'NONE', *, *, #3678, .F. ) ;
#2410 = DIRECTION ( 'NONE',  ( -1.000000000000000000, 0.000000000000000000, 0.000000000000000000 ) ) ;
#2411 = ORIENTED_EDGE ( 'NONE', *, *, #2483, .T. ) ;
#2412 = CARTESIAN_POINT ( 'NONE',  ( 38.82575229706631603, 38.77577477022789054, 20.65843509468759720 ) ) ;
#2413 = CARTESIAN_POINT ( 'NONE',  ( 38.80025378252630475, 38.85027331331457390, 20.67243509468759655 ) ) ;
#2414 = ADVANCED_FACE ( 'NONE', ( #2773 ), #4320, .T. ) ;
#2415 = LINE ( 'NONE', #3624, #2726 ) ;
#2416 = CARTESIAN_POINT ( 'NONE',  ( 38.81817153695830314, 38.80828065153031048, 20.73553165767316386 ) ) ;
#2417 = ORIENTED_EDGE ( 'NONE', *, *, #4359, .F. ) ;
#2418 = ORIENTED_EDGE ( 'NONE', *, *, #4147, .T. ) ;
#2419 = LINE ( 'NONE', #3627, #3911 ) ;
#2420 = FACE_OUTER_BOUND ( 'NONE', #2998, .T. ) ;
#2421 = EDGE_CURVE ( 'NONE', #1569, #1410, #4622, .T. ) ;
#2422 = DIRECTION ( 'NONE',  ( 1.000000000000000000, 0.000000000000000000, 0.000000000000000000 ) ) ;
#2423 = AXIS2_PLACEMENT_3D ( 'NONE', #4769, #1293, #2836 ) ;
#2424 = CARTESIAN_POINT ( 'NONE',  ( 38.82386595193359824, 38.81588881765458865, 20.74123509773935581 ) ) ;
#2425 = DIRECTION ( 'NONE',  ( -0.4999999999959848784, 0.8660254037867568533, 0.000000000000000000 ) ) ;
#2426 = ORIENTED_EDGE ( 'NONE', *, *, #2628, .F. ) ;
#2427 = EDGE_LOOP ( 'NONE', ( #4458, #3992, #4669, #1367 ) ) ;
#2428 = AXIS2_PLACEMENT_3D ( 'NONE', #667, #3395, #1484 ) ;
#2429 = ADVANCED_FACE ( 'NONE', ( #4775 ), #1985, .T. ) ;
#2430 = EDGE_CURVE ( 'NONE', #4925, #2149, #2432, .T. ) ;
#2431 = CARTESIAN_POINT ( 'NONE',  ( 38.81593632021119333, 38.78338553960790591, 20.65843509468759720 ) ) ;
#2432 = LINE ( 'NONE', #1302, #103 ) ;
#2433 = AXIS2_PLACEMENT_3D ( 'NONE', #4737, #871, #68 ) ;
#2434 = ORIENTED_EDGE ( 'NONE', *, *, #2590, .F. ) ;
#2435 = ORIENTED_EDGE ( 'NONE', *, *, #3410, .F. ) ;
#2436 = CIRCLE ( 'NONE', #2291, 0.001006105236833839843 ) ;
#2437 = DIRECTION ( 'NONE',  ( -0.4999999999959848784, 0.8660254037867568533, 0.000000000000000000 ) ) ;
#2438 = AXIS2_PLACEMENT_3D ( 'NONE', #611, #2170, #2510 ) ;
#2439 = ORIENTED_EDGE ( 'NONE', *, *, #1070, .T. ) ;
#2440 = PLANE ( 'NONE',  #2185 ) ;
#2441 = CARTESIAN_POINT ( 'NONE',  ( 38.78514097655195769, 38.82510852764610831, 20.65843509468759720 ) ) ;
#2442 = CARTESIAN_POINT ( 'NONE',  ( 38.81368628278058708, 38.82349257571211609, 20.73538241771454693 ) ) ;
#2443 = CIRCLE ( 'NONE', #3109, 0.03600013749698689064 ) ;
#2444 = CARTESIAN_POINT ( 'NONE',  ( 38.79906031562977375, 38.78852907180367993, 20.67243509468759655 ) ) ;
#2445 = AXIS2_PLACEMENT_3D ( 'NONE', #4001, #2914, #2422 ) ;
#2446 = FACE_OUTER_BOUND ( 'NONE', #583, .T. ) ;
#2447 = EDGE_CURVE ( 'NONE', #4076, #1068, #995, .T. ) ;
#2448 = ORIENTED_EDGE ( 'NONE', *, *, #786, .F. ) ;
#2449 = ORIENTED_EDGE ( 'NONE', *, *, #2972, .T. ) ;
#2450 = CYLINDRICAL_SURFACE ( 'NONE', #1479, 0.001006105236832866012 ) ;
#2451 = CYLINDRICAL_SURFACE ( 'NONE', #3060, 0.03600013749699115806 ) ;
#2452 = ADVANCED_FACE ( 'NONE', ( #1687 ), #1627, .F. ) ;
#2453 = DIRECTION ( 'NONE',  ( -1.000000000000000000, 0.000000000000000000, 0.000000000000000000 ) ) ;
#2454 = EDGE_LOOP ( 'NONE', ( #3586, #2533, #2365, #3130 ) ) ;
#2455 = ORIENTED_EDGE ( 'NONE', *, *, #1892, .F. ) ;
#2456 = DIRECTION ( 'NONE',  ( 0.000000000000000000, 0.000000000000000000, -1.000000000000000000 ) ) ;
#2457 = FACE_OUTER_BOUND ( 'NONE', #2976, .T. ) ;
#2458 = EDGE_CURVE ( 'NONE', #2820, #3626, #3983, .T. ) ;
#2459 = ADVANCED_FACE ( 'NONE', ( #3962 ), #1660, .T. ) ;
#2460 = DIRECTION ( 'NONE',  ( -1.000000000000000000, 0.000000000000000000, 0.000000000000000000 ) ) ;
#2461 = ORIENTED_EDGE ( 'NONE', *, *, #1138, .F. ) ;
#2462 = ORIENTED_EDGE ( 'NONE', *, *, #856, .F. ) ;
#2463 = AXIS2_PLACEMENT_3D ( 'NONE', #3529, #2375, #411 ) ;
#2464 = CARTESIAN_POINT ( 'NONE',  ( 38.81972173147418204, 38.85470461758484362, 20.65843509468759720 ) ) ;
#2465 = VERTEX_POINT ( 'NONE', #2145 ) ;
#2466 = CARTESIAN_POINT ( 'NONE',  ( 38.83218795432690484, 38.78774017147541286, 20.65843509468759720 ) ) ;
#2467 = CIRCLE ( 'NONE', #4418, 0.001006105236833839843 ) ;
#2468 = CYLINDRICAL_SURFACE ( 'NONE', #1594, 0.02935410264610283093 ) ;
#2469 = LINE ( 'NONE', #3568, #3513 ) ;
#2470 = LINE ( 'NONE', #501, #4598 ) ;
#2471 = ORIENTED_EDGE ( 'NONE', *, *, #4860, .F. ) ;
#2472 = ORIENTED_EDGE ( 'NONE', *, *, #4049, .F. ) ;
#2473 = DIRECTION ( 'NONE',  ( -1.000000000000000000, 0.000000000000000000, 0.000000000000000000 ) ) ;
#2474 = DIRECTION ( 'NONE',  ( -1.000000000000000000, 0.000000000000000000, 0.000000000000000000 ) ) ;
#2475 = VECTOR ( 'NONE', #1063, 1.000000000000000000 ) ;
#2476 = DIRECTION ( 'NONE',  ( -0.000000000000000000, -0.000000000000000000, 1.000000000000000000 ) ) ;
#2477 = CARTESIAN_POINT ( 'NONE',  ( 38.83736022883613970, 38.85119470231112615, 20.67243509468759655 ) ) ;
#2478 = DIRECTION ( 'NONE',  ( -0.000000000000000000, -0.000000000000000000, -1.000000000000000000 ) ) ;
#2479 = ORIENTED_EDGE ( 'NONE', *, *, #3681, .T. ) ;
#2480 = ORIENTED_EDGE ( 'NONE', *, *, #719, .T. ) ;
#2481 = CARTESIAN_POINT ( 'NONE',  ( 38.84765902844096530, 38.79320262364853988, 20.67243509468759655 ) ) ;
#2482 = LINE ( 'NONE', #2014, #2796 ) ;
#2483 = EDGE_CURVE ( 'NONE', #590, #3175, #2193, .T. ) ;
#2484 = DIRECTION ( 'NONE',  ( 0.000000000000000000, 0.000000000000000000, -1.000000000000000000 ) ) ;
#2485 = DIRECTION ( 'NONE',  ( 1.051525492790084248E-07, -0.9999999999999945599, -0.000000000000000000 ) ) ;
#2486 = CIRCLE ( 'NONE', #1184, 0.001006105236836115583 ) ;
#2487 = ORIENTED_EDGE ( 'NONE', *, *, #2781, .F. ) ;
#2488 = DIRECTION ( 'NONE',  ( 0.000000000000000000, 0.000000000000000000, -1.000000000000000000 ) ) ;
#2489 = ORIENTED_EDGE ( 'NONE', *, *, #3100, .F. ) ;
#2490 = VERTEX_POINT ( 'NONE', #1372 ) ;
#2491 = EDGE_CURVE ( 'NONE', #4406, #3448, #2572, .T. ) ;
#2492 = CYLINDRICAL_SURFACE ( 'NONE', #4233, 0.03899994794847572166 ) ;
#2493 = ORIENTED_EDGE ( 'NONE', *, *, #279, .T. ) ;
#2494 = DIRECTION ( 'NONE',  ( -0.000000000000000000, -0.000000000000000000, -1.000000000000000000 ) ) ;
#2495 = DIRECTION ( 'NONE',  ( -0.000000000000000000, 0.000000000000000000, 1.000000000000000000 ) ) ;
#2496 = EDGE_CURVE ( 'NONE', #1332, #4426, #182, .T. ) ;
#2497 = CARTESIAN_POINT ( 'NONE',  ( 38.83787287979109948, 38.84666250979208968, 20.67243509468759655 ) ) ;
#2498 = FACE_OUTER_BOUND ( 'NONE', #2985, .T. ) ;
#2499 = CARTESIAN_POINT ( 'NONE',  ( 38.80752378081055554, 38.84728456387811946, 20.67243509468759655 ) ) ;
#2500 = CIRCLE ( 'NONE', #1139, 0.03000003113258031817 ) ;
#2501 = ORIENTED_EDGE ( 'NONE', *, *, #2520, .T. ) ;
#2502 = CARTESIAN_POINT ( 'NONE',  ( 38.80229345150573295, 38.81471879361875921, 20.72923509773935535 ) ) ;
#2503 = VECTOR ( 'NONE', #3450, 1.000000000000000000 ) ;
#2504 = DIRECTION ( 'NONE',  ( -0.8660254037843760910, -0.5000000000001085798, 0.000000000000000000 ) ) ;
#2505 = ORIENTED_EDGE ( 'NONE', *, *, #2552, .T. ) ;
#2506 = ORIENTED_EDGE ( 'NONE', *, *, #1326, .F. ) ;
#2507 = CARTESIAN_POINT ( 'NONE',  ( 38.81424098434456482, 38.82363586962914326, 20.73374849005702458 ) ) ;
#2508 = AXIS2_PLACEMENT_3D ( 'NONE', #3069, #448, #1160 ) ;
#2509 = DIRECTION ( 'NONE',  ( 1.051525562734134667E-07, -0.9999999999999944489, 0.000000000000000000 ) ) ;
#2510 = DIRECTION ( 'NONE',  ( -1.000000000000000000, 2.904709073180684017E-12, 0.000000000000000000 ) ) ;
#2511 = CIRCLE ( 'NONE', #1467, 0.01749999999999829470 ) ;
#2512 = EDGE_CURVE ( 'NONE', #4362, #1912, #3429, .T. ) ;
#2513 = CARTESIAN_POINT ( 'NONE',  ( 38.84408496639036912, 38.79963721035465340, 20.67243509468759655 ) ) ;
#2514 = ORIENTED_EDGE ( 'NONE', *, *, #4011, .T. ) ;
#2515 = ORIENTED_EDGE ( 'NONE', *, *, #2781, .T. ) ;
#2516 = CARTESIAN_POINT ( 'NONE',  ( 38.83799589498405425, 38.83927102604097570, 20.67243509468759655 ) ) ;
#2517 = ORIENTED_EDGE ( 'NONE', *, *, #4550, .F. ) ;
#2518 = AXIS2_PLACEMENT_3D ( 'NONE', #336, #4644, #1886 ) ;
#2519 = CARTESIAN_POINT ( 'NONE',  ( 38.81593628358015735, 38.81588881765458865, 20.65843509468759720 ) ) ;
#2520 = EDGE_CURVE ( 'NONE', #54, #3797, #3503, .T. ) ;
#2521 = AXIS2_PLACEMENT_3D ( 'NONE', #4988, #761, #3359 ) ;
#2522 = AXIS2_PLACEMENT_3D ( 'NONE', #1064, #331, #4538 ) ;
#2523 = CIRCLE ( 'NONE', #4305, 0.001006105236834714794 ) ;
#2524 = DIRECTION ( 'NONE',  ( 0.000000000000000000, -0.000000000000000000, -1.000000000000000000 ) ) ;
#2525 = ORIENTED_EDGE ( 'NONE', *, *, #760, .F. ) ;
#2526 = LINE ( 'NONE', #4513, #4014 ) ;
#2527 = DIRECTION ( 'NONE',  ( 0.000000000000000000, 0.000000000000000000, -1.000000000000000000 ) ) ;
#2528 = AXIS2_PLACEMENT_3D ( 'NONE', #1152, #1576, #1084 ) ;
#2529 = AXIS2_PLACEMENT_3D ( 'NONE', #156, #3251, #2026 ) ;
#2530 = DIRECTION ( 'NONE',  ( -0.000000000000000000, 0.000000000000000000, -1.000000000000000000 ) ) ;
#2531 = EDGE_CURVE ( 'NONE', #1889, #1982, #3579, .T. ) ;
#2532 = EDGE_CURVE ( 'NONE', #3655, #1531, #191, .T. ) ;
#2533 = ORIENTED_EDGE ( 'NONE', *, *, #1102, .F. ) ;
#2534 = CARTESIAN_POINT ( 'NONE',  ( 38.83580010396781290, 38.77968219448536047, 20.67243509468759655 ) ) ;
#2535 = AXIS2_PLACEMENT_3D ( 'NONE', #64, #2456, #2033 ) ;
#2536 = CARTESIAN_POINT ( 'NONE',  ( 38.80612027009399867, 38.85600286508127965, 20.65843509468759720 ) ) ;
#2537 = CIRCLE ( 'NONE', #361, 0.01850000000001017497 ) ;
#2538 = AXIS2_PLACEMENT_3D ( 'NONE', #4917, #2881, #2178 ) ;
#2539 = DIRECTION ( 'NONE',  ( -0.000000000000000000, 0.000000000000000000, 1.000000000000000000 ) ) ;
#2540 = ORIENTED_EDGE ( 'NONE', *, *, #1140, .F. ) ;
#2541 = EDGE_LOOP ( 'NONE', ( #2334, #1495, #1340, #1036 ) ) ;
#2542 = DIRECTION ( 'NONE',  ( -1.000000000000000000, 0.000000000000000000, 0.000000000000000000 ) ) ;
#2543 = DIRECTION ( 'NONE',  ( 0.8660254037834456131, 0.5000000000017201796, 0.000000000000000000 ) ) ;
#2544 = DIRECTION ( 'NONE',  ( -0.000000000000000000, -0.000000000000000000, 1.000000000000000000 ) ) ;
#2545 = CARTESIAN_POINT ( 'NONE',  ( 38.81818628227625112, 38.82828886845437921, 20.73523509773935558 ) ) ;
#2546 = ORIENTED_EDGE ( 'NONE', *, *, #3216, .T. ) ;
#2547 = EDGE_LOOP ( 'NONE', ( #797, #4390, #1246, #1202 ) ) ;
#2548 = CARTESIAN_POINT ( 'NONE',  ( 38.82515599357167702, 38.84668412468278120, 20.67243509468759655 ) ) ;
#2549 = ORIENTED_EDGE ( 'NONE', *, *, #1971, .T. ) ;
#2550 = VERTEX_POINT ( 'NONE', #4503 ) ;
#2551 = DIRECTION ( 'NONE',  ( -1.000000000000000000, 0.000000000000000000, 0.000000000000000000 ) ) ;
#2552 = EDGE_CURVE ( 'NONE', #2080, #4912, #1817, .T. ) ;
#2553 = CARTESIAN_POINT ( 'NONE',  ( 38.81593628358015735, 38.81588881765458865, 20.67243509468759655 ) ) ;
#2554 = CYLINDRICAL_SURFACE ( 'NONE', #3611, 0.001006105236832866012 ) ;
#2555 = LINE ( 'NONE', #724, #1311 ) ;
#2556 = EDGE_CURVE ( 'NONE', #4382, #11, #1392, .T. ) ;
#2557 = AXIS2_PLACEMENT_3D ( 'NONE', #2870, #4825, #2542 ) ;
#2558 = VERTEX_POINT ( 'NONE', #4528 ) ;
#2559 = CARTESIAN_POINT ( 'NONE',  ( 38.77712048364990238, 38.81967426554860623, 20.67243509468759655 ) ) ;
#2560 = AXIS2_PLACEMENT_3D ( 'NONE', #4907, #3392, #3033 ) ;
#2561 = CARTESIAN_POINT ( 'NONE',  ( 38.77746335395023891, 38.80949901126665225, 20.67243509468759655 ) ) ;
#2562 = EDGE_CURVE ( 'NONE', #2739, #3420, #4878, .T. ) ;
#2563 = EDGE_CURVE ( 'NONE', #273, #10, #4386, .T. ) ;
#2564 = CYLINDRICAL_SURFACE ( 'NONE', #4594, 0.02935410264610283093 ) ;
#2565 = AXIS2_PLACEMENT_3D ( 'NONE', #1734, #4061, #2817 ) ;
#2566 = EDGE_LOOP ( 'NONE', ( #3285, #4508 ) ) ;
#2567 = ORIENTED_EDGE ( 'NONE', *, *, #4731, .F. ) ;
#2568 = DIRECTION ( 'NONE',  ( -0.000000000000000000, 0.000000000000000000, -1.000000000000000000 ) ) ;
#2569 = VECTOR ( 'NONE', #807, 1.000000000000000000 ) ;
#2570 = EDGE_CURVE ( 'NONE', #685, #3059, #1400, .T. ) ;
#2571 = LINE ( 'NONE', #1764, #1485 ) ;
#2572 = LINE ( 'NONE', #4123, #657 ) ;
#2573 = PLANE ( 'NONE',  #1587 ) ;
#2574 = DIRECTION ( 'NONE',  ( -1.000000000000000000, 0.000000000000000000, 0.000000000000000000 ) ) ;
#2575 = VERTEX_POINT ( 'NONE', #4827 ) ;
#2576 = DIRECTION ( 'NONE',  ( 0.4999999999959848784, 0.8660254037867568533, 0.000000000000000000 ) ) ;
#2577 = ORIENTED_EDGE ( 'NONE', *, *, #3339, .T. ) ;
#2578 = VERTEX_POINT ( 'NONE', #660 ) ;
#2579 = DIRECTION ( 'NONE',  ( 0.000000000000000000, 0.000000000000000000, -1.000000000000000000 ) ) ;
#2580 = DIRECTION ( 'NONE',  ( -0.4999999999999605871, 0.8660254037844614672, 0.000000000000000000 ) ) ;
#2581 = ORIENTED_EDGE ( 'NONE', *, *, #2933, .T. ) ;
#2582 = LINE ( 'NONE', #2232, #4430 ) ;
#2583 = CARTESIAN_POINT ( 'NONE',  ( 38.78042806178375201, 38.83201835964563742, 20.67243509468759655 ) ) ;
#2584 = EDGE_CURVE ( 'NONE', #408, #1623, #4640, .T. ) ;
#2585 = EDGE_LOOP ( 'NONE', ( #2057, #864, #4220, #1168 ) ) ;
#2586 = DIRECTION ( 'NONE',  ( -0.000000000000000000, -0.000000000000000000, 1.000000000000000000 ) ) ;
#2587 = CARTESIAN_POINT ( 'NONE',  ( 38.84408492975934024, 38.83214048840133614, 20.67243509468759655 ) ) ;
#2588 = AXIS2_PLACEMENT_3D ( 'NONE', #2098, #1281, #4348 ) ;
#2589 = CARTESIAN_POINT ( 'NONE',  ( 38.78737834282390651, 38.84572059503164354, 20.65843509468759720 ) ) ;
#2590 = EDGE_CURVE ( 'NONE', #4105, #4471, #4795, .T. ) ;
#2591 = ORIENTED_EDGE ( 'NONE', *, *, #4963, .T. ) ;
#2592 = ORIENTED_EDGE ( 'NONE', *, *, #2562, .T. ) ;
#2593 = VECTOR ( 'NONE', #1796, 1.000000000000000000 ) ;
#2594 = CARTESIAN_POINT ( 'NONE',  ( 38.81795681093910133, 38.82355696812186352, 20.73423433785314529 ) ) ;
#2595 = CARTESIAN_POINT ( 'NONE',  ( 38.81232548005768734, 38.77826972038980102, 20.67243509468759655 ) ) ;
#2596 = DIRECTION ( 'NONE',  ( -0.000000000000000000, -0.000000000000000000, 1.000000000000000000 ) ) ;
#2597 = DIRECTION ( 'NONE',  ( -0.000000000000000000, -0.000000000000000000, 1.000000000000000000 ) ) ;
#2598 = EDGE_CURVE ( 'NONE', #789, #2743, #423, .T. ) ;
#2599 = LINE ( 'NONE', #4991, #4870 ) ;
#2600 = EDGE_LOOP ( 'NONE', ( #2525, #1760, #1474, #4271 ) ) ;
#2601 = LINE ( 'NONE', #3316, #4073 ) ;
#2602 = ORIENTED_EDGE ( 'NONE', *, *, #1671, .T. ) ;
#2603 = ORIENTED_EDGE ( 'NONE', *, *, #786, .T. ) ;
#2604 = CARTESIAN_POINT ( 'NONE',  ( 38.82963901373789639, 38.85240225526607816, 20.65843509468759720 ) ) ;
#2605 = DIRECTION ( 'NONE',  ( 0.000000000000000000, 0.000000000000000000, -1.000000000000000000 ) ) ;
#2606 = DIRECTION ( 'NONE',  ( -0.000000000000000000, 0.000000000000000000, -1.000000000000000000 ) ) ;
#2607 = CARTESIAN_POINT ( 'NONE',  ( 38.84673159060835701, 38.80666910766306898, 20.67243509468759655 ) ) ;
#2608 = AXIS2_PLACEMENT_3D ( 'NONE', #272, #2175, #3740 ) ;
#2609 = AXIS2_PLACEMENT_3D ( 'NONE', #1776, #2964, #2180 ) ;
#2610 = AXIS2_PLACEMENT_3D ( 'NONE', #4095, #4442, #971 ) ;
#2611 = ORIENTED_EDGE ( 'NONE', *, *, #4349, .F. ) ;
#2612 = CARTESIAN_POINT ( 'NONE',  ( 38.81593628358015735, 38.81588881765458865, 20.67333509449686346 ) ) ;
#2613 = LINE ( 'NONE', #1096, #2251 ) ;
#2614 = CIRCLE ( 'NONE', #1077, 0.009929668353443332762 ) ;
#2615 = AXIS2_PLACEMENT_3D ( 'NONE', #881, #2862, #3650 ) ;
#2616 = ADVANCED_FACE ( 'NONE', ( #239 ), #1789, .T. ) ;
#2617 = DIRECTION ( 'NONE',  ( -1.000000000000000000, 0.000000000000000000, 0.000000000000000000 ) ) ;
#2618 = EDGE_LOOP ( 'NONE', ( #2203, #838, #4219, #2758 ) ) ;
#2619 = ORIENTED_EDGE ( 'NONE', *, *, #1352, .F. ) ;
#2620 = DIRECTION ( 'NONE',  ( 1.000000000000000000, 0.000000000000000000, 0.000000000000000000 ) ) ;
#2621 = SURFACE_STYLE_USAGE ( .BOTH. , #1996 ) ;
#2622 = ADVANCED_FACE ( 'NONE', ( #4408 ), #4333, .T. ) ;
#2623 = CARTESIAN_POINT ( 'NONE',  ( 38.81811389549336866, 38.80826395392988104, 20.73465014855799282 ) ) ;
#2624 = ORIENTED_EDGE ( 'NONE', *, *, #1622, .F. ) ;
#2625 = CARTESIAN_POINT ( 'NONE',  ( 38.85355538084494498, 38.81227801413211154, 20.65843509468759720 ) ) ;
#2626 = VERTEX_POINT ( 'NONE', #1729 ) ;
#2627 = DIRECTION ( 'NONE',  ( -0.000000000000000000, -0.000000000000000000, 1.000000000000000000 ) ) ;
#2628 = EDGE_CURVE ( 'NONE', #2383, #624, #3905, .T. ) ;
#2629 = ADVANCED_FACE ( 'NONE', ( #2398 ), #2450, .F. ) ;
#2630 = DIRECTION ( 'NONE',  ( -1.000000000000000000, 0.000000000000000000, 0.000000000000000000 ) ) ;
#2631 = CARTESIAN_POINT ( 'NONE',  ( 38.81593628358015735, 38.81588881765458865, 20.67333509449686346 ) ) ;
#2632 = DIRECTION ( 'NONE',  ( 0.000000000000000000, 0.000000000000000000, -1.000000000000000000 ) ) ;
#2633 = ORIENTED_EDGE ( 'NONE', *, *, #3947, .F. ) ;
#2634 = CARTESIAN_POINT ( 'NONE',  ( 38.83206588950436355, 38.78038062489976312, 20.67243509468759655 ) ) ;
#2635 = DIRECTION ( 'NONE',  ( -0.000000000000000000, 0.000000000000000000, -1.000000000000000000 ) ) ;
#2636 = DIRECTION ( 'NONE',  ( -0.8660254037844614672, 0.4999999999999605871, 0.000000000000000000 ) ) ;
#2637 = CARTESIAN_POINT ( 'NONE',  ( 38.85605033100685546, 38.82570483114074023, 20.65843509468759720 ) ) ;
#2638 = CIRCLE ( 'NONE', #787, 0.03600013749698947191 ) ;
#2639 = VERTEX_POINT ( 'NONE', #1679 ) ;
#2640 = VERTEX_POINT ( 'NONE', #1269 ) ;
#2641 = DIRECTION ( 'NONE',  ( 0.000000000000000000, 0.000000000000000000, -1.000000000000000000 ) ) ;
#2642 = CARTESIAN_POINT ( 'NONE',  ( 38.82575229706631603, 38.77577477022789054, 20.67243509468759655 ) ) ;
#2643 = AXIS2_PLACEMENT_3D ( 'NONE', #4946, #3016, #2254 ) ;
#2644 = DIRECTION ( 'NONE',  ( -0.000000000000000000, 0.000000000000000000, -1.000000000000000000 ) ) ;
#2645 = CARTESIAN_POINT ( 'NONE',  ( 38.81772462433244897, 38.80816298216332427, 20.73386182145970480 ) ) ;
#2646 = ORIENTED_EDGE ( 'NONE', *, *, #3369, .F. ) ;
#2647 = CIRCLE ( 'NONE', #3302, 0.007929668353440888495 ) ;
#2648 = EDGE_CURVE ( 'NONE', #167, #235, #2523, .T. ) ;
#2649 = DIRECTION ( 'NONE',  ( -1.000000000000000000, 0.000000000000000000, 0.000000000000000000 ) ) ;
#2650 = CARTESIAN_POINT ( 'NONE',  ( 38.84765902844096530, 38.79320262364853988, 20.67243509468759655 ) ) ;
#2651 = ADVANCED_FACE ( 'NONE', ( #4029 ), #3230, .T. ) ;
#2652 = CARTESIAN_POINT ( 'NONE',  ( 38.77582223615345924, 38.80607280416843707, 20.67243509468759655 ) ) ;
#2653 = CARTESIAN_POINT ( 'NONE',  ( 38.84408496639036912, 38.79963721035465340, 20.67243509468759655 ) ) ;
#2654 =( LENGTH_UNIT ( ) NAMED_UNIT ( * ) SI_UNIT ( $, .METRE. ) );
#2655 = CARTESIAN_POINT ( 'NONE',  ( 38.83118178564325973, 38.84403750046480042, 20.65843509468759720 ) ) ;
#2656 = ORIENTED_EDGE ( 'NONE', *, *, #2590, .T. ) ;
#2657 = EDGE_CURVE ( 'NONE', #1027, #1458, #1235, .T. ) ;
#2658 = CARTESIAN_POINT ( 'NONE',  ( 38.79387662037215989, 38.83927097423686803, 20.65843509468759720 ) ) ;
#2659 = DIRECTION ( 'NONE',  ( -1.000000000000000000, 0.000000000000000000, 0.000000000000000000 ) ) ;
#2660 = DIRECTION ( 'NONE',  ( 0.000000000000000000, -0.000000000000000000, -1.000000000000000000 ) ) ;
#2661 = ORIENTED_EDGE ( 'NONE', *, *, #4119, .F. ) ;
#2662 = ORIENTED_EDGE ( 'NONE', *, *, #1894, .F. ) ;
#2663 = FACE_OUTER_BOUND ( 'NONE', #502, .T. ) ;
#2664 = AXIS2_PLACEMENT_3D ( 'NONE', #2069, #566, #2410 ) ;
#2665 = AXIS2_PLACEMENT_3D ( 'NONE', #2723, #1904, #771 ) ;
#2666 = CARTESIAN_POINT ( 'NONE',  ( 38.81818628437970631, 38.80828505959705410, 20.73523509773936269 ) ) ;
#2667 = ORIENTED_EDGE ( 'NONE', *, *, #2337, .F. ) ;
#2668 = AXIS2_PLACEMENT_3D ( 'NONE', #1086, #2627, #2249 ) ;
#2669 = VERTEX_POINT ( 'NONE', #1702 ) ;
#2670 = CARTESIAN_POINT ( 'NONE',  ( 38.81593628358015735, 38.81588881765458865, 20.67243509468759655 ) ) ;
#2671 = ORIENTED_EDGE ( 'NONE', *, *, #3126, .F. ) ;
#2672 = LINE ( 'NONE', #770, #723 ) ;
#2673 = DIRECTION ( 'NONE',  ( 1.051525492790084248E-07, -0.9999999999999945599, -0.000000000000000000 ) ) ;
#2674 = CARTESIAN_POINT ( 'NONE',  ( 38.81593628358015735, 38.81588881765458865, 20.67243509468759655 ) ) ;
#2675 = VECTOR ( 'NONE', #2874, 0.9999999999999998890 ) ;
#2676 = DIRECTION ( 'NONE',  ( 0.000000000000000000, 0.000000000000000000, -1.000000000000000000 ) ) ;
#2677 = EDGE_CURVE ( 'NONE', #4536, #3815, #4000, .T. ) ;
#2678 = CARTESIAN_POINT ( 'NONE',  ( 38.82232608996809375, 38.77741588802467021, 20.65843509468759720 ) ) ;
#2679 = AXIS2_PLACEMENT_3D ( 'NONE', #1234, #3165, #3217 ) ;
#2680 = ADVANCED_FACE ( 'NONE', ( #1247 ), #3176, .T. ) ;
#2681 = DIRECTION ( 'NONE',  ( -1.000000000000000000, 0.000000000000000000, 0.000000000000000000 ) ) ;
#2682 = ORIENTED_EDGE ( 'NONE', *, *, #4115, .T. ) ;
#2683 = ORIENTED_EDGE ( 'NONE', *, *, #1797, .F. ) ;
#2684 = AXIS2_PLACEMENT_3D ( 'NONE', #3323, #4084, #1388 ) ;
#2685 = FACE_OUTER_BOUND ( 'NONE', #3603, .T. ) ;
#2686 = AXIS2_PLACEMENT_3D ( 'NONE', #4470, #2597, #215 ) ;
#2687 = CARTESIAN_POINT ( 'NONE',  ( 38.79451233832418211, 38.78058293299805115, 20.65843509468759720 ) ) ;
#2688 = CARTESIAN_POINT ( 'NONE',  ( 38.84329602943106607, 38.79901284970420505, 20.65843509468759720 ) ) ;
#2689 = CIRCLE ( 'NONE', #426, 0.03600013749699044335 ) ;
#2690 = DIRECTION ( 'NONE',  ( -0.7071067811865474617, -0.7071067811865474617, 0.000000000000000000 ) ) ;
#2691 = ORIENTED_EDGE ( 'NONE', *, *, #4140, .F. ) ;
#2692 = VERTEX_POINT ( 'NONE', #3955 ) ;
#2693 = AXIS2_PLACEMENT_3D ( 'NONE', #1164, #432, #2704 ) ;
#2694 = FACE_OUTER_BOUND ( 'NONE', #2040, .T. ) ;
#2695 = CIRCLE ( 'NONE', #1401, 0.03899994794847572166 ) ;
#2696 = LINE ( 'NONE', #4248, #2268 ) ;
#2697 = DIRECTION ( 'NONE',  ( 0.000000000000000000, -0.000000000000000000, -1.000000000000000000 ) ) ;
#2698 = DIRECTION ( 'NONE',  ( -1.000000000000000000, 0.000000000000000000, 0.000000000000000000 ) ) ;
#2699 = CARTESIAN_POINT ( 'NONE',  ( 38.79255407519377741, 38.83794842905847844, 20.67243509468759655 ) ) ;
#2700 = CARTESIAN_POINT ( 'NONE',  ( 38.82342543488362452, 38.80406030572456899, 20.72923509773935535 ) ) ;
#2701 = EDGE_CURVE ( 'NONE', #3462, #2311, #4357, .T. ) ;
#2702 = CARTESIAN_POINT ( 'NONE',  ( 38.78380406465699082, 38.81495360035949460, 20.67243509468759655 ) ) ;
#2703 = DIRECTION ( 'NONE',  ( -1.000000000000000000, 0.000000000000000000, 0.000000000000000000 ) ) ;
#2704 = DIRECTION ( 'NONE',  ( -1.000000000000000000, 0.000000000000000000, 0.000000000000000000 ) ) ;
#2705 = DIRECTION ( 'NONE',  ( 1.000000000000000000, 0.000000000000000000, 0.000000000000000000 ) ) ;
#2706 = ORIENTED_EDGE ( 'NONE', *, *, #574, .F. ) ;
#2707 = ORIENTED_EDGE ( 'NONE', *, *, #1598, .T. ) ;
#2708 = EDGE_CURVE ( 'NONE', #3029, #386, #2419, .T. ) ;
#2709 = CARTESIAN_POINT ( 'NONE',  ( 38.79116608410798506, 38.84601244887813465, 20.65843509468759720 ) ) ;
#2710 = EDGE_CURVE ( 'NONE', #4076, #2238, #1079, .T. ) ;
#2711 = DIRECTION ( 'NONE',  ( 0.000000000000000000, 0.000000000000000000, -1.000000000000000000 ) ) ;
#2712 = AXIS2_PLACEMENT_3D ( 'NONE', #25, #804, #381 ) ;
#2713 = CARTESIAN_POINT ( 'NONE',  ( 38.81593628358015735, 38.81588881765458865, 20.67243509468759655 ) ) ;
#2714 = ORIENTED_EDGE ( 'NONE', *, *, #3729, .T. ) ;
#2715 = VERTEX_POINT ( 'NONE', #3571 ) ;
#2716 = ADVANCED_FACE ( 'NONE', ( #105 ), #3836, .F. ) ;
#2717 = CIRCLE ( 'NONE', #2643, 0.02935410264609947945 ) ;
#2718 = EDGE_LOOP ( 'NONE', ( #3719, #677, #1104, #2176 ) ) ;
#2719 = LINE ( 'NONE', #1129, #4723 ) ;
#2720 = VECTOR ( 'NONE', #3408, 1.000000000000000000 ) ;
#2721 = ORIENTED_EDGE ( 'NONE', *, *, #4851, .T. ) ;
#2722 = DIRECTION ( 'NONE',  ( -1.000000000000000000, 0.000000000000000000, 0.000000000000000000 ) ) ;
#2723 = CARTESIAN_POINT ( 'NONE',  ( 38.81593628358015735, 38.81588881765458865, 20.65843509468759720 ) ) ;
#2724 = CARTESIAN_POINT ( 'NONE',  ( 38.81500106628506330, 38.84802103657775518, 20.65843509468759720 ) ) ;
#2725 = CARTESIAN_POINT ( 'NONE',  ( 38.78053357069015306, 38.82911312486229605, 20.65843509468759720 ) ) ;
#2726 = VECTOR ( 'NONE', #1313, 1.000000000000000000 ) ;
#2727 = PLANE ( 'NONE',  #3622 ) ;
#2728 =( LENGTH_UNIT ( ) NAMED_UNIT ( * ) SI_UNIT ( $, .METRE. ) );
#2729 = DIRECTION ( 'NONE',  ( 0.000000000000000000, -0.000000000000000000, 1.000000000000000000 ) ) ;
#2730 = CARTESIAN_POINT ( 'NONE',  ( 38.81593628358015735, 38.81588881765458865, 20.66573509468759795 ) ) ;
#2731 = EDGE_CURVE ( 'NONE', #1082, #3563, #4435, .T. ) ;
#2732 = ORIENTED_EDGE ( 'NONE', *, *, #1080, .F. ) ;
#2733 = VERTEX_POINT ( 'NONE', #2502 ) ;
#2734 = DIRECTION ( 'NONE',  ( 0.000000000000000000, 0.000000000000000000, -1.000000000000000000 ) ) ;
#2735 = CARTESIAN_POINT ( 'NONE',  ( 38.77942287064073668, 38.80218602175377640, 20.67243509468759655 ) ) ;
#2736 = FACE_OUTER_BOUND ( 'NONE', #4892, .T. ) ;
#2737 = ADVANCED_FACE ( 'NONE', ( #4058 ), #3548, .F. ) ;
#2738 = VERTEX_POINT ( 'NONE', #3727 ) ;
#2739 = VERTEX_POINT ( 'NONE', #205 ) ;
#2740 = ORIENTED_EDGE ( 'NONE', *, *, #1328, .T. ) ;
#2741 = CARTESIAN_POINT ( 'NONE',  ( 38.84632592456686240, 38.82430132042419757, 20.67243509468759655 ) ) ;
#2742 = VERTEX_POINT ( 'NONE', #3407 ) ;
#2743 = VERTEX_POINT ( 'NONE', #1443 ) ;
#2744 = PRODUCT ( 'Gear_Level1V2', 'Gear_Level1V2', '', ( #3089 ) ) ;
#2745 = CARTESIAN_POINT ( 'NONE',  ( 38.85214290674938553, 38.83575263804224420, 20.67243509468759655 ) ) ;
#2746 = EDGE_CURVE ( 'NONE', #662, #34, #3325, .T. ) ;
#2747 = VERTEX_POINT ( 'NONE', #2135 ) ;
#2748 = CYLINDRICAL_SURFACE ( 'NONE', #4332, 0.01749999999999829470 ) ;
#2749 = CARTESIAN_POINT ( 'NONE',  ( 38.83218795432690484, 38.78774017147541286, 20.67243509468759655 ) ) ;
#2750 = AXIS2_PLACEMENT_3D ( 'NONE', #2822, #3262, #1711 ) ;
#2751 = ORIENTED_EDGE ( 'NONE', *, *, #3779, .T. ) ;
#2752 = LINE ( 'NONE', #3926, #102 ) ;
#2753 = ORIENTED_EDGE ( 'NONE', *, *, #2532, .T. ) ;
#2754 = CIRCLE ( 'NONE', #3418, 0.01369291142362527580 ) ;
#2755 = DIRECTION ( 'NONE',  ( 0.000000000000000000, -0.000000000000000000, 1.000000000000000000 ) ) ;
#2756 = VERTEX_POINT ( 'NONE', #2559 ) ;
#2757 = LINE ( 'NONE', #28, #3141 ) ;
#2758 = ORIENTED_EDGE ( 'NONE', *, *, #2832, .F. ) ;
#2759 = ORIENTED_EDGE ( 'NONE', *, *, #5019, .T. ) ;
#2760 = DIRECTION ( 'NONE',  ( -0.2588190451025316197, -0.9659258262890654256, 0.000000000000000000 ) ) ;
#2761 = CIRCLE ( 'NONE', #98, 0.001006105236836115583 ) ;
#2762 = ADVANCED_FACE ( 'NONE', ( #4952 ), #1834, .T. ) ;
#2763 = DIRECTION ( 'NONE',  ( -0.000000000000000000, -0.000000000000000000, -1.000000000000000000 ) ) ;
#2764 = CIRCLE ( 'NONE', #4879, 0.001006105236832866012 ) ;
#2765 = AXIS2_PLACEMENT_3D ( 'NONE', #4921, #4133, #622 ) ;
#2766 = VERTEX_POINT ( 'NONE', #3705 ) ;
#2767 = AXIS2_PLACEMENT_3D ( 'NONE', #4745, #4791, #860 ) ;
#2768 = ORIENTED_EDGE ( 'NONE', *, *, #2338, .F. ) ;
#2769 = ADVANCED_FACE ( 'NONE', ( #2941 ), #4541, .T. ) ;
#2770 = DIRECTION ( 'NONE',  ( -0.000000000000000000, -0.000000000000000000, -1.000000000000000000 ) ) ;
#2771 = ORIENTED_EDGE ( 'NONE', *, *, #1688, .T. ) ;
#2772 = CIRCLE ( 'NONE', #903, 0.03899994794847572166 ) ;
#2773 = FACE_OUTER_BOUND ( 'NONE', #4007, .T. ) ;
#2774 = VECTOR ( 'NONE', #962, 1.000000000000000000 ) ;
#2775 = ORIENTED_EDGE ( 'NONE', *, *, #2584, .F. ) ;
#2776 = AXIS2_PLACEMENT_3D ( 'NONE', #1613, #3171, #1 ) ;
#2777 = CARTESIAN_POINT ( 'NONE',  ( 38.81593628358015735, 38.81588881765458865, 20.67333509449686346 ) ) ;
#2778 = VECTOR ( 'NONE', #3370, 1.000000000000000000 ) ;
#2779 = EDGE_CURVE ( 'NONE', #1280, #3416, #427, .T. ) ;
#2780 = CARTESIAN_POINT ( 'NONE',  ( 38.83218789088009260, 38.84403750046480042, 20.67243509468759655 ) ) ;
#2781 = EDGE_CURVE ( 'NONE', #4655, #11, #4868, .T. ) ;
#2782 = LINE ( 'NONE', #954, #4947 ) ;
#2783 = CARTESIAN_POINT ( 'NONE',  ( 38.85475208351041942, 38.81210336976057107, 20.67243509468759655 ) ) ;
#2784 = ORIENTED_EDGE ( 'NONE', *, *, #1566, .T. ) ;
#2785 = DIRECTION ( 'NONE',  ( 0.000000000000000000, 0.000000000000000000, 1.000000000000000000 ) ) ;
#2786 = CARTESIAN_POINT ( 'NONE',  ( 38.84673157164673540, 38.82510859841183049, 20.67243509468759655 ) ) ;
#2787 = ORIENTED_EDGE ( 'NONE', *, *, #915, .T. ) ;
#2788 = ORIENTED_EDGE ( 'NONE', *, *, #2252, .T. ) ;
#2789 = CARTESIAN_POINT ( 'NONE',  ( 38.81593628358015735, 38.81588881765458865, 20.67363509449686276 ) ) ;
#2790 = DIRECTION ( 'NONE',  ( -0.000000000000000000, -0.000000000000000000, -1.000000000000000000 ) ) ;
#2791 = CARTESIAN_POINT ( 'NONE',  ( 38.80438017690971009, 38.77624102679137508, 20.65843509468759720 ) ) ;
#2792 = DIRECTION ( 'NONE',  ( -0.000000000000000000, -0.000000000000000000, -1.000000000000000000 ) ) ;
#2793 = ORIENTED_EDGE ( 'NONE', *, *, #1201, .F. ) ;
#2794 = VERTEX_POINT ( 'NONE', #1469 ) ;
#2795 = LINE ( 'NONE', #3939, #4388 ) ;
#2796 = VECTOR ( 'NONE', #2920, 1.000000000000000000 ) ;
#2797 = DIRECTION ( 'NONE',  ( -0.000000000000000000, -0.000000000000000000, -1.000000000000000000 ) ) ;
#2798 = EDGE_CURVE ( 'NONE', #1772, #4931, #355, .T. ) ;
#2799 = VERTEX_POINT ( 'NONE', #2968 ) ;
#2800 = CIRCLE ( 'NONE', #1508, 0.03000003113258031817 ) ;
#2801 = DIRECTION ( 'NONE',  ( 0.000000000000000000, 0.000000000000000000, -1.000000000000000000 ) ) ;
#2802 = EDGE_LOOP ( 'NONE', ( #4531, #2472, #4874, #1383 ) ) ;
#2803 = CARTESIAN_POINT ( 'NONE',  ( 38.85440922471497771, 38.80949908053785435, 20.67243509468759655 ) ) ;
#2804 = UNCERTAINTY_MEASURE_WITH_UNIT (LENGTH_MEASURE( 1.000000000000000082E-05 ), #2654, 'distance_accuracy_value', 'NONE');
#2805 = AXIS2_PLACEMENT_3D ( 'NONE', #4727, #2711, #863 ) ;
#2806 = ADVANCED_FACE ( 'NONE', ( #255 ), #1390, .F. ) ;
#2807 = CARTESIAN_POINT ( 'NONE',  ( 38.81593628358015735, 38.81588881765458865, 20.67243509468759655 ) ) ;
#2808 = AXIS2_PLACEMENT_3D ( 'NONE', #4257, #4646, #3545 ) ;
#2809 = DIRECTION ( 'NONE',  ( 0.000000000000000000, -0.000000000000000000, -1.000000000000000000 ) ) ;
#2810 = CARTESIAN_POINT ( 'NONE',  ( 38.83218789088009260, 38.84403750046480042, 20.67243509468759655 ) ) ;
#2811 = EDGE_CURVE ( 'NONE', #2465, #485, #1557, .T. ) ;
#2812 = VERTEX_POINT ( 'NONE', #1364 ) ;
#2813 = VERTEX_POINT ( 'NONE', #4898 ) ;
#2814 = DIRECTION ( 'NONE',  ( -0.000000000000000000, -0.000000000000000000, -1.000000000000000000 ) ) ;
#2815 = ORIENTED_EDGE ( 'NONE', *, *, #309, .F. ) ;
#2816 = DIRECTION ( 'NONE',  ( -1.000000000000000000, 0.000000000000000000, 0.000000000000000000 ) ) ;
#2817 = DIRECTION ( 'NONE',  ( -0.2588190451011160298, 0.9659258262894446778, 0.000000000000000000 ) ) ;
#2818 = DIRECTION ( 'NONE',  ( -1.000000000000000000, 0.000000000000000000, 0.000000000000000000 ) ) ;
#2819 = ORIENTED_EDGE ( 'NONE', *, *, #2889, .F. ) ;
#2820 = VERTEX_POINT ( 'NONE', #3680 ) ;
#2821 = CARTESIAN_POINT ( 'NONE',  ( 38.80954647719222095, 38.85436174728450709, 20.67243509468759655 ) ) ;
#2822 = CARTESIAN_POINT ( 'NONE',  ( 38.78063039892361985, 38.83731276291056389, 20.65843509468759720 ) ) ;
#2823 = ORIENTED_EDGE ( 'NONE', *, *, #1473, .T. ) ;
#2824 = DIRECTION ( 'NONE',  ( 1.000000000000000000, 0.000000000000000000, 0.000000000000000000 ) ) ;
#2825 = ORIENTED_EDGE ( 'NONE', *, *, #3363, .F. ) ;
#2826 = CARTESIAN_POINT ( 'NONE',  ( 38.82334936326034835, 38.84716820981572738, 20.67243509468759655 ) ) ;
#2827 = EDGE_CURVE ( 'NONE', #2766, #4604, #4725, .T. ) ;
#2828 = CARTESIAN_POINT ( 'NONE',  ( 38.83791344075887508, 38.83887213187423981, 20.67243509468759655 ) ) ;
#2829 = CIRCLE ( 'NONE', #4539, 0.03899994794847572166 ) ;
#2830 = CARTESIAN_POINT ( 'NONE',  ( 38.81370102216066442, 38.82349698184623321, 20.73553178137056108 ) ) ;
#2831 = CARTESIAN_POINT ( 'NONE',  ( 38.81593628358015735, 38.81588881765458865, 20.72923509773935535 ) ) ;
#2832 = EDGE_CURVE ( 'NONE', #4818, #2669, #4495, .T. ) ;
#2833 = LINE ( 'NONE', #4764, #4754 ) ;
#2834 = EDGE_LOOP ( 'NONE', ( #3367, #4554, #1346, #1988 ) ) ;
#2835 = DIRECTION ( 'NONE',  ( 0.000000000000000000, -0.000000000000000000, 1.000000000000000000 ) ) ;
#2836 = DIRECTION ( 'NONE',  ( -1.000000000000000000, 0.000000000000000000, 0.000000000000000000 ) ) ;
#2837 = EDGE_CURVE ( 'NONE', #485, #1250, #2235, .T. ) ;
#2838 = EDGE_CURVE ( 'NONE', #1623, #1954, #829, .T. ) ;
#2839 = CARTESIAN_POINT ( 'NONE',  ( 38.80852313313424418, 38.84716819085410577, 20.67243509468759655 ) ) ;
#2840 = CARTESIAN_POINT ( 'NONE',  ( 38.84408492975934024, 38.83214048840133614, 20.65843509468759720 ) ) ;
#2841 = ORIENTED_EDGE ( 'NONE', *, *, #3927, .T. ) ;
#2842 = VERTEX_POINT ( 'NONE', #3754 ) ;
#2843 = CARTESIAN_POINT ( 'NONE',  ( 38.85558407444337092, 38.80433271098414139, 20.67243509468759655 ) ) ;
#2844 = AXIS2_PLACEMENT_3D ( 'NONE', #3079, #1056, #714 ) ;
#2845 = CARTESIAN_POINT ( 'NONE',  ( 38.82174443168707967, 38.80348876770213451, 20.72923509773935535 ) ) ;
#2846 = DIRECTION ( 'NONE',  ( 0.000000000000000000, -0.000000000000000000, -1.000000000000000000 ) ) ;
#2847 = CARTESIAN_POINT ( 'NONE',  ( 38.78454051839500494, 38.82430124965846829, 20.67243509468759655 ) ) ;
#2848 = AXIS2_PLACEMENT_3D ( 'NONE', #4457, #4111, #4056 ) ;
#2849 = FACE_OUTER_BOUND ( 'NONE', #4648, .T. ) ;
#2850 = ORIENTED_EDGE ( 'NONE', *, *, #2195, .T. ) ;
#2851 = VERTEX_POINT ( 'NONE', #2634 ) ;
#2852 = CIRCLE ( 'NONE', #3343, 0.001006105236832866012 ) ;
#2853 = DIRECTION ( 'NONE',  ( -0.000000000000000000, -0.000000000000000000, -1.000000000000000000 ) ) ;
#2854 = DIRECTION ( 'NONE',  ( -1.000000000000000000, 0.000000000000000000, 0.000000000000000000 ) ) ;
#2855 = CIRCLE ( 'NONE', #3436, 0.001006105236833839843 ) ;
#2856 = FACE_OUTER_BOUND ( 'NONE', #666, .T. ) ;
#2857 = DIRECTION ( 'NONE',  ( -0.000000000000000000, -0.000000000000000000, 1.000000000000000000 ) ) ;
#2858 = CARTESIAN_POINT ( 'NONE',  ( 38.83218795432690484, 38.78774017147541286, 20.67243509468759655 ) ) ;
#2859 = EDGE_CURVE ( 'NONE', #4779, #2007, #1964, .T. ) ;
#2860 = ORIENTED_EDGE ( 'NONE', *, *, #4883, .F. ) ;
#2861 = ORIENTED_EDGE ( 'NONE', *, *, #3702, .T. ) ;
#2862 = DIRECTION ( 'NONE',  ( 0.000000000000000000, 0.000000000000000000, 1.000000000000000000 ) ) ;
#2863 = CARTESIAN_POINT ( 'NONE',  ( 38.81012813808102635, 38.80348876648065470, 20.64075716427210239 ) ) ;
#2864 = FACE_OUTER_BOUND ( 'NONE', #4995, .T. ) ;
#2865 = ADVANCED_FACE ( 'NONE', ( #625, #601 ), #2182, .T. ) ;
#2866 = CARTESIAN_POINT ( 'NONE',  ( 38.85440922471497771, 38.80949908053785435, 20.65843509468759720 ) ) ;
#2867 = ORIENTED_EDGE ( 'NONE', *, *, #1629, .T. ) ;
#2868 = EDGE_CURVE ( 'NONE', #4576, #1510, #4391, .T. ) ;
#2869 = EDGE_LOOP ( 'NONE', ( #4160, #2917, #3412, #4595 ) ) ;
#2870 = CARTESIAN_POINT ( 'NONE',  ( 38.78778763740098157, 38.79963714690784826, 20.67243509468759655 ) ) ;
#2871 = CARTESIAN_POINT ( 'NONE',  ( 38.81593628227625459, 38.82828886821778269, 20.73523509773935558 ) ) ;
#2872 = DIRECTION ( 'NONE',  ( 0.9999999999999945599, 1.051540089572273336E-07, 0.000000000000000000 ) ) ;
#2873 = EDGE_CURVE ( 'NONE', #4708, #2311, #3668, .T. ) ;
#2874 = DIRECTION ( 'NONE',  ( -0.4999999089352162862, -0.8660254563607097111, 0.000000000000000000 ) ) ;
#2875 = ORIENTED_EDGE ( 'NONE', *, *, #3612, .T. ) ;
#2876 = ORIENTED_EDGE ( 'NONE', *, *, #2897, .T. ) ;
#2877 = DIRECTION ( 'NONE',  ( 0.000000000000000000, 0.000000000000000000, -1.000000000000000000 ) ) ;
#2878 = EDGE_LOOP ( 'NONE', ( #4045, #1639, #2248, #3386 ) ) ;
#2879 = CYLINDRICAL_SURFACE ( 'NONE', #2664, 0.03899994794847572166 ) ;
#2880 = AXIS2_PLACEMENT_3D ( 'NONE', #4641, #2346, #3834 ) ;
#2881 = DIRECTION ( 'NONE',  ( -0.000000000000000000, 0.000000000000000000, 1.000000000000000000 ) ) ;
#2882 = CARTESIAN_POINT ( 'NONE',  ( 38.81652225078990170, 38.82379814735152479, 20.73741251195740531 ) ) ;
#2883 = AXIS2_PLACEMENT_3D ( 'NONE', #1114, #5001, #18 ) ;
#2884 = CARTESIAN_POINT ( 'NONE',  ( 38.83791349256297565, 38.79290555523903805, 20.65843509468759720 ) ) ;
#2885 = CARTESIAN_POINT ( 'NONE',  ( 38.82377096779371328, 38.82711884644034939, 20.72923509773935535 ) ) ;
#2886 = ORIENTED_EDGE ( 'NONE', *, *, #4445, .F. ) ;
#2887 = DIRECTION ( 'NONE',  ( 0.000000000000000000, -0.000000000000000000, -1.000000000000000000 ) ) ;
#2888 = DIRECTION ( 'NONE',  ( 0.000000000000000000, 0.000000000000000000, -1.000000000000000000 ) ) ;
#2889 = EDGE_CURVE ( 'NONE', #4756, #493, #2292, .T. ) ;
#2890 = AXIS2_PLACEMENT_3D ( 'NONE', #3024, #1470, #4460 ) ;
#2891 = CYLINDRICAL_SURFACE ( 'NONE', #1994, 0.03600013749699115806 ) ;
#2892 = ORIENTED_EDGE ( 'NONE', *, *, #1935, .T. ) ;
#2893 = ORIENTED_EDGE ( 'NONE', *, *, #638, .F. ) ;
#2894 = CARTESIAN_POINT ( 'NONE',  ( 38.83931849196654440, 38.79382920625069175, 20.65843509468759720 ) ) ;
#2895 = DIRECTION ( 'NONE',  ( -1.000000000000000000, 0.000000000000000000, 0.000000000000000000 ) ) ;
#2896 = DIRECTION ( 'NONE',  ( -0.8660254037858867715, 0.4999999999974917286, 0.000000000000000000 ) ) ;
#2897 = EDGE_CURVE ( 'NONE', #1984, #951, #4311, .T. ) ;
#2898 = DIRECTION ( 'NONE',  ( -0.000000000000000000, -0.000000000000000000, 1.000000000000000000 ) ) ;
#2899 = ORIENTED_EDGE ( 'NONE', *, *, #3584, .T. ) ;
#2900 = EDGE_LOOP ( 'NONE', ( #4735, #2567, #1824, #1356 ) ) ;
#2901 = CARTESIAN_POINT ( 'NONE',  ( 38.84806850250332388, 38.81682403494968270, 20.65843509468759720 ) ) ;
#2902 = ORIENTED_EDGE ( 'NONE', *, *, #1052, .F. ) ;
#2903 = DIRECTION ( 'NONE',  ( 0.4999999999959848784, -0.8660254037867568533, 0.000000000000000000 ) ) ;
#2904 = EDGE_CURVE ( 'NONE', #671, #1068, #4975, .T. ) ;
#2905 = EDGE_CURVE ( 'NONE', #685, #2812, #23, .T. ) ;
#2906 = CARTESIAN_POINT ( 'NONE',  ( 38.81593628358015735, 38.81588881765458865, 20.65843509468759720 ) ) ;
#2907 = CYLINDRICAL_SURFACE ( 'NONE', #4010, 0.03600013749699115806 ) ;
#2908 = FACE_OUTER_BOUND ( 'NONE', #2427, .T. ) ;
#2909 = DIRECTION ( 'NONE',  ( -1.000000000000000000, 0.000000000000000000, 0.000000000000000000 ) ) ;
#2910 = CIRCLE ( 'NONE', #1536, 0.02935410264609947945 ) ;
#2911 = ORIENTED_EDGE ( 'NONE', *, *, #420, .T. ) ;
#2912 = DIRECTION ( 'NONE',  ( 0.000000000000000000, 0.000000000000000000, -1.000000000000000000 ) ) ;
#2913 = CIRCLE ( 'NONE', #2022, 0.02935410264610490219 ) ;
#2914 = DIRECTION ( 'NONE',  ( 0.000000000000000000, 0.000000000000000000, 1.000000000000000000 ) ) ;
#2915 = CARTESIAN_POINT ( 'NONE',  ( 38.84576806095721224, 38.84444675841084660, 20.65843509468759720 ) ) ;
#2916 = CARTESIAN_POINT ( 'NONE',  ( 38.78764139369621944, 38.80063256668180571, 20.65843509468759720 ) ) ;
#2917 = ORIENTED_EDGE ( 'NONE', *, *, #4786, .F. ) ;
#2918 = ORIENTED_EDGE ( 'NONE', *, *, #4706, .F. ) ;
#2919 = EDGE_CURVE ( 'NONE', #2402, #1569, #1648, .T. ) ;
#2920 = DIRECTION ( 'NONE',  ( -0.000000000000000000, -0.000000000000000000, -1.000000000000000000 ) ) ;
#2921 = AXIS2_PLACEMENT_3D ( 'NONE', #3454, #2275, #20 ) ;
#2922 = CARTESIAN_POINT ( 'NONE',  ( 38.82992465105225932, 38.81646035697117014, 20.72923509773935535 ) ) ;
#2923 = CARTESIAN_POINT ( 'NONE',  ( 38.82243549974879215, 38.82828886890118980, 20.74123509773935581 ) ) ;
#2924 = LINE ( 'NONE', #2118, #3253 ) ;
#2925 = ORIENTED_EDGE ( 'NONE', *, *, #3034, .F. ) ;
#2926 = ORIENTED_EDGE ( 'NONE', *, *, #170, .T. ) ;
#2927 = EDGE_CURVE ( 'NONE', #1355, #618, #278, .T. ) ;
#2928 = CARTESIAN_POINT ( 'NONE',  ( 38.82334943402607053, 38.78460944445506442, 20.65843509468759720 ) ) ;
#2929 = ORIENTED_EDGE ( 'NONE', *, *, #3635, .F. ) ;
#2930 = CARTESIAN_POINT ( 'NONE',  ( 38.81593628358015735, 38.81588881765458865, 20.67243509468759655 ) ) ;
#2931 = CIRCLE ( 'NONE', #2433, 0.01509999999999678266 ) ;
#2932 = EDGE_CURVE ( 'NONE', #2794, #2119, #4511, .T. ) ;
#2933 = EDGE_CURVE ( 'NONE', #2692, #2813, #4486, .T. ) ;
#2934 = CARTESIAN_POINT ( 'NONE',  ( 38.83218789088009260, 38.84403750046480042, 20.67243509468759655 ) ) ;
#2935 = ORIENTED_EDGE ( 'NONE', *, *, #3810, .F. ) ;
#2936 = DIRECTION ( 'NONE',  ( -1.000000000000000000, 0.000000000000000000, 0.000000000000000000 ) ) ;
#2937 = CARTESIAN_POINT ( 'NONE',  ( 38.79116613834615634, 38.78576514183190227, 20.65843509468759720 ) ) ;
#2938 = AXIS2_PLACEMENT_3D ( 'NONE', #1962, #2335, #1175 ) ;
#2939 = AXIS2_PLACEMENT_3D ( 'NONE', #1670, #2045, #2074 ) ;
#2940 = EDGE_LOOP ( 'NONE', ( #2360, #1953, #31, #768 ) ) ;
#2941 = FACE_OUTER_BOUND ( 'NONE', #3534, .T. ) ;
#2942 = AXIS2_PLACEMENT_3D ( 'NONE', #4008, #2090, #3533 ) ;
#2943 = CYLINDRICAL_SURFACE ( 'NONE', #1838, 0.03899994794847572166 ) ;
#2944 = AXIS2_PLACEMENT_3D ( 'NONE', #2934, #3697, #223 ) ;
#2945 = DIRECTION ( 'NONE',  ( -0.9659258262890429991, 0.2588190451026144978, 0.000000000000000000 ) ) ;
#2946 = ORIENTED_EDGE ( 'NONE', *, *, #542, .T. ) ;
#2947 = EDGE_LOOP ( 'NONE', ( #2448, #2975, #2461, #1506 ) ) ;
#2948 = DIRECTION ( 'NONE',  ( 0.000000000000000000, 0.000000000000000000, -1.000000000000000000 ) ) ;
#2949 = LINE ( 'NONE', #1371, #3839 ) ;
#2950 = CARTESIAN_POINT ( 'NONE',  ( 38.82916059078787185, 38.85129153054458584, 20.67243509468759655 ) ) ;
#2951 = LINE ( 'NONE', #950, #893 ) ;
#2952 = EDGE_LOOP ( 'NONE', ( #4215, #3372, #1911, #2111 ) ) ;
#2953 = ORIENTED_EDGE ( 'NONE', *, *, #1408, .F. ) ;
#2954 = EDGE_LOOP ( 'NONE', ( #2957, #3481, #1960, #4174 ) ) ;
#2955 = DIRECTION ( 'NONE',  ( -0.000000000000000000, -0.000000000000000000, -1.000000000000000000 ) ) ;
#2956 = ORIENTED_EDGE ( 'NONE', *, *, #124, .T. ) ;
#2957 = ORIENTED_EDGE ( 'NONE', *, *, #1975, .F. ) ;
#2958 = CARTESIAN_POINT ( 'NONE',  ( 38.81954708710263446, 38.85350791491937628, 20.67243509468759655 ) ) ;
#2959 = EDGE_CURVE ( 'NONE', #3683, #4993, #4159, .T. ) ;
#2960 = DIRECTION ( 'NONE',  ( -0.000000000000000000, -0.000000000000000000, -1.000000000000000000 ) ) ;
#2961 = CARTESIAN_POINT ( 'NONE',  ( 38.77746335395023891, 38.80949901126665225, 20.67243509468759655 ) ) ;
#2962 = EDGE_LOOP ( 'NONE', ( #526, #4498, #3726, #3589 ) ) ;
#2963 = CARTESIAN_POINT ( 'NONE',  ( 38.83218789088009260, 38.84403750046480042, 20.65843509468759720 ) ) ;
#2964 = DIRECTION ( 'NONE',  ( -0.000000000000000000, -0.000000000000000000, -1.000000000000000000 ) ) ;
#2965 = AXIS2_PLACEMENT_3D ( 'NONE', #4037, #1762, #2113 ) ;
#2966 = EDGE_CURVE ( 'NONE', #3022, #4478, #113, .T. ) ;
#2967 = ORIENTED_EDGE ( 'NONE', *, *, #2677, .T. ) ;
#2968 = CARTESIAN_POINT ( 'NONE',  ( 38.82962919500378263, 38.81588881765458865, 20.74123509773935581 ) ) ;
#2969 = CIRCLE ( 'NONE', #52, 0.02935410264610283093 ) ;
#2970 = FACE_OUTER_BOUND ( 'NONE', #2189, .T. ) ;
#2971 = CIRCLE ( 'NONE', #4918, 0.001006105236834714794 ) ;
#2972 = EDGE_CURVE ( 'NONE', #3942, #1889, #834, .T. ) ;
#2973 = CARTESIAN_POINT ( 'NONE',  ( 38.81593628358015735, 38.81588881765458865, 20.66573509468759795 ) ) ;
#2974 = AXIS2_PLACEMENT_3D ( 'NONE', #605, #1297, #2161 ) ;
#2975 = ORIENTED_EDGE ( 'NONE', *, *, #823, .T. ) ;
#2976 = EDGE_LOOP ( 'NONE', ( #1325, #715, #2540, #1651 ) ) ;
#2977 = DIRECTION ( 'NONE',  ( -0.000000000000000000, -0.000000000000000000, 1.000000000000000000 ) ) ;
#2978 = VECTOR ( 'NONE', #2372, 1.000000000000000000 ) ;
#2979 = CIRCLE ( 'NONE', #451, 0.001006105236832866012 ) ;
#2980 = DIRECTION ( 'NONE',  ( 0.000000000000000000, -0.000000000000000000, -1.000000000000000000 ) ) ;
#2981 = ORIENTED_EDGE ( 'NONE', *, *, #1115, .F. ) ;
#2982 = DIRECTION ( 'NONE',  ( 0.4999999999999360512, 0.8660254037844755670, 0.000000000000000000 ) ) ;
#2983 = ORIENTED_EDGE ( 'NONE', *, *, #3477, .F. ) ;
#2984 = CARTESIAN_POINT ( 'NONE',  ( 38.81370102376071429, 38.80828065299285612, 20.73493841410815364 ) ) ;
#2985 = EDGE_LOOP ( 'NONE', ( #503, #2740, #2418, #2058 ) ) ;
#2986 = DIRECTION ( 'NONE',  ( 0.7071067811865474617, 0.7071067811865474617, 0.000000000000000000 ) ) ;
#2987 = ORIENTED_EDGE ( 'NONE', *, *, #45, .F. ) ;
#2988 = DIRECTION ( 'NONE',  ( -1.000000000000000000, 0.000000000000000000, 0.000000000000000000 ) ) ;
#2989 = CARTESIAN_POINT ( 'NONE',  ( 38.81593628358015735, 38.81588881765458865, 20.68033509449686136 ) ) ;
#2990 = ORIENTED_EDGE ( 'NONE', *, *, #240, .F. ) ;
#2991 = DIRECTION ( 'NONE',  ( -0.000000000000000000, -0.000000000000000000, -1.000000000000000000 ) ) ;
#2992 = CARTESIAN_POINT ( 'NONE',  ( 38.83931849196654440, 38.79382920625069175, 20.67243509468759655 ) ) ;
#2993 = VERTEX_POINT ( 'NONE', #3344 ) ;
#2994 = CARTESIAN_POINT ( 'NONE',  ( 38.81593628358015735, 38.81588881765458865, 20.67243509468759655 ) ) ;
#2995 = EDGE_CURVE ( 'NONE', #3840, #2558, #4079, .T. ) ;
#2996 = CARTESIAN_POINT ( 'NONE',  ( 38.84605995940284373, 38.79111867242058764, 20.65843509468759720 ) ) ;
#2997 = CYLINDRICAL_SURFACE ( 'NONE', #1763, 0.001006105236832866012 ) ;
#2998 = EDGE_LOOP ( 'NONE', ( #4101, #3357, #2313, #4809 ) ) ;
#2999 = VERTEX_POINT ( 'NONE', #1828 ) ;
#3000 = EDGE_CURVE ( 'NONE', #2993, #1531, #4980, .T. ) ;
#3001 = CIRCLE ( 'NONE', #4951, 0.03899994794847572166 ) ;
#3002 = DIRECTION ( 'NONE',  ( -1.000000000000000000, 0.000000000000000000, 0.000000000000000000 ) ) ;
#3003 = EDGE_CURVE ( 'NONE', #1770, #1524, #304, .T. ) ;
#3004 = DIRECTION ( 'NONE',  ( -1.000000000000000000, 0.000000000000000000, 0.000000000000000000 ) ) ;
#3005 = LINE ( 'NONE', #4937, #736 ) ;
#3006 = ORIENTED_EDGE ( 'NONE', *, *, #3000, .F. ) ;
#3007 = DIRECTION ( 'NONE',  ( 0.000000000000000000, 0.000000000000000000, -1.000000000000000000 ) ) ;
#3008 = ORIENTED_EDGE ( 'NONE', *, *, #1345, .T. ) ;
#3009 = ORIENTED_EDGE ( 'NONE', *, *, #514, .F. ) ;
#3010 = CARTESIAN_POINT ( 'NONE',  ( 38.79980667765595115, 38.85139701040941418, 20.65843509468759720 ) ) ;
#3011 = CIRCLE ( 'NONE', #1224, 0.03600013749699044335 ) ;
#3012 = CYLINDRICAL_SURFACE ( 'NONE', #3048, 0.002249999999996544695 ) ;
#3013 = DIRECTION ( 'NONE',  ( -1.000000000000000000, 0.000000000000000000, 0.000000000000000000 ) ) ;
#3014 = ORIENTED_EDGE ( 'NONE', *, *, #4156, .F. ) ;
#3015 = AXIS2_PLACEMENT_3D ( 'NONE', #831, #3879, #2703 ) ;
#3016 = DIRECTION ( 'NONE',  ( -0.000000000000000000, -0.000000000000000000, 1.000000000000000000 ) ) ;
#3017 = DIRECTION ( 'NONE',  ( -0.000000000000000000, 0.000000000000000000, -1.000000000000000000 ) ) ;
#3018 = VERTEX_POINT ( 'NONE', #1774 ) ;
#3019 = AXIS2_PLACEMENT_3D ( 'NONE', #3703, #229, #4926 ) ;
#3020 = CIRCLE ( 'NONE', #3502, 0.02935410264610490219 ) ;
#3021 = VECTOR ( 'NONE', #4850, 1.000000000000000000 ) ;
#3022 = VERTEX_POINT ( 'NONE', #1012 ) ;
#3023 = DIRECTION ( 'NONE',  ( -0.000000000000000000, -0.000000000000000000, -1.000000000000000000 ) ) ;
#3024 = CARTESIAN_POINT ( 'NONE',  ( 38.83014388390284921, 38.76286533139666091, 20.72923509773935535 ) ) ;
#3025 = CIRCLE ( 'NONE', #4479, 0.03899994794847572166 ) ;
#3026 = FACE_OUTER_BOUND ( 'NONE', #3578, .T. ) ;
#3027 = EDGE_CURVE ( 'NONE', #817, #925, #588, .T. ) ;
#3028 = CIRCLE ( 'NONE', #4642, 0.01369291142362527580 ) ;
#3029 = VERTEX_POINT ( 'NONE', #568 ) ;
#3030 = VERTEX_POINT ( 'NONE', #1360 ) ;
#3031 = VECTOR ( 'NONE', #1062, 1.000000000000000000 ) ;
#3032 = CARTESIAN_POINT ( 'NONE',  ( 38.81818628278060146, 38.82349257618530913, 20.73523509773935203 ) ) ;
#3033 = DIRECTION ( 'NONE',  ( 0.000000000000000000, 1.000000000000000000, 0.000000000000000000 ) ) ;
#3034 = EDGE_CURVE ( 'NONE', #413, #3150, #1903, .T. ) ;
#3035 = CARTESIAN_POINT ( 'NONE',  ( 38.81380200692549209, 38.80825154650777620, 20.73450781974072044 ) ) ;
#3036 = ORIENTED_EDGE ( 'NONE', *, *, #2030, .T. ) ;
#3037 = CARTESIAN_POINT ( 'NONE',  ( 38.81593628358015735, 38.81588881765458865, 20.67243509468759655 ) ) ;
#3038 = DIRECTION ( 'NONE',  ( 0.000000000000000000, 0.000000000000000000, -1.000000000000000000 ) ) ;
#3039 = VERTEX_POINT ( 'NONE', #3319 ) ;
#3040 = CYLINDRICAL_SURFACE ( 'NONE', #4449, 0.03600013749699115806 ) ;
#3041 = EDGE_CURVE ( 'NONE', #4931, #3759, #4104, .T. ) ;
#3042 = CARTESIAN_POINT ( 'NONE',  ( 38.79325008957410859, 38.78416607279378781, 20.67243509468759655 ) ) ;
#3043 = DIRECTION ( 'NONE',  ( -0.000000000000000000, -0.000000000000000000, -1.000000000000000000 ) ) ;
#3044 = CARTESIAN_POINT ( 'NONE',  ( 0.000000000000000000, 0.000000000000000000, 0.000000000000000000 ) ) ;
#3045 = CYLINDRICAL_SURFACE ( 'NONE', #2609, 0.03600013749699115806 ) ;
#3046 = ORIENTED_EDGE ( 'NONE', *, *, #4088, .T. ) ;
#3047 = CARTESIAN_POINT ( 'NONE',  ( 38.84765898759401637, 38.83857506877796339, 20.65843509468759720 ) ) ;
#3048 = AXIS2_PLACEMENT_3D ( 'NONE', #328, #2673, #1516 ) ;
#3049 = CYLINDRICAL_SURFACE ( 'NONE', #4149, 0.001006105236832866012 ) ;
#3050 = CARTESIAN_POINT ( 'NONE',  ( 38.77831718631536972, 38.81949962117706576, 20.67243509468759655 ) ) ;
#3051 = AXIS2_PLACEMENT_3D ( 'NONE', #5025, #4634, #1159 ) ;
#3052 = ORIENTED_EDGE ( 'NONE', *, *, #4183, .F. ) ;
#3053 = ORIENTED_EDGE ( 'NONE', *, *, #2218, .T. ) ;
#3054 = DIRECTION ( 'NONE',  ( -0.000000000000000000, -0.000000000000000000, -1.000000000000000000 ) ) ;
#3055 = EDGE_CURVE ( 'NONE', #2294, #817, #1006, .T. ) ;
#3056 = CIRCLE ( 'NONE', #2883, 0.03899994794847572166 ) ;
#3057 = CARTESIAN_POINT ( 'NONE',  ( 38.81807025743609785, 38.80825145975043000, 20.73450683188406174 ) ) ;
#3058 = ORIENTED_EDGE ( 'NONE', *, *, #1255, .F. ) ;
#3059 = VERTEX_POINT ( 'NONE', #1799 ) ;
#3060 = AXIS2_PLACEMENT_3D ( 'NONE', #1365, #3707, #4821 ) ;
#3061 = EDGE_CURVE ( 'NONE', #2215, #3815, #3484, .T. ) ;
#3062 = CARTESIAN_POINT ( 'NONE',  ( 38.84765898759401637, 38.83857506877796339, 20.67243509468759655 ) ) ;
#3063 = DIRECTION ( 'NONE',  ( -0.000000000000000000, 0.000000000000000000, -1.000000000000000000 ) ) ;
#3064 = AXIS2_PLACEMENT_3D ( 'NONE', #3120, #755, #835 ) ;
#3065 = DIRECTION ( 'NONE',  ( 0.4999999999999360512, -0.8660254037844755670, 0.000000000000000000 ) ) ;
#3066 = EDGE_CURVE ( 'NONE', #1912, #754, #4450, .T. ) ;
#3067 = DIRECTION ( 'NONE',  ( -1.000000000000000000, 0.000000000000000000, 0.000000000000000000 ) ) ;
#3068 = ORIENTED_EDGE ( 'NONE', *, *, #4148, .T. ) ;
#3069 = CARTESIAN_POINT ( 'NONE',  ( 38.85355538084494498, 38.81227801413211154, 20.67243509468759655 ) ) ;
#3070 = DIRECTION ( 'NONE',  ( -0.000000000000000000, -0.000000000000000000, 1.000000000000000000 ) ) ;
#3071 = DIRECTION ( 'NONE',  ( -0.000000000000000000, -0.000000000000000000, 1.000000000000000000 ) ) ;
#3072 = ORIENTED_EDGE ( 'NONE', *, *, #2331, .F. ) ;
#3073 = VERTEX_POINT ( 'NONE', #2202 ) ;
#3074 = VERTEX_POINT ( 'NONE', #1559 ) ;
#3075 = DIRECTION ( 'NONE',  ( -1.000000000000000000, 0.000000000000000000, 0.000000000000000000 ) ) ;
#3076 = CIRCLE ( 'NONE', #637, 0.03899994794847572166 ) ;
#3077 = FACE_OUTER_BOUND ( 'NONE', #3312, .T. ) ;
#3078 = VECTOR ( 'NONE', #16, 1.000000000000000000 ) ;
#3079 = CARTESIAN_POINT ( 'NONE',  ( 38.82218505403583464, 38.77861701532511063, 20.67243509468759655 ) ) ;
#3080 = EDGE_LOOP ( 'NONE', ( #1596, #2892, #467, #4035 ) ) ;
#3081 = AXIS2_PLACEMENT_3D ( 'NONE', #3893, #2336, #5022 ) ;
#3082 = ORIENTED_EDGE ( 'NONE', *, *, #874, .T. ) ;
#3083 = CARTESIAN_POINT ( 'NONE',  ( 38.81593628358015735, 38.81588881765458865, 20.74123509773935581 ) ) ;
#3084 = ORIENTED_EDGE ( 'NONE', *, *, #3125, .T. ) ;
#3085 = CARTESIAN_POINT ( 'NONE',  ( 38.79255412699787797, 38.79382915444659119, 20.67243509468759655 ) ) ;
#3086 = EDGE_CURVE ( 'NONE', #4346, #4817, #3492, .T. ) ;
#3087 = DIRECTION ( 'NONE',  ( -1.000000000000000000, 0.000000000000000000, 0.000000000000000000 ) ) ;
#3088 = DIRECTION ( 'NONE',  ( 0.000000000000000000, 0.000000000000000000, -1.000000000000000000 ) ) ;
#3089 = PRODUCT_CONTEXT ( 'NONE', #3456, 'mechanical' ) ;
#3090 = ORIENTED_EDGE ( 'NONE', *, *, #2071, .T. ) ;
#3091 = CIRCLE ( 'NONE', #2282, 0.02935410264610328890 ) ;
#3092 = CARTESIAN_POINT ( 'NONE',  ( 38.81593628358015735, 38.81588881765458865, 20.65843509468759720 ) ) ;
#3093 = EDGE_CURVE ( 'NONE', #2715, #4779, #2913, .T. ) ;
#3094 = ADVANCED_FACE ( 'NONE', ( #1180 ), #795, .F. ) ;
#3095 = VECTOR ( 'NONE', #2224, 1.000000000000000000 ) ;
#3096 = CARTESIAN_POINT ( 'NONE',  ( 38.81593628358015735, 38.81588881765458865, 20.68033509449686136 ) ) ;
#3097 = VERTEX_POINT ( 'NONE', #3042 ) ;
#3098 = CARTESIAN_POINT ( 'NONE',  ( 38.78380406465699082, 38.81682396168761784, 20.65843509468759720 ) ) ;
#3099 = DIRECTION ( 'NONE',  ( 0.5000000000001085798, 0.8660254037843760910, 0.000000000000000000 ) ) ;
#3100 = EDGE_CURVE ( 'NONE', #458, #2311, #4373, .T. ) ;
#3101 = EDGE_LOOP ( 'NONE', ( #2656, #808, #3102, #3405 ) ) ;
#3102 = ORIENTED_EDGE ( 'NONE', *, *, #4862, .F. ) ;
#3103 = CIRCLE ( 'NONE', #2938, 0.001006105236836115583 ) ;
#3104 = CARTESIAN_POINT ( 'NONE',  ( 38.83119253455294029, 38.78759392777065074, 20.65843509468759720 ) ) ;
#3105 = VECTOR ( 'NONE', #3023, 1.000000000000000000 ) ;
#3106 = AXIS2_PLACEMENT_3D ( 'NONE', #2381, #466, #2012 ) ;
#3107 = FACE_OUTER_BOUND ( 'NONE', #3691, .T. ) ;
#3108 = ORIENTED_EDGE ( 'NONE', *, *, #2932, .T. ) ;
#3109 = AXIS2_PLACEMENT_3D ( 'NONE', #100, #127, #3204 ) ;
#3110 = ORIENTED_EDGE ( 'NONE', *, *, #3516, .T. ) ;
#3111 = DIRECTION ( 'NONE',  ( 0.000000000000000000, 0.000000000000000000, -1.000000000000000000 ) ) ;
#3112 = FACE_OUTER_BOUND ( 'NONE', #908, .T. ) ;
#3113 = CARTESIAN_POINT ( 'NONE',  ( 38.81593628358015735, 38.81588881765458865, 20.67363509449686276 ) ) ;
#3114 = CARTESIAN_POINT ( 'NONE',  ( 38.83998377870193508, 38.78673487522026164, 20.67243509468759655 ) ) ;
#3115 = DIRECTION ( 'NONE',  ( -0.8660254037844614672, 0.4999999999999605871, 0.000000000000000000 ) ) ;
#3116 = ADVANCED_FACE ( 'NONE', ( #1534 ), #4632, .T. ) ;
#3117 = DIRECTION ( 'NONE',  ( -0.000000000000000000, 0.000000000000000000, 1.000000000000000000 ) ) ;
#3118 = ADVANCED_FACE ( 'NONE', ( #4561 ), #4585, .T. ) ;
#3119 = CARTESIAN_POINT ( 'NONE',  ( 38.77831718631536972, 38.81949962117706576, 20.67243509468759655 ) ) ;
#3120 = CARTESIAN_POINT ( 'NONE',  ( 38.83787287979109948, 38.84666250979208968, 20.67243509468759655 ) ) ;
#3121 = ORIENTED_EDGE ( 'NONE', *, *, #211, .F. ) ;
#3122 = ORIENTED_EDGE ( 'NONE', *, *, #544, .F. ) ;
#3123 = CYLINDRICAL_SURFACE ( 'NONE', #569, 0.03600013749699115806 ) ;
#3124 = CARTESIAN_POINT ( 'NONE',  ( 38.79968461283341696, 38.84403746383376443, 20.65843509468759720 ) ) ;
#3125 = EDGE_CURVE ( 'NONE', #3229, #618, #3409, .T. ) ;
#3126 = EDGE_CURVE ( 'NONE', #1250, #3073, #4856, .T. ) ;
#3127 = CARTESIAN_POINT ( 'NONE',  ( 38.81500113954712816, 38.78375659873142212, 20.67243509468759655 ) ) ;
#3128 = CIRCLE ( 'NONE', #1420, 0.02100000000000079581 ) ;
#3129 = DIRECTION ( 'NONE',  ( 0.000000000000000000, 0.000000000000000000, -1.000000000000000000 ) ) ;
#3130 = ORIENTED_EDGE ( 'NONE', *, *, #1377, .T. ) ;
#3131 = ORIENTED_EDGE ( 'NONE', *, *, #1402, .F. ) ;
#3132 = VECTOR ( 'NONE', #1055, 1.000000000000000000 ) ;
#3133 = ORIENTED_EDGE ( 'NONE', *, *, #1260, .F. ) ;
#3134 = CYLINDRICAL_SURFACE ( 'NONE', #4313, 0.001006105236832866012 ) ;
#3135 = ORIENTED_EDGE ( 'NONE', *, *, #4440, .T. ) ;
#3136 = DIRECTION ( 'NONE',  ( -0.000000000000000000, -0.000000000000000000, 1.000000000000000000 ) ) ;
#3137 = AXIS2_PLACEMENT_3D ( 'NONE', #2915, #2539, #4003 ) ;
#3138 = ORIENTED_EDGE ( 'NONE', *, *, #4208, .T. ) ;
#3139 = DIRECTION ( 'NONE',  ( 0.9999999999999944489, 1.051525562734134667E-07, 0.000000000000000000 ) ) ;
#3140 = CARTESIAN_POINT ( 'NONE',  ( 38.79325003245678261, 38.84761152166844766, 20.67243509468759655 ) ) ;
#3141 = VECTOR ( 'NONE', #1567, 1.000000000000000000 ) ;
#3142 = CARTESIAN_POINT ( 'NONE',  ( 38.79607246319250180, 38.85209544082381683, 20.67243509468759655 ) ) ;
#3143 = AXIS2_PLACEMENT_3D ( 'NONE', #3433, #4982, #1779 ) ;
#3144 = EDGE_CURVE ( 'NONE', #3218, #3445, #356, .T. ) ;
#3145 = CARTESIAN_POINT ( 'NONE',  ( 38.85558407444337092, 38.80433271098414139, 20.67243509468759655 ) ) ;
#3146 = CARTESIAN_POINT ( 'NONE',  ( 38.84733202980369526, 38.82430132042419757, 20.67243509468759655 ) ) ;
#3147 = AXIS2_PLACEMENT_3D ( 'NONE', #290, #1051, #1028 ) ;
#3148 = DIRECTION ( 'NONE',  ( 1.051525492790084248E-07, -0.9999999999999945599, -0.000000000000000000 ) ) ;
#3149 = ADVANCED_FACE ( 'NONE', ( #800 ), #2253, .T. ) ;
#3150 = VERTEX_POINT ( 'NONE', #4976 ) ;
#3151 = ORIENTED_EDGE ( 'NONE', *, *, #234, .F. ) ;
#3152 = CARTESIAN_POINT ( 'NONE',  ( 38.78778760076994558, 38.83214042495452389, 20.65843509468759720 ) ) ;
#3153 = CARTESIAN_POINT ( 'NONE',  ( 38.83206588950436355, 38.78038062489976312, 20.67243509468759655 ) ) ;
#3154 = EDGE_CURVE ( 'NONE', #775, #541, #3692, .T. ) ;
#3155 = VERTEX_POINT ( 'NONE', #2340 ) ;
#3156 = VECTOR ( 'NONE', #149, 1.000000000000000000 ) ;
#3157 = ORIENTED_EDGE ( 'NONE', *, *, #1138, .T. ) ;
#3158 = CARTESIAN_POINT ( 'NONE',  ( 38.84733204876530976, 38.80747638565070901, 20.67243509468759655 ) ) ;
#3159 = ORIENTED_EDGE ( 'NONE', *, *, #760, .T. ) ;
#3160 = CARTESIAN_POINT ( 'NONE',  ( 38.81593627949857250, 38.85470462166642136, 20.73523509773935558 ) ) ;
#3161 = AXIS2_PLACEMENT_3D ( 'NONE', #39, #1131, #1579 ) ;
#3162 = ORIENTED_EDGE ( 'NONE', *, *, #146, .T. ) ;
#3163 = CARTESIAN_POINT ( 'NONE',  ( 38.82243549974879215, 38.82828886890118980, 20.72923509773935535 ) ) ;
#3164 = CARTESIAN_POINT ( 'NONE',  ( 38.77464851793652656, 38.81678955616728643, 20.67243509468759655 ) ) ;
#3165 = DIRECTION ( 'NONE',  ( -0.000000000000000000, -0.000000000000000000, -1.000000000000000000 ) ) ;
#3166 = VERTEX_POINT ( 'NONE', #3894 ) ;
#3167 = CARTESIAN_POINT ( 'NONE',  ( 38.83161878463400996, 38.78150432199460340, 20.65843509468759720 ) ) ;
#3168 = AXIS2_PLACEMENT_3D ( 'NONE', #1906, #2302, #3520 ) ;
#3169 = DIRECTION ( 'NONE',  ( -0.000000000000000000, 0.000000000000000000, -1.000000000000000000 ) ) ;
#3170 = CARTESIAN_POINT ( 'NONE',  ( 38.83862247758620612, 38.84761156251538949, 20.65843509468759720 ) ) ;
#3171 = DIRECTION ( 'NONE',  ( 0.000000000000000000, -0.000000000000000000, -1.000000000000000000 ) ) ;
#3172 = CARTESIAN_POINT ( 'NONE',  ( 38.84670997571766549, 38.79395222144365363, 20.67243509468759655 ) ) ;
#3173 = AXIS2_PLACEMENT_3D ( 'NONE', #1680, #2734, #3598 ) ;
#3174 = ORIENTED_EDGE ( 'NONE', *, *, #874, .F. ) ;
#3175 = VERTEX_POINT ( 'NONE', #4999 ) ;
#3176 = CYLINDRICAL_SURFACE ( 'NONE', #4468, 0.03000003113258031817 ) ;
#3177 = ORIENTED_EDGE ( 'NONE', *, *, #4606, .F. ) ;
#3178 = DIRECTION ( 'NONE',  ( -0.000000000000000000, -0.000000000000000000, 1.000000000000000000 ) ) ;
#3179 = VECTOR ( 'NONE', #3256, 1.000000000000000000 ) ;
#3180 = ADVANCED_FACE ( 'NONE', ( #421 ), #3012, .F. ) ;
#3181 = DIRECTION ( 'NONE',  ( -0.000000000000000000, -0.000000000000000000, -1.000000000000000000 ) ) ;
#3182 = AXIS2_PLACEMENT_3D ( 'NONE', #727, #1442, #3781 ) ;
#3183 = CIRCLE ( 'NONE', #655, 0.02935410264610068681 ) ;
#3184 = ORIENTED_EDGE ( 'NONE', *, *, #3521, .F. ) ;
#3185 = AXIS2_PLACEMENT_3D ( 'NONE', #2052, #2081, #1292 ) ;
#3186 = ORIENTED_EDGE ( 'NONE', *, *, #4519, .F. ) ;
#3187 = DIRECTION ( 'NONE',  ( -0.9659258262892763680, -0.2588190451017443605, 0.000000000000000000 ) ) ;
#3188 = CARTESIAN_POINT ( 'NONE',  ( 38.79843628358015906, 38.81588881765458865, 20.67363509449686276 ) ) ;
#3189 = AXIS2_PLACEMENT_3D ( 'NONE', #4553, #4247, #1874 ) ;
#3190 = CARTESIAN_POINT ( 'NONE',  ( 38.79968467628022211, 38.78774013484437688, 20.67243509468759655 ) ) ;
#3191 = ADVANCED_FACE ( 'NONE', ( #4206 ), #2272, .F. ) ;
#3192 = VECTOR ( 'NONE', #2586, 1.000000000000000000 ) ;
#3193 = ORIENTED_EDGE ( 'NONE', *, *, #3984, .T. ) ;
#3194 = AXIS2_PLACEMENT_3D ( 'NONE', #2219, #2484, #2895 ) ;
#3195 = VECTOR ( 'NONE', #1748, 1.000000000000000000 ) ;
#3196 = CARTESIAN_POINT ( 'NONE',  ( 38.78764135706518346, 38.83114500518055934, 20.67243509468759655 ) ) ;
#3197 = EDGE_LOOP ( 'NONE', ( #3638, #4330, #3489, #148 ) ) ;
#3198 = LINE ( 'NONE', #1694, #1699 ) ;
#3199 = ADVANCED_FACE ( 'NONE', ( #4225, #2299 ), #3852, .F. ) ;
#3200 = ORIENTED_EDGE ( 'NONE', *, *, #473, .F. ) ;
#3201 = DIRECTION ( 'NONE',  ( 0.7071067811865475727, -0.7071067811865475727, 0.000000000000000000 ) ) ;
#3202 = CARTESIAN_POINT ( 'NONE',  ( 38.81807025582993020, 38.82352617600753319, 20.73596336359464942 ) ) ;
#3203 = ORIENTED_EDGE ( 'NONE', *, *, #826, .T. ) ;
#3204 = DIRECTION ( 'NONE',  ( -0.4999999999999605871, 0.8660254037844614672, 0.000000000000000000 ) ) ;
#3205 = CARTESIAN_POINT ( 'NONE',  ( 38.81593628358015735, 38.81588881765458865, 20.68033509449686136 ) ) ;
#3206 = ORIENTED_EDGE ( 'NONE', *, *, #3702, .F. ) ;
#3207 = EDGE_LOOP ( 'NONE', ( #2624, #333, #96, #282 ) ) ;
#3208 = DIRECTION ( 'NONE',  ( -0.000000000000000000, 0.000000000000000000, -1.000000000000000000 ) ) ;
#3209 = DIRECTION ( 'NONE',  ( 1.000000000000000000, 0.000000000000000000, 0.000000000000000000 ) ) ;
#3210 = ORIENTED_EDGE ( 'NONE', *, *, #912, .F. ) ;
#3211 = ORIENTED_EDGE ( 'NONE', *, *, #1724, .F. ) ;
#3212 = LINE ( 'NONE', #2821, #1003 ) ;
#3213 = DIRECTION ( 'NONE',  ( -1.000000000000000000, 0.000000000000000000, 0.000000000000000000 ) ) ;
#3214 = ORIENTED_EDGE ( 'NONE', *, *, #4022, .F. ) ;
#3215 = CIRCLE ( 'NONE', #1673, 0.01369291142362527580 ) ;
#3216 = EDGE_CURVE ( 'NONE', #3975, #3461, #1158, .T. ) ;
#3217 = DIRECTION ( 'NONE',  ( -1.000000000000000000, 0.000000000000000000, 0.000000000000000000 ) ) ;
#3218 = VERTEX_POINT ( 'NONE', #557 ) ;
#3219 = DIRECTION ( 'NONE',  ( 0.000000000000000000, 0.000000000000000000, -1.000000000000000000 ) ) ;
#3220 = CIRCLE ( 'NONE', #2565, 0.02935410264610073192 ) ;
#3221 = DIRECTION ( 'NONE',  ( 0.000000000000000000, 0.000000000000000000, -1.000000000000000000 ) ) ;
#3222 = ADVANCED_FACE ( 'NONE', ( #847 ), #2748, .T. ) ;
#3223 = ADVANCED_FACE ( 'NONE', ( #2385 ), #3943, .F. ) ;
#3224 = CIRCLE ( 'NONE', #2250, 0.02935410264610328890 ) ;
#3225 = CARTESIAN_POINT ( 'NONE',  ( 38.81817153303502721, 38.82349698434172325, 20.73553142862788690 ) ) ;
#3226 = DIRECTION ( 'NONE',  ( 0.000000000000000000, -1.000000000000000000, 0.000000000000000000 ) ) ;
#3227 = DIRECTION ( 'NONE',  ( -0.000000000000000000, -0.000000000000000000, -1.000000000000000000 ) ) ;
#3228 = VERTEX_POINT ( 'NONE', #4439 ) ;
#3229 = VERTEX_POINT ( 'NONE', #4323 ) ;
#3230 = CYLINDRICAL_SURFACE ( 'NONE', #353, 0.03899994794847572166 ) ;
#3231 = CYLINDRICAL_SURFACE ( 'NONE', #2423, 0.03899994794847572166 ) ;
#3232 = CYLINDRICAL_SURFACE ( 'NONE', #1589, 0.02935410264610283093 ) ;
#3233 = LINE ( 'NONE', #2086, #3179 ) ;
#3234 = ORIENTED_EDGE ( 'NONE', *, *, #1658, .F. ) ;
#3235 = ORIENTED_EDGE ( 'NONE', *, *, #4047, .T. ) ;
#3236 = FACE_OUTER_BOUND ( 'NONE', #2954, .T. ) ;
#3237 = DIRECTION ( 'NONE',  ( 0.000000000000000000, -0.000000000000000000, -1.000000000000000000 ) ) ;
#3238 = CARTESIAN_POINT ( 'NONE',  ( 38.81593628358015735, 38.81588881765458865, 20.67363509449686276 ) ) ;
#3239 = VERTEX_POINT ( 'NONE', #3260 ) ;
#3240 = EDGE_LOOP ( 'NONE', ( #3307, #4867, #2239, #3649 ) ) ;
#3241 = CYLINDRICAL_SURFACE ( 'NONE', #4068, 0.001006105236832866012 ) ;
#3242 = ORIENTED_EDGE ( 'NONE', *, *, #699, .F. ) ;
#3243 = CYLINDRICAL_SURFACE ( 'NONE', #4210, 0.03899994794847572166 ) ;
#3244 = EDGE_CURVE ( 'NONE', #4096, #4307, #446, .T. ) ;
#3245 = DIRECTION ( 'NONE',  ( -0.000000000000000000, -0.000000000000000000, -1.000000000000000000 ) ) ;
#3246 = DIRECTION ( 'NONE',  ( 0.000000000000000000, -0.000000000000000000, -1.000000000000000000 ) ) ;
#3247 = ADVANCED_FACE ( 'NONE', ( #212, #4093 ), #1709, .F. ) ;
#3248 = EDGE_CURVE ( 'NONE', #2766, #941, #189, .T. ) ;
#3249 = ORIENTED_EDGE ( 'NONE', *, *, #1312, .T. ) ;
#3250 = ORIENTED_EDGE ( 'NONE', *, *, #3957, .F. ) ;
#3251 = DIRECTION ( 'NONE',  ( -0.000000000000000000, -0.000000000000000000, 1.000000000000000000 ) ) ;
#3252 = CYLINDRICAL_SURFACE ( 'NONE', #1819, 0.03600013749699115806 ) ;
#3253 = VECTOR ( 'NONE', #193, 1.000000000000000000 ) ;
#3254 = EDGE_CURVE ( 'NONE', #2692, #1623, #2482, .T. ) ;
#3255 = CARTESIAN_POINT ( 'NONE',  ( 38.79387667217626046, 38.79250660926820160, 20.67243509468759655 ) ) ;
#3256 = DIRECTION ( 'NONE',  ( 1.051525492790084248E-07, -0.9999999999999945599, -0.000000000000000000 ) ) ;
#3257 = ORIENTED_EDGE ( 'NONE', *, *, #4895, .F. ) ;
#3258 = VERTEX_POINT ( 'NONE', #2894 ) ;
#3259 = VECTOR ( 'NONE', #404, 1.000000000000000000 ) ;
#3260 = CARTESIAN_POINT ( 'NONE',  ( 38.83118184909007198, 38.78774017147541286, 20.65843509468759720 ) ) ;
#3261 = CARTESIAN_POINT ( 'NONE',  ( 38.83791349256297565, 38.79290555523903805, 20.67243509468759655 ) ) ;
#3262 = DIRECTION ( 'NONE',  ( -0.000000000000000000, -0.000000000000000000, 1.000000000000000000 ) ) ;
#3263 = EDGE_LOOP ( 'NONE', ( #3303, #2577, #3648, #974, #1511, #391, #1334, #4371, #1882, #462, #317, #2000, #3604, #1691, #4852, #2267 ) ) ;
#3264 = AXIS2_PLACEMENT_3D ( 'NONE', #4847, #1570, #50 ) ;
#3265 = CIRCLE ( 'NONE', #1634, 0.01369291142362527580 ) ;
#3266 = CARTESIAN_POINT ( 'NONE',  ( 38.81593628358015735, 38.81588881765458865, 20.68033509449686136 ) ) ;
#3267 = ORIENTED_EDGE ( 'NONE', *, *, #1671, .F. ) ;
#3268 = ORIENTED_EDGE ( 'NONE', *, *, #2257, .F. ) ;
#3269 = AXIS2_PLACEMENT_3D ( 'NONE', #2625, #2246, #3798 ) ;
#3270 = CARTESIAN_POINT ( 'NONE',  ( 38.80800661522671646, 38.81588881765458865, 20.73923509773934981 ) ) ;
#3271 = AXIS2_PLACEMENT_3D ( 'NONE', #4459, #1755, #3304 ) ;
#3272 = ORIENTED_EDGE ( 'NONE', *, *, #1260, .T. ) ;
#3273 = FACE_OUTER_BOUND ( 'NONE', #4781, .T. ) ;
#3274 = CIRCLE ( 'NONE', #909, 0.03600013749698809801 ) ;
#3275 = EDGE_CURVE ( 'NONE', #3155, #925, #4295, .T. ) ;
#3276 = CARTESIAN_POINT ( 'NONE',  ( 38.81380200531933866, 38.82352608835254415, 20.73596237573799428 ) ) ;
#3277 = CIRCLE ( 'NONE', #1735, 0.001006105236833839843 ) ;
#3278 = CARTESIAN_POINT ( 'NONE',  ( 38.81563843408448378, 38.80796343034102591, 20.73747013518827487 ) ) ;
#3279 = FACE_OUTER_BOUND ( 'NONE', #3562, .T. ) ;
#3280 = ORIENTED_EDGE ( 'NONE', *, *, #1050, .T. ) ;
#3281 = ORIENTED_EDGE ( 'NONE', *, *, #2430, .F. ) ;
#3282 = DIRECTION ( 'NONE',  ( -0.9659258262892763680, 0.2588190451017443605, 0.000000000000000000 ) ) ;
#3283 = ADVANCED_FACE ( 'NONE', ( #969 ), #1231, .T. ) ;
#3284 = FACE_OUTER_BOUND ( 'NONE', #2263, .T. ) ;
#3285 = ORIENTED_EDGE ( 'NONE', *, *, #241, .F. ) ;
#3286 = ORIENTED_EDGE ( 'NONE', *, *, #1629, .F. ) ;
#3287 = EDGE_CURVE ( 'NONE', #4758, #1728, #1747, .T. ) ;
#3288 = CARTESIAN_POINT ( 'NONE',  ( 38.81456319241146957, 38.82369966650939830, 20.73344667804156671 ) ) ;
#3289 = DIRECTION ( 'NONE',  ( 0.9659258262890654256, -0.2588190451025316197, 0.000000000000000000 ) ) ;
#3290 = DIRECTION ( 'NONE',  ( 0.7071067811829166994, 0.7071067811901784461, 0.000000000000000000 ) ) ;
#3291 = ORIENTED_EDGE ( 'NONE', *, *, #1282, .F. ) ;
#3292 = CYLINDRICAL_SURFACE ( 'NONE', #3824, 0.01509999999999678266 ) ;
#3293 = VERTEX_POINT ( 'NONE', #2217 ) ;
#3294 = LINE ( 'NONE', #4480, #1310 ) ;
#3295 = ORIENTED_EDGE ( 'NONE', *, *, #1385, .F. ) ;
#3296 = CARTESIAN_POINT ( 'NONE',  ( 38.81593628358015735, 38.81588881765458865, 20.66543509468759865 ) ) ;
#3297 = CIRCLE ( 'NONE', #2880, 0.001006105236834714794 ) ;
#3298 = CARTESIAN_POINT ( 'NONE',  ( 38.84843956162684009, 38.81588885428562463, 20.65843509468759720 ) ) ;
#3299 = LINE ( 'NONE', #1464, #4189 ) ;
#3300 = CARTESIAN_POINT ( 'NONE',  ( 38.81788774785647433, 38.80820256312673422, 20.73636465476722890 ) ) ;
#3301 = EDGE_CURVE ( 'NONE', #814, #2294, #656, .T. ) ;
#3302 = AXIS2_PLACEMENT_3D ( 'NONE', #4929, #366, #709 ) ;
#3303 = ORIENTED_EDGE ( 'NONE', *, *, #1452, .F. ) ;
#3304 = DIRECTION ( 'NONE',  ( -1.000000000000000000, 0.000000000000000000, 0.000000000000000000 ) ) ;
#3305 = DIRECTION ( 'NONE',  ( -0.000000000000000000, -0.000000000000000000, 1.000000000000000000 ) ) ;
#3306 = ADVANCED_FACE ( 'NONE', ( #1893 ), #4547, .T. ) ;
#3307 = ORIENTED_EDGE ( 'NONE', *, *, #2811, .T. ) ;
#3308 = ORIENTED_EDGE ( 'NONE', *, *, #513, .F. ) ;
#3309 = CARTESIAN_POINT ( 'NONE',  ( 38.81652043484461956, 38.82379827028363195, 20.73305723953555457 ) ) ;
#3310 = DIRECTION ( 'NONE',  ( -0.000000000000000000, -0.000000000000000000, -1.000000000000000000 ) ) ;
#3311 = CARTESIAN_POINT ( 'NONE',  ( 38.81593628358015735, 38.81588881765458865, 20.72923509773935535 ) ) ;
#3312 = EDGE_LOOP ( 'NONE', ( #3915, #1918, #144, #2434, #2134, #2013, #2426, #2667, #1546, #3954, #2397, #260, #3174, #2379, #2935, #972, #4055, #3008, #1018, #670, #2435, #3710, #1785, #3234, #4807, #4041, #933, #907, #2051, #1431, #3640, #2983, #2990, #1151, #288, #4091, #4142, #1707, #2517, #1125, #4176, #2270, #1010, #254, #3485, #4194, #3272, #616, #4135, #1976, #4092, #2918, #870, #1777, #1204, #3849, #4244, #3552, #2775, #3580, #2163, #2825, #2732, #2902, #1872, #3286, #2462, #2065, #3406, #3138, #1792, #4071, #837, #4790, #4117, #1463, #3722, #3854, #3918, #3511, #3177, #1693, #3985, #4444, #2284, #2001, #2819, #3210, #1677, #1177, #86, #4098, #640, #961, #2363, #3186, #4414, #409, #4744, #3280, #3006, #4981, #4799, #1518, #3506, #3058 ) ) ;
#3313 = EDGE_CURVE ( 'NONE', #1650, #2669, #2971, .T. ) ;
#3314 = CARTESIAN_POINT ( 'NONE',  ( 38.79493628358015656, 38.81588881765458865, 20.66543509468759865 ) ) ;
#3315 = ORIENTED_EDGE ( 'NONE', *, *, #2731, .F. ) ;
#3316 = CARTESIAN_POINT ( 'NONE',  ( 38.82377096779371328, 38.82711884644035649, 20.64075716427210239 ) ) ;
#3317 = ORIENTED_EDGE ( 'NONE', *, *, #2345, .F. ) ;
#3318 = DIRECTION ( 'NONE',  ( 0.000000000000000000, 0.000000000000000000, -1.000000000000000000 ) ) ;
#3319 = CARTESIAN_POINT ( 'NONE',  ( 38.85475207669458086, 38.81967433543713497, 20.65843509468759720 ) ) ;
#3320 = DIRECTION ( 'NONE',  ( -1.000000000000000000, 0.000000000000000000, 0.000000000000000000 ) ) ;
#3321 = CARTESIAN_POINT ( 'NONE',  ( 38.82916059078787185, 38.85129153054458584, 20.67243509468759655 ) ) ;
#3322 = CIRCLE ( 'NONE', #2668, 0.03600013749698843801 ) ;
#3323 = CARTESIAN_POINT ( 'NONE',  ( 38.83161878463400996, 38.78150432199460340, 20.67243509468759655 ) ) ;
#3324 = ORIENTED_EDGE ( 'NONE', *, *, #429, .T. ) ;
#3325 = LINE ( 'NONE', #1416, #4075 ) ;
#3326 = AXIS2_PLACEMENT_3D ( 'NONE', #984, #4130, #643 ) ;
#3327 = DIRECTION ( 'NONE',  ( -1.000000000000000000, 0.000000000000000000, 0.000000000000000000 ) ) ;
#3328 = DIRECTION ( 'NONE',  ( -0.000000000000000000, -0.000000000000000000, -1.000000000000000000 ) ) ;
#3329 = ORIENTED_EDGE ( 'NONE', *, *, #124, .F. ) ;
#3330 = ORIENTED_EDGE ( 'NONE', *, *, #2099, .F. ) ;
#3331 = FACE_BOUND ( 'NONE', #3596, .T. ) ;
#3332 = ADVANCED_FACE ( 'NONE', ( #4597 ), #4525, .T. ) ;
#3333 = CARTESIAN_POINT ( 'NONE',  ( 38.78042809082533893, 38.79975921173038245, 20.67243509468759655 ) ) ;
#3334 = DIRECTION ( 'NONE',  ( -1.000000000000000000, 0.000000000000000000, 0.000000000000000000 ) ) ;
#3335 = CIRCLE ( 'NONE', #4226, 0.02935410264609947945 ) ;
#3336 = DIRECTION ( 'NONE',  ( -0.000000000000000000, -0.000000000000000000, -1.000000000000000000 ) ) ;
#3337 = EDGE_LOOP ( 'NONE', ( #2306, #1523, #3711, #2411 ) ) ;
#3338 = ORIENTED_EDGE ( 'NONE', *, *, #3066, .T. ) ;
#3339 = EDGE_CURVE ( 'NONE', #1305, #836, #319, .T. ) ;
#3340 = FACE_OUTER_BOUND ( 'NONE', #3197, .T. ) ;
#3341 = EDGE_LOOP ( 'NONE', ( #78, #1930, #1278, #4846 ) ) ;
#3342 = AXIS2_PLACEMENT_3D ( 'NONE', #1333, #2368, #4074 ) ;
#3343 = AXIS2_PLACEMENT_3D ( 'NONE', #2431, #3986, #2010 ) ;
#3344 = CARTESIAN_POINT ( 'NONE',  ( 38.82515606433740629, 38.78509352958800349, 20.65843509468759720 ) ) ;
#3345 = VERTEX_POINT ( 'NONE', #4987 ) ;
#3346 = EDGE_CURVE ( 'NONE', #2378, #3800, #4512, .T. ) ;
#3347 = EDGE_CURVE ( 'NONE', #3218, #2119, #4031, .T. ) ;
#3348 = LINE ( 'NONE', #227, #90 ) ;
#3349 = AXIS2_PLACEMENT_3D ( 'NONE', #2359, #465, #162 ) ;
#3350 = ORIENTED_EDGE ( 'NONE', *, *, #730, .F. ) ;
#3351 = DIRECTION ( 'NONE',  ( 0.000000000000000000, 0.000000000000000000, -1.000000000000000000 ) ) ;
#3352 = AXIS2_PLACEMENT_3D ( 'NONE', #4716, #1188, #291 ) ;
#3353 = CYLINDRICAL_SURFACE ( 'NONE', #4665, 0.002249999999996544695 ) ;
#3354 = CARTESIAN_POINT ( 'NONE',  ( 38.83118184909007198, 38.78774017147541286, 20.67243509468759655 ) ) ;
#3355 = DIRECTION ( 'NONE',  ( -1.000000000000000000, 0.000000000000000000, 0.000000000000000000 ) ) ;
#3356 = ORIENTED_EDGE ( 'NONE', *, *, #387, .T. ) ;
#3357 = ORIENTED_EDGE ( 'NONE', *, *, #3956, .F. ) ;
#3358 = CARTESIAN_POINT ( 'NONE',  ( 38.84605991480371046, 38.84065901712676094, 20.67243509468759655 ) ) ;
#3359 = DIRECTION ( 'NONE',  ( -1.000000000000000000, 0.000000000000000000, 0.000000000000000000 ) ) ;
#3360 = FACE_OUTER_BOUND ( 'NONE', #710, .T. ) ;
#3361 = CARTESIAN_POINT ( 'NONE',  ( 38.85144447633498288, 38.83201842357878775, 20.67243509468759655 ) ) ;
#3362 = CARTESIAN_POINT ( 'NONE',  ( 38.82957911590063560, 38.81471879648790946, 20.74123509773935581 ) ) ;
#3363 = EDGE_CURVE ( 'NONE', #4854, #1937, #2486, .T. ) ;
#3364 = CARTESIAN_POINT ( 'NONE',  ( 38.81375915800227716, 38.80826381403499425, 20.73464812930670931 ) ) ;
#3365 = ORIENTED_EDGE ( 'NONE', *, *, #1826, .F. ) ;
#3366 = CARTESIAN_POINT ( 'NONE',  ( 38.83891959779980851, 38.79290555523903805, 20.65843509468759720 ) ) ;
#3367 = ORIENTED_EDGE ( 'NONE', *, *, #2194, .T. ) ;
#3368 = CARTESIAN_POINT ( 'NONE',  ( 38.83206582557120612, 38.85139703945099399, 20.65843509468759720 ) ) ;
#3369 = EDGE_CURVE ( 'NONE', #4015, #210, #3397, .T. ) ;
#3370 = DIRECTION ( 'NONE',  ( 0.000000000000000000, -0.000000000000000000, -1.000000000000000000 ) ) ;
#3371 = CARTESIAN_POINT ( 'NONE',  ( 38.81593632021119333, 38.78338553960790591, 20.67243509468759655 ) ) ;
#3372 = ORIENTED_EDGE ( 'NONE', *, *, #3729, .F. ) ;
#3373 = CARTESIAN_POINT ( 'NONE',  ( 38.77746334244534410, 38.82227855477132294, 20.67243509468759655 ) ) ;
#3374 = CARTESIAN_POINT ( 'NONE',  ( 38.81593628358015735, 38.81588881765458865, 20.67243509468759655 ) ) ;
#3375 = VERTEX_POINT ( 'NONE', #3816 ) ;
#3376 = EDGE_CURVE ( 'NONE', #644, #471, #3865, .T. ) ;
#3377 = EDGE_CURVE ( 'NONE', #4076, #3018, #341, .T. ) ;
#3378 = ORIENTED_EDGE ( 'NONE', *, *, #1759, .T. ) ;
#3379 = DIRECTION ( 'NONE',  ( -1.000000000000000000, 0.000000000000000000, 0.000000000000000000 ) ) ;
#3380 = AXIS2_PLACEMENT_3D ( 'NONE', #42, #1584, #3453 ) ;
#3381 = LINE ( 'NONE', #4927, #3778 ) ;
#3382 = AXIS2_PLACEMENT_3D ( 'NONE', #3791, #1869, #2264 ) ;
#3383 = FACE_OUTER_BOUND ( 'NONE', #3669, .T. ) ;
#3384 = AXIS2_PLACEMENT_3D ( 'NONE', #315, #3328, #1024 ) ;
#3385 = ORIENTED_EDGE ( 'NONE', *, *, #49, .T. ) ;
#3386 = ORIENTED_EDGE ( 'NONE', *, *, #303, .T. ) ;
#3387 = CARTESIAN_POINT ( 'NONE',  ( 38.83891954599570795, 38.83887213187423981, 20.65843509468759720 ) ) ;
#3388 = AXIS2_PLACEMENT_3D ( 'NONE', #3050, #4167, #3411 ) ;
#3389 = VECTOR ( 'NONE', #3245, 1.000000000000000000 ) ;
#3390 = SURFACE_STYLE_FILL_AREA ( #1950 ) ;
#3391 = ORIENTED_EDGE ( 'NONE', *, *, #567, .T. ) ;
#3392 = DIRECTION ( 'NONE',  ( -0.000000000000000000, 0.000000000000000000, 1.000000000000000000 ) ) ;
#3393 = CARTESIAN_POINT ( 'NONE',  ( 38.81391467004193174, 38.80822095445090980, 20.73423652425890396 ) ) ;
#3394 = ORIENTED_EDGE ( 'NONE', *, *, #2421, .F. ) ;
#3395 = DIRECTION ( 'NONE',  ( -0.8660253512081603766, -0.5000000910647741659, 0.000000000000000000 ) ) ;
#3396 = CARTESIAN_POINT ( 'NONE',  ( 38.81593628358015735, 38.81588881765458865, 20.66573509468759795 ) ) ;
#3397 = CIRCLE ( 'NONE', #4687, 0.01369291142362527580 ) ;
#3398 = EDGE_LOOP ( 'NONE', ( #1714, #4596, #2768, #4072 ) ) ;
#3399 = CARTESIAN_POINT ( 'NONE',  ( 38.80271197637244995, 38.78048610476458435, 20.65843509468759720 ) ) ;
#3400 = DIRECTION ( 'NONE',  ( 0.000000000000000000, -0.000000000000000000, -1.000000000000000000 ) ) ;
#3401 = ORIENTED_EDGE ( 'NONE', *, *, #211, .T. ) ;
#3402 = DIRECTION ( 'NONE',  ( -0.000000000000000000, -0.000000000000000000, 1.000000000000000000 ) ) ;
#3403 = DIRECTION ( 'NONE',  ( -0.9659258262892763680, -0.2588190451017443605, 0.000000000000000000 ) ) ;
#3404 = EDGE_CURVE ( 'NONE', #5027, #1153, #1429, .T. ) ;
#3405 = ORIENTED_EDGE ( 'NONE', *, *, #3744, .T. ) ;
#3406 = ORIENTED_EDGE ( 'NONE', *, *, #542, .F. ) ;
#3407 = CARTESIAN_POINT ( 'NONE',  ( 38.79325003245678261, 38.84761152166844766, 20.67243509468759655 ) ) ;
#3408 = DIRECTION ( 'NONE',  ( -0.000000000000000000, -0.000000000000000000, -1.000000000000000000 ) ) ;
#3409 = CIRCLE ( 'NONE', #4367, 0.03000003113258031817 ) ;
#3410 = EDGE_CURVE ( 'NONE', #4993, #3175, #930, .T. ) ;
#3411 = DIRECTION ( 'NONE',  ( -1.000000000000000000, 0.000000000000000000, 0.000000000000000000 ) ) ;
#3412 = ORIENTED_EDGE ( 'NONE', *, *, #3497, .T. ) ;
#3413 = ORIENTED_EDGE ( 'NONE', *, *, #343, .F. ) ;
#3414 = DIRECTION ( 'NONE',  ( 0.000000000000000000, -0.000000000000000000, 1.000000000000000000 ) ) ;
#3415 = ADVANCED_FACE ( 'NONE', ( #3331, #2663 ), #4217, .T. ) ;
#3416 = VERTEX_POINT ( 'NONE', #1397 ) ;
#3417 = DIRECTION ( 'NONE',  ( -1.000000000000000000, 0.000000000000000000, 0.000000000000000000 ) ) ;
#3418 = AXIS2_PLACEMENT_3D ( 'NONE', #4082, #3751, #4162 ) ;
#3419 = CARTESIAN_POINT ( 'NONE',  ( 38.81593628358015735, 38.81588881765458865, 20.67243509468759655 ) ) ;
#3420 = VERTEX_POINT ( 'NONE', #261 ) ;
#3421 = ORIENTED_EDGE ( 'NONE', *, *, #1861, .F. ) ;
#3422 = DIRECTION ( 'NONE',  ( -0.000000000000000000, -0.000000000000000000, -1.000000000000000000 ) ) ;
#3423 = DIRECTION ( 'NONE',  ( -0.000000000000000000, -0.000000000000000000, -1.000000000000000000 ) ) ;
#3424 = CIRCLE ( 'NONE', #2844, 0.02935410264609947945 ) ;
#3425 = DIRECTION ( 'NONE',  ( 0.000000000000000000, 0.000000000000000000, -1.000000000000000000 ) ) ;
#3426 = DIRECTION ( 'NONE',  ( 1.000000000000000000, 0.000000000000000000, 0.000000000000000000 ) ) ;
#3427 = VECTOR ( 'NONE', #4017, 1.000000000000000000 ) ;
#3428 = CIRCLE ( 'NONE', #1233, 0.02935410264609947945 ) ;
#3429 = CIRCLE ( 'NONE', #746, 0.02935410264610328890 ) ;
#3430 = ORIENTED_EDGE ( 'NONE', *, *, #2165, .F. ) ;
#3431 = ADVANCED_FACE ( 'NONE', ( #4120 ), #631, .F. ) ;
#3432 = FACE_OUTER_BOUND ( 'NONE', #2940, .T. ) ;
#3433 = CARTESIAN_POINT ( 'NONE',  ( 38.82916059078787185, 38.85129153054458584, 20.65843509468759720 ) ) ;
#3434 = CIRCLE ( 'NONE', #1897, 0.001006105236836115583 ) ;
#3435 = CYLINDRICAL_SURFACE ( 'NONE', #3384, 0.03600013749699115806 ) ;
#3436 = AXIS2_PLACEMENT_3D ( 'NONE', #190, #2980, #1815 ) ;
#3437 = EDGE_CURVE ( 'NONE', #393, #510, #1663, .T. ) ;
#3438 = ORIENTED_EDGE ( 'NONE', *, *, #3542, .T. ) ;
#3439 = VERTEX_POINT ( 'NONE', #3844 ) ;
#3440 = AXIS2_PLACEMENT_3D ( 'NONE', #4050, #3400, #3721 ) ;
#3441 = CARTESIAN_POINT ( 'NONE',  ( 38.81817153535826037, 38.82349698424895479, 20.73493853780555440 ) ) ;
#3442 = DIRECTION ( 'NONE',  ( 0.000000000000000000, 0.000000000000000000, -1.000000000000000000 ) ) ;
#3443 = ADVANCED_FACE ( 'NONE', ( #5012 ), #4623, .T. ) ;
#3444 = CARTESIAN_POINT ( 'NONE',  ( 38.81763015596559541, 38.80814146080349758, 20.73374694458117773 ) ) ;
#3445 = VERTEX_POINT ( 'NONE', #1169 ) ;
#3446 = EDGE_CURVE ( 'NONE', #2080, #1216, #4662, .T. ) ;
#3447 = FACE_OUTER_BOUND ( 'NONE', #440, .T. ) ;
#3448 = VERTEX_POINT ( 'NONE', #3104 ) ;
#3449 = VERTEX_POINT ( 'NONE', #2709 ) ;
#3450 = DIRECTION ( 'NONE',  ( -0.000000000000000000, 0.000000000000000000, -1.000000000000000000 ) ) ;
#3451 = CARTESIAN_POINT ( 'NONE',  ( 38.85605033100685546, 38.82570483114074023, 20.67243509468759655 ) ) ;
#3452 = CARTESIAN_POINT ( 'NONE',  ( 38.80600661522671402, 38.81588881765458865, 20.74123509773935581 ) ) ;
#3453 = DIRECTION ( 'NONE',  ( 0.7071067811865474617, 0.7071067811865474617, 0.000000000000000000 ) ) ;
#3454 = CARTESIAN_POINT ( 'NONE',  ( 38.77866448125067933, 38.80964004719891136, 20.67243509468759655 ) ) ;
#3455 = ORIENTED_EDGE ( 'NONE', *, *, #2496, .T. ) ;
#3456 = APPLICATION_CONTEXT ( 'automotive_design' ) ;
#3457 = DIRECTION ( 'NONE',  ( 0.7071067811865474617, -0.7071067811865474617, 0.000000000000000000 ) ) ;
#3458 = VECTOR ( 'NONE', #4709, 1.000000000000000000 ) ;
#3459 = DIRECTION ( 'NONE',  ( -0.000000000000000000, 0.000000000000000000, -1.000000000000000000 ) ) ;
#3460 = VECTOR ( 'NONE', #4864, 1.000000000000000000 ) ;
#3461 = VERTEX_POINT ( 'NONE', #2351 ) ;
#3462 = VERTEX_POINT ( 'NONE', #55 ) ;
#3463 = CARTESIAN_POINT ( 'NONE',  ( 38.80025378252630475, 38.85027331331457390, 20.65843509468759720 ) ) ;
#3464 = EDGE_CURVE ( 'NONE', #2756, #1502, #293, .T. ) ;
#3465 = CARTESIAN_POINT ( 'NONE',  ( 38.81818628437969920, 38.80828505959705410, 20.73508560176722071 ) ) ;
#3466 = VERTEX_POINT ( 'NONE', #437 ) ;
#3467 = ORIENTED_EDGE ( 'NONE', *, *, #4515, .F. ) ;
#3468 = DIRECTION ( 'NONE',  ( 0.000000000000000000, -0.000000000000000000, -1.000000000000000000 ) ) ;
#3469 = EDGE_LOOP ( 'NONE', ( #1194, #2981, #5021, #942 ) ) ;
#3470 = ORIENTED_EDGE ( 'NONE', *, *, #1997, .F. ) ;
#3471 = FACE_OUTER_BOUND ( 'NONE', #1090, .T. ) ;
#3472 = ADVANCED_FACE ( 'NONE', ( #4651, #3910 ), #4673, .T. ) ;
#3473 = CARTESIAN_POINT ( 'NONE',  ( 38.85032077924014260, 38.83157131870844125, 20.67243509468759655 ) ) ;
#3474 = CARTESIAN_POINT ( 'NONE',  ( 38.81500106628506330, 38.84802103657775518, 20.67243509468759655 ) ) ;
#3475 = ORIENTED_EDGE ( 'NONE', *, *, #1320, .T. ) ;
#3476 = DIRECTION ( 'NONE',  ( -0.000000000000000000, 0.000000000000000000, -1.000000000000000000 ) ) ;
#3477 = EDGE_CURVE ( 'NONE', #582, #4013, #769, .T. ) ;
#3478 = CYLINDRICAL_SURFACE ( 'NONE', #2518, 0.03899994794847572166 ) ;
#3479 = CYLINDRICAL_SURFACE ( 'NONE', #1190, 0.02935410264610283093 ) ;
#3480 = EDGE_LOOP ( 'NONE', ( #1085, #373, #92, #163 ) ) ;
#3481 = ORIENTED_EDGE ( 'NONE', *, *, #1666, .F. ) ;
#3482 = LINE ( 'NONE', #4283, #1428 ) ;
#3483 = CARTESIAN_POINT ( 'NONE',  ( 38.81593628358015735, 38.81588881765458865, 20.67243509468759655 ) ) ;
#3484 = CIRCLE ( 'NONE', #4950, 0.03899994794847572166 ) ;
#3485 = ORIENTED_EDGE ( 'NONE', *, *, #693, .F. ) ;
#3486 = ORIENTED_EDGE ( 'NONE', *, *, #1023, .T. ) ;
#3487 = EDGE_CURVE ( 'NONE', #4993, #2640, #1176, .T. ) ;
#3488 = DIRECTION ( 'NONE',  ( -0.7071067811865474617, 0.7071067811865474617, 0.000000000000000000 ) ) ;
#3489 = ORIENTED_EDGE ( 'NONE', *, *, #3678, .T. ) ;
#3490 = DIRECTION ( 'NONE',  ( -1.000000000000000000, 0.000000000000000000, 0.000000000000000000 ) ) ;
#3491 = ADVANCED_FACE ( 'NONE', ( #3550 ), #2002, .T. ) ;
#3492 = LINE ( 'NONE', #3874, #1294 ) ;
#3493 = CARTESIAN_POINT ( 'NONE',  ( 38.84632594352847690, 38.80747638565070901, 20.65843509468759720 ) ) ;
#3494 = VERTEX_POINT ( 'NONE', #2330 ) ;
#3495 = VECTOR ( 'NONE', #1270, 1.000000000000000000 ) ;
#3496 = CARTESIAN_POINT ( 'NONE',  ( 38.81368628227625805, 38.82828886798118617, 20.73523509773935558 ) ) ;
#3497 = EDGE_CURVE ( 'NONE', #4896, #3505, #4724, .T. ) ;
#3498 = DIRECTION ( 'NONE',  ( -1.000000000000000000, 0.000000000000000000, 0.000000000000000000 ) ) ;
#3499 = DIRECTION ( 'NONE',  ( 0.000000000000000000, -0.000000000000000000, 1.000000000000000000 ) ) ;
#3500 = DIRECTION ( 'NONE',  ( -0.000000000000000000, -0.000000000000000000, -1.000000000000000000 ) ) ;
#3501 = CIRCLE ( 'NONE', #3576, 0.03600013749699346177 ) ;
#3502 = AXIS2_PLACEMENT_3D ( 'NONE', #3167, #3828, #5004 ) ;
#3503 = CIRCLE ( 'NONE', #1809, 0.01369291142362527580 ) ;
#3504 = DIRECTION ( 'NONE',  ( -0.000000000000000000, 0.000000000000000000, 1.000000000000000000 ) ) ;
#3505 = VERTEX_POINT ( 'NONE', #1956 ) ;
#3506 = ORIENTED_EDGE ( 'NONE', *, *, #2873, .F. ) ;
#3507 = CIRCLE ( 'NONE', #664, 0.001006105236836115583 ) ;
#3508 = DIRECTION ( 'NONE',  ( -1.000000000000000000, 0.000000000000000000, 0.000000000000000000 ) ) ;
#3509 = CARTESIAN_POINT ( 'NONE',  ( 38.78581265235660425, 38.79111861818241636, 20.65843509468759720 ) ) ;
#3510 = VECTOR ( 'NONE', #805, 1.000000000000000000 ) ;
#3511 = ORIENTED_EDGE ( 'NONE', *, *, #1942, .T. ) ;
#3512 = ORIENTED_EDGE ( 'NONE', *, *, #3125, .F. ) ;
#3513 = VECTOR ( 'NONE', #4454, 1.000000000000000000 ) ;
#3514 = DIRECTION ( 'NONE',  ( 0.000000000000000000, 0.000000000000000000, -1.000000000000000000 ) ) ;
#3515 = FACE_OUTER_BOUND ( 'NONE', #1072, .T. ) ;
#3516 = EDGE_CURVE ( 'NONE', #3345, #2743, #8, .T. ) ;
#3517 = CARTESIAN_POINT ( 'NONE',  ( 38.84632594352847690, 38.80747638565070901, 20.67243509468759655 ) ) ;
#3518 =( NAMED_UNIT ( * ) PLANE_ANGLE_UNIT ( ) SI_UNIT ( $, .RADIAN. ) );
#3519 = ORIENTED_EDGE ( 'NONE', *, *, #1975, .T. ) ;
#3520 = DIRECTION ( 'NONE',  ( -0.9659258262890429991, -0.2588190451026144978, 0.000000000000000000 ) ) ;
#3521 = EDGE_CURVE ( 'NONE', #2739, #4015, #32, .T. ) ;
#3522 = CARTESIAN_POINT ( 'NONE',  ( 38.81374579679370385, 38.80826680861298428, 20.73582707381684287 ) ) ;
#3523 = ADVANCED_FACE ( 'NONE', ( #2685 ), #1572, .F. ) ;
#3524 = DIRECTION ( 'NONE',  ( -0.000000000000000000, -0.000000000000000000, -1.000000000000000000 ) ) ;
#3525 = EDGE_CURVE ( 'NONE', #3494, #3074, #778, .T. ) ;
#3526 = ORIENTED_EDGE ( 'NONE', *, *, #967, .F. ) ;
#3527 = ORIENTED_EDGE ( 'NONE', *, *, #2062, .T. ) ;
#3528 = VERTEX_POINT ( 'NONE', #2735 ) ;
#3529 = CARTESIAN_POINT ( 'NONE',  ( 38.85133899647015454, 38.80266451044688125, 20.67243509468759655 ) ) ;
#3530 = CARTESIAN_POINT ( 'NONE',  ( 38.83736022883613970, 38.85119470231112615, 20.65843509468759720 ) ) ;
#3531 = ORIENTED_EDGE ( 'NONE', *, *, #3275, .F. ) ;
#3532 = ORIENTED_EDGE ( 'NONE', *, *, #2187, .T. ) ;
#3533 = DIRECTION ( 'NONE',  ( -1.000000000000000000, 0.000000000000000000, 0.000000000000000000 ) ) ;
#3534 = EDGE_LOOP ( 'NONE', ( #3741, #1602, #3131, #3475 ) ) ;
#3535 = CARTESIAN_POINT ( 'NONE',  ( 38.85320808590964248, 38.82213758811026594, 20.67243509468759655 ) ) ;
#3536 = AXIS2_PLACEMENT_3D ( 'NONE', #4747, #4436, #2055 ) ;
#3537 = ORIENTED_EDGE ( 'NONE', *, *, #2491, .T. ) ;
#3538 = CARTESIAN_POINT ( 'NONE',  ( 38.81772419053870493, 38.82361475515086369, 20.73386123655673785 ) ) ;
#3539 = DIRECTION ( 'NONE',  ( 0.000000000000000000, 0.000000000000000000, 1.000000000000000000 ) ) ;
#3540 = AXIS2_PLACEMENT_3D ( 'NONE', #905, #524, #3646 ) ;
#3541 = DIRECTION ( 'NONE',  ( 0.000000000000000000, 0.000000000000000000, -1.000000000000000000 ) ) ;
#3542 = EDGE_CURVE ( 'NONE', #1982, #390, #3482, .T. ) ;
#3543 = CYLINDRICAL_SURFACE ( 'NONE', #3793, 0.03600013749699115806 ) ;
#3544 = LINE ( 'NONE', #74, #3510 ) ;
#3545 = DIRECTION ( 'NONE',  ( -0.8660254037858867715, 0.4999999999974917286, 0.000000000000000000 ) ) ;
#3546 = EDGE_LOOP ( 'NONE', ( #3356, #2094, #3570, #1685 ) ) ;
#3547 = ORIENTED_EDGE ( 'NONE', *, *, #249, .T. ) ;
#3548 = CYLINDRICAL_SURFACE ( 'NONE', #1240, 0.001006105236832866012 ) ;
#3549 = ADVANCED_FACE ( 'NONE', ( #811 ), #482, .F. ) ;
#3550 = FACE_OUTER_BOUND ( 'NONE', #36, .T. ) ;
#3551 = DIRECTION ( 'NONE',  ( 0.000000000000000000, 0.000000000000000000, -1.000000000000000000 ) ) ;
#3552 = ORIENTED_EDGE ( 'NONE', *, *, #2838, .F. ) ;
#3553 = ORIENTED_EDGE ( 'NONE', *, *, #1446, .F. ) ;
#3554 = CARTESIAN_POINT ( 'NONE',  ( 38.80752378081055554, 38.84728456387811946, 20.65843509468759720 ) ) ;
#3555 = EDGE_CURVE ( 'NONE', #2842, #1929, #157, .T. ) ;
#3556 = ORIENTED_EDGE ( 'NONE', *, *, #823, .F. ) ;
#3557 = CARTESIAN_POINT ( 'NONE',  ( 38.81593628358015735, 38.81588881765458865, 20.65843509468759720 ) ) ;
#3558 = EDGE_LOOP ( 'NONE', ( #1745, #1366, #1761, #3193 ) ) ;
#3559 = DIRECTION ( 'NONE',  ( 1.000000000000000000, 0.000000000000000000, 0.000000000000000000 ) ) ;
#3560 = DIRECTION ( 'NONE',  ( -0.000000000000000000, -0.000000000000000000, -1.000000000000000000 ) ) ;
#3561 = CIRCLE ( 'NONE', #2750, 0.03600013749699115806 ) ;
#3562 = EDGE_LOOP ( 'NONE', ( #4729, #3378, #978, #3365 ) ) ;
#3563 = VERTEX_POINT ( 'NONE', #180 ) ;
#3564 = DIRECTION ( 'NONE',  ( -1.000000000000000000, 0.000000000000000000, 0.000000000000000000 ) ) ;
#3565 = ORIENTED_EDGE ( 'NONE', *, *, #2231, .F. ) ;
#3566 = CARTESIAN_POINT ( 'NONE',  ( 38.85244969651957803, 38.82959161355540090, 20.65843509468759720 ) ) ;
#3567 = CARTESIAN_POINT ( 'NONE',  ( 38.81391466842933369, 38.82355668043312136, 20.73623367121981786 ) ) ;
#3568 = CARTESIAN_POINT ( 'NONE',  ( 38.80844713227669018, 38.82771732958460831, 20.74123509773935581 ) ) ;
#3569 = AXIS2_PLACEMENT_3D ( 'NONE', #2513, #4830, #973 ) ;
#3570 = ORIENTED_EDGE ( 'NONE', *, *, #2195, .F. ) ;
#3571 = CARTESIAN_POINT ( 'NONE',  ( 38.82963901373789639, 38.85240225526607816, 20.67243509468759655 ) ) ;
#3572 = CARTESIAN_POINT ( 'NONE',  ( 38.83218795432690484, 38.78774017147541286, 20.67243509468759655 ) ) ;
#3573 = VECTOR ( 'NONE', #2792, 1.000000000000000000 ) ;
#3574 = CARTESIAN_POINT ( 'NONE',  ( 38.85722404922378814, 38.81498807914189086, 20.65843509468759720 ) ) ;
#3575 = ADVANCED_FACE ( 'NONE', ( #936 ), #3252, .T. ) ;
#3576 = AXIS2_PLACEMENT_3D ( 'NONE', #2642, #3846, #5013 ) ;
#3577 = CIRCLE ( 'NONE', #1465, 0.03899994794847572166 ) ;
#3578 = EDGE_LOOP ( 'NONE', ( #4578, #1858, #3698, #2759 ) ) ;
#3579 = CIRCLE ( 'NONE', #4474, 0.03600013749698897231 ) ;
#3580 = ORIENTED_EDGE ( 'NONE', *, *, #2029, .T. ) ;
#3581 = DIRECTION ( 'NONE',  ( 1.051525492790084248E-07, -0.9999999999999945599, -0.000000000000000000 ) ) ;
#3582 = AXIS2_PLACEMENT_3D ( 'NONE', #88, #4683, #1252 ) ;
#3583 = DIRECTION ( 'NONE',  ( -0.000000000000000000, -0.000000000000000000, -1.000000000000000000 ) ) ;
#3584 = EDGE_CURVE ( 'NONE', #1299, #1772, #1647, .T. ) ;
#3585 = EDGE_CURVE ( 'NONE', #4316, #2799, #4649, .T. ) ;
#3586 = ORIENTED_EDGE ( 'NONE', *, *, #1910, .T. ) ;
#3587 = CIRCLE ( 'NONE', #1730, 0.02935410264610283093 ) ;
#3588 = CARTESIAN_POINT ( 'NONE',  ( 38.80224337215653208, 38.81588881765458865, 20.74123509773935581 ) ) ;
#3589 = ORIENTED_EDGE ( 'NONE', *, *, #2390, .T. ) ;
#3590 = DIRECTION ( 'NONE',  ( 0.000000000000000000, 0.000000000000000000, -1.000000000000000000 ) ) ;
#3591 = DIRECTION ( 'NONE',  ( 0.000000000000000000, -0.000000000000000000, 1.000000000000000000 ) ) ;
#3592 = CARTESIAN_POINT ( 'NONE',  ( 38.81593628358015735, 38.81588881765458865, 20.73923509773934981 ) ) ;
#3593 = CARTESIAN_POINT ( 'NONE',  ( 38.81707066533952855, 38.82374164307096009, 20.73720016708989178 ) ) ;
#3594 = CARTESIAN_POINT ( 'NONE',  ( 38.84593631471273767, 38.81588881765458865, 20.67363509449686276 ) ) ;
#3595 = ORIENTED_EDGE ( 'NONE', *, *, #2710, .T. ) ;
#3596 = EDGE_LOOP ( 'NONE', ( #3430, #608 ) ) ;
#3597 = DIRECTION ( 'NONE',  ( -0.000000000000000000, -0.000000000000000000, -1.000000000000000000 ) ) ;
#3598 = DIRECTION ( 'NONE',  ( -1.000000000000000000, 0.000000000000000000, 0.000000000000000000 ) ) ;
#3599 = FACE_OUTER_BOUND ( 'NONE', #4424, .T. ) ;
#3600 = FACE_OUTER_BOUND ( 'NONE', #344, .T. ) ;
#3601 = AXIS2_PLACEMENT_3D ( 'NONE', #1075, #4170, #1124 ) ;
#3602 = CYLINDRICAL_SURFACE ( 'NONE', #1471, 0.001006105236832866012 ) ;
#3603 = EDGE_LOOP ( 'NONE', ( #3486, #1616, #3394, #4778 ) ) ;
#3604 = ORIENTED_EDGE ( 'NONE', *, *, #4349, .T. ) ;
#3605 = EDGE_CURVE ( 'NONE', #410, #4896, #2537, .T. ) ;
#3606 = CARTESIAN_POINT ( 'NONE',  ( 38.84721567574129608, 38.80847573797439765, 20.67243509468759655 ) ) ;
#3607 = DIRECTION ( 'NONE',  ( 0.000000000000000000, 0.000000000000000000, -1.000000000000000000 ) ) ;
#3608 = CIRCLE ( 'NONE', #528, 0.001006105236833839843 ) ;
#3609 = DIRECTION ( 'NONE',  ( -0.000000000000000000, -0.000000000000000000, 1.000000000000000000 ) ) ;
#3610 = EDGE_LOOP ( 'NONE', ( #1304, #3295, #858, #3982 ) ) ;
#3611 = AXIS2_PLACEMENT_3D ( 'NONE', #4107, #621, #378 ) ;
#3612 = EDGE_CURVE ( 'NONE', #2715, #4925, #2695, .T. ) ;
#3613 = CYLINDRICAL_SURFACE ( 'NONE', #743, 0.01850000000001017497 ) ;
#3614 = EDGE_CURVE ( 'NONE', #3449, #3807, #4238, .T. ) ;
#3615 = ORIENTED_EDGE ( 'NONE', *, *, #2520, .F. ) ;
#3616 = CARTESIAN_POINT ( 'NONE',  ( 38.81593628358015735, 38.81588881765458865, 20.67243509468759655 ) ) ;
#3617 = VECTOR ( 'NONE', #3054, 1.000000000000000000 ) ;
#3618 = VECTOR ( 'NONE', #4387, 1.000000000000000000 ) ;
#3619 = DIRECTION ( 'NONE',  ( -0.000000000000000000, -0.000000000000000000, 1.000000000000000000 ) ) ;
#3620 = DIRECTION ( 'NONE',  ( 0.000000000000000000, 0.000000000000000000, 1.000000000000000000 ) ) ;
#3621 = PRODUCT_DEFINITION_FORMATION_WITH_SPECIFIED_SOURCE ( 'ANY', '', #2744, .NOT_KNOWN. ) ;
#3622 = AXIS2_PLACEMENT_3D ( 'NONE', #3096, #1521, #4211 ) ;
#3623 = ADVANCED_FACE ( 'NONE', ( #3599 ), #132, .F. ) ;
#3624 = CARTESIAN_POINT ( 'NONE',  ( 38.81215076579761103, 38.85470461076901216, 20.74123509773935581 ) ) ;
#3625 = CARTESIAN_POINT ( 'NONE',  ( 38.78737834282390651, 38.84572059503164354, 20.67243509468759655 ) ) ;
#3626 = VERTEX_POINT ( 'NONE', #207 ) ;
#3627 = CARTESIAN_POINT ( 'NONE',  ( 38.80223355342241831, 38.77937538004309914, 20.67243509468759655 ) ) ;
#3628 = DIRECTION ( 'NONE',  ( 0.000000000000000000, 0.000000000000000000, -1.000000000000000000 ) ) ;
#3629 = CARTESIAN_POINT ( 'NONE',  ( 38.82957911565457465, 38.81705884169043230, 20.72923509773935535 ) ) ;
#3630 = LINE ( 'NONE', #531, #4064 ) ;
#3631 = ORIENTED_EDGE ( 'NONE', *, *, #955, .T. ) ;
#3632 = VERTEX_POINT ( 'NONE', #4820 ) ;
#3633 = CARTESIAN_POINT ( 'NONE',  ( 38.81368628278060129, 38.82349257571212320, 20.73523509773935558 ) ) ;
#3634 = FACE_OUTER_BOUND ( 'NONE', #137, .T. ) ;
#3635 = EDGE_CURVE ( 'NONE', #4362, #1153, #3822, .T. ) ;
#3636 = DIRECTION ( 'NONE',  ( 1.000000000000000000, 0.000000000000000000, 0.000000000000000000 ) ) ;
#3637 = EDGE_LOOP ( 'NONE', ( #2377, #178, #2105, #4112 ) ) ;
#3638 = ORIENTED_EDGE ( 'NONE', *, *, #719, .F. ) ;
#3639 = CARTESIAN_POINT ( 'NONE',  ( 38.80943706741152965, 38.80348876640798750, 20.72923509773935535 ) ) ;
#3640 = ORIENTED_EDGE ( 'NONE', *, *, #1192, .F. ) ;
#3641 = CARTESIAN_POINT ( 'NONE',  ( 38.81593628358015735, 38.81588881765458865, 20.66573509468759795 ) ) ;
#3642 = EDGE_CURVE ( 'NONE', #1631, #671, #340, .T. ) ;
#3643 = AXIS2_PLACEMENT_3D ( 'NONE', #4180, #2579, #1407 ) ;
#3644 = CARTESIAN_POINT ( 'NONE',  ( 38.81666491618355508, 38.82378611130019408, 20.73736888513962739 ) ) ;
#3645 = CARTESIAN_POINT ( 'NONE',  ( 38.83891959779980851, 38.79290555523903805, 20.67243509468759655 ) ) ;
#3646 = DIRECTION ( 'NONE',  ( 0.9999999999999945599, 1.051540089572273336E-07, 0.000000000000000000 ) ) ;
#3647 = EDGE_CURVE ( 'NONE', #1937, #2216, #5029, .T. ) ;
#3648 = ORIENTED_EDGE ( 'NONE', *, *, #758, .F. ) ;
#3649 = ORIENTED_EDGE ( 'NONE', *, *, #4177, .F. ) ;
#3650 = DIRECTION ( 'NONE',  ( 1.000000000000000000, 0.000000000000000000, 0.000000000000000000 ) ) ;
#3651 = CARTESIAN_POINT ( 'NONE',  ( 38.81593628358015735, 38.81588881765458865, 20.67243509468759655 ) ) ;
#3652 = CARTESIAN_POINT ( 'NONE',  ( 38.84632592456686240, 38.82430132042419757, 20.67243509468759655 ) ) ;
#3653 = DIRECTION ( 'NONE',  ( 0.8660254037844755670, 0.4999999999999360512, 0.000000000000000000 ) ) ;
#3654 = ORIENTED_EDGE ( 'NONE', *, *, #4731, .T. ) ;
#3655 = VERTEX_POINT ( 'NONE', #4087 ) ;
#3656 = DIRECTION ( 'NONE',  ( 0.000000000000000000, 0.000000000000000000, -1.000000000000000000 ) ) ;
#3657 = VECTOR ( 'NONE', #4798, 1.000000000000000000 ) ;
#3658 = CARTESIAN_POINT ( 'NONE',  ( 38.81398524939841366, 38.82357517907428957, 20.73410485056933439 ) ) ;
#3659 = CARTESIAN_POINT ( 'NONE',  ( 38.80224337215653208, 38.81588881765458865, 20.68033509449686136 ) ) ;
#3660 = DIRECTION ( 'NONE',  ( -0.000000000000000000, -0.000000000000000000, -1.000000000000000000 ) ) ;
#3661 = VECTOR ( 'NONE', #4524, 1.000000000000000000 ) ;
#3662 = CIRCLE ( 'NONE', #2114, 0.001006105236832866012 ) ;
#3663 = AXIS2_PLACEMENT_3D ( 'NONE', #1618, #2835, #130 ) ;
#3664 = DIRECTION ( 'NONE',  ( -0.000000000000000000, 0.000000000000000000, 1.000000000000000000 ) ) ;
#3665 = VERTEX_POINT ( 'NONE', #3728 ) ;
#3666 = VECTOR ( 'NONE', #918, 1.000000000000000000 ) ;
#3667 = DIRECTION ( 'NONE',  ( -1.000000000000000000, 0.000000000000000000, 0.000000000000000000 ) ) ;
#3668 = CIRCLE ( 'NONE', #2212, 0.03600013749699115806 ) ;
#3669 = EDGE_LOOP ( 'NONE', ( #932, #4823, #4228, #3933 ) ) ;
#3670 = DIRECTION ( 'NONE',  ( 0.000000000000000000, 0.000000000000000000, -1.000000000000000000 ) ) ;
#3671 = EDGE_CURVE ( 'NONE', #3022, #1013, #1864, .T. ) ;
#3672 = CIRCLE ( 'NONE', #3194, 0.03899994794847572166 ) ;
#3673 = AXIS2_PLACEMENT_3D ( 'NONE', #676, #2230, #957 ) ;
#3674 = DIRECTION ( 'NONE',  ( -1.000000000000000000, 0.000000000000000000, 0.000000000000000000 ) ) ;
#3675 = DIRECTION ( 'NONE',  ( -1.000000000000000000, 0.000000000000000000, 0.000000000000000000 ) ) ;
#3676 = CARTESIAN_POINT ( 'NONE',  ( 38.81811389388982292, 38.82351368183725526, 20.73582004692071479 ) ) ;
#3677 = DIRECTION ( 'NONE',  ( -0.000000000000000000, -0.000000000000000000, 1.000000000000000000 ) ) ;
#3678 = EDGE_CURVE ( 'NONE', #3166, #2550, #3128, .T. ) ;
#3679 = CARTESIAN_POINT ( 'NONE',  ( 38.81593628358015735, 38.81588881765458865, 20.67243509468759655 ) ) ;
#3680 = CARTESIAN_POINT ( 'NONE',  ( 38.79255412699787797, 38.79382915444659119, 20.65843509468759720 ) ) ;
#3681 = EDGE_CURVE ( 'NONE', #2327, #3155, #2979, .T. ) ;
#3682 = DIRECTION ( 'NONE',  ( -0.000000000000000000, 0.000000000000000000, -1.000000000000000000 ) ) ;
#3683 = VERTEX_POINT ( 'NONE', #2561 ) ;
#3684 = ORIENTED_EDGE ( 'NONE', *, *, #3555, .F. ) ;
#3685 = CARTESIAN_POINT ( 'NONE',  ( 38.84806850250332388, 38.81682403494968270, 20.67243509468759655 ) ) ;
#3686 = DIRECTION ( 'NONE',  ( -1.000000000000000000, 2.904709073180684017E-12, 0.000000000000000000 ) ) ;
#3687 = VERTEX_POINT ( 'NONE', #2184 ) ;
#3688 = DIRECTION ( 'NONE',  ( -0.000000000000000000, 0.000000000000000000, 1.000000000000000000 ) ) ;
#3689 = CARTESIAN_POINT ( 'NONE',  ( 38.82749239025060461, 38.85553660851780222, 20.65843509468759720 ) ) ;
#3690 = ORIENTED_EDGE ( 'NONE', *, *, #5026, .F. ) ;
#3691 = EDGE_LOOP ( 'NONE', ( #2227, #3527, #3438, #4286 ) ) ;
#3692 = CIRCLE ( 'NONE', #606, 0.02935410264609947945 ) ;
#3693 = DIRECTION ( 'NONE',  ( -1.000000000000000000, 0.000000000000000000, 0.000000000000000000 ) ) ;
#3694 = ORIENTED_EDGE ( 'NONE', *, *, #4614, .T. ) ;
#3695 = DIRECTION ( 'NONE',  ( 1.000000000000000000, 0.000000000000000000, 0.000000000000000000 ) ) ;
#3696 = AXIS2_PLACEMENT_3D ( 'NONE', #4227, #4207, #3067 ) ;
#3697 = DIRECTION ( 'NONE',  ( 0.000000000000000000, 0.000000000000000000, -1.000000000000000000 ) ) ;
#3698 = ORIENTED_EDGE ( 'NONE', *, *, #2746, .T. ) ;
#3699 = DIRECTION ( 'NONE',  ( 0.000000000000000000, -0.000000000000000000, -1.000000000000000000 ) ) ;
#3700 = CIRCLE ( 'NONE', #615, 0.03899994794847572166 ) ;
#3701 = CYLINDRICAL_SURFACE ( 'NONE', #2765, 0.03600013749699115806 ) ;
#3702 = EDGE_CURVE ( 'NONE', #3632, #889, #4254, .T. ) ;
#3703 = CARTESIAN_POINT ( 'NONE',  ( 38.81593628358015735, 38.81588881765458865, 20.67243509468759655 ) ) ;
#3704 = ORIENTED_EDGE ( 'NONE', *, *, #2071, .F. ) ;
#3705 = CARTESIAN_POINT ( 'NONE',  ( 38.84721565677968158, 38.82330196810050182, 20.67243509468759655 ) ) ;
#3706 = DIRECTION ( 'NONE',  ( 0.9999999999999945599, 1.051540089572273336E-07, 0.000000000000000000 ) ) ;
#3707 = DIRECTION ( 'NONE',  ( 0.000000000000000000, -0.000000000000000000, -1.000000000000000000 ) ) ;
#3708 = APPLICATION_CONTEXT ( 'automotive_design' ) ;
#3709 = EDGE_CURVE ( 'NONE', #872, #3494, #3381, .T. ) ;
#3710 = ORIENTED_EDGE ( 'NONE', *, *, #3487, .T. ) ;
#3711 = ORIENTED_EDGE ( 'NONE', *, *, #3845, .F. ) ;
#3712 = DIRECTION ( 'NONE',  ( 0.000000000000000000, 0.000000000000000000, -1.000000000000000000 ) ) ;
#3713 = DIRECTION ( 'NONE',  ( 1.000000000000000000, 0.000000000000000000, 0.000000000000000000 ) ) ;
#3714 = DIRECTION ( 'NONE',  ( -0.000000000000000000, 0.000000000000000000, 1.000000000000000000 ) ) ;
#3715 = ADVANCED_FACE ( 'NONE', ( #3784 ), #1067, .F. ) ;
#3716 = DIRECTION ( 'NONE',  ( -0.7071067811865474617, -0.7071067811865474617, 0.000000000000000000 ) ) ;
#3717 = ORIENTED_EDGE ( 'NONE', *, *, #730, .T. ) ;
#3718 = CARTESIAN_POINT ( 'NONE',  ( 38.81593628358015735, 38.81588881765458865, 20.65843509468759720 ) ) ;
#3719 = ORIENTED_EDGE ( 'NONE', *, *, #15, .F. ) ;
#3720 = CARTESIAN_POINT ( 'NONE',  ( 38.86895976983808509, 38.80168121733188968, 20.72923509773935535 ) ) ;
#3721 = DIRECTION ( 'NONE',  ( 0.000000000000000000, 1.000000000000000000, 0.000000000000000000 ) ) ;
#3722 = ORIENTED_EDGE ( 'NONE', *, *, #3027, .F. ) ;
#3723 = DIRECTION ( 'NONE',  ( 0.000000000000000000, -0.000000000000000000, -1.000000000000000000 ) ) ;
#3724 = CARTESIAN_POINT ( 'NONE',  ( 38.81593628358015735, 38.81588881765458865, 20.74123509773935581 ) ) ;
#3725 = CIRCLE ( 'NONE', #4698, 0.02935410264610283093 ) ;
#3726 = ORIENTED_EDGE ( 'NONE', *, *, #76, .F. ) ;
#3727 = CARTESIAN_POINT ( 'NONE',  ( 38.85440921321007579, 38.82227862404251795, 20.67243509468759655 ) ) ;
#3728 = CARTESIAN_POINT ( 'NONE',  ( 38.80229345125967200, 38.81705883882126074, 20.72923509773935535 ) ) ;
#3729 = EDGE_CURVE ( 'NONE', #2999, #1597, #2210, .T. ) ;
#3730 = FACE_OUTER_BOUND ( 'NONE', #2869, .T. ) ;
#3731 = ORIENTED_EDGE ( 'NONE', *, *, #3254, .F. ) ;
#3732 = ORIENTED_EDGE ( 'NONE', *, *, #1865, .T. ) ;
#3733 = CARTESIAN_POINT ( 'NONE',  ( 38.77712039764492857, 38.77707293171935277, 20.72923509773935535 ) ) ;
#3734 = CIRCLE ( 'NONE', #4783, 0.01509999999999678266 ) ;
#3735 = DIRECTION ( 'NONE',  ( -1.000000000000000000, 0.000000000000000000, 0.000000000000000000 ) ) ;
#3736 = CARTESIAN_POINT ( 'NONE',  ( 38.84576806095721224, 38.84444675841084660, 20.67243509468759655 ) ) ;
#3737 = EDGE_CURVE ( 'NONE', #4463, #1274, #2324, .T. ) ;
#3738 = AXIS2_PLACEMENT_3D ( 'NONE', #3037, #3765, #4577 ) ;
#3739 = ORIENTED_EDGE ( 'NONE', *, *, #4520, .F. ) ;
#3740 = DIRECTION ( 'NONE',  ( -1.000000000000000000, 0.000000000000000000, 0.000000000000000000 ) ) ;
#3741 = ORIENTED_EDGE ( 'NONE', *, *, #4519, .T. ) ;
#3742 = AXIS2_PLACEMENT_3D ( 'NONE', #1236, #122, #4570 ) ;
#3743 = CARTESIAN_POINT ( 'NONE',  ( 38.79255407519377741, 38.83794842905847844, 20.67243509468759655 ) ) ;
#3744 = EDGE_CURVE ( 'NONE', #4684, #4105, #2613, .T. ) ;
#3745 = AXIS2_PLACEMENT_3D ( 'NONE', #587, #1425, #2982 ) ;
#3746 = ADVANCED_FACE ( 'NONE', ( #2970 ), #2943, .T. ) ;
#3747 = VECTOR ( 'NONE', #3581, 1.000000000000000000 ) ;
#3748 = AXIS2_PLACEMENT_3D ( 'NONE', #3782, #2912, #4136 ) ;
#3749 = CARTESIAN_POINT ( 'NONE',  ( 38.85558407444337092, 38.80433271098414139, 20.65843509468759720 ) ) ;
#3750 = LINE ( 'NONE', #678, #2076 ) ;
#3751 = DIRECTION ( 'NONE',  ( 0.000000000000000000, -0.000000000000000000, -1.000000000000000000 ) ) ;
#3752 = CIRCLE ( 'NONE', #26, 0.01509999999999678266 ) ;
#3753 = ORIENTED_EDGE ( 'NONE', *, *, #544, .T. ) ;
#3754 = CARTESIAN_POINT ( 'NONE',  ( 38.78465689141901862, 38.82330189733477965, 20.67243509468759655 ) ) ;
#3755 = DIRECTION ( 'NONE',  ( 0.000000000000000000, 0.000000000000000000, -1.000000000000000000 ) ) ;
#3756 = DIRECTION ( 'NONE',  ( -0.000000000000000000, -0.000000000000000000, 1.000000000000000000 ) ) ;
#3757 = LINE ( 'NONE', #1500, #1519 ) ;
#3758 = ORIENTED_EDGE ( 'NONE', *, *, #3772, .T. ) ;
#3759 = VERTEX_POINT ( 'NONE', #2996 ) ;
#3760 = CARTESIAN_POINT ( 'NONE',  ( 38.80224337215653208, 38.81588881765458865, 20.64075716427210239 ) ) ;
#3761 = DIRECTION ( 'NONE',  ( -1.000000000000000000, 0.000000000000000000, 0.000000000000000000 ) ) ;
#3762 = CARTESIAN_POINT ( 'NONE',  ( 38.81593628358015735, 38.81588881765458865, 20.67243509468759655 ) ) ;
#3763 = CARTESIAN_POINT ( 'NONE',  ( 38.81788789184231092, 38.80820260129831212, 20.73410581662880148 ) ) ;
#3764 = EDGE_LOOP ( 'NONE', ( #348, #551, #1396, #3014 ) ) ;
#3765 = DIRECTION ( 'NONE',  ( 0.000000000000000000, 0.000000000000000000, -1.000000000000000000 ) ) ;
#3766 = ADVANCED_FACE ( 'NONE', ( #992 ), #3353, .F. ) ;
#3767 = CARTESIAN_POINT ( 'NONE',  ( 38.82342543488362452, 38.80406030572456899, 20.72923509773935535 ) ) ;
#3768 = VERTEX_POINT ( 'NONE', #4496 ) ;
#3769 = ORIENTED_EDGE ( 'NONE', *, *, #574, .T. ) ;
#3770 = DIRECTION ( 'NONE',  ( -0.000000000000000000, 0.000000000000000000, -1.000000000000000000 ) ) ;
#3771 = AXIS2_PLACEMENT_3D ( 'NONE', #3463, #3178, #2760 ) ;
#3772 = EDGE_CURVE ( 'NONE', #1610, #3687, #1885, .T. ) ;
#3773 = EDGE_CURVE ( 'NONE', #1601, #1280, #2467, .T. ) ;
#3774 = CARTESIAN_POINT ( 'NONE',  ( 38.84733204876530976, 38.80747638565070901, 20.67243509468759655 ) ) ;
#3775 = DIRECTION ( 'NONE',  ( -0.000000000000000000, -0.000000000000000000, -1.000000000000000000 ) ) ;
#3776 = CARTESIAN_POINT ( 'NONE',  ( 38.79451233832418211, 38.78058293299805115, 20.67243509468759655 ) ) ;
#3777 = LINE ( 'NONE', #252, #1477 ) ;
#3778 = VECTOR ( 'NONE', #1807, 1.000000000000000000 ) ;
#3779 = EDGE_CURVE ( 'NONE', #2215, #3687, #2084, .T. ) ;
#3780 = ORIENTED_EDGE ( 'NONE', *, *, #3066, .F. ) ;
#3781 = DIRECTION ( 'NONE',  ( -1.000000000000000000, 0.000000000000000000, 0.000000000000000000 ) ) ;
#3782 = CARTESIAN_POINT ( 'NONE',  ( 38.83218789088009260, 38.84403750046480042, 20.65843509468759720 ) ) ;
#3783 = CIRCLE ( 'NONE', #4423, 0.03600013749698947191 ) ;
#3784 = FACE_OUTER_BOUND ( 'NONE', #4216, .T. ) ;
#3785 = AXIS2_PLACEMENT_3D ( 'NONE', #459, #370, #1525 ) ;
#3786 = CARTESIAN_POINT ( 'NONE',  ( 38.82386595193359824, 38.81588881765458865, 20.73923509773934981 ) ) ;
#3787 = AXIS2_PLACEMENT_3D ( 'NONE', #4462, #1757, #3979 ) ;
#3788 = EDGE_LOOP ( 'NONE', ( #3157, #1207 ) ) ;
#3789 = ORIENTED_EDGE ( 'NONE', *, *, #4284, .F. ) ;
#3790 = DIRECTION ( 'NONE',  ( 0.000000000000000000, 0.000000000000000000, 1.000000000000000000 ) ) ;
#3791 = CARTESIAN_POINT ( 'NONE',  ( 38.81503554506745957, 38.77460105201095786, 20.67243509468759655 ) ) ;
#3792 = AXIS2_PLACEMENT_3D ( 'NONE', #1909, #3459, #2681 ) ;
#3793 = AXIS2_PLACEMENT_3D ( 'NONE', #73, #2280, #3498 ) ;
#3794 = CARTESIAN_POINT ( 'NONE',  ( 38.81444846482119715, 38.80809925738874000, 20.73692933268189265 ) ) ;
#3795 = DIRECTION ( 'NONE',  ( 0.000000000000000000, -0.000000000000000000, -1.000000000000000000 ) ) ;
#3796 = CARTESIAN_POINT ( 'NONE',  ( 38.81535040296662942, 38.80797949640263056, 20.73305771557341259 ) ) ;
#3797 = VERTEX_POINT ( 'NONE', #4166 ) ;
#3798 = DIRECTION ( 'NONE',  ( -0.7071067811876368125, 0.7071067811854583329, 0.000000000000000000 ) ) ;
#3799 = ORIENTED_EDGE ( 'NONE', *, *, #2054, .F. ) ;
#3800 = VERTEX_POINT ( 'NONE', #1541 ) ;
#3801 = FACE_OUTER_BOUND ( 'NONE', #716, .T. ) ;
#3802 = EDGE_CURVE ( 'NONE', #1410, #3655, #2638, .T. ) ;
#3803 = DIRECTION ( 'NONE',  ( -1.000000000000000000, 0.000000000000000000, 0.000000000000000000 ) ) ;
#3804 = DIRECTION ( 'NONE',  ( -0.000000000000000000, 0.000000000000000000, -1.000000000000000000 ) ) ;
#3805 = CARTESIAN_POINT ( 'NONE',  ( 38.78380406465699082, 38.81682396168761784, 20.67243509468759655 ) ) ;
#3806 = EDGE_CURVE ( 'NONE', #814, #2327, #2237, .T. ) ;
#3807 = VERTEX_POINT ( 'NONE', #2658 ) ;
#3808 = CARTESIAN_POINT ( 'NONE',  ( 38.81215083568613977, 38.77707301772433368, 20.67243509468759655 ) ) ;
#3809 = CARTESIAN_POINT ( 'NONE',  ( 38.84423121009513125, 38.80063263012861796, 20.67243509468759655 ) ) ;
#3810 = EDGE_CURVE ( 'NONE', #563, #1274, #1191, .T. ) ;
#3811 = CIRCLE ( 'NONE', #4048, 0.02935410264610490219 ) ;
#3812 = FACE_OUTER_BOUND ( 'NONE', #2223, .T. ) ;
#3813 = EDGE_CURVE ( 'NONE', #766, #196, #4680, .T. ) ;
#3814 = ORIENTED_EDGE ( 'NONE', *, *, #3642, .F. ) ;
#3815 = VERTEX_POINT ( 'NONE', #728 ) ;
#3816 = CARTESIAN_POINT ( 'NONE',  ( 38.83119247110612804, 38.84418374416956254, 20.65843509468759720 ) ) ;
#3817 = CYLINDRICAL_SURFACE ( 'NONE', #698, 0.001006105236832866012 ) ;
#3818 = DIRECTION ( 'NONE',  ( -1.000000000000000000, 0.000000000000000000, 0.000000000000000000 ) ) ;
#3819 = ORIENTED_EDGE ( 'NONE', *, *, #561, .T. ) ;
#3820 = CIRCLE ( 'NONE', #4707, 0.03899994794847572166 ) ;
#3821 = DIRECTION ( 'NONE',  ( -1.000000000000000000, 0.000000000000000000, 0.000000000000000000 ) ) ;
#3822 = CIRCLE ( 'NONE', #4710, 0.03899994794847572166 ) ;
#3823 = LINE ( 'NONE', #4204, #2342 ) ;
#3824 = AXIS2_PLACEMENT_3D ( 'NONE', #3266, #4070, #2574 ) ;
#3825 = DIRECTION ( 'NONE',  ( -1.000000000000000000, 0.000000000000000000, 0.000000000000000000 ) ) ;
#3826 = CIRCLE ( 'NONE', #1308, 0.03600013749698689064 ) ;
#3827 = LINE ( 'NONE', #1905, #4103 ) ;
#3828 = DIRECTION ( 'NONE',  ( -0.000000000000000000, 0.000000000000000000, 1.000000000000000000 ) ) ;
#3829 = VECTOR ( 'NONE', #2181, 1.000000000000000000 ) ;
#3830 = CIRCLE ( 'NONE', #1880, 0.03899994794847572166 ) ;
#3831 = ORIENTED_EDGE ( 'NONE', *, *, #2030, .F. ) ;
#3832 = ORIENTED_EDGE ( 'NONE', *, *, #3920, .F. ) ;
#3833 = ADVANCED_FACE ( 'NONE', ( #403, #1141 ), #2727, .T. ) ;
#3834 = DIRECTION ( 'NONE',  ( 0.2588190451017443605, -0.9659258262892763680, 0.000000000000000000 ) ) ;
#3835 = AXIS2_PLACEMENT_3D ( 'NONE', #1486, #717, #1936 ) ;
#3836 = CONICAL_SURFACE ( 'NONE', #2615, 0.007929668353440888495, 0.7853981633973923238 ) ;
#3837 = DIRECTION ( 'NONE',  ( -1.000000000000000000, 0.000000000000000000, 0.000000000000000000 ) ) ;
#3838 = CYLINDRICAL_SURFACE ( 'NONE', #862, 0.001006105236832866012 ) ;
#3839 = VECTOR ( 'NONE', #3310, 1.000000000000000000 ) ;
#3840 = VERTEX_POINT ( 'NONE', #2702 ) ;
#3841 = VERTEX_POINT ( 'NONE', #4615 ) ;
#3842 = AXIS2_PLACEMENT_3D ( 'NONE', #3298, #4837, #250 ) ;
#3843 = EDGE_CURVE ( 'NONE', #1013, #1933, #311, .T. ) ;
#3844 = CARTESIAN_POINT ( 'NONE',  ( 38.82957911565457465, 38.81705884169042520, 20.74123509773935581 ) ) ;
#3845 = EDGE_CURVE ( 'NONE', #590, #4346, #3297, .T. ) ;
#3846 = DIRECTION ( 'NONE',  ( 0.000000000000000000, -0.000000000000000000, 1.000000000000000000 ) ) ;
#3847 = DIRECTION ( 'NONE',  ( 0.000000000000000000, 0.000000000000000000, -1.000000000000000000 ) ) ;
#3848 = ORIENTED_EDGE ( 'NONE', *, *, #4793, .F. ) ;
#3849 = ORIENTED_EDGE ( 'NONE', *, *, #429, .F. ) ;
#3850 = CYLINDRICAL_SURFACE ( 'NONE', #1555, 0.03899994794847572166 ) ;
#3851 = CYLINDRICAL_SURFACE ( 'NONE', #1295, 0.02935410264610283093 ) ;
#3852 = CYLINDRICAL_SURFACE ( 'NONE', #3857, 0.007929668353440888495 ) ;
#3853 = CARTESIAN_POINT ( 'NONE',  ( 38.79980674158911569, 38.78038059585818331, 20.67243509468759655 ) ) ;
#3854 = ORIENTED_EDGE ( 'NONE', *, *, #3055, .F. ) ;
#3855 = DIRECTION ( 'NONE',  ( 0.000000000000000000, 0.000000000000000000, -1.000000000000000000 ) ) ;
#3856 = AXIS2_PLACEMENT_3D ( 'NONE', #4697, #1218, #4310 ) ;
#3857 = AXIS2_PLACEMENT_3D ( 'NONE', #377, #1923, #3087 ) ;
#3858 = CARTESIAN_POINT ( 'NONE',  ( 38.79607246319250180, 38.85209544082381683, 20.65843509468759720 ) ) ;
#3859 = CARTESIAN_POINT ( 'NONE',  ( 38.81593628358015735, 38.81588881765458865, 20.67243509468759655 ) ) ;
#3860 = ADVANCED_FACE ( 'NONE', ( #4664 ), #1163, .F. ) ;
#3861 = AXIS2_PLACEMENT_3D ( 'NONE', #2477, #4033, #2221 ) ;
#3862 = ORIENTED_EDGE ( 'NONE', *, *, #725, .T. ) ;
#3863 = ORIENTED_EDGE ( 'NONE', *, *, #4376, .T. ) ;
#3864 = DIRECTION ( 'NONE',  ( 0.000000000000000000, 0.000000000000000000, -1.000000000000000000 ) ) ;
#3865 = CIRCLE ( 'NONE', #2317, 0.03899994794847572166 ) ;
#3866 = AXIS2_PLACEMENT_3D ( 'NONE', #4676, #3551, #1621 ) ;
#3867 = DIRECTION ( 'NONE',  ( -1.000000000000000000, 0.000000000000000000, 0.000000000000000000 ) ) ;
#3868 = EDGE_CURVE ( 'NONE', #3938, #436, #1105, .T. ) ;
#3869 = ORIENTED_EDGE ( 'NONE', *, *, #2779, .T. ) ;
#3870 =( GEOMETRIC_REPRESENTATION_CONTEXT ( 3 ) GLOBAL_UNCERTAINTY_ASSIGNED_CONTEXT ( ( #2804 ) ) GLOBAL_UNIT_ASSIGNED_CONTEXT ( ( #2654, #3518, #3897 ) ) REPRESENTATION_CONTEXT ( 'NONE', 'WORKASPACE' ) );
#3871 = CARTESIAN_POINT ( 'NONE',  ( 38.82957911565457465, 38.81705884169042520, 20.64075716427210239 ) ) ;
#3872 = CARTESIAN_POINT ( 'NONE',  ( 38.83931844016243673, 38.83794848086258611, 20.67243509468759655 ) ) ;
#3873 = EDGE_CURVE ( 'NONE', #210, #3420, #1995, .T. ) ;
#3874 = CARTESIAN_POINT ( 'NONE',  ( 38.78514099551357930, 38.80666903689734681, 20.67243509468759655 ) ) ;
#3875 = FACE_OUTER_BOUND ( 'NONE', #4356, .T. ) ;
#3876 = ORIENTED_EDGE ( 'NONE', *, *, #387, .F. ) ;
#3877 = DIRECTION ( 'NONE',  ( -1.000000000000000000, 0.000000000000000000, 0.000000000000000000 ) ) ;
#3878 = CARTESIAN_POINT ( 'NONE',  ( 38.82174442907928835, 38.82828886882852260, 20.64075716427210239 ) ) ;
#3879 = DIRECTION ( 'NONE',  ( -0.000000000000000000, -0.000000000000000000, -1.000000000000000000 ) ) ;
#3880 = CARTESIAN_POINT ( 'NONE',  ( 38.81398525101490549, 38.80820245582458483, 20.73636534490937322 ) ) ;
#3881 = CARTESIAN_POINT ( 'NONE',  ( 38.85144450537656979, 38.79975927566353988, 20.67243509468759655 ) ) ;
#3882 = ORIENTED_EDGE ( 'NONE', *, *, #2062, .F. ) ;
#3883 = ORIENTED_EDGE ( 'NONE', *, *, #2598, .T. ) ;
#3884 = CARTESIAN_POINT ( 'NONE',  ( 38.80852313313424418, 38.84716819085410577, 20.65843509468759720 ) ) ;
#3885 = DIRECTION ( 'NONE',  ( -1.000000000000000000, 0.000000000000000000, -0.000000000000000000 ) ) ;
#3886 = CARTESIAN_POINT ( 'NONE',  ( 38.79188878845837962, 38.84504276008891566, 20.67243509468759655 ) ) ;
#3887 = EDGE_LOOP ( 'NONE', ( #2328, #2886, #1605, #457 ) ) ;
#3888 = AXIS2_PLACEMENT_3D ( 'NONE', #1038, #3770, #2903 ) ;
#3889 = ORIENTED_EDGE ( 'NONE', *, *, #1045, .T. ) ;
#3890 = EDGE_LOOP ( 'NONE', ( #1840, #2662, #4402, #696 ) ) ;
#3891 = ADVANCED_FACE ( 'NONE', ( #1948 ), #3543, .T. ) ;
#3892 = CARTESIAN_POINT ( 'NONE',  ( 38.80229345125967910, 38.81705883882126784, 20.74123509773935581 ) ) ;
#3893 = CARTESIAN_POINT ( 'NONE',  ( 38.78678234114583034, 38.79184132253281092, 20.67243509468759655 ) ) ;
#3894 = CARTESIAN_POINT ( 'NONE',  ( 38.83693628358015815, 38.81588881765458865, 20.65843509468759720 ) ) ;
#3895 = EDGE_CURVE ( 'NONE', #754, #4013, #3901, .T. ) ;
#3896 = CARTESIAN_POINT ( 'NONE',  ( 38.81593628358015735, 38.81588881765458865, 20.65843509468759720 ) ) ;
#3897 =( NAMED_UNIT ( * ) SI_UNIT ( $, .STERADIAN. ) SOLID_ANGLE_UNIT ( ) );
#3898 = VERTEX_POINT ( 'NONE', #3047 ) ;
#3899 = CIRCLE ( 'NONE', #1625, 0.03600013749698947191 ) ;
#3900 = CARTESIAN_POINT ( 'NONE',  ( 38.81593628358015735, 38.81588881765458865, 20.65843509468759720 ) ) ;
#3901 = LINE ( 'NONE', #1973, #142 ) ;
#3902 = CARTESIAN_POINT ( 'NONE',  ( 38.83736022883613970, 38.85119470231112615, 20.67243509468759655 ) ) ;
#3903 = AXIS2_PLACEMENT_3D ( 'NONE', #2595, #658, #4171 ) ;
#3904 = CIRCLE ( 'NONE', #2287, 0.001006105236834714794 ) ;
#3905 = CIRCLE ( 'NONE', #3663, 0.03600013749699304544 ) ;
#3906 = CARTESIAN_POINT ( 'NONE',  ( 38.78042809082533893, 38.79975921173038245, 20.65843509468759720 ) ) ;
#3907 = VERTEX_POINT ( 'NONE', #4592 ) ;
#3908 = ORIENTED_EDGE ( 'NONE', *, *, #4090, .T. ) ;
#3909 = CIRCLE ( 'NONE', #1808, 0.03899994794847572166 ) ;
#3910 = FACE_OUTER_BOUND ( 'NONE', #4308, .T. ) ;
#3911 = VECTOR ( 'NONE', #3208, 1.000000000000000000 ) ;
#3912 = CARTESIAN_POINT ( 'NONE',  ( 38.81593628358015735, 38.81588881765458865, 20.65843509468759720 ) ) ;
#3913 = AXIS2_PLACEMENT_3D ( 'NONE', #632, #2192, #3735 ) ;
#3914 = LINE ( 'NONE', #439, #4300 ) ;
#3915 = ORIENTED_EDGE ( 'NONE', *, *, #2125, .F. ) ;
#3916 = ORIENTED_EDGE ( 'NONE', *, *, #170, .F. ) ;
#3917 = DIRECTION ( 'NONE',  ( 0.000000000000000000, -0.000000000000000000, -1.000000000000000000 ) ) ;
#3918 = ORIENTED_EDGE ( 'NONE', *, *, #4322, .F. ) ;
#3919 = PLANE ( 'NONE',  #3161 ) ;
#3920 = EDGE_CURVE ( 'NONE', #3998, #4566, #4924, .T. ) ;
#3921 = ORIENTED_EDGE ( 'NONE', *, *, #4088, .F. ) ;
#3922 = CARTESIAN_POINT ( 'NONE',  ( 38.81563843241774947, 38.82381420490551704, 20.73300006029045051 ) ) ;
#3923 = CARTESIAN_POINT ( 'NONE',  ( 38.84743345639000722, 38.81588885428562463, 20.65843509468759720 ) ) ;
#3924 = ORIENTED_EDGE ( 'NONE', *, *, #4293, .T. ) ;
#3925 = DIRECTION ( 'NONE',  ( -1.000000000000000000, 0.000000000000000000, 0.000000000000000000 ) ) ;
#3926 = CARTESIAN_POINT ( 'NONE',  ( 38.84307886115353625, 38.79963721035465340, 20.67243509468759655 ) ) ;
#3927 = EDGE_CURVE ( 'NONE', #4580, #516, #2415, .T. ) ;
#3928 = CARTESIAN_POINT ( 'NONE',  ( 38.84408496639036912, 38.79963721035465340, 20.67243509468759655 ) ) ;
#3929 = CARTESIAN_POINT ( 'NONE',  ( 38.81535017406691424, 38.80797952223524305, 20.73741238547416188 ) ) ;
#3930 = CARTESIAN_POINT ( 'NONE',  ( 38.83206582557120612, 38.85139703945099399, 20.67243509468759655 ) ) ;
#3931 = ADVANCED_FACE ( 'NONE', ( #2856 ), #2468, .T. ) ;
#3932 = ORIENTED_EDGE ( 'NONE', *, *, #4208, .F. ) ;
#3933 = ORIENTED_EDGE ( 'NONE', *, *, #3055, .T. ) ;
#3934 = DIRECTION ( 'NONE',  ( -0.4999999999959848784, -0.8660254037867568533, 0.000000000000000000 ) ) ;
#3935 = CYLINDRICAL_SURFACE ( 'NONE', #4265, 0.03899994794847572166 ) ;
#3936 = AXIS2_PLACEMENT_3D ( 'NONE', #521, #4784, #2075 ) ;
#3937 = ORIENTED_EDGE ( 'NONE', *, *, #2257, .T. ) ;
#3938 = VERTEX_POINT ( 'NONE', #474 ) ;
#3939 = CARTESIAN_POINT ( 'NONE',  ( 38.82232608996809375, 38.77741588802467021, 20.67243509468759655 ) ) ;
#3940 = DIRECTION ( 'NONE',  ( -1.000000000000000000, 0.000000000000000000, 0.000000000000000000 ) ) ;
#3941 = CIRCLE ( 'NONE', #5006, 0.03600013749698947191 ) ;
#3942 = VERTEX_POINT ( 'NONE', #498 ) ;
#3943 = CYLINDRICAL_SURFACE ( 'NONE', #2557, 0.001006105236832866012 ) ;
#3944 = DIRECTION ( 'NONE',  ( -0.000000000000000000, 0.000000000000000000, 1.000000000000000000 ) ) ;
#3945 = AXIS2_PLACEMENT_3D ( 'NONE', #3859, #3071, #4279 ) ;
#3946 = DIRECTION ( 'NONE',  ( -0.000000000000000000, -0.000000000000000000, -1.000000000000000000 ) ) ;
#3947 = EDGE_CURVE ( 'NONE', #1728, #4758, #4582, .T. ) ;
#3948 = CARTESIAN_POINT ( 'NONE',  ( 38.80810159936660142, 38.80465878886882081, 20.74123509773935581 ) ) ;
#3949 = LINE ( 'NONE', #782, #3259 ) ;
#3950 = CARTESIAN_POINT ( 'NONE',  ( 38.84632592456686240, 38.82430132042419757, 20.65843509468759720 ) ) ;
#3951 = ADVANCED_FACE ( 'NONE', ( #958 ), #3995, .T. ) ;
#3952 = FACE_OUTER_BOUND ( 'NONE', #3558, .T. ) ;
#3953 = ORIENTED_EDGE ( 'NONE', *, *, #3376, .T. ) ;
#3954 = ORIENTED_EDGE ( 'NONE', *, *, #1921, .T. ) ;
#3955 = CARTESIAN_POINT ( 'NONE',  ( 38.83281225153054805, 38.84324856350549737, 20.67243509468759655 ) ) ;
#3956 = EDGE_CURVE ( 'NONE', #1027, #4307, #1987, .T. ) ;
#3957 = EDGE_CURVE ( 'NONE', #671, #468, #4715, .T. ) ;
#3958 = LINE ( 'NONE', #388, #4193 ) ;
#3959 = ORIENTED_EDGE ( 'NONE', *, *, #4963, .F. ) ;
#3960 = AXIS2_PLACEMENT_3D ( 'NONE', #2124, #2494, #4812 ) ;
#3961 = LINE ( 'NONE', #2741, #21 ) ;
#3962 = FACE_OUTER_BOUND ( 'NONE', #369, .T. ) ;
#3963 = AXIS2_PLACEMENT_3D ( 'NONE', #2519, #672, #1359 ) ;
#3964 = VERTEX_POINT ( 'NONE', #2783 ) ;
#3965 = PLANE ( 'NONE',  #1891 ) ;
#3966 = EDGE_LOOP ( 'NONE', ( #3999, #3717, #305, #2087 ) ) ;
#3967 = DIRECTION ( 'NONE',  ( 0.8660254037867568533, 0.4999999999959848784, 0.000000000000000000 ) ) ;
#3968 = PRODUCT_DEFINITION_CONTEXT ( 'detailed design', #3708, 'design' ) ;
#3969 = CARTESIAN_POINT ( 'NONE',  ( 38.81593628358015735, 38.81588881765458865, 20.74123509773935581 ) ) ;
#3970 = CARTESIAN_POINT ( 'NONE',  ( 38.81455245993975467, 38.82369968775518743, 20.73703343606933203 ) ) ;
#3971 = CARTESIAN_POINT ( 'NONE',  ( 38.82749239025060461, 38.85553660851780222, 20.67243509468759655 ) ) ;
#3972 = CIRCLE ( 'NONE', #4549, 0.02935410264609803963 ) ;
#3973 = ADVANCED_FACE ( 'NONE', ( #852 ), #570, .T. ) ;
#3974 = ORIENTED_EDGE ( 'NONE', *, *, #603, .F. ) ;
#3975 = VERTEX_POINT ( 'NONE', #3948 ) ;
#3976 = CARTESIAN_POINT ( 'NONE',  ( 38.80223348767934510, 38.85240223059400932, 20.67243509468759655 ) ) ;
#3977 = DIRECTION ( 'NONE',  ( 0.000000000000000000, -0.000000000000000000, -1.000000000000000000 ) ) ;
#3978 = CIRCLE ( 'NONE', #2207, 0.01369291142362527580 ) ;
#3979 = DIRECTION ( 'NONE',  ( 0.9659258262890654256, 0.2588190451025316197, 0.000000000000000000 ) ) ;
#3980 = EDGE_CURVE ( 'NONE', #220, #1230, #4589, .T. ) ;
#3981 = LINE ( 'NONE', #159, #3657 ) ;
#3982 = ORIENTED_EDGE ( 'NONE', *, *, #3947, .T. ) ;
#3983 = CIRCLE ( 'NONE', #4232, 0.001006105236836115583 ) ;
#3984 = EDGE_CURVE ( 'NONE', #3097, #3990, #2582, .T. ) ;
#3985 = ORIENTED_EDGE ( 'NONE', *, *, #1045, .F. ) ;
#3986 = DIRECTION ( 'NONE',  ( 0.000000000000000000, 0.000000000000000000, -1.000000000000000000 ) ) ;
#3987 = AXIS2_PLACEMENT_3D ( 'NONE', #3902, #3117, #1076 ) ;
#3988 = CYLINDRICAL_SURFACE ( 'NONE', #486, 0.002249999999996544695 ) ;
#3989 = EDGE_CURVE ( 'NONE', #4626, #2009, #4893, .T. ) ;
#3990 = VERTEX_POINT ( 'NONE', #1014 ) ;
#3991 = CARTESIAN_POINT ( 'NONE',  ( 38.81593628358015735, 38.81588881765458865, 20.66573509468759795 ) ) ;
#3992 = ORIENTED_EDGE ( 'NONE', *, *, #2827, .F. ) ;
#3993 = LINE ( 'NONE', #4759, #1781 ) ;
#3994 = DIRECTION ( 'NONE',  ( -0.000000000000000000, -0.000000000000000000, -1.000000000000000000 ) ) ;
#3995 = CYLINDRICAL_SURFACE ( 'NONE', #4828, 0.02935410264610283093 ) ;
#3996 = CARTESIAN_POINT ( 'NONE',  ( 38.81795681255175623, 38.80822066761225386, 20.73623585762557298 ) ) ;
#3997 = CARTESIAN_POINT ( 'NONE',  ( 38.77746335395023891, 38.80949901126665225, 20.65843509468759720 ) ) ;
#3998 = VERTEX_POINT ( 'NONE', #4161 ) ;
#3999 = ORIENTED_EDGE ( 'NONE', *, *, #3813, .F. ) ;
#4000 = LINE ( 'NONE', #3976, #2137 ) ;
#4001 = CARTESIAN_POINT ( 'NONE',  ( 38.81593628358015735, 38.81588881765458865, 20.74123509773935581 ) ) ;
#4002 = EDGE_CURVE ( 'NONE', #2558, #2640, #1775, .T. ) ;
#4003 = DIRECTION ( 'NONE',  ( 0.2588190451018285709, 0.9659258262892538305, 0.000000000000000000 ) ) ;
#4004 = AXIS2_PLACEMENT_3D ( 'NONE', #1978, #1599, #3508 ) ;
#4005 = FACE_OUTER_BOUND ( 'NONE', #415, .T. ) ;
#4006 = EDGE_LOOP ( 'NONE', ( #300, #3242, #1033, #2036 ) ) ;
#4007 = EDGE_LOOP ( 'NONE', ( #591, #3731, #2471, #4738 ) ) ;
#4008 = CARTESIAN_POINT ( 'NONE',  ( 38.85133899647015454, 38.80266451044688125, 20.67243509468759655 ) ) ;
#4009 = CARTESIAN_POINT ( 'NONE',  ( 38.81593628358015735, 38.81588881765458865, 20.67333509449686346 ) ) ;
#4010 = AXIS2_PLACEMENT_3D ( 'NONE', #3776, #3699, #3320 ) ;
#4011 = EDGE_CURVE ( 'NONE', #1954, #3375, #3608, .T. ) ;
#4012 = CARTESIAN_POINT ( 'NONE',  ( 38.81593628358015735, 38.81588881765458865, 20.72923509773935535 ) ) ;
#4013 = VERTEX_POINT ( 'NONE', #701 ) ;
#4014 = VECTOR ( 'NONE', #4132, 1.000000000000000000 ) ;
#4015 = VERTEX_POINT ( 'NONE', #251 ) ;
#4016 = AXIS2_PLACEMENT_3D ( 'NONE', #4240, #759, #2308 ) ;
#4017 = DIRECTION ( 'NONE',  ( 0.000000000000000000, -0.000000000000000000, -1.000000000000000000 ) ) ;
#4018 = ORIENTED_EDGE ( 'NONE', *, *, #1499, .T. ) ;
#4019 = ORIENTED_EDGE ( 'NONE', *, *, #2959, .F. ) ;
#4020 = CARTESIAN_POINT ( 'NONE',  ( 38.80852320389996635, 38.78460942549344992, 20.67243509468759655 ) ) ;
#4021 = ADVANCED_FACE ( 'NONE', ( #1361 ), #2907, .T. ) ;
#4022 = EDGE_CURVE ( 'NONE', #1569, #894, #4453, .T. ) ;
#4023 = AXIS2_PLACEMENT_3D ( 'NONE', #133, #910, #4844 ) ;
#4024 = AXIS2_PLACEMENT_3D ( 'NONE', #1998, #3504, #2705 ) ;
#4025 = AXIS2_PLACEMENT_3D ( 'NONE', #1612, #3169, #2392 ) ;
#4026 = CARTESIAN_POINT ( 'NONE',  ( 38.81818628278060146, 38.82349257618530913, 20.73523509773935203 ) ) ;
#4027 = DIRECTION ( 'NONE',  ( -0.000000000000000000, -0.000000000000000000, -1.000000000000000000 ) ) ;
#4028 = ORIENTED_EDGE ( 'NONE', *, *, #3041, .T. ) ;
#4029 = FACE_OUTER_BOUND ( 'NONE', #4187, .T. ) ;
#4030 = DIRECTION ( 'NONE',  ( 0.4999999999999919509, 0.8660254037844432595, 0.000000000000000000 ) ) ;
#4031 = CIRCLE ( 'NONE', #3147, 0.01369291142362527580 ) ;
#4032 = CARTESIAN_POINT ( 'NONE',  ( 38.84673159060835701, 38.80666910766306898, 20.65843509468759720 ) ) ;
#4033 = DIRECTION ( 'NONE',  ( -0.000000000000000000, -0.000000000000000000, -1.000000000000000000 ) ) ;
#4034 = CARTESIAN_POINT ( 'NONE',  ( 38.79607246319250180, 38.85209544082381683, 20.67243509468759655 ) ) ;
#4035 = ORIENTED_EDGE ( 'NONE', *, *, #906, .F. ) ;
#4036 = EDGE_LOOP ( 'NONE', ( #1547, #4617, #1585, #491 ) ) ;
#4037 = CARTESIAN_POINT ( 'NONE',  ( 38.81593628358015735, 38.81588881765458865, 20.67363509449686276 ) ) ;
#4038 = CARTESIAN_POINT ( 'NONE',  ( 38.83891959779980851, 38.79290555523903805, 20.67243509468759655 ) ) ;
#4039 = CARTESIAN_POINT ( 'NONE',  ( 38.80968751312448006, 38.85316061998406667, 20.67243509468759655 ) ) ;
#4040 = DIRECTION ( 'NONE',  ( 1.000000000000000000, 0.000000000000000000, 0.000000000000000000 ) ) ;
#4041 = ORIENTED_EDGE ( 'NONE', *, *, #3956, .T. ) ;
#4042 = ORIENTED_EDGE ( 'NONE', *, *, #414, .T. ) ;
#4043 = EDGE_CURVE ( 'NONE', #1355, #3228, #2800, .T. ) ;
#4044 = DIRECTION ( 'NONE',  ( 0.000000000000000000, 0.000000000000000000, -1.000000000000000000 ) ) ;
#4045 = ORIENTED_EDGE ( 'NONE', *, *, #4672, .T. ) ;
#4046 = CARTESIAN_POINT ( 'NONE',  ( 38.82386595193359824, 38.81588881765458865, 20.73923509773934981 ) ) ;
#4047 = EDGE_CURVE ( 'NONE', #1631, #1656, #2526, .T. ) ;
#4048 = AXIS2_PLACEMENT_3D ( 'NONE', #301, #697, #1853 ) ;
#4049 = EDGE_CURVE ( 'NONE', #2238, #186, #3299, .T. ) ;
#4050 = CARTESIAN_POINT ( 'NONE',  ( 38.84843956162684009, 38.81588885428562463, 20.65843509468759720 ) ) ;
#4051 = DIRECTION ( 'NONE',  ( -1.000000000000000000, 0.000000000000000000, 0.000000000000000000 ) ) ;
#4052 = DIRECTION ( 'NONE',  ( -0.2588190451026144978, 0.9659258262890429991, 0.000000000000000000 ) ) ;
#4053 = CARTESIAN_POINT ( 'NONE',  ( 38.84423117346409526, 38.83114506862737159, 20.67243509468759655 ) ) ;
#4054 = CIRCLE ( 'NONE', #2522, 0.002249999999996544695 ) ;
#4055 = ORIENTED_EDGE ( 'NONE', *, *, #1910, .F. ) ;
#4056 = DIRECTION ( 'NONE',  ( 0.9659258262890429991, -0.2588190451026144978, 0.000000000000000000 ) ) ;
#4057 = ORIENTED_EDGE ( 'NONE', *, *, #45, .T. ) ;
#4058 = FACE_OUTER_BOUND ( 'NONE', #2157, .T. ) ;
#4059 = CARTESIAN_POINT ( 'NONE',  ( 38.81954708710263446, 38.85350791491937628, 20.65843509468759720 ) ) ;
#4060 = AXIS2_PLACEMENT_3D ( 'NONE', #675, #2960, #2261 ) ;
#4061 = DIRECTION ( 'NONE',  ( -0.000000000000000000, -0.000000000000000000, 1.000000000000000000 ) ) ;
#4062 = ORIENTED_EDGE ( 'NONE', *, *, #1992, .T. ) ;
#4063 = EDGE_LOOP ( 'NONE', ( #2011, #607, #1268, #2793 ) ) ;
#4064 = VECTOR ( 'NONE', #4361, 1.000000000000000000 ) ;
#4065 = CARTESIAN_POINT ( 'NONE',  ( 38.81608427664772165, 38.82381849204285373, 20.73298507652572553 ) ) ;
#4066 = CARTESIAN_POINT ( 'NONE',  ( 38.84509022601448436, 38.83993631277636638, 20.67243509468759655 ) ) ;
#4067 = DIRECTION ( 'NONE',  ( 0.000000000000000000, 0.000000000000000000, -1.000000000000000000 ) ) ;
#4068 = AXIS2_PLACEMENT_3D ( 'NONE', #2780, #848, #2386 ) ;
#4069 = VECTOR ( 'NONE', #703, 1.000000000000000000 ) ;
#4070 = DIRECTION ( 'NONE',  ( -0.000000000000000000, -0.000000000000000000, -1.000000000000000000 ) ) ;
#4071 = ORIENTED_EDGE ( 'NONE', *, *, #3313, .F. ) ;
#4072 = ORIENTED_EDGE ( 'NONE', *, *, #3144, .T. ) ;
#4073 = VECTOR ( 'NONE', #4044, 1.000000000000000000 ) ;
#4074 = DIRECTION ( 'NONE',  ( 0.7071067811876368125, -0.7071067811854583329, 0.000000000000000000 ) ) ;
#4075 = VECTOR ( 'NONE', #2209, 1.000000000000000000 ) ;
#4076 = VERTEX_POINT ( 'NONE', #2179 ) ;
#4077 = CARTESIAN_POINT ( 'NONE',  ( 38.78678234114583034, 38.79184132253281092, 20.65843509468759720 ) ) ;
#4078 = ADVANCED_FACE ( 'NONE', ( #4184 ), #2153, .T. ) ;
#4079 = CIRCLE ( 'NONE', #1490, 0.03600013749699115806 ) ;
#4080 = DIRECTION ( 'NONE',  ( 0.9659258262890429991, 0.2588190451026144978, 0.000000000000000000 ) ) ;
#4081 = LINE ( 'NONE', #1859, #4258 ) ;
#4082 = CARTESIAN_POINT ( 'NONE',  ( 38.81593628358015735, 38.81588881765458865, 20.72923509773935535 ) ) ;
#4083 = EDGE_CURVE ( 'NONE', #1130, #3665, #4081, .T. ) ;
#4084 = DIRECTION ( 'NONE',  ( -0.000000000000000000, 0.000000000000000000, 1.000000000000000000 ) ) ;
#4085 = ORIENTED_EDGE ( 'NONE', *, *, #3920, .T. ) ;
#4086 = DIRECTION ( 'NONE',  ( -0.9659258262892763680, 0.2588190451017443605, 0.000000000000000000 ) ) ;
#4087 = CARTESIAN_POINT ( 'NONE',  ( 38.82963907948096960, 38.77937540471516797, 20.67243509468759655 ) ) ;
#4088 = EDGE_CURVE ( 'NONE', #2626, #3074, #3750, .T. ) ;
#4089 = FACE_OUTER_BOUND ( 'NONE', #1048, .T. ) ;
#4090 = EDGE_CURVE ( 'NONE', #951, #3293, #226, .T. ) ;
#4091 = ORIENTED_EDGE ( 'NONE', *, *, #294, .F. ) ;
#4092 = ORIENTED_EDGE ( 'NONE', *, *, #2345, .T. ) ;
#4093 = FACE_OUTER_BOUND ( 'NONE', #1851, .T. ) ;
#4094 = CARTESIAN_POINT ( 'NONE',  ( 38.81593628358015735, 38.81588881765458865, 20.74123509773935581 ) ) ;
#4095 = CARTESIAN_POINT ( 'NONE',  ( 38.80752385157627771, 38.78449305246943624, 20.65843509468759720 ) ) ;
#4096 = VERTEX_POINT ( 'NONE', #3373 ) ;
#4097 = DIRECTION ( 'NONE',  ( -0.2588190451026144978, 0.9659258262890429991, 0.000000000000000000 ) ) ;
#4098 = ORIENTED_EDGE ( 'NONE', *, *, #4147, .F. ) ;
#4099 = VECTOR ( 'NONE', #943, 1.000000000000000000 ) ;
#4100 = DIRECTION ( 'NONE',  ( 0.000000000000000000, -0.000000000000000000, -1.000000000000000000 ) ) ;
#4101 = ORIENTED_EDGE ( 'NONE', *, *, #3244, .T. ) ;
#4102 = PLANE ( 'NONE',  #3 ) ;
#4103 = VECTOR ( 'NONE', #1136, 1.000000000000000000 ) ;
#4104 = LINE ( 'NONE', #4863, #3195 ) ;
#4105 = VERTEX_POINT ( 'NONE', #1830 ) ;
#4106 = EDGE_CURVE ( 'NONE', #410, #4516, #1386, .T. ) ;
#4107 = CARTESIAN_POINT ( 'NONE',  ( 38.83891954599570795, 38.83887213187423981, 20.67243509468759655 ) ) ;
#4108 = CIRCLE ( 'NONE', #1922, 0.03600013749698809801 ) ;
#4109 = DIRECTION ( 'NONE',  ( -0.5000000910647741659, 0.8660253512081603766, -0.000000000000000000 ) ) ;
#4110 = AXIS2_PLACEMENT_3D ( 'NONE', #1097, #3148, #407 ) ;
#4111 = DIRECTION ( 'NONE',  ( 0.000000000000000000, -0.000000000000000000, 1.000000000000000000 ) ) ;
#4112 = ORIENTED_EDGE ( 'NONE', *, *, #2832, .T. ) ;
#4113 = CARTESIAN_POINT ( 'NONE',  ( 38.83862253470353920, 38.78416611364072963, 20.67243509468759655 ) ) ;
#4114 = DIRECTION ( 'NONE',  ( 0.7071067811870409558, 0.7071067811860540786, 0.000000000000000000 ) ) ;
#4115 = EDGE_CURVE ( 'NONE', #4260, #4580, #857, .T. ) ;
#4116 = DIRECTION ( 'NONE',  ( -0.000000000000000000, 0.000000000000000000, 1.000000000000000000 ) ) ;
#4117 = ORIENTED_EDGE ( 'NONE', *, *, #1826, .T. ) ;
#4118 = ORIENTED_EDGE ( 'NONE', *, *, #4663, .T. ) ;
#4119 = EDGE_CURVE ( 'NONE', #1610, #872, #2717, .T. ) ;
#4120 = FACE_OUTER_BOUND ( 'NONE', #965, .T. ) ;
#4121 = ADVANCED_FACE ( 'NONE', ( #200 ), #2554, .F. ) ;
#4122 = CYLINDRICAL_SURFACE ( 'NONE', #3913, 0.02935410264610283093 ) ;
#4123 = CARTESIAN_POINT ( 'NONE',  ( 38.83119253455294029, 38.78759392777065074, 20.67243509468759655 ) ) ;
#4124 = LINE ( 'NONE', #4529, #3132 ) ;
#4125 = CARTESIAN_POINT ( 'NONE',  ( 38.82174442907928835, 38.82828886882852260, 20.72923509773935535 ) ) ;
#4126 = DIRECTION ( 'NONE',  ( -0.000000000000000000, -0.000000000000000000, 1.000000000000000000 ) ) ;
#4127 = ORIENTED_EDGE ( 'NONE', *, *, #752, .T. ) ;
#4128 = ORIENTED_EDGE ( 'NONE', *, *, #3802, .T. ) ;
#4129 = CYLINDRICAL_SURFACE ( 'NONE', #1786, 0.001006105236832866012 ) ;
#4130 = DIRECTION ( 'NONE',  ( 0.000000000000000000, 0.000000000000000000, -1.000000000000000000 ) ) ;
#4131 = EDGE_LOOP ( 'NONE', ( #3308, #4237, #1528, #1257 ) ) ;
#4132 = DIRECTION ( 'NONE',  ( -0.000000000000000000, -0.000000000000000000, -1.000000000000000000 ) ) ;
#4133 = DIRECTION ( 'NONE',  ( -0.000000000000000000, 0.000000000000000000, -1.000000000000000000 ) ) ;
#4134 = AXIS2_PLACEMENT_3D ( 'NONE', #1876, #1155, #394 ) ;
#4135 = ORIENTED_EDGE ( 'NONE', *, *, #793, .F. ) ;
#4136 = DIRECTION ( 'NONE',  ( -0.8660254037867568533, 0.4999999999959848784, 0.000000000000000000 ) ) ;
#4137 = CARTESIAN_POINT ( 'NONE',  ( 38.83891954599570795, 38.83887213187423981, 20.67243509468759655 ) ) ;
#4138 = DIRECTION ( 'NONE',  ( -0.000000000000000000, -0.000000000000000000, -1.000000000000000000 ) ) ;
#4139 = FACE_OUTER_BOUND ( 'NONE', #2454, .T. ) ;
#4140 = EDGE_CURVE ( 'NONE', #4576, #1770, #5005, .T. ) ;
#4141 = ORIENTED_EDGE ( 'NONE', *, *, #1408, .T. ) ;
#4142 = ORIENTED_EDGE ( 'NONE', *, *, #3614, .F. ) ;
#4143 = CARTESIAN_POINT ( 'NONE',  ( 38.81818628278059435, 38.82349257618531624, 20.73508564293699408 ) ) ;
#4144 = DIRECTION ( 'NONE',  ( -0.2588190451011160298, 0.9659258262894446778, 0.000000000000000000 ) ) ;
#4145 = CARTESIAN_POINT ( 'NONE',  ( 38.80083628358016057, 38.81588881765458865, 20.68033509449686136 ) ) ;
#4146 = FACE_OUTER_BOUND ( 'NONE', #5018, .T. ) ;
#4147 = EDGE_CURVE ( 'NONE', #1574, #3258, #1031, .T. ) ;
#4148 = EDGE_CURVE ( 'NONE', #3964, #814, #2969, .T. ) ;
#4149 = AXIS2_PLACEMENT_3D ( 'NONE', #285, #4138, #2659 ) ;
#4150 = ORIENTED_EDGE ( 'NONE', *, *, #1328, .F. ) ;
#4151 = FACE_OUTER_BOUND ( 'NONE', #1795, .T. ) ;
#4152 = ORIENTED_EDGE ( 'NONE', *, *, #4326, .F. ) ;
#4153 = CIRCLE ( 'NONE', #1148, 0.001006105236833839843 ) ;
#4154 = DIRECTION ( 'NONE',  ( -0.000000000000000000, -0.000000000000000000, 1.000000000000000000 ) ) ;
#4155 = AXIS2_PLACEMENT_3D ( 'NONE', #3724, #1881, #3426 ) ;
#4156 = EDGE_CURVE ( 'NONE', #393, #1524, #3056, .T. ) ;
#4157 = AXIS2_PLACEMENT_3D ( 'NONE', #1850, #3007, #4533 ) ;
#4158 = AXIS2_PLACEMENT_3D ( 'NONE', #2158, #1262, #927 ) ;
#4159 = LINE ( 'NONE', #2961, #3031 ) ;
#4160 = ORIENTED_EDGE ( 'NONE', *, *, #4106, .F. ) ;
#4161 = CARTESIAN_POINT ( 'NONE',  ( 38.79255412699787797, 38.79382915444659119, 20.67243509468759655 ) ) ;
#4162 = DIRECTION ( 'NONE',  ( -1.000000000000000000, 0.000000000000000000, 0.000000000000000000 ) ) ;
#4163 = AXIS2_PLACEMENT_3D ( 'NONE', #1242, #2785, #688 ) ;
#4164 = CARTESIAN_POINT ( 'NONE',  ( 38.84673157164673540, 38.82510859841183049, 20.67243509468759655 ) ) ;
#4165 = AXIS2_PLACEMENT_3D ( 'NONE', #3971, #3677, #4052 ) ;
#4166 = CARTESIAN_POINT ( 'NONE',  ( 38.81012813808102635, 38.80348876648065470, 20.72923509773935535 ) ) ;
#4167 = DIRECTION ( 'NONE',  ( -0.000000000000000000, 0.000000000000000000, -1.000000000000000000 ) ) ;
#4168 = ORIENTED_EDGE ( 'NONE', *, *, #638, .T. ) ;
#4169 = ORIENTED_EDGE ( 'NONE', *, *, #1106, .F. ) ;
#4170 = DIRECTION ( 'NONE',  ( -0.000000000000000000, -0.000000000000000000, 1.000000000000000000 ) ) ;
#4171 = DIRECTION ( 'NONE',  ( 0.7071067811829166994, 0.7071067811901784461, 0.000000000000000000 ) ) ;
#4172 = EDGE_CURVE ( 'NONE', #2742, #4447, #2341, .T. ) ;
#4173 = CARTESIAN_POINT ( 'NONE',  ( 38.78042806178375201, 38.83201835964563742, 20.65843509468759720 ) ) ;
#4174 = ORIENTED_EDGE ( 'NONE', *, *, #1724, .T. ) ;
#4175 = CARTESIAN_POINT ( 'NONE',  ( 38.81368628437971324, 38.80828505912386817, 20.73508777776416423 ) ) ;
#4176 = ORIENTED_EDGE ( 'NONE', *, *, #146, .F. ) ;
#4177 = EDGE_CURVE ( 'NONE', #2465, #3073, #2320, .T. ) ;
#4178 = DIRECTION ( 'NONE',  ( 0.000000000000000000, 0.000000000000000000, -1.000000000000000000 ) ) ;
#4179 = ORIENTED_EDGE ( 'NONE', *, *, #1539, .T. ) ;
#4180 = CARTESIAN_POINT ( 'NONE',  ( 38.81593628358015735, 38.81588881765458865, 20.67243509468759655 ) ) ;
#4181 = CARTESIAN_POINT ( 'NONE',  ( 38.78053357069015306, 38.82911312486229605, 20.67243509468759655 ) ) ;
#4182 = EDGE_LOOP ( 'NONE', ( #4677, #763, #1098, #4858 ) ) ;
#4183 = EDGE_CURVE ( 'NONE', #3018, #3898, #1183, .T. ) ;
#4184 = FACE_OUTER_BOUND ( 'NONE', #4499, .T. ) ;
#4185 = EDGE_CURVE ( 'NONE', #691, #4931, #1993, .T. ) ;
#4186 = CARTESIAN_POINT ( 'NONE',  ( 38.80752378081055554, 38.84728456387811946, 20.67243509468759655 ) ) ;
#4187 = EDGE_LOOP ( 'NONE', ( #4019, #2439, #1986, #953 ) ) ;
#4188 = DIRECTION ( 'NONE',  ( 0.000000000000000000, 0.000000000000000000, -1.000000000000000000 ) ) ;
#4189 = VECTOR ( 'NONE', #2991, 1.000000000000000000 ) ;
#4190 = DIRECTION ( 'NONE',  ( 0.000000000000000000, 0.000000000000000000, -1.000000000000000000 ) ) ;
#4191 = CARTESIAN_POINT ( 'NONE',  ( 38.81593628358015735, 38.81588881765458865, 20.67243509468759655 ) ) ;
#4192 = DIRECTION ( 'NONE',  ( -1.000000000000000000, 0.000000000000000000, 0.000000000000000000 ) ) ;
#4193 = VECTOR ( 'NONE', #3181, 1.000000000000000000 ) ;
#4194 = ORIENTED_EDGE ( 'NONE', *, *, #2563, .F. ) ;
#4195 = ORIENTED_EDGE ( 'NONE', *, *, #3744, .F. ) ;
#4196 = DIRECTION ( 'NONE',  ( -0.2588190451017443605, 0.9659258262892763680, 0.000000000000000000 ) ) ;
#4197 = DIRECTION ( 'NONE',  ( -0.000000000000000000, -0.000000000000000000, 1.000000000000000000 ) ) ;
#4198 = VECTOR ( 'NONE', #476, 1.000000000000000000 ) ;
#4199 = ADVANCED_FACE ( 'NONE', ( #398 ), #1924, .F. ) ;
#4200 = CARTESIAN_POINT ( 'NONE',  ( 38.81608487244248806, 38.80795916722530592, 20.73298516085435494 ) ) ;
#4201 = EDGE_LOOP ( 'NONE', ( #4945, #4152, #121, #3631 ) ) ;
#4202 = CARTESIAN_POINT ( 'NONE',  ( 38.81593628358015735, 38.81588881765458865, 20.67243509468759655 ) ) ;
#4203 = EDGE_LOOP ( 'NONE', ( #4392, #879, #2602, #1839 ) ) ;
#4204 = CARTESIAN_POINT ( 'NONE',  ( 38.79116613834615634, 38.78576514183190227, 20.67243509468759655 ) ) ;
#4205 = EDGE_CURVE ( 'NONE', #644, #4382, #1560, .T. ) ;
#4206 = FACE_OUTER_BOUND ( 'NONE', #2247, .T. ) ;
#4207 = DIRECTION ( 'NONE',  ( 0.000000000000000000, 0.000000000000000000, -1.000000000000000000 ) ) ;
#4208 = EDGE_CURVE ( 'NONE', #4912, #2009, #1426, .T. ) ;
#4209 = ORIENTED_EDGE ( 'NONE', *, *, #294, .T. ) ;
#4210 = AXIS2_PLACEMENT_3D ( 'NONE', #2042, #3590, #1668 ) ;
#4211 = DIRECTION ( 'NONE',  ( 1.000000000000000000, 0.000000000000000000, -0.000000000000000000 ) ) ;
#4212 = CARTESIAN_POINT ( 'NONE',  ( 38.81593628358015735, 38.81588881765458865, 20.65843509468759720 ) ) ;
#4213 = CIRCLE ( 'NONE', #4287, 0.03899994794847572166 ) ;
#4214 = DIRECTION ( 'NONE',  ( 0.7071067811870409558, 0.7071067811860540786, 0.000000000000000000 ) ) ;
#4215 = ORIENTED_EDGE ( 'NONE', *, *, #693, .T. ) ;
#4216 = EDGE_LOOP ( 'NONE', ( #3615, #1071 ) ) ;
#4217 = PLANE ( 'NONE',  #523 ) ;
#4218 = CARTESIAN_POINT ( 'NONE',  ( 38.82334936326034835, 38.84716820981572738, 20.65843509468759720 ) ) ;
#4219 = ORIENTED_EDGE ( 'NONE', *, *, #3313, .T. ) ;
#4220 = ORIENTED_EDGE ( 'NONE', *, *, #1563, .F. ) ;
#4221 = AXIS2_PLACEMENT_3D ( 'NONE', #3371, #2605, #357 ) ;
#4222 = DIRECTION ( 'NONE',  ( -0.000000000000000000, 0.000000000000000000, -1.000000000000000000 ) ) ;
#4223 = CARTESIAN_POINT ( 'NONE',  ( 38.81593628358015735, 38.81588881765458865, 20.65843509468759720 ) ) ;
#4224 = AXIS2_PLACEMENT_3D ( 'NONE', #1791, #3336, #4443 ) ;
#4225 = FACE_BOUND ( 'NONE', #2566, .T. ) ;
#4226 = AXIS2_PLACEMENT_3D ( 'NONE', #2056, #1683, #3653 ) ;
#4227 = CARTESIAN_POINT ( 'NONE',  ( 38.81593628358015735, 38.81588881765458865, 20.65843509468759720 ) ) ;
#4228 = ORIENTED_EDGE ( 'NONE', *, *, #3301, .T. ) ;
#4229 = DIRECTION ( 'NONE',  ( -0.000000000000000000, -0.000000000000000000, -1.000000000000000000 ) ) ;
#4230 = ADVANCED_FACE ( 'NONE', ( #825 ), #4608, .F. ) ;
#4231 = AXIS2_PLACEMENT_3D ( 'NONE', #492, #3539, #1256 ) ;
#4232 = AXIS2_PLACEMENT_3D ( 'NONE', #2061, #2405, #140 ) ;
#4233 = AXIS2_PLACEMENT_3D ( 'NONE', #564, #3111, #2297 ) ;
#4234 = EDGE_CURVE ( 'NONE', #1601, #2490, #3827, .T. ) ;
#4235 = DIRECTION ( 'NONE',  ( -1.000000000000000000, 0.000000000000000000, 0.000000000000000000 ) ) ;
#4236 = AXIS2_PLACEMENT_3D ( 'NONE', #2871, #2509, #4877 ) ;
#4237 = ORIENTED_EDGE ( 'NONE', *, *, #673, .F. ) ;
#4238 = CIRCLE ( 'NONE', #277, 0.02935410264610433320 ) ;
#4239 = ORIENTED_EDGE ( 'NONE', *, *, #234, .T. ) ;
#4240 = CARTESIAN_POINT ( 'NONE',  ( 38.82434878634976627, 38.78449307143105784, 20.67243509468759655 ) ) ;
#4241 = CARTESIAN_POINT ( 'NONE',  ( 38.78857653772924863, 38.83276478560497225, 20.65843509468759720 ) ) ;
#4242 = ADVANCED_FACE ( 'NONE', ( #3875 ), #1181, .F. ) ;
#4243 = DIRECTION ( 'NONE',  ( 1.000000000000000000, 0.000000000000000000, 0.000000000000000000 ) ) ;
#4244 = ORIENTED_EDGE ( 'NONE', *, *, #4011, .F. ) ;
#4245 = EDGE_LOOP ( 'NONE', ( #3467, #1637, #2753, #60 ) ) ;
#4246 = ORIENTED_EDGE ( 'NONE', *, *, #3709, .T. ) ;
#4247 = DIRECTION ( 'NONE',  ( 0.000000000000000000, -0.000000000000000000, -1.000000000000000000 ) ) ;
#4248 = CARTESIAN_POINT ( 'NONE',  ( 38.81972173147418204, 38.85470461758484362, 20.74123509773935581 ) ) ;
#4249 = DIRECTION ( 'NONE',  ( 0.000000000000000000, 0.000000000000000000, 1.000000000000000000 ) ) ;
#4250 = CARTESIAN_POINT ( 'NONE',  ( 38.83281231497735320, 38.78852910843471591, 20.65843509468759720 ) ) ;
#4251 = ORIENTED_EDGE ( 'NONE', *, *, #2701, .T. ) ;
#4252 = DIRECTION ( 'NONE',  ( -0.000000000000000000, 0.000000000000000000, -1.000000000000000000 ) ) ;
#4253 = DIRECTION ( 'NONE',  ( -0.000000000000000000, 0.000000000000000000, -1.000000000000000000 ) ) ;
#4254 = CIRCLE ( 'NONE', #935, 0.001006105236836115583 ) ;
#4255 = DIRECTION ( 'NONE',  ( 1.000000000000000000, 0.000000000000000000, 0.000000000000000000 ) ) ;
#4256 = ORIENTED_EDGE ( 'NONE', *, *, #3086, .T. ) ;
#4257 = CARTESIAN_POINT ( 'NONE',  ( 38.85320808590964248, 38.82213758811026594, 20.67243509468759655 ) ) ;
#4258 = VECTOR ( 'NONE', #597, 1.000000000000000000 ) ;
#4259 = EDGE_CURVE ( 'NONE', #3416, #624, #1943, .T. ) ;
#4260 = VERTEX_POINT ( 'NONE', #3474 ) ;
#4261 = VECTOR ( 'NONE', #3977, 1.000000000000000000 ) ;
#4262 = ORIENTED_EDGE ( 'NONE', *, *, #49, .F. ) ;
#4263 = CARTESIAN_POINT ( 'NONE',  ( 38.79188878845837962, 38.84504276008891566, 20.67243509468759655 ) ) ;
#4264 = AXIS2_PLACEMENT_3D ( 'NONE', #1478, #1423, #3002 ) ;
#4265 = AXIS2_PLACEMENT_3D ( 'NONE', #3483, #762, #3867 ) ;
#4266 = CARTESIAN_POINT ( 'NONE',  ( 38.81593628358015735, 38.81588881765458865, 20.67333509449686346 ) ) ;
#4267 = EDGE_CURVE ( 'NONE', #386, #4105, #1758, .T. ) ;
#4268 = ORIENTED_EDGE ( 'NONE', *, *, #3464, .T. ) ;
#4269 = AXIS2_PLACEMENT_3D ( 'NONE', #1444, #4869, #314 ) ;
#4270 = DIRECTION ( 'NONE',  ( -0.000000000000000000, -0.000000000000000000, 1.000000000000000000 ) ) ;
#4271 = ORIENTED_EDGE ( 'NONE', *, *, #2570, .F. ) ;
#4272 = VERTEX_POINT ( 'NONE', #3493 ) ;
#4273 = DIRECTION ( 'NONE',  ( -1.000000000000000000, 0.000000000000000000, 0.000000000000000000 ) ) ;
#4274 = DIRECTION ( 'NONE',  ( -0.000000000000000000, 0.000000000000000000, -1.000000000000000000 ) ) ;
#4275 = LINE ( 'NONE', #801, #853 ) ;
#4276 = VERTEX_POINT ( 'NONE', #4250 ) ;
#4277 = DIRECTION ( 'NONE',  ( 0.2588190451017443605, -0.9659258262892763680, 0.000000000000000000 ) ) ;
#4278 = DIRECTION ( 'NONE',  ( -0.2588190451017443605, 0.9659258262892763680, 0.000000000000000000 ) ) ;
#4279 = DIRECTION ( 'NONE',  ( -1.000000000000000000, 0.000000000000000000, 0.000000000000000000 ) ) ;
#4280 = VERTEX_POINT ( 'NONE', #2724 ) ;
#4281 = ORIENTED_EDGE ( 'NONE', *, *, #2366, .F. ) ;
#4282 = LINE ( 'NONE', #2329, #253 ) ;
#4283 = CARTESIAN_POINT ( 'NONE',  ( 38.85440922471497771, 38.80949908053785435, 20.67243509468759655 ) ) ;
#4284 = EDGE_CURVE ( 'NONE', #1230, #3166, #4275, .T. ) ;
#4285 = CYLINDRICAL_SURFACE ( 'NONE', #1344, 0.01749999999999829470 ) ;
#4286 = ORIENTED_EDGE ( 'NONE', *, *, #1942, .F. ) ;
#4287 = AXIS2_PLACEMENT_3D ( 'NONE', #2298, #1110, #2722 ) ;
#4288 = ORIENTED_EDGE ( 'NONE', *, *, #85, .T. ) ;
#4289 = EDGE_LOOP ( 'NONE', ( #3082, #1833, #2285, #2850 ) ) ;
#4290 = LINE ( 'NONE', #4704, #1725 ) ;
#4291 = ORIENTED_EDGE ( 'NONE', *, *, #4550, .T. ) ;
#4292 = LINE ( 'NONE', #2650, #885 ) ;
#4293 = EDGE_CURVE ( 'NONE', #3942, #4272, #1968, .T. ) ;
#4294 = VERTEX_POINT ( 'NONE', #2916 ) ;
#4295 = LINE ( 'NONE', #3685, #4099 ) ;
#4296 = DIRECTION ( 'NONE',  ( -0.000000000000000000, -0.000000000000000000, -1.000000000000000000 ) ) ;
#4297 = ORIENTED_EDGE ( 'NONE', *, *, #3813, .T. ) ;
#4298 = CARTESIAN_POINT ( 'NONE',  ( 38.78454053735662654, 38.80747631488497973, 20.65843509468759720 ) ) ;
#4299 = ADVANCED_FACE ( 'NONE', ( #2864 ), #4410, .T. ) ;
#4300 = VECTOR ( 'NONE', #59, 1.000000000000000000 ) ;
#4301 = CARTESIAN_POINT ( 'NONE',  ( 38.81593628358015735, 38.81588881765458865, 20.65843509468759720 ) ) ;
#4302 = CARTESIAN_POINT ( 'NONE',  ( 38.81424098597378247, 38.80814176532350501, 20.73672170542168658 ) ) ;
#4303 = VECTOR ( 'NONE', #286, 1.000000000000000000 ) ;
#4304 = AXIS2_PLACEMENT_3D ( 'NONE', #380, #3476, #1182 ) ;
#4305 = AXIS2_PLACEMENT_3D ( 'NONE', #4722, #577, #3282 ) ;
#4306 = DIRECTION ( 'NONE',  ( -0.5000000000001085798, -0.8660254037843760910, 0.000000000000000000 ) ) ;
#4307 = VERTEX_POINT ( 'NONE', #1896 ) ;
#4308 = EDGE_LOOP ( 'NONE', ( #3122, #2771, #2373, #600, #4772, #1684, #194, #3211, #738, #4621, #1291, #53, #4660, #3249 ) ) ;
#4309 = CIRCLE ( 'NONE', #4157, 0.02100000000000079581 ) ;
#4310 = DIRECTION ( 'NONE',  ( 1.000000000000000000, 0.000000000000000000, -0.000000000000000000 ) ) ;
#4311 = CIRCLE ( 'NONE', #2133, 0.007929668353440888495 ) ;
#4312 = CARTESIAN_POINT ( 'NONE',  ( 38.83443628358016753, 38.81588881765458865, 20.66543509468759865 ) ) ;
#4313 = AXIS2_PLACEMENT_3D ( 'NONE', #3158, #2770, #4318 ) ;
#4314 = AXIS2_PLACEMENT_3D ( 'NONE', #3749, #2495, #4080 ) ;
#4315 = ORIENTED_EDGE ( 'NONE', *, *, #1385, .T. ) ;
#4316 = VERTEX_POINT ( 'NONE', #3362 ) ;
#4317 = ADVANCED_FACE ( 'NONE', ( #1845, #3077 ), #2573, .T. ) ;
#4318 = DIRECTION ( 'NONE',  ( -1.000000000000000000, 0.000000000000000000, 0.000000000000000000 ) ) ;
#4319 = ORIENTED_EDGE ( 'NONE', *, *, #2331, .T. ) ;
#4320 = CYLINDRICAL_SURFACE ( 'NONE', #7, 0.02935410264610283093 ) ;
#4321 = ORIENTED_EDGE ( 'NONE', *, *, #1087, .T. ) ;
#4322 = EDGE_CURVE ( 'NONE', #259, #2294, #4748, .T. ) ;
#4323 = CARTESIAN_POINT ( 'NONE',  ( 38.84593631471273767, 38.81588881765458865, 20.67243509468759655 ) ) ;
#4324 = FACE_BOUND ( 'NONE', #4986, .T. ) ;
#4325 = CARTESIAN_POINT ( 'NONE',  ( 38.84408492975934024, 38.83214048840133614, 20.67243509468759655 ) ) ;
#4326 = EDGE_CURVE ( 'NONE', #2007, #235, #4124, .T. ) ;
#4327 = CARTESIAN_POINT ( 'NONE',  ( 38.81414814001497859, 38.82361469622584593, 20.73660857906563493 ) ) ;
#4328 = CARTESIAN_POINT ( 'NONE',  ( 38.81368628437972745, 38.80828505912386817, 20.73552965654869240 ) ) ;
#4329 = CARTESIAN_POINT ( 'NONE',  ( 38.85214290674938553, 38.83575263804224420, 20.65843509468759720 ) ) ;
#4330 = ORIENTED_EDGE ( 'NONE', *, *, #4284, .T. ) ;
#4331 = ORIENTED_EDGE ( 'NONE', *, *, #4575, .T. ) ;
#4332 = AXIS2_PLACEMENT_3D ( 'NONE', #2777, #2166, #4848 ) ;
#4333 = CYLINDRICAL_SURFACE ( 'NONE', #2767, 0.03899994794847572166 ) ;
#4334 = ADVANCED_BREP_SHAPE_REPRESENTATION ( 'Gear_Level1V2', ( #1494, #538 ), #3870 ) ;
#4335 = CARTESIAN_POINT ( 'NONE',  ( 38.81687142761318654, 38.84802103657775518, 20.74123509773935581 ) ) ;
#4336 = LINE ( 'NONE', #3153, #1266 ) ;
#4337 = AXIS2_PLACEMENT_3D ( 'NONE', #4489, #3402, #2936 ) ;
#4338 = ORIENTED_EDGE ( 'NONE', *, *, #4172, .F. ) ;
#4339 = ORIENTED_EDGE ( 'NONE', *, *, #4090, .F. ) ;
#4340 = CIRCLE ( 'NONE', #460, 0.03600013749699044335 ) ;
#4341 = LINE ( 'NONE', #3606, #3666 ) ;
#4342 = DIRECTION ( 'NONE',  ( -0.000000000000000000, 0.000000000000000000, -1.000000000000000000 ) ) ;
#4343 = ADVANCED_FACE ( 'NONE', ( #4146 ), #663, .T. ) ;
#4344 = ORIENTED_EDGE ( 'NONE', *, *, #3404, .F. ) ;
#4345 = CARTESIAN_POINT ( 'NONE',  ( 0.000000000000000000, 0.000000000000000000, 20.67333509449686346 ) ) ;
#4346 = VERTEX_POINT ( 'NONE', #1453 ) ;
#4347 = DIRECTION ( 'NONE',  ( 0.000000000000000000, 0.000000000000000000, -1.000000000000000000 ) ) ;
#4348 = DIRECTION ( 'NONE',  ( -1.000000000000000000, 0.000000000000000000, 0.000000000000000000 ) ) ;
#4349 = EDGE_CURVE ( 'NONE', #4959, #4534, #3215, .T. ) ;
#4350 = CARTESIAN_POINT ( 'NONE',  ( 38.78454051839500494, 38.82430124965846829, 20.67243509468759655 ) ) ;
#4351 = DIRECTION ( 'NONE',  ( -1.000000000000000000, 0.000000000000000000, 0.000000000000000000 ) ) ;
#4352 = DIRECTION ( 'NONE',  ( -0.8660254037867568533, 0.4999999999959848784, 0.000000000000000000 ) ) ;
#4353 = ADVANCED_FACE ( 'NONE', ( #4548 ), #3817, .F. ) ;
#4354 = LINE ( 'NONE', #550, #948 ) ;
#4355 = ORIENTED_EDGE ( 'NONE', *, *, #367, .T. ) ;
#4356 = EDGE_LOOP ( 'NONE', ( #3814, #3235, #4628, #3250 ) ) ;
#4357 = LINE ( 'NONE', #1318, #911 ) ;
#4358 = CARTESIAN_POINT ( 'NONE',  ( 38.83891959779980851, 38.79290555523903805, 20.67243509468759655 ) ) ;
#4359 = EDGE_CURVE ( 'NONE', #77, #363, #134, .T. ) ;
#4360 = CYLINDRICAL_SURFACE ( 'NONE', #138, 0.02100000000000079581 ) ;
#4361 = DIRECTION ( 'NONE',  ( -0.000000000000000000, -0.000000000000000000, -1.000000000000000000 ) ) ;
#4362 = VERTEX_POINT ( 'NONE', #1573 ) ;
#4363 = EDGE_LOOP ( 'NONE', ( #1127, #441 ) ) ;
#4364 = VECTOR ( 'NONE', #873, 1.000000000000000000 ) ;
#4365 = CARTESIAN_POINT ( 'NONE',  ( 38.80194791610806249, 38.81531727833800716, 20.72923509773935535 ) ) ;
#4366 = DIRECTION ( 'NONE',  ( -0.000000000000000000, -0.000000000000000000, -1.000000000000000000 ) ) ;
#4367 = AXIS2_PLACEMENT_3D ( 'NONE', #1941, #4658, #1135 ) ;
#4368 = AXIS2_PLACEMENT_3D ( 'NONE', #4942, #4886, #327 ) ;
#4369 = ORIENTED_EDGE ( 'NONE', *, *, #3585, .F. ) ;
#4370 = DIRECTION ( 'NONE',  ( 0.000000000000000000, 0.000000000000000000, -1.000000000000000000 ) ) ;
#4371 = ORIENTED_EDGE ( 'NONE', *, *, #3521, .T. ) ;
#4372 = DIRECTION ( 'NONE',  ( -0.5000000000000101030, 0.8660254037844328234, 0.000000000000000000 ) ) ;
#4373 = CIRCLE ( 'NONE', #2665, 0.03899994794847572166 ) ;
#4374 = DIRECTION ( 'NONE',  ( -0.2588190451017443605, -0.9659258262892763680, 0.000000000000000000 ) ) ;
#4375 = AXIS2_PLACEMENT_3D ( 'NONE', #1007, #2488, #3716 ) ;
#4376 = EDGE_CURVE ( 'NONE', #4817, #2747, #3783, .T. ) ;
#4377 = CARTESIAN_POINT ( 'NONE',  ( 38.81424067078775408, 38.82363580366877187, 20.73672137550837036 ) ) ;
#4378 = CARTESIAN_POINT ( 'NONE',  ( 38.80671650282291552, 38.84668410572116670, 20.65843509468759720 ) ) ;
#4379 = DIRECTION ( 'NONE',  ( -0.000000000000000000, -0.000000000000000000, -1.000000000000000000 ) ) ;
#4380 = VECTOR ( 'NONE', #1323, 1.000000000000000000 ) ;
#4381 = EDGE_LOOP ( 'NONE', ( #1907, #1818, #3553, #1404 ) ) ;
#4382 = VERTEX_POINT ( 'NONE', #792 ) ;
#4383 = CARTESIAN_POINT ( 'NONE',  ( 38.81593628358015735, 38.81588881765458865, 20.67243509468759655 ) ) ;
#4384 = ADVANCED_FACE ( 'NONE', ( #2736 ), #4285, .T. ) ;
#4385 = DIRECTION ( 'NONE',  ( -0.000000000000000000, -0.000000000000000000, 1.000000000000000000 ) ) ;
#4386 = CIRCLE ( 'NONE', #2686, 0.02935410264610220990 ) ;
#4387 = DIRECTION ( 'NONE',  ( -0.000000000000000000, -0.000000000000000000, -1.000000000000000000 ) ) ;
#4388 = VECTOR ( 'NONE', #2404, 1.000000000000000000 ) ;
#4389 = FACE_OUTER_BOUND ( 'NONE', #4465, .T. ) ;
#4390 = ORIENTED_EDGE ( 'NONE', *, *, #1945, .F. ) ;
#4391 = CIRCLE ( 'NONE', #4481, 0.02935410264610490219 ) ;
#4392 = ORIENTED_EDGE ( 'NONE', *, *, #241, .T. ) ;
#4393 = ADVANCED_FACE ( 'NONE', ( #812 ), #412, .T. ) ;
#4394 = CYLINDRICAL_SURFACE ( 'NONE', #2942, 0.02935410264610283093 ) ;
#4395 = AXIS2_PLACEMENT_3D ( 'NONE', #3146, #1842, #4278 ) ;
#4396 = DIRECTION ( 'NONE',  ( 0.000000000000000000, -0.000000000000000000, -1.000000000000000000 ) ) ;
#4397 = CARTESIAN_POINT ( 'NONE',  ( 38.81593628358015735, 38.81588881765458865, 20.67243509468759655 ) ) ;
#4398 = ORIENTED_EDGE ( 'NONE', *, *, #2310, .T. ) ;
#4399 = CIRCLE ( 'NONE', #1322, 0.001006105236834714794 ) ;
#4400 = ORIENTED_EDGE ( 'NONE', *, *, #3980, .T. ) ;
#4401 = CARTESIAN_POINT ( 'NONE',  ( 38.81972173147418204, 38.85470461758484362, 20.67243509468759655 ) ) ;
#4402 = ORIENTED_EDGE ( 'NONE', *, *, #118, .F. ) ;
#4403 = FACE_OUTER_BOUND ( 'NONE', #4131, .T. ) ;
#4404 = CARTESIAN_POINT ( 'NONE',  ( 38.81762994539587908, 38.80814141525497973, 20.73672348416213040 ) ) ;
#4405 = FACE_OUTER_BOUND ( 'NONE', #2952, .T. ) ;
#4406 = VERTEX_POINT ( 'NONE', #2399 ) ;
#4407 = ORIENTED_EDGE ( 'NONE', *, *, #4961, .T. ) ;
#4408 = FACE_OUTER_BOUND ( 'NONE', #5, .T. ) ;
#4409 = CARTESIAN_POINT ( 'NONE',  ( 38.85244969651957803, 38.82959161355540090, 20.67243509468759655 ) ) ;
#4410 = CYLINDRICAL_SURFACE ( 'NONE', #3861, 0.03600013749699115806 ) ;
#4411 = ADVANCED_FACE ( 'NONE', ( #3107 ), #3935, .T. ) ;
#4412 = DIRECTION ( 'NONE',  ( -0.000000000000000000, -0.000000000000000000, -1.000000000000000000 ) ) ;
#4413 = EDGE_LOOP ( 'NONE', ( #890, #3159 ) ) ;
#4414 = ORIENTED_EDGE ( 'NONE', *, *, #1413, .F. ) ;
#4415 = CARTESIAN_POINT ( 'NONE',  ( 38.80810159936660142, 38.80465878886882081, 20.64075716427210239 ) ) ;
#4416 = DIRECTION ( 'NONE',  ( -0.000000000000000000, 0.000000000000000000, 1.000000000000000000 ) ) ;
#4417 = CARTESIAN_POINT ( 'NONE',  ( 38.80229345150574005, 38.81471879361875210, 20.74123509773935581 ) ) ;
#4418 = AXIS2_PLACEMENT_3D ( 'NONE', #4542, #1417, #4518 ) ;
#4419 = EDGE_CURVE ( 'NONE', #2738, #861, #3958, .T. ) ;
#4420 = ADVANCED_FACE ( 'NONE', ( #438, #1932 ), #2332, .F. ) ;
#4421 = CARTESIAN_POINT ( 'NONE',  ( 38.82515599357167702, 38.84668412468278120, 20.65843509468759720 ) ) ;
#4422 = ORIENTED_EDGE ( 'NONE', *, *, #2868, .F. ) ;
#4423 = AXIS2_PLACEMENT_3D ( 'NONE', #2791, #82, #2376 ) ;
#4424 = EDGE_LOOP ( 'NONE', ( #2646, #4141 ) ) ;
#4425 = FACE_BOUND ( 'NONE', #880, .T. ) ;
#4426 = VERTEX_POINT ( 'NONE', #2688 ) ;
#4427 = DIRECTION ( 'NONE',  ( -0.000000000000000000, -0.000000000000000000, 1.000000000000000000 ) ) ;
#4428 = CARTESIAN_POINT ( 'NONE',  ( 38.78593625244757703, 38.81588881765458865, 20.67363509449686276 ) ) ;
#4429 = AXIS2_PLACEMENT_3D ( 'NONE', #2858, #4433, #960 ) ;
#4430 = VECTOR ( 'NONE', #2606, 1.000000000000000000 ) ;
#4431 = CARTESIAN_POINT ( 'NONE',  ( 38.81368628278060129, 38.82349257571212320, 20.73523509773935558 ) ) ;
#4432 = LINE ( 'NONE', #3594, #4568 ) ;
#4433 = DIRECTION ( 'NONE',  ( 0.000000000000000000, -0.000000000000000000, -1.000000000000000000 ) ) ;
#4434 = ORIENTED_EDGE ( 'NONE', *, *, #1106, .T. ) ;
#4435 = LINE ( 'NONE', #1652, #2774 ) ;
#4436 = DIRECTION ( 'NONE',  ( 0.000000000000000000, 0.000000000000000000, -1.000000000000000000 ) ) ;
#4437 = ORIENTED_EDGE ( 'NONE', *, *, #982, .F. ) ;
#4438 = ORIENTED_EDGE ( 'NONE', *, *, #2972, .F. ) ;
#4439 = CARTESIAN_POINT ( 'NONE',  ( 38.84593631471273767, 38.81588881765458865, 20.67333509449686346 ) ) ;
#4440 = EDGE_CURVE ( 'NONE', #4272, #4695, #1676, .T. ) ;
#4441 = DIRECTION ( 'NONE',  ( 0.000000000000000000, 0.000000000000000000, -1.000000000000000000 ) ) ;
#4442 = DIRECTION ( 'NONE',  ( -0.000000000000000000, 0.000000000000000000, -1.000000000000000000 ) ) ;
#4443 = DIRECTION ( 'NONE',  ( -1.000000000000000000, 0.000000000000000000, 0.000000000000000000 ) ) ;
#4444 = ORIENTED_EDGE ( 'NONE', *, *, #1884, .F. ) ;
#4445 = EDGE_CURVE ( 'NONE', #1449, #4730, #3700, .T. ) ;
#4446 = DIRECTION ( 'NONE',  ( -0.000000000000000000, -0.000000000000000000, -1.000000000000000000 ) ) ;
#4447 = VERTEX_POINT ( 'NONE', #484 ) ;
#4448 = CARTESIAN_POINT ( 'NONE',  ( 38.83206588950436355, 38.78038062489976312, 20.65843509468759720 ) ) ;
#4449 = AXIS2_PLACEMENT_3D ( 'NONE', #2745, #4581, #1920 ) ;
#4450 = CIRCLE ( 'NONE', #3326, 0.001006105236833839843 ) ;
#4451 = DIRECTION ( 'NONE',  ( -1.000000000000000000, 0.000000000000000000, 0.000000000000000000 ) ) ;
#4452 = ADVANCED_FACE ( 'NONE', ( #1197 ), #1172, .T. ) ;
#4453 = LINE ( 'NONE', #1801, #1179 ) ;
#4454 = DIRECTION ( 'NONE',  ( 0.4999999089352102355, 0.8660254563607132638, 0.000000000000000000 ) ) ;
#4455 = LINE ( 'NONE', #988, #1999 ) ;
#4456 = CIRCLE ( 'NONE', #1219, 0.001006105236834714794 ) ;
#4457 = CARTESIAN_POINT ( 'NONE',  ( 38.84449422433640819, 38.78605704027753376, 20.67243509468759655 ) ) ;
#4458 = ORIENTED_EDGE ( 'NONE', *, *, #1228, .F. ) ;
#4459 = CARTESIAN_POINT ( 'NONE',  ( 38.85722404922378814, 38.81498807914189086, 20.67243509468759655 ) ) ;
#4460 = DIRECTION ( 'NONE',  ( -0.4999999999999980016, -0.8660254037844398178, 0.000000000000000000 ) ) ;
#4461 = AXIS2_PLACEMENT_3D ( 'NONE', #2092, #2898, #3636 ) ;
#4462 = CARTESIAN_POINT ( 'NONE',  ( 38.79399968736922233, 38.78511512551708051, 20.65843509468759720 ) ) ;
#4463 = VERTEX_POINT ( 'NONE', #3509 ) ;
#4464 = ORIENTED_EDGE ( 'NONE', *, *, #5019, .F. ) ;
#4465 = EDGE_LOOP ( 'NONE', ( #3324, #3281, #2455, #1421 ) ) ;
#4466 = CIRCLE ( 'NONE', #1717, 0.03600013749698897231 ) ;
#4467 = CARTESIAN_POINT ( 'NONE',  ( 38.81732037945555902, 38.82369959835634177, 20.73343734824229045 ) ) ;
#4468 = AXIS2_PLACEMENT_3D ( 'NONE', #2789, #2814, #527 ) ;
#4469 = CARTESIAN_POINT ( 'NONE',  ( 38.81593628358015735, 38.81588881765458865, 20.67243509468759655 ) ) ;
#4470 = CARTESIAN_POINT ( 'NONE',  ( 38.83787287979109948, 38.84666250979208968, 20.65843509468759720 ) ) ;
#4471 = VERTEX_POINT ( 'NONE', #33 ) ;
#4472 = AXIS2_PLACEMENT_3D ( 'NONE', #4493, #576, #2156 ) ;
#4473 = AXIS2_PLACEMENT_3D ( 'NONE', #3142, #1520, #3115 ) ;
#4474 = AXIS2_PLACEMENT_3D ( 'NONE', #3736, #3714, #264 ) ;
#4475 = PRODUCT_DEFINITION ( 'UNKNOWN', '', #3621, #3968 ) ;
#4476 = CARTESIAN_POINT ( 'NONE',  ( 38.82916059078787185, 38.85129153054458584, 20.65843509468759720 ) ) ;
#4477 = ORIENTED_EDGE ( 'NONE', *, *, #2927, .F. ) ;
#4478 = VERTEX_POINT ( 'NONE', #3127 ) ;
#4479 = AXIS2_PLACEMENT_3D ( 'NONE', #4202, #3514, #2649 ) ;
#4480 = CARTESIAN_POINT ( 'NONE',  ( 38.84423121009513125, 38.80063263012861796, 20.67243509468759655 ) ) ;
#4481 = AXIS2_PLACEMENT_3D ( 'NONE', #2413, #72, #851 ) ;
#4482 = ORIENTED_EDGE ( 'NONE', *, *, #4259, .T. ) ;
#4483 = DIRECTION ( 'NONE',  ( -1.000000000000000000, 0.000000000000000000, 0.000000000000000000 ) ) ;
#4484 = VECTOR ( 'NONE', #4502, 1.000000000000000000 ) ;
#4485 = EDGE_CURVE ( 'NONE', #2851, #3655, #780, .T. ) ;
#4486 = CIRCLE ( 'NONE', #2944, 0.001006105236833839843 ) ;
#4487 = DIRECTION ( 'NONE',  ( 0.000000000000000000, 0.000000000000000000, 1.000000000000000000 ) ) ;
#4488 = ORIENTED_EDGE ( 'NONE', *, *, #3605, .F. ) ;
#4489 = CARTESIAN_POINT ( 'NONE',  ( 38.78063039892361985, 38.83731276291056389, 20.67243509468759655 ) ) ;
#4490 = DIRECTION ( 'NONE',  ( -0.000000000000000000, -0.000000000000000000, 1.000000000000000000 ) ) ;
#4491 = EDGE_CURVE ( 'NONE', #2812, #1607, #840, .T. ) ;
#4492 = EDGE_CURVE ( 'NONE', #925, #3039, #57, .T. ) ;
#4493 = CARTESIAN_POINT ( 'NONE',  ( 38.84449422433640819, 38.78605704027753376, 20.65843509468759720 ) ) ;
#4494 = ORIENTED_EDGE ( 'NONE', *, *, #3614, .T. ) ;
#4495 = LINE ( 'NONE', #4164, #2362 ) ;
#4496 = CARTESIAN_POINT ( 'NONE',  ( 38.82957911590064271, 38.81471879648791656, 20.72923509773935535 ) ) ;
#4497 = DIRECTION ( 'NONE',  ( -0.000000000000000000, -0.000000000000000000, -1.000000000000000000 ) ) ;
#4498 = ORIENTED_EDGE ( 'NONE', *, *, #371, .F. ) ;
#4499 = EDGE_LOOP ( 'NONE', ( #230, #2487, #1254, #84 ) ) ;
#4500 = LINE ( 'NONE', #686, #3661 ) ;
#4501 = CARTESIAN_POINT ( 'NONE',  ( 38.81593628358015735, 38.81588881765458865, 20.64075716427210239 ) ) ;
#4502 = DIRECTION ( 'NONE',  ( -0.000000000000000000, 0.000000000000000000, -1.000000000000000000 ) ) ;
#4503 = CARTESIAN_POINT ( 'NONE',  ( 38.79493628358015656, 38.81588881765458865, 20.65843509468759720 ) ) ;
#4504 = DIRECTION ( 'NONE',  ( 0.000000000000000000, 0.000000000000000000, 1.000000000000000000 ) ) ;
#4505 = EDGE_LOOP ( 'NONE', ( #177, #1946, #1575, #1736 ) ) ;
#4506 = VECTOR ( 'NONE', #469, 1.000000000000000000 ) ;
#4507 = CARTESIAN_POINT ( 'NONE',  ( 38.77628849271694378, 38.82744492432503591, 20.67243509468759655 ) ) ;
#4508 = ORIENTED_EDGE ( 'NONE', *, *, #1533, .F. ) ;
#4509 = DIRECTION ( 'NONE',  ( -0.000000000000000000, 0.000000000000000000, 1.000000000000000000 ) ) ;
#4510 = AXIS2_PLACEMENT_3D ( 'NONE', #4977, #3088, #1492 ) ;
#4511 = LINE ( 'NONE', #1382, #362 ) ;
#4512 = CIRCLE ( 'NONE', #3382, 0.03600013749699044335 ) ;
#4513 = CARTESIAN_POINT ( 'NONE',  ( 38.84307882452250738, 38.83214048840133614, 20.67243509468759655 ) ) ;
#4514 = CARTESIAN_POINT ( 'NONE',  ( 38.81593628358015735, 38.81588881765458865, 20.67243509468759655 ) ) ;
#4515 = EDGE_CURVE ( 'NONE', #2851, #2112, #4336, .T. ) ;
#4516 = VERTEX_POINT ( 'NONE', #4312 ) ;
#4517 = DIRECTION ( 'NONE',  ( 0.000000000000000000, 0.000000000000000000, -1.000000000000000000 ) ) ;
#4518 = DIRECTION ( 'NONE',  ( 0.8660254037867568533, -0.4999999999959848784, 0.000000000000000000 ) ) ;
#4519 = EDGE_CURVE ( 'NONE', #4276, #1123, #4108, .T. ) ;
#4520 = EDGE_CURVE ( 'NONE', #1339, #66, #1848, .T. ) ;
#4521 = CARTESIAN_POINT ( 'NONE',  ( 38.80671657358863769, 38.78509351062638899, 20.67243509468759655 ) ) ;
#4522 = ORIENTED_EDGE ( 'NONE', *, *, #2159, .F. ) ;
#4523 = ORIENTED_EDGE ( 'NONE', *, *, #2966, .F. ) ;
#4524 = DIRECTION ( 'NONE',  ( -0.000000000000000000, -0.000000000000000000, -1.000000000000000000 ) ) ;
#4525 = CYLINDRICAL_SURFACE ( 'NONE', #1198, 0.01369291142362527580 ) ;
#4526 = EDGE_CURVE ( 'NONE', #861, #941, #3220, .T. ) ;
#4527 = CYLINDRICAL_SURFACE ( 'NONE', #1811, 0.001006105236832866012 ) ;
#4528 = CARTESIAN_POINT ( 'NONE',  ( 38.77712049046573384, 38.81210329987204233, 20.67243509468759655 ) ) ;
#4529 = CARTESIAN_POINT ( 'NONE',  ( 38.82334936326034835, 38.84716820981572738, 20.67243509468759655 ) ) ;
#4530 = CARTESIAN_POINT ( 'NONE',  ( 38.81368628437970614, 38.80828505912386817, 20.73523509773935558 ) ) ;
#4531 = ORIENTED_EDGE ( 'NONE', *, *, #1052, .T. ) ;
#4532 = CARTESIAN_POINT ( 'NONE',  ( 38.79116608410798506, 38.84601244887813465, 20.67243509468759655 ) ) ;
#4533 = DIRECTION ( 'NONE',  ( -1.000000000000000000, 0.000000000000000000, 0.000000000000000000 ) ) ;
#4534 = VERTEX_POINT ( 'NONE', #3629 ) ;
#4535 = DIRECTION ( 'NONE',  ( -0.000000000000000000, -0.000000000000000000, 1.000000000000000000 ) ) ;
#4536 = VERTEX_POINT ( 'NONE', #1782 ) ;
#4537 = DIRECTION ( 'NONE',  ( 1.000000000000000000, 0.000000000000000000, 0.000000000000000000 ) ) ;
#4538 = DIRECTION ( 'NONE',  ( 0.9999999999999945599, 1.051540089572273336E-07, 0.000000000000000000 ) ) ;
#4539 = AXIS2_PLACEMENT_3D ( 'NONE', #2930, #1060, #4483 ) ;
#4540 = EDGE_CURVE ( 'NONE', #1984, #3841, #996, .T. ) ;
#4541 = CYLINDRICAL_SURFACE ( 'NONE', #3271, 0.03600013749699115806 ) ;
#4542 = CARTESIAN_POINT ( 'NONE',  ( 38.79968467628022211, 38.78774013484437688, 20.67243509468759655 ) ) ;
#4543 = DIRECTION ( 'NONE',  ( -1.000000000000000000, 0.000000000000000000, 0.000000000000000000 ) ) ;
#4544 = ADVANCED_FACE ( 'NONE', ( #1273 ), #2891, .T. ) ;
#4545 = ORIENTED_EDGE ( 'NONE', *, *, #1590, .F. ) ;
#4546 = EDGE_LOOP ( 'NONE', ( #1406, #4750, #3084, #4477 ) ) ;
#4547 = CYLINDRICAL_SURFACE ( 'NONE', #4264, 0.02935410264610283093 ) ;
#4548 = FACE_OUTER_BOUND ( 'NONE', #4743, .T. ) ;
#4549 = AXIS2_PLACEMENT_3D ( 'NONE', #1949, #3499, #1543 ) ;
#4550 = EDGE_CURVE ( 'NONE', #3074, #4447, #4340, .T. ) ;
#4551 = CARTESIAN_POINT ( 'NONE',  ( 38.83931849196654440, 38.79382920625069175, 20.67243509468759655 ) ) ;
#4552 = ORIENTED_EDGE ( 'NONE', *, *, #4953, .F. ) ;
#4553 = CARTESIAN_POINT ( 'NONE',  ( 38.84733204876530976, 38.80747638565070901, 20.65843509468759720 ) ) ;
#4554 = ORIENTED_EDGE ( 'NONE', *, *, #414, .F. ) ;
#4555 = CIRCLE ( 'NONE', #4472, 0.03600013749698947191 ) ;
#4556 = CARTESIAN_POINT ( 'NONE',  ( 38.84070642881416546, 38.84601249347727503, 20.65843509468759720 ) ) ;
#4557 = AXIS2_PLACEMENT_3D ( 'NONE', #3092, #2676, #2344 ) ;
#4558 = VECTOR ( 'NONE', #2116, 1.000000000000000000 ) ;
#4559 = AXIS2_PLACEMENT_3D ( 'NONE', #4365, #4751, #4774 ) ;
#4560 = AXIS2_PLACEMENT_3D ( 'NONE', #1095, #4517, #283 ) ;
#4561 = FACE_OUTER_BOUND ( 'NONE', #2878, .T. ) ;
#4562 = ORIENTED_EDGE ( 'NONE', *, *, #2798, .T. ) ;
#4563 = CARTESIAN_POINT ( 'NONE',  ( 38.81232548005768734, 38.77826972038980102, 20.67243509468759655 ) ) ;
#4564 = DIRECTION ( 'NONE',  ( 0.000000000000000000, 0.000000000000000000, -1.000000000000000000 ) ) ;
#4565 = CIRCLE ( 'NONE', #668, 0.01369291142362527580 ) ;
#4566 = VERTEX_POINT ( 'NONE', #3255 ) ;
#4567 = DIRECTION ( 'NONE',  ( -0.000000000000000000, 0.000000000000000000, 1.000000000000000000 ) ) ;
#4568 = VECTOR ( 'NONE', #4027, 1.000000000000000000 ) ;
#4569 = DIRECTION ( 'NONE',  ( 0.000000000000000000, 1.000000000000000000, 0.000000000000000000 ) ) ;
#4570 = DIRECTION ( 'NONE',  ( -1.000000000000000000, 0.000000000000000000, 0.000000000000000000 ) ) ;
#4571 = CYLINDRICAL_SURFACE ( 'NONE', #4110, 0.002249999999996544695 ) ;
#4572 = VERTEX_POINT ( 'NONE', #2839 ) ;
#4573 = ORIENTED_EDGE ( 'NONE', *, *, #634, .T. ) ;
#4574 = DIRECTION ( 'NONE',  ( -0.7071067811865474617, 0.7071067811865474617, 0.000000000000000000 ) ) ;
#4575 = EDGE_CURVE ( 'NONE', #458, #894, #702, .T. ) ;
#4576 = VERTEX_POINT ( 'NONE', #553 ) ;
#4577 = DIRECTION ( 'NONE',  ( -1.000000000000000000, 0.000000000000000000, 0.000000000000000000 ) ) ;
#4578 = ORIENTED_EDGE ( 'NONE', *, *, #4829, .F. ) ;
#4579 = DIRECTION ( 'NONE',  ( -0.000000000000000000, 0.000000000000000000, -1.000000000000000000 ) ) ;
#4580 = VERTEX_POINT ( 'NONE', #2085 ) ;
#4581 = DIRECTION ( 'NONE',  ( -0.000000000000000000, -0.000000000000000000, -1.000000000000000000 ) ) ;
#4582 = B_SPLINE_CURVE_WITH_KNOTS ( 'NONE', 3,
 ( #4026, #1722, #3225, #3676, #3202, #126, #2046, #2020, #1263, #548, #3593, #3644, #2882, #4762, #1672, #2101, #2130, #4740, #152, #173, #3970, #4377, #4327, #1285, #3567, #3276, #4813, #2830, #2442, #4431 ),
 .UNSPECIFIED., .F., .F.,
 ( 4, 2, 2, 2, 2, 2, 2, 2, 2, 2, 2, 2, 2, 2, 4 ),
 ( 3.552713678800500535E-15, 0.0004419332463865434228, 0.0008838664927695341319, 0.001325799739152524895, 0.001767732985535515550, 0.002651599478313349575, 0.003093532724693542988, 0.003535465971073736401, 0.003977399217453930248, 0.004419332463834123662, 0.005303198956575122351, 0.005745132202939745754, 0.006187065449304368289, 0.006628998695668990825, 0.007070931942033612493 ),
 .UNSPECIFIED. ) ;
#4583 = EDGE_CURVE ( 'NONE', #3797, #3445, #580, .T. ) ;
#4584 = ADVANCED_FACE ( 'NONE', ( #3600 ), #158, .F. ) ;
#4585 = CYLINDRICAL_SURFACE ( 'NONE', #1134, 0.03600013749699115806 ) ;
#4586 = DIRECTION ( 'NONE',  ( -0.000000000000000000, 0.000000000000000000, 1.000000000000000000 ) ) ;
#4587 = APPLICATION_PROTOCOL_DEFINITION ( 'draft international standard', 'automotive_design', 1998, #3708 ) ;
#4588 = CARTESIAN_POINT ( 'NONE',  ( 38.83119247110612804, 38.84418374416956254, 20.67243509468759655 ) ) ;
#4589 = CIRCLE ( 'NONE', #2384, 0.02100000000000079581 ) ;
#4590 = ORIENTED_EDGE ( 'NONE', *, *, #1133, .F. ) ;
#4591 = AXIS2_PLACEMENT_3D ( 'NONE', #2674, #358, #773 ) ;
#4592 = CARTESIAN_POINT ( 'NONE',  ( 38.85475207669458086, 38.81967433543713497, 20.67243509468759655 ) ) ;
#4593 = DIRECTION ( 'NONE',  ( -0.000000000000000000, -0.000000000000000000, -1.000000000000000000 ) ) ;
#4594 = AXIS2_PLACEMENT_3D ( 'NONE', #2213, #2186, #4192 ) ;
#4595 = ORIENTED_EDGE ( 'NONE', *, *, #2165, .T. ) ;
#4596 = ORIENTED_EDGE ( 'NONE', *, *, #110, .F. ) ;
#4597 = FACE_OUTER_BOUND ( 'NONE', #3263, .T. ) ;
#4598 = VECTOR ( 'NONE', #1649, 1.000000000000000000 ) ;
#4599 = CARTESIAN_POINT ( 'NONE',  ( 38.79295296936050619, 38.83887208007013214, 20.65843509468759720 ) ) ;
#4600 = VERTEX_POINT ( 'NONE', #4032 ) ;
#4601 = ORIENTED_EDGE ( 'NONE', *, *, #3027, .T. ) ;
#4602 = ADVANCED_FACE ( 'NONE', ( #506 ), #2451, .T. ) ;
#4603 = CARTESIAN_POINT ( 'NONE',  ( 38.80810159700487816, 38.82711884479268605, 20.72923509773935535 ) ) ;
#4604 = VERTEX_POINT ( 'NONE', #3652 ) ;
#4605 = DIRECTION ( 'NONE',  ( 0.8660254037867568533, -0.4999999999959848784, 0.000000000000000000 ) ) ;
#4606 = EDGE_CURVE ( 'NONE', #4695, #390, #1034, .T. ) ;
#4607 = DIRECTION ( 'NONE',  ( -0.000000000000000000, -0.000000000000000000, 1.000000000000000000 ) ) ;
#4608 = CYLINDRICAL_SURFACE ( 'NONE', #302, 0.001006105236832866012 ) ;
#4609 = ORIENTED_EDGE ( 'NONE', *, *, #3681, .F. ) ;
#4610 = CARTESIAN_POINT ( 'NONE',  ( 38.80954654646342306, 38.77741587651977540, 20.65843509468759720 ) ) ;
#4611 = B_SPLINE_CURVE_WITH_KNOTS ( 'NONE', 3,
 ( #2666, #3465, #2243, #2623, #3057, #1149, #3763, #2645, #3444, #2196, #295, #1821, #1526, #1846, #4200, #1103, #1454, #3796, #4908, #1898, #5016, #1430, #1505, #268, #3393, #3035, #3364, #2984, #4175, #4530 ),
 .UNSPECIFIED., .F., .F.,
 ( 4, 2, 2, 2, 2, 2, 2, 2, 2, 2, 2, 2, 2, 2, 4 ),
 ( 7.105427357601001859E-15, 0.0004419332463752037522, 0.0008838664927433020771, 0.001325799739111400456, 0.001767732985479498727, 0.002651599478226195766, 0.003093532724610415473, 0.003535465970994634746, 0.003977399217378854018, 0.004419332463763072857, 0.005303198956525360941, 0.005745132202900628607, 0.006187065449275894538, 0.006628998695651161337, 0.007070931942026427268 ),
 .UNSPECIFIED. ) ;
#4612 = ADVANCED_FACE ( 'NONE', ( #4089 ), #4360, .F. ) ;
#4613 = CIRCLE ( 'NONE', #244, 0.001006105236833839843 ) ;
#4614 = EDGE_CURVE ( 'NONE', #1862, #155, #2318, .T. ) ;
#4615 = CARTESIAN_POINT ( 'NONE',  ( 38.82386595193359824, 38.81588881765458865, 20.66573509468759795 ) ) ;
#4616 = CARTESIAN_POINT ( 'NONE',  ( 38.84329599280003720, 38.83276484905178449, 20.65843509468759720 ) ) ;
#4617 = ORIENTED_EDGE ( 'NONE', *, *, #3301, .F. ) ;
#4618 = CIRCLE ( 'NONE', #3963, 0.03899994794847572166 ) ;
#4619 = LINE ( 'NONE', #4667, #2569 ) ;
#4620 = ORIENTED_EDGE ( 'NONE', *, *, #4914, .T. ) ;
#4621 = ORIENTED_EDGE ( 'NONE', *, *, #3144, .F. ) ;
#4622 = CIRCLE ( 'NONE', #1156, 0.001006105236834714794 ) ;
#4623 = CYLINDRICAL_SURFACE ( 'NONE', #4004, 0.03899994794847572166 ) ;
#4624 = DIRECTION ( 'NONE',  ( 0.000000000000000000, 0.000000000000000000, -1.000000000000000000 ) ) ;
#4625 = EDGE_LOOP ( 'NONE', ( #4932, #1501, #3565, #3036 ) ) ;
#4626 = VERTEX_POINT ( 'NONE', #4409 ) ;
#4627 = AXIS2_PLACEMENT_3D ( 'NONE', #4012, #3847, #3818 ) ;
#4628 = ORIENTED_EDGE ( 'NONE', *, *, #856, .T. ) ;
#4629 = DIRECTION ( 'NONE',  ( -0.000000000000000000, -0.000000000000000000, -1.000000000000000000 ) ) ;
#4630 = DIRECTION ( 'NONE',  ( 0.000000000000000000, -0.000000000000000000, 1.000000000000000000 ) ) ;
#4631 = AXIS2_PLACEMENT_3D ( 'NONE', #2073, #3619, #97 ) ;
#4632 = CYLINDRICAL_SURFACE ( 'NONE', #1939, 0.02935410264610283093 ) ;
#4633 = AXIS2_PLACEMENT_3D ( 'NONE', #2687, #4197, #713 ) ;
#4634 = DIRECTION ( 'NONE',  ( 0.000000000000000000, -0.000000000000000000, 1.000000000000000000 ) ) ;
#4635 = ORIENTED_EDGE ( 'NONE', *, *, #2095, .T. ) ;
#4636 = DIRECTION ( 'NONE',  ( 1.000000000000000000, 0.000000000000000000, 0.000000000000000000 ) ) ;
#4637 = ADVANCED_FACE ( 'NONE', ( #233 ), #3232, .T. ) ;
#4638 = CIRCLE ( 'NONE', #106, 0.03600013749698947191 ) ;
#4639 = AXIS2_PLACEMENT_3D ( 'NONE', #1284, #198, #2580 ) ;
#4640 = CIRCLE ( 'NONE', #4719, 0.02935410264610087416 ) ;
#4641 = CARTESIAN_POINT ( 'NONE',  ( 38.78454053735662654, 38.80747631488497973, 20.67243509468759655 ) ) ;
#4642 = AXIS2_PLACEMENT_3D ( 'NONE', #4094, #585, #3713 ) ;
#4643 = CYLINDRICAL_SURFACE ( 'NONE', #2693, 0.03899994794847572166 ) ;
#4644 = DIRECTION ( 'NONE',  ( 0.000000000000000000, 0.000000000000000000, -1.000000000000000000 ) ) ;
#4645 = EDGE_CURVE ( 'NONE', #436, #3150, #2162, .T. ) ;
#4646 = DIRECTION ( 'NONE',  ( -0.000000000000000000, -0.000000000000000000, 1.000000000000000000 ) ) ;
#4647 = ADVANCED_FACE ( 'NONE', ( #3284 ), #3435, .T. ) ;
#4648 = EDGE_LOOP ( 'NONE', ( #4062, #3052, #4811, #2141 ) ) ;
#4649 = CIRCLE ( 'NONE', #2445, 0.01369291142362527580 ) ;
#4650 = ORIENTED_EDGE ( 'NONE', *, *, #1769, .F. ) ;
#4651 = FACE_BOUND ( 'NONE', #3788, .T. ) ;
#4652 = DIRECTION ( 'NONE',  ( 0.000000000000000000, 0.000000000000000000, -1.000000000000000000 ) ) ;
#4653 = FACE_OUTER_BOUND ( 'NONE', #1595, .T. ) ;
#4654 = ORIENTED_EDGE ( 'NONE', *, *, #2312, .F. ) ;
#4655 = VERTEX_POINT ( 'NONE', #2283 ) ;
#4656 = FACE_OUTER_BOUND ( 'NONE', #3764, .T. ) ;
#4657 = CYLINDRICAL_SURFACE ( 'NONE', #164, 0.001006105236832866012 ) ;
#4658 = DIRECTION ( 'NONE',  ( -0.000000000000000000, -0.000000000000000000, 1.000000000000000000 ) ) ;
#4659 = CARTESIAN_POINT ( 'NONE',  ( 38.84070648305232965, 38.78576518643103554, 20.67243509468759655 ) ) ;
#4660 = ORIENTED_EDGE ( 'NONE', *, *, #3585, .T. ) ;
#4661 = CARTESIAN_POINT ( 'NONE',  ( 38.80852320389996635, 38.78460942549344992, 20.67243509468759655 ) ) ;
#4662 = CIRCLE ( 'NONE', #2463, 0.02935410264609947945 ) ;
#4663 = EDGE_CURVE ( 'NONE', #3293, #3841, #2647, .T. ) ;
#4664 = FACE_OUTER_BOUND ( 'NONE', #3337, .T. ) ;
#4665 = AXIS2_PLACEMENT_3D ( 'NONE', #2160, #334, #3706 ) ;
#4666 = CARTESIAN_POINT ( 'NONE',  ( 38.81593628358015735, 38.81588881765458865, 20.67363509449686276 ) ) ;
#4667 = CARTESIAN_POINT ( 'NONE',  ( 38.79116608410798506, 38.84601244887813465, 20.67243509468759655 ) ) ;
#4668 = VECTOR ( 'NONE', #3560, 1.000000000000000000 ) ;
#4669 = ORIENTED_EDGE ( 'NONE', *, *, #3248, .T. ) ;
#4670 = VECTOR ( 'NONE', #2790, 1.000000000000000000 ) ;
#4671 = ORIENTED_EDGE ( 'NONE', *, *, #3772, .F. ) ;
#4672 = EDGE_CURVE ( 'NONE', #3258, #3759, #1186, .T. ) ;
#4673 = PLANE ( 'NONE',  #3856 ) ;
#4674 = ADVANCED_FACE ( 'NONE', ( #3730 ), #1837, .F. ) ;
#4675 = AXIS2_PLACEMENT_3D ( 'NONE', #2973, #1448, #4983 ) ;
#4676 = CARTESIAN_POINT ( 'NONE',  ( 38.81593628358015735, 38.81588881765458865, 20.67243509468759655 ) ) ;
#4677 = ORIENTED_EDGE ( 'NONE', *, *, #3410, .T. ) ;
#4678 = ORIENTED_EDGE ( 'NONE', *, *, #3275, .T. ) ;
#4679 = AXIS2_PLACEMENT_3D ( 'NONE', #2304, #1544, #4306 ) ;
#4680 = CIRCLE ( 'NONE', #2712, 0.001006105236833839843 ) ;
#4681 = ADVANCED_FACE ( 'NONE', ( #4139 ), #2564, .T. ) ;
#4682 = EDGE_LOOP ( 'NONE', ( #764, #3876, #565, #4042 ) ) ;
#4683 = DIRECTION ( 'NONE',  ( 0.8660254563607132638, -0.4999999089352102355, 0.000000000000000000 ) ) ;
#4684 = VERTEX_POINT ( 'NONE', #4521 ) ;
#4685 = CARTESIAN_POINT ( 'NONE',  ( 38.80612027009399867, 38.85600286508127965, 20.67243509468759655 ) ) ;
#4686 = ORIENTED_EDGE ( 'NONE', *, *, #513, .T. ) ;
#4687 = AXIS2_PLACEMENT_3D ( 'NONE', #4876, #2568, #1787 ) ;
#4688 = CARTESIAN_POINT ( 'NONE',  ( 38.81444846318300534, 38.82367837760754270, 20.73354086279682917 ) ) ;
#4689 = DIRECTION ( 'NONE',  ( 0.000000000000000000, 1.000000000000000000, 0.000000000000000000 ) ) ;
#4690 = DIRECTION ( 'NONE',  ( -0.4999999089352162862, -0.8660254563607097111, 0.000000000000000000 ) ) ;
#4691 = DIRECTION ( 'NONE',  ( 0.5000000000001085798, -0.8660254037843760910, 0.000000000000000000 ) ) ;
#4692 = CARTESIAN_POINT ( 'NONE',  ( 38.81414840045237469, 38.80816287692390176, 20.73660894667801813 ) ) ;
#4693 = CYLINDRICAL_SURFACE ( 'NONE', #62, 0.02935410264610283093 ) ;
#4694 = ADVANCED_FACE ( 'NONE', ( #3383 ), #3838, .F. ) ;
#4695 = VERTEX_POINT ( 'NONE', #4872 ) ;
#4696 = ORIENTED_EDGE ( 'NONE', *, *, #3806, .T. ) ;
#4697 = CARTESIAN_POINT ( 'NONE',  ( 38.81593628358015735, 38.81588881765458865, 20.74123509773935581 ) ) ;
#4698 = AXIS2_PLACEMENT_3D ( 'NONE', #4077, #2229, #3695 ) ;
#4699 = CARTESIAN_POINT ( 'NONE',  ( 38.81593628358015735, 38.81588881765458865, 20.74123509773935581 ) ) ;
#4700 = ADVANCED_FACE ( 'NONE', ( #683 ), #2997, .F. ) ;
#4701 = EDGE_LOOP ( 'NONE', ( #4494, #1210, #1475, #4620 ) ) ;
#4702 = AXIS2_PLACEMENT_3D ( 'NONE', #1277, #3583, #65 ) ;
#4703 = ORIENTED_EDGE ( 'NONE', *, *, #1504, .F. ) ;
#4704 = CARTESIAN_POINT ( 'NONE',  ( 38.78380406465699082, 38.81495360035949460, 20.67243509468759655 ) ) ;
#4705 = CARTESIAN_POINT ( 'NONE',  ( 38.78857657436028461, 38.79901278625739280, 20.67243509468759655 ) ) ;
#4706 = EDGE_CURVE ( 'NONE', #235, #5003, #3941, .T. ) ;
#4707 = AXIS2_PLACEMENT_3D ( 'NONE', #3374, #2527, #2234 ) ;
#4708 = VERTEX_POINT ( 'NONE', #1047 ) ;
#4709 = DIRECTION ( 'NONE',  ( 0.000000000000000000, 0.000000000000000000, -1.000000000000000000 ) ) ;
#4710 = AXIS2_PLACEMENT_3D ( 'NONE', #3651, #2888, #3327 ) ;
#4711 = CARTESIAN_POINT ( 'NONE',  ( 38.81593628358015735, 38.81588881765458865, 20.74123509773935581 ) ) ;
#4712 = ORIENTED_EDGE ( 'NONE', *, *, #481, .T. ) ;
#4713 = DIRECTION ( 'NONE',  ( -1.000000000000000000, 0.000000000000000000, 0.000000000000000000 ) ) ;
#4714 = AXIS2_PLACEMENT_3D ( 'NONE', #2807, #875, #520 ) ;
#4715 = LINE ( 'NONE', #1696, #3389 ) ;
#4716 = CARTESIAN_POINT ( 'NONE',  ( 38.81593628358015735, 38.81588881765458865, 20.65843509468759720 ) ) ;
#4717 = CIRCLE ( 'NONE', #2521, 0.03899994794847572166 ) ;
#4718 = VECTOR ( 'NONE', #1802, 1.000000000000000000 ) ;
#4719 = AXIS2_PLACEMENT_3D ( 'NONE', #559, #2544, #2896 ) ;
#4720 = LINE ( 'NONE', #5008, #785 ) ;
#4721 = ORIENTED_EDGE ( 'NONE', *, *, #3525, .T. ) ;
#4722 = CARTESIAN_POINT ( 'NONE',  ( 38.82434871558404410, 38.84728458283974106, 20.65843509468759720 ) ) ;
#4723 = VECTOR ( 'NONE', #4579, 1.000000000000000000 ) ;
#4724 = LINE ( 'NONE', #1248, #4670 ) ;
#4725 = CIRCLE ( 'NONE', #4560, 0.001006105236834714794 ) ;
#4726 = ADVANCED_FACE ( 'NONE', ( #3812 ), #337, .T. ) ;
#4727 = CARTESIAN_POINT ( 'NONE',  ( 38.81593628358015735, 38.81588881765458865, 20.67243509468759655 ) ) ;
#4728 = AXIS2_PLACEMENT_3D ( 'NONE', #2553, #2128, #3674 ) ;
#4729 = ORIENTED_EDGE ( 'NONE', *, *, #4419, .F. ) ;
#4730 = VERTEX_POINT ( 'NONE', #651 ) ;
#4731 = EDGE_CURVE ( 'NONE', #1912, #582, #3757, .T. ) ;
#4732 = LINE ( 'NONE', #1604, #3747 ) ;
#4733 = DIRECTION ( 'NONE',  ( -0.000000000000000000, -0.000000000000000000, -1.000000000000000000 ) ) ;
#4734 = ORIENTED_EDGE ( 'NONE', *, *, #3154, .T. ) ;
#4735 = ORIENTED_EDGE ( 'NONE', *, *, #240, .T. ) ;
#4736 = ADVANCED_FACE ( 'NONE', ( #627 ), #4900, .T. ) ;
#4737 = CARTESIAN_POINT ( 'NONE',  ( 38.81593628358015735, 38.81588881765458865, 20.68033509449686136 ) ) ;
#4738 = ORIENTED_EDGE ( 'NONE', *, *, #1514, .T. ) ;
#4739 = CARTESIAN_POINT ( 'NONE',  ( 38.85144447633498288, 38.83201842357878775, 20.67243509468759655 ) ) ;
#4740 = CARTESIAN_POINT ( 'NONE',  ( 38.81535040130324177, 38.82379813878334573, 20.73741247990530567 ) ) ;
#4741 = CARTESIAN_POINT ( 'NONE',  ( 38.81578764617815835, 38.80795915531786733, 20.73748507647959727 ) ) ;
#4742 = CARTESIAN_POINT ( 'NONE',  ( 38.82232602069689165, 38.85436175878940190, 20.65843509468759720 ) ) ;
#4743 = EDGE_LOOP ( 'NONE', ( #4721, #3921, #4522, #4246 ) ) ;
#4744 = ORIENTED_EDGE ( 'NONE', *, *, #2132, .F. ) ;
#4745 = CARTESIAN_POINT ( 'NONE',  ( 38.81593628358015735, 38.81588881765458865, 20.67243509468759655 ) ) ;
#4746 = CARTESIAN_POINT ( 'NONE',  ( 38.78737834282390651, 38.84572059503164354, 20.67243509468759655 ) ) ;
#4747 = CARTESIAN_POINT ( 'NONE',  ( 38.81593628358015735, 38.81588881765458865, 20.67243509468759655 ) ) ;
#4748 = CIRCLE ( 'NONE', #2560, 0.02935410264610283093 ) ;
#4749 = ORIENTED_EDGE ( 'NONE', *, *, #3437, .T. ) ;
#4750 = ORIENTED_EDGE ( 'NONE', *, *, #1622, .T. ) ;
#4751 = DIRECTION ( 'NONE',  ( 0.8660253512081603766, 0.5000000910647741659, 0.000000000000000000 ) ) ;
#4752 = CARTESIAN_POINT ( 'NONE',  ( 38.81593628358015735, 38.81588881765458865, 20.67243509468759655 ) ) ;
#4753 = ORIENTED_EDGE ( 'NONE', *, *, #2919, .F. ) ;
#4754 = VECTOR ( 'NONE', #3227, 1.000000000000000000 ) ;
#4755 = ADVANCED_FACE ( 'NONE', ( #1888 ), #2236, .F. ) ;
#4756 = VERTEX_POINT ( 'NONE', #1121 ) ;
#4757 = CARTESIAN_POINT ( 'NONE',  ( 38.79387662037215989, 38.83927097423686803, 20.67243509468759655 ) ) ;
#4758 = VERTEX_POINT ( 'NONE', #1419 ) ;
#4759 = CARTESIAN_POINT ( 'NONE',  ( 38.83799589498405425, 38.83927102604097570, 20.67243509468759655 ) ) ;
#4760 = EDGE_CURVE ( 'NONE', #1984, #363, #4957, .T. ) ;
#4761 = DIRECTION ( 'NONE',  ( 1.000000000000000000, 0.000000000000000000, 0.000000000000000000 ) ) ;
#4762 = CARTESIAN_POINT ( 'NONE',  ( 38.81623140269056194, 38.82381433079484623, 20.73747058324397230 ) ) ;
#4763 = CARTESIAN_POINT ( 'NONE',  ( 38.81811361093335933, 38.80826387207865480, 20.73582122995210852 ) ) ;
#4764 = CARTESIAN_POINT ( 'NONE',  ( 38.84070642881416546, 38.84601249347727503, 20.67243509468759655 ) ) ;
#4765 = ADVANCED_FACE ( 'NONE', ( #3026 ), #4571, .F. ) ;
#4766 = VERTEX_POINT ( 'NONE', #3906 ) ;
#4767 = EDGE_LOOP ( 'NONE', ( #3350, #3959, #3537, #1217 ) ) ;
#4768 = DIRECTION ( 'NONE',  ( 0.000000000000000000, 0.000000000000000000, -1.000000000000000000 ) ) ;
#4769 = CARTESIAN_POINT ( 'NONE',  ( 38.81593628358015735, 38.81588881765458865, 20.67243509468759655 ) ) ;
#4770 = DIRECTION ( 'NONE',  ( -1.000000000000000000, 0.000000000000000000, 0.000000000000000000 ) ) ;
#4771 = DIRECTION ( 'NONE',  ( 0.000000000000000000, 0.000000000000000000, -1.000000000000000000 ) ) ;
#4772 = ORIENTED_EDGE ( 'NONE', *, *, #1615, .F. ) ;
#4773 = ORIENTED_EDGE ( 'NONE', *, *, #673, .T. ) ;
#4774 = DIRECTION ( 'NONE',  ( -0.5000000910647741659, 0.8660253512081603766, 0.000000000000000000 ) ) ;
#4775 = FACE_OUTER_BOUND ( 'NONE', #1379, .T. ) ;
#4776 = CIRCLE ( 'NONE', #2108, 0.001006105236833839843 ) ;
#4777 = DIRECTION ( 'NONE',  ( -0.8660254037844755670, -0.4999999999999360512, 0.000000000000000000 ) ) ;
#4778 = ORIENTED_EDGE ( 'NONE', *, *, #4022, .T. ) ;
#4779 = VERTEX_POINT ( 'NONE', #1614 ) ;
#4780 = LINE ( 'NONE', #3270, #17 ) ;
#4781 = EDGE_LOOP ( 'NONE', ( #3455, #2987, #1307, #3937 ) ) ;
#4782 = CYLINDRICAL_SURFACE ( 'NONE', #3960, 0.02935410264610283093 ) ;
#4783 = AXIS2_PLACEMENT_3D ( 'NONE', #3238, #4504, #1712 ) ;
#4784 = DIRECTION ( 'NONE',  ( 0.000000000000000000, 0.000000000000000000, -1.000000000000000000 ) ) ;
#4785 = CARTESIAN_POINT ( 'NONE',  ( 38.81732038109819172, 38.80807803724391647, 20.73703284723642781 ) ) ;
#4786 = EDGE_CURVE ( 'NONE', #4896, #410, #5009, .T. ) ;
#4787 = CYLINDRICAL_SURFACE ( 'NONE', #866, 0.01509999999999678266 ) ;
#4788 = CIRCLE ( 'NONE', #4714, 0.03899994794847572166 ) ;
#4789 = ORIENTED_EDGE ( 'NONE', *, *, #3363, .T. ) ;
#4790 = ORIENTED_EDGE ( 'NONE', *, *, #4526, .F. ) ;
#4791 = DIRECTION ( 'NONE',  ( 0.000000000000000000, 0.000000000000000000, -1.000000000000000000 ) ) ;
#4792 = CIRCLE ( 'NONE', #3342, 0.02935410264609930597 ) ;
#4793 = EDGE_CURVE ( 'NONE', #754, #1770, #1435, .T. ) ;
#4794 = CIRCLE ( 'NONE', #2921, 0.02935410264610328890 ) ;
#4795 = CIRCLE ( 'NONE', #2610, 0.001006105236834714794 ) ;
#4796 = DIRECTION ( 'NONE',  ( -0.000000000000000000, 0.000000000000000000, 1.000000000000000000 ) ) ;
#4797 = AXIS2_PLACEMENT_3D ( 'NONE', #1509, #1901, #325 ) ;
#4798 = DIRECTION ( 'NONE',  ( -0.000000000000000000, -0.000000000000000000, -1.000000000000000000 ) ) ;
#4799 = ORIENTED_EDGE ( 'NONE', *, *, #4575, .F. ) ;
#4800 = AXIS2_PLACEMENT_3D ( 'NONE', #313, #4841, #4114 ) ;
#4801 = ORIENTED_EDGE ( 'NONE', *, *, #4043, .T. ) ;
#4802 = DIRECTION ( 'NONE',  ( -0.7071067811865474617, 0.7071067811865474617, 0.000000000000000000 ) ) ;
#4803 = CARTESIAN_POINT ( 'NONE',  ( 38.77746334244534410, 38.82227855477132294, 20.67243509468759655 ) ) ;
#4804 = CARTESIAN_POINT ( 'NONE',  ( 38.83791349256297565, 38.79290555523903805, 20.67243509468759655 ) ) ;
#4805 = CARTESIAN_POINT ( 'NONE',  ( 38.81500113954712816, 38.78375659873142212, 20.67243509468759655 ) ) ;
#4806 = CARTESIAN_POINT ( 'NONE',  ( 38.78454051839500494, 38.82430124965846829, 20.65843509468759720 ) ) ;
#4807 = ORIENTED_EDGE ( 'NONE', *, *, #2657, .F. ) ;
#4808 = AXIS2_PLACEMENT_3D ( 'NONE', #959, #1674, #3226 ) ;
#4809 = ORIENTED_EDGE ( 'NONE', *, *, #547, .T. ) ;
#4810 = CARTESIAN_POINT ( 'NONE',  ( 38.80068003260738152, 38.84418370753852656, 20.67243509468759655 ) ) ;
#4811 = ORIENTED_EDGE ( 'NONE', *, *, #3377, .F. ) ;
#4812 = DIRECTION ( 'NONE',  ( -1.000000000000000000, 0.000000000000000000, 0.000000000000000000 ) ) ;
#4813 = CARTESIAN_POINT ( 'NONE',  ( 38.81375915639870300, 38.82351382081631641, 20.73582206617201251 ) ) ;
#4814 = CARTESIAN_POINT ( 'NONE',  ( 38.81652043650799300, 38.80797936514839819, 20.73741295594316014 ) ) ;
#4815 = DIRECTION ( 'NONE',  ( 0.8660254037833949869, -0.5000000000018076651, 0.000000000000000000 ) ) ;
#4816 = ADVANCED_FACE ( 'NONE', ( #75 ), #3479, .T. ) ;
#4817 = VERTEX_POINT ( 'NONE', #1974 ) ;
#4818 = VERTEX_POINT ( 'NONE', #2786 ) ;
#4819 = DIRECTION ( 'NONE',  ( -0.000000000000000000, 0.000000000000000000, -1.000000000000000000 ) ) ;
#4820 = CARTESIAN_POINT ( 'NONE',  ( 38.83791344075887508, 38.83887213187423981, 20.67243509468759655 ) ) ;
#4821 = DIRECTION ( 'NONE',  ( -1.000000000000000000, 0.000000000000000000, 0.000000000000000000 ) ) ;
#4822 = EDGE_CURVE ( 'NONE', #3073, #1250, #224, .T. ) ;
#4823 = ORIENTED_EDGE ( 'NONE', *, *, #3806, .F. ) ;
#4824 = ORIENTED_EDGE ( 'NONE', *, *, #1133, .T. ) ;
#4825 = DIRECTION ( 'NONE',  ( -0.000000000000000000, 0.000000000000000000, -1.000000000000000000 ) ) ;
#4826 = LINE ( 'NONE', #1002, #4484 ) ;
#4827 = CARTESIAN_POINT ( 'NONE',  ( 38.82377096779371328, 38.82711884644035649, 20.74123509773935581 ) ) ;
#4828 = AXIS2_PLACEMENT_3D ( 'NONE', #2497, #2809, #4051 ) ;
#4829 = EDGE_CURVE ( 'NONE', #1737, #2142, #4720, .T. ) ;
#4830 = DIRECTION ( 'NONE',  ( 0.000000000000000000, -0.000000000000000000, -1.000000000000000000 ) ) ;
#4831 = ORIENTED_EDGE ( 'NONE', *, *, #3873, .F. ) ;
#4832 = VECTOR ( 'NONE', #1209, 1.000000000000000000 ) ;
#4833 = DIRECTION ( 'NONE',  ( -1.000000000000000000, 0.000000000000000000, 0.000000000000000000 ) ) ;
#4834 = EDGE_LOOP ( 'NONE', ( #3053, #339, #4344, #1754 ) ) ;
#4835 = DIRECTION ( 'NONE',  ( -0.7071067811865474617, -0.7071067811865474617, 0.000000000000000000 ) ) ;
#4836 = AXIS2_PLACEMENT_3D ( 'NONE', #1704, #4796, #938 ) ;
#4837 = DIRECTION ( 'NONE',  ( 0.000000000000000000, -0.000000000000000000, -1.000000000000000000 ) ) ;
#4838 = DIRECTION ( 'NONE',  ( -0.8660254037867568533, 0.4999999999959848784, 0.000000000000000000 ) ) ;
#4839 = CARTESIAN_POINT ( 'NONE',  ( 38.81608427831537256, 38.80795914329748086, 20.73748511895298918 ) ) ;
#4840 = DIRECTION ( 'NONE',  ( 0.000000000000000000, -0.000000000000000000, -1.000000000000000000 ) ) ;
#4841 = DIRECTION ( 'NONE',  ( -0.000000000000000000, 0.000000000000000000, 1.000000000000000000 ) ) ;
#4842 = CARTESIAN_POINT ( 'NONE',  ( 38.81593628358015735, 38.81588881765458865, 20.67243509468759655 ) ) ;
#4843 = EDGE_CURVE ( 'NONE', #493, #2639, #2322, .T. ) ;
#4844 = DIRECTION ( 'NONE',  ( -1.000000000000000000, 0.000000000000000000, 0.000000000000000000 ) ) ;
#4845 = EDGE_LOOP ( 'NONE', ( #2946, #1290, #1222, #2505 ) ) ;
#4846 = ORIENTED_EDGE ( 'NONE', *, *, #4953, .T. ) ;
#4847 = CARTESIAN_POINT ( 'NONE',  ( 38.81593628358015735, 38.81588881765458865, 20.66543509468759865 ) ) ;
#4848 = DIRECTION ( 'NONE',  ( 1.000000000000000000, 0.000000000000000000, 0.000000000000000000 ) ) ;
#4849 = LINE ( 'NONE', #4804, #832 ) ;
#4850 = DIRECTION ( 'NONE',  ( -0.000000000000000000, -0.000000000000000000, -1.000000000000000000 ) ) ;
#4851 = EDGE_CURVE ( 'NONE', #3150, #2639, #1522, .T. ) ;
#4852 = ORIENTED_EDGE ( 'NONE', *, *, #1312, .F. ) ;
#4853 = CYLINDRICAL_SURFACE ( 'NONE', #1798, 0.03899994794847572166 ) ;
#4854 = VERTEX_POINT ( 'NONE', #1215 ) ;
#4855 = AXIS2_PLACEMENT_3D ( 'NONE', #2388, #3219, #4713 ) ;
#4856 = CIRCLE ( 'NONE', #480, 0.01749999999999829470 ) ;
#4857 = DIRECTION ( 'NONE',  ( -1.000000000000000000, 0.000000000000000000, -0.000000000000000000 ) ) ;
#4858 = ORIENTED_EDGE ( 'NONE', *, *, #2959, .T. ) ;
#4859 = LINE ( 'NONE', #3743, #2593 ) ;
#4860 = EDGE_CURVE ( 'NONE', #1339, #2692, #4923, .T. ) ;
#4861 = CIRCLE ( 'NONE', #4134, 0.03899994794847572166 ) ;
#4862 = EDGE_CURVE ( 'NONE', #4684, #1899, #620, .T. ) ;
#4863 = CARTESIAN_POINT ( 'NONE',  ( 38.84605995940284373, 38.79111867242058764, 20.67243509468759655 ) ) ;
#4864 = DIRECTION ( 'NONE',  ( -0.000000000000000000, -0.000000000000000000, -1.000000000000000000 ) ) ;
#4865 = LINE ( 'NONE', #4978, #4069 ) ;
#4866 = AXIS2_PLACEMENT_3D ( 'NONE', #5000, #3775, #3013 ) ;
#4867 = ORIENTED_EDGE ( 'NONE', *, *, #2837, .T. ) ;
#4868 = LINE ( 'NONE', #647, #3105 ) ;
#4869 = DIRECTION ( 'NONE',  ( 0.000000000000000000, 0.000000000000000000, -1.000000000000000000 ) ) ;
#4870 = VECTOR ( 'NONE', #665, 1.000000000000000000 ) ;
#4871 = LINE ( 'NONE', #3354, #4303 ) ;
#4872 = CARTESIAN_POINT ( 'NONE',  ( 38.84721567574129608, 38.80847573797439765, 20.65843509468759720 ) ) ;
#4873 = ORIENTED_EDGE ( 'NONE', *, *, #3034, .T. ) ;
#4874 = ORIENTED_EDGE ( 'NONE', *, *, #2710, .F. ) ;
#4875 = CIRCLE ( 'NONE', #4631, 0.03600013749698897231 ) ;
#4876 = CARTESIAN_POINT ( 'NONE',  ( 38.81593628358015735, 38.81588881765458865, 20.72923509773935535 ) ) ;
#4877 = DIRECTION ( 'NONE',  ( 0.9999999999999945599, 1.051540089572273336E-07, 0.000000000000000000 ) ) ;
#4878 = LINE ( 'NONE', #2923, #4880 ) ;
#4879 = AXIS2_PLACEMENT_3D ( 'NONE', #147, #2801, #3564 ) ;
#4880 = VECTOR ( 'NONE', #1054, 1.000000000000000000 ) ;
#4881 = FACE_OUTER_BOUND ( 'NONE', #2600, .T. ) ;
#4882 = ORIENTED_EDGE ( 'NONE', *, *, #1997, .T. ) ;
#4883 = EDGE_CURVE ( 'NONE', #1794, #3375, #2757, .T. ) ;
#4884 = CARTESIAN_POINT ( 'NONE',  ( 38.81593628358015735, 38.81588881765458865, 20.66543509468759865 ) ) ;
#4885 = ORIENTED_EDGE ( 'NONE', *, *, #1326, .T. ) ;
#4886 = DIRECTION ( 'NONE',  ( 0.000000000000000000, 0.000000000000000000, -1.000000000000000000 ) ) ;
#4887 = CIRCLE ( 'NONE', #3352, 0.03899994794847572166 ) ;
#4888 = AXIS2_PLACEMENT_3D ( 'NONE', #4358, #2107, #1731 ) ;
#4889 = ADVANCED_FACE ( 'NONE', ( #1189 ), #4693, .T. ) ;
#4890 = EDGE_CURVE ( 'NONE', #2387, #4572, #1272, .T. ) ;
#4891 = DIRECTION ( 'NONE',  ( 0.2588190451017443605, 0.9659258262892763680, 0.000000000000000000 ) ) ;
#4892 = EDGE_LOOP ( 'NONE', ( #1389, #2050, #1706, #2671 ) ) ;
#4893 = LINE ( 'NONE', #1438, #2475 ) ;
#4894 = FACE_OUTER_BOUND ( 'NONE', #3546, .T. ) ;
#4895 = EDGE_CURVE ( 'NONE', #618, #3229, #1926, .T. ) ;
#4896 = VERTEX_POINT ( 'NONE', #1928 ) ;
#4897 = CARTESIAN_POINT ( 'NONE',  ( 38.79980674158911569, 38.78038059585818331, 20.65843509468759720 ) ) ;
#4898 = CARTESIAN_POINT ( 'NONE',  ( 38.83118178564325973, 38.84403750046480042, 20.67243509468759655 ) ) ;
#4899 = DIRECTION ( 'NONE',  ( 0.000000000000000000, 0.000000000000000000, -1.000000000000000000 ) ) ;
#4900 = CYLINDRICAL_SURFACE ( 'NONE', #3388, 0.02935410264610283093 ) ;
#4901 = ORIENTED_EDGE ( 'NONE', *, *, #1695, .T. ) ;
#4902 = ORIENTED_EDGE ( 'NONE', *, *, #1992, .F. ) ;
#4903 = DIRECTION ( 'NONE',  ( 0.000000000000000000, 0.000000000000000000, -1.000000000000000000 ) ) ;
#4904 = CARTESIAN_POINT ( 'NONE',  ( 38.84765902844096530, 38.79320262364853988, 20.65843509468759720 ) ) ;
#4905 = DIRECTION ( 'NONE',  ( -0.000000000000000000, -0.000000000000000000, -1.000000000000000000 ) ) ;
#4906 = EDGE_LOOP ( 'NONE', ( #3206, #4686, #4789, #3831 ) ) ;
#4907 = CARTESIAN_POINT ( 'NONE',  ( 38.83998377870193508, 38.78673487522026164, 20.65843509468759720 ) ) ;
#4908 = CARTESIAN_POINT ( 'NONE',  ( 38.81520973200021274, 38.80799130664053109, 20.73310049206332906 ) ) ;
#4909 = EDGE_LOOP ( 'NONE', ( #4291, #4338, #4262, #3046 ) ) ;
#4910 = AXIS2_PLACEMENT_3D ( 'NONE', #4301, #830, #753 ) ;
#4911 = CYLINDRICAL_SURFACE ( 'NONE', #1239, 0.02100000000000079581 ) ;
#4912 = VERTEX_POINT ( 'NONE', #4 ) ;
#4913 = CARTESIAN_POINT ( 'NONE',  ( 38.78581265235660425, 38.79111861818241636, 20.67243509468759655 ) ) ;
#4914 = EDGE_CURVE ( 'NONE', #525, #3449, #4619, .T. ) ;
#4915 = VECTOR ( 'NONE', #306, 1.000000000000000000 ) ;
#4916 = AXIS2_PLACEMENT_3D ( 'NONE', #3572, #2027, #1756 ) ;
#4917 = CARTESIAN_POINT ( 'NONE',  ( 38.79399968736922233, 38.78511512551708051, 20.67243509468759655 ) ) ;
#4918 = AXIS2_PLACEMENT_3D ( 'NONE', #1100, #2641, #4196 ) ;
#4919 = CARTESIAN_POINT ( 'NONE',  ( 38.83443628358016753, 38.81588881765458865, 20.66573509468759795 ) ) ;
#4920 = AXIS2_PLACEMENT_3D ( 'NONE', #3886, #1958, #1979 ) ;
#4921 = CARTESIAN_POINT ( 'NONE',  ( 38.80438017690971009, 38.77624102679137508, 20.67243509468759655 ) ) ;
#4922 = EDGE_CURVE ( 'NONE', #4362, #1449, #1143, .T. ) ;
#4923 = CIRCLE ( 'NONE', #2808, 0.02935410264610087416 ) ;
#4924 = CIRCLE ( 'NONE', #949, 0.001006105236836115583 ) ;
#4925 = VERTEX_POINT ( 'NONE', #3930 ) ;
#4926 = DIRECTION ( 'NONE',  ( -1.000000000000000000, 0.000000000000000000, 0.000000000000000000 ) ) ;
#4927 = CARTESIAN_POINT ( 'NONE',  ( 38.80068003260738152, 38.84418370753852656, 20.67243509468759655 ) ) ;
#4928 = ADVANCED_FACE ( 'NONE', ( #3952 ), #454, .T. ) ;
#4929 = CARTESIAN_POINT ( 'NONE',  ( 38.81593628358015735, 38.81588881765458865, 20.66573509468759795 ) ) ;
#4930 = EDGE_CURVE ( 'NONE', #1216, #2357, #1751, .T. ) ;
#4931 = VERTEX_POINT ( 'NONE', #1726 ) ;
#4932 = ORIENTED_EDGE ( 'NONE', *, *, #3647, .T. ) ;
#4933 = CARTESIAN_POINT ( 'NONE',  ( 38.81593628358015735, 38.81588881765458865, 20.67243509468759655 ) ) ;
#4934 = DIRECTION ( 'NONE',  ( 0.000000000000000000, 0.000000000000000000, 1.000000000000000000 ) ) ;
#4935 = ORIENTED_EDGE ( 'NONE', *, *, #4492, .T. ) ;
#4936 = DIRECTION ( 'NONE',  ( -1.000000000000000000, 0.000000000000000000, 0.000000000000000000 ) ) ;
#4937 = CARTESIAN_POINT ( 'NONE',  ( 38.82515606433740629, 38.78509352958800349, 20.67243509468759655 ) ) ;
#4938 = EDGE_LOOP ( 'NONE', ( #1251, #1324, #4970, #3889 ) ) ;
#4939 = CARTESIAN_POINT ( 'NONE',  ( 38.78380406465699082, 38.81495360035949460, 20.65843509468759720 ) ) ;
#4940 = CARTESIAN_POINT ( 'NONE',  ( 38.84408496639036912, 38.79963721035465340, 20.65843509468759720 ) ) ;
#4941 = ORIENTED_EDGE ( 'NONE', *, *, #395, .T. ) ;
#4942 = CARTESIAN_POINT ( 'NONE',  ( 38.79968461283341696, 38.84403746383376443, 20.67243509468759655 ) ) ;
#4943 = DIRECTION ( 'NONE',  ( 1.000000000000000000, 0.000000000000000000, 0.000000000000000000 ) ) ;
#4944 = CYLINDRICAL_SURFACE ( 'NONE', #4866, 0.001006105236832866012 ) ;
#4945 = ORIENTED_EDGE ( 'NONE', *, *, #2648, .T. ) ;
#4946 = CARTESIAN_POINT ( 'NONE',  ( 38.82916059078787185, 38.85129153054458584, 20.67243509468759655 ) ) ;
#4947 = VECTOR ( 'NONE', #926, 1.000000000000000000 ) ;
#4948 = CARTESIAN_POINT ( 'NONE',  ( 38.78343300553347461, 38.81588878102355267, 20.65843509468759720 ) ) ;
#4949 = ORIENTED_EDGE ( 'NONE', *, *, #1590, .T. ) ;
#4950 = AXIS2_PLACEMENT_3D ( 'NONE', #2906, #1409, #4451 ) ;
#4951 = AXIS2_PLACEMENT_3D ( 'NONE', #4752, #2034, #2091 ) ;
#4952 = FACE_OUTER_BOUND ( 'NONE', #3887, .T. ) ;
#4953 = EDGE_CURVE ( 'NONE', #1280, #2383, #2470, .T. ) ;
#4954 = CARTESIAN_POINT ( 'NONE',  ( 38.84843956162684009, 38.81588885428562463, 20.67243509468759655 ) ) ;
#4955 = ORIENTED_EDGE ( 'NONE', *, *, #4083, .F. ) ;
#4956 = ORIENTED_EDGE ( 'NONE', *, *, #1598, .F. ) ;
#4957 = LINE ( 'NONE', #3786, #1593 ) ;
#4958 = AXIS2_PLACEMENT_3D ( 'NONE', #1439, #4564, #1412 ) ;
#4959 = VERTEX_POINT ( 'NONE', #2885 ) ;
#4960 = ORIENTED_EDGE ( 'NONE', *, *, #1481, .F. ) ;
#4961 = EDGE_CURVE ( 'NONE', #2327, #817, #4354, .T. ) ;
#4962 = DIRECTION ( 'NONE',  ( 0.2588190451025921268, -0.9659258262890492164, 0.000000000000000000 ) ) ;
#4963 = EDGE_CURVE ( 'NONE', #4406, #766, #705, .T. ) ;
#4964 = CARTESIAN_POINT ( 'NONE',  ( 38.81593628358015735, 38.81588881765458865, 20.66543509468759865 ) ) ;
#4965 = CIRCLE ( 'NONE', #1887, 0.03600013749699346177 ) ;
#4966 = CARTESIAN_POINT ( 'NONE',  ( 38.85475208351041942, 38.81210336976057107, 20.65843509468759720 ) ) ;
#4967 = ORIENTED_EDGE ( 'NONE', *, *, #3339, .F. ) ;
#4968 = FACE_OUTER_BOUND ( 'NONE', #1358, .T. ) ;
#4969 = DIRECTION ( 'NONE',  ( -1.000000000000000000, 0.000000000000000000, 0.000000000000000000 ) ) ;
#4970 = ORIENTED_EDGE ( 'NONE', *, *, #699, .T. ) ;
#4971 = CIRCLE ( 'NONE', #4231, 0.007929668353440888495 ) ;
#4972 = CARTESIAN_POINT ( 'NONE',  ( 38.84329602943106607, 38.79901284970420505, 20.67243509468759655 ) ) ;
#4973 = AXIS2_PLACEMENT_3D ( 'NONE', #1860, #3017, #2255 ) ;
#4974 = AXIS2_PLACEMENT_3D ( 'NONE', #3419, #416, #4969 ) ;
#4975 = CIRCLE ( 'NONE', #4639, 0.03600013749698689064 ) ;
#4976 = CARTESIAN_POINT ( 'NONE',  ( 38.85144450537656979, 38.79975927566353988, 20.67243509468759655 ) ) ;
#4977 = CARTESIAN_POINT ( 'NONE',  ( 38.81593628358015735, 38.81588881765458865, 20.67243509468759655 ) ) ;
#4978 = CARTESIAN_POINT ( 'NONE',  ( 38.80844713227669018, 38.82771732958460831, 20.72923509773935535 ) ) ;
#4979 = CIRCLE ( 'NONE', #2296, 0.02935410264610490219 ) ;
#4980 = CIRCLE ( 'NONE', #4314, 0.03600013749698947191 ) ;
#4981 = ORIENTED_EDGE ( 'NONE', *, *, #1023, .F. ) ;
#4982 = DIRECTION ( 'NONE',  ( -0.000000000000000000, -0.000000000000000000, 1.000000000000000000 ) ) ;
#4983 = DIRECTION ( 'NONE',  ( -1.000000000000000000, 0.000000000000000000, 0.000000000000000000 ) ) ;
#4984 = EDGE_CURVE ( 'NONE', #3990, #2490, #3224, .T. ) ;
#4985 = ORIENTED_EDGE ( 'NONE', *, *, #2390, .F. ) ;
#4986 = EDGE_LOOP ( 'NONE', ( #4464, #3267 ) ) ;
#4987 = CARTESIAN_POINT ( 'NONE',  ( 38.81687142761318654, 38.84802103657775518, 20.67243509468759655 ) ) ;
#4988 = CARTESIAN_POINT ( 'NONE',  ( 38.81593628358015735, 38.81588881765458865, 20.67243509468759655 ) ) ;
#4989 = EDGE_LOOP ( 'NONE', ( #1895, #4901, #4482, #4960 ) ) ;
#4990 = ADVANCED_FACE ( 'NONE', ( #2446 ), #4787, .T. ) ;
#4991 = CARTESIAN_POINT ( 'NONE',  ( 38.82962919500378263, 38.81588881765458865, 20.64075716427210239 ) ) ;
#4992 = EDGE_LOOP ( 'NONE', ( #1662, #1690, #3009, #1174 ) ) ;
#4993 = VERTEX_POINT ( 'NONE', #3997 ) ;
#4994 = DIRECTION ( 'NONE',  ( 0.000000000000000000, 0.000000000000000000, -1.000000000000000000 ) ) ;
#4995 = EDGE_LOOP ( 'NONE', ( #4935, #3421, #445, #4678 ) ) ;
#4996 = CARTESIAN_POINT ( 'NONE',  ( 38.79968467628022211, 38.78774013484437688, 20.65843509468759720 ) ) ;
#4997 = EDGE_CURVE ( 'NONE', #66, #2216, #2833, .T. ) ;
#4998 = AXIS2_PLACEMENT_3D ( 'NONE', #3163, #41, #3139 ) ;
#4999 = CARTESIAN_POINT ( 'NONE',  ( 38.78465691038063312, 38.80847566720867547, 20.65843509468759720 ) ) ;
#5000 = CARTESIAN_POINT ( 'NONE',  ( 38.84408492975934024, 38.83214048840133614, 20.67243509468759655 ) ) ;
#5001 = DIRECTION ( 'NONE',  ( 0.000000000000000000, 0.000000000000000000, -1.000000000000000000 ) ) ;
#5002 = SHAPE_DEFINITION_REPRESENTATION ( #1977, #4334 ) ;
#5003 = VERTEX_POINT ( 'NONE', #4742 ) ;
#5004 = DIRECTION ( 'NONE',  ( 0.2588190451025316197, 0.9659258262890654256, 0.000000000000000000 ) ) ;
#5005 = CIRCLE ( 'NONE', #4591, 0.03899994794847572166 ) ;
#5006 = AXIS2_PLACEMENT_3D ( 'NONE', #2589, #258, #2945 ) ;
#5007 = CARTESIAN_POINT ( 'NONE',  ( 38.81503554506745957, 38.77460105201095786, 20.65843509468759720 ) ) ;
#5008 = CARTESIAN_POINT ( 'NONE',  ( 38.81368627949857597, 38.85470462142982484, 20.73523509773935558 ) ) ;
#5009 = CIRCLE ( 'NONE', #310, 0.01850000000001017497 ) ;
#5010 = ORIENTED_EDGE ( 'NONE', *, *, #2868, .T. ) ;
#5011 = EDGE_LOOP ( 'NONE', ( #1483, #1347, #2815, #2875 ) ) ;
#5012 = FACE_OUTER_BOUND ( 'NONE', #2541, .T. ) ;
#5013 = DIRECTION ( 'NONE',  ( 0.7071067811865475727, -0.7071067811865475727, 0.000000000000000000 ) ) ;
#5014 = ADVANCED_FACE ( 'NONE', ( #4405 ), #931, .F. ) ;
#5015 = DIRECTION ( 'NONE',  ( -1.000000000000000000, 0.000000000000000000, -0.000000000000000000 ) ) ;
#5016 = CARTESIAN_POINT ( 'NONE',  ( 38.81455246158240868, 38.80807794726295867, 20.73343675940938624 ) ) ;
#5017 = ORIENTED_EDGE ( 'NONE', *, *, #2827, .T. ) ;
#5018 = EDGE_LOOP ( 'NONE', ( #246, #4824, #4434, #160 ) ) ;
#5019 = EDGE_CURVE ( 'NONE', #34, #2142, #383, .T. ) ;
#5020 = CARTESIAN_POINT ( 'NONE',  ( 38.83862253470353920, 38.78416611364072963, 20.65843509468759720 ) ) ;
#5021 = ORIENTED_EDGE ( 'NONE', *, *, #4890, .F. ) ;
#5022 = DIRECTION ( 'NONE',  ( -1.000000000000000000, 0.000000000000000000, 0.000000000000000000 ) ) ;
#5023 = DIRECTION ( 'NONE',  ( -0.000000000000000000, 0.000000000000000000, 1.000000000000000000 ) ) ;
#5024 = ADVANCED_FACE ( 'NONE', ( #3279 ), #572, .T. ) ;
#5025 = CARTESIAN_POINT ( 'NONE',  ( 38.78155178792017210, 38.80020631660073605, 20.65843509468759720 ) ) ;
#5026 = EDGE_CURVE ( 'NONE', #923, #1933, #4455, .T. ) ;
#5027 = VERTEX_POINT ( 'NONE', #2699 ) ;
#5028 = LINE ( 'NONE', #44, #980 ) ;
#5029 = CIRCLE ( 'NONE', #824, 0.03600013749698843801 ) ;
ENDSEC;
END-ISO-10303-21;
