ISO-10303-21;
HEADER;
FILE_DESCRIPTION (( 'STEP AP214' ),
    '1' );
FILE_NAME ('Gear_Level3V3.STEP',
    '2026-02-01T22:40:41',
    ( '' ),
    ( '' ),
    'SwSTEP 2.0',
    'SolidWorks 2025',
    '' );
FILE_SCHEMA (( 'AUTOMOTIVE_DESIGN' ));
ENDSEC;

DATA;
#1 = DIRECTION ( 'NONE',  ( 1.000000000000000000, 0.000000000000000000, 0.000000000000000000 ) ) ;
#2 = ORIENTED_EDGE ( 'NONE', *, *, #1965, .T. ) ;
#3 = DIRECTION ( 'NONE',  ( 0.000000000000000000, -1.000000000000000000, 0.000000000000000000 ) ) ;
#4 = CARTESIAN_POINT ( 'NONE',  ( 38.84801815415593751, 38.81495079119971336, 11.27687459092477162 ) ) ;
#5 = CARTESIAN_POINT ( 'NONE',  ( 38.81588593523277098, 38.81588593523274255, 11.29087459092477275 ) ) ;
#6 = DIRECTION ( 'NONE',  ( -0.5000000000001085798, -0.8660254037843760910, 0.000000000000000000 ) ) ;
#7 = LINE ( 'NONE', #2188, #2801 ) ;
#8 = ORIENTED_EDGE ( 'NONE', *, *, #1821, .F. ) ;
#9 = CARTESIAN_POINT ( 'NONE',  ( 38.77623814436955740, 38.82744204190318982, 11.29087459092477275 ) ) ;
#10 = CARTESIAN_POINT ( 'NONE',  ( 38.77967931206354280, 38.79602211484508700, 11.29087459092477275 ) ) ;
#11 = EDGE_CURVE ( 'NONE', #630, #2374, #1921, .T. ) ;
#12 = DIRECTION ( 'NONE',  ( 0.000000000000000000, 0.000000000000000000, 1.000000000000000000 ) ) ;
#13 = ORIENTED_EDGE ( 'NONE', *, *, #2035, .T. ) ;
#14 = ADVANCED_FACE ( 'NONE', ( #1571 ), #1200, .T. ) ;
#15 = CARTESIAN_POINT ( 'NONE',  ( 38.83276196662996682, 38.78852622601286981, 11.27687459092477162 ) ) ;
#16 = LINE ( 'NONE', #4151, #1784 ) ;
#17 = ORIENTED_EDGE ( 'NONE', *, *, #3806, .F. ) ;
#18 = EDGE_CURVE ( 'NONE', #1258, #1492, #1700, .T. ) ;
#19 = ORIENTED_EDGE ( 'NONE', *, *, #1504, .T. ) ;
#20 = EDGE_CURVE ( 'NONE', #2344, #1191, #1126, .T. ) ;
#21 = CYLINDRICAL_SURFACE ( 'NONE', #4263, 0.001006105236832866012 ) ;
#22 = DIRECTION ( 'NONE',  ( -1.000000000000000000, 0.000000000000000000, 0.000000000000000000 ) ) ;
#23 = CARTESIAN_POINT ( 'NONE',  ( 38.81588593523276387, 38.81588593523273545, 11.28437459092477191 ) ) ;
#24 = ORIENTED_EDGE ( 'NONE', *, *, #3932, .T. ) ;
#25 =( LENGTH_UNIT ( ) NAMED_UNIT ( * ) SI_UNIT ( $, .METRE. ) );
#26 = CARTESIAN_POINT ( 'NONE',  ( 38.79978455527430015, 38.84119892461345813, 11.29087459073403643 ) ) ;
#27 = CARTESIAN_POINT ( 'NONE',  ( 38.83114218620555391, 38.78759104534880464, 11.29087459092477275 ) ) ;
#28 = ORIENTED_EDGE ( 'NONE', *, *, #2220, .F. ) ;
#29 = DIRECTION ( 'NONE',  ( -0.9659258262890429991, -0.2588190451026144978, 0.000000000000000000 ) ) ;
#30 = CIRCLE ( 'NONE', #1681, 0.002250000000002967075 ) ;
#31 = AXIS2_PLACEMENT_3D ( 'NONE', #3177, #1271, #1671 ) ;
#32 = CARTESIAN_POINT ( 'NONE',  ( 38.80949619811603668, 38.77741299409792930, 11.29087459092477275 ) ) ;
#33 = AXIS2_PLACEMENT_3D ( 'NONE', #2098, #3944, #3570 ) ;
#34 = DIRECTION ( 'NONE',  ( -0.000000000000000000, 0.000000000000000000, -1.000000000000000000 ) ) ;
#35 = EDGE_LOOP ( 'NONE', ( #3152, #2885, #125, #161 ) ) ;
#36 = DIRECTION ( 'NONE',  ( -0.000000000000000000, -0.000000000000000000, -1.000000000000000000 ) ) ;
#37 = CIRCLE ( 'NONE', #2879, 0.03899994794847572166 ) ;
#38 = CARTESIAN_POINT ( 'NONE',  ( 38.79703662278247833, 38.82314840176630355, 11.29762149403550708 ) ) ;
#39 = LINE ( 'NONE', #3021, #1534 ) ;
#40 = ORIENTED_EDGE ( 'NONE', *, *, #3994, .F. ) ;
#41 = DIRECTION ( 'NONE',  ( -1.000000000000000000, 0.000000000000000000, 0.000000000000000000 ) ) ;
#42 = EDGE_CURVE ( 'NONE', #3731, #4699, #977, .T. ) ;
#43 = CIRCLE ( 'NONE', #2332, 0.001006105236833839843 ) ;
#44 = ADVANCED_FACE ( 'NONE', ( #1377 ), #3629, .F. ) ;
#45 = CIRCLE ( 'NONE', #4831, 0.03899994794847572166 ) ;
#46 = DIRECTION ( 'NONE',  ( -0.000000000000000000, -0.000000000000000000, -1.000000000000000000 ) ) ;
#47 = LINE ( 'NONE', #3397, #1687 ) ;
#48 = ADVANCED_FACE ( 'NONE', ( #3210 ), #174, .T. ) ;
#49 = EDGE_LOOP ( 'NONE', ( #3480, #3135, #3490, #3024 ) ) ;
#50 = AXIS2_PLACEMENT_3D ( 'NONE', #1079, #4830, #4107 ) ;
#51 = AXIS2_PLACEMENT_3D ( 'NONE', #1988, #157, #108 ) ;
#52 = ORIENTED_EDGE ( 'NONE', *, *, #1669, .T. ) ;
#53 = DIRECTION ( 'NONE',  ( -0.000000000000000000, -0.000000000000000000, 1.000000000000000000 ) ) ;
#54 = DIRECTION ( 'NONE',  ( -0.000000000000000000, -0.000000000000000000, 1.000000000000000000 ) ) ;
#55 = VECTOR ( 'NONE', #3975, 1.000000000000000000 ) ;
#56 = CARTESIAN_POINT ( 'NONE',  ( 38.83374165262480204, 38.80643951103260747, 11.29522453730358045 ) ) ;
#57 = ORIENTED_EDGE ( 'NONE', *, *, #4304, .F. ) ;
#58 = LINE ( 'NONE', #2702, #4595 ) ;
#59 = FACE_OUTER_BOUND ( 'NONE', #81, .T. ) ;
#60 = AXIS2_PLACEMENT_3D ( 'NONE', #261, #2167, #1336 ) ;
#61 = DIRECTION ( 'NONE',  ( -0.000000000000000000, -0.000000000000000000, 1.000000000000000000 ) ) ;
#62 = CIRCLE ( 'NONE', #2816, 0.001006105236834714794 ) ;
#63 = DIRECTION ( 'NONE',  ( -0.2588190451017443605, 0.9659258262892763680, 0.000000000000000000 ) ) ;
#64 = CARTESIAN_POINT ( 'NONE',  ( 38.84728168145630889, 38.82429843800235147, 11.29087459092477275 ) ) ;
#65 = DIRECTION ( 'NONE',  ( -0.000000000000000000, -0.000000000000000000, -1.000000000000000000 ) ) ;
#66 = CIRCLE ( 'NONE', #3449, 0.02935410264610283093 ) ;
#67 = CARTESIAN_POINT ( 'NONE',  ( 38.80606992174661229, 38.85599998265943356, 11.27687459092477162 ) ) ;
#68 = ORIENTED_EDGE ( 'NONE', *, *, #1699, .T. ) ;
#69 = CARTESIAN_POINT ( 'NONE',  ( 38.78460654307163225, 38.82329901491293356, 11.27687459092477162 ) ) ;
#70 = ORIENTED_EDGE ( 'NONE', *, *, #1098, .F. ) ;
#71 = AXIS2_PLACEMENT_3D ( 'NONE', #2938, #3976, #4026 ) ;
#72 = EDGE_CURVE ( 'NONE', #3852, #670, #1514, .T. ) ;
#73 = DIRECTION ( 'NONE',  ( -0.000000000000000000, 0.000000000000000000, -1.000000000000000000 ) ) ;
#74 = CARTESIAN_POINT ( 'NONE',  ( 38.79975632930856477, 38.85139412798756808, 11.29087459092477275 ) ) ;
#75 = EDGE_CURVE ( 'NONE', #1238, #98, #3919, .T. ) ;
#76 = EDGE_CURVE ( 'NONE', #3467, #4279, #2321, .T. ) ;
#77 = EDGE_LOOP ( 'NONE', ( #2322, #1911, #3822, #4517 ) ) ;
#78 = DIRECTION ( 'NONE',  ( -0.000000000000000000, -0.000000000000000000, 1.000000000000000000 ) ) ;
#79 = EDGE_CURVE ( 'NONE', #4344, #1216, #4738, .T. ) ;
#80 = DIRECTION ( 'NONE',  ( -0.000000000000000000, -0.000000000000000000, 1.000000000000000000 ) ) ;
#81 = EDGE_LOOP ( 'NONE', ( #2116, #3641, #2941, #1058 ) ) ;
#82 = CARTESIAN_POINT ( 'NONE',  ( 38.79382627202477352, 38.83926809181502193, 11.27687459092477162 ) ) ;
#83 = CARTESIAN_POINT ( 'NONE',  ( 38.79703662278247123, 38.82314840176631066, 11.29718085368733860 ) ) ;
#84 = CARTESIAN_POINT ( 'NONE',  ( 38.78375371630960444, 38.81682107926577174, 11.27687459092477162 ) ) ;
#85 = EDGE_CURVE ( 'NONE', #1760, #1295, #4023, .T. ) ;
#86 = CARTESIAN_POINT ( 'NONE',  ( 38.78589306789594815, 38.81455881720898304, 11.29207459073403719 ) ) ;
#87 = ORIENTED_EDGE ( 'NONE', *, *, #3193, .T. ) ;
#88 = CARTESIAN_POINT ( 'NONE',  ( 38.81588593523277098, 38.81588593523274255, 11.29087459092477275 ) ) ;
#89 = CARTESIAN_POINT ( 'NONE',  ( 38.83857218635614572, 38.78416323121888354, 11.29087459092477275 ) ) ;
#90 = ORIENTED_EDGE ( 'NONE', *, *, #2770, .T. ) ;
#91 = DIRECTION ( 'NONE',  ( -0.000000000000000000, -0.000000000000000000, -1.000000000000000000 ) ) ;
#92 = VERTEX_POINT ( 'NONE', #2837 ) ;
#93 = CYLINDRICAL_SURFACE ( 'NONE', #2779, 0.001006105236832866012 ) ;
#94 = CARTESIAN_POINT ( 'NONE',  ( 38.77459816958914018, 38.81678667374544034, 11.27687459092477162 ) ) ;
#95 = ORIENTED_EDGE ( 'NONE', *, *, #2973, .T. ) ;
#96 = ORIENTED_EDGE ( 'NONE', *, *, #4250, .T. ) ;
#97 = LINE ( 'NONE', #1898, #3298 ) ;
#98 = VERTEX_POINT ( 'NONE', #4345 ) ;
#99 = ADVANCED_FACE ( 'NONE', ( #4322 ), #228, .F. ) ;
#100 = CARTESIAN_POINT ( 'NONE',  ( 38.84627559518109052, 38.80747350322886291, 11.27687459092477162 ) ) ;
#101 = DIRECTION ( 'NONE',  ( -1.000000000000000000, 0.000000000000000000, 0.000000000000000000 ) ) ;
#102 = DIRECTION ( 'NONE',  ( -1.000000000000000000, -2.368473327977463277E-13, 0.000000000000000000 ) ) ;
#103 = AXIS2_PLACEMENT_3D ( 'NONE', #5, #4160, #1826 ) ;
#104 = DIRECTION ( 'NONE',  ( 0.000000000000000000, -0.000000000000000000, -1.000000000000000000 ) ) ;
#105 = ORIENTED_EDGE ( 'NONE', *, *, #1540, .T. ) ;
#106 = ADVANCED_FACE ( 'NONE', ( #3154 ), #2467, .F. ) ;
#107 = VECTOR ( 'NONE', #3258, 1.000000000000000000 ) ;
#108 = DIRECTION ( 'NONE',  ( 1.000000000000000000, 0.000000000000000000, -0.000000000000000000 ) ) ;
#109 = CYLINDRICAL_SURFACE ( 'NONE', #2721, 0.02935410264610283093 ) ;
#110 = ORIENTED_EDGE ( 'NONE', *, *, #4168, .F. ) ;
#111 = DIRECTION ( 'NONE',  ( -1.000000000000000000, 0.000000000000000000, 0.000000000000000000 ) ) ;
#112 = VECTOR ( 'NONE', #1007, 1.000000000000000000 ) ;
#113 = CIRCLE ( 'NONE', #595, 0.02935410264609930597 ) ;
#114 = FACE_OUTER_BOUND ( 'NONE', #3081, .T. ) ;
#115 = AXIS2_PLACEMENT_3D ( 'NONE', #4594, #4166, #772 ) ;
#116 = VERTEX_POINT ( 'NONE', #3971 ) ;
#117 = LINE ( 'NONE', #3078, #4736 ) ;
#118 = FACE_OUTER_BOUND ( 'NONE', #3969, .T. ) ;
#119 = CIRCLE ( 'NONE', #2558, 0.02935410264609947945 ) ;
#120 = DIRECTION ( 'NONE',  ( 1.000000000000000000, 0.000000000000000000, 0.000000000000000000 ) ) ;
#121 = CARTESIAN_POINT ( 'NONE',  ( 38.83730988048874622, 38.85119181988928005, 11.29087459092477275 ) ) ;
#122 = CIRCLE ( 'NONE', #519, 0.02600000000000335376 ) ;
#123 = VERTEX_POINT ( 'NONE', #989 ) ;
#124 = AXIS2_PLACEMENT_3D ( 'NONE', #3688, #3982, #4748 ) ;
#125 = ORIENTED_EDGE ( 'NONE', *, *, #3959, .T. ) ;
#126 = DIRECTION ( 'NONE',  ( -1.000000000000000000, 0.000000000000000000, 0.000000000000000000 ) ) ;
#127 = DIRECTION ( 'NONE',  ( -0.000000000000000000, -0.000000000000000000, -1.000000000000000000 ) ) ;
#128 = CARTESIAN_POINT ( 'NONE',  ( 38.81588593523277098, 38.81588593523274255, 11.29087459092477275 ) ) ;
#129 = VECTOR ( 'NONE', #279, 1.000000000000000000 ) ;
#130 = CYLINDRICAL_SURFACE ( 'NONE', #826, 0.03899994794847572166 ) ;
#131 = EDGE_LOOP ( 'NONE', ( #2290, #1995, #4640, #4289 ) ) ;
#132 = EDGE_CURVE ( 'NONE', #2765, #1258, #3497, .T. ) ;
#133 = ORIENTED_EDGE ( 'NONE', *, *, #3477, .T. ) ;
#134 = AXIS2_PLACEMENT_3D ( 'NONE', #1931, #2710, #4552 ) ;
#135 = CARTESIAN_POINT ( 'NONE',  ( 38.82227574162070027, 38.77741300560282411, 11.29087459092477275 ) ) ;
#136 = FACE_OUTER_BOUND ( 'NONE', #1114, .T. ) ;
#137 = ORIENTED_EDGE ( 'NONE', *, *, #2495, .T. ) ;
#138 = DIRECTION ( 'NONE',  ( 0.000000000000000000, 0.000000000000000000, -1.000000000000000000 ) ) ;
#139 = ADVANCED_FACE ( 'NONE', ( #2079 ), #939, .T. ) ;
#140 = DIRECTION ( 'NONE',  ( 0.000000000000000000, -0.000000000000000000, 1.000000000000000000 ) ) ;
#141 = ORIENTED_EDGE ( 'NONE', *, *, #4581, .T. ) ;
#142 = AXIS2_PLACEMENT_3D ( 'NONE', #4794, #2542, #673 ) ;
#143 = CARTESIAN_POINT ( 'NONE',  ( 38.85470173516302594, 38.81210048733872497, 11.29087459092477275 ) ) ;
#144 = CARTESIAN_POINT ( 'NONE',  ( 38.79974018364196553, 38.84119696126688837, 11.29207459073403719 ) ) ;
#145 = ORIENTED_EDGE ( 'NONE', *, *, #1965, .F. ) ;
#146 = ORIENTED_EDGE ( 'NONE', *, *, #3307, .T. ) ;
#147 = AXIS2_PLACEMENT_3D ( 'NONE', #1517, #3328, #3424 ) ;
#148 = CARTESIAN_POINT ( 'NONE',  ( 38.83213760597951847, 38.78773728905356677, 11.29087459092477275 ) ) ;
#149 = DIRECTION ( 'NONE',  ( -0.000000000000000000, -0.000000000000000000, -1.000000000000000000 ) ) ;
#150 = ORIENTED_EDGE ( 'NONE', *, *, #4634, .F. ) ;
#151 = DIRECTION ( 'NONE',  ( 1.000000000000000000, 0.000000000000000000, 0.000000000000000000 ) ) ;
#152 = DIRECTION ( 'NONE',  ( -1.000000000000000000, 0.000000000000000000, 0.000000000000000000 ) ) ;
#153 = ORIENTED_EDGE ( 'NONE', *, *, #4522, .T. ) ;
#154 = VERTEX_POINT ( 'NONE', #2447 ) ;
#155 = CARTESIAN_POINT ( 'NONE',  ( 38.79974018364196553, 38.84119696126688837, 11.29207459073403719 ) ) ;
#156 = ORIENTED_EDGE ( 'NONE', *, *, #3835, .T. ) ;
#157 = DIRECTION ( 'NONE',  ( 0.000000000000000000, -0.000000000000000000, 1.000000000000000000 ) ) ;
#158 = CARTESIAN_POINT ( 'NONE',  ( 38.83791747944613348, 38.80189759867777610, 11.29747459073403704 ) ) ;
#159 = ORIENTED_EDGE ( 'NONE', *, *, #4630, .T. ) ;
#160 = EDGE_CURVE ( 'NONE', #1689, #4092, #4498, .T. ) ;
#161 = ORIENTED_EDGE ( 'NONE', *, *, #3715, .F. ) ;
#162 = CARTESIAN_POINT ( 'NONE',  ( 38.83201554115697007, 38.78037774247791702, 11.27687459092477162 ) ) ;
#163 = DIRECTION ( 'NONE',  ( -1.000000000000000000, 0.000000000000000000, 0.000000000000000000 ) ) ;
#164 = ORIENTED_EDGE ( 'NONE', *, *, #474, .F. ) ;
#165 = DIRECTION ( 'NONE',  ( 0.8872811332236102411, -0.4612290001999287403, 0.000000000000000000 ) ) ;
#166 = EDGE_CURVE ( 'NONE', #4388, #1448, #503, .T. ) ;
#167 = CARTESIAN_POINT ( 'NONE',  ( 38.84065608046677909, 38.84600961105542893, 11.29087459092477275 ) ) ;
#168 = DIRECTION ( 'NONE',  ( -0.000000000000000000, 0.000000000000000000, -1.000000000000000000 ) ) ;
#169 = CYLINDRICAL_SURFACE ( 'NONE', #3036, 0.02935410264610283093 ) ;
#170 = ADVANCED_FACE ( 'NONE', ( #3678 ), #1778, .F. ) ;
#171 = ORIENTED_EDGE ( 'NONE', *, *, #860, .T. ) ;
#172 = EDGE_CURVE ( 'NONE', #3142, #2889, #3884, .T. ) ;
#173 = CARTESIAN_POINT ( 'NONE',  ( 38.82510564522429064, 38.84668124226093511, 11.27687459092477162 ) ) ;
#174 = CYLINDRICAL_SURFACE ( 'NONE', #2001, 0.03000003113258031817 ) ;
#175 = ORIENTED_EDGE ( 'NONE', *, *, #4522, .F. ) ;
#176 = LINE ( 'NONE', #3608, #1465 ) ;
#177 = LINE ( 'NONE', #4302, #4216 ) ;
#178 = ORIENTED_EDGE ( 'NONE', *, *, #3900, .F. ) ;
#179 = ORIENTED_EDGE ( 'NONE', *, *, #599, .T. ) ;
#180 = FACE_OUTER_BOUND ( 'NONE', #4314, .T. ) ;
#181 = ORIENTED_EDGE ( 'NONE', *, *, #3967, .F. ) ;
#182 = CARTESIAN_POINT ( 'NONE',  ( 38.83203168682357642, 38.79057490919859674, 11.30407459073403764 ) ) ;
#183 = CARTESIAN_POINT ( 'NONE',  ( 38.84760868009357182, 38.79319974122669379, 11.29087459092477275 ) ) ;
#184 = VERTEX_POINT ( 'NONE', #2582 ) ;
#185 = DIRECTION ( 'NONE',  ( -0.000000000000000000, -0.000000000000000000, -1.000000000000000000 ) ) ;
#186 = ORIENTED_EDGE ( 'NONE', *, *, #827, .F. ) ;
#187 = LINE ( 'NONE', #3199, #2694 ) ;
#188 = VECTOR ( 'NONE', #3605, 1.000000000000000222 ) ;
#189 = DIRECTION ( 'NONE',  ( -0.000000000000000000, -0.000000000000000000, -1.000000000000000000 ) ) ;
#190 = DIRECTION ( 'NONE',  ( -0.9659258262892763680, 0.2588190451017443605, 0.000000000000000000 ) ) ;
#191 = EDGE_CURVE ( 'NONE', #3766, #4108, #4766, .T. ) ;
#192 = FACE_OUTER_BOUND ( 'NONE', #3352, .T. ) ;
#193 = ORIENTED_EDGE ( 'NONE', *, *, #771, .F. ) ;
#194 = CIRCLE ( 'NONE', #597, 0.02935410264610073192 ) ;
#195 = DIRECTION ( 'NONE',  ( -1.000000000000000000, 0.000000000000000000, 0.000000000000000000 ) ) ;
#196 = EDGE_CURVE ( 'NONE', #2295, #4380, #3729, .T. ) ;
#197 = VERTEX_POINT ( 'NONE', #2559 ) ;
#198 = CIRCLE ( 'NONE', #284, 0.03899994794847572166 ) ;
#199 = FACE_OUTER_BOUND ( 'NONE', #1630, .T. ) ;
#200 = DIRECTION ( 'NONE',  ( -0.7071067811865474617, -0.7071067811865474617, 0.000000000000000000 ) ) ;
#201 = DIRECTION ( 'NONE',  ( -0.000000000000000000, -0.000000000000000000, 1.000000000000000000 ) ) ;
#202 = VERTEX_POINT ( 'NONE', #4091 ) ;
#203 = AXIS2_PLACEMENT_3D ( 'NONE', #4319, #961, #2887 ) ;
#204 = VECTOR ( 'NONE', #4848, 1.000000000000000000 ) ;
#205 = ORIENTED_EDGE ( 'NONE', *, *, #4131, .F. ) ;
#206 = CARTESIAN_POINT ( 'NONE',  ( 38.83794559844076844, 38.79250377865046318, 11.29087459092477275 ) ) ;
#207 = ORIENTED_EDGE ( 'NONE', *, *, #520, .T. ) ;
#208 = CARTESIAN_POINT ( 'NONE',  ( 38.85139412798759651, 38.83201554115694165, 11.29087459092477275 ) ) ;
#209 = CARTESIAN_POINT ( 'NONE',  ( 38.79183844011099325, 38.84503987766706956, 11.29087459092477275 ) ) ;
#210 = ORIENTED_EDGE ( 'NONE', *, *, #2193, .T. ) ;
#211 = AXIS2_PLACEMENT_3D ( 'NONE', #4856, #3739, #363 ) ;
#212 = DIRECTION ( 'NONE',  ( -0.2588190451011160298, 0.9659258262894446778, 0.000000000000000000 ) ) ;
#213 = CIRCLE ( 'NONE', #3751, 0.02250000000000085265 ) ;
#214 = ORIENTED_EDGE ( 'NONE', *, *, #1218, .T. ) ;
#215 = CARTESIAN_POINT ( 'NONE',  ( 38.84668124226096353, 38.80666622524122289, 11.29087459092477275 ) ) ;
#216 = ADVANCED_FACE ( 'NONE', ( #1404 ), #669, .F. ) ;
#217 = DIRECTION ( 'NONE',  ( 0.000000000000000000, 1.000000000000000000, 0.000000000000000000 ) ) ;
#218 = AXIS2_PLACEMENT_3D ( 'NONE', #3489, #4283, #3876 ) ;
#219 = CARTESIAN_POINT ( 'NONE',  ( 38.80218313933195873, 38.85239934817216323, 11.27687459092477162 ) ) ;
#220 = CYLINDRICAL_SURFACE ( 'NONE', #277, 0.02935410264610283093 ) ;
#221 = CARTESIAN_POINT ( 'NONE',  ( 38.85599998265946908, 38.82570194871889413, 11.29087459092477275 ) ) ;
#222 = ORIENTED_EDGE ( 'NONE', *, *, #498, .T. ) ;
#223 = CIRCLE ( 'NONE', #4767, 0.02935410264609947945 ) ;
#224 = VERTEX_POINT ( 'NONE', #4039 ) ;
#225 = ORIENTED_EDGE ( 'NONE', *, *, #1095, .T. ) ;
#226 = EDGE_CURVE ( 'NONE', #972, #1829, #2169, .T. ) ;
#227 = COLOUR_RGB ( '',0.7921568627450980005, 0.8196078431372548767, 0.9333333333333333481 ) ;
#228 = CYLINDRICAL_SURFACE ( 'NONE', #1765, 0.001006105236832866012 ) ;
#229 = EDGE_CURVE ( 'NONE', #506, #4074, #3658, .T. ) ;
#230 = ORIENTED_EDGE ( 'NONE', *, *, #987, .T. ) ;
#231 = CIRCLE ( 'NONE', #4612, 0.02935410264609930597 ) ;
#232 = FACE_OUTER_BOUND ( 'NONE', #131, .T. ) ;
#233 = DIRECTION ( 'NONE',  ( -1.000000000000000000, 0.000000000000000000, 0.000000000000000000 ) ) ;
#234 = CARTESIAN_POINT ( 'NONE',  ( 38.84738310804262085, 38.81588597186377854, 11.27687459092477162 ) ) ;
#235 = ADVANCED_FACE ( 'NONE', ( #3743, #1491 ), #3007, .F. ) ;
#236 = CARTESIAN_POINT ( 'NONE',  ( 38.85717370087640177, 38.81498519672004477, 11.29087459092477275 ) ) ;
#237 = VERTEX_POINT ( 'NONE', #2157 ) ;
#238 = DIRECTION ( 'NONE',  ( 0.2588190451025316197, 0.9659258262890654256, 0.000000000000000000 ) ) ;
#239 = CARTESIAN_POINT ( 'NONE',  ( 38.84801815415593751, 38.81495079119971336, 11.29087459092477275 ) ) ;
#240 = ORIENTED_EDGE ( 'NONE', *, *, #2689, .F. ) ;
#241 = EDGE_CURVE ( 'NONE', #2384, #4479, #3336, .T. ) ;
#242 = CARTESIAN_POINT ( 'NONE',  ( 38.78037774247794545, 38.79975632930853635, 11.29087459092477275 ) ) ;
#243 = ORIENTED_EDGE ( 'NONE', *, *, #4375, .T. ) ;
#244 = CARTESIAN_POINT ( 'NONE',  ( 38.81588593523277098, 38.81588593523274255, 11.29087459092477275 ) ) ;
#245 = PRESENTATION_STYLE_ASSIGNMENT (( #981 ) ) ;
#246 = VERTEX_POINT ( 'NONE', #1588 ) ;
#247 = DIRECTION ( 'NONE',  ( -1.000000000000000000, 0.000000000000000000, 0.000000000000000000 ) ) ;
#248 = CARTESIAN_POINT ( 'NONE',  ( 38.85239937284426048, 38.80218320507500351, 11.29087459092477275 ) ) ;
#249 = ORIENTED_EDGE ( 'NONE', *, *, #1046, .T. ) ;
#250 = DIRECTION ( 'NONE',  ( 0.9990225017702559773, 0.04420453547656847532, 0.000000000000000000 ) ) ;
#251 = CARTESIAN_POINT ( 'NONE',  ( 38.84403458141195387, 38.83213760597948294, 11.27687459092477162 ) ) ;
#252 = ORIENTED_EDGE ( 'NONE', *, *, #2398, .T. ) ;
#253 = LINE ( 'NONE', #2081, #4679 ) ;
#254 = DIRECTION ( 'NONE',  ( 0.5000000000001085798, 0.8660254037843760910, 0.000000000000000000 ) ) ;
#255 = DIRECTION ( 'NONE',  ( -0.000000000000000000, 0.000000000000000000, -1.000000000000000000 ) ) ;
#256 = ORIENTED_EDGE ( 'NONE', *, *, #3271, .F. ) ;
#257 = ADVANCED_FACE ( 'NONE', ( #859 ), #1225, .F. ) ;
#258 = DIRECTION ( 'NONE',  ( -1.000000000000000000, 0.000000000000000000, 0.000000000000000000 ) ) ;
#259 = ORIENTED_EDGE ( 'NONE', *, *, #3171, .T. ) ;
#260 = DIRECTION ( 'NONE',  ( 0.4999999999959848784, 0.8660254037867568533, 0.000000000000000000 ) ) ;
#261 = CARTESIAN_POINT ( 'NONE',  ( 38.84587880256960091, 38.81721305325649496, 11.30407459073403764 ) ) ;
#262 = ORIENTED_EDGE ( 'NONE', *, *, #2003, .T. ) ;
#263 = CARTESIAN_POINT ( 'NONE',  ( 38.84324568108367970, 38.79900996728235896, 11.29087459092477275 ) ) ;
#264 = CARTESIAN_POINT ( 'NONE',  ( 38.84627559518109052, 38.80747350322886291, 11.29087459092477275 ) ) ;
#265 = ADVANCED_FACE ( 'NONE', ( #2296 ), #3789, .T. ) ;
#266 = VERTEX_POINT ( 'NONE', #4584 ) ;
#267 = LINE ( 'NONE', #215, #421 ) ;
#268 = CARTESIAN_POINT ( 'NONE',  ( 38.83113143729587335, 38.84403461804295432, 11.29087459092477275 ) ) ;
#269 = EDGE_LOOP ( 'NONE', ( #1857, #1008, #2612, #272 ) ) ;
#270 = AXIS2_PLACEMENT_3D ( 'NONE', #3569, #590, #959 ) ;
#271 = CYLINDRICAL_SURFACE ( 'NONE', #4514, 0.001006105236832866012 ) ;
#272 = ORIENTED_EDGE ( 'NONE', *, *, #76, .T. ) ;
#273 = AXIS2_PLACEMENT_3D ( 'NONE', #3251, #3961, #4729 ) ;
#274 = VECTOR ( 'NONE', #4790, 1.000000000000000000 ) ;
#275 = DIRECTION ( 'NONE',  ( -0.000000000000000000, -0.000000000000000000, 1.000000000000000000 ) ) ;
#276 = CIRCLE ( 'NONE', #3266, 0.02935410264610283093 ) ;
#277 = AXIS2_PLACEMENT_3D ( 'NONE', #2776, #168, #2073 ) ;
#278 = VERTEX_POINT ( 'NONE', #4176 ) ;
#279 = DIRECTION ( 'NONE',  ( -0.000000000000000000, -0.000000000000000000, -1.000000000000000000 ) ) ;
#280 = DIRECTION ( 'NONE',  ( 0.8660254037833949869, -0.5000000000018076651, 0.000000000000000000 ) ) ;
#281 = CARTESIAN_POINT ( 'NONE',  ( 38.79703662278247123, 38.82314840176630355, 11.29747459073403704 ) ) ;
#282 = AXIS2_PLACEMENT_3D ( 'NONE', #3166, #3936, #1362 ) ;
#283 = VERTEX_POINT ( 'NONE', #3838 ) ;
#284 = AXIS2_PLACEMENT_3D ( 'NONE', #128, #3110, #3068 ) ;
#285 = ORIENTED_EDGE ( 'NONE', *, *, #3612, .F. ) ;
#286 = DIRECTION ( 'NONE',  ( 0.9659258262892763680, 0.2588190451017443605, 0.000000000000000000 ) ) ;
#287 = CARTESIAN_POINT ( 'NONE',  ( 38.81210041745022465, 38.85470172834716607, 11.35967459397653023 ) ) ;
#288 = LINE ( 'NONE', #1416, #4505 ) ;
#289 = EDGE_CURVE ( 'NONE', #4010, #1251, #2724, .T. ) ;
#290 = AXIS2_PLACEMENT_3D ( 'NONE', #3668, #4706, #4362 ) ;
#291 = EDGE_CURVE ( 'NONE', #787, #3235, #4652, .T. ) ;
#292 = CIRCLE ( 'NONE', #832, 0.001006105236836115583 ) ;
#293 = AXIS2_PLACEMENT_3D ( 'NONE', #1810, #1335, #608 ) ;
#294 = CYLINDRICAL_SURFACE ( 'NONE', #4577, 0.001006105236832866012 ) ;
#295 = ORIENTED_EDGE ( 'NONE', *, *, #1211, .T. ) ;
#296 = ADVANCED_FACE ( 'NONE', ( #118 ), #412, .F. ) ;
#297 = CIRCLE ( 'NONE', #4442, 0.03899994794847572166 ) ;
#298 = CARTESIAN_POINT ( 'NONE',  ( 38.81588593523277098, 38.81588593523274255, 11.29087459092477275 ) ) ;
#299 = DIRECTION ( 'NONE',  ( 0.000000000000000000, -0.000000000000000000, -1.000000000000000000 ) ) ;
#300 = ORIENTED_EDGE ( 'NONE', *, *, #3306, .T. ) ;
#301 = AXIS2_PLACEMENT_3D ( 'NONE', #2952, #3342, #1100 ) ;
#302 = CARTESIAN_POINT ( 'NONE',  ( 38.79290262101311981, 38.83886919764828605, 11.27687459092477162 ) ) ;
#303 = AXIS2_PLACEMENT_3D ( 'NONE', #3536, #1575, #152 ) ;
#304 = VERTEX_POINT ( 'NONE', #4155 ) ;
#305 = DIRECTION ( 'NONE',  ( -0.2588190451018285709, -0.9659258262892538305, 0.000000000000000000 ) ) ;
#306 = DIRECTION ( 'NONE',  ( -1.000000000000000000, 0.000000000000000000, 0.000000000000000000 ) ) ;
#307 = FACE_OUTER_BOUND ( 'NONE', #4128, .T. ) ;
#308 = VECTOR ( 'NONE', #1947, 1.000000000000000000 ) ;
#309 = DIRECTION ( 'NONE',  ( 0.000000000000000000, -0.000000000000000000, -1.000000000000000000 ) ) ;
#310 = AXIS2_PLACEMENT_3D ( 'NONE', #1192, #2690, #3187 ) ;
#311 = ORIENTED_EDGE ( 'NONE', *, *, #3942, .T. ) ;
#312 = DIRECTION ( 'NONE',  ( -0.000000000000000000, -0.000000000000000000, -1.000000000000000000 ) ) ;
#313 = DIRECTION ( 'NONE',  ( 0.2588190451006250337, -0.9659258262895763503, 0.000000000000000000 ) ) ;
#314 = ADVANCED_FACE ( 'NONE', ( #1622 ), #781, .T. ) ;
#315 = CARTESIAN_POINT ( 'NONE',  ( 38.80203881948674649, 38.78924779117483723, 11.29207459073403719 ) ) ;
#316 = ORIENTED_EDGE ( 'NONE', *, *, #172, .F. ) ;
#317 = EDGE_CURVE ( 'NONE', #1481, #3013, #1997, .T. ) ;
#318 = DIRECTION ( 'NONE',  ( -1.000000000000000000, 0.000000000000000000, 0.000000000000000000 ) ) ;
#319 = CARTESIAN_POINT ( 'NONE',  ( 38.84716532739390971, 38.80847285555255155, 11.27687459092477162 ) ) ;
#320 = ORIENTED_EDGE ( 'NONE', *, *, #3516, .T. ) ;
#321 = EDGE_CURVE ( 'NONE', #3852, #3485, #47, .T. ) ;
#322 = DIRECTION ( 'NONE',  ( 0.000000000000000000, 0.000000000000000000, -1.000000000000000000 ) ) ;
#323 = EDGE_CURVE ( 'NONE', #3796, #1850, #1539, .T. ) ;
#324 = ORIENTED_EDGE ( 'NONE', *, *, #2631, .T. ) ;
#325 = CARTESIAN_POINT ( 'NONE',  ( 38.79111573576059868, 38.84600956645628855, 11.29087459092477275 ) ) ;
#326 = CARTESIAN_POINT ( 'NONE',  ( 38.84587880256960091, 38.81721305325649496, 11.29207459073403719 ) ) ;
#327 = LINE ( 'NONE', #1410, #3918 ) ;
#328 = DIRECTION ( 'NONE',  ( -0.9659258262890429991, -0.2588190451026144978, 0.000000000000000000 ) ) ;
#329 = DIRECTION ( 'NONE',  ( -0.000000000000000000, -0.000000000000000000, -1.000000000000000000 ) ) ;
#330 = EDGE_LOOP ( 'NONE', ( #3228, #3347, #3960, #156 ) ) ;
#331 = LINE ( 'NONE', #1832, #1941 ) ;
#332 = FACE_OUTER_BOUND ( 'NONE', #575, .T. ) ;
#333 = DIRECTION ( 'NONE',  ( -1.000000000000000000, 0.000000000000000000, 0.000000000000000000 ) ) ;
#334 = ORIENTED_EDGE ( 'NONE', *, *, #4032, .T. ) ;
#335 = CARTESIAN_POINT ( 'NONE',  ( 38.83213760597951847, 38.78773728905356677, 11.27687459092477162 ) ) ;
#336 = CYLINDRICAL_SURFACE ( 'NONE', #211, 0.03899994794847572166 ) ;
#337 = VERTEX_POINT ( 'NONE', #74 ) ;
#338 = ORIENTED_EDGE ( 'NONE', *, *, #1244, .T. ) ;
#339 = EDGE_CURVE ( 'NONE', #1999, #2102, #4429, .T. ) ;
#340 = CARTESIAN_POINT ( 'NONE',  ( 38.81588593523277098, 38.81588593523274255, 11.29087459092477275 ) ) ;
#341 = EDGE_CURVE ( 'NONE', #2666, #4074, #3733, .T. ) ;
#342 = CIRCLE ( 'NONE', #2084, 0.02935410264610283093 ) ;
#343 = EDGE_CURVE ( 'NONE', #2219, #197, #1920, .T. ) ;
#344 = ORIENTED_EDGE ( 'NONE', *, *, #1613, .T. ) ;
#345 = CARTESIAN_POINT ( 'NONE',  ( 38.80847285555257997, 38.78460654307160382, 11.29087459092477275 ) ) ;
#346 = VERTEX_POINT ( 'NONE', #1194 ) ;
#347 = CARTESIAN_POINT ( 'NONE',  ( 38.85139412798759651, 38.83201554115694165, 11.27687459092477162 ) ) ;
#348 = DIRECTION ( 'NONE',  ( 0.9659258262890429991, 0.2588190451026144978, 0.000000000000000000 ) ) ;
#349 = EDGE_CURVE ( 'NONE', #2772, #1370, #3130, .T. ) ;
#350 = CIRCLE ( 'NONE', #2320, 0.03899994794847572166 ) ;
#351 = AXIS2_PLACEMENT_3D ( 'NONE', #3550, #3915, #1665 ) ;
#352 = CARTESIAN_POINT ( 'NONE',  ( 38.83608593523277364, 38.81588593523274255, 11.30287459073403689 ) ) ;
#353 = EDGE_LOOP ( 'NONE', ( #1697, #679, #4305, #249 ) ) ;
#354 = AXIS2_PLACEMENT_3D ( 'NONE', #2214, #1433, #706 ) ;
#355 = CARTESIAN_POINT ( 'NONE',  ( 38.83886919764831447, 38.83886924945239372, 11.27687459092477162 ) ) ;
#356 = DIRECTION ( 'NONE',  ( -0.9659258262890654256, 0.2588190451025316197, 0.000000000000000000 ) ) ;
#357 = CARTESIAN_POINT ( 'NONE',  ( 38.81682115252786502, 38.78375371630957602, 11.27687459092477162 ) ) ;
#358 = AXIS2_PLACEMENT_3D ( 'NONE', #754, #777, #3784 ) ;
#359 = CARTESIAN_POINT ( 'NONE',  ( 38.84728168145630889, 38.82429843800235147, 11.27687459092477162 ) ) ;
#360 = AXIS2_PLACEMENT_3D ( 'NONE', #403, #1071, #2255 ) ;
#361 = VERTEX_POINT ( 'NONE', #4559 ) ;
#362 = DIRECTION ( 'NONE',  ( 0.000000000000000000, -0.000000000000000000, -1.000000000000000000 ) ) ;
#363 = DIRECTION ( 'NONE',  ( -1.000000000000000000, 0.000000000000000000, 0.000000000000000000 ) ) ;
#364 = CIRCLE ( 'NONE', #4278, 0.02935410264610328890 ) ;
#365 = CIRCLE ( 'NONE', #293, 0.03000003113258031817 ) ;
#366 = EDGE_LOOP ( 'NONE', ( #1332, #2385, #607, #1680 ) ) ;
#367 = ORIENTED_EDGE ( 'NONE', *, *, #291, .T. ) ;
#368 = AXIS2_PLACEMENT_3D ( 'NONE', #3922, #3535, #151 ) ;
#369 = CARTESIAN_POINT ( 'NONE',  ( 38.83413186232325387, 38.80721732834759763, 11.29961000272782456 ) ) ;
#370 = AXIS2_PLACEMENT_3D ( 'NONE', #4238, #2017, #3519 ) ;
#371 = EDGE_CURVE ( 'NONE', #1296, #3186, #2693, .T. ) ;
#372 = CYLINDRICAL_SURFACE ( 'NONE', #920, 0.03899994794847572166 ) ;
#373 = ORIENTED_EDGE ( 'NONE', *, *, #528, .F. ) ;
#374 = LINE ( 'NONE', #326, #2207 ) ;
#375 = DIRECTION ( 'NONE',  ( -1.000000000000000000, 0.000000000000000000, 0.000000000000000000 ) ) ;
#376 = VECTOR ( 'NONE', #3590, 1.000000000000000000 ) ;
#377 = ORIENTED_EDGE ( 'NONE', *, *, #1532, .F. ) ;
#378 = ORIENTED_EDGE ( 'NONE', *, *, #2395, .F. ) ;
#379 = EDGE_CURVE ( 'NONE', #2671, #1243, #3662, .T. ) ;
#380 = AXIS2_PLACEMENT_3D ( 'NONE', #4404, #1038, #3359 ) ;
#381 = DIRECTION ( 'NONE',  ( -0.000000000000000000, -0.000000000000000000, -1.000000000000000000 ) ) ;
#382 = LINE ( 'NONE', #4779, #3737 ) ;
#383 = VECTOR ( 'NONE', #1381, 0.9999999999999998890 ) ;
#384 = EDGE_CURVE ( 'NONE', #3554, #3671, #4268, .T. ) ;
#385 = DIRECTION ( 'NONE',  ( -0.000000000000000000, -0.000000000000000000, -1.000000000000000000 ) ) ;
#386 = CIRCLE ( 'NONE', #2049, 0.02250000000000085265 ) ;
#387 = ORIENTED_EDGE ( 'NONE', *, *, #1452, .T. ) ;
#388 = DIRECTION ( 'NONE',  ( 0.5000000000001085798, -0.8660254037843760910, 0.000000000000000000 ) ) ;
#389 = CARTESIAN_POINT ( 'NONE',  ( 38.84444387598902182, 38.78605415785568766, 11.27687459092477162 ) ) ;
#390 = ORIENTED_EDGE ( 'NONE', *, *, #2011, .F. ) ;
#391 = ORIENTED_EDGE ( 'NONE', *, *, #3419, .F. ) ;
#392 = CARTESIAN_POINT ( 'NONE',  ( 38.81588593523277098, 38.81588593523274255, 11.29087459092477275 ) ) ;
#393 = FACE_OUTER_BOUND ( 'NONE', #1739, .T. ) ;
#394 = ORIENTED_EDGE ( 'NONE', *, *, #2843, .F. ) ;
#395 = DIRECTION ( 'NONE',  ( -0.000000000000000000, -0.000000000000000000, -1.000000000000000000 ) ) ;
#396 = CARTESIAN_POINT ( 'NONE',  ( 38.78591695402010942, 38.81452137192145102, 11.29207459073403719 ) ) ;
#397 = EDGE_LOOP ( 'NONE', ( #3320, #2521, #4162, #969 ) ) ;
#398 = DIRECTION ( 'NONE',  ( -1.000000000000000000, 0.000000000000000000, 0.000000000000000000 ) ) ;
#399 = ADVANCED_FACE ( 'NONE', ( #1321 ), #220, .T. ) ;
#400 = DIRECTION ( 'NONE',  ( 0.000000000000000000, 0.000000000000000000, -1.000000000000000000 ) ) ;
#401 = EDGE_CURVE ( 'NONE', #1963, #3984, #513, .T. ) ;
#402 = ORIENTED_EDGE ( 'NONE', *, *, #540, .T. ) ;
#403 = CARTESIAN_POINT ( 'NONE',  ( 38.81588593523277098, 38.81588593523274255, 11.29087459092477275 ) ) ;
#404 = DIRECTION ( 'NONE',  ( -0.8660254037833949869, 0.5000000000018076651, 0.000000000000000000 ) ) ;
#405 = DIRECTION ( 'NONE',  ( 0.7071067811865474617, -0.7071067811865474617, 0.000000000000000000 ) ) ;
#406 = FACE_OUTER_BOUND ( 'NONE', #3934, .T. ) ;
#407 = EDGE_CURVE ( 'NONE', #3661, #1660, #2859, .T. ) ;
#408 = DIRECTION ( 'NONE',  ( -1.000000000000000000, 6.039606986342531973E-11, 0.000000000000000000 ) ) ;
#409 = DIRECTION ( 'NONE',  ( 0.000000000000000000, 0.000000000000000000, -1.000000000000000000 ) ) ;
#410 = ORIENTED_EDGE ( 'NONE', *, *, #2843, .T. ) ;
#411 = VERTEX_POINT ( 'NONE', #3233 ) ;
#412 = CYLINDRICAL_SURFACE ( 'NONE', #4817, 0.001006105236832866012 ) ;
#413 = ORIENTED_EDGE ( 'NONE', *, *, #3755, .F. ) ;
#414 = ORIENTED_EDGE ( 'NONE', *, *, #2917, .F. ) ;
#415 = LINE ( 'NONE', #3702, #636 ) ;
#416 = DIRECTION ( 'NONE',  ( -1.000000000000000000, 0.000000000000000000, 0.000000000000000000 ) ) ;
#417 = CARTESIAN_POINT ( 'NONE',  ( 38.83430471237008419, 38.80758761741564200, 11.29550832208797040 ) ) ;
#418 = ORIENTED_EDGE ( 'NONE', *, *, #1827, .T. ) ;
#419 = DIRECTION ( 'NONE',  ( -1.000000000000000000, 0.000000000000000000, 0.000000000000000000 ) ) ;
#420 = LINE ( 'NONE', #3482, #1949 ) ;
#421 = VECTOR ( 'NONE', #1792, 1.000000000000000000 ) ;
#422 = VECTOR ( 'NONE', #3454, 1.000000000000000000 ) ;
#423 = DIRECTION ( 'NONE',  ( -0.4999999999959848784, 0.8660254037867568533, 0.000000000000000000 ) ) ;
#424 = CARTESIAN_POINT ( 'NONE',  ( 38.79809873620096994, 38.82546413159816012, 11.29972448342400959 ) ) ;
#425 = VECTOR ( 'NONE', #2024, 1.000000000000000000 ) ;
#426 = CARTESIAN_POINT ( 'NONE',  ( 38.78852622601289823, 38.79900990383554671, 11.29087459092477275 ) ) ;
#427 = CARTESIAN_POINT ( 'NONE',  ( 38.79971969813379928, 38.84115755263280079, 11.29207459073403719 ) ) ;
#428 = EDGE_CURVE ( 'NONE', #202, #480, #113, .T. ) ;
#429 = DIRECTION ( 'NONE',  ( -1.000000000000000000, 0.000000000000000000, 0.000000000000000000 ) ) ;
#430 = CIRCLE ( 'NONE', #2095, 0.001006105236836115583 ) ;
#431 = CARTESIAN_POINT ( 'NONE',  ( 38.80666622524125131, 38.78509062820454290, 11.27687459092477162 ) ) ;
#432 = DIRECTION ( 'NONE',  ( 0.000000000000000000, 0.000000000000000000, -1.000000000000000000 ) ) ;
#433 = ORIENTED_EDGE ( 'NONE', *, *, #1458, .F. ) ;
#434 = CARTESIAN_POINT ( 'NONE',  ( 38.83574975562042653, 38.77967931206351437, 11.29087459092477275 ) ) ;
#435 = ORIENTED_EDGE ( 'NONE', *, *, #3793, .T. ) ;
#436 = AXIS2_PLACEMENT_3D ( 'NONE', #4204, #3799, #842 ) ;
#437 = EDGE_CURVE ( 'NONE', #2319, #1590, #3203, .T. ) ;
#438 = EDGE_CURVE ( 'NONE', #1994, #4094, #1601, .T. ) ;
#439 = AXIS2_PLACEMENT_3D ( 'NONE', #3204, #4543, #4142 ) ;
#440 = DIRECTION ( 'NONE',  ( -1.000000000000000000, 0.000000000000000000, 0.000000000000000000 ) ) ;
#441 = ORIENTED_EDGE ( 'NONE', *, *, #4761, .T. ) ;
#442 = EDGE_CURVE ( 'NONE', #2621, #4225, #983, .T. ) ;
#443 = AXIS2_PLACEMENT_3D ( 'NONE', #462, #874, #163 ) ;
#444 = AXIS2_PLACEMENT_3D ( 'NONE', #2433, #680, #4329 ) ;
#445 = ORIENTED_EDGE ( 'NONE', *, *, #4470, .F. ) ;
#446 = CARTESIAN_POINT ( 'NONE',  ( 38.84587880256960091, 38.81721305325649496, 11.30287459073403689 ) ) ;
#447 = AXIS2_PLACEMENT_3D ( 'NONE', #632, #3632, #1751 ) ;
#448 = CARTESIAN_POINT ( 'NONE',  ( 38.83470915768170784, 38.80855605627926508, 11.29689177938826283 ) ) ;
#449 = ORIENTED_EDGE ( 'NONE', *, *, #788, .F. ) ;
#450 = CARTESIAN_POINT ( 'NONE',  ( 38.81588593523277098, 38.81588593523274255, 11.29207459073403719 ) ) ;
#451 = CARTESIAN_POINT ( 'NONE',  ( 38.84587880256960091, 38.81721305325649496, 11.29207459073403719 ) ) ;
#452 = AXIS2_PLACEMENT_3D ( 'NONE', #2015, #1527, #2236 ) ;
#453 = CARTESIAN_POINT ( 'NONE',  ( 38.84403458141195387, 38.83213760597948294, 11.29087459092477275 ) ) ;
#454 = ORIENTED_EDGE ( 'NONE', *, *, #2720, .T. ) ;
#455 = EDGE_CURVE ( 'NONE', #3058, #2800, #1348, .T. ) ;
#456 = DIRECTION ( 'NONE',  ( 0.000000000000000000, 0.000000000000000000, -1.000000000000000000 ) ) ;
#457 = LINE ( 'NONE', #2041, #3365 ) ;
#458 = ORIENTED_EDGE ( 'NONE', *, *, #3860, .T. ) ;
#459 = VERTEX_POINT ( 'NONE', #3528 ) ;
#460 = DIRECTION ( 'NONE',  ( -1.000000000000000000, 0.000000000000000000, 0.000000000000000000 ) ) ;
#461 = CIRCLE ( 'NONE', #1088, 0.001006105236836115583 ) ;
#462 = CARTESIAN_POINT ( 'NONE',  ( 38.81588593523277098, 38.81588593523274255, 11.29087459092477275 ) ) ;
#463 = EDGE_LOOP ( 'NONE', ( #739, #3855, #4672, #945 ) ) ;
#464 = VECTOR ( 'NONE', #3953, 1.000000000000000000 ) ;
#465 = LINE ( 'NONE', #2722, #4649 ) ;
#466 = DIRECTION ( 'NONE',  ( -0.000000000000000000, -0.000000000000000000, -1.000000000000000000 ) ) ;
#467 = EDGE_CURVE ( 'NONE', #2350, #4374, #1207, .T. ) ;
#468 = ORIENTED_EDGE ( 'NONE', *, *, #2422, .F. ) ;
#469 = VERTEX_POINT ( 'NONE', #4683 ) ;
#470 = EDGE_LOOP ( 'NONE', ( #243, #2963, #1709, #2739 ) ) ;
#471 = DIRECTION ( 'NONE',  ( -1.000000000000000000, 2.904709073180684017E-12, 0.000000000000000000 ) ) ;
#472 = EDGE_CURVE ( 'NONE', #3058, #1660, #3973, .T. ) ;
#473 = CYLINDRICAL_SURFACE ( 'NONE', #1932, 0.03899994794847572166 ) ;
#474 = EDGE_CURVE ( 'NONE', #1726, #1195, #4578, .T. ) ;
#475 = ORIENTED_EDGE ( 'NONE', *, *, #4218, .F. ) ;
#476 = FACE_OUTER_BOUND ( 'NONE', #3788, .T. ) ;
#477 = CARTESIAN_POINT ( 'NONE',  ( 38.79763869256147046, 38.82455177069625307, 11.29534022338381583 ) ) ;
#478 = CARTESIAN_POINT ( 'NONE',  ( 38.84444387598902182, 38.78605415785568766, 11.29087459092477275 ) ) ;
#479 = CARTESIAN_POINT ( 'NONE',  ( 38.79724372579785552, 38.82366533924616192, 11.29896078941868787 ) ) ;
#480 = VERTEX_POINT ( 'NONE', #1268 ) ;
#481 = CYLINDRICAL_SURFACE ( 'NONE', #1761, 0.03899994794847572166 ) ;
#482 = DIRECTION ( 'NONE',  ( -0.000000000000000000, -0.000000000000000000, -1.000000000000000000 ) ) ;
#483 = CARTESIAN_POINT ( 'NONE',  ( 38.78673199279844397, 38.79183844011096483, 11.29087459092477275 ) ) ;
#484 = ORIENTED_EDGE ( 'NONE', *, *, #3962, .T. ) ;
#485 = EDGE_LOOP ( 'NONE', ( #761, #3168, #4084, #780 ) ) ;
#486 = DIRECTION ( 'NONE',  ( 0.000000000000000000, 0.000000000000000000, -1.000000000000000000 ) ) ;
#487 = CYLINDRICAL_SURFACE ( 'NONE', #3670, 0.03000003113258031817 ) ;
#488 = CARTESIAN_POINT ( 'NONE',  ( 38.80747350322889133, 38.78449017004759014, 11.27687459092477162 ) ) ;
#489 = DIRECTION ( 'NONE',  ( 0.000000000000000000, 0.000000000000000000, -1.000000000000000000 ) ) ;
#490 = ORIENTED_EDGE ( 'NONE', *, *, #594, .F. ) ;
#491 = CARTESIAN_POINT ( 'NONE',  ( 38.77741300560285254, 38.80949612884480615, 11.27687459092477162 ) ) ;
#492 = EDGE_CURVE ( 'NONE', #4479, #4356, #2806, .T. ) ;
#493 = ADVANCED_FACE ( 'NONE', ( #932 ), #4655, .F. ) ;
#494 = EDGE_CURVE ( 'NONE', #2319, #4388, #1371, .T. ) ;
#495 = ORIENTED_EDGE ( 'NONE', *, *, #321, .T. ) ;
#496 = DIRECTION ( 'NONE',  ( 0.000000000000000000, -0.000000000000000000, -1.000000000000000000 ) ) ;
#497 = CARTESIAN_POINT ( 'NONE',  ( 38.79850964187814100, 38.82618736432827689, 11.29552096683174511 ) ) ;
#498 = EDGE_CURVE ( 'NONE', #4092, #2555, #3600, .T. ) ;
#499 = CARTESIAN_POINT ( 'NONE',  ( 38.79602211484511542, 38.85209255840197073, 11.29087459092477275 ) ) ;
#500 = ORIENTED_EDGE ( 'NONE', *, *, #428, .F. ) ;
#501 = VERTEX_POINT ( 'NONE', #3886 ) ;
#502 = AXIS2_PLACEMENT_3D ( 'NONE', #3255, #3993, #3626 ) ;
#503 = CIRCLE ( 'NONE', #3577, 0.001006105236833839843 ) ;
#504 = DIRECTION ( 'NONE',  ( -0.7071067811865474617, 0.7071067811865474617, 0.000000000000000000 ) ) ;
#505 = CARTESIAN_POINT ( 'NONE',  ( 38.78759104534883306, 38.80062968425995962, 11.29087459092477275 ) ) ;
#506 = VERTEX_POINT ( 'NONE', #2769 ) ;
#507 = CARTESIAN_POINT ( 'NONE',  ( 38.79382627202477352, 38.83926809181502193, 11.29087459092477275 ) ) ;
#508 = VECTOR ( 'NONE', #1291, 1.000000000000000000 ) ;
#509 = ORIENTED_EDGE ( 'NONE', *, *, #3112, .F. ) ;
#510 = VECTOR ( 'NONE', #2614, 1.000000000000000000 ) ;
#511 = CARTESIAN_POINT ( 'NONE',  ( 38.84716530843228810, 38.82329908567865573, 11.29087459092477275 ) ) ;
#512 = ADVANCED_FACE ( 'NONE', ( #4215, #2338 ), #3147, .T. ) ;
#513 = LINE ( 'NONE', #544, #4123 ) ;
#514 = AXIS2_PLACEMENT_3D ( 'NONE', #2635, #61, #4146 ) ;
#515 = ORIENTED_EDGE ( 'NONE', *, *, #2680, .T. ) ;
#516 = DIRECTION ( 'NONE',  ( -1.000000000000000000, 0.000000000000000000, 0.000000000000000000 ) ) ;
#517 = ORIENTED_EDGE ( 'NONE', *, *, #4269, .F. ) ;
#518 = LINE ( 'NONE', #892, #628 ) ;
#519 = AXIS2_PLACEMENT_3D ( 'NONE', #1548, #1520, #3084 ) ;
#520 = EDGE_CURVE ( 'NONE', #4100, #861, #743, .T. ) ;
#521 = AXIS2_PLACEMENT_3D ( 'NONE', #1488, #409, #4485 ) ;
#522 = CIRCLE ( 'NONE', #1223, 0.001006105236836115583 ) ;
#523 = EDGE_LOOP ( 'NONE', ( #410, #3761, #688, #4461, #334, #4725 ) ) ;
#524 = CARTESIAN_POINT ( 'NONE',  ( 38.78375371630960444, 38.81495071793764851, 11.29087459092477275 ) ) ;
#525 = CARTESIAN_POINT ( 'NONE',  ( 38.84665962737027201, 38.79394933902180753, 11.29087459092477275 ) ) ;
#526 = AXIS2_PLACEMENT_3D ( 'NONE', #1067, #3705, #2996 ) ;
#527 = ORIENTED_EDGE ( 'NONE', *, *, #4845, .F. ) ;
#528 = EDGE_CURVE ( 'NONE', #4225, #4335, #2746, .T. ) ;
#529 = VERTEX_POINT ( 'NONE', #2368 ) ;
#530 = DIRECTION ( 'NONE',  ( -0.000000000000000000, 0.000000000000000000, 1.000000000000000000 ) ) ;
#531 = ORIENTED_EDGE ( 'NONE', *, *, #4246, .T. ) ;
#532 = AXIS2_PLACEMENT_3D ( 'NONE', #2937, #3008, #738 ) ;
#533 = DIRECTION ( 'NONE',  ( 0.000000000000000000, 0.000000000000000000, -1.000000000000000000 ) ) ;
#534 = DIRECTION ( 'NONE',  ( -1.000000000000000000, 0.000000000000000000, 0.000000000000000000 ) ) ;
#535 = ORIENTED_EDGE ( 'NONE', *, *, #4500, .F. ) ;
#536 = CARTESIAN_POINT ( 'NONE',  ( 38.81588593523277098, 38.81588593523274255, 11.29207459073403719 ) ) ;
#537 = ADVANCED_FACE ( 'NONE', ( #4625 ), #2389, .T. ) ;
#538 = VECTOR ( 'NONE', #660, 1.000000000000000000 ) ;
#539 = CARTESIAN_POINT ( 'NONE',  ( 38.79111573576059868, 38.84600956645628855, 11.27687459092477162 ) ) ;
#540 = EDGE_CURVE ( 'NONE', #720, #3981, #3813, .T. ) ;
#541 = ORIENTED_EDGE ( 'NONE', *, *, #3057, .T. ) ;
#542 = ORIENTED_EDGE ( 'NONE', *, *, #712, .T. ) ;
#543 = CARTESIAN_POINT ( 'NONE',  ( 38.84716530843228810, 38.82329908567865573, 11.27687459092477162 ) ) ;
#544 = CARTESIAN_POINT ( 'NONE',  ( 38.83201547722381974, 38.85139415702914789, 11.29087459092477275 ) ) ;
#545 = AXIS2_PLACEMENT_3D ( 'NONE', #434, #2431, #4557 ) ;
#546 = DIRECTION ( 'NONE',  ( 0.000000000000000000, -0.000000000000000000, 1.000000000000000000 ) ) ;
#547 = DIRECTION ( 'NONE',  ( 0.000000000000000000, -0.000000000000000000, -1.000000000000000000 ) ) ;
#548 = EDGE_LOOP ( 'NONE', ( #2062, #3114, #4624, #1374 ) ) ;
#549 = CARTESIAN_POINT ( 'NONE',  ( 38.82958873113358322, 38.77937252229332188, 11.29087459092477275 ) ) ;
#550 = CARTESIAN_POINT ( 'NONE',  ( 38.78589306789594815, 38.81455881720898304, 11.30287459073403689 ) ) ;
#551 = EDGE_LOOP ( 'NONE', ( #2836, #2686, #3386, #642 ) ) ;
#552 = VERTEX_POINT ( 'NONE', #1584 ) ;
#553 = FACE_OUTER_BOUND ( 'NONE', #4255, .T. ) ;
#554 = VERTEX_POINT ( 'NONE', #507 ) ;
#555 = CARTESIAN_POINT ( 'NONE',  ( 38.83886919764831447, 38.83886924945239372, 11.29087459092477275 ) ) ;
#556 = CARTESIAN_POINT ( 'NONE',  ( 38.83113150074268560, 38.78773728905356677, 11.29087459092477275 ) ) ;
#557 = EDGE_LOOP ( 'NONE', ( #2120, #884, #2861, #893 ) ) ;
#558 = ORIENTED_EDGE ( 'NONE', *, *, #2912, .T. ) ;
#559 = CARTESIAN_POINT ( 'NONE',  ( 38.78852622601289823, 38.79900990383554671, 11.27687459092477162 ) ) ;
#560 = EDGE_CURVE ( 'NONE', #4523, #2406, #4171, .T. ) ;
#561 = CYLINDRICAL_SURFACE ( 'NONE', #290, 0.03600013749699115806 ) ;
#562 = ORIENTED_EDGE ( 'NONE', *, *, #1886, .F. ) ;
#563 = DIRECTION ( 'NONE',  ( 0.9659258262892763680, 0.2588190451017443605, 0.000000000000000000 ) ) ;
#564 = EDGE_CURVE ( 'NONE', #779, #1591, #3890, .T. ) ;
#565 = CARTESIAN_POINT ( 'NONE',  ( 38.79974018364196553, 38.84119696126688837, 11.29207459073403719 ) ) ;
#566 = DIRECTION ( 'NONE',  ( -0.4612290001999289624, -0.8872811332236103521, 0.000000000000000000 ) ) ;
#567 = DIRECTION ( 'NONE',  ( -0.2588190451011160298, 0.9659258262894446778, 0.000000000000000000 ) ) ;
#568 = VERTEX_POINT ( 'NONE', #1637 ) ;
#569 = ORIENTED_EDGE ( 'NONE', *, *, #4462, .T. ) ;
#570 = CARTESIAN_POINT ( 'NONE',  ( 38.84403461804298274, 38.79963432793280731, 11.29087459092477275 ) ) ;
#571 = ORIENTED_EDGE ( 'NONE', *, *, #4470, .T. ) ;
#572 = DIRECTION ( 'NONE',  ( 0.000000000000000000, -0.000000000000000000, -1.000000000000000000 ) ) ;
#573 = DIRECTION ( 'NONE',  ( 0.2588190451017443605, 0.9659258262892763680, 0.000000000000000000 ) ) ;
#574 = EDGE_CURVE ( 'NONE', #154, #1994, #1933, .T. ) ;
#575 = EDGE_LOOP ( 'NONE', ( #3207, #801, #2446, #1672 ) ) ;
#576 = CARTESIAN_POINT ( 'NONE',  ( 38.82510571599001992, 38.78509064716615740, 11.29087459092477275 ) ) ;
#577 = ORIENTED_EDGE ( 'NONE', *, *, #1385, .T. ) ;
#578 = DIRECTION ( 'NONE',  ( -0.000000000000000000, 0.000000000000000000, 1.000000000000000000 ) ) ;
#579 = FACE_OUTER_BOUND ( 'NONE', #1677, .T. ) ;
#580 = ORIENTED_EDGE ( 'NONE', *, *, #2689, .T. ) ;
#581 = CIRCLE ( 'NONE', #2865, 0.03600013749698843801 ) ;
#582 = CYLINDRICAL_SURFACE ( 'NONE', #1136, 0.001006105236832866012 ) ;
#583 = AXIS2_PLACEMENT_3D ( 'NONE', #1803, #2246, #1034 ) ;
#584 = VERTEX_POINT ( 'NONE', #3783 ) ;
#585 = EDGE_CURVE ( 'NONE', #4493, #3467, #3121, .T. ) ;
#586 = DIRECTION ( 'NONE',  ( 0.000000000000000000, -0.000000000000000000, -1.000000000000000000 ) ) ;
#587 = ADVANCED_FACE ( 'NONE', ( #406 ), #1907, .T. ) ;
#588 = CIRCLE ( 'NONE', #1280, 0.03899994794847572166 ) ;
#589 = ADVANCED_FACE ( 'NONE', ( #798 ), #1964, .T. ) ;
#590 = DIRECTION ( 'NONE',  ( -0.000000000000000000, -0.000000000000000000, 1.000000000000000000 ) ) ;
#591 = DIRECTION ( 'NONE',  ( -0.000000000000000000, 0.000000000000000000, -1.000000000000000000 ) ) ;
#592 = CARTESIAN_POINT ( 'NONE',  ( 38.83272391174271121, 38.80472682383046390, 11.29674962829711760 ) ) ;
#593 = ORIENTED_EDGE ( 'NONE', *, *, #3998, .F. ) ;
#594 = EDGE_CURVE ( 'NONE', #3102, #3539, #3184, .T. ) ;
#595 = AXIS2_PLACEMENT_3D ( 'NONE', #4267, #3964, #1645 ) ;
#596 = ORIENTED_EDGE ( 'NONE', *, *, #1569, .T. ) ;
#597 = AXIS2_PLACEMENT_3D ( 'NONE', #2410, #2437, #4647 ) ;
#598 = CARTESIAN_POINT ( 'NONE',  ( 38.78511224309526284, 38.83782253144367758, 11.29087459092477275 ) ) ;
#599 = EDGE_CURVE ( 'NONE', #304, #2251, #1189, .T. ) ;
#600 = ORIENTED_EDGE ( 'NONE', *, *, #3755, .T. ) ;
#601 = VECTOR ( 'NONE', #799, 1.000000000000000000 ) ;
#602 = CARTESIAN_POINT ( 'NONE',  ( 38.85239934817219165, 38.82958873113355480, 11.29087459092477275 ) ) ;
#603 = LINE ( 'NONE', #2138, #934 ) ;
#604 = CYLINDRICAL_SURFACE ( 'NONE', #2117, 0.02935410264610283093 ) ;
#605 = AXIS2_PLACEMENT_3D ( 'NONE', #4449, #309, #4475 ) ;
#606 = EDGE_LOOP ( 'NONE', ( #3817, #1871, #1494, #1917 ) ) ;
#607 = ORIENTED_EDGE ( 'NONE', *, *, #528, .T. ) ;
#608 = DIRECTION ( 'NONE',  ( -1.000000000000000000, 9.473893311909853109E-13, 0.000000000000000000 ) ) ;
#609 = CARTESIAN_POINT ( 'NONE',  ( 38.81967145301531730, 38.77707014211831904, 11.29087459092477275 ) ) ;
#610 = EDGE_LOOP ( 'NONE', ( #1923, #2163 ) ) ;
#611 = VECTOR ( 'NONE', #2775, 1.000000000000000000 ) ;
#612 = CIRCLE ( 'NONE', #1390, 0.001006105236834714794 ) ;
#613 = CARTESIAN_POINT ( 'NONE',  ( 38.83886919764831447, 38.83886924945239372, 11.27687459092477162 ) ) ;
#614 = CIRCLE ( 'NONE', #695, 0.03600013749699115806 ) ;
#615 = VERTEX_POINT ( 'NONE', #3833 ) ;
#616 = UNCERTAINTY_MEASURE_WITH_UNIT (LENGTH_MEASURE( 1.000000000000000082E-05 ), #25, 'distance_accuracy_value', 'NONE');
#617 = CARTESIAN_POINT ( 'NONE',  ( 38.82227574162070027, 38.77741300560282411, 11.29087459092477275 ) ) ;
#618 = CARTESIAN_POINT ( 'NONE',  ( 38.84188593523276722, 38.81588593523273545, 11.28387459092477130 ) ) ;
#619 = ORIENTED_EDGE ( 'NONE', *, *, #1913, .T. ) ;
#620 = CIRCLE ( 'NONE', #3367, 0.02935410264610328890 ) ;
#621 = CARTESIAN_POINT ( 'NONE',  ( 38.84668122329934903, 38.82510571598998439, 11.29087459092477275 ) ) ;
#622 = CARTESIAN_POINT ( 'NONE',  ( 38.83326089668747017, 38.80558226519318765, 11.29552250127046875 ) ) ;
#623 = ORIENTED_EDGE ( 'NONE', *, *, #4481, .T. ) ;
#624 = VECTOR ( 'NONE', #4045, 1.000000000000000000 ) ;
#625 = ORIENTED_EDGE ( 'NONE', *, *, #938, .T. ) ;
#626 = DIRECTION ( 'NONE',  ( 0.9659258262890429991, -0.2588190451026144978, 0.000000000000000000 ) ) ;
#627 = EDGE_CURVE ( 'NONE', #3274, #2454, #821, .T. ) ;
#628 = VECTOR ( 'NONE', #1939, 1.000000000000000000 ) ;
#629 = DIRECTION ( 'NONE',  ( -1.000000000000000000, 0.000000000000000000, 0.000000000000000000 ) ) ;
#630 = VERTEX_POINT ( 'NONE', #3492 ) ;
#631 = AXIS2_PLACEMENT_3D ( 'NONE', #2845, #4698, #4641 ) ;
#632 = CARTESIAN_POINT ( 'NONE',  ( 38.79290267281722038, 38.79290262101309139, 11.29087459092477275 ) ) ;
#633 = CARTESIAN_POINT ( 'NONE',  ( 38.84760863924662999, 38.83857218635611730, 11.27687459092477162 ) ) ;
#634 = DIRECTION ( 'NONE',  ( -1.000000000000000000, 0.000000000000000000, 0.000000000000000000 ) ) ;
#635 = ADVANCED_FACE ( 'NONE', ( #3097 ), #4576, .T. ) ;
#636 = VECTOR ( 'NONE', #4810, 1.000000000000000000 ) ;
#637 = ORIENTED_EDGE ( 'NONE', *, *, #4787, .T. ) ;
#638 = CARTESIAN_POINT ( 'NONE',  ( 38.84668124226096353, 38.80666622524122289, 11.27687459092477162 ) ) ;
#639 = CARTESIAN_POINT ( 'NONE',  ( 38.84838921327945371, 38.81588597186377854, 11.27687459092477162 ) ) ;
#640 = EDGE_LOOP ( 'NONE', ( #4294, #1703, #1729, #844 ) ) ;
#641 = CARTESIAN_POINT ( 'NONE',  ( 38.84838921327945371, 38.81588597186377854, 11.29087459092477275 ) ) ;
#642 = ORIENTED_EDGE ( 'NONE', *, *, #3659, .T. ) ;
#643 = CARTESIAN_POINT ( 'NONE',  ( 38.82975693710294962, 38.84248663400312296, 11.29087459073403643 ) ) ;
#644 = DIRECTION ( 'NONE',  ( -0.000000000000000000, 0.000000000000000000, -1.000000000000000000 ) ) ;
#645 = EDGE_LOOP ( 'NONE', ( #3650, #468, #4354, #338 ) ) ;
#646 = FACE_OUTER_BOUND ( 'NONE', #366, .T. ) ;
#647 = DIRECTION ( 'NONE',  ( -0.000000000000000000, -0.000000000000000000, 1.000000000000000000 ) ) ;
#648 = VERTEX_POINT ( 'NONE', #2147 ) ;
#649 = CARTESIAN_POINT ( 'NONE',  ( 38.83463067833979210, 38.80835683240936618, 11.29860877975260713 ) ) ;
#650 = EDGE_LOOP ( 'NONE', ( #28, #171, #675, #4412 ) ) ;
#651 = EDGE_CURVE ( 'NONE', #2356, #4714, #1715, .T. ) ;
#652 = DIRECTION ( 'NONE',  ( -0.9990225017702558663, -0.04420453547656848226, 0.000000000000000000 ) ) ;
#653 = DIRECTION ( 'NONE',  ( -0.7071067811865474617, -0.7071067811865474617, 0.000000000000000000 ) ) ;
#654 = DIRECTION ( 'NONE',  ( 0.5377935015703266819, -0.8430765977470418004, 0.000000000000000000 ) ) ;
#655 = EDGE_CURVE ( 'NONE', #3974, #1351, #747, .T. ) ;
#656 = CARTESIAN_POINT ( 'NONE',  ( 38.79975632930856477, 38.85139412798756808, 11.29087459092477275 ) ) ;
#657 = ORIENTED_EDGE ( 'NONE', *, *, #317, .F. ) ;
#658 = EDGE_CURVE ( 'NONE', #1725, #4231, #976, .T. ) ;
#659 = CARTESIAN_POINT ( 'NONE',  ( 38.78150143957278573, 38.80020343417888995, 11.29087459092477275 ) ) ;
#660 = DIRECTION ( 'NONE',  ( -0.000000000000000000, -0.000000000000000000, -1.000000000000000000 ) ) ;
#661 = CYLINDRICAL_SURFACE ( 'NONE', #4661, 0.02935410264610283093 ) ;
#662 = CARTESIAN_POINT ( 'NONE',  ( 38.79290262101311981, 38.83886919764828605, 11.29087459092477275 ) ) ;
#663 = ORIENTED_EDGE ( 'NONE', *, *, #191, .F. ) ;
#664 = CIRCLE ( 'NONE', #4041, 0.03899994794847572166 ) ;
#665 = DIRECTION ( 'NONE',  ( 0.000000000000000000, -0.000000000000000000, -1.000000000000000000 ) ) ;
#666 = CARTESIAN_POINT ( 'NONE',  ( 38.83265971718216036, 38.80463070359965627, 11.29747459073403704 ) ) ;
#667 = ORIENTED_EDGE ( 'NONE', *, *, #4432, .F. ) ;
#668 = AXIS2_PLACEMENT_3D ( 'NONE', #1662, #3169, #3940 ) ;
#669 = PLANE ( 'NONE',  #583 ) ;
#670 = VERTEX_POINT ( 'NONE', #263 ) ;
#671 = DIRECTION ( 'NONE',  ( 0.000000000000000000, 0.000000000000000000, -1.000000000000000000 ) ) ;
#672 = CARTESIAN_POINT ( 'NONE',  ( 38.83276196662996682, 38.78852622601286981, 11.29087459092477275 ) ) ;
#673 = DIRECTION ( 'NONE',  ( -0.4999999999999605871, 0.8660254037844614672, 0.000000000000000000 ) ) ;
#674 = CIRCLE ( 'NONE', #1776, 0.03600013749699166460 ) ;
#675 = ORIENTED_EDGE ( 'NONE', *, *, #317, .T. ) ;
#676 = ADVANCED_FACE ( 'NONE', ( #898 ), #582, .F. ) ;
#677 = VERTEX_POINT ( 'NONE', #2878 ) ;
#678 = AXIS2_PLACEMENT_3D ( 'NONE', #2771, #4217, #1615 ) ;
#679 = ORIENTED_EDGE ( 'NONE', *, *, #3171, .F. ) ;
#680 = DIRECTION ( 'NONE',  ( 0.000000000000000000, 0.000000000000000000, -1.000000000000000000 ) ) ;
#681 = CARTESIAN_POINT ( 'NONE',  ( 38.81588593523277098, 38.81588593523274255, 11.29087459092477275 ) ) ;
#682 = AXIS2_PLACEMENT_3D ( 'NONE', #1411, #4427, #328 ) ;
#683 = EDGE_CURVE ( 'NONE', #3357, #3408, #194, .T. ) ;
#684 = CIRCLE ( 'NONE', #1047, 0.001006105236834714794 ) ;
#685 = AXIS2_PLACEMENT_3D ( 'NONE', #2218, #3712, #4464 ) ;
#686 = VECTOR ( 'NONE', #1282, 1.000000000000000000 ) ;
#687 = DIRECTION ( 'NONE',  ( -0.000000000000000000, -0.000000000000000000, -1.000000000000000000 ) ) ;
#688 = ORIENTED_EDGE ( 'NONE', *, *, #1102, .T. ) ;
#689 = EDGE_CURVE ( 'NONE', #1892, #4290, #4125, .T. ) ;
#690 = VECTOR ( 'NONE', #652, 1.000000000000000000 ) ;
#691 = DIRECTION ( 'NONE',  ( 0.4999999999959848784, 0.8660254037867568533, 0.000000000000000000 ) ) ;
#692 = CARTESIAN_POINT ( 'NONE',  ( 38.83270016787668766, 38.80469118557249431, 11.29688990018591355 ) ) ;
#693 = VERTEX_POINT ( 'NONE', #3910 ) ;
#694 = EDGE_CURVE ( 'NONE', #1952, #2344, #1740, .T. ) ;
#695 = AXIS2_PLACEMENT_3D ( 'NONE', #2743, #4212, #848 ) ;
#696 = CARTESIAN_POINT ( 'NONE',  ( 38.83407008045558229, 38.80708834644125460, 11.29965319292955073 ) ) ;
#697 = CIRCLE ( 'NONE', #1873, 0.02935410264610433320 ) ;
#698 = DIRECTION ( 'NONE',  ( 0.000000000000000000, 0.000000000000000000, -1.000000000000000000 ) ) ;
#699 = DIRECTION ( 'NONE',  ( 0.000000000000000000, 0.000000000000000000, -1.000000000000000000 ) ) ;
#700 = FACE_OUTER_BOUND ( 'NONE', #708, .T. ) ;
#701 = AXIS2_PLACEMENT_3D ( 'NONE', #1198, #2697, #416 ) ;
#702 = DIRECTION ( 'NONE',  ( -0.000000000000000000, -0.000000000000000000, -1.000000000000000000 ) ) ;
#703 = VECTOR ( 'NONE', #1653, 1.000000000000000000 ) ;
#704 = ORIENTED_EDGE ( 'NONE', *, *, #4667, .F. ) ;
#705 = FACE_OUTER_BOUND ( 'NONE', #2056, .T. ) ;
#706 = DIRECTION ( 'NONE',  ( -1.000000000000000000, 0.000000000000000000, 0.000000000000000000 ) ) ;
#707 = AXIS2_PLACEMENT_3D ( 'NONE', #4005, #3290, #4770 ) ;
#708 = EDGE_LOOP ( 'NONE', ( #2270, #1378, #1597, #495 ) ) ;
#709 = CARTESIAN_POINT ( 'NONE',  ( 38.83786314421558927, 38.79290267281719196, 11.29087459092477275 ) ) ;
#710 = EDGE_CURVE ( 'NONE', #3444, #3930, #37, .T. ) ;
#711 = ORIENTED_EDGE ( 'NONE', *, *, #4353, .T. ) ;
#712 = EDGE_CURVE ( 'NONE', #1999, #1962, #1003, .T. ) ;
#713 = CARTESIAN_POINT ( 'NONE',  ( 38.79900990383557513, 38.84324564445261529, 11.29087459092477275 ) ) ;
#714 = CARTESIAN_POINT ( 'NONE',  ( 38.76944253564145981, 38.84002827519386614, 11.29747459073403704 ) ) ;
#715 = ORIENTED_EDGE ( 'NONE', *, *, #4370, .T. ) ;
#716 = ADVANCED_FACE ( 'NONE', ( #1316 ), #4311, .T. ) ;
#717 = CARTESIAN_POINT ( 'NONE',  ( 38.83473524768305651, 38.80862346869916735, 11.29747459073403704 ) ) ;
#718 = ORIENTED_EDGE ( 'NONE', *, *, #2539, .T. ) ;
#719 = CARTESIAN_POINT ( 'NONE',  ( 38.80847278478685780, 38.84716530843225968, 11.29087459092477275 ) ) ;
#720 = VERTEX_POINT ( 'NONE', #4014 ) ;
#721 = DIRECTION ( 'NONE',  ( 0.8660254037867568533, -0.4999999999959848784, 0.000000000000000000 ) ) ;
#722 = CARTESIAN_POINT ( 'NONE',  ( 38.80203881948674649, 38.78924779117483723, 11.30287459073403689 ) ) ;
#723 = ORIENTED_EDGE ( 'NONE', *, *, #3411, .T. ) ;
#724 = DIRECTION ( 'NONE',  ( -0.000000000000000000, -0.000000000000000000, 1.000000000000000000 ) ) ;
#725 = DIRECTION ( 'NONE',  ( 0.000000000000000000, -0.000000000000000000, -1.000000000000000000 ) ) ;
#726 = CARTESIAN_POINT ( 'NONE',  ( 38.83993343035454870, 38.78673199279841555, 11.29087459092477275 ) ) ;
#727 = DIRECTION ( 'NONE',  ( -0.000000000000000000, 0.000000000000000000, 1.000000000000000000 ) ) ;
#728 = ADVANCED_FACE ( 'NONE', ( #4750 ), #953, .F. ) ;
#729 = LINE ( 'NONE', #2984, #2342 ) ;
#730 = VERTEX_POINT ( 'NONE', #2508 ) ;
#731 = ORIENTED_EDGE ( 'NONE', *, *, #4723, .F. ) ;
#732 = VECTOR ( 'NONE', #1948, 1.000000000000000000 ) ;
#733 = DIRECTION ( 'NONE',  ( -0.000000000000000000, -0.000000000000000000, -1.000000000000000000 ) ) ;
#734 = EDGE_CURVE ( 'NONE', #4838, #4509, #1691, .T. ) ;
#735 = CIRCLE ( 'NONE', #1510, 0.03899994794847572166 ) ;
#736 = AXIS2_PLACEMENT_3D ( 'NONE', #2783, #2494, #3553 ) ;
#737 = ORIENTED_EDGE ( 'NONE', *, *, #4163, .F. ) ;
#738 = DIRECTION ( 'NONE',  ( -0.7071067811865474617, -0.7071067811865474617, 0.000000000000000000 ) ) ;
#739 = ORIENTED_EDGE ( 'NONE', *, *, #1186, .T. ) ;
#740 = DIRECTION ( 'NONE',  ( 1.000000000000000000, 0.000000000000000000, -0.000000000000000000 ) ) ;
#741 = CARTESIAN_POINT ( 'NONE',  ( 38.83838593523276472, 38.81588593523273545, 11.28387459092477130 ) ) ;
#742 = VECTOR ( 'NONE', #1889, 1.000000000000000000 ) ;
#743 = CIRCLE ( 'NONE', #4502, 0.03899994794847572166 ) ;
#744 = DIRECTION ( 'NONE',  ( -0.000000000000000000, -0.000000000000000000, 1.000000000000000000 ) ) ;
#745 = EDGE_CURVE ( 'NONE', #3314, #2034, #2012, .T. ) ;
#746 = ORIENTED_EDGE ( 'NONE', *, *, #710, .F. ) ;
#747 = CIRCLE ( 'NONE', #282, 0.001006105236833839843 ) ;
#748 = DIRECTION ( 'NONE',  ( -1.000000000000000000, 0.000000000000000000, 0.000000000000000000 ) ) ;
#749 = DIRECTION ( 'NONE',  ( -1.000000000000000000, 0.000000000000000000, 0.000000000000000000 ) ) ;
#750 = CIRCLE ( 'NONE', #3107, 0.001006105236836115583 ) ;
#751 = CARTESIAN_POINT ( 'NONE',  ( 38.79978455527430015, 38.84119892461345813, 11.29087459073403643 ) ) ;
#752 = FACE_OUTER_BOUND ( 'NONE', #3257, .T. ) ;
#753 = VERTEX_POINT ( 'NONE', #559 ) ;
#754 = CARTESIAN_POINT ( 'NONE',  ( 38.81588593523277098, 38.81588593523274255, 11.27687459092477162 ) ) ;
#755 = CARTESIAN_POINT ( 'NONE',  ( 38.82973305097879546, 38.84252407929064788, 11.29207459073403719 ) ) ;
#756 = CIRCLE ( 'NONE', #3598, 0.03600013749698947191 ) ;
#757 = ORIENTED_EDGE ( 'NONE', *, *, #2595, .T. ) ;
#758 = VERTEX_POINT ( 'NONE', #3546 ) ;
#759 = CARTESIAN_POINT ( 'NONE',  ( 38.81588593523277098, 38.81588593523274255, 11.29207459073403719 ) ) ;
#760 = DIRECTION ( 'NONE',  ( -0.000000000000000000, -0.000000000000000000, 1.000000000000000000 ) ) ;
#761 = ORIENTED_EDGE ( 'NONE', *, *, #2194, .F. ) ;
#762 = DIRECTION ( 'NONE',  ( -0.000000000000000000, 0.000000000000000000, 1.000000000000000000 ) ) ;
#763 = DIRECTION ( 'NONE',  ( -0.000000000000000000, 0.000000000000000000, -1.000000000000000000 ) ) ;
#764 = FACE_OUTER_BOUND ( 'NONE', #551, .T. ) ;
#765 = ADVANCED_FACE ( 'NONE', ( #3620 ), #2480, .T. ) ;
#766 = AXIS2_PLACEMENT_3D ( 'NONE', #1706, #968, #4027 ) ;
#767 = DIRECTION ( 'NONE',  ( -0.000000000000000000, -0.000000000000000000, -1.000000000000000000 ) ) ;
#768 = VERTEX_POINT ( 'NONE', #162 ) ;
#769 = AXIS2_PLACEMENT_3D ( 'NONE', #2185, #3683, #786 ) ;
#770 = CYLINDRICAL_SURFACE ( 'NONE', #3355, 0.03600013749699115806 ) ;
#771 = EDGE_CURVE ( 'NONE', #4560, #1295, #430, .T. ) ;
#772 = DIRECTION ( 'NONE',  ( 0.4612290002001152023, 0.8872811332235133186, 0.000000000000000000 ) ) ;
#773 = EDGE_LOOP ( 'NONE', ( #4174, #4544 ) ) ;
#774 = CIRCLE ( 'NONE', #1802, 0.001006105236834714794 ) ;
#775 = DIRECTION ( 'NONE',  ( 0.9659258262890429991, 0.2588190451026144978, 0.000000000000000000 ) ) ;
#776 = AXIS2_PLACEMENT_3D ( 'NONE', #1086, #763, #721 ) ;
#777 = DIRECTION ( 'NONE',  ( 0.000000000000000000, 0.000000000000000000, -1.000000000000000000 ) ) ;
#778 = DIRECTION ( 'NONE',  ( -0.000000000000000000, -0.000000000000000000, -1.000000000000000000 ) ) ;
#779 = VERTEX_POINT ( 'NONE', #2458 ) ;
#780 = ORIENTED_EDGE ( 'NONE', *, *, #3153, .T. ) ;
#781 = CYLINDRICAL_SURFACE ( 'NONE', #3501, 0.03899994794847572166 ) ;
#782 = ORIENTED_EDGE ( 'NONE', *, *, #3086, .F. ) ;
#783 = DIRECTION ( 'NONE',  ( -0.000000000000000000, -0.000000000000000000, -1.000000000000000000 ) ) ;
#784 = ORIENTED_EDGE ( 'NONE', *, *, #1855, .T. ) ;
#785 = LINE ( 'NONE', #2992, #3846 ) ;
#786 = DIRECTION ( 'NONE',  ( -0.8660254037832296747, -0.5000000000020939916, 0.000000000000000000 ) ) ;
#787 = VERTEX_POINT ( 'NONE', #242 ) ;
#788 = EDGE_CURVE ( 'NONE', #1457, #4348, #1045, .T. ) ;
#789 = ORIENTED_EDGE ( 'NONE', *, *, #938, .F. ) ;
#790 = CARTESIAN_POINT ( 'NONE',  ( 38.83926809181505035, 38.83794559844074001, 11.29087459092477275 ) ) ;
#791 = CARTESIAN_POINT ( 'NONE',  ( 38.85470172834719449, 38.81967145301528888, 11.27687459092477162 ) ) ;
#792 = CARTESIAN_POINT ( 'NONE',  ( 38.81588593523277098, 38.81588593523274255, 11.27687459092477162 ) ) ;
#793 = EDGE_CURVE ( 'NONE', #116, #3274, #4197, .T. ) ;
#794 = CARTESIAN_POINT ( 'NONE',  ( 38.79904780414361909, 38.82704481366174321, 11.29820037213768558 ) ) ;
#795 = EDGE_CURVE ( 'NONE', #3558, #779, #382, .T. ) ;
#796 = FACE_OUTER_BOUND ( 'NONE', #986, .T. ) ;
#797 = CARTESIAN_POINT ( 'NONE',  ( 38.85717370087640177, 38.81498519672004477, 11.29087459092477275 ) ) ;
#798 = FACE_OUTER_BOUND ( 'NONE', #463, .T. ) ;
#799 = DIRECTION ( 'NONE',  ( -0.000000000000000000, -0.000000000000000000, -1.000000000000000000 ) ) ;
#800 = DIRECTION ( 'NONE',  ( 0.9990225017702559773, 0.04420453547656873899, 0.000000000000000000 ) ) ;
#801 = ORIENTED_EDGE ( 'NONE', *, *, #2146, .T. ) ;
#802 = LINE ( 'NONE', #917, #464 ) ;
#803 = EDGE_LOOP ( 'NONE', ( #96, #3747, #1262, #222 ) ) ;
#804 = CYLINDRICAL_SURFACE ( 'NONE', #3016, 0.03899994794847572166 ) ;
#805 = DIRECTION ( 'NONE',  ( -1.000000000000000000, 0.000000000000000000, 0.000000000000000000 ) ) ;
#806 = ORIENTED_EDGE ( 'NONE', *, *, #2756, .F. ) ;
#807 = ORIENTED_EDGE ( 'NONE', *, *, #85, .T. ) ;
#808 = CARTESIAN_POINT ( 'NONE',  ( 38.83203168682357642, 38.79057490919859674, 11.29207459073403719 ) ) ;
#809 = CIRCLE ( 'NONE', #2237, 0.001006105236834714794 ) ;
#810 = DIRECTION ( 'NONE',  ( -0.000000000000000000, 0.000000000000000000, -1.000000000000000000 ) ) ;
#811 = ORIENTED_EDGE ( 'NONE', *, *, #4163, .T. ) ;
#812 = DIRECTION ( 'NONE',  ( -1.000000000000000000, 0.000000000000000000, 0.000000000000000000 ) ) ;
#813 = DIRECTION ( 'NONE',  ( -0.000000000000000000, -0.000000000000000000, -1.000000000000000000 ) ) ;
#814 = CLOSED_SHELL ( 'NONE', ( #958, #2977, #257, #170, #99, #3524, #1570, #106, #3666, #296, #2133, #2882, #3330, #3054, #2055, #4001, #4609, #3719, #2046, #3636, #2969, #1064, #3208, #48, #3209, #1331, #2221, #2070, #635, #2148, #4519, #1944, #314, #2306, #3212, #1033, #4089, #765, #2749, #2066, #4727, #2288, #3638, #1149, #3568, #2580, #1980, #1816, #1097, #3028, #4056, #235, #1297, #1576, #589, #3711, #887, #3455, #4405, #3631, #2442, #2335, #912, #2427, #3929, #1730, #2460, #1173, #4190, #1463, #3572, #2283, #1363, #3970, #3707, #1509, #1269, #856, #2072, #4513, #265, #728, #1339, #4272, #1616, #14, #1755, #4569, #4109, #2249, #1405, #4316, #716, #2394, #944, #2659, #3593, #3871, #1663, #3894, #4572, #4563, #3391, #399, #4140, #676, #3324, #4484, #2626, #3122, #139, #493, #1596, #1423, #3578, #537, #3023, #1547, #587, #2599, #1772, #3483, #4226, #44, #3635, #3778, #4796, #2429, #4851, #1446, #216, #2751, #3092, #1454, #3278, #512, #2245, #988, #1904 ) ) ;
#815 = FACE_OUTER_BOUND ( 'NONE', #2457, .T. ) ;
#816 = DIRECTION ( 'NONE',  ( 0.5377935015703266819, -0.8430765977470416894, 0.000000000000000000 ) ) ;
#817 = LINE ( 'NONE', #845, #1383 ) ;
#818 = AXIS2_PLACEMENT_3D ( 'NONE', #4133, #760, #22 ) ;
#819 = CARTESIAN_POINT ( 'NONE',  ( 38.81588593523277098, 38.81588593523274255, 11.27687459092477162 ) ) ;
#820 = CARTESIAN_POINT ( 'NONE',  ( 38.78591695402010942, 38.81452137192145102, 11.29087459073403643 ) ) ;
#821 = LINE ( 'NONE', #3468, #2178 ) ;
#822 = EDGE_CURVE ( 'NONE', #1829, #1685, #2592, .T. ) ;
#823 = AXIS2_PLACEMENT_3D ( 'NONE', #2997, #4391, #749 ) ;
#824 = LINE ( 'NONE', #2047, #1293 ) ;
#825 = EDGE_LOOP ( 'NONE', ( #3316, #3537, #1976, #1154 ) ) ;
#826 = AXIS2_PLACEMENT_3D ( 'NONE', #2009, #3407, #3140 ) ;
#827 = EDGE_CURVE ( 'NONE', #3288, #2067, #3689, .T. ) ;
#828 = CIRCLE ( 'NONE', #682, 0.03600013749698947191 ) ;
#829 = AXIS2_PLACEMENT_3D ( 'NONE', #2505, #1312, #3639 ) ;
#830 = CARTESIAN_POINT ( 'NONE',  ( 38.80666615447552914, 38.84668122329932061, 11.29087459092477275 ) ) ;
#831 = CARTESIAN_POINT ( 'NONE',  ( 38.81588593523277098, 38.81588593523274255, 11.29087459092477275 ) ) ;
#832 = AXIS2_PLACEMENT_3D ( 'NONE', #4397, #299, #1870 ) ;
#833 = CIRCLE ( 'NONE', #3125, 0.03600013749698947191 ) ;
#834 = ORIENTED_EDGE ( 'NONE', *, *, #2140, .T. ) ;
#835 = DIRECTION ( 'NONE',  ( 0.000000000000000000, 1.000000000000000000, 0.000000000000000000 ) ) ;
#836 = DIRECTION ( 'NONE',  ( 0.000000000000000000, -0.000000000000000000, -1.000000000000000000 ) ) ;
#837 = AXIS2_PLACEMENT_3D ( 'NONE', #1274, #1982, #1574 ) ;
#838 = ORIENTED_EDGE ( 'NONE', *, *, #3249, .F. ) ;
#839 = DIRECTION ( 'NONE',  ( -1.000000000000000000, 0.000000000000000000, 0.000000000000000000 ) ) ;
#840 = DIRECTION ( 'NONE',  ( -0.7071067811846725171, 0.7071067811884226284, 0.000000000000000000 ) ) ;
#841 = AXIS2_PLACEMENT_3D ( 'NONE', #2561, #1876, #3029 ) ;
#842 = DIRECTION ( 'NONE',  ( -1.000000000000000000, 0.000000000000000000, 0.000000000000000000 ) ) ;
#843 = CARTESIAN_POINT ( 'NONE',  ( 38.79747005747676525, 38.82418716094421285, 11.29942668019760887 ) ) ;
#844 = ORIENTED_EDGE ( 'NONE', *, *, #371, .F. ) ;
#845 = CARTESIAN_POINT ( 'NONE',  ( 38.78591355340411440, 38.81459822584306352, 11.29087459073403643 ) ) ;
#846 = AXIS2_PLACEMENT_3D ( 'NONE', #2090, #1738, #2456 ) ;
#847 = CARTESIAN_POINT ( 'NONE',  ( 38.81495071793767693, 38.84801815415590909, 11.27687459092477162 ) ) ;
#848 = DIRECTION ( 'NONE',  ( -1.000000000000000000, 0.000000000000000000, 0.000000000000000000 ) ) ;
#849 = ORIENTED_EDGE ( 'NONE', *, *, #3306, .F. ) ;
#850 = CARTESIAN_POINT ( 'NONE',  ( 38.80203881948674649, 38.78924779117483723, 11.30407459073403764 ) ) ;
#851 = AXIS2_PLACEMENT_3D ( 'NONE', #3011, #2587, #4096 ) ;
#852 = DIRECTION ( 'NONE',  ( -0.000000000000000000, -0.000000000000000000, -1.000000000000000000 ) ) ;
#853 = EDGE_LOOP ( 'NONE', ( #110, #1958, #2989, #3145, #1294, #2528, #418, #1018 ) ) ;
#854 = EDGE_CURVE ( 'NONE', #4374, #266, #2548, .T. ) ;
#855 = VECTOR ( 'NONE', #329, 1.000000000000000000 ) ;
#856 = ADVANCED_FACE ( 'NONE', ( #4849 ), #1116, .T. ) ;
#857 = VECTOR ( 'NONE', #3791, 1.000000000000000000 ) ;
#858 = DIRECTION ( 'NONE',  ( -0.000000000000000000, -0.000000000000000000, -1.000000000000000000 ) ) ;
#859 = FACE_OUTER_BOUND ( 'NONE', #4535, .T. ) ;
#860 = EDGE_CURVE ( 'NONE', #2514, #1481, #3421, .T. ) ;
#861 = VERTEX_POINT ( 'NONE', #2259 ) ;
#862 = CARTESIAN_POINT ( 'NONE',  ( 38.81495079119974179, 38.78375371630957602, 11.27687459092477162 ) ) ;
#863 = VERTEX_POINT ( 'NONE', #1460 ) ;
#864 = CARTESIAN_POINT ( 'NONE',  ( 38.83113143729587335, 38.84403461804295432, 11.29087459092477275 ) ) ;
#865 = CARTESIAN_POINT ( 'NONE',  ( 38.79844392505079753, 38.82607587544513450, 11.29545195060306639 ) ) ;
#866 = DIRECTION ( 'NONE',  ( 0.000000000000000000, 0.000000000000000000, -1.000000000000000000 ) ) ;
#867 = ORIENTED_EDGE ( 'NONE', *, *, #79, .F. ) ;
#868 = ORIENTED_EDGE ( 'NONE', *, *, #4700, .F. ) ;
#869 = DIRECTION ( 'NONE',  ( -1.000000000000000000, 0.000000000000000000, 0.000000000000000000 ) ) ;
#870 = CYLINDRICAL_SURFACE ( 'NONE', #370, 0.001006105236832866012 ) ;
#871 = ORIENTED_EDGE ( 'NONE', *, *, #980, .F. ) ;
#872 = DIRECTION ( 'NONE',  ( 0.000000000000000000, 0.000000000000000000, -1.000000000000000000 ) ) ;
#873 = FACE_OUTER_BOUND ( 'NONE', #1750, .T. ) ;
#874 = DIRECTION ( 'NONE',  ( 0.000000000000000000, 0.000000000000000000, -1.000000000000000000 ) ) ;
#875 = EDGE_LOOP ( 'NONE', ( #715, #2850, #4759, #87 ) ) ;
#876 = EDGE_CURVE ( 'NONE', #1590, #3974, #4823, .T. ) ;
#877 = CARTESIAN_POINT ( 'NONE',  ( 38.78449018900924017, 38.80747343246313363, 11.27687459092477162 ) ) ;
#878 = DIRECTION ( 'NONE',  ( 0.000000000000000000, 0.000000000000000000, -1.000000000000000000 ) ) ;
#879 = ORIENTED_EDGE ( 'NONE', *, *, #1011, .F. ) ;
#880 = VERTEX_POINT ( 'NONE', #2192 ) ;
#881 = CARTESIAN_POINT ( 'NONE',  ( 38.84403458141195387, 38.83213760597948294, 11.29087459092477275 ) ) ;
#882 = EDGE_CURVE ( 'NONE', #4828, #2286, #4352, .T. ) ;
#883 = ORIENTED_EDGE ( 'NONE', *, *, #4432, .T. ) ;
#884 = ORIENTED_EDGE ( 'NONE', *, *, #3389, .T. ) ;
#885 = FACE_OUTER_BOUND ( 'NONE', #2574, .T. ) ;
#886 = CARTESIAN_POINT ( 'NONE',  ( 38.79971969813379928, 38.84115755263280079, 11.29087459073403643 ) ) ;
#887 = ADVANCED_FACE ( 'NONE', ( #332 ), #4455, .T. ) ;
#888 = AXIS2_PLACEMENT_3D ( 'NONE', #4341, #2534, #1692 ) ;
#889 = CARTESIAN_POINT ( 'NONE',  ( 38.79864195604436361, 38.82640869571977760, 11.29927326660735787 ) ) ;
#890 = ORIENTED_EDGE ( 'NONE', *, *, #42, .F. ) ;
#891 = ORIENTED_EDGE ( 'NONE', *, *, #166, .F. ) ;
#892 = CARTESIAN_POINT ( 'NONE',  ( 38.80203881948674649, 38.78924779117483723, 11.29207459073403719 ) ) ;
#893 = ORIENTED_EDGE ( 'NONE', *, *, #520, .F. ) ;
#894 = VECTOR ( 'NONE', #2235, 1.000000000000000000 ) ;
#895 = CARTESIAN_POINT ( 'NONE',  ( 38.77741300560285254, 38.80949612884480615, 11.29087459092477275 ) ) ;
#896 = LINE ( 'NONE', #505, #3048 ) ;
#897 = VERTEX_POINT ( 'NONE', #3337 ) ;
#898 = FACE_OUTER_BOUND ( 'NONE', #1197, .T. ) ;
#899 = VECTOR ( 'NONE', #566, 1.000000000000000000 ) ;
#900 = AXIS2_PLACEMENT_3D ( 'NONE', #1285, #4678, #4726 ) ;
#901 = ORIENTED_EDGE ( 'NONE', *, *, #2675, .F. ) ;
#902 = FACE_OUTER_BOUND ( 'NONE', #3762, .T. ) ;
#903 = CARTESIAN_POINT ( 'NONE',  ( 38.79446198997679573, 38.78058005057620505, 11.29087459092477275 ) ) ;
#904 = CIRCLE ( 'NONE', #4585, 0.03000003113258031817 ) ;
#905 =( NAMED_UNIT ( * ) PLANE_ANGLE_UNIT ( ) SI_UNIT ( $, .RADIAN. ) );
#906 = ADVANCED_BREP_SHAPE_REPRESENTATION ( 'Gear_Level3V3', ( #4419, #1727 ), #2134 ) ;
#907 = AXIS2_PLACEMENT_3D ( 'NONE', #67, #1560, #1966 ) ;
#908 = DIRECTION ( 'NONE',  ( -0.000000000000000000, -0.000000000000000000, -1.000000000000000000 ) ) ;
#909 = CIRCLE ( 'NONE', #2022, 0.001006105236833839843 ) ;
#910 = VECTOR ( 'NONE', #1241, 1.000000000000000000 ) ;
#911 = EDGE_LOOP ( 'NONE', ( #214, #3899, #838, #4809 ) ) ;
#912 = ADVANCED_FACE ( 'NONE', ( #1483 ), #3388, .T. ) ;
#913 = CARTESIAN_POINT ( 'NONE',  ( 38.84065613470494327, 38.78576230400918945, 11.29087459092477275 ) ) ;
#914 = CARTESIAN_POINT ( 'NONE',  ( 38.79568593523276832, 38.81588593523274255, 11.30287459073403689 ) ) ;
#915 = EDGE_LOOP ( 'NONE', ( #2622, #2165, #1080, #225, #2132, #3565, #1022, #2128, #935, #2402, #2002, #2065, #3924, #4003, #2181, #3338, #1266, #4328, #667, #1470, #4219, #3991, #2923, #4564, #3952, #4629, #1135, #4602, #1358, #4659, #4675, #2050, #3877, #4531, #4393, #4840, #2189, #784, #3181, #3758, #4650, #4038, #3018, #70, #4768, #923, #580, #3911, #2314, #3242, #1550, #4668, #2403, #2560, #2158, #2818, #596, #8, #3736, #1085, #1334, #746, #4024, #2212, #3095, #3810, #975, #4620, #4021, #1558, #4457, #141, #1987, #3305, #2413, #2010, #3544, #3103, #2944, #2441, #1678, #2, #1579, #4110, #320, #4802, #2497, #3882, #454, #2759, #2436, #133, #3541, #2872, #433, #1648, #4178, #3740, #1839, #4281, #3417, #1632, #4247, #95, #153, #3213 ) ) ;
#916 = ORIENTED_EDGE ( 'NONE', *, *, #341, .F. ) ;
#917 = CARTESIAN_POINT ( 'NONE',  ( 38.83113150074268560, 38.78773728905356677, 11.29087459092477275 ) ) ;
#918 = EDGE_LOOP ( 'NONE', ( #2579, #2877, #2605, #4248 ) ) ;
#919 = EDGE_CURVE ( 'NONE', #4257, #3235, #674, .T. ) ;
#920 = AXIS2_PLACEMENT_3D ( 'NONE', #88, #2708, #4209 ) ;
#921 = FACE_OUTER_BOUND ( 'NONE', #557, .T. ) ;
#922 = DIRECTION ( 'NONE',  ( -0.000000000000000000, -0.000000000000000000, -1.000000000000000000 ) ) ;
#923 = ORIENTED_EDGE ( 'NONE', *, *, #2723, .T. ) ;
#924 = ORIENTED_EDGE ( 'NONE', *, *, #4807, .T. ) ;
#925 = DIRECTION ( 'NONE',  ( -0.000000000000000000, 0.000000000000000000, -1.000000000000000000 ) ) ;
#926 = AXIS2_PLACEMENT_3D ( 'NONE', #1955, #1163, #2658 ) ;
#927 = CARTESIAN_POINT ( 'NONE',  ( 38.81588593523276387, 38.81588593523273545, 11.28387459092477130 ) ) ;
#928 = ORIENTED_EDGE ( 'NONE', *, *, #2544, .T. ) ;
#929 = CIRCLE ( 'NONE', #3691, 0.03600013749698689064 ) ;
#930 = ORIENTED_EDGE ( 'NONE', *, *, #1972, .F. ) ;
#931 = DIRECTION ( 'NONE',  ( -0.000000000000000000, -0.000000000000000000, 1.000000000000000000 ) ) ;
#932 = FACE_OUTER_BOUND ( 'NONE', #3699, .T. ) ;
#933 = CARTESIAN_POINT ( 'NONE',  ( 38.83473524768307072, 38.80862346869918156, 11.29732580366081685 ) ) ;
#934 = VECTOR ( 'NONE', #1752, 1.000000000000000000 ) ;
#935 = ORIENTED_EDGE ( 'NONE', *, *, #2597, .F. ) ;
#936 = ORIENTED_EDGE ( 'NONE', *, *, #4111, .T. ) ;
#937 = ORIENTED_EDGE ( 'NONE', *, *, #627, .F. ) ;
#938 = EDGE_CURVE ( 'NONE', #677, #506, #3349, .T. ) ;
#939 = CYLINDRICAL_SURFACE ( 'NONE', #3968, 0.03600013749699115806 ) ;
#940 = ORIENTED_EDGE ( 'NONE', *, *, #2852, .T. ) ;
#941 = CARTESIAN_POINT ( 'NONE',  ( 38.78037774247794545, 38.79975632930853635, 11.29087459092477275 ) ) ;
#942 = CARTESIAN_POINT ( 'NONE',  ( 38.83113143729587335, 38.84403461804295432, 11.27687459092477162 ) ) ;
#943 = VERTEX_POINT ( 'NONE', #1094 ) ;
#944 = ADVANCED_FACE ( 'NONE', ( #3757 ), #661, .T. ) ;
#945 = ORIENTED_EDGE ( 'NONE', *, *, #3700, .F. ) ;
#946 = DIRECTION ( 'NONE',  ( -1.000000000000000000, 0.000000000000000000, 0.000000000000000000 ) ) ;
#947 = ORIENTED_EDGE ( 'NONE', *, *, #4364, .F. ) ;
#948 = CARTESIAN_POINT ( 'NONE',  ( 38.83730988048874622, 38.85119181988928005, 11.29087459092477275 ) ) ;
#949 = EDGE_CURVE ( 'NONE', #3557, #1216, #288, .T. ) ;
#950 = LINE ( 'NONE', #3296, #4145 ) ;
#951 = VERTEX_POINT ( 'NONE', #357 ) ;
#952 = ORIENTED_EDGE ( 'NONE', *, *, #4653, .F. ) ;
#953 = CYLINDRICAL_SURFACE ( 'NONE', #3504, 0.001006105236832866012 ) ;
#954 = EDGE_CURVE ( 'NONE', #237, #2545, #2556, .T. ) ;
#955 = CARTESIAN_POINT ( 'NONE',  ( 38.77577188780607287, 38.80606992174659098, 11.29087459092477275 ) ) ;
#956 = ORIENTED_EDGE ( 'NONE', *, *, #4379, .F. ) ;
#957 = DIRECTION ( 'NONE',  ( -0.000000000000000000, -0.000000000000000000, -1.000000000000000000 ) ) ;
#958 = ADVANCED_FACE ( 'NONE', ( #815 ), #4185, .F. ) ;
#959 = DIRECTION ( 'NONE',  ( -0.2588190451025316197, -0.9659258262890654256, 0.000000000000000000 ) ) ;
#960 = DIRECTION ( 'NONE',  ( -0.000000000000000000, -0.000000000000000000, 1.000000000000000000 ) ) ;
#961 = DIRECTION ( 'NONE',  ( 0.000000000000000000, 0.000000000000000000, -1.000000000000000000 ) ) ;
#962 = ORIENTED_EDGE ( 'NONE', *, *, #2254, .F. ) ;
#963 = ORIENTED_EDGE ( 'NONE', *, *, #1569, .F. ) ;
#964 = DIRECTION ( 'NONE',  ( -0.000000000000000000, -0.000000000000000000, -1.000000000000000000 ) ) ;
#965 = ORIENTED_EDGE ( 'NONE', *, *, #3857, .F. ) ;
#966 = DIRECTION ( 'NONE',  ( 0.000000000000000000, 0.000000000000000000, -1.000000000000000000 ) ) ;
#967 = CARTESIAN_POINT ( 'NONE',  ( 38.78449017004761856, 38.82429836723662220, 11.29087459092477275 ) ) ;
#968 = DIRECTION ( 'NONE',  ( -0.000000000000000000, -0.000000000000000000, -1.000000000000000000 ) ) ;
#969 = ORIENTED_EDGE ( 'NONE', *, *, #339, .T. ) ;
#970 = ORIENTED_EDGE ( 'NONE', *, *, #2035, .F. ) ;
#971 = CYLINDRICAL_SURFACE ( 'NONE', #3378, 0.03899994794847572166 ) ;
#972 = VERTEX_POINT ( 'NONE', #3779 ) ;
#973 = DIRECTION ( 'NONE',  ( -1.000000000000000000, 0.000000000000000000, 0.000000000000000000 ) ) ;
#974 = DIRECTION ( 'NONE',  ( 0.000000000000000000, -0.000000000000000000, -1.000000000000000000 ) ) ;
#975 = ORIENTED_EDGE ( 'NONE', *, *, #2440, .T. ) ;
#976 = LINE ( 'NONE', #3958, #3027 ) ;
#977 = CIRCLE ( 'NONE', #31, 0.001006105236833839843 ) ;
#978 = ORIENTED_EDGE ( 'NONE', *, *, #1486, .T. ) ;
#979 = CARTESIAN_POINT ( 'NONE',  ( 38.84403461804298274, 38.79963432793280731, 11.29087459092477275 ) ) ;
#980 = EDGE_CURVE ( 'NONE', #2302, #4487, #3040, .T. ) ;
#981 = SURFACE_STYLE_USAGE ( .BOTH. , #2884 ) ;
#982 = AXIS2_PLACEMENT_3D ( 'NONE', #797, #4551, #2573 ) ;
#983 = CIRCLE ( 'NONE', #2174, 0.03600013749699115806 ) ;
#984 = CARTESIAN_POINT ( 'NONE',  ( 38.82958873113358322, 38.77937252229332188, 11.27687459092477162 ) ) ;
#985 = CARTESIAN_POINT ( 'NONE',  ( 38.83313509747053871, 38.80537302393605614, 11.29568536356864961 ) ) ;
#986 = EDGE_LOOP ( 'NONE', ( #3474, #4728, #2264, #1735 ) ) ;
#987 = EDGE_CURVE ( 'NONE', #2060, #1445, #4527, .T. ) ;
#988 = ADVANCED_FACE ( 'NONE', ( #3511 ), #1984, .F. ) ;
#989 = CARTESIAN_POINT ( 'NONE',  ( 38.78375371630960444, 38.81682107926577174, 11.29087459092477275 ) ) ;
#990 = EDGE_LOOP ( 'NONE', ( #1808, #1406 ) ) ;
#991 = CIRCLE ( 'NONE', #4361, 0.03600013749698947191 ) ;
#992 = DIRECTION ( 'NONE',  ( -1.000000000000000000, 0.000000000000000000, 0.000000000000000000 ) ) ;
#993 = DIRECTION ( 'NONE',  ( -0.000000000000000000, -0.000000000000000000, 1.000000000000000000 ) ) ;
#994 = DIRECTION ( 'NONE',  ( 0.000000000000000000, 0.000000000000000000, -1.000000000000000000 ) ) ;
#995 = EDGE_LOOP ( 'NONE', ( #2085, #3158, #1228, #571 ) ) ;
#996 = VECTOR ( 'NONE', #1140, 1.000000000000000000 ) ;
#997 = VECTOR ( 'NONE', #1682, 1.000000000000000000 ) ;
#998 = LINE ( 'NONE', #3660, #4083 ) ;
#999 = ORIENTED_EDGE ( 'NONE', *, *, #1366, .T. ) ;
#1000 = DIRECTION ( 'NONE',  ( -0.000000000000000000, -0.000000000000000000, -1.000000000000000000 ) ) ;
#1001 = FACE_OUTER_BOUND ( 'NONE', #3219, .T. ) ;
#1002 = ORIENTED_EDGE ( 'NONE', *, *, #710, .T. ) ;
#1003 = LINE ( 'NONE', #3270, #1522 ) ;
#1004 = CARTESIAN_POINT ( 'NONE',  ( 38.80963716477709369, 38.85315773756222058, 11.27687459092477162 ) ) ;
#1005 = CIRCLE ( 'NONE', #2897, 0.03899994794847572166 ) ;
#1006 = ORIENTED_EDGE ( 'NONE', *, *, #4812, .F. ) ;
#1007 = DIRECTION ( 'NONE',  ( -0.4612290001999287403, -0.8872811332236103521, 0.000000000000000000 ) ) ;
#1008 = ORIENTED_EDGE ( 'NONE', *, *, #1306, .F. ) ;
#1009 = AXIS2_PLACEMENT_3D ( 'NONE', #4547, #127, #2381 ) ;
#1010 = CYLINDRICAL_SURFACE ( 'NONE', #3496, 0.03600013749699115806 ) ;
#1011 = EDGE_CURVE ( 'NONE', #202, #3574, #2247, .T. ) ;
#1012 = CARTESIAN_POINT ( 'NONE',  ( 38.82975693710294962, 38.84248663400312296, 11.29087459073403643 ) ) ;
#1013 = VERTEX_POINT ( 'NONE', #4234 ) ;
#1014 = CIRCLE ( 'NONE', #3615, 0.001006105236833839843 ) ;
#1015 = VECTOR ( 'NONE', #2082, 1.000000000000000000 ) ;
#1016 = CARTESIAN_POINT ( 'NONE',  ( 38.78460656203324675, 38.80847278478682938, 11.29087459092477275 ) ) ;
#1017 = EDGE_CURVE ( 'NONE', #1742, #92, #4434, .T. ) ;
#1018 = ORIENTED_EDGE ( 'NONE', *, *, #2715, .F. ) ;
#1019 = DIRECTION ( 'NONE',  ( -0.000000000000000000, -0.000000000000000000, -1.000000000000000000 ) ) ;
#1020 = LINE ( 'NONE', #2840, #3767 ) ;
#1021 = FACE_OUTER_BOUND ( 'NONE', #4833, .T. ) ;
#1022 = ORIENTED_EDGE ( 'NONE', *, *, #2376, .T. ) ;
#1023 = CARTESIAN_POINT ( 'NONE',  ( 38.85128864812276817, 38.80266162802503516, 11.29087459092477275 ) ) ;
#1024 = ORIENTED_EDGE ( 'NONE', *, *, #882, .F. ) ;
#1025 = DIRECTION ( 'NONE',  ( 0.8430765977470418004, 0.5377935015703266819, -0.000000000000000000 ) ) ;
#1026 = DIRECTION ( 'NONE',  ( -0.000000000000000000, 0.000000000000000000, -1.000000000000000000 ) ) ;
#1027 = DIRECTION ( 'NONE',  ( -1.000000000000000000, 0.000000000000000000, 0.000000000000000000 ) ) ;
#1028 = DIRECTION ( 'NONE',  ( -1.000000000000000000, 0.000000000000000000, 0.000000000000000000 ) ) ;
#1029 = ORIENTED_EDGE ( 'NONE', *, *, #3672, .F. ) ;
#1030 = CARTESIAN_POINT ( 'NONE',  ( 38.83276190318315457, 38.84324568108365128, 11.29087459092477275 ) ) ;
#1031 = CARTESIAN_POINT ( 'NONE',  ( 38.78037771343636564, 38.83201547722379132, 11.27687459092477162 ) ) ;
#1032 = ORIENTED_EDGE ( 'NONE', *, *, #3693, .F. ) ;
#1033 = ADVANCED_FACE ( 'NONE', ( #1903 ), #2679, .T. ) ;
#1034 = DIRECTION ( 'NONE',  ( 1.000000000000000000, 0.000000000000000000, -0.000000000000000000 ) ) ;
#1035 = ORIENTED_EDGE ( 'NONE', *, *, #3477, .F. ) ;
#1036 = CARTESIAN_POINT ( 'NONE',  ( 38.82329901491296198, 38.84716532739388128, 11.29087459092477275 ) ) ;
#1037 = CYLINDRICAL_SURFACE ( 'NONE', #4780, 0.03899994794847572166 ) ;
#1038 = DIRECTION ( 'NONE',  ( 0.000000000000000000, -0.000000000000000000, -1.000000000000000000 ) ) ;
#1039 = EDGE_CURVE ( 'NONE', #1448, #1963, #2179, .T. ) ;
#1040 = CARTESIAN_POINT ( 'NONE',  ( 38.82958866539051002, 38.85239937284423206, 11.27687459092477162 ) ) ;
#1041 = DIRECTION ( 'NONE',  ( -0.000000000000000000, -0.000000000000000000, -1.000000000000000000 ) ) ;
#1042 = ORIENTED_EDGE ( 'NONE', *, *, #1899, .F. ) ;
#1043 = DIRECTION ( 'NONE',  ( 0.9659258262890654256, -0.2588190451025316197, 0.000000000000000000 ) ) ;
#1044 = EDGE_CURVE ( 'NONE', #1952, #3966, #1614, .T. ) ;
#1045 = LINE ( 'NONE', #4431, #1062 ) ;
#1046 = EDGE_CURVE ( 'NONE', #3051, #1238, #198, .T. ) ;
#1047 = AXIS2_PLACEMENT_3D ( 'NONE', #877, #3472, #4222 ) ;
#1048 = DIRECTION ( 'NONE',  ( 0.000000000000000000, -0.000000000000000000, -1.000000000000000000 ) ) ;
#1049 = EDGE_LOOP ( 'NONE', ( #2361, #3106, #1516, #3422 ) ) ;
#1050 = DIRECTION ( 'NONE',  ( 0.000000000000000000, 0.000000000000000000, -1.000000000000000000 ) ) ;
#1051 = DIRECTION ( 'NONE',  ( -0.000000000000000000, -0.000000000000000000, -1.000000000000000000 ) ) ;
#1052 = ORIENTED_EDGE ( 'NONE', *, *, #683, .T. ) ;
#1053 = AXIS2_PLACEMENT_3D ( 'NONE', #4708, #3803, #4503 ) ;
#1054 = AXIS2_PLACEMENT_3D ( 'NONE', #2223, #1472, #2988 ) ;
#1055 = FACE_BOUND ( 'NONE', #2826, .T. ) ;
#1056 = CARTESIAN_POINT ( 'NONE',  ( 38.84801815415593751, 38.81495079119971336, 11.29087459092477275 ) ) ;
#1057 = VECTOR ( 'NONE', #4189, 1.000000000000000000 ) ;
#1058 = ORIENTED_EDGE ( 'NONE', *, *, #20, .T. ) ;
#1059 = DIRECTION ( 'NONE',  ( 0.2588190451018285709, 0.9659258262892538305, 0.000000000000000000 ) ) ;
#1060 = LINE ( 'NONE', #4044, #1015 ) ;
#1061 = LINE ( 'NONE', #722, #624 ) ;
#1062 = VECTOR ( 'NONE', #725, 1.000000000000000000 ) ;
#1063 = FACE_OUTER_BOUND ( 'NONE', #1864, .T. ) ;
#1064 = ADVANCED_FACE ( 'NONE', ( #1956 ), #3406, .F. ) ;
#1065 = AXIS2_PLACEMENT_3D ( 'NONE', #1138, #4568, #102 ) ;
#1066 = ORIENTED_EDGE ( 'NONE', *, *, #2822, .F. ) ;
#1067 = CARTESIAN_POINT ( 'NONE',  ( 38.82911024244048548, 38.85128864812273974, 11.29087459092477275 ) ) ;
#1068 = CARTESIAN_POINT ( 'NONE',  ( 38.84188593523276722, 38.81588593523273545, 11.28387459092477130 ) ) ;
#1069 = AXIS2_PLACEMENT_3D ( 'NONE', #4815, #3012, #3685 ) ;
#1070 = ORIENTED_EDGE ( 'NONE', *, *, #349, .F. ) ;
#1071 = DIRECTION ( 'NONE',  ( 0.000000000000000000, 0.000000000000000000, -1.000000000000000000 ) ) ;
#1072 = EDGE_CURVE ( 'NONE', #2986, #3661, #1695, .T. ) ;
#1073 = AXIS2_PLACEMENT_3D ( 'NONE', #3880, #3044, #4167 ) ;
#1074 = AXIS2_PLACEMENT_3D ( 'NONE', #4282, #2363, #504 ) ;
#1075 = CYLINDRICAL_SURFACE ( 'NONE', #2243, 0.001006105236832866012 ) ;
#1076 = VERTEX_POINT ( 'NONE', #84 ) ;
#1077 = VECTOR ( 'NONE', #3137, 1.000000000000000000 ) ;
#1078 = DIRECTION ( 'NONE',  ( 0.000000000000000000, -0.000000000000000000, 1.000000000000000000 ) ) ;
#1079 = CARTESIAN_POINT ( 'NONE',  ( 38.83895524469658511, 38.80389398122753164, 11.29747459073403704 ) ) ;
#1080 = ORIENTED_EDGE ( 'NONE', *, *, #1853, .T. ) ;
#1081 = DIRECTION ( 'NONE',  ( -1.000000000000000000, 0.000000000000000000, 0.000000000000000000 ) ) ;
#1082 = CARTESIAN_POINT ( 'NONE',  ( 38.83471378545162622, 38.80856713481124132, 11.29806766497945070 ) ) ;
#1083 = AXIS2_PLACEMENT_3D ( 'NONE', #639, #3191, #2144 ) ;
#1084 = LINE ( 'NONE', #2584, #4448 ) ;
#1085 = ORIENTED_EDGE ( 'NONE', *, *, #3925, .T. ) ;
#1086 = CARTESIAN_POINT ( 'NONE',  ( 38.79963432793283573, 38.78773725242253079, 11.29087459092477275 ) ) ;
#1087 = DIRECTION ( 'NONE',  ( -0.000000000000000000, 0.000000000000000000, 1.000000000000000000 ) ) ;
#1088 = AXIS2_PLACEMENT_3D ( 'NONE', #1345, #3646, #1720 ) ;
#1089 = DIRECTION ( 'NONE',  ( -0.000000000000000000, 0.000000000000000000, 1.000000000000000000 ) ) ;
#1090 = CARTESIAN_POINT ( 'NONE',  ( 38.81967138312679566, 38.85470173516299752, 11.35967459397653023 ) ) ;
#1091 =( GEOMETRIC_REPRESENTATION_CONTEXT ( 3 ) GLOBAL_UNCERTAINTY_ASSIGNED_CONTEXT ( ( #1343 ) ) GLOBAL_UNIT_ASSIGNED_CONTEXT ( ( #2152, #3052, #2453 ) ) REPRESENTATION_CONTEXT ( 'NONE', 'WORKASPACE' ) );
#1092 = ORIENTED_EDGE ( 'NONE', *, *, #2603, .F. ) ;
#1093 = DIRECTION ( 'NONE',  ( -1.000000000000000000, 0.000000000000000000, 0.000000000000000000 ) ) ;
#1094 = CARTESIAN_POINT ( 'NONE',  ( 38.80949612884483457, 38.85435886486266099, 11.27687459092477162 ) ) ;
#1095 = EDGE_CURVE ( 'NONE', #361, #730, #1525, .T. ) ;
#1096 = PRODUCT_DEFINITION_FORMATION_WITH_SPECIFIED_SOURCE ( 'ANY', '', #4751, .NOT_KNOWN. ) ;
#1097 = ADVANCED_FACE ( 'NONE', ( #1577 ), #3089, .T. ) ;
#1098 = EDGE_CURVE ( 'NONE', #3174, #2356, #1856, .T. ) ;
#1099 = CARTESIAN_POINT ( 'NONE',  ( 38.78988593523276052, 38.81588593523273545, 11.28387459092477130 ) ) ;
#1100 = DIRECTION ( 'NONE',  ( -1.000000000000000000, 0.000000000000000000, 0.000000000000000000 ) ) ;
#1101 = VERTEX_POINT ( 'NONE', #32 ) ;
#1102 = EDGE_CURVE ( 'NONE', #3796, #1120, #1524, .T. ) ;
#1103 = DIRECTION ( 'NONE',  ( -0.000000000000000000, -0.000000000000000000, 1.000000000000000000 ) ) ;
#1104 = ORIENTED_EDGE ( 'NONE', *, *, #3146, .F. ) ;
#1105 = ORIENTED_EDGE ( 'NONE', *, *, #2487, .T. ) ;
#1106 = EDGE_CURVE ( 'NONE', #3520, #1101, #3276, .T. ) ;
#1107 = DIRECTION ( 'NONE',  ( 0.000000000000000000, 0.000000000000000000, -1.000000000000000000 ) ) ;
#1108 = CARTESIAN_POINT ( 'NONE',  ( 38.83265971718216036, 38.80463070359967048, 11.29776832778073725 ) ) ;
#1109 = VERTEX_POINT ( 'NONE', #3139 ) ;
#1110 = CARTESIAN_POINT ( 'NONE',  ( 38.78048322234276668, 38.82911024244044995, 11.29087459092477275 ) ) ;
#1111 = ORIENTED_EDGE ( 'NONE', *, *, #492, .T. ) ;
#1112 = DIRECTION ( 'NONE',  ( 0.000000000000000000, -0.000000000000000000, 1.000000000000000000 ) ) ;
#1113 = CARTESIAN_POINT ( 'NONE',  ( 45.21056956015701900, 28.83955096929578588, 11.29087459073403643 ) ) ;
#1114 = EDGE_LOOP ( 'NONE', ( #240, #807, #1843, #2141 ) ) ;
#1115 = LINE ( 'NONE', #1884, #2638 ) ;
#1116 = CYLINDRICAL_SURFACE ( 'NONE', #354, 0.03600013749699115806 ) ;
#1117 = CARTESIAN_POINT ( 'NONE',  ( 38.82958873113358322, 38.77937252229332188, 11.29087459092477275 ) ) ;
#1118 = CARTESIAN_POINT ( 'NONE',  ( 38.83113150074268560, 38.78773728905356677, 11.27687459092477162 ) ) ;
#1119 = FACE_OUTER_BOUND ( 'NONE', #353, .T. ) ;
#1120 = VERTEX_POINT ( 'NONE', #2863 ) ;
#1121 = EDGE_CURVE ( 'NONE', #693, #3560, #2485, .T. ) ;
#1122 = ORIENTED_EDGE ( 'NONE', *, *, #2572, .T. ) ;
#1123 = DIRECTION ( 'NONE',  ( 0.000000000000000000, 0.000000000000000000, -1.000000000000000000 ) ) ;
#1124 = EDGE_CURVE ( 'NONE', #2800, #1660, #3070, .T. ) ;
#1125 = AXIS2_PLACEMENT_3D ( 'NONE', #3648, #4783, #2930 ) ;
#1126 = CIRCLE ( 'NONE', #2238, 0.001006105236833839843 ) ;
#1127 = ORIENTED_EDGE ( 'NONE', *, *, #4788, .F. ) ;
#1128 = CARTESIAN_POINT ( 'NONE',  ( 38.81588593523277098, 38.81588593523274255, 11.29087459092477275 ) ) ;
#1129 = ORIENTED_EDGE ( 'NONE', *, *, #2103, .F. ) ;
#1130 = DIRECTION ( 'NONE',  ( -0.8660254037844755670, -0.4999999999999360512, 0.000000000000000000 ) ) ;
#1131 = LINE ( 'NONE', #1450, #4007 ) ;
#1132 = CIRCLE ( 'NONE', #4651, 0.03899994794847572166 ) ;
#1133 = VECTOR ( 'NONE', #4532, 1.000000000000000000 ) ;
#1134 = ORIENTED_EDGE ( 'NONE', *, *, #2525, .F. ) ;
#1135 = ORIENTED_EDGE ( 'NONE', *, *, #4071, .T. ) ;
#1136 = AXIS2_PLACEMENT_3D ( 'NONE', #3194, #925, #2092 ) ;
#1137 = CARTESIAN_POINT ( 'NONE',  ( 38.84728170041792339, 38.80747350322886291, 11.29087459092477275 ) ) ;
#1138 = CARTESIAN_POINT ( 'NONE',  ( 38.81588593523277098, 38.81588593523274255, 11.29087459092477275 ) ) ;
#1139 = VECTOR ( 'NONE', #816, 1.000000000000000000 ) ;
#1140 = DIRECTION ( 'NONE',  ( -0.000000000000000000, -0.000000000000000000, 1.000000000000000000 ) ) ;
#1141 = DIRECTION ( 'NONE',  ( 1.000000000000000000, 0.000000000000000000, 0.000000000000000000 ) ) ;
#1142 = CIRCLE ( 'NONE', #2256, 0.02935410264610073192 ) ;
#1143 = DIRECTION ( 'NONE',  ( -1.000000000000000000, 0.000000000000000000, 0.000000000000000000 ) ) ;
#1144 = DIRECTION ( 'NONE',  ( -0.000000000000000000, -0.000000000000000000, 1.000000000000000000 ) ) ;
#1145 = AXIS2_PLACEMENT_3D ( 'NONE', #2823, #3268, #238 ) ;
#1146 = ORIENTED_EDGE ( 'NONE', *, *, #4048, .F. ) ;
#1147 = ORIENTED_EDGE ( 'NONE', *, *, #1394, .F. ) ;
#1148 = CIRCLE ( 'NONE', #2717, 0.03899994794847572166 ) ;
#1149 = ADVANCED_FACE ( 'NONE', ( #3090 ), #130, .T. ) ;
#1150 = DIRECTION ( 'NONE',  ( -0.000000000000000000, -0.000000000000000000, -1.000000000000000000 ) ) ;
#1151 = DIRECTION ( 'NONE',  ( 0.000000000000000000, 0.000000000000000000, -1.000000000000000000 ) ) ;
#1152 = ORIENTED_EDGE ( 'NONE', *, *, #3252, .T. ) ;
#1153 = CYLINDRICAL_SURFACE ( 'NONE', #1868, 0.001006105236832866012 ) ;
#1154 = ORIENTED_EDGE ( 'NONE', *, *, #2539, .F. ) ;
#1155 = DIRECTION ( 'NONE',  ( -0.000000000000000000, -0.000000000000000000, 1.000000000000000000 ) ) ;
#1156 = CARTESIAN_POINT ( 'NONE',  ( 38.82227567234950527, 38.85435887636755581, 11.29087459092477275 ) ) ;
#1157 = EDGE_CURVE ( 'NONE', #2396, #880, #2489, .T. ) ;
#1158 = VECTOR ( 'NONE', #4012, 1.000000000000000000 ) ;
#1159 = DIRECTION ( 'NONE',  ( -0.000000000000000000, 0.000000000000000000, -1.000000000000000000 ) ) ;
#1160 = ORIENTED_EDGE ( 'NONE', *, *, #4507, .F. ) ;
#1161 = CIRCLE ( 'NONE', #851, 0.03899994794847572166 ) ;
#1162 = DIRECTION ( 'NONE',  ( 0.000000000000000000, -0.000000000000000000, -1.000000000000000000 ) ) ;
#1163 = DIRECTION ( 'NONE',  ( 0.000000000000000000, 0.000000000000000000, -1.000000000000000000 ) ) ;
#1164 = DIRECTION ( 'NONE',  ( -0.000000000000000000, -0.000000000000000000, -1.000000000000000000 ) ) ;
#1165 = CIRCLE ( 'NONE', #3136, 0.02935410264610433320 ) ;
#1166 = CARTESIAN_POINT ( 'NONE',  ( 38.80218313933195873, 38.85239934817216323, 11.29087459092477275 ) ) ;
#1167 = CIRCLE ( 'NONE', #2517, 0.03600013749699044335 ) ;
#1168 = DIRECTION ( 'NONE',  ( -1.000000000000000000, 0.000000000000000000, 0.000000000000000000 ) ) ;
#1169 = CARTESIAN_POINT ( 'NONE',  ( 38.83857212923881974, 38.84760868009354340, 11.29087459092477275 ) ) ;
#1170 = DIRECTION ( 'NONE',  ( 0.000000000000000000, 0.000000000000000000, -1.000000000000000000 ) ) ;
#1171 = ORIENTED_EDGE ( 'NONE', *, *, #2619, .T. ) ;
#1172 = CARTESIAN_POINT ( 'NONE',  ( 38.81588593523277098, 38.81588593523274255, 11.29087459092477275 ) ) ;
#1173 = ADVANCED_FACE ( 'NONE', ( #3462 ), #4550, .T. ) ;
#1174 = CARTESIAN_POINT ( 'NONE',  ( 38.81588593523277098, 38.81588593523274255, 11.27687459092477162 ) ) ;
#1175 = EDGE_CURVE ( 'NONE', #3376, #4088, #3898, .T. ) ;
#1176 = VERTEX_POINT ( 'NONE', #1169 ) ;
#1177 = DIRECTION ( 'NONE',  ( -0.8660254037844755670, -0.4999999999999360512, 0.000000000000000000 ) ) ;
#1178 = CARTESIAN_POINT ( 'NONE',  ( 38.85209255840199916, 38.83574975562039810, 11.27687459092477162 ) ) ;
#1179 = DIRECTION ( 'NONE',  ( 0.5000000000018076651, 0.8660254037833949869, 0.000000000000000000 ) ) ;
#1180 = EDGE_LOOP ( 'NONE', ( #4616, #2932, #718, #600 ) ) ;
#1181 = EDGE_CURVE ( 'NONE', #768, #1726, #119, .T. ) ;
#1182 = LINE ( 'NONE', #864, #4835 ) ;
#1183 = DIRECTION ( 'NONE',  ( 0.000000000000000000, -0.000000000000000000, 1.000000000000000000 ) ) ;
#1184 = DIRECTION ( 'NONE',  ( 0.4612290002001152023, 0.8872811332235133186, 0.000000000000000000 ) ) ;
#1185 = CARTESIAN_POINT ( 'NONE',  ( 38.79911215328337448, 38.82714116686580752, 11.29762337780726256 ) ) ;
#1186 = EDGE_CURVE ( 'NONE', #4586, #2671, #3345, .T. ) ;
#1187 = CARTESIAN_POINT ( 'NONE',  ( 38.81588593523277098, 38.81588593523274255, 11.29087459092477275 ) ) ;
#1188 = CARTESIAN_POINT ( 'NONE',  ( 38.79319968410939623, 38.84760863924660157, 11.29087459092477275 ) ) ;
#1189 = LINE ( 'NONE', #2687, #1057 ) ;
#1190 = CARTESIAN_POINT ( 'NONE',  ( 38.81588593523277098, 38.81588593523274255, 11.29087459092477275 ) ) ;
#1191 = VERTEX_POINT ( 'NONE', #3001 ) ;
#1192 = CARTESIAN_POINT ( 'NONE',  ( 38.77826683796798335, 38.81949673875521967, 11.29087459092477275 ) ) ;
#1193 = LINE ( 'NONE', #2692, #1201 ) ;
#1194 = CARTESIAN_POINT ( 'NONE',  ( 38.81967138312679566, 38.85470173516299752, 11.27687459092477162 ) ) ;
#1195 = VERTEX_POINT ( 'NONE', #1118 ) ;
#1196 = AXIS2_PLACEMENT_3D ( 'NONE', #2934, #4417, #250 ) ;
#1197 = EDGE_LOOP ( 'NONE', ( #625, #4114, #3075, #2257 ) ) ;
#1198 = CARTESIAN_POINT ( 'NONE',  ( 38.85350503249755860, 38.81227513171026544, 11.29087459092477275 ) ) ;
#1199 = CARTESIAN_POINT ( 'NONE',  ( 38.79974018364196553, 38.84119696126688837, 11.30407459073403764 ) ) ;
#1200 = CYLINDRICAL_SURFACE ( 'NONE', #4814, 0.02935410264610283093 ) ;
#1201 = VECTOR ( 'NONE', #4195, 1.000000000000000000 ) ;
#1202 = AXIS2_PLACEMENT_3D ( 'NONE', #4689, #3947, #1326 ) ;
#1203 = CARTESIAN_POINT ( 'NONE',  ( 38.81588593523277098, 38.81588593523274255, 11.29087459092477275 ) ) ;
#1204 = ORIENTED_EDGE ( 'NONE', *, *, #3368, .F. ) ;
#1205 = LINE ( 'NONE', #524, #1077 ) ;
#1206 = FACE_OUTER_BOUND ( 'NONE', #3165, .T. ) ;
#1207 = CIRCLE ( 'NONE', #3025, 0.02600000000000335376 ) ;
#1208 = DIRECTION ( 'NONE',  ( 0.000000000000000000, 0.000000000000000000, -1.000000000000000000 ) ) ;
#1209 = CARTESIAN_POINT ( 'NONE',  ( 38.79763992476471657, 38.82455436693114592, 11.29960993887728016 ) ) ;
#1210 = ORIENTED_EDGE ( 'NONE', *, *, #3937, .T. ) ;
#1211 = EDGE_CURVE ( 'NONE', #1195, #1273, #2883, .T. ) ;
#1212 = VECTOR ( 'NONE', #2833, 1.000000000000000000 ) ;
#1213 = CYLINDRICAL_SURFACE ( 'NONE', #2853, 0.03600013749699115806 ) ;
#1214 = DIRECTION ( 'NONE',  ( -1.000000000000000000, 0.000000000000000000, 0.000000000000000000 ) ) ;
#1215 = ORIENTED_EDGE ( 'NONE', *, *, #2269, .F. ) ;
#1216 = VERTEX_POINT ( 'NONE', #4106 ) ;
#1217 = CARTESIAN_POINT ( 'NONE',  ( 38.81588593523277098, 38.81588593523274255, 11.29087459092477275 ) ) ;
#1218 = EDGE_CURVE ( 'NONE', #2374, #3557, #904, .T. ) ;
#1219 = CARTESIAN_POINT ( 'NONE',  ( 38.81588593523277098, 38.81588593523274255, 11.29207459073403719 ) ) ;
#1220 = EDGE_LOOP ( 'NONE', ( #2409, #871, #150, #2234 ) ) ;
#1221 = AXIS2_PLACEMENT_3D ( 'NONE', #2383, #104, #3513 ) ;
#1222 = CIRCLE ( 'NONE', #2492, 0.001006105236832866012 ) ;
#1223 = AXIS2_PLACEMENT_3D ( 'NONE', #555, #2016, #3143 ) ;
#1224 = CARTESIAN_POINT ( 'NONE',  ( 38.78576225941008460, 38.84065608046674356, 11.29087459092477275 ) ) ;
#1225 = CYLINDRICAL_SURFACE ( 'NONE', #1281, 0.02250000000000085265 ) ;
#1226 = ORIENTED_EDGE ( 'NONE', *, *, #1819, .T. ) ;
#1227 = ORIENTED_EDGE ( 'NONE', *, *, #3800, .T. ) ;
#1228 = ORIENTED_EDGE ( 'NONE', *, *, #2652, .F. ) ;
#1229 = AXIS2_PLACEMENT_3D ( 'NONE', #2004, #2031, #839 ) ;
#1230 = ORIENTED_EDGE ( 'NONE', *, *, #3548, .F. ) ;
#1231 = CARTESIAN_POINT ( 'NONE',  ( 38.79602211484511542, 38.85209255840197073, 11.27687459092477162 ) ) ;
#1232 = ORIENTED_EDGE ( 'NONE', *, *, #3716, .F. ) ;
#1233 = FACE_OUTER_BOUND ( 'NONE', #1254, .T. ) ;
#1234 = CARTESIAN_POINT ( 'NONE',  ( 38.79823784932715824, 38.82571475865657362, 11.29529598853851979 ) ) ;
#1235 = VECTOR ( 'NONE', #3460, 0.9999999999999998890 ) ;
#1236 = CARTESIAN_POINT ( 'NONE',  ( 38.81588593523277098, 38.81588593523274255, 11.27687459092477162 ) ) ;
#1237 = CARTESIAN_POINT ( 'NONE',  ( 38.79851168803239148, 38.82619364904559234, 11.29944085938010190 ) ) ;
#1238 = VERTEX_POINT ( 'NONE', #4533 ) ;
#1239 = PRESENTATION_LAYER_ASSIGNMENT (  '', '', ( #4224 ) ) ;
#1240 = EDGE_LOOP ( 'NONE', ( #4476, #2991, #4745, #1122 ) ) ;
#1241 = DIRECTION ( 'NONE',  ( -0.000000000000000000, -0.000000000000000000, -1.000000000000000000 ) ) ;
#1242 = FACE_OUTER_BOUND ( 'NONE', #650, .T. ) ;
#1243 = VERTEX_POINT ( 'NONE', #1890 ) ;
#1244 = EDGE_CURVE ( 'NONE', #3283, #2087, #43, .T. ) ;
#1245 = ORIENTED_EDGE ( 'NONE', *, *, #4732, .T. ) ;
#1246 = DIRECTION ( 'NONE',  ( -1.000000000000000000, 0.000000000000000000, -0.000000000000000000 ) ) ;
#1247 = VECTOR ( 'NONE', #3559, 1.000000000000000000 ) ;
#1248 = DIRECTION ( 'NONE',  ( -0.000000000000000000, -0.000000000000000000, -1.000000000000000000 ) ) ;
#1249 = ORIENTED_EDGE ( 'NONE', *, *, #3309, .T. ) ;
#1250 = EDGE_CURVE ( 'NONE', #2607, #3363, #1456, .T. ) ;
#1251 = VERTEX_POINT ( 'NONE', #3696 ) ;
#1252 = LINE ( 'NONE', #2443, #3335 ) ;
#1253 = DIRECTION ( 'NONE',  ( -0.000000000000000000, -0.000000000000000000, -1.000000000000000000 ) ) ;
#1254 = EDGE_LOOP ( 'NONE', ( #940, #2486, #2617, #541 ) ) ;
#1255 = EDGE_CURVE ( 'NONE', #3444, #4451, #2411, .T. ) ;
#1256 = CARTESIAN_POINT ( 'NONE',  ( 0.000000000000000000, 0.000000000000000000, 0.000000000000000000 ) ) ;
#1257 = CARTESIAN_POINT ( 'NONE',  ( 38.78509064716618582, 38.80666615447550072, 11.29087459092477275 ) ) ;
#1258 = VERTEX_POINT ( 'NONE', #2955 ) ;
#1259 = DIRECTION ( 'NONE',  ( -0.000000000000000000, 0.000000000000000000, -1.000000000000000000 ) ) ;
#1260 = CARTESIAN_POINT ( 'NONE',  ( 38.79789350658395364, 38.82506932378337439, 11.29522470205295193 ) ) ;
#1261 = ORIENTED_EDGE ( 'NONE', *, *, #2224, .T. ) ;
#1262 = ORIENTED_EDGE ( 'NONE', *, *, #4580, .F. ) ;
#1263 = LINE ( 'NONE', #3561, #2712 ) ;
#1264 = CYLINDRICAL_SURFACE ( 'NONE', #4072, 0.001006105236832866012 ) ;
#1265 = CARTESIAN_POINT ( 'NONE',  ( 38.83794559844076844, 38.79250377865046318, 11.29087459092477275 ) ) ;
#1266 = ORIENTED_EDGE ( 'NONE', *, *, #1250, .T. ) ;
#1267 = DIRECTION ( 'NONE',  ( -1.000000000000000000, 0.000000000000000000, 0.000000000000000000 ) ) ;
#1268 = CARTESIAN_POINT ( 'NONE',  ( 38.79250377865049160, 38.79382627202474509, 11.27687459092477162 ) ) ;
#1269 = ADVANCED_FACE ( 'NONE', ( #4855 ), #3415, .T. ) ;
#1270 = VERTEX_POINT ( 'NONE', #1841 ) ;
#1271 = DIRECTION ( 'NONE',  ( 0.000000000000000000, -0.000000000000000000, -1.000000000000000000 ) ) ;
#1272 = EDGE_CURVE ( 'NONE', #2379, #4075, #3895, .T. ) ;
#1273 = VERTEX_POINT ( 'NONE', #15 ) ;
#1274 = CARTESIAN_POINT ( 'NONE',  ( 38.84728170041792339, 38.80747350322886291, 11.27687459092477162 ) ) ;
#1275 = CARTESIAN_POINT ( 'NONE',  ( 38.81588593523277098, 38.81588593523274255, 11.29087459092477275 ) ) ;
#1276 = ORIENTED_EDGE ( 'NONE', *, *, #4764, .T. ) ;
#1277 = ORIENTED_EDGE ( 'NONE', *, *, #1181, .T. ) ;
#1278 = CARTESIAN_POINT ( 'NONE',  ( 38.81227513171029386, 38.77826683796795493, 11.29087459092477275 ) ) ;
#1279 = VERTEX_POINT ( 'NONE', #713 ) ;
#1280 = AXIS2_PLACEMENT_3D ( 'NONE', #3319, #4757, #1028 ) ;
#1281 = AXIS2_PLACEMENT_3D ( 'NONE', #3862, #3055, #1914 ) ;
#1282 = DIRECTION ( 'NONE',  ( -0.000000000000000000, -0.000000000000000000, -1.000000000000000000 ) ) ;
#1283 = CYLINDRICAL_SURFACE ( 'NONE', #4598, 0.03899994794847572166 ) ;
#1284 = ORIENTED_EDGE ( 'NONE', *, *, #689, .F. ) ;
#1285 = CARTESIAN_POINT ( 'NONE',  ( 38.80266162802506358, 38.78048322234273826, 11.29087459092477275 ) ) ;
#1286 = AXIS2_PLACEMENT_3D ( 'NONE', #2291, #3523, #2019 ) ;
#1287 = DIRECTION ( 'NONE',  ( -0.000000000000000000, -0.000000000000000000, 1.000000000000000000 ) ) ;
#1288 = ORIENTED_EDGE ( 'NONE', *, *, #4333, .F. ) ;
#1289 = VECTOR ( 'NONE', #2233, 1.000000000000000000 ) ;
#1290 = DIRECTION ( 'NONE',  ( 0.000000000000000000, 0.000000000000000000, -1.000000000000000000 ) ) ;
#1291 = DIRECTION ( 'NONE',  ( -0.9990225017702474286, -0.04420453547675858713, 0.000000000000000000 ) ) ;
#1292 = DIRECTION ( 'NONE',  ( -0.000000000000000000, -0.000000000000000000, -1.000000000000000000 ) ) ;
#1293 = VECTOR ( 'NONE', #3123, 1.000000000000000000 ) ;
#1294 = ORIENTED_EDGE ( 'NONE', *, *, #11, .T. ) ;
#1295 = VERTEX_POINT ( 'NONE', #4483 ) ;
#1296 = VERTEX_POINT ( 'NONE', #4126 ) ;
#1297 = ADVANCED_FACE ( 'NONE', ( #4436, #2618 ), #2292, .T. ) ;
#1298 = AXIS2_PLACEMENT_3D ( 'NONE', #1666, #4181, #3551 ) ;
#1299 = EDGE_CURVE ( 'NONE', #753, #3574, #4827, .T. ) ;
#1300 = DIRECTION ( 'NONE',  ( -0.4999999999959848784, 0.8660254037867568533, 0.000000000000000000 ) ) ;
#1301 = EDGE_CURVE ( 'NONE', #1892, #768, #3020, .T. ) ;
#1302 = CIRCLE ( 'NONE', #3677, 0.03899994794847572166 ) ;
#1303 = ORIENTED_EDGE ( 'NONE', *, *, #2973, .F. ) ;
#1304 = DIRECTION ( 'NONE',  ( -0.000000000000000000, 0.000000000000000000, -1.000000000000000000 ) ) ;
#1305 = CARTESIAN_POINT ( 'NONE',  ( 38.82911024244048548, 38.85128864812273974, 11.29087459092477275 ) ) ;
#1306 = EDGE_CURVE ( 'NONE', #4493, #2607, #750, .T. ) ;
#1307 = ORIENTED_EDGE ( 'NONE', *, *, #560, .F. ) ;
#1308 = EDGE_LOOP ( 'NONE', ( #4657, #490, #562, #1536 ) ) ;
#1309 = DIRECTION ( 'NONE',  ( -0.000000000000000000, 0.000000000000000000, -1.000000000000000000 ) ) ;
#1310 = VERTEX_POINT ( 'NONE', #539 ) ;
#1311 = AXIS2_PLACEMENT_3D ( 'NONE', #23, #1515, #3381 ) ;
#1312 = DIRECTION ( 'NONE',  ( -0.000000000000000000, -0.000000000000000000, 1.000000000000000000 ) ) ;
#1313 = DIRECTION ( 'NONE',  ( -1.000000000000000000, 0.000000000000000000, 0.000000000000000000 ) ) ;
#1314 = ORIENTED_EDGE ( 'NONE', *, *, #1838, .T. ) ;
#1315 = EDGE_LOOP ( 'NONE', ( #2225, #1160, #2435, #3085 ) ) ;
#1316 = FACE_OUTER_BOUND ( 'NONE', #3148, .T. ) ;
#1317 = VECTOR ( 'NONE', #3824, 1.000000000000000000 ) ;
#1318 = ORIENTED_EDGE ( 'NONE', *, *, #455, .T. ) ;
#1319 = CIRCLE ( 'NONE', #4080, 0.02020000000000266027 ) ;
#1320 = EDGE_CURVE ( 'NONE', #501, #1667, #2688, .T. ) ;
#1321 = FACE_OUTER_BOUND ( 'NONE', #1875, .T. ) ;
#1322 = DIRECTION ( 'NONE',  ( -1.000000000000000000, 0.000000000000000000, 0.000000000000000000 ) ) ;
#1323 = VECTOR ( 'NONE', #2819, 1.000000000000000000 ) ;
#1324 = ORIENTED_EDGE ( 'NONE', *, *, #3781, .F. ) ;
#1325 = CIRCLE ( 'NONE', #3926, 0.02935410264609947945 ) ;
#1326 = DIRECTION ( 'NONE',  ( 0.7071067811865474617, 0.7071067811865474617, 0.000000000000000000 ) ) ;
#1327 = ORIENTED_EDGE ( 'NONE', *, *, #1121, .F. ) ;
#1328 = LINE ( 'NONE', #941, #2569 ) ;
#1329 = CARTESIAN_POINT ( 'NONE',  ( 38.83203168682357642, 38.79057490919859674, 11.30407459073403764 ) ) ;
#1330 = LINE ( 'NONE', #1382, #2575 ) ;
#1331 = ADVANCED_FACE ( 'NONE', ( #4626 ), #487, .T. ) ;
#1332 = ORIENTED_EDGE ( 'NONE', *, *, #3057, .F. ) ;
#1333 = DIRECTION ( 'NONE',  ( 0.8660254037833949869, -0.5000000000018076651, 0.000000000000000000 ) ) ;
#1334 = ORIENTED_EDGE ( 'NONE', *, *, #3700, .T. ) ;
#1335 = DIRECTION ( 'NONE',  ( -0.000000000000000000, -0.000000000000000000, 1.000000000000000000 ) ) ;
#1336 = DIRECTION ( 'NONE',  ( 0.5377935015703270150, -0.8430765977470413564, 0.000000000000000000 ) ) ;
#1337 = EDGE_LOOP ( 'NONE', ( #2791, #1171, #1831 ) ) ;
#1338 = DIRECTION ( 'NONE',  ( -1.000000000000000000, 0.000000000000000000, 0.000000000000000000 ) ) ;
#1339 = ADVANCED_FACE ( 'NONE', ( #2716 ), #4192, .T. ) ;
#1340 = CARTESIAN_POINT ( 'NONE',  ( 38.83794554663666077, 38.83926814361912960, 11.27687459092477162 ) ) ;
#1341 = EDGE_CURVE ( 'NONE', #278, #1591, #824, .T. ) ;
#1342 = ORIENTED_EDGE ( 'NONE', *, *, #3411, .F. ) ;
#1343 = UNCERTAINTY_MEASURE_WITH_UNIT (LENGTH_MEASURE( 1.000000000000000082E-05 ), #2152, 'distance_accuracy_value', 'NONE');
#1344 = LINE ( 'NONE', #4781, #2873 ) ;
#1345 = CARTESIAN_POINT ( 'NONE',  ( 38.79290267281722038, 38.79290262101309139, 11.27687459092477162 ) ) ;
#1346 = VERTEX_POINT ( 'NONE', #2369 ) ;
#1347 = CARTESIAN_POINT ( 'NONE',  ( 38.78460654307163225, 38.82329901491293356, 11.29087459092477275 ) ) ;
#1348 = LINE ( 'NONE', #144, #899 ) ;
#1349 = CARTESIAN_POINT ( 'NONE',  ( 38.85128864812276817, 38.80266162802503516, 11.27687459092477162 ) ) ;
#1350 = VERTEX_POINT ( 'NONE', #3858 ) ;
#1351 = VERTEX_POINT ( 'NONE', #4262 ) ;
#1352 = DIRECTION ( 'NONE',  ( 0.4999999999959848784, 0.8660254037867568533, 0.000000000000000000 ) ) ;
#1353 = ORIENTED_EDGE ( 'NONE', *, *, #1887, .T. ) ;
#1354 = CARTESIAN_POINT ( 'NONE',  ( 38.81588593523277098, 38.81588593523274255, 11.29087459092477275 ) ) ;
#1355 = CARTESIAN_POINT ( 'NONE',  ( 38.79281662576894973, 38.82787788923793215, 11.29747459073403704 ) ) ;
#1356 = LINE ( 'NONE', #550, #4147 ) ;
#1357 = VERTEX_POINT ( 'NONE', #2339 ) ;
#1358 = ORIENTED_EDGE ( 'NONE', *, *, #860, .F. ) ;
#1359 = CARTESIAN_POINT ( 'NONE',  ( 38.79250372684638393, 38.83794554663663234, 11.27687459092477162 ) ) ;
#1360 = LINE ( 'NONE', #2876, #538 ) ;
#1361 = ORIENTED_EDGE ( 'NONE', *, *, #788, .T. ) ;
#1362 = DIRECTION ( 'NONE',  ( -0.8660254037867568533, 0.4999999999959848784, 0.000000000000000000 ) ) ;
#1363 = ADVANCED_FACE ( 'NONE', ( #873 ), #4648, .F. ) ;
#1364 = VECTOR ( 'NONE', #1644, 1.000000000000000000 ) ;
#1365 = AXIS2_PLACEMENT_3D ( 'NONE', #598, #2810, #3236 ) ;
#1366 = EDGE_CURVE ( 'NONE', #4776, #4571, #2312, .T. ) ;
#1367 = ORIENTED_EDGE ( 'NONE', *, *, #1506, .T. ) ;
#1368 = DIRECTION ( 'NONE',  ( 0.000000000000000000, 1.000000000000000000, 0.000000000000000000 ) ) ;
#1369 = SURFACE_STYLE_FILL_AREA ( #4730 ) ;
#1370 = VERTEX_POINT ( 'NONE', #431 ) ;
#1371 = CIRCLE ( 'NONE', #33, 0.001006105236833839843 ) ;
#1372 = CARTESIAN_POINT ( 'NONE',  ( 38.81588593523277098, 38.81588593523274255, 11.28437459092477191 ) ) ;
#1373 = CARTESIAN_POINT ( 'NONE',  ( 38.83786309241148160, 38.83886924945239372, 11.29087459092477275 ) ) ;
#1374 = ORIENTED_EDGE ( 'NONE', *, *, #795, .T. ) ;
#1375 = VECTOR ( 'NONE', #185, 1.000000000000000000 ) ;
#1376 = VECTOR ( 'NONE', #3850, 1.000000000000000000 ) ;
#1377 = FACE_OUTER_BOUND ( 'NONE', #1809, .T. ) ;
#1378 = ORIENTED_EDGE ( 'NONE', *, *, #2682, .F. ) ;
#1379 = CIRCLE ( 'NONE', #2412, 0.02935410264610328890 ) ;
#1380 = LINE ( 'NONE', #2895, #690 ) ;
#1381 = DIRECTION ( 'NONE',  ( -0.5377935015703271260, 0.8430765977470414674, 0.000000000000000000 ) ) ;
#1382 = CARTESIAN_POINT ( 'NONE',  ( 38.79250377865049160, 38.79382627202474509, 11.29087459092477275 ) ) ;
#1383 = VECTOR ( 'NONE', #3486, 1.000000000000000000 ) ;
#1384 = VECTOR ( 'NONE', #1712, 1.000000000000000000 ) ;
#1385 = EDGE_CURVE ( 'NONE', #4054, #2744, #1222, .T. ) ;
#1386 = CARTESIAN_POINT ( 'NONE',  ( 38.84403461804298274, 38.79963432793280731, 11.29087459092477275 ) ) ;
#1387 = ORIENTED_EDGE ( 'NONE', *, *, #3271, .T. ) ;
#1388 = DIRECTION ( 'NONE',  ( -1.000000000000000000, 0.000000000000000000, 0.000000000000000000 ) ) ;
#1389 = DIRECTION ( 'NONE',  ( -0.000000000000000000, -0.000000000000000000, 1.000000000000000000 ) ) ;
#1390 = AXIS2_PLACEMENT_3D ( 'NONE', #4717, #1731, #4324 ) ;
#1391 = DIRECTION ( 'NONE',  ( -0.000000000000000000, -0.000000000000000000, -1.000000000000000000 ) ) ;
#1392 = CIRCLE ( 'NONE', #218, 0.02600000000000335376 ) ;
#1393 = ORIENTED_EDGE ( 'NONE', *, *, #2340, .T. ) ;
#1394 = EDGE_CURVE ( 'NONE', #1445, #861, #3901, .T. ) ;
#1395 = PLANE ( 'NONE',  #1915 ) ;
#1396 = VERTEX_POINT ( 'NONE', #4555 ) ;
#1397 = AXIS2_PLACEMENT_3D ( 'NONE', #2896, #2450, #2425 ) ;
#1398 = CYLINDRICAL_SURFACE ( 'NONE', #2623, 0.02935410264610283093 ) ;
#1399 = CARTESIAN_POINT ( 'NONE',  ( 38.82958866539051002, 38.85239937284423206, 11.29087459092477275 ) ) ;
#1400 = ORIENTED_EDGE ( 'NONE', *, *, #2720, .F. ) ;
#1401 = EDGE_CURVE ( 'NONE', #2765, #4225, #45, .T. ) ;
#1402 = CIRCLE ( 'NONE', #4297, 0.001006105236834714794 ) ;
#1403 = AXIS2_PLACEMENT_3D ( 'NONE', #4069, #2184, #3215 ) ;
#1404 = FACE_OUTER_BOUND ( 'NONE', #4690, .T. ) ;
#1405 = ADVANCED_FACE ( 'NONE', ( #114 ), #4579, .F. ) ;
#1406 = ORIENTED_EDGE ( 'NONE', *, *, #3479, .T. ) ;
#1407 = CIRCLE ( 'NONE', #3457, 0.02935410264609947945 ) ;
#1408 = FACE_OUTER_BOUND ( 'NONE', #4299, .T. ) ;
#1409 = FACE_OUTER_BOUND ( 'NONE', #4685, .T. ) ;
#1410 = CARTESIAN_POINT ( 'NONE',  ( 38.84587880256960091, 38.81721305325649496, 11.30407459073403764 ) ) ;
#1411 = CARTESIAN_POINT ( 'NONE',  ( 38.77623814436955740, 38.82744204190318982, 11.27687459092477162 ) ) ;
#1412 = DIRECTION ( 'NONE',  ( -1.000000000000000000, 0.000000000000000000, 0.000000000000000000 ) ) ;
#1413 = EDGE_LOOP ( 'NONE', ( #891, #3371, #2278, #2013 ) ) ;
#1414 = CARTESIAN_POINT ( 'NONE',  ( 38.84403461804298274, 38.79963432793280731, 11.27687459092477162 ) ) ;
#1415 = CARTESIAN_POINT ( 'NONE',  ( 38.78576225941008460, 38.84065608046674356, 11.29087459092477275 ) ) ;
#1416 = CARTESIAN_POINT ( 'NONE',  ( 38.83205217233172846, 38.79061431783266300, 11.29087459073403643 ) ) ;
#1417 = DIRECTION ( 'NONE',  ( -1.000000000000000000, 0.000000000000000000, 0.000000000000000000 ) ) ;
#1418 = ORIENTED_EDGE ( 'NONE', *, *, #2675, .T. ) ;
#1419 = PLANE ( 'NONE',  #3263 ) ;
#1420 = CARTESIAN_POINT ( 'NONE',  ( 38.83307543765499048, 38.80527593495491345, 11.29577839370642955 ) ) ;
#1421 = VERTEX_POINT ( 'NONE', #264 ) ;
#1422 = DIRECTION ( 'NONE',  ( 0.000000000000000000, 0.000000000000000000, -1.000000000000000000 ) ) ;
#1423 = ADVANCED_FACE ( 'NONE', ( #1688 ), #561, .T. ) ;
#1424 = CARTESIAN_POINT ( 'NONE',  ( 38.83326084449751647, 38.80558217346388972, 11.29942664918823780 ) ) ;
#1425 = ORIENTED_EDGE ( 'NONE', *, *, #4081, .T. ) ;
#1426 = DIRECTION ( 'NONE',  ( -0.000000000000000000, -0.000000000000000000, 1.000000000000000000 ) ) ;
#1427 = DIRECTION ( 'NONE',  ( -1.000000000000000000, 0.000000000000000000, 0.000000000000000000 ) ) ;
#1428 = EDGE_CURVE ( 'NONE', #2468, #2102, #1617, .T. ) ;
#1429 = ORIENTED_EDGE ( 'NONE', *, *, #323, .T. ) ;
#1430 = FACE_OUTER_BOUND ( 'NONE', #1220, .T. ) ;
#1431 = EDGE_LOOP ( 'NONE', ( #2109, #2069, #577, #1786 ) ) ;
#1432 = CARTESIAN_POINT ( 'NONE',  ( 38.81588593523276387, 38.81588593523273545, 11.28387459092477130 ) ) ;
#1433 = DIRECTION ( 'NONE',  ( 0.000000000000000000, -0.000000000000000000, -1.000000000000000000 ) ) ;
#1434 = DIRECTION ( 'NONE',  ( 1.000000000000000000, 0.000000000000000000, -0.000000000000000000 ) ) ;
#1435 = CYLINDRICAL_SURFACE ( 'NONE', #301, 0.001006105236832866012 ) ;
#1436 = ORIENTED_EDGE ( 'NONE', *, *, #876, .T. ) ;
#1437 = CIRCLE ( 'NONE', #502, 0.03600013749699115806 ) ;
#1438 = CARTESIAN_POINT ( 'NONE',  ( 38.79707841316704275, 38.82325616819955627, 11.29819955317095292 ) ) ;
#1439 = CARTESIAN_POINT ( 'NONE',  ( 38.81588593523277098, 38.81588593523274255, 11.27687459092477162 ) ) ;
#1440 = ORIENTED_EDGE ( 'NONE', *, *, #2680, .F. ) ;
#1441 = CIRCLE ( 'NONE', #2950, 0.02935410264610283093 ) ;
#1442 = AXIS2_PLACEMENT_3D ( 'NONE', #1820, #733, #2206 ) ;
#1443 = CARTESIAN_POINT ( 'NONE',  ( 38.83424724932960004, 38.80746448967050100, 11.29949723086501123 ) ) ;
#1444 = VECTOR ( 'NONE', #1971, 1.000000000000000000 ) ;
#1445 = VERTEX_POINT ( 'NONE', #1340 ) ;
#1446 = ADVANCED_FACE ( 'NONE', ( #3643 ), #4312, .F. ) ;
#1447 = CARTESIAN_POINT ( 'NONE',  ( 38.78852618938186225, 38.83276190318312615, 11.29087459092477275 ) ) ;
#1448 = VERTEX_POINT ( 'NONE', #3248 ) ;
#1449 = DIRECTION ( 'NONE',  ( 0.000000000000000000, 0.000000000000000000, -1.000000000000000000 ) ) ;
#1450 = CARTESIAN_POINT ( 'NONE',  ( 38.84738310804262085, 38.81588597186377854, 11.29087459092477275 ) ) ;
#1451 = AXIS2_PLACEMENT_3D ( 'NONE', #4122, #3706, #4078 ) ;
#1452 = EDGE_CURVE ( 'NONE', #1962, #779, #364, .T. ) ;
#1453 = CARTESIAN_POINT ( 'NONE',  ( 38.84585831706144177, 38.81717364462242159, 11.29087459073403643 ) ) ;
#1454 = ADVANCED_FACE ( 'NONE', ( #2149, #1764 ), #4753, .T. ) ;
#1455 = CARTESIAN_POINT ( 'NONE',  ( 38.81588593523277098, 38.81588593523274255, 11.29087459092477275 ) ) ;
#1456 = CIRCLE ( 'NONE', #4199, 0.001006105236836115583 ) ;
#1457 = VERTEX_POINT ( 'NONE', #3938 ) ;
#1458 = EDGE_CURVE ( 'NONE', #2768, #2145, #1862, .T. ) ;
#1459 = DIRECTION ( 'NONE',  ( 0.000000000000000000, -0.000000000000000000, 1.000000000000000000 ) ) ;
#1460 = CARTESIAN_POINT ( 'NONE',  ( 38.79385439101940136, 38.82987427178768769, 11.29747459073403704 ) ) ;
#1461 = CIRCLE ( 'NONE', #203, 0.001006105236834714794 ) ;
#1462 = AXIS2_PLACEMENT_3D ( 'NONE', #2386, #2766, #3190 ) ;
#1463 = ADVANCED_FACE ( 'NONE', ( #1430 ), #4406, .F. ) ;
#1464 = AXIS2_PLACEMENT_3D ( 'NONE', #2341, #140, #3124 ) ;
#1465 = VECTOR ( 'NONE', #1019, 1.000000000000000000 ) ;
#1466 = DIRECTION ( 'NONE',  ( -1.000000000000000000, 0.000000000000000000, 0.000000000000000000 ) ) ;
#1467 = EDGE_LOOP ( 'NONE', ( #1353, #1818, #2030, #811 ) ) ;
#1468 = CARTESIAN_POINT ( 'NONE',  ( 38.81588593523277098, 38.81588593523274255, 11.29087459092477275 ) ) ;
#1469 = DIRECTION ( 'NONE',  ( 0.4612290002001152023, 0.8872811332235133186, 0.000000000000000000 ) ) ;
#1470 = ORIENTED_EDGE ( 'NONE', *, *, #72, .T. ) ;
#1471 = ORIENTED_EDGE ( 'NONE', *, *, #1736, .F. ) ;
#1472 = DIRECTION ( 'NONE',  ( 0.000000000000000000, -0.000000000000000000, 1.000000000000000000 ) ) ;
#1473 = AXIS2_PLACEMENT_3D ( 'NONE', #3269, #2434, #3933 ) ;
#1474 = EDGE_LOOP ( 'NONE', ( #2227, #4236, #867 ) ) ;
#1475 = CARTESIAN_POINT ( 'NONE',  ( 38.81588597186380696, 38.78338265718605271, 11.27687459092477162 ) ) ;
#1476 = VERTEX_POINT ( 'NONE', #1040 ) ;
#1477 = PLANE ( 'NONE',  #2745 ) ;
#1478 = CARTESIAN_POINT ( 'NONE',  ( 38.84838921327945371, 38.81588597186377854, 11.29087459092477275 ) ) ;
#1479 = AXIS2_PLACEMENT_3D ( 'NONE', #4337, #3624, #3892 ) ;
#1480 = DIRECTION ( 'NONE',  ( -0.000000000000000000, -0.000000000000000000, -1.000000000000000000 ) ) ;
#1481 = VERTEX_POINT ( 'NONE', #3385 ) ;
#1482 = CYLINDRICAL_SURFACE ( 'NONE', #3206, 0.03899994794847572166 ) ;
#1483 = FACE_OUTER_BOUND ( 'NONE', #1938, .T. ) ;
#1484 = EDGE_CURVE ( 'NONE', #1689, #2087, #2942, .T. ) ;
#1485 = DIRECTION ( 'NONE',  ( -0.000000000000000000, -0.000000000000000000, 1.000000000000000000 ) ) ;
#1486 = EDGE_CURVE ( 'NONE', #2607, #4279, #7, .T. ) ;
#1487 = CARTESIAN_POINT ( 'NONE',  ( 38.83782253144370600, 38.84665962737024358, 11.29087459092477275 ) ) ;
#1488 = CARTESIAN_POINT ( 'NONE',  ( 38.81588597186380696, 38.78338265718605271, 11.29087459092477275 ) ) ;
#1489 = ORIENTED_EDGE ( 'NONE', *, *, #1801, .F. ) ;
#1490 = VERTEX_POINT ( 'NONE', #352 ) ;
#1491 = FACE_OUTER_BOUND ( 'NONE', #915, .T. ) ;
#1492 = VERTEX_POINT ( 'NONE', #1497 ) ;
#1493 = CARTESIAN_POINT ( 'NONE',  ( 38.82429836723665773, 38.84728170041789497, 11.29087459092477275 ) ) ;
#1494 = ORIENTED_EDGE ( 'NONE', *, *, #3715, .T. ) ;
#1495 = DIRECTION ( 'NONE',  ( -0.000000000000000000, 0.000000000000000000, 1.000000000000000000 ) ) ;
#1496 = DIRECTION ( 'NONE',  ( -0.000000000000000000, 0.000000000000000000, -1.000000000000000000 ) ) ;
#1497 = CARTESIAN_POINT ( 'NONE',  ( 38.78460656203324675, 38.80847278478682938, 11.27687459092477162 ) ) ;
#1498 = ORIENTED_EDGE ( 'NONE', *, *, #1793, .T. ) ;
#1499 = ORIENTED_EDGE ( 'NONE', *, *, #683, .F. ) ;
#1500 = LINE ( 'NONE', #3038, #2346 ) ;
#1501 = DIRECTION ( 'NONE',  ( 0.000000000000000000, -0.000000000000000000, -1.000000000000000000 ) ) ;
#1502 = ORIENTED_EDGE ( 'NONE', *, *, #4604, .T. ) ;
#1503 = CARTESIAN_POINT ( 'NONE',  ( 38.78449018900924017, 38.80747343246313363, 11.29087459092477275 ) ) ;
#1504 = EDGE_CURVE ( 'NONE', #552, #4067, #3354, .T. ) ;
#1505 = DIRECTION ( 'NONE',  ( 0.000000000000000000, -0.000000000000000000, -1.000000000000000000 ) ) ;
#1506 = EDGE_CURVE ( 'NONE', #337, #4828, #3292, .T. ) ;
#1507 = CARTESIAN_POINT ( 'NONE',  ( 38.80201493336257101, 38.78928523646236926, 11.29087459073403643 ) ) ;
#1508 = ORIENTED_EDGE ( 'NONE', *, *, #4758, .F. ) ;
#1509 = ADVANCED_FACE ( 'NONE', ( #1063 ), #2611, .F. ) ;
#1510 = AXIS2_PLACEMENT_3D ( 'NONE', #4682, #1773, #4760 ) ;
#1511 = CARTESIAN_POINT ( 'NONE',  ( 38.84728170041792339, 38.80747350322886291, 11.29087459092477275 ) ) ;
#1512 = DIRECTION ( 'NONE',  ( -0.8660254037843760910, -0.5000000000001085798, 0.000000000000000000 ) ) ;
#1513 = CIRCLE ( 'NONE', #1053, 0.02935410264610283093 ) ;
#1514 = CIRCLE ( 'NONE', #736, 0.02935410264610328890 ) ;
#1515 = DIRECTION ( 'NONE',  ( 0.000000000000000000, 0.000000000000000000, -1.000000000000000000 ) ) ;
#1516 = ORIENTED_EDGE ( 'NONE', *, *, #3307, .F. ) ;
#1517 = CARTESIAN_POINT ( 'NONE',  ( 38.78048322234276668, 38.82911024244044995, 11.27687459092477162 ) ) ;
#1518 = DIRECTION ( 'NONE',  ( -0.8660254037844614672, 0.4999999999999605871, 0.000000000000000000 ) ) ;
#1519 = AXIS2_PLACEMENT_3D ( 'NONE', #3047, #2663, #1530 ) ;
#1520 = DIRECTION ( 'NONE',  ( 0.000000000000000000, 0.000000000000000000, -1.000000000000000000 ) ) ;
#1521 = ORIENTED_EDGE ( 'NONE', *, *, #241, .F. ) ;
#1522 = VECTOR ( 'NONE', #1659, 1.000000000000000000 ) ;
#1523 = CARTESIAN_POINT ( 'NONE',  ( 38.81588593523276387, 38.81588593523273545, 11.28387459092477130 ) ) ;
#1524 = LINE ( 'NONE', #2359, #1376 ) ;
#1525 = CIRCLE ( 'NONE', #514, 0.03600013749699115806 ) ;
#1526 = CARTESIAN_POINT ( 'NONE',  ( 38.81588593523277098, 38.81588593523274255, 11.29087459092477275 ) ) ;
#1527 = DIRECTION ( 'NONE',  ( 0.000000000000000000, -0.000000000000000000, -1.000000000000000000 ) ) ;
#1528 = AXIS2_PLACEMENT_3D ( 'NONE', #955, #3272, #1790 ) ;
#1529 = ORIENTED_EDGE ( 'NONE', *, *, #1341, .T. ) ;
#1530 = DIRECTION ( 'NONE',  ( -1.000000000000000000, 0.000000000000000000, 0.000000000000000000 ) ) ;
#1531 = CARTESIAN_POINT ( 'NONE',  ( 38.79704193623946651, 38.82316223520589205, 11.29777071837152747 ) ) ;
#1532 = EDGE_CURVE ( 'NONE', #1990, #4776, #4589, .T. ) ;
#1533 = DIRECTION ( 'NONE',  ( -1.000000000000000000, 0.000000000000000000, 0.000000000000000000 ) ) ;
#1534 = VECTOR ( 'NONE', #800, 1.000000000000000000 ) ;
#1535 = AXIS2_PLACEMENT_3D ( 'NONE', #1414, #2143, #260 ) ;
#1536 = ORIENTED_EDGE ( 'NONE', *, *, #4700, .T. ) ;
#1537 = CARTESIAN_POINT ( 'NONE',  ( 38.80747350322889133, 38.78449017004759014, 11.29087459092477275 ) ) ;
#1538 = AXIS2_PLACEMENT_3D ( 'NONE', #2839, #966, #4025 ) ;
#1539 = LINE ( 'NONE', #3499, #1444 ) ;
#1540 = EDGE_CURVE ( 'NONE', #4067, #2286, #828, .T. ) ;
#1541 = CIRCLE ( 'NONE', #4526, 0.03600013749698897231 ) ;
#1542 = EDGE_LOOP ( 'NONE', ( #1757, #2533, #3141, #2231 ) ) ;
#1543 = VERTEX_POINT ( 'NONE', #4073 ) ;
#1544 = DIRECTION ( 'NONE',  ( 1.000000000000000000, 0.000000000000000000, 0.000000000000000000 ) ) ;
#1545 = EDGE_CURVE ( 'NONE', #3363, #3288, #1698, .T. ) ;
#1546 = DIRECTION ( 'NONE',  ( -0.000000000000000000, -0.000000000000000000, 1.000000000000000000 ) ) ;
#1547 = ADVANCED_FACE ( 'NONE', ( #2230 ), #3362, .F. ) ;
#1548 = CARTESIAN_POINT ( 'NONE',  ( 38.81588593523276387, 38.81588593523273545, 11.27687459092477162 ) ) ;
#1549 = EDGE_CURVE ( 'NONE', #266, #1357, #122, .T. ) ;
#1550 = ORIENTED_EDGE ( 'NONE', *, *, #494, .T. ) ;
#1551 = CIRCLE ( 'NONE', #2905, 0.02935410264610490219 ) ;
#1552 = FACE_OUTER_BOUND ( 'NONE', #3949, .T. ) ;
#1553 = DIRECTION ( 'NONE',  ( -0.000000000000000000, -0.000000000000000000, 1.000000000000000000 ) ) ;
#1554 = DIRECTION ( 'NONE',  ( 0.8872811332236103521, -0.4612290001999288513, -0.000000000000000000 ) ) ;
#1555 = DIRECTION ( 'NONE',  ( -0.000000000000000000, -0.000000000000000000, 1.000000000000000000 ) ) ;
#1556 = DIRECTION ( 'NONE',  ( -0.000000000000000000, -0.000000000000000000, -1.000000000000000000 ) ) ;
#1557 = CIRCLE ( 'NONE', #776, 0.001006105236833839843 ) ;
#1558 = ORIENTED_EDGE ( 'NONE', *, *, #1797, .T. ) ;
#1559 = CARTESIAN_POINT ( 'NONE',  ( 38.82510564522429064, 38.84668124226093511, 11.29087459092477275 ) ) ;
#1560 = DIRECTION ( 'NONE',  ( -0.000000000000000000, -0.000000000000000000, 1.000000000000000000 ) ) ;
#1561 = ORIENTED_EDGE ( 'NONE', *, *, #4819, .F. ) ;
#1562 = DIRECTION ( 'NONE',  ( 0.000000000000000000, 0.000000000000000000, -1.000000000000000000 ) ) ;
#1563 = CARTESIAN_POINT ( 'NONE',  ( 38.81682107926580017, 38.84801815415590909, 11.27687459092477162 ) ) ;
#1564 = DIRECTION ( 'NONE',  ( -1.000000000000000000, 0.000000000000000000, 0.000000000000000000 ) ) ;
#1565 = ORIENTED_EDGE ( 'NONE', *, *, #4821, .T. ) ;
#1566 = CARTESIAN_POINT ( 'NONE',  ( 38.83895524469658511, 38.80389398122753164, 11.29747459073403704 ) ) ;
#1567 = ORIENTED_EDGE ( 'NONE', *, *, #1301, .F. ) ;
#1568 = CARTESIAN_POINT ( 'NONE',  ( 38.83786314421558927, 38.79290267281719196, 11.27687459092477162 ) ) ;
#1569 = EDGE_CURVE ( 'NONE', #3514, #4359, #991, .T. ) ;
#1570 = ADVANCED_FACE ( 'NONE', ( #192 ), #3064, .F. ) ;
#1571 = FACE_OUTER_BOUND ( 'NONE', #875, .T. ) ;
#1572 = DIRECTION ( 'NONE',  ( -0.9659258262890429991, 0.2588190451026144978, 0.000000000000000000 ) ) ;
#1573 = ORIENTED_EDGE ( 'NONE', *, *, #3252, .F. ) ;
#1574 = DIRECTION ( 'NONE',  ( 0.2588190451017443605, 0.9659258262892763680, 0.000000000000000000 ) ) ;
#1575 = DIRECTION ( 'NONE',  ( 0.000000000000000000, -0.000000000000000000, -1.000000000000000000 ) ) ;
#1576 = ADVANCED_FACE ( 'NONE', ( #4562 ), #473, .T. ) ;
#1577 = FACE_OUTER_BOUND ( 'NONE', #918, .T. ) ;
#1578 = CARTESIAN_POINT ( 'NONE',  ( 38.79880729333829947, 38.82667346588946344, 11.29896220419480279 ) ) ;
#1579 = ORIENTED_EDGE ( 'NONE', *, *, #1046, .F. ) ;
#1580 = CARTESIAN_POINT ( 'NONE',  ( 38.78673199279844397, 38.79183844011096483, 11.29087459092477275 ) ) ;
#1581 = CARTESIAN_POINT ( 'NONE',  ( 38.81588593523277098, 38.81588593523274255, 11.27687459092477162 ) ) ;
#1582 = EDGE_LOOP ( 'NONE', ( #394, #3004, #4575, #3126, #1583, #4243, #3091, #4782 ) ) ;
#1583 = ORIENTED_EDGE ( 'NONE', *, *, #2487, .F. ) ;
#1584 = CARTESIAN_POINT ( 'NONE',  ( 38.80847278478685780, 38.84716530843225968, 11.27687459092477162 ) ) ;
#1585 = CARTESIAN_POINT ( 'NONE',  ( 38.78416319037197013, 38.83857212923879132, 11.27687459092477162 ) ) ;
#1586 = CARTESIAN_POINT ( 'NONE',  ( 38.83886924945242214, 38.79290267281719196, 11.29087459092477275 ) ) ;
#1587 = EDGE_CURVE ( 'NONE', #3908, #2136, #1142, .T. ) ;
#1588 = CARTESIAN_POINT ( 'NONE',  ( 38.84600956645631697, 38.84065613470491485, 11.27687459092477162 ) ) ;
#1589 = EDGE_LOOP ( 'NONE', ( #3333, #3765, #2706, #3653 ) ) ;
#1590 = VERTEX_POINT ( 'NONE', #2074 ) ;
#1591 = VERTEX_POINT ( 'NONE', #2355 ) ;
#1592 = CARTESIAN_POINT ( 'NONE',  ( 38.82510571599001992, 38.78509064716615740, 11.29087459092477275 ) ) ;
#1593 = DIRECTION ( 'NONE',  ( 0.7071067811860540786, -0.7071067811870409558, 0.000000000000000000 ) ) ;
#1594 = VECTOR ( 'NONE', #2154, 1.000000000000000000 ) ;
#1595 = AXIS2_PLACEMENT_3D ( 'NONE', #3651, #275, #3286 ) ;
#1596 = ADVANCED_FACE ( 'NONE', ( #2674 ), #169, .T. ) ;
#1597 = ORIENTED_EDGE ( 'NONE', *, *, #72, .F. ) ;
#1598 = DIRECTION ( 'NONE',  ( -1.000000000000000000, 0.000000000000000000, 0.000000000000000000 ) ) ;
#1599 = CYLINDRICAL_SURFACE ( 'NONE', #1009, 0.001006105236832866012 ) ;
#1600 = AXIS2_PLACEMENT_3D ( 'NONE', #4852, #1485, #3760 ) ;
#1601 = CIRCLE ( 'NONE', #3344, 0.001006105236834714794 ) ;
#1602 = DIRECTION ( 'NONE',  ( -1.000000000000000000, 0.000000000000000000, 0.000000000000000000 ) ) ;
#1603 = CARTESIAN_POINT ( 'NONE',  ( 38.79911215328337448, 38.82714116686581463, 11.29747459073403704 ) ) ;
#1604 = EDGE_LOOP ( 'NONE', ( #3475, #3099, #1342 ) ) ;
#1605 = EDGE_CURVE ( 'NONE', #758, #2666, #2699, .T. ) ;
#1606 = AXIS2_PLACEMENT_3D ( 'NONE', #3564, #3985, #2068 ) ;
#1607 = ORIENTED_EDGE ( 'NONE', *, *, #734, .F. ) ;
#1608 = FACE_OUTER_BOUND ( 'NONE', #2503, .T. ) ;
#1609 = LINE ( 'NONE', #182, #997 ) ;
#1610 = FACE_OUTER_BOUND ( 'NONE', #2042, .T. ) ;
#1611 = EDGE_LOOP ( 'NONE', ( #928, #4398, #2518, #4704 ) ) ;
#1612 = CARTESIAN_POINT ( 'NONE',  ( 38.77707014211834746, 38.81210041745019623, 11.29087459092477275 ) ) ;
#1613 = EDGE_CURVE ( 'NONE', #2198, #2067, #2888, .T. ) ;
#1614 = CIRCLE ( 'NONE', #1777, 0.001006105236833839843 ) ;
#1615 = DIRECTION ( 'NONE',  ( -1.000000000000000000, 0.000000000000000000, 0.000000000000000000 ) ) ;
#1616 = ADVANCED_FACE ( 'NONE', ( #3035 ), #4656, .F. ) ;
#1617 = CIRCLE ( 'NONE', #1528, 0.03600013749698843801 ) ;
#1618 = ORIENTED_EDGE ( 'NONE', *, *, #4186, .F. ) ;
#1619 = VECTOR ( 'NONE', #4020, 1.000000000000000000 ) ;
#1620 = VECTOR ( 'NONE', #2455, 1.000000000000000000 ) ;
#1621 = CARTESIAN_POINT ( 'NONE',  ( 38.79900990383557513, 38.84324564445261529, 11.27687459092477162 ) ) ;
#1622 = FACE_OUTER_BOUND ( 'NONE', #2725, .T. ) ;
#1623 = AXIS2_PLACEMENT_3D ( 'NONE', #450, #4232, #2736 ) ;
#1624 = VERTEX_POINT ( 'NONE', #2325 ) ;
#1625 = LINE ( 'NONE', #4518, #2204 ) ;
#1626 = AXIS2_PLACEMENT_3D ( 'NONE', #4516, #2962, #1823 ) ;
#1627 = ORIENTED_EDGE ( 'NONE', *, *, #4628, .F. ) ;
#1628 = CYLINDRICAL_SURFACE ( 'NONE', #2496, 0.03000003113258031817 ) ;
#1629 = CYLINDRICAL_SURFACE ( 'NONE', #303, 0.02935410264610283093 ) ;
#1630 = EDGE_LOOP ( 'NONE', ( #3343, #4491, #3451, #3221 ) ) ;
#1631 = AXIS2_PLACEMENT_3D ( 'NONE', #4118, #1496, #1427 ) ;
#1632 = ORIENTED_EDGE ( 'NONE', *, *, #3863, .T. ) ;
#1633 = PLANE ( 'NONE',  #51 ) ;
#1634 = CYLINDRICAL_SURFACE ( 'NONE', #134, 0.001006105236832866012 ) ;
#1635 = ORIENTED_EDGE ( 'NONE', *, *, #3479, .F. ) ;
#1636 = ORIENTED_EDGE ( 'NONE', *, *, #2890, .T. ) ;
#1637 = CARTESIAN_POINT ( 'NONE',  ( 38.84627557621947602, 38.82429843800235147, 11.27687459092477162 ) ) ;
#1638 = EDGE_CURVE ( 'NONE', #4290, #1726, #2807, .T. ) ;
#1639 = CIRCLE ( 'NONE', #4387, 0.03600013749698947191 ) ;
#1640 = CARTESIAN_POINT ( 'NONE',  ( 38.84716532739390971, 38.80847285555255155, 11.29087459092477275 ) ) ;
#1641 = ORIENTED_EDGE ( 'NONE', *, *, #2224, .F. ) ;
#1642 = AXIS2_PLACEMENT_3D ( 'NONE', #4138, #1878, #1544 ) ;
#1643 = EDGE_CURVE ( 'NONE', #3485, #3283, #1379, .T. ) ;
#1644 = DIRECTION ( 'NONE',  ( -0.000000000000000000, -0.000000000000000000, -1.000000000000000000 ) ) ;
#1645 = DIRECTION ( 'NONE',  ( 0.7071067811876368125, -0.7071067811854583329, 0.000000000000000000 ) ) ;
#1646 = CARTESIAN_POINT ( 'NONE',  ( 38.79111573576059868, 38.84600956645628855, 11.29087459092477275 ) ) ;
#1647 = DIRECTION ( 'NONE',  ( -1.000000000000000000, 0.000000000000000000, 0.000000000000000000 ) ) ;
#1648 = ORIENTED_EDGE ( 'NONE', *, *, #4500, .T. ) ;
#1649 = DIRECTION ( 'NONE',  ( -0.000000000000000000, 0.000000000000000000, -1.000000000000000000 ) ) ;
#1650 = CYLINDRICAL_SURFACE ( 'NONE', #4295, 0.03899994794847572166 ) ;
#1651 = ORIENTED_EDGE ( 'NONE', *, *, #745, .F. ) ;
#1652 = ORIENTED_EDGE ( 'NONE', *, *, #3750, .F. ) ;
#1653 = DIRECTION ( 'NONE',  ( -0.4612290001999289624, -0.8872811332236103521, 0.000000000000000000 ) ) ;
#1654 = EDGE_LOOP ( 'NONE', ( #3714, #1032, #2203, #324 ) ) ;
#1655 = CARTESIAN_POINT ( 'NONE',  ( 38.84324568108367970, 38.79900996728235896, 11.29087459092477275 ) ) ;
#1656 = DIRECTION ( 'NONE',  ( -1.000000000000000000, 0.000000000000000000, 0.000000000000000000 ) ) ;
#1657 = VERTEX_POINT ( 'NONE', #3774 ) ;
#1658 = ORIENTED_EDGE ( 'NONE', *, *, #3948, .T. ) ;
#1659 = DIRECTION ( 'NONE',  ( 0.000000000000000000, -0.000000000000000000, -1.000000000000000000 ) ) ;
#1660 = VERTEX_POINT ( 'NONE', #396 ) ;
#1661 = EDGE_CURVE ( 'NONE', #1829, #972, #4825, .T. ) ;
#1662 = CARTESIAN_POINT ( 'NONE',  ( 38.81588593523277098, 38.81588593523274255, 11.27687459092477162 ) ) ;
#1663 = ADVANCED_FACE ( 'NONE', ( #4804 ), #4061, .T. ) ;
#1664 = LINE ( 'NONE', #167, #3728 ) ;
#1665 = DIRECTION ( 'NONE',  ( 0.8660254037867568533, 0.4999999999959848784, 0.000000000000000000 ) ) ;
#1666 = CARTESIAN_POINT ( 'NONE',  ( 38.84728168145630889, 38.82429843800235147, 11.29087459092477275 ) ) ;
#1667 = VERTEX_POINT ( 'NONE', #319 ) ;
#1668 = ORIENTED_EDGE ( 'NONE', *, *, #4466, .T. ) ;
#1669 = EDGE_CURVE ( 'NONE', #1804, #1543, #2202, .T. ) ;
#1670 = ORIENTED_EDGE ( 'NONE', *, *, #1978, .F. ) ;
#1671 = DIRECTION ( 'NONE',  ( 0.8660254037867568533, 0.4999999999959848784, 0.000000000000000000 ) ) ;
#1672 = ORIENTED_EDGE ( 'NONE', *, *, #4334, .F. ) ;
#1673 = CARTESIAN_POINT ( 'NONE',  ( 38.79338593523276302, 38.81588593523273545, 11.28387459092477130 ) ) ;
#1674 = CARTESIAN_POINT ( 'NONE',  ( 38.79863588347664205, 38.82639739215210994, 11.29568402542570205 ) ) ;
#1675 = VECTOR ( 'NONE', #2347, 1.000000000000000000 ) ;
#1676 = CIRCLE ( 'NONE', #103, 0.03899994794847572166 ) ;
#1677 = EDGE_LOOP ( 'NONE', ( #704, #936, #2430, #3265, #1425, #2475, #1658, #4716 ) ) ;
#1678 = ORIENTED_EDGE ( 'NONE', *, *, #4634, .T. ) ;
#1679 = B_SPLINE_CURVE_WITH_KNOTS ( 'NONE', 3,
 ( #4253, #83, #2304, #3798, #3088, #1926, #4203, #4567, #3849, #477, #3869, #2005, #1260, #3109, #4593, #1234, #2737, #865, #497, #1674, #3923, #2500, #2471, #4006, #2841, #4275 ),
 .UNSPECIFIED., .F., .F.,
 ( 4, 2, 2, 2, 2, 2, 2, 2, 2, 2, 2, 2, 4 ),
 ( 0.007039982957770964285, 0.007919772495397988527, 0.008799562033025011901, 0.009239456801848393297, 0.009679351570671774693, 0.01011924633949515609, 0.01055914110831853922, 0.01099903587714191888, 0.01143893064596530201, 0.01187882541478868514, 0.01231872018361206481, 0.01319850972127960959, 0.01407829925894715610 ),
 .UNSPECIFIED. ) ;
#1680 = ORIENTED_EDGE ( 'NONE', *, *, #4630, .F. ) ;
#1681 = AXIS2_PLACEMENT_3D ( 'NONE', #3071, #1866, #1837 ) ;
#1682 = DIRECTION ( 'NONE',  ( -0.000000000000000000, -0.000000000000000000, -1.000000000000000000 ) ) ;
#1683 = CARTESIAN_POINT ( 'NONE',  ( 38.81588593523277098, 38.81588593523274255, 11.27687459092477162 ) ) ;
#1684 = ORIENTED_EDGE ( 'NONE', *, *, #1860, .F. ) ;
#1685 = VERTEX_POINT ( 'NONE', #2516 ) ;
#1686 = DIRECTION ( 'NONE',  ( -1.000000000000000000, 0.000000000000000000, 0.000000000000000000 ) ) ;
#1687 = VECTOR ( 'NONE', #3447, 1.000000000000000000 ) ;
#1688 = FACE_OUTER_BOUND ( 'NONE', #3403, .T. ) ;
#1689 = VERTEX_POINT ( 'NONE', #2834 ) ;
#1690 = DIRECTION ( 'NONE',  ( 0.000000000000000000, -0.000000000000000000, -1.000000000000000000 ) ) ;
#1691 = CIRCLE ( 'NONE', #1924, 0.02935410264610073192 ) ;
#1692 = DIRECTION ( 'NONE',  ( -1.000000000000000000, 0.000000000000000000, 0.000000000000000000 ) ) ;
#1693 = CARTESIAN_POINT ( 'NONE',  ( 38.78591695402010942, 38.81452137192145102, 11.29087459073403643 ) ) ;
#1694 = CARTESIAN_POINT ( 'NONE',  ( 38.78048322234276668, 38.82911024244044995, 11.29087459092477275 ) ) ;
#1695 = CIRCLE ( 'NONE', #1065, 0.03000003113258031817 ) ;
#1696 = EDGE_LOOP ( 'NONE', ( #1905, #3495, #963, #300 ) ) ;
#1697 = ORIENTED_EDGE ( 'NONE', *, *, #75, .T. ) ;
#1698 = CIRCLE ( 'NONE', #2021, 0.03600013749698843801 ) ;
#1699 = EDGE_CURVE ( 'NONE', #4786, #2344, #2336, .T. ) ;
#1700 = LINE ( 'NONE', #1016, #3414 ) ;
#1701 = AXIS2_PLACEMENT_3D ( 'NONE', #4824, #1836, #404 ) ;
#1702 = CIRCLE ( 'NONE', #4832, 0.03600013749699115806 ) ;
#1703 = ORIENTED_EDGE ( 'NONE', *, *, #3225, .T. ) ;
#1704 = CYLINDRICAL_SURFACE ( 'NONE', #3992, 0.001006105236832866012 ) ;
#1705 = DIRECTION ( 'NONE',  ( -0.000000000000000000, -0.000000000000000000, 1.000000000000000000 ) ) ;
#1706 = CARTESIAN_POINT ( 'NONE',  ( 38.81588593523277098, 38.81588593523274255, 11.30407459073403764 ) ) ;
#1707 = EDGE_CURVE ( 'NONE', #4451, #1270, #1461, .T. ) ;
#1708 = CIRCLE ( 'NONE', #1229, 0.03899994794847572166 ) ;
#1709 = ORIENTED_EDGE ( 'NONE', *, *, #2655, .F. ) ;
#1710 = ORIENTED_EDGE ( 'NONE', *, *, #2276, .T. ) ;
#1711 = CIRCLE ( 'NONE', #2195, 0.02935410264609947945 ) ;
#1712 = DIRECTION ( 'NONE',  ( -0.000000000000000000, -0.000000000000000000, -1.000000000000000000 ) ) ;
#1713 = CARTESIAN_POINT ( 'NONE',  ( 38.81588593523276387, 38.81588593523273545, 11.27687459092477162 ) ) ;
#1714 = ORIENTED_EDGE ( 'NONE', *, *, #4691, .T. ) ;
#1715 = LINE ( 'NONE', #3642, #1375 ) ;
#1716 = CIRCLE ( 'NONE', #3687, 0.02935410264610328890 ) ;
#1717 = VERTEX_POINT ( 'NONE', #2860 ) ;
#1718 = CARTESIAN_POINT ( 'NONE',  ( 38.85470173516302594, 38.81210048733872497, 11.29087459092477275 ) ) ;
#1719 = VECTOR ( 'NONE', #644, 1.000000000000000000 ) ;
#1720 = DIRECTION ( 'NONE',  ( 0.7071067811865474617, -0.7071067811865474617, 0.000000000000000000 ) ) ;
#1721 = CARTESIAN_POINT ( 'NONE',  ( 38.81588593523277098, 38.81588593523274255, 11.29207459073403719 ) ) ;
#1722 = DIRECTION ( 'NONE',  ( -0.000000000000000000, -0.000000000000000000, -1.000000000000000000 ) ) ;
#1723 = FACE_OUTER_BOUND ( 'NONE', #2971, .T. ) ;
#1724 = CIRCLE ( 'NONE', #2131, 0.03600013749698843801 ) ;
#1725 = VERTEX_POINT ( 'NONE', #2465 ) ;
#1726 = VERTEX_POINT ( 'NONE', #3256 ) ;
#1727 = AXIS2_PLACEMENT_3D ( 'NONE', #1256, #2419, #120 ) ;
#1728 = DIRECTION ( 'NONE',  ( -1.000000000000000000, 0.000000000000000000, 0.000000000000000000 ) ) ;
#1729 = ORIENTED_EDGE ( 'NONE', *, *, #3841, .T. ) ;
#1730 = ADVANCED_FACE ( 'NONE', ( #1723 ), #4343, .T. ) ;
#1731 = DIRECTION ( 'NONE',  ( 0.000000000000000000, 0.000000000000000000, -1.000000000000000000 ) ) ;
#1732 = DIRECTION ( 'NONE',  ( -0.8872811332236104631, 0.4612290001999287403, 0.000000000000000000 ) ) ;
#1733 = CARTESIAN_POINT ( 'NONE',  ( 38.83857218635614572, 38.78416323121888354, 11.27687459092477162 ) ) ;
#1734 = CYLINDRICAL_SURFACE ( 'NONE', #1959, 0.02935410264610283093 ) ;
#1735 = ORIENTED_EDGE ( 'NONE', *, *, #2770, .F. ) ;
#1736 = EDGE_CURVE ( 'NONE', #2295, #4707, #2100, .T. ) ;
#1737 = CARTESIAN_POINT ( 'NONE',  ( 38.81588593523277098, 38.81588593523274255, 11.27687459092477162 ) ) ;
#1738 = DIRECTION ( 'NONE',  ( -0.000000000000000000, -0.000000000000000000, -1.000000000000000000 ) ) ;
#1739 = EDGE_LOOP ( 'NONE', ( #2020, #849, #3458, #2053 ) ) ;
#1740 = LINE ( 'NONE', #4360, #4270 ) ;
#1741 = DIRECTION ( 'NONE',  ( 0.000000000000000000, -0.000000000000000000, 1.000000000000000000 ) ) ;
#1742 = VERTEX_POINT ( 'NONE', #3674 ) ;
#1743 = DIRECTION ( 'NONE',  ( -1.000000000000000000, 0.000000000000000000, 0.000000000000000000 ) ) ;
#1744 = CARTESIAN_POINT ( 'NONE',  ( 38.81227513171029386, 38.77826683796795493, 11.27687459092477162 ) ) ;
#1745 = ORIENTED_EDGE ( 'NONE', *, *, #2890, .F. ) ;
#1746 = LINE ( 'NONE', #621, #1594 ) ;
#1747 = CARTESIAN_POINT ( 'NONE',  ( 38.83332782772533420, 38.80569579331088192, 11.29545206353713027 ) ) ;
#1748 = ORIENTED_EDGE ( 'NONE', *, *, #229, .T. ) ;
#1749 = CARTESIAN_POINT ( 'NONE',  ( 38.77741299409795772, 38.82227567234947685, 11.29087459092477275 ) ) ;
#1750 = EDGE_LOOP ( 'NONE', ( #3834, #1834, #3442, #52 ) ) ;
#1751 = DIRECTION ( 'NONE',  ( -1.000000000000000000, 0.000000000000000000, 0.000000000000000000 ) ) ;
#1752 = DIRECTION ( 'NONE',  ( -0.000000000000000000, -0.000000000000000000, -1.000000000000000000 ) ) ;
#1753 = FACE_OUTER_BOUND ( 'NONE', #4792, .T. ) ;
#1754 = VERTEX_POINT ( 'NONE', #1031 ) ;
#1755 = ADVANCED_FACE ( 'NONE', ( #3601 ), #4734, .T. ) ;
#1756 = VERTEX_POINT ( 'NONE', #4712 ) ;
#1757 = ORIENTED_EDGE ( 'NONE', *, *, #4456, .F. ) ;
#1758 = DIRECTION ( 'NONE',  ( 0.000000000000000000, 0.000000000000000000, -1.000000000000000000 ) ) ;
#1759 = LINE ( 'NONE', #2849, #3916 ) ;
#1760 = VERTEX_POINT ( 'NONE', #1373 ) ;
#1761 = AXIS2_PLACEMENT_3D ( 'NONE', #4180, #3034, #2610 ) ;
#1762 = CARTESIAN_POINT ( 'NONE',  ( 38.81588593523277098, 38.81588593523274255, 11.29087459092477275 ) ) ;
#1763 = EDGE_CURVE ( 'NONE', #2384, #3314, #4373, .T. ) ;
#1764 = FACE_OUTER_BOUND ( 'NONE', #773, .T. ) ;
#1765 = AXIS2_PLACEMENT_3D ( 'NONE', #148, #964, #1647 ) ;
#1766 = ORIENTED_EDGE ( 'NONE', *, *, #2483, .F. ) ;
#1767 = FACE_OUTER_BOUND ( 'NONE', #1604, .T. ) ;
#1768 = DIRECTION ( 'NONE',  ( 1.000000000000000000, 0.000000000000000000, 0.000000000000000000 ) ) ;
#1769 = ORIENTED_EDGE ( 'NONE', *, *, #4784, .T. ) ;
#1770 = CIRCLE ( 'NONE', #4046, 0.001006105236833839843 ) ;
#1771 = AXIS2_PLACEMENT_3D ( 'NONE', #392, #3815, #440 ) ;
#1772 = ADVANCED_FACE ( 'NONE', ( #2155 ), #271, .F. ) ;
#1773 = DIRECTION ( 'NONE',  ( 0.000000000000000000, 0.000000000000000000, -1.000000000000000000 ) ) ;
#1774 = CARTESIAN_POINT ( 'NONE',  ( 38.80747350322889133, 38.78449017004759014, 11.29087459092477275 ) ) ;
#1775 = ORIENTED_EDGE ( 'NONE', *, *, #4723, .T. ) ;
#1776 = AXIS2_PLACEMENT_3D ( 'NONE', #3665, #4478, #313 ) ;
#1777 = AXIS2_PLACEMENT_3D ( 'NONE', #453, #2008, #423 ) ;
#1778 = CYLINDRICAL_SURFACE ( 'NONE', #1442, 0.02600000000000335376 ) ;
#1779 = VERTEX_POINT ( 'NONE', #1399 ) ;
#1780 = VECTOR ( 'NONE', #1159, 1.000000000000000000 ) ;
#1781 = CARTESIAN_POINT ( 'NONE',  ( 38.83608593523277364, 38.81588593523274255, 11.28437459092477191 ) ) ;
#1782 = FACE_OUTER_BOUND ( 'NONE', #1582, .T. ) ;
#1783 = DIRECTION ( 'NONE',  ( 0.000000000000000000, 0.000000000000000000, -1.000000000000000000 ) ) ;
#1784 = VECTOR ( 'NONE', #778, 1.000000000000000000 ) ;
#1785 = CIRCLE ( 'NONE', #2415, 0.03899994794847572166 ) ;
#1786 = ORIENTED_EDGE ( 'NONE', *, *, #2782, .F. ) ;
#1787 = FACE_OUTER_BOUND ( 'NONE', #2777, .T. ) ;
#1788 = LINE ( 'NONE', #4358, #2645 ) ;
#1789 = DIRECTION ( 'NONE',  ( -0.000000000000000000, -0.000000000000000000, 1.000000000000000000 ) ) ;
#1790 = DIRECTION ( 'NONE',  ( -0.7071067811848699147, -0.7071067811882252307, 0.000000000000000000 ) ) ;
#1791 = CIRCLE ( 'NONE', #1311, 0.02250000000000085265 ) ;
#1792 = DIRECTION ( 'NONE',  ( -0.000000000000000000, -0.000000000000000000, -1.000000000000000000 ) ) ;
#1793 = EDGE_CURVE ( 'NONE', #4279, #2198, #292, .T. ) ;
#1794 = VERTEX_POINT ( 'NONE', #1935 ) ;
#1795 = CIRCLE ( 'NONE', #2426, 0.03600013749698843801 ) ;
#1796 = DIRECTION ( 'NONE',  ( 0.000000000000000000, 0.000000000000000000, -1.000000000000000000 ) ) ;
#1797 = EDGE_CURVE ( 'NONE', #1279, #3671, #1936, .T. ) ;
#1798 = CARTESIAN_POINT ( 'NONE',  ( 38.83291369767992052, 38.80501846086741580, 11.29610195103711767 ) ) ;
#1799 = VERTEX_POINT ( 'NONE', #2665 ) ;
#1800 = AXIS2_PLACEMENT_3D ( 'NONE', #4070, #1783, #2630 ) ;
#1801 = EDGE_CURVE ( 'NONE', #1120, #1756, #729, .T. ) ;
#1802 = AXIS2_PLACEMENT_3D ( 'NONE', #967, #4718, #2541 ) ;
#1803 = CARTESIAN_POINT ( 'NONE',  ( 38.77707004929753509, 38.77707004929750667, 11.29207459073403719 ) ) ;
#1804 = VERTEX_POINT ( 'NONE', #4173 ) ;
#1805 = FACE_OUTER_BOUND ( 'NONE', #640, .T. ) ;
#1806 = CARTESIAN_POINT ( 'NONE',  ( 38.81495071793767693, 38.84801815415590909, 11.29087459092477275 ) ) ;
#1807 = DIRECTION ( 'NONE',  ( -0.000000000000000000, -0.000000000000000000, 1.000000000000000000 ) ) ;
#1808 = ORIENTED_EDGE ( 'NONE', *, *, #4845, .T. ) ;
#1809 = EDGE_LOOP ( 'NONE', ( #1867, #1288, #3794, #4029 ) ) ;
#1810 = CARTESIAN_POINT ( 'NONE',  ( 38.81588593523277098, 38.81588593523274255, 11.29087459092477275 ) ) ;
#1811 = DIRECTION ( 'NONE',  ( -1.000000000000000000, 0.000000000000000000, 0.000000000000000000 ) ) ;
#1812 = FACE_OUTER_BOUND ( 'NONE', #1315, .T. ) ;
#1813 = ORIENTED_EDGE ( 'NONE', *, *, #3814, .F. ) ;
#1814 = CARTESIAN_POINT ( 'NONE',  ( 38.83886924945242214, 38.79290267281719196, 11.29087459092477275 ) ) ;
#1815 = APPLICATION_CONTEXT ( 'automotive_design' ) ;
#1816 = ADVANCED_FACE ( 'NONE', ( #1119 ), #336, .T. ) ;
#1817 = DIRECTION ( 'NONE',  ( 0.000000000000000000, -0.000000000000000000, -1.000000000000000000 ) ) ;
#1818 = ORIENTED_EDGE ( 'NONE', *, *, #4688, .F. ) ;
#1819 = EDGE_CURVE ( 'NONE', #1657, #1624, #3745, .T. ) ;
#1820 = CARTESIAN_POINT ( 'NONE',  ( 38.81588593523276387, 38.81588593523273545, 11.28387459092477130 ) ) ;
#1821 = EDGE_CURVE ( 'NONE', #2473, #4359, #3284, .T. ) ;
#1822 = VERTEX_POINT ( 'NONE', #3441 ) ;
#1823 = DIRECTION ( 'NONE',  ( 0.000000000000000000, -1.000000000000000000, 0.000000000000000000 ) ) ;
#1824 = CARTESIAN_POINT ( 'NONE',  ( 38.85717370087640177, 38.81498519672004477, 11.27687459092477162 ) ) ;
#1825 = CARTESIAN_POINT ( 'NONE',  ( 38.78416323121891196, 38.79319968410936781, 11.29087459092477275 ) ) ;
#1826 = DIRECTION ( 'NONE',  ( -1.000000000000000000, 0.000000000000000000, 0.000000000000000000 ) ) ;
#1827 = EDGE_CURVE ( 'NONE', #2898, #4344, #39, .T. ) ;
#1828 = DIRECTION ( 'NONE',  ( -1.000000000000000000, 2.700059593894308358E-11, 0.000000000000000000 ) ) ;
#1829 = VERTEX_POINT ( 'NONE', #3374 ) ;
#1830 = DIRECTION ( 'NONE',  ( -0.000000000000000000, 0.000000000000000000, 1.000000000000000000 ) ) ;
#1831 = ORIENTED_EDGE ( 'NONE', *, *, #4739, .F. ) ;
#1832 = CARTESIAN_POINT ( 'NONE',  ( 38.76840477039100819, 38.83803189264411060, 11.29747459073403704 ) ) ;
#1833 = DIRECTION ( 'NONE',  ( -0.000000000000000000, -0.000000000000000000, -1.000000000000000000 ) ) ;
#1834 = ORIENTED_EDGE ( 'NONE', *, *, #2076, .F. ) ;
#1835 = AXIS2_PLACEMENT_3D ( 'NONE', #2639, #4148, #775 ) ;
#1836 = DIRECTION ( 'NONE',  ( -0.000000000000000000, -0.000000000000000000, 1.000000000000000000 ) ) ;
#1837 = DIRECTION ( 'NONE',  ( 0.4612290002001152023, 0.8872811332235133186, 0.000000000000000000 ) ) ;
#1838 = EDGE_CURVE ( 'NONE', #1991, #753, #909, .T. ) ;
#1839 = ORIENTED_EDGE ( 'NONE', *, *, #2459, .F. ) ;
#1840 = AXIS2_PLACEMENT_3D ( 'NONE', #3202, #4317, #247 ) ;
#1841 = CARTESIAN_POINT ( 'NONE',  ( 38.80666615447552914, 38.84668122329932061, 11.29087459092477275 ) ) ;
#1842 = DIRECTION ( 'NONE',  ( -0.000000000000000000, -0.000000000000000000, 1.000000000000000000 ) ) ;
#1843 = ORIENTED_EDGE ( 'NONE', *, *, #3005, .T. ) ;
#1844 = ORIENTED_EDGE ( 'NONE', *, *, #2014, .F. ) ;
#1845 = AXIS2_PLACEMENT_3D ( 'NONE', #2464, #3151, #4632 ) ;
#1846 = CYLINDRICAL_SURFACE ( 'NONE', #3494, 0.02020000000000266027 ) ;
#1847 = CARTESIAN_POINT ( 'NONE',  ( 38.83346243546144905, 38.80592977085597539, 11.29960895808425825 ) ) ;
#1848 = ORIENTED_EDGE ( 'NONE', *, *, #795, .F. ) ;
#1849 = DIRECTION ( 'NONE',  ( -1.000000000000000000, 0.000000000000000000, 0.000000000000000000 ) ) ;
#1850 = VERTEX_POINT ( 'NONE', #755 ) ;
#1851 = PLANE ( 'NONE',  #4154 ) ;
#1852 = CYLINDRICAL_SURFACE ( 'NONE', #380, 0.03600013749699115806 ) ;
#1853 = EDGE_CURVE ( 'NONE', #2809, #361, #2891, .T. ) ;
#1854 = AXIS2_PLACEMENT_3D ( 'NONE', #2330, #1554, #1184 ) ;
#1855 = EDGE_CURVE ( 'NONE', #1396, #3274, #2966, .T. ) ;
#1856 = CIRCLE ( 'NONE', #436, 0.03899994794847572166 ) ;
#1857 = ORIENTED_EDGE ( 'NONE', *, *, #1486, .F. ) ;
#1858 = CARTESIAN_POINT ( 'NONE',  ( 38.78375371630960444, 38.81495071793764851, 11.27687459092477162 ) ) ;
#1859 = CARTESIAN_POINT ( 'NONE',  ( 38.83574975562042653, 38.77967931206351437, 11.29087459092477275 ) ) ;
#1860 = EDGE_CURVE ( 'NONE', #943, #1243, #3200, .T. ) ;
#1861 = CARTESIAN_POINT ( 'NONE',  ( 38.78773728905359519, 38.79963426448600217, 11.29087459092477275 ) ) ;
#1862 = CIRCLE ( 'NONE', #360, 0.03899994794847572166 ) ;
#1863 = CIRCLE ( 'NONE', #2804, 0.03899994794847572166 ) ;
#1864 = EDGE_LOOP ( 'NONE', ( #19, #3939, #4395, #3979 ) ) ;
#1865 = CIRCLE ( 'NONE', #3525, 0.001006105236834714794 ) ;
#1866 = DIRECTION ( 'NONE',  ( 0.8872811332236102411, -0.4612290001999289069, 0.000000000000000000 ) ) ;
#1867 = ORIENTED_EDGE ( 'NONE', *, *, #3512, .T. ) ;
#1868 = AXIS2_PLACEMENT_3D ( 'NONE', #2990, #4422, #2183 ) ;
#1869 = DIRECTION ( 'NONE',  ( -0.9659258262890654256, -0.2588190451025316197, 0.000000000000000000 ) ) ;
#1870 = DIRECTION ( 'NONE',  ( 0.7071067811865474617, 0.7071067811865474617, 0.000000000000000000 ) ) ;
#1871 = ORIENTED_EDGE ( 'NONE', *, *, #2595, .F. ) ;
#1872 = VERTEX_POINT ( 'NONE', #3416 ) ;
#1873 = AXIS2_PLACEMENT_3D ( 'NONE', #3240, #4719, #2869 ) ;
#1874 = DIRECTION ( 'NONE',  ( 0.000000000000000000, 0.000000000000000000, -1.000000000000000000 ) ) ;
#1875 = EDGE_LOOP ( 'NONE', ( #3127, #181, #535, #1714 ) ) ;
#1876 = DIRECTION ( 'NONE',  ( -0.000000000000000000, 0.000000000000000000, -1.000000000000000000 ) ) ;
#1877 = ORIENTED_EDGE ( 'NONE', *, *, #4081, .F. ) ;
#1878 = DIRECTION ( 'NONE',  ( 0.000000000000000000, 0.000000000000000000, 1.000000000000000000 ) ) ;
#1879 = LINE ( 'NONE', #1825, #4458 ) ;
#1880 = CIRCLE ( 'NONE', #4854, 0.02935410264610433320 ) ;
#1881 = EDGE_CURVE ( 'NONE', #3908, #3941, #3826, .T. ) ;
#1882 = CIRCLE ( 'NONE', #1642, 0.03000003113258031817 ) ;
#1883 = ORIENTED_EDGE ( 'NONE', *, *, #4220, .F. ) ;
#1884 = CARTESIAN_POINT ( 'NONE',  ( 38.77741300560285254, 38.80949612884480615, 11.29087459092477275 ) ) ;
#1885 = DIRECTION ( 'NONE',  ( 0.000000000000000000, 0.000000000000000000, -1.000000000000000000 ) ) ;
#1886 = EDGE_CURVE ( 'NONE', #3059, #3102, #2956, .T. ) ;
#1887 = EDGE_CURVE ( 'NONE', #1013, #92, #756, .T. ) ;
#1888 = LINE ( 'NONE', #751, #996 ) ;
#1889 = DIRECTION ( 'NONE',  ( 0.000000000000000000, -0.000000000000000000, -1.000000000000000000 ) ) ;
#1890 = CARTESIAN_POINT ( 'NONE',  ( 38.81210041745022465, 38.85470172834716607, 11.27687459092477162 ) ) ;
#1891 = CARTESIAN_POINT ( 'NONE',  ( 38.77459816958914018, 38.81678667374544034, 11.29087459092477275 ) ) ;
#1892 = VERTEX_POINT ( 'NONE', #2642 ) ;
#1893 = ORIENTED_EDGE ( 'NONE', *, *, #1899, .T. ) ;
#1894 = DIRECTION ( 'NONE',  ( -0.000000000000000000, -0.000000000000000000, -1.000000000000000000 ) ) ;
#1895 = ORIENTED_EDGE ( 'NONE', *, *, #1484, .T. ) ;
#1896 = DIRECTION ( 'NONE',  ( -0.000000000000000000, -0.000000000000000000, -1.000000000000000000 ) ) ;
#1897 = ORIENTED_EDGE ( 'NONE', *, *, #1017, .T. ) ;
#1898 = CARTESIAN_POINT ( 'NONE',  ( 38.79975639324172931, 38.78037771343633722, 11.29087459092477275 ) ) ;
#1899 = EDGE_CURVE ( 'NONE', #3602, #1685, #4755, .T. ) ;
#1900 = DIRECTION ( 'NONE',  ( -1.000000000000000000, 0.000000000000000000, 0.000000000000000000 ) ) ;
#1901 = ORIENTED_EDGE ( 'NONE', *, *, #3299, .T. ) ;
#1902 = FACE_OUTER_BOUND ( 'NONE', #397, .T. ) ;
#1903 = FACE_OUTER_BOUND ( 'NONE', #3888, .T. ) ;
#1904 = ADVANCED_FACE ( 'NONE', ( #2620 ), #2578, .F. ) ;
#1905 = ORIENTED_EDGE ( 'NONE', *, *, #4170, .T. ) ;
#1906 = LINE ( 'NONE', #1099, #3807 ) ;
#1907 = CYLINDRICAL_SURFACE ( 'NONE', #4051, 0.02935410264610283093 ) ;
#1908 = EDGE_CURVE ( 'NONE', #4838, #3908, #16, .T. ) ;
#1909 = DIRECTION ( 'NONE',  ( 0.7071067811865474617, 0.7071067811865474617, 0.000000000000000000 ) ) ;
#1910 = DIRECTION ( 'NONE',  ( -0.2588190451026144978, 0.9659258262890429991, 0.000000000000000000 ) ) ;
#1911 = ORIENTED_EDGE ( 'NONE', *, *, #401, .F. ) ;
#1912 = CARTESIAN_POINT ( 'NONE',  ( 38.82570194871892255, 38.77577188780604445, 11.29087459092477275 ) ) ;
#1913 = EDGE_CURVE ( 'NONE', #3607, #3981, #2803, .T. ) ;
#1914 = DIRECTION ( 'NONE',  ( -1.000000000000000000, 0.000000000000000000, 0.000000000000000000 ) ) ;
#1915 = AXIS2_PLACEMENT_3D ( 'NONE', #4017, #2151, #1434 ) ;
#1916 = AXIS2_PLACEMENT_3D ( 'NONE', #3026, #2318, #805 ) ;
#1917 = ORIENTED_EDGE ( 'NONE', *, *, #1175, .T. ) ;
#1918 = CARTESIAN_POINT ( 'NONE',  ( 38.82911024244048548, 38.85128864812273974, 11.29087459092477275 ) ) ;
#1919 = DIRECTION ( 'NONE',  ( -0.2588190451017443605, 0.9659258262892763680, 0.000000000000000000 ) ) ;
#1920 = CIRCLE ( 'NONE', #2874, 0.03600013749699044335 ) ;
#1921 = LINE ( 'NONE', #3427, #422 ) ;
#1922 = CARTESIAN_POINT ( 'NONE',  ( 38.83407548353267202, 38.80709652328010861, 11.29528386792619088 ) ) ;
#1923 = ORIENTED_EDGE ( 'NONE', *, *, #4481, .F. ) ;
#1924 = AXIS2_PLACEMENT_3D ( 'NONE', #2798, #2904, #212 ) ;
#1925 = CARTESIAN_POINT ( 'NONE',  ( 38.78852622601289823, 38.79900990383554671, 11.29087459092477275 ) ) ;
#1926 = CARTESIAN_POINT ( 'NONE',  ( 38.79732482675249372, 38.82385688611368835, 11.29578091661254646 ) ) ;
#1927 = DIRECTION ( 'NONE',  ( -1.000000000000000000, 0.000000000000000000, 0.000000000000000000 ) ) ;
#1928 = CARTESIAN_POINT ( 'NONE',  ( 38.79770056052158367, 38.82468099003934725, 11.29965247459437094 ) ) ;
#1929 = AXIS2_PLACEMENT_3D ( 'NONE', #2664, #4172, #1993 ) ;
#1930 = LINE ( 'NONE', #1166, #742 ) ;
#1931 = CARTESIAN_POINT ( 'NONE',  ( 38.83886919764831447, 38.83886924945239372, 11.29087459092477275 ) ) ;
#1932 = AXIS2_PLACEMENT_3D ( 'NONE', #1203, #3845, #1900 ) ;
#1933 = LINE ( 'NONE', #1559, #2400 ) ;
#1934 = DIRECTION ( 'NONE',  ( 0.000000000000000000, -0.000000000000000000, -1.000000000000000000 ) ) ;
#1935 = CARTESIAN_POINT ( 'NONE',  ( 38.79338593523276302, 38.81588593523273545, 11.28437459092477191 ) ) ;
#1936 = CIRCLE ( 'NONE', #3041, 0.03600013749699044335 ) ;
#1937 = CIRCLE ( 'NONE', #4200, 0.03899994794847572166 ) ;
#1938 = EDGE_LOOP ( 'NONE', ( #13, #1766, #391, #1529 ) ) ;
#1939 = DIRECTION ( 'NONE',  ( 0.9990225017702559773, 0.04420453547656873899, 0.000000000000000000 ) ) ;
#1940 = EDGE_CURVE ( 'NONE', #2545, #2145, #4676, .T. ) ;
#1941 = VECTOR ( 'NONE', #3509, 1.000000000000000000 ) ;
#1942 = CARTESIAN_POINT ( 'NONE',  ( 38.79111578999876997, 38.78576225941005617, 11.29087459092477275 ) ) ;
#1943 = DIRECTION ( 'NONE',  ( 0.000000000000000000, 0.000000000000000000, -1.000000000000000000 ) ) ;
#1944 = ADVANCED_FACE ( 'NONE', ( #2048 ), #4242, .T. ) ;
#1945 = VECTOR ( 'NONE', #4749, 1.000000000000000000 ) ;
#1946 = ORIENTED_EDGE ( 'NONE', *, *, #980, .T. ) ;
#1947 = DIRECTION ( 'NONE',  ( 0.8872811332236103521, -0.4612290001999288513, -0.000000000000000000 ) ) ;
#1948 = DIRECTION ( 'NONE',  ( -0.000000000000000000, -0.000000000000000000, -1.000000000000000000 ) ) ;
#1949 = VECTOR ( 'NONE', #3510, 1.000000000000000000 ) ;
#1950 = CARTESIAN_POINT ( 'NONE',  ( 38.77967931206354280, 38.79602211484508700, 11.27687459092477162 ) ) ;
#1951 = DIRECTION ( 'NONE',  ( -0.000000000000000000, -0.000000000000000000, 1.000000000000000000 ) ) ;
#1952 = VERTEX_POINT ( 'NONE', #3470 ) ;
#1953 = CIRCLE ( 'NONE', #2581, 0.02935410264609930597 ) ;
#1954 = DIRECTION ( 'NONE',  ( -0.000000000000000000, -0.000000000000000000, -1.000000000000000000 ) ) ;
#1955 = CARTESIAN_POINT ( 'NONE',  ( 38.81588593523277098, 38.81588593523274255, 11.27687459092477162 ) ) ;
#1956 = FACE_OUTER_BOUND ( 'NONE', #853, .T. ) ;
#1957 = DIRECTION ( 'NONE',  ( -1.000000000000000000, 0.000000000000000000, 0.000000000000000000 ) ) ;
#1958 = ORIENTED_EDGE ( 'NONE', *, *, #560, .T. ) ;
#1959 = AXIS2_PLACEMENT_3D ( 'NONE', #1023, #149, #233 ) ;
#1960 = LINE ( 'NONE', #3093, #910 ) ;
#1961 = DIRECTION ( 'NONE',  ( -0.000000000000000000, -0.000000000000000000, 1.000000000000000000 ) ) ;
#1962 = VERTEX_POINT ( 'NONE', #1585 ) ;
#1963 = VERTEX_POINT ( 'NONE', #2390 ) ;
#1964 = CYLINDRICAL_SURFACE ( 'NONE', #2552, 0.03600013749699115806 ) ;
#1965 = EDGE_CURVE ( 'NONE', #2302, #1238, #4205, .T. ) ;
#1966 = DIRECTION ( 'NONE',  ( -0.7071067811846725171, 0.7071067811884226284, 0.000000000000000000 ) ) ;
#1967 = VERTEX_POINT ( 'NONE', #2287 ) ;
#1968 = CARTESIAN_POINT ( 'NONE',  ( 38.84065613470494327, 38.78576230400918945, 11.27687459092477162 ) ) ;
#1969 = EDGE_CURVE ( 'NONE', #1176, #2319, #2564, .T. ) ;
#1970 = LINE ( 'NONE', #511, #611 ) ;
#1971 = DIRECTION ( 'NONE',  ( -0.000000000000000000, -0.000000000000000000, -1.000000000000000000 ) ) ;
#1972 = EDGE_CURVE ( 'NONE', #4356, #304, #1888, .T. ) ;
#1973 = ORIENTED_EDGE ( 'NONE', *, *, #1504, .F. ) ;
#1974 = EDGE_CURVE ( 'NONE', #1076, #2995, #4365, .T. ) ;
#1975 = ORIENTED_EDGE ( 'NONE', *, *, #1121, .T. ) ;
#1976 = ORIENTED_EDGE ( 'NONE', *, *, #1549, .T. ) ;
#1977 = DIRECTION ( 'NONE',  ( -0.4999999999959848784, 0.8660254037867568533, 0.000000000000000000 ) ) ;
#1978 = EDGE_CURVE ( 'NONE', #2986, #3058, #817, .T. ) ;
#1979 = CARTESIAN_POINT ( 'NONE',  ( 38.80218320507503194, 38.77937249762125305, 11.29087459092477275 ) ) ;
#1980 = ADVANCED_FACE ( 'NONE', ( #796 ), #481, .T. ) ;
#1981 = ORIENTED_EDGE ( 'NONE', *, *, #1072, .F. ) ;
#1982 = DIRECTION ( 'NONE',  ( 0.000000000000000000, -0.000000000000000000, -1.000000000000000000 ) ) ;
#1983 = LINE ( 'NONE', #886, #3131 ) ;
#1984 = CYLINDRICAL_SURFACE ( 'NONE', #115, 0.002250000000002967075 ) ;
#1985 = EDGE_CURVE ( 'NONE', #1822, #1799, #1676, .T. ) ;
#1986 = CARTESIAN_POINT ( 'NONE',  ( 38.79720807334569344, 38.82357905997918834, 11.29884723043095818 ) ) ;
#1987 = ORIENTED_EDGE ( 'NONE', *, *, #3448, .T. ) ;
#1988 = CARTESIAN_POINT ( 'NONE',  ( 38.77707004929753509, 38.77707004929750667, 11.29207459073403719 ) ) ;
#1989 = FACE_OUTER_BOUND ( 'NONE', #4735, .T. ) ;
#1990 = VERTEX_POINT ( 'NONE', #1453 ) ;
#1991 = VERTEX_POINT ( 'NONE', #4097 ) ;
#1992 = CARTESIAN_POINT ( 'NONE',  ( 38.80432982856232371, 38.77623814436952898, 11.27687459092477162 ) ) ;
#1993 = DIRECTION ( 'NONE',  ( -1.000000000000000000, 0.000000000000000000, 0.000000000000000000 ) ) ;
#1994 = VERTEX_POINT ( 'NONE', #173 ) ;
#1995 = ORIENTED_EDGE ( 'NONE', *, *, #3725, .F. ) ;
#1996 = DIRECTION ( 'NONE',  ( -0.000000000000000000, 0.000000000000000000, -1.000000000000000000 ) ) ;
#1997 = LINE ( 'NONE', #2273, #2698 ) ;
#1998 = AXIS2_PLACEMENT_3D ( 'NONE', #1503, #34, #333 ) ;
#1999 = VERTEX_POINT ( 'NONE', #3176 ) ;
#2000 = FACE_OUTER_BOUND ( 'NONE', #4663, .T. ) ;
#2001 = AXIS2_PLACEMENT_3D ( 'NONE', #2135, #3532, #2420 ) ;
#2002 = ORIENTED_EDGE ( 'NONE', *, *, #2462, .T. ) ;
#2003 = EDGE_CURVE ( 'NONE', #3554, #1310, #2027, .T. ) ;
#2004 = CARTESIAN_POINT ( 'NONE',  ( 38.81588593523277098, 38.81588593523274255, 11.27687459092477162 ) ) ;
#2005 = CARTESIAN_POINT ( 'NONE',  ( 38.79782753872514434, 38.82493883566885984, 11.29523940839621154 ) ) ;
#2006 = AXIS2_PLACEMENT_3D ( 'NONE', #2215, #12, #1141 ) ;
#2007 = VECTOR ( 'NONE', #4603, 1.000000000000000000 ) ;
#2008 = DIRECTION ( 'NONE',  ( 0.000000000000000000, 0.000000000000000000, -1.000000000000000000 ) ) ;
#2009 = CARTESIAN_POINT ( 'NONE',  ( 38.81588593523277098, 38.81588593523274255, 11.29087459092477275 ) ) ;
#2010 = ORIENTED_EDGE ( 'NONE', *, *, #3994, .T. ) ;
#2011 = EDGE_CURVE ( 'NONE', #3847, #3560, #581, .T. ) ;
#2012 = CIRCLE ( 'NONE', #2481, 0.03000003113258031817 ) ;
#2013 = ORIENTED_EDGE ( 'NONE', *, *, #2933, .F. ) ;
#2014 = EDGE_CURVE ( 'NONE', #1120, #2251, #4296, .T. ) ;
#2015 = CARTESIAN_POINT ( 'NONE',  ( 38.80020343417891837, 38.85027043089272780, 11.29087459092477275 ) ) ;
#2016 = DIRECTION ( 'NONE',  ( 0.000000000000000000, 0.000000000000000000, -1.000000000000000000 ) ) ;
#2017 = DIRECTION ( 'NONE',  ( -0.000000000000000000, -0.000000000000000000, -1.000000000000000000 ) ) ;
#2018 = ORIENTED_EDGE ( 'NONE', *, *, #3863, .F. ) ;
#2019 = DIRECTION ( 'NONE',  ( -0.4999999999959848784, -0.8660254037867568533, 0.000000000000000000 ) ) ;
#2020 = ORIENTED_EDGE ( 'NONE', *, *, #438, .T. ) ;
#2021 = AXIS2_PLACEMENT_3D ( 'NONE', #2968, #1089, #4098 ) ;
#2022 = AXIS2_PLACEMENT_3D ( 'NONE', #4534, #3809, #2240 ) ;
#2023 = LINE ( 'NONE', #143, #1364 ) ;
#2024 = DIRECTION ( 'NONE',  ( -0.000000000000000000, -0.000000000000000000, 1.000000000000000000 ) ) ;
#2025 = AXIS2_PLACEMENT_3D ( 'NONE', #3896, #1259, #3156 ) ;
#2026 = LINE ( 'NONE', #3423, #3339 ) ;
#2027 = LINE ( 'NONE', #1646, #4340 ) ;
#2028 = CARTESIAN_POINT ( 'NONE',  ( 38.81227513171029386, 38.77826683796795493, 11.29087459092477275 ) ) ;
#2029 = AXIS2_PLACEMENT_3D ( 'NONE', #4188, #1961, #3094 ) ;
#2030 = ORIENTED_EDGE ( 'NONE', *, *, #1106, .F. ) ;
#2031 = DIRECTION ( 'NONE',  ( 0.000000000000000000, 0.000000000000000000, -1.000000000000000000 ) ) ;
#2032 = DIRECTION ( 'NONE',  ( -1.000000000000000000, 0.000000000000000000, 0.000000000000000000 ) ) ;
#2033 = AXIS2_PLACEMENT_3D ( 'NONE', #2824, #4454, #356 ) ;
#2034 = VERTEX_POINT ( 'NONE', #2732 ) ;
#2035 = EDGE_CURVE ( 'NONE', #1591, #1754, #3331, .T. ) ;
#2036 = EDGE_LOOP ( 'NONE', ( #3370, #663, #1134, #3197 ) ) ;
#2037 = LINE ( 'NONE', #3160, #4775 ) ;
#2038 = AXIS2_PLACEMENT_3D ( 'NONE', #1178, #3792, #3452 ) ;
#2039 = ORIENTED_EDGE ( 'NONE', *, *, #1255, .F. ) ;
#2040 = LINE ( 'NONE', #1655, #2637 ) ;
#2041 = CARTESIAN_POINT ( 'NONE',  ( 38.79382632382887408, 38.79250372684635551, 11.29087459092477275 ) ) ;
#2042 = EDGE_LOOP ( 'NONE', ( #4227, #952, #806, #4627 ) ) ;
#2043 = EDGE_LOOP ( 'NONE', ( #757, #2091 ) ) ;
#2044 = DIRECTION ( 'NONE',  ( 1.000000000000000000, 0.000000000000000000, 0.000000000000000000 ) ) ;
#2045 = CIRCLE ( 'NONE', #4015, 0.02935410264610328890 ) ;
#2046 = ADVANCED_FACE ( 'NONE', ( #4321 ), #3999, .F. ) ;
#2047 = CARTESIAN_POINT ( 'NONE',  ( 38.78759100871779708, 38.83114212275871324, 11.29087459092477275 ) ) ;
#2048 = FACE_OUTER_BOUND ( 'NONE', #4320, .T. ) ;
#2049 = AXIS2_PLACEMENT_3D ( 'NONE', #2672, #699, #4446 ) ;
#2050 = ORIENTED_EDGE ( 'NONE', *, *, #4276, .T. ) ;
#2051 = FACE_OUTER_BOUND ( 'NONE', #3843, .T. ) ;
#2052 = CARTESIAN_POINT ( 'NONE',  ( 38.81588593523276387, 38.81588593523273545, 11.28387459092477130 ) ) ;
#2053 = ORIENTED_EDGE ( 'NONE', *, *, #574, .T. ) ;
#2054 = DIRECTION ( 'NONE',  ( -0.000000000000000000, -0.000000000000000000, -1.000000000000000000 ) ) ;
#2055 = ADVANCED_FACE ( 'NONE', ( #1055, #3006 ), #1846, .F. ) ;
#2056 = EDGE_LOOP ( 'NONE', ( #1006, #1361, #441, #2700 ) ) ;
#2057 = DIRECTION ( 'NONE',  ( -0.000000000000000000, -0.000000000000000000, -1.000000000000000000 ) ) ;
#2058 = DIRECTION ( 'NONE',  ( -1.000000000000000000, 0.000000000000000000, 0.000000000000000000 ) ) ;
#2059 = ORIENTED_EDGE ( 'NONE', *, *, #1699, .F. ) ;
#2060 = VERTEX_POINT ( 'NONE', #2987 ) ;
#2061 = CYLINDRICAL_SURFACE ( 'NONE', #631, 0.02935410264610283093 ) ;
#2062 = ORIENTED_EDGE ( 'NONE', *, *, #564, .T. ) ;
#2063 = LINE ( 'NONE', #135, #4515 ) ;
#2064 = DIRECTION ( 'NONE',  ( -0.000000000000000000, 0.000000000000000000, -1.000000000000000000 ) ) ;
#2065 = ORIENTED_EDGE ( 'NONE', *, *, #42, .T. ) ;
#2066 = ADVANCED_FACE ( 'NONE', ( #4132 ), #804, .T. ) ;
#2067 = VERTEX_POINT ( 'NONE', #4090 ) ;
#2068 = DIRECTION ( 'NONE',  ( -1.000000000000000000, 0.000000000000000000, 0.000000000000000000 ) ) ;
#2069 = ORIENTED_EDGE ( 'NONE', *, *, #4085, .T. ) ;
#2070 = ADVANCED_FACE ( 'NONE', ( #2222 ), #3717, .T. ) ;
#2071 = DIRECTION ( 'NONE',  ( 0.000000000000000000, -0.000000000000000000, 1.000000000000000000 ) ) ;
#2072 = ADVANCED_FACE ( 'NONE', ( #3396 ), #21, .F. ) ;
#2073 = DIRECTION ( 'NONE',  ( -1.000000000000000000, 0.000000000000000000, 0.000000000000000000 ) ) ;
#2074 = CARTESIAN_POINT ( 'NONE',  ( 38.83276190318315457, 38.84324568108365128, 11.27687459092477162 ) ) ;
#2075 = ORIENTED_EDGE ( 'NONE', *, *, #492, .F. ) ;
#2076 = EDGE_CURVE ( 'NONE', #1279, #2219, #2752, .T. ) ;
#2077 = EDGE_LOOP ( 'NONE', ( #558, #445, #2773, #484 ) ) ;
#2078 = EDGE_CURVE ( 'NONE', #4327, #506, #465, .T. ) ;
#2079 = FACE_OUTER_BOUND ( 'NONE', #3132, .T. ) ;
#2080 = ORIENTED_EDGE ( 'NONE', *, *, #289, .T. ) ;
#2081 = CARTESIAN_POINT ( 'NONE',  ( 38.78375371630960444, 38.81682107926577174, 11.29087459092477275 ) ) ;
#2082 = DIRECTION ( 'NONE',  ( -0.000000000000000000, 0.000000000000000000, -1.000000000000000000 ) ) ;
#2083 = CARTESIAN_POINT ( 'NONE',  ( 38.83926809181505035, 38.83794559844074001, 11.29087459092477275 ) ) ;
#2084 = AXIS2_PLACEMENT_3D ( 'NONE', #4244, #931, #3837 ) ;
#2085 = ORIENTED_EDGE ( 'NONE', *, *, #4186, .T. ) ;
#2086 = DIRECTION ( 'NONE',  ( 0.7071067811854583329, 0.7071067811876368125, 0.000000000000000000 ) ) ;
#2087 = VERTEX_POINT ( 'NONE', #3498 ) ;
#2088 = CIRCLE ( 'NONE', #4425, 0.02935410264610068681 ) ;
#2089 = DIRECTION ( 'NONE',  ( 0.000000000000000000, 1.000000000000000000, 0.000000000000000000 ) ) ;
#2090 = CARTESIAN_POINT ( 'NONE',  ( 38.85119181988930848, 38.79446198997676731, 11.29087459092477275 ) ) ;
#2091 = ORIENTED_EDGE ( 'NONE', *, *, #4660, .T. ) ;
#2092 = DIRECTION ( 'NONE',  ( -1.000000000000000000, 0.000000000000000000, 0.000000000000000000 ) ) ;
#2093 = ORIENTED_EDGE ( 'NONE', *, *, #540, .F. ) ;
#2094 = CARTESIAN_POINT ( 'NONE',  ( 38.82227567234950527, 38.85435887636755581, 11.27687459092477162 ) ) ;
#2095 = AXIS2_PLACEMENT_3D ( 'NONE', #613, #4287, #2827 ) ;
#2096 = FILL_AREA_STYLE_COLOUR ( '', #227 ) ;
#2097 = DIRECTION ( 'NONE',  ( 1.000000000000000000, 0.000000000000000000, -0.000000000000000000 ) ) ;
#2098 = CARTESIAN_POINT ( 'NONE',  ( 38.83213754253270622, 38.84403461804295432, 11.29087459092477275 ) ) ;
#2099 = EDGE_CURVE ( 'NONE', #1310, #197, #664, .T. ) ;
#2100 = LINE ( 'NONE', #248, #2104 ) ;
#2101 = AXIS2_PLACEMENT_3D ( 'NONE', #4803, #4463, #1869 ) ;
#2102 = VERTEX_POINT ( 'NONE', #1224 ) ;
#2103 = EDGE_CURVE ( 'NONE', #4509, #2136, #1970, .T. ) ;
#2104 = VECTOR ( 'NONE', #2913, 1.000000000000000000 ) ;
#2105 = CIRCLE ( 'NONE', #124, 0.001006105236833839843 ) ;
#2106 = DIRECTION ( 'NONE',  ( -0.000000000000000000, -0.000000000000000000, -1.000000000000000000 ) ) ;
#2107 = EDGE_CURVE ( 'NONE', #1492, #720, #684, .T. ) ;
#2108 = CIRCLE ( 'NONE', #837, 0.001006105236834714794 ) ;
#2109 = ORIENTED_EDGE ( 'NONE', *, *, #4276, .F. ) ;
#2110 = DIRECTION ( 'NONE',  ( -1.000000000000000000, 0.000000000000000000, 0.000000000000000000 ) ) ;
#2111 = DIRECTION ( 'NONE',  ( -0.000000000000000000, 0.000000000000000000, 1.000000000000000000 ) ) ;
#2112 = DIRECTION ( 'NONE',  ( -0.8660254037833949869, 0.5000000000018076651, 0.000000000000000000 ) ) ;
#2113 = CIRCLE ( 'NONE', #3526, 0.03899994794847572166 ) ;
#2114 = ORIENTED_EDGE ( 'NONE', *, *, #1969, .F. ) ;
#2115 = CARTESIAN_POINT ( 'NONE',  ( 38.81678667374546876, 38.85717370087637335, 11.29087459092477275 ) ) ;
#2116 = ORIENTED_EDGE ( 'NONE', *, *, #3225, .F. ) ;
#2117 = AXIS2_PLACEMENT_3D ( 'NONE', #1305, #3183, #4326 ) ;
#2118 = DIRECTION ( 'NONE',  ( 0.000000000000000000, 0.000000000000000000, -1.000000000000000000 ) ) ;
#2119 = LINE ( 'NONE', #2530, #2811 ) ;
#2120 = ORIENTED_EDGE ( 'NONE', *, *, #3096, .F. ) ;
#2121 = DIRECTION ( 'NONE',  ( -0.000000000000000000, -0.000000000000000000, -1.000000000000000000 ) ) ;
#2122 = CIRCLE ( 'NONE', #2033, 0.02935410264610490219 ) ;
#2123 = DIRECTION ( 'NONE',  ( 1.000000000000000000, 0.000000000000000000, -0.000000000000000000 ) ) ;
#2124 = ORIENTED_EDGE ( 'NONE', *, *, #2351, .T. ) ;
#2125 = DIRECTION ( 'NONE',  ( -1.000000000000000000, 0.000000000000000000, 0.000000000000000000 ) ) ;
#2126 = AXIS2_PLACEMENT_3D ( 'NONE', #2210, #3724, #348 ) ;
#2127 = DIRECTION ( 'NONE',  ( 0.7071067811854583329, 0.7071067811876368125, 0.000000000000000000 ) ) ;
#2128 = ORIENTED_EDGE ( 'NONE', *, *, #2652, .T. ) ;
#2129 = DIRECTION ( 'NONE',  ( -1.000000000000000000, 0.000000000000000000, 0.000000000000000000 ) ) ;
#2130 = DIRECTION ( 'NONE',  ( 0.000000000000000000, -0.000000000000000000, -1.000000000000000000 ) ) ;
#2131 = AXIS2_PLACEMENT_3D ( 'NONE', #1912, #3443, #4175 ) ;
#2132 = ORIENTED_EDGE ( 'NONE', *, *, #4821, .F. ) ;
#2133 = ADVANCED_FACE ( 'NONE', ( #902 ), #93, .F. ) ;
#2134 =( GEOMETRIC_REPRESENTATION_CONTEXT ( 3 ) GLOBAL_UNCERTAINTY_ASSIGNED_CONTEXT ( ( #616 ) ) GLOBAL_UNIT_ASSIGNED_CONTEXT ( ( #25, #905, #2781 ) ) REPRESENTATION_CONTEXT ( 'NONE', 'WORKASPACE' ) );
#2135 = CARTESIAN_POINT ( 'NONE',  ( 38.81588593523277098, 38.81588593523274255, 11.29207459073403719 ) ) ;
#2136 = VERTEX_POINT ( 'NONE', #543 ) ;
#2137 = CARTESIAN_POINT ( 'NONE',  ( 38.81588593523276387, 38.81588593523273545, 11.28437459092477191 ) ) ;
#2138 = CARTESIAN_POINT ( 'NONE',  ( 38.81495079119974179, 38.78375371630957602, 11.29087459092477275 ) ) ;
#2139 = FACE_BOUND ( 'NONE', #3946, .T. ) ;
#2140 = EDGE_CURVE ( 'NONE', #283, #3560, #4291, .T. ) ;
#2141 = ORIENTED_EDGE ( 'NONE', *, *, #987, .F. ) ;
#2142 = ORIENTED_EDGE ( 'NONE', *, *, #919, .F. ) ;
#2143 = DIRECTION ( 'NONE',  ( 0.000000000000000000, -0.000000000000000000, -1.000000000000000000 ) ) ;
#2144 = DIRECTION ( 'NONE',  ( 0.000000000000000000, 1.000000000000000000, 0.000000000000000000 ) ) ;
#2145 = VERTEX_POINT ( 'NONE', #3549 ) ;
#2146 = EDGE_CURVE ( 'NONE', #346, #2173, #342, .T. ) ;
#2147 = CARTESIAN_POINT ( 'NONE',  ( 38.85470172834719449, 38.81967145301528888, 11.29087459092477275 ) ) ;
#2148 = ADVANCED_FACE ( 'NONE', ( #2051 ), #3129, .T. ) ;
#2149 = FACE_BOUND ( 'NONE', #4264, .T. ) ;
#2150 = EDGE_LOOP ( 'NONE', ( #68, #3077, #1324, #4129 ) ) ;
#2151 = DIRECTION ( 'NONE',  ( 0.000000000000000000, -0.000000000000000000, 1.000000000000000000 ) ) ;
#2152 =( LENGTH_UNIT ( ) NAMED_UNIT ( * ) SI_UNIT ( $, .METRE. ) );
#2153 = ORIENTED_EDGE ( 'NONE', *, *, #349, .T. ) ;
#2154 = DIRECTION ( 'NONE',  ( -0.000000000000000000, -0.000000000000000000, -1.000000000000000000 ) ) ;
#2155 = FACE_OUTER_BOUND ( 'NONE', #2929, .T. ) ;
#2156 = ORIENTED_EDGE ( 'NONE', *, *, #3069, .F. ) ;
#2157 = CARTESIAN_POINT ( 'NONE',  ( 38.78759104534883306, 38.80062968425995962, 11.29087459092477275 ) ) ;
#2158 = ORIENTED_EDGE ( 'NONE', *, *, #3112, .T. ) ;
#2159 = CARTESIAN_POINT ( 'NONE',  ( 38.77967931206354280, 38.79602211484508700, 11.29087459092477275 ) ) ;
#2160 = LINE ( 'NONE', #4742, #383 ) ;
#2161 = DIRECTION ( 'NONE',  ( -0.5000000000018076651, -0.8660254037833949869, 0.000000000000000000 ) ) ;
#2162 = EDGE_CURVE ( 'NONE', #897, #861, #1664, .T. ) ;
#2163 = ORIENTED_EDGE ( 'NONE', *, *, #2276, .F. ) ;
#2164 = CYLINDRICAL_SURFACE ( 'NONE', #3621, 0.03600013749699115806 ) ;
#2165 = ORIENTED_EDGE ( 'NONE', *, *, #2756, .T. ) ;
#2166 = DIRECTION ( 'NONE',  ( -1.000000000000000000, 0.000000000000000000, 0.000000000000000000 ) ) ;
#2167 = DIRECTION ( 'NONE',  ( -0.8430765977470414674, -0.5377935015703271260, 0.000000000000000000 ) ) ;
#2168 = DIRECTION ( 'NONE',  ( -0.000000000000000000, -0.000000000000000000, -1.000000000000000000 ) ) ;
#2169 = B_SPLINE_CURVE_WITH_KNOTS ( 'NONE', 3,
 ( #3308, #1108, #4065, #2916, #2935, #4400, #4441, #1424, #4468, #1847, #4112, #2180, #3379, #4418, #3718, #696, #369, #1443, #2538, #2959, #4859, #2604, #649, #1082, #3351, #717 ),
 .UNSPECIFIED., .F., .F.,
 ( 4, 2, 2, 2, 2, 2, 2, 2, 2, 2, 2, 2, 4 ),
 ( 0.007039982957769048283, 0.007919772495417353245, 0.008799562033065658206, 0.009239456801889809820, 0.009679351570713961433, 0.01011924633953811478, 0.01055914110836226813, 0.01099903587718641974, 0.01143893064601057136, 0.01187882541483472471, 0.01231872018365887632, 0.01319850972130130057, 0.01407829925894372308 ),
 .UNSPECIFIED. ) ;
#2170 = EDGE_CURVE ( 'NONE', #4257, #720, #1252, .T. ) ;
#2171 = AXIS2_PLACEMENT_3D ( 'NONE', #4315, #1690, #563 ) ;
#2172 = FACE_OUTER_BOUND ( 'NONE', #1589, .T. ) ;
#2173 = VERTEX_POINT ( 'NONE', #1563 ) ;
#2174 = AXIS2_PLACEMENT_3D ( 'NONE', #903, #960, #4292 ) ;
#2175 = CARTESIAN_POINT ( 'NONE',  ( 38.81588593523277098, 38.81588593523274255, 11.29087459092477275 ) ) ;
#2176 = CARTESIAN_POINT ( 'NONE',  ( 38.83296383189443191, 38.80509721218351871, 11.29598839204939509 ) ) ;
#2177 = ORIENTED_EDGE ( 'NONE', *, *, #2170, .F. ) ;
#2178 = VECTOR ( 'NONE', #91, 1.000000000000000000 ) ;
#2179 = CIRCLE ( 'NONE', #4355, 0.03600013749698689064 ) ;
#2180 = CARTESIAN_POINT ( 'NONE',  ( 38.83367074139015074, 38.80630672019822214, 11.29970977307186253 ) ) ;
#2181 = ORIENTED_EDGE ( 'NONE', *, *, #4488, .T. ) ;
#2182 = AXIS2_PLACEMENT_3D ( 'NONE', #3752, #4773, #2211 ) ;
#2183 = DIRECTION ( 'NONE',  ( -1.000000000000000000, 0.000000000000000000, 0.000000000000000000 ) ) ;
#2184 = DIRECTION ( 'NONE',  ( -0.000000000000000000, -0.000000000000000000, 1.000000000000000000 ) ) ;
#2185 = CARTESIAN_POINT ( 'NONE',  ( 38.82911024244048548, 38.85128864812273974, 11.27687459092477162 ) ) ;
#2186 = VECTOR ( 'NONE', #3002, 1.000000000000000000 ) ;
#2187 = CIRCLE ( 'NONE', #1074, 0.001006105236836115583 ) ;
#2188 = CARTESIAN_POINT ( 'NONE',  ( 38.83786314421558927, 38.79290267281719196, 11.29087459092477275 ) ) ;
#2189 = ORIENTED_EDGE ( 'NONE', *, *, #3368, .T. ) ;
#2190 = DIRECTION ( 'NONE',  ( 0.2588190451025921268, -0.9659258262890492164, 0.000000000000000000 ) ) ;
#2191 = CIRCLE ( 'NONE', #368, 0.03000003113258031817 ) ;
#2192 = CARTESIAN_POINT ( 'NONE',  ( 38.82329908567868415, 38.78460656203321832, 11.29087459092477275 ) ) ;
#2193 = EDGE_CURVE ( 'NONE', #4380, #615, #117, .T. ) ;
#2194 = EDGE_CURVE ( 'NONE', #1421, #3173, #1193, .T. ) ;
#2195 = AXIS2_PLACEMENT_3D ( 'NONE', #1110, #3398, #4136 ) ;
#2196 = EDGE_CURVE ( 'NONE', #1270, #4067, #2371, .T. ) ;
#2197 = CYLINDRICAL_SURFACE ( 'NONE', #4501, 0.001006105236832866012 ) ;
#2198 = VERTEX_POINT ( 'NONE', #3861 ) ;
#2199 = EDGE_CURVE ( 'NONE', #1370, #1013, #809, .T. ) ;
#2200 = CIRCLE ( 'NONE', #4002, 0.001006105236834714794 ) ;
#2201 = CARTESIAN_POINT ( 'NONE',  ( 38.79706288567739847, 38.82321625888145888, 11.29805928128216053 ) ) ;
#2202 = LINE ( 'NONE', #3697, #4511 ) ;
#2203 = ORIENTED_EDGE ( 'NONE', *, *, #3800, .F. ) ;
#2204 = VECTOR ( 'NONE', #1546, 1.000000000000000000 ) ;
#2205 = CIRCLE ( 'NONE', #2909, 0.02020000000000266027 ) ;
#2206 = DIRECTION ( 'NONE',  ( -1.000000000000000000, 0.000000000000000000, 0.000000000000000000 ) ) ;
#2207 = VECTOR ( 'NONE', #2209, 0.9999999999999998890 ) ;
#2208 = CARTESIAN_POINT ( 'NONE',  ( 38.84571771260982587, 38.84444387598900050, 11.29087459092477275 ) ) ;
#2209 = DIRECTION ( 'NONE',  ( -0.5377935015703271260, 0.8430765977470414674, 0.000000000000000000 ) ) ;
#2210 = CARTESIAN_POINT ( 'NONE',  ( 38.85553372609598455, 38.80432982856229529, 11.27687459092477162 ) ) ;
#2211 = DIRECTION ( 'NONE',  ( -1.000000000000000000, 0.000000000000000000, 0.000000000000000000 ) ) ;
#2212 = ORIENTED_EDGE ( 'NONE', *, *, #1707, .T. ) ;
#2213 = LINE ( 'NONE', #3387, #204 ) ;
#2214 = CARTESIAN_POINT ( 'NONE',  ( 38.77623814436955740, 38.82744204190318982, 11.29087459092477275 ) ) ;
#2215 = CARTESIAN_POINT ( 'NONE',  ( 38.81588593523277098, 38.81588593523274255, 11.29207459073403719 ) ) ;
#2216 = ORIENTED_EDGE ( 'NONE', *, *, #321, .F. ) ;
#2217 = DIRECTION ( 'NONE',  ( 0.000000000000000000, -0.000000000000000000, -1.000000000000000000 ) ) ;
#2218 = CARTESIAN_POINT ( 'NONE',  ( 38.81588593523277098, 38.81588593523274255, 11.27687459092477162 ) ) ;
#2219 = VERTEX_POINT ( 'NONE', #1621 ) ;
#2220 = EDGE_CURVE ( 'NONE', #2514, #3463, #2023, .T. ) ;
#2221 = ADVANCED_FACE ( 'NONE', ( #3150 ), #4631, .T. ) ;
#2222 = FACE_OUTER_BOUND ( 'NONE', #911, .T. ) ;
#2223 = CARTESIAN_POINT ( 'NONE',  ( 38.83574975562042653, 38.77967931206351437, 11.27687459092477162 ) ) ;
#2224 = EDGE_CURVE ( 'NONE', #951, #411, #1437, .T. ) ;
#2225 = ORIENTED_EDGE ( 'NONE', *, *, #172, .T. ) ;
#2226 = CARTESIAN_POINT ( 'NONE',  ( 38.83794559844076844, 38.79250377865046318, 11.27687459092477162 ) ) ;
#2227 = ORIENTED_EDGE ( 'NONE', *, *, #1827, .F. ) ;
#2228 = DIRECTION ( 'NONE',  ( -0.000000000000000000, -0.000000000000000000, -1.000000000000000000 ) ) ;
#2229 = CARTESIAN_POINT ( 'NONE',  ( 38.78732799447652013, 38.84571771260979745, 11.27687459092477162 ) ) ;
#2230 = FACE_OUTER_BOUND ( 'NONE', #1542, .T. ) ;
#2231 = ORIENTED_EDGE ( 'NONE', *, *, #474, .T. ) ;
#2232 = DIRECTION ( 'NONE',  ( -0.000000000000000000, -0.000000000000000000, -1.000000000000000000 ) ) ;
#2233 = DIRECTION ( 'NONE',  ( -0.000000000000000000, -0.000000000000000000, -1.000000000000000000 ) ) ;
#2234 = ORIENTED_EDGE ( 'NONE', *, *, #3566, .T. ) ;
#2235 = DIRECTION ( 'NONE',  ( -0.000000000000000000, -0.000000000000000000, -1.000000000000000000 ) ) ;
#2236 = DIRECTION ( 'NONE',  ( -1.000000000000000000, 0.000000000000000000, 0.000000000000000000 ) ) ;
#2237 = AXIS2_PLACEMENT_3D ( 'NONE', #488, #1996, #2391 ) ;
#2238 = AXIS2_PLACEMENT_3D ( 'NONE', #251, #2893, #1300 ) ;
#2239 = CARTESIAN_POINT ( 'NONE',  ( 38.80266162802506358, 38.78048322234273826, 11.27687459092477162 ) ) ;
#2240 = DIRECTION ( 'NONE',  ( 0.4999999999959848784, -0.8660254037867568533, 0.000000000000000000 ) ) ;
#2241 = ORIENTED_EDGE ( 'NONE', *, *, #1540, .F. ) ;
#2242 = ORIENTED_EDGE ( 'NONE', *, *, #3241, .F. ) ;
#2243 = AXIS2_PLACEMENT_3D ( 'NONE', #662, #3300, #1417 ) ;
#2244 = AXIS2_PLACEMENT_3D ( 'NONE', #4318, #591, #2444 ) ;
#2245 = ADVANCED_FACE ( 'NONE', ( #4372, #3963 ), #1419, .T. ) ;
#2246 = DIRECTION ( 'NONE',  ( 0.000000000000000000, -0.000000000000000000, 1.000000000000000000 ) ) ;
#2247 = CIRCLE ( 'NONE', #4130, 0.03899994794847572166 ) ;
#2248 = EDGE_CURVE ( 'NONE', #1396, #459, #1746, .T. ) ;
#2249 = ADVANCED_FACE ( 'NONE', ( #2832 ), #4733, .T. ) ;
#2250 = ORIENTED_EDGE ( 'NONE', *, *, #4482, .F. ) ;
#2251 = VERTEX_POINT ( 'NONE', #565 ) ;
#2252 = DIRECTION ( 'NONE',  ( -0.7071067811848699147, -0.7071067811882252307, 0.000000000000000000 ) ) ;
#2253 = CARTESIAN_POINT ( 'NONE',  ( 38.82213470568844826, 38.77861413290326453, 11.29087459092477275 ) ) ;
#2254 = EDGE_CURVE ( 'NONE', #1543, #2219, #4121, .T. ) ;
#2255 = DIRECTION ( 'NONE',  ( -1.000000000000000000, 0.000000000000000000, 0.000000000000000000 ) ) ;
#2256 = AXIS2_PLACEMENT_3D ( 'NONE', #3945, #1951, #567 ) ;
#2257 = ORIENTED_EDGE ( 'NONE', *, *, #3725, .T. ) ;
#2258 = CYLINDRICAL_SURFACE ( 'NONE', #2337, 0.002250000000002967075 ) ;
#2259 = CARTESIAN_POINT ( 'NONE',  ( 38.84065608046677909, 38.84600961105542893, 11.27687459092477162 ) ) ;
#2260 = AXIS2_PLACEMENT_3D ( 'NONE', #3435, #2683, #3802 ) ;
#2261 = CIRCLE ( 'NONE', #444, 0.001006105236833839843 ) ;
#2262 = AXIS2_PLACEMENT_3D ( 'NONE', #2137, #2057, #2110 ) ;
#2263 = CARTESIAN_POINT ( 'NONE',  ( 38.81588593523277098, 38.81588593523274255, 11.29087459092477275 ) ) ;
#2264 = ORIENTED_EDGE ( 'NONE', *, *, #2483, .T. ) ;
#2265 = ORIENTED_EDGE ( 'NONE', *, *, #1613, .F. ) ;
#2266 = CARTESIAN_POINT ( 'NONE',  ( 38.81495071793767693, 38.84801815415590909, 11.35967459397653023 ) ) ;
#2267 = CARTESIAN_POINT ( 'NONE',  ( 38.81588593523277098, 38.81588593523274255, 11.27687459092477162 ) ) ;
#2268 = ORIENTED_EDGE ( 'NONE', *, *, #1299, .T. ) ;
#2269 = EDGE_CURVE ( 'NONE', #1822, #1346, #3652, .T. ) ;
#2270 = ORIENTED_EDGE ( 'NONE', *, *, #1643, .T. ) ;
#2271 = CIRCLE ( 'NONE', #4378, 0.03600013749698897231 ) ;
#2272 = DIRECTION ( 'NONE',  ( -0.000000000000000000, -0.000000000000000000, -1.000000000000000000 ) ) ;
#2273 = CARTESIAN_POINT ( 'NONE',  ( 38.85435887636759134, 38.80949619811600826, 11.29087459092477275 ) ) ;
#2274 = CIRCLE ( 'NONE', #142, 0.03600013749698689064 ) ;
#2275 = ORIENTED_EDGE ( 'NONE', *, *, #3905, .F. ) ;
#2276 = EDGE_CURVE ( 'NONE', #3294, #1251, #3573, .T. ) ;
#2277 = DIRECTION ( 'NONE',  ( 0.000000000000000000, -0.000000000000000000, -1.000000000000000000 ) ) ;
#2278 = ORIENTED_EDGE ( 'NONE', *, *, #655, .T. ) ;
#2279 = CARTESIAN_POINT ( 'NONE',  ( 38.81588593523277098, 38.81588593523274255, 11.29087459092477275 ) ) ;
#2280 = DIRECTION ( 'NONE',  ( -0.000000000000000000, 0.000000000000000000, -1.000000000000000000 ) ) ;
#2281 = DIRECTION ( 'NONE',  ( -0.000000000000000000, 0.000000000000000000, 1.000000000000000000 ) ) ;
#2282 = ORIENTED_EDGE ( 'NONE', *, *, #2976, .F. ) ;
#2283 = ADVANCED_FACE ( 'NONE', ( #3599 ), #1010, .T. ) ;
#2284 = FACE_OUTER_BOUND ( 'NONE', #995, .T. ) ;
#2285 = CARTESIAN_POINT ( 'NONE',  ( 38.81588593523277098, 38.81588593523274255, 11.29087459092477275 ) ) ;
#2286 = VERTEX_POINT ( 'NONE', #219 ) ;
#2287 = CARTESIAN_POINT ( 'NONE',  ( 38.79975639324172931, 38.78037771343633722, 11.29087459092477275 ) ) ;
#2288 = ADVANCED_FACE ( 'NONE', ( #3232 ), #4396, .T. ) ;
#2289 = CARTESIAN_POINT ( 'NONE',  ( 38.79290267281722038, 38.79290262101309139, 11.29087459092477275 ) ) ;
#2290 = ORIENTED_EDGE ( 'NONE', *, *, #4482, .T. ) ;
#2291 = CARTESIAN_POINT ( 'NONE',  ( 38.78773725242255921, 38.83213754253267780, 11.27687459092477162 ) ) ;
#2292 = PLANE ( 'NONE',  #358 ) ;
#2293 = CARTESIAN_POINT ( 'NONE',  ( 38.82744204190321824, 38.85553372609595613, 11.29087459092477275 ) ) ;
#2294 = ORIENTED_EDGE ( 'NONE', *, *, #1175, .F. ) ;
#2295 = VERTEX_POINT ( 'NONE', #4710 ) ;
#2296 = FACE_OUTER_BOUND ( 'NONE', #4303, .T. ) ;
#2297 = ORIENTED_EDGE ( 'NONE', *, *, #3860, .F. ) ;
#2298 = ORIENTED_EDGE ( 'NONE', *, *, #4246, .F. ) ;
#2299 = CARTESIAN_POINT ( 'NONE',  ( 38.81588593523277098, 38.81588593523274255, 11.29087459092477275 ) ) ;
#2300 = LINE ( 'NONE', #3819, #308 ) ;
#2301 = CARTESIAN_POINT ( 'NONE',  ( 38.83472997458623155, 38.80860974050749235, 11.29717952646900336 ) ) ;
#2302 = VERTEX_POINT ( 'NONE', #1347 ) ;
#2303 = DIRECTION ( 'NONE',  ( 0.000000000000000000, 0.000000000000000000, -1.000000000000000000 ) ) ;
#2304 = CARTESIAN_POINT ( 'NONE',  ( 38.79705777386140397, 38.82320392972005862, 11.29688465911530670 ) ) ;
#2305 = DIRECTION ( 'NONE',  ( 0.000000000000000000, 0.000000000000000000, -1.000000000000000000 ) ) ;
#2306 = ADVANCED_FACE ( 'NONE', ( #646 ), #2858, .T. ) ;
#2307 = DIRECTION ( 'NONE',  ( 0.000000000000000000, 1.000000000000000000, 0.000000000000000000 ) ) ;
#2308 = DIRECTION ( 'NONE',  ( -1.000000000000000000, 0.000000000000000000, 0.000000000000000000 ) ) ;
#2309 = VERTEX_POINT ( 'NONE', #984 ) ;
#2310 = CARTESIAN_POINT ( 'NONE',  ( 38.81588593523277098, 38.81588593523274255, 11.27687459092477162 ) ) ;
#2311 = EDGE_CURVE ( 'NONE', #346, #2466, #735, .T. ) ;
#2312 = LINE ( 'NONE', #3098, #4058 ) ;
#2313 = CARTESIAN_POINT ( 'NONE',  ( 38.80020343417891837, 38.85027043089272780, 11.27687459092477162 ) ) ;
#2314 = ORIENTED_EDGE ( 'NONE', *, *, #3389, .F. ) ;
#2315 = LINE ( 'NONE', #3586, #1323 ) ;
#2316 = AXIS2_PLACEMENT_3D ( 'NONE', #2175, #4036, #2553 ) ;
#2317 = AXIS2_PLACEMENT_3D ( 'NONE', #759, #2272, #3769 ) ;
#2318 = DIRECTION ( 'NONE',  ( -0.000000000000000000, -0.000000000000000000, -1.000000000000000000 ) ) ;
#2319 = VERTEX_POINT ( 'NONE', #1030 ) ;
#2320 = AXIS2_PLACEMENT_3D ( 'NONE', #2263, #3390, #4082 ) ;
#2321 = CIRCLE ( 'NONE', #1202, 0.001006105236836115583 ) ;
#2322 = ORIENTED_EDGE ( 'NONE', *, *, #4269, .T. ) ;
#2323 = DIRECTION ( 'NONE',  ( -0.000000000000000000, -0.000000000000000000, -1.000000000000000000 ) ) ;
#2324 = AXIS2_PLACEMENT_3D ( 'NONE', #831, #1943, #1564 ) ;
#2325 = CARTESIAN_POINT ( 'NONE',  ( 38.78509062820457132, 38.82510564522426222, 11.27687459092477162 ) ) ;
#2326 = ORIENTED_EDGE ( 'NONE', *, *, #75, .F. ) ;
#2327 = AXIS2_PLACEMENT_3D ( 'NONE', #1217, #486, #111 ) ;
#2328 = DIRECTION ( 'NONE',  ( -0.000000000000000000, -0.000000000000000000, -1.000000000000000000 ) ) ;
#2329 = CARTESIAN_POINT ( 'NONE',  ( 38.85435886486268942, 38.82227574162067185, 11.27687459092477162 ) ) ;
#2330 = CARTESIAN_POINT ( 'NONE',  ( 38.76944253564145981, 38.84002827519386614, 11.29747459073403704 ) ) ;
#2331 = DIRECTION ( 'NONE',  ( -0.000000000000000000, 0.000000000000000000, 1.000000000000000000 ) ) ;
#2332 = AXIS2_PLACEMENT_3D ( 'NONE', #2598, #362, #691 ) ;
#2333 = CARTESIAN_POINT ( 'NONE',  ( 38.79602211484511542, 38.85209255840197073, 11.29087459092477275 ) ) ;
#2334 = DIRECTION ( 'NONE',  ( -0.000000000000000000, 0.000000000000000000, -1.000000000000000000 ) ) ;
#2335 = ADVANCED_FACE ( 'NONE', ( #3279 ), #1398, .T. ) ;
#2336 = CIRCLE ( 'NONE', #3198, 0.02935410264609947945 ) ;
#2337 = AXIS2_PLACEMENT_3D ( 'NONE', #4818, #4453, #3754 ) ;
#2338 = FACE_OUTER_BOUND ( 'NONE', #990, .T. ) ;
#2339 = CARTESIAN_POINT ( 'NONE',  ( 38.78988593523276052, 38.81588593523273545, 11.27687459092477162 ) ) ;
#2340 = EDGE_CURVE ( 'NONE', #337, #469, #1132, .T. ) ;
#2341 = CARTESIAN_POINT ( 'NONE',  ( 38.81498519672007319, 38.77459816958911176, 11.29087459092477275 ) ) ;
#2342 = VECTOR ( 'NONE', #4508, 1.000000000000000000 ) ;
#2343 = VECTOR ( 'NONE', #1000, 1.000000000000000000 ) ;
#2344 = VERTEX_POINT ( 'NONE', #2728 ) ;
#2345 = EDGE_CURVE ( 'NONE', #4703, #1742, #2026, .T. ) ;
#2346 = VECTOR ( 'NONE', #3014, 1.000000000000000000 ) ;
#2347 = DIRECTION ( 'NONE',  ( 0.000000000000000000, -0.000000000000000000, -1.000000000000000000 ) ) ;
#2348 = DIRECTION ( 'NONE',  ( -1.000000000000000000, 0.000000000000000000, 0.000000000000000000 ) ) ;
#2349 = CIRCLE ( 'NONE', #4076, 0.02600000000000335376 ) ;
#2350 = VERTEX_POINT ( 'NONE', #3450 ) ;
#2351 = EDGE_CURVE ( 'NONE', #1685, #3602, #4191, .T. ) ;
#2352 = ORIENTED_EDGE ( 'NONE', *, *, #4691, .F. ) ;
#2353 = DIRECTION ( 'NONE',  ( -1.000000000000000000, 0.000000000000000000, 0.000000000000000000 ) ) ;
#2354 = AXIS2_PLACEMENT_3D ( 'NONE', #2524, #994, #634 ) ;
#2355 = CARTESIAN_POINT ( 'NONE',  ( 38.78759100871779708, 38.83114212275871324, 11.27687459092477162 ) ) ;
#2356 = VERTEX_POINT ( 'NONE', #2802 ) ;
#2357 = LINE ( 'NONE', #1925, #4371 ) ;
#2358 = CARTESIAN_POINT ( 'NONE',  ( 38.81588589860173499, 38.84838921327941819, 11.29087459092477275 ) ) ;
#2359 = CARTESIAN_POINT ( 'NONE',  ( 38.82973305097879546, 38.84252407929064788, 11.30287459073403689 ) ) ;
#2360 = CARTESIAN_POINT ( 'NONE',  ( 38.79737107391147788, 38.82396398029882789, 11.29926381789943157 ) ) ;
#2361 = ORIENTED_EDGE ( 'NONE', *, *, #651, .T. ) ;
#2362 = AXIS2_PLACEMENT_3D ( 'NONE', #236, #1830, #2527 ) ;
#2363 = DIRECTION ( 'NONE',  ( 0.000000000000000000, 0.000000000000000000, -1.000000000000000000 ) ) ;
#2364 = CARTESIAN_POINT ( 'NONE',  ( 38.77459816958914018, 38.81678667374544034, 11.29087459092477275 ) ) ;
#2365 = ORIENTED_EDGE ( 'NONE', *, *, #4156, .T. ) ;
#2366 = AXIS2_PLACEMENT_3D ( 'NONE', #2299, #2608, #2629 ) ;
#2367 = ORIENTED_EDGE ( 'NONE', *, *, #3547, .F. ) ;
#2368 = CARTESIAN_POINT ( 'NONE',  ( 38.79382632382887408, 38.79250372684635551, 11.29087459092477275 ) ) ;
#2369 = CARTESIAN_POINT ( 'NONE',  ( 38.78509062820457132, 38.82510564522426222, 11.29087459092477275 ) ) ;
#2370 = ORIENTED_EDGE ( 'NONE', *, *, #4399, .F. ) ;
#2371 = LINE ( 'NONE', #830, #1675 ) ;
#2372 = DIRECTION ( 'NONE',  ( -1.000000000000000000, 0.000000000000000000, 0.000000000000000000 ) ) ;
#2373 = EDGE_CURVE ( 'NONE', #4707, #615, #3889, .T. ) ;
#2374 = VERTEX_POINT ( 'NONE', #2719 ) ;
#2375 = APPLICATION_PROTOCOL_DEFINITION ( 'draft international standard', 'automotive_design', 1998, #2571 ) ;
#2376 = EDGE_CURVE ( 'NONE', #880, #4363, #4813, .T. ) ;
#2377 = CARTESIAN_POINT ( 'NONE',  ( 38.84838921327945371, 38.81588597186377854, 11.29087459092477275 ) ) ;
#2378 = EDGE_CURVE ( 'NONE', #1490, #3294, #187, .T. ) ;
#2379 = VERTEX_POINT ( 'NONE', #1968 ) ;
#2380 = CARTESIAN_POINT ( 'NONE',  ( 38.77937252229335030, 38.80218313933193031, 11.29087459092477275 ) ) ;
#2381 = DIRECTION ( 'NONE',  ( -1.000000000000000000, 0.000000000000000000, 0.000000000000000000 ) ) ;
#2382 = DIRECTION ( 'NONE',  ( -0.000000000000000000, -0.000000000000000000, 1.000000000000000000 ) ) ;
#2383 = CARTESIAN_POINT ( 'NONE',  ( 38.79183844011099325, 38.84503987766706956, 11.29087459092477275 ) ) ;
#2384 = VERTEX_POINT ( 'NONE', #643 ) ;
#2385 = ORIENTED_EDGE ( 'NONE', *, *, #1401, .T. ) ;
#2386 = CARTESIAN_POINT ( 'NONE',  ( 38.78449018900924017, 38.80747343246313363, 11.29087459092477275 ) ) ;
#2387 = DIRECTION ( 'NONE',  ( -0.000000000000000000, -0.000000000000000000, -1.000000000000000000 ) ) ;
#2388 = ORIENTED_EDGE ( 'NONE', *, *, #771, .T. ) ;
#2389 = CYLINDRICAL_SURFACE ( 'NONE', #1519, 0.02935410264610283093 ) ;
#2390 = CARTESIAN_POINT ( 'NONE',  ( 38.83201547722381974, 38.85139415702914789, 11.29087459092477275 ) ) ;
#2391 = DIRECTION ( 'NONE',  ( 0.9659258262892763680, -0.2588190451017443605, 0.000000000000000000 ) ) ;
#2392 = DIRECTION ( 'NONE',  ( -0.000000000000000000, -0.000000000000000000, -1.000000000000000000 ) ) ;
#2393 = CARTESIAN_POINT ( 'NONE',  ( 38.77937252229335030, 38.80218313933193031, 11.29087459092477275 ) ) ;
#2394 = ADVANCED_FACE ( 'NONE', ( #4034 ), #2197, .F. ) ;
#2395 = EDGE_CURVE ( 'NONE', #3463, #4108, #276, .T. ) ;
#2396 = VERTEX_POINT ( 'NONE', #617 ) ;
#2397 = DIRECTION ( 'NONE',  ( 0.000000000000000000, 0.000000000000000000, -1.000000000000000000 ) ) ;
#2398 = EDGE_CURVE ( 'NONE', #758, #1967, #588, .T. ) ;
#2399 = AXIS2_PLACEMENT_3D ( 'NONE', #2951, #586, #2125 ) ;
#2400 = VECTOR ( 'NONE', #3856, 1.000000000000000000 ) ;
#2401 = CARTESIAN_POINT ( 'NONE',  ( 38.79824143764254529, 38.82572387884999898, 11.29966531354187786 ) ) ;
#2402 = ORIENTED_EDGE ( 'NONE', *, *, #689, .T. ) ;
#2403 = ORIENTED_EDGE ( 'NONE', *, *, #1039, .T. ) ;
#2404 = FACE_OUTER_BOUND ( 'NONE', #3245, .T. ) ;
#2405 = AXIS2_PLACEMENT_3D ( 'NONE', #1861, #3366, #3870 ) ;
#2406 = VERTEX_POINT ( 'NONE', #315 ) ;
#2407 = DIRECTION ( 'NONE',  ( 0.000000000000000000, 0.000000000000000000, -1.000000000000000000 ) ) ;
#2408 = DIRECTION ( 'NONE',  ( 0.8872811332236102411, -0.4612290001999289069, 0.000000000000000000 ) ) ;
#2409 = ORIENTED_EDGE ( 'NONE', *, *, #4048, .T. ) ;
#2410 = CARTESIAN_POINT ( 'NONE',  ( 38.79394933902183595, 38.78511224309523442, 11.27687459092477162 ) ) ;
#2411 = CIRCLE ( 'NONE', #2101, 0.02935410264610490219 ) ;
#2412 = AXIS2_PLACEMENT_3D ( 'NONE', #3821, #2281, #1179 ) ;
#2413 = ORIENTED_EDGE ( 'NONE', *, *, #339, .F. ) ;
#2414 = AXIS2_PLACEMENT_3D ( 'NONE', #3965, #2130, #3627 ) ;
#2415 = AXIS2_PLACEMENT_3D ( 'NONE', #1737, #1758, #1388 ) ;
#2416 = DIRECTION ( 'NONE',  ( -1.000000000000000000, 0.000000000000000000, 0.000000000000000000 ) ) ;
#2417 = CARTESIAN_POINT ( 'NONE',  ( 38.82429836723665773, 38.84728170041789497, 11.27687459092477162 ) ) ;
#2418 = VECTOR ( 'NONE', #3289, 1.000000000000000000 ) ;
#2419 = DIRECTION ( 'NONE',  ( 0.000000000000000000, 0.000000000000000000, 1.000000000000000000 ) ) ;
#2420 = DIRECTION ( 'NONE',  ( -1.000000000000000000, 0.000000000000000000, 0.000000000000000000 ) ) ;
#2421 = CIRCLE ( 'NONE', #3606, 0.03600013749698897231 ) ;
#2422 = EDGE_CURVE ( 'NONE', #670, #1689, #1770, .T. ) ;
#2423 = ORIENTED_EDGE ( 'NONE', *, *, #1394, .T. ) ;
#2424 = CYLINDRICAL_SURFACE ( 'NONE', #4520, 0.03899994794847572166 ) ;
#2425 = DIRECTION ( 'NONE',  ( -0.9659258262892763680, 0.2588190451017443605, 0.000000000000000000 ) ) ;
#2426 = AXIS2_PLACEMENT_3D ( 'NONE', #3067, #3431, #840 ) ;
#2427 = ADVANCED_FACE ( 'NONE', ( #1812 ), #1075, .F. ) ;
#2428 = ORIENTED_EDGE ( 'NONE', *, *, #1605, .F. ) ;
#2429 = ADVANCED_FACE ( 'NONE', ( #1767 ), #1395, .F. ) ;
#2430 = ORIENTED_EDGE ( 'NONE', *, *, #4739, .T. ) ;
#2431 = DIRECTION ( 'NONE',  ( -0.000000000000000000, 0.000000000000000000, -1.000000000000000000 ) ) ;
#2432 = ORIENTED_EDGE ( 'NONE', *, *, #3547, .T. ) ;
#2433 = CARTESIAN_POINT ( 'NONE',  ( 38.78773725242255921, 38.83213754253267780, 11.29087459092477275 ) ) ;
#2434 = DIRECTION ( 'NONE',  ( 0.000000000000000000, 0.000000000000000000, -1.000000000000000000 ) ) ;
#2435 = ORIENTED_EDGE ( 'NONE', *, *, #3448, .F. ) ;
#2436 = ORIENTED_EDGE ( 'NONE', *, *, #291, .F. ) ;
#2437 = DIRECTION ( 'NONE',  ( -0.000000000000000000, 0.000000000000000000, 1.000000000000000000 ) ) ;
#2438 = AXIS2_PLACEMENT_3D ( 'NONE', #2474, #4280, #1333 ) ;
#2439 = DIRECTION ( 'NONE',  ( -1.000000000000000000, 0.000000000000000000, -0.000000000000000000 ) ) ;
#2440 = EDGE_CURVE ( 'NONE', #337, #1457, #2088, .T. ) ;
#2441 = ORIENTED_EDGE ( 'NONE', *, *, #2269, .T. ) ;
#2442 = ADVANCED_FACE ( 'NONE', ( #3669 ), #4800, .F. ) ;
#2443 = CARTESIAN_POINT ( 'NONE',  ( 38.78509064716618582, 38.80666615447550072, 11.29087459092477275 ) ) ;
#2444 = DIRECTION ( 'NONE',  ( -1.000000000000000000, 0.000000000000000000, 0.000000000000000000 ) ) ;
#2445 = CARTESIAN_POINT ( 'NONE',  ( 38.83440588006877192, 38.80781779109739205, 11.29567591486071265 ) ) ;
#2446 = ORIENTED_EDGE ( 'NONE', *, *, #2998, .F. ) ;
#2447 = CARTESIAN_POINT ( 'NONE',  ( 38.82510564522429064, 38.84668124226093511, 11.29087459092477275 ) ) ;
#2448 = ORIENTED_EDGE ( 'NONE', *, *, #1736, .T. ) ;
#2449 = DIRECTION ( 'NONE',  ( -0.000000000000000000, 0.000000000000000000, -1.000000000000000000 ) ) ;
#2450 = DIRECTION ( 'NONE',  ( 0.000000000000000000, 0.000000000000000000, -1.000000000000000000 ) ) ;
#2451 = ORIENTED_EDGE ( 'NONE', *, *, #3937, .F. ) ;
#2452 = ORIENTED_EDGE ( 'NONE', *, *, #3566, .F. ) ;
#2453 =( NAMED_UNIT ( * ) SI_UNIT ( $, .STERADIAN. ) SOLID_ANGLE_UNIT ( ) );
#2454 = VERTEX_POINT ( 'NONE', #2908 ) ;
#2455 = DIRECTION ( 'NONE',  ( 0.4612290001999287403, 0.8872811332236104631, 0.000000000000000000 ) ) ;
#2456 = DIRECTION ( 'NONE',  ( -1.000000000000000000, 0.000000000000000000, 0.000000000000000000 ) ) ;
#2457 = EDGE_LOOP ( 'NONE', ( #2786, #531, #1893, #2669 ) ) ;
#2458 = CARTESIAN_POINT ( 'NONE',  ( 38.78852618938186225, 38.83276190318312615, 11.27687459092477162 ) ) ;
#2459 = EDGE_CURVE ( 'NONE', #224, #283, #3576, .T. ) ;
#2460 = ADVANCED_FACE ( 'NONE', ( #2172 ), #294, .F. ) ;
#2461 = ORIENTED_EDGE ( 'NONE', *, *, #472, .T. ) ;
#2462 = EDGE_CURVE ( 'NONE', #4290, #3731, #3732, .T. ) ;
#2463 = DIRECTION ( 'NONE',  ( 0.000000000000000000, -0.000000000000000000, -1.000000000000000000 ) ) ;
#2464 = CARTESIAN_POINT ( 'NONE',  ( 38.81588593523277098, 38.81588593523274255, 11.29207459073403719 ) ) ;
#2465 = CARTESIAN_POINT ( 'NONE',  ( 38.84585831706143466, 38.81717364462242159, 11.29207459073403719 ) ) ;
#2466 = VERTEX_POINT ( 'NONE', #2094 ) ;
#2467 = CYLINDRICAL_SURFACE ( 'NONE', #4737, 0.001006105236832866012 ) ;
#2468 = VERTEX_POINT ( 'NONE', #3230 ) ;
#2469 = DIRECTION ( 'NONE',  ( -0.000000000000000000, -0.000000000000000000, -1.000000000000000000 ) ) ;
#2470 = CARTESIAN_POINT ( 'NONE',  ( 38.81588593523277098, 38.81588593523274255, 11.29087459092477275 ) ) ;
#2471 = CARTESIAN_POINT ( 'NONE',  ( 38.79895399573724291, 38.82690238694791418, 11.29634040171546694 ) ) ;
#2472 = AXIS2_PLACEMENT_3D ( 'NONE', #302, #3701, #4806 ) ;
#2473 = VERTEX_POINT ( 'NONE', #3597 ) ;
#2474 = CARTESIAN_POINT ( 'NONE',  ( 38.77861413290329295, 38.80963716477706527, 11.27687459092477162 ) ) ;
#2475 = ORIENTED_EDGE ( 'NONE', *, *, #1763, .T. ) ;
#2476 = VECTOR ( 'NONE', #2594, 1.000000000000000000 ) ;
#2477 = CARTESIAN_POINT ( 'NONE',  ( 38.79900996728238738, 38.78852618938183383, 11.29087459092477275 ) ) ;
#2478 = CARTESIAN_POINT ( 'NONE',  ( 38.77048030089191144, 38.84202465774362167, 11.29747459073403704 ) ) ;
#2479 = ORIENTED_EDGE ( 'NONE', *, *, #1072, .T. ) ;
#2480 = CYLINDRICAL_SURFACE ( 'NONE', #1606, 0.03899994794847572166 ) ;
#2481 = AXIS2_PLACEMENT_3D ( 'NONE', #536, #4332, #2044 ) ;
#2482 = ORIENTED_EDGE ( 'NONE', *, *, #655, .F. ) ;
#2483 = EDGE_CURVE ( 'NONE', #1799, #1754, #2927, .T. ) ;
#2484 = DIRECTION ( 'NONE',  ( 0.4999999999959848784, 0.8660254037867568533, 0.000000000000000000 ) ) ;
#2485 = CIRCLE ( 'NONE', #3195, 0.03899994794847572166 ) ;
#2486 = ORIENTED_EDGE ( 'NONE', *, *, #18, .F. ) ;
#2487 = EDGE_CURVE ( 'NONE', #1990, #3557, #4057, .T. ) ;
#2488 = CARTESIAN_POINT ( 'NONE',  ( 38.83367137176115591, 38.80630788272023324, 11.29523919876718807 ) ) ;
#2489 = CIRCLE ( 'NONE', #4664, 0.02935410264610073192 ) ;
#2490 = ORIENTED_EDGE ( 'NONE', *, *, #4079, .T. ) ;
#2491 = EDGE_CURVE ( 'NONE', #584, #2936, #267, .T. ) ;
#2492 = AXIS2_PLACEMENT_3D ( 'NONE', #3074, #1934, #3440 ) ;
#2493 = AXIS2_PLACEMENT_3D ( 'NONE', #4052, #312, #973 ) ;
#2494 = DIRECTION ( 'NONE',  ( -0.000000000000000000, 0.000000000000000000, 1.000000000000000000 ) ) ;
#2495 = EDGE_CURVE ( 'NONE', #3051, #2866, #1344, .T. ) ;
#2496 = AXIS2_PLACEMENT_3D ( 'NONE', #4617, #1954, #3823 ) ;
#2497 = ORIENTED_EDGE ( 'NONE', *, *, #1401, .F. ) ;
#2498 = FACE_OUTER_BOUND ( 'NONE', #470, .T. ) ;
#2499 = DIRECTION ( 'NONE',  ( 0.000000000000000000, -0.000000000000000000, 1.000000000000000000 ) ) ;
#2500 = CARTESIAN_POINT ( 'NONE',  ( 38.79886201478206686, 38.82676111182517786, 11.29608973801294169 ) ) ;
#2501 = ORIENTED_EDGE ( 'NONE', *, *, #498, .F. ) ;
#2502 = ORIENTED_EDGE ( 'NONE', *, *, #4364, .T. ) ;
#2503 = EDGE_LOOP ( 'NONE', ( #1226, #2452, #1215, #24 ) ) ;
#2504 = AXIS2_PLACEMENT_3D ( 'NONE', #1683, #4674, #1313 ) ;
#2505 = CARTESIAN_POINT ( 'NONE',  ( 38.83782253144370600, 38.84665962737024358, 11.27687459092477162 ) ) ;
#2506 = LINE ( 'NONE', #1415, #1158 ) ;
#2507 = ORIENTED_EDGE ( 'NONE', *, *, #1913, .F. ) ;
#2508 = CARTESIAN_POINT ( 'NONE',  ( 38.81967145301531730, 38.77707014211831904, 11.29087459092477275 ) ) ;
#2509 = AXIS2_PLACEMENT_3D ( 'NONE', #121, #395, #2353 ) ;
#2510 = DIRECTION ( 'NONE',  ( -0.5000000000018076651, -0.8660254037833949869, 0.000000000000000000 ) ) ;
#2511 = ORIENTED_EDGE ( 'NONE', *, *, #4250, .F. ) ;
#2512 = DIRECTION ( 'NONE',  ( -0.000000000000000000, 0.000000000000000000, 1.000000000000000000 ) ) ;
#2513 = AXIS2_PLACEMENT_3D ( 'NONE', #1329, #1732, #3633 ) ;
#2514 = VERTEX_POINT ( 'NONE', #1718 ) ;
#2515 = DIRECTION ( 'NONE',  ( -1.000000000000000000, 0.000000000000000000, 0.000000000000000000 ) ) ;
#2516 = CARTESIAN_POINT ( 'NONE',  ( 38.83999300994703674, 38.80589036377728718, 11.29747459073403704 ) ) ;
#2517 = AXIS2_PLACEMENT_3D ( 'NONE', #1824, #1495, #3400 ) ;
#2518 = ORIENTED_EDGE ( 'NONE', *, *, #4542, .F. ) ;
#2519 = EDGE_CURVE ( 'NONE', #2866, #1076, #1513, .T. ) ;
#2520 = CARTESIAN_POINT ( 'NONE',  ( 38.83203168682357642, 38.79057490919859674, 11.29207459073403719 ) ) ;
#2521 = ORIENTED_EDGE ( 'NONE', *, *, #4156, .F. ) ;
#2522 = CARTESIAN_POINT ( 'NONE',  ( 38.83926814361915802, 38.79382632382884566, 11.29087459092477275 ) ) ;
#2523 = DIRECTION ( 'NONE',  ( 0.4612290002001152023, 0.8872811332235133186, 0.000000000000000000 ) ) ;
#2524 = CARTESIAN_POINT ( 'NONE',  ( 38.81588589860173499, 38.84838921327941819, 11.27687459092477162 ) ) ;
#2525 = EDGE_CURVE ( 'NONE', #2514, #3766, #1441, .T. ) ;
#2526 = ORIENTED_EDGE ( 'NONE', *, *, #4604, .F. ) ;
#2527 = DIRECTION ( 'NONE',  ( 0.8660254037843760910, 0.5000000000001085798, 0.000000000000000000 ) ) ;
#2528 = ORIENTED_EDGE ( 'NONE', *, *, #2576, .T. ) ;
#2529 = DIRECTION ( 'NONE',  ( -0.5377935015703266819, 0.8430765977470418004, 0.000000000000000000 ) ) ;
#2530 = CARTESIAN_POINT ( 'NONE',  ( 38.79900996728238738, 38.78852618938183383, 11.29087459092477275 ) ) ;
#2531 = DIRECTION ( 'NONE',  ( -0.000000000000000000, 0.000000000000000000, -1.000000000000000000 ) ) ;
#2532 = DIRECTION ( 'NONE',  ( 0.000000000000000000, -0.000000000000000000, -1.000000000000000000 ) ) ;
#2533 = ORIENTED_EDGE ( 'NONE', *, *, #2462, .F. ) ;
#2534 = DIRECTION ( 'NONE',  ( 0.000000000000000000, 0.000000000000000000, -1.000000000000000000 ) ) ;
#2535 = CARTESIAN_POINT ( 'NONE',  ( 38.83265971718215326, 38.80463070359964917, 11.29732768743256699 ) ) ;
#2536 = ORIENTED_EDGE ( 'NONE', *, *, #4375, .F. ) ;
#2537 = DIRECTION ( 'NONE',  ( 0.000000000000000000, -0.000000000000000000, 1.000000000000000000 ) ) ;
#2538 = CARTESIAN_POINT ( 'NONE',  ( 38.83430074404580523, 38.80758233188621631, 11.29942821463633251 ) ) ;
#2539 = EDGE_CURVE ( 'NONE', #2350, #1357, #1906, .T. ) ;
#2540 = LINE ( 'NONE', #3555, #55 ) ;
#2541 = DIRECTION ( 'NONE',  ( -0.2588190451017443605, -0.9659258262892763680, 0.000000000000000000 ) ) ;
#2542 = DIRECTION ( 'NONE',  ( -0.000000000000000000, -0.000000000000000000, 1.000000000000000000 ) ) ;
#2543 = AXIS2_PLACEMENT_3D ( 'NONE', #2289, #3782, #405 ) ;
#2544 = EDGE_CURVE ( 'NONE', #4359, #2466, #3734, .T. ) ;
#2545 = VERTEX_POINT ( 'NONE', #426 ) ;
#2546 = EDGE_CURVE ( 'NONE', #469, #2286, #1930, .T. ) ;
#2547 = CYLINDRICAL_SURFACE ( 'NONE', #2493, 0.001006105236832866012 ) ;
#2548 = LINE ( 'NONE', #1068, #3816 ) ;
#2549 = PRODUCT_DEFINITION ( 'UNKNOWN', '', #1096, #3229 ) ;
#2550 = DIRECTION ( 'NONE',  ( 0.000000000000000000, -0.000000000000000000, -1.000000000000000000 ) ) ;
#2551 = ORIENTED_EDGE ( 'NONE', *, *, #1549, .F. ) ;
#2552 = AXIS2_PLACEMENT_3D ( 'NONE', #3439, #65, #460 ) ;
#2553 = DIRECTION ( 'NONE',  ( -1.000000000000000000, 0.000000000000000000, 0.000000000000000000 ) ) ;
#2554 = CARTESIAN_POINT ( 'NONE',  ( 38.83346385248204058, 38.80593227101858389, 11.29533924259079214 ) ) ;
#2555 = VERTEX_POINT ( 'NONE', #3046 ) ;
#2556 = CIRCLE ( 'NONE', #2405, 0.001006105236833839843 ) ;
#2557 = EDGE_CURVE ( 'NONE', #2729, #4143, #3410, .T. ) ;
#2558 = AXIS2_PLACEMENT_3D ( 'NONE', #2239, #727, #2577 ) ;
#2559 = CARTESIAN_POINT ( 'NONE',  ( 38.79319968410939623, 38.84760863924660157, 11.27687459092477162 ) ) ;
#2560 = ORIENTED_EDGE ( 'NONE', *, *, #2631, .F. ) ;
#2561 = CARTESIAN_POINT ( 'NONE',  ( 38.78150143957278573, 38.80020343417888995, 11.29087459092477275 ) ) ;
#2562 = DIRECTION ( 'NONE',  ( -0.000000000000000000, 0.000000000000000000, -1.000000000000000000 ) ) ;
#2563 = CARTESIAN_POINT ( 'NONE',  ( 38.82329901491296198, 38.84716532739388128, 11.27687459092477162 ) ) ;
#2564 = CIRCLE ( 'NONE', #1701, 0.02935410264610328890 ) ;
#2565 = AXIS2_PLACEMENT_3D ( 'NONE', #1187, #533, #2684 ) ;
#2566 = DIRECTION ( 'NONE',  ( -0.000000000000000000, -0.000000000000000000, 1.000000000000000000 ) ) ;
#2567 = ORIENTED_EDGE ( 'NONE', *, *, #2078, .T. ) ;
#2568 = CYLINDRICAL_SURFACE ( 'NONE', #4141, 0.02600000000000335376 ) ;
#2569 = VECTOR ( 'NONE', #2449, 1.000000000000000000 ) ;
#2570 = DIRECTION ( 'NONE',  ( 0.000000000000000000, 0.000000000000000000, -1.000000000000000000 ) ) ;
#2571 = APPLICATION_CONTEXT ( 'automotive_design' ) ;
#2572 = EDGE_CURVE ( 'NONE', #2136, #568, #3657, .T. ) ;
#2573 = DIRECTION ( 'NONE',  ( -1.000000000000000000, 0.000000000000000000, 0.000000000000000000 ) ) ;
#2574 = EDGE_LOOP ( 'NONE', ( #999, #3680, #1508, #3935 ) ) ;
#2575 = VECTOR ( 'NONE', #255, 1.000000000000000000 ) ;
#2576 = EDGE_CURVE ( 'NONE', #2374, #2898, #4104, .T. ) ;
#2577 = DIRECTION ( 'NONE',  ( 0.8660254037844755670, 0.4999999999999360512, 0.000000000000000000 ) ) ;
#2578 = CYLINDRICAL_SURFACE ( 'NONE', #3521, 0.002250000000002967075 ) ;
#2579 = ORIENTED_EDGE ( 'NONE', *, *, #3241, .T. ) ;
#2580 = ADVANCED_FACE ( 'NONE', ( #4124 ), #2661, .T. ) ;
#2581 = AXIS2_PLACEMENT_3D ( 'NONE', #1744, #4018, #2127 ) ;
#2582 = CARTESIAN_POINT ( 'NONE',  ( 38.84801815415593751, 38.81682115252783660, 11.29087459092477275 ) ) ;
#2583 = ORIENTED_EDGE ( 'NONE', *, *, #4807, .F. ) ;
#2584 = CARTESIAN_POINT ( 'NONE',  ( 38.78509062820457132, 38.82510564522426222, 11.29087459092477275 ) ) ;
#2585 = EDGE_LOOP ( 'NONE', ( #2298, #3595, #4597, #2124 ) ) ;
#2586 = CARTESIAN_POINT ( 'NONE',  ( 38.77707004929753509, 38.77707004929750667, 11.29207459073403719 ) ) ;
#2587 = DIRECTION ( 'NONE',  ( 0.000000000000000000, 0.000000000000000000, -1.000000000000000000 ) ) ;
#2588 = DIRECTION ( 'NONE',  ( -0.000000000000000000, -0.000000000000000000, -1.000000000000000000 ) ) ;
#2589 = FACE_OUTER_BOUND ( 'NONE', #2880, .T. ) ;
#2590 = ORIENTED_EDGE ( 'NONE', *, *, #3775, .F. ) ;
#2591 = CARTESIAN_POINT ( 'NONE',  ( 38.80201493336257101, 38.78928523646236926, 11.29087459073403643 ) ) ;
#2592 = LINE ( 'NONE', #4820, #510 ) ;
#2593 = ORIENTED_EDGE ( 'NONE', *, *, #2928, .T. ) ;
#2594 = DIRECTION ( 'NONE',  ( -0.000000000000000000, -0.000000000000000000, -1.000000000000000000 ) ) ;
#2595 = EDGE_CURVE ( 'NONE', #863, #2821, #30, .T. ) ;
#2596 = ORIENTED_EDGE ( 'NONE', *, *, #1587, .F. ) ;
#2597 = EDGE_CURVE ( 'NONE', #1892, #2602, #350, .T. ) ;
#2598 = CARTESIAN_POINT ( 'NONE',  ( 38.84403461804298274, 38.79963432793280731, 11.27687459092477162 ) ) ;
#2599 = ADVANCED_FACE ( 'NONE', ( #752 ), #4169, .T. ) ;
#2600 = DIRECTION ( 'NONE',  ( 0.000000000000000000, -0.000000000000000000, 1.000000000000000000 ) ) ;
#2601 = EDGE_LOOP ( 'NONE', ( #3118, #2727, #4428, #1651 ) ) ;
#2602 = VERTEX_POINT ( 'NONE', #1117 ) ;
#2603 = EDGE_CURVE ( 'NONE', #1742, #4235, #3101, .T. ) ;
#2604 = CARTESIAN_POINT ( 'NONE',  ( 38.83456789387167163, 38.80820038028576846, 11.29885944345512705 ) ) ;
#2605 = ORIENTED_EDGE ( 'NONE', *, *, #2003, .F. ) ;
#2606 = DIRECTION ( 'NONE',  ( -0.000000000000000000, -0.000000000000000000, 1.000000000000000000 ) ) ;
#2607 = VERTEX_POINT ( 'NONE', #709 ) ;
#2608 = DIRECTION ( 'NONE',  ( 0.000000000000000000, 0.000000000000000000, -1.000000000000000000 ) ) ;
#2609 = CYLINDRICAL_SURFACE ( 'NONE', #1631, 0.03600013749699115806 ) ;
#2610 = DIRECTION ( 'NONE',  ( -1.000000000000000000, 0.000000000000000000, 0.000000000000000000 ) ) ;
#2611 = CYLINDRICAL_SURFACE ( 'NONE', #2182, 0.001006105236832866012 ) ;
#2612 = ORIENTED_EDGE ( 'NONE', *, *, #585, .T. ) ;
#2613 = DIRECTION ( 'NONE',  ( -0.000000000000000000, 0.000000000000000000, -1.000000000000000000 ) ) ;
#2614 = DIRECTION ( 'NONE',  ( 0.8872811332236103521, -0.4612290001999288513, -0.000000000000000000 ) ) ;
#2615 = CIRCLE ( 'NONE', #4642, 0.03899994794847572166 ) ;
#2616 = CYLINDRICAL_SURFACE ( 'NONE', #1998, 0.001006105236832866012 ) ;
#2617 = ORIENTED_EDGE ( 'NONE', *, *, #132, .F. ) ;
#2618 = FACE_OUTER_BOUND ( 'NONE', #4050, .T. ) ;
#2619 = EDGE_CURVE ( 'NONE', #1725, #4571, #4346, .T. ) ;
#2620 = FACE_OUTER_BOUND ( 'NONE', #2585, .T. ) ;
#2621 = VERTEX_POINT ( 'NONE', #3708 ) ;
#2622 = ORIENTED_EDGE ( 'NONE', *, *, #3178, .F. ) ;
#2623 = AXIS2_PLACEMENT_3D ( 'NONE', #2911, #665, #3673 ) ;
#2624 = AXIS2_PLACEMENT_3D ( 'NONE', #4241, #872, #1246 ) ;
#2625 = DIRECTION ( 'NONE',  ( -1.000000000000000000, 0.000000000000000000, -0.000000000000000000 ) ) ;
#2626 = ADVANCED_FACE ( 'NONE', ( #4480 ), #2616, .F. ) ;
#2627 = CARTESIAN_POINT ( 'NONE',  ( 38.80949612884483457, 38.85435886486266099, 11.29087459092477275 ) ) ;
#2628 = EDGE_LOOP ( 'NONE', ( #105, #3585, #782, #3394 ) ) ;
#2629 = DIRECTION ( 'NONE',  ( -1.000000000000000000, 0.000000000000000000, 0.000000000000000000 ) ) ;
#2630 = DIRECTION ( 'NONE',  ( -1.000000000000000000, 0.000000000000000000, 0.000000000000000000 ) ) ;
#2631 = EDGE_CURVE ( 'NONE', #1779, #1963, #2615, .T. ) ;
#2632 = VECTOR ( 'NONE', #702, 1.000000000000000000 ) ;
#2633 = ORIENTED_EDGE ( 'NONE', *, *, #2014, .T. ) ;
#2634 = CARTESIAN_POINT ( 'NONE',  ( 38.85027043089275622, 38.83156843628659516, 11.29087459092477275 ) ) ;
#2635 = CARTESIAN_POINT ( 'NONE',  ( 38.85119181988930848, 38.79446198997676731, 11.29087459092477275 ) ) ;
#2636 = AXIS2_PLACEMENT_3D ( 'NONE', #2313, #1842, #3346 ) ;
#2637 = VECTOR ( 'NONE', #3542, 1.000000000000000000 ) ;
#2638 = VECTOR ( 'NONE', #2613, 1.000000000000000000 ) ;
#2639 = CARTESIAN_POINT ( 'NONE',  ( 38.85553372609598455, 38.80432982856229529, 11.29087459092477275 ) ) ;
#2640 = AXIS2_PLACEMENT_3D ( 'NONE', #2159, #3654, #3771 ) ;
#2641 = DIRECTION ( 'NONE',  ( -0.000000000000000000, -0.000000000000000000, -1.000000000000000000 ) ) ;
#2642 = CARTESIAN_POINT ( 'NONE',  ( 38.83201554115697007, 38.78037774247791702, 11.29087459092477275 ) ) ;
#2643 = ORIENTED_EDGE ( 'NONE', *, *, #4113, .F. ) ;
#2644 = ORIENTED_EDGE ( 'NONE', *, *, #1605, .T. ) ;
#2645 = VECTOR ( 'NONE', #2064, 1.000000000000000000 ) ;
#2646 = DIRECTION ( 'NONE',  ( -1.000000000000000000, 0.000000000000000000, 0.000000000000000000 ) ) ;
#2647 = CIRCLE ( 'NONE', #769, 0.02935410264610068681 ) ;
#2648 = ORIENTED_EDGE ( 'NONE', *, *, #2943, .F. ) ;
#2649 = ORIENTED_EDGE ( 'NONE', *, *, #2572, .F. ) ;
#2650 = CARTESIAN_POINT ( 'NONE',  ( 38.77577188780607287, 38.80606992174659098, 11.27687459092477162 ) ) ;
#2651 = CARTESIAN_POINT ( 'NONE',  ( 38.84444387598902182, 38.78605415785568766, 11.29087459092477275 ) ) ;
#2652 = EDGE_CURVE ( 'NONE', #4363, #2602, #4416, .T. ) ;
#2653 = AXIS2_PLACEMENT_3D ( 'NONE', #4350, #2111, #254 ) ;
#2654 = CARTESIAN_POINT ( 'NONE',  ( 38.83462586311937770, 38.80834525700751669, 11.29634716460612509 ) ) ;
#2655 = EDGE_CURVE ( 'NONE', #1109, #529, #3404, .T. ) ;
#2656 = ORIENTED_EDGE ( 'NONE', *, *, #1011, .T. ) ;
#2657 = FACE_OUTER_BOUND ( 'NONE', #35, .T. ) ;
#2658 = DIRECTION ( 'NONE',  ( -1.000000000000000000, 0.000000000000000000, 0.000000000000000000 ) ) ;
#2659 = ADVANCED_FACE ( 'NONE', ( #4573 ), #1213, .T. ) ;
#2660 = CARTESIAN_POINT ( 'NONE',  ( 38.78460654307163225, 38.82329901491293356, 11.29087459092477275 ) ) ;
#2661 = CYLINDRICAL_SURFACE ( 'NONE', #3413, 0.03899994794847572166 ) ;
#2662 = ORIENTED_EDGE ( 'NONE', *, *, #1886, .T. ) ;
#2663 = DIRECTION ( 'NONE',  ( -0.000000000000000000, -0.000000000000000000, -1.000000000000000000 ) ) ;
#2664 = CARTESIAN_POINT ( 'NONE',  ( 38.79963426448603059, 38.84403458141191834, 11.29087459092477275 ) ) ;
#2665 = CARTESIAN_POINT ( 'NONE',  ( 38.78037771343636564, 38.83201547722379132, 11.29087459092477275 ) ) ;
#2666 = VERTEX_POINT ( 'NONE', #4211 ) ;
#2667 = DIRECTION ( 'NONE',  ( -1.000000000000000000, 0.000000000000000000, 0.000000000000000000 ) ) ;
#2668 = DIRECTION ( 'NONE',  ( -0.000000000000000000, -0.000000000000000000, 1.000000000000000000 ) ) ;
#2669 = ORIENTED_EDGE ( 'NONE', *, *, #822, .F. ) ;
#2670 = ORIENTED_EDGE ( 'NONE', *, *, #2557, .F. ) ;
#2671 = VERTEX_POINT ( 'NONE', #847 ) ;
#2672 = CARTESIAN_POINT ( 'NONE',  ( 38.81588593523276387, 38.81588593523273545, 11.28437459092477191 ) ) ;
#2673 = DIRECTION ( 'NONE',  ( -0.000000000000000000, 0.000000000000000000, -1.000000000000000000 ) ) ;
#2674 = FACE_OUTER_BOUND ( 'NONE', #2778, .T. ) ;
#2675 = EDGE_CURVE ( 'NONE', #4699, #1273, #1263, .T. ) ;
#2676 = ORIENTED_EDGE ( 'NONE', *, *, #4819, .T. ) ;
#2677 = DIRECTION ( 'NONE',  ( 0.000000000000000000, 0.000000000000000000, -1.000000000000000000 ) ) ;
#2678 = CARTESIAN_POINT ( 'NONE',  ( 38.81210041745022465, 38.85470172834716607, 11.29087459092477275 ) ) ;
#2679 = CYLINDRICAL_SURFACE ( 'NONE', #3986, 0.03899994794847572166 ) ;
#2680 = EDGE_CURVE ( 'NONE', #2396, #3357, #2063, .T. ) ;
#2681 = CARTESIAN_POINT ( 'NONE',  ( 38.79898531478633572, 38.82694994241342812, 11.29847281827357897 ) ) ;
#2682 = EDGE_CURVE ( 'NONE', #670, #3283, #2040, .T. ) ;
#2683 = DIRECTION ( 'NONE',  ( 0.000000000000000000, 0.000000000000000000, -1.000000000000000000 ) ) ;
#2684 = DIRECTION ( 'NONE',  ( -1.000000000000000000, 0.000000000000000000, 0.000000000000000000 ) ) ;
#2685 = CARTESIAN_POINT ( 'NONE',  ( 38.79974018364196553, 38.84119696126688837, 11.30407459073403764 ) ) ;
#2686 = ORIENTED_EDGE ( 'NONE', *, *, #2140, .F. ) ;
#2687 = CARTESIAN_POINT ( 'NONE',  ( 38.82973305097879546, 38.84252407929064788, 11.29207459073403719 ) ) ;
#2688 = LINE ( 'NONE', #1640, #601 ) ;
#2689 = EDGE_CURVE ( 'NONE', #1760, #2060, #522, .T. ) ;
#2690 = DIRECTION ( 'NONE',  ( 0.000000000000000000, -0.000000000000000000, 1.000000000000000000 ) ) ;
#2691 = VECTOR ( 'NONE', #2106, 1.000000000000000000 ) ;
#2692 = CARTESIAN_POINT ( 'NONE',  ( 38.84627559518109052, 38.80747350322886291, 11.29087459092477275 ) ) ;
#2693 = LINE ( 'NONE', #4196, #3583 ) ;
#2694 = VECTOR ( 'NONE', #957, 1.000000000000000000 ) ;
#2695 = ORIENTED_EDGE ( 'NONE', *, *, #1838, .F. ) ;
#2696 = APPLICATION_PROTOCOL_DEFINITION ( 'draft international standard', 'automotive_design', 1998, #1815 ) ;
#2697 = DIRECTION ( 'NONE',  ( -0.000000000000000000, -0.000000000000000000, -1.000000000000000000 ) ) ;
#2698 = VECTOR ( 'NONE', #1894, 1.000000000000000000 ) ;
#2699 = LINE ( 'NONE', #1979, #1780 ) ;
#2700 = ORIENTED_EDGE ( 'NONE', *, *, #1669, .F. ) ;
#2701 = AXIS2_PLACEMENT_3D ( 'NONE', #3297, #1833, #1811 ) ;
#2702 = CARTESIAN_POINT ( 'NONE',  ( 38.84302847617512100, 38.83213760597948294, 11.29087459092477275 ) ) ;
#2703 = LINE ( 'NONE', #3138, #1317 ) ;
#2704 = DIRECTION ( 'NONE',  ( -1.000000000000000000, 0.000000000000000000, 0.000000000000000000 ) ) ;
#2705 = CARTESIAN_POINT ( 'NONE',  ( 38.79752452365760718, 38.82430716857930975, 11.29949711793094025 ) ) ;
#2706 = ORIENTED_EDGE ( 'NONE', *, *, #3516, .F. ) ;
#2707 = AXIS2_PLACEMENT_3D ( 'NONE', #3763, #1078, #388 ) ;
#2708 = DIRECTION ( 'NONE',  ( 0.000000000000000000, 0.000000000000000000, -1.000000000000000000 ) ) ;
#2709 = DIRECTION ( 'NONE',  ( -0.000000000000000000, -0.000000000000000000, -1.000000000000000000 ) ) ;
#2710 = DIRECTION ( 'NONE',  ( -0.000000000000000000, -0.000000000000000000, -1.000000000000000000 ) ) ;
#2711 = ORIENTED_EDGE ( 'NONE', *, *, #229, .F. ) ;
#2712 = VECTOR ( 'NONE', #3488, 1.000000000000000000 ) ;
#2713 = AXIS2_PLACEMENT_3D ( 'NONE', #4606, #1248, #2747 ) ;
#2714 = DIRECTION ( 'NONE',  ( 0.000000000000000000, 0.000000000000000000, 1.000000000000000000 ) ) ;
#2715 = EDGE_CURVE ( 'NONE', #2844, #4344, #1609, .T. ) ;
#2716 = FACE_OUTER_BOUND ( 'NONE', #2036, .T. ) ;
#2717 = AXIS2_PLACEMENT_3D ( 'NONE', #2787, #4274, #1598 ) ;
#2718 = ORIENTED_EDGE ( 'NONE', *, *, #4791, .F. ) ;
#2719 = CARTESIAN_POINT ( 'NONE',  ( 38.83198731519124181, 38.79057294585202698, 11.29087459073403643 ) ) ;
#2720 = EDGE_CURVE ( 'NONE', #1258, #4257, #4756, .T. ) ;
#2721 = AXIS2_PLACEMENT_3D ( 'NONE', #483, #2387, #2308 ) ;
#2722 = CARTESIAN_POINT ( 'NONE',  ( 38.80062974770680029, 38.78759100871776866, 11.29087459092477275 ) ) ;
#2723 = EDGE_CURVE ( 'NONE', #3996, #1760, #2187, .T. ) ;
#2724 = LINE ( 'NONE', #4537, #4047 ) ;
#2725 = EDGE_LOOP ( 'NONE', ( #3709, #367, #4636, #2507 ) ) ;
#2726 = AXIS2_PLACEMENT_3D ( 'NONE', #2358, #4525, #101 ) ;
#2727 = ORIENTED_EDGE ( 'NONE', *, *, #241, .T. ) ;
#2728 = CARTESIAN_POINT ( 'NONE',  ( 38.84418082511670889, 38.83114218620552549, 11.27687459092477162 ) ) ;
#2729 = VERTEX_POINT ( 'NONE', #3853 ) ;
#2730 = SHAPE_DEFINITION_REPRESENTATION ( #3280, #906 ) ;
#2731 = DIRECTION ( 'NONE',  ( 0.000000000000000000, 0.000000000000000000, -1.000000000000000000 ) ) ;
#2732 = CARTESIAN_POINT ( 'NONE',  ( 38.82968867934644663, 38.84252211594408521, 11.29207459073403719 ) ) ;
#2733 = AXIS2_PLACEMENT_3D ( 'NONE', #1478, #2993, #3313 ) ;
#2734 = ORIENTED_EDGE ( 'NONE', *, *, #3149, .F. ) ;
#2735 = AXIS2_PLACEMENT_3D ( 'NONE', #3990, #3231, #217 ) ;
#2736 = DIRECTION ( 'NONE',  ( -1.000000000000000000, 0.000000000000000000, 0.000000000000000000 ) ) ;
#2737 = CARTESIAN_POINT ( 'NONE',  ( 38.79830792250012905, 38.82583943055304587, 11.29533917874024951 ) ) ;
#2738 = DIRECTION ( 'NONE',  ( -1.000000000000000000, 0.000000000000000000, 0.000000000000000000 ) ) ;
#2739 = ORIENTED_EDGE ( 'NONE', *, *, #3967, .T. ) ;
#2740 = CIRCLE ( 'NONE', #71, 0.03899994794847572166 ) ;
#2741 = ORIENTED_EDGE ( 'NONE', *, *, #2946, .F. ) ;
#2742 = LINE ( 'NONE', #3906, #686 ) ;
#2743 = CARTESIAN_POINT ( 'NONE',  ( 38.78058005057623348, 38.83730988048871779, 11.29087459092477275 ) ) ;
#2744 = VERTEX_POINT ( 'NONE', #3875 ) ;
#2745 = AXIS2_PLACEMENT_3D ( 'NONE', #4473, #1112, #3772 ) ;
#2746 = LINE ( 'NONE', #1612, #2007 ) ;
#2747 = DIRECTION ( 'NONE',  ( -1.000000000000000000, 0.000000000000000000, 0.000000000000000000 ) ) ;
#2748 = ORIENTED_EDGE ( 'NONE', *, *, #407, .T. ) ;
#2749 = ADVANCED_FACE ( 'NONE', ( #921 ), #3931, .T. ) ;
#2750 = EDGE_CURVE ( 'NONE', #1350, #4075, #3518, .T. ) ;
#2751 = ADVANCED_FACE ( 'NONE', ( #4622 ), #1633, .F. ) ;
#2752 = LINE ( 'NONE', #4610, #2780 ) ;
#2753 = DIRECTION ( 'NONE',  ( 0.000000000000000000, 0.000000000000000000, -1.000000000000000000 ) ) ;
#2754 = EDGE_LOOP ( 'NONE', ( #4747, #3812, #1652, #137 ) ) ;
#2755 = ORIENTED_EDGE ( 'NONE', *, *, #379, .F. ) ;
#2756 = EDGE_CURVE ( 'NONE', #4703, #2809, #3988, .T. ) ;
#2757 = ORIENTED_EDGE ( 'NONE', *, *, #2723, .F. ) ;
#2758 = CYLINDRICAL_SURFACE ( 'NONE', #3372, 0.03600013749699115806 ) ;
#2759 = ORIENTED_EDGE ( 'NONE', *, *, #919, .T. ) ;
#2760 = CARTESIAN_POINT ( 'NONE',  ( 38.79319968410939623, 38.84760863924660157, 11.29087459092477275 ) ) ;
#2761 = FACE_OUTER_BOUND ( 'NONE', #4177, .T. ) ;
#2762 = CARTESIAN_POINT ( 'NONE',  ( 38.79394933902183595, 38.78511224309523442, 11.29087459092477275 ) ) ;
#2763 = ORIENTED_EDGE ( 'NONE', *, *, #1661, .F. ) ;
#2764 = ORIENTED_EDGE ( 'NONE', *, *, #4370, .F. ) ;
#2765 = VERTEX_POINT ( 'NONE', #895 ) ;
#2766 = DIRECTION ( 'NONE',  ( -0.000000000000000000, 0.000000000000000000, -1.000000000000000000 ) ) ;
#2767 = FACE_OUTER_BOUND ( 'NONE', #1696, .T. ) ;
#2768 = VERTEX_POINT ( 'NONE', #4187 ) ;
#2769 = CARTESIAN_POINT ( 'NONE',  ( 38.80062974770680029, 38.78759100871776866, 11.27687459092477162 ) ) ;
#2770 = EDGE_CURVE ( 'NONE', #1657, #1754, #1302, .T. ) ;
#2771 = CARTESIAN_POINT ( 'NONE',  ( 38.83993343035454870, 38.78673199279841555, 11.29087459092477275 ) ) ;
#2772 = VERTEX_POINT ( 'NONE', #4644 ) ;
#2773 = ORIENTED_EDGE ( 'NONE', *, *, #2376, .F. ) ;
#2774 = EDGE_CURVE ( 'NONE', #246, #4714, #1863, .T. ) ;
#2775 = DIRECTION ( 'NONE',  ( -0.000000000000000000, -0.000000000000000000, -1.000000000000000000 ) ) ;
#2776 = CARTESIAN_POINT ( 'NONE',  ( 38.77826683796798335, 38.81949673875521967, 11.29087459092477275 ) ) ;
#2777 = EDGE_LOOP ( 'NONE', ( #3563, #4251, #4846, #2792, #4013, #2662, #4059, #1307 ) ) ;
#2778 = EDGE_LOOP ( 'NONE', ( #3695, #285, #1035, #4116 ) ) ;
#2779 = AXIS2_PLACEMENT_3D ( 'NONE', #1586, #858, #2416 ) ;
#2780 = VECTOR ( 'NONE', #4583, 1.000000000000000000 ) ;
#2781 =( NAMED_UNIT ( * ) SI_UNIT ( $, .STERADIAN. ) SOLID_ANGLE_UNIT ( ) );
#2782 = EDGE_CURVE ( 'NONE', #184, #2744, #1960, .T. ) ;
#2783 = CARTESIAN_POINT ( 'NONE',  ( 38.82213470568844826, 38.77861413290326453, 11.29087459092477275 ) ) ;
#2784 = VECTOR ( 'NONE', #2550, 1.000000000000000000 ) ;
#2785 = AXIS2_PLACEMENT_3D ( 'NONE', #4490, #1123, #2625 ) ;
#2786 = ORIENTED_EDGE ( 'NONE', *, *, #1661, .T. ) ;
#2787 = CARTESIAN_POINT ( 'NONE',  ( 38.81588593523277098, 38.81588593523274255, 11.29087459092477275 ) ) ;
#2788 = CARTESIAN_POINT ( 'NONE',  ( 38.84728170041792339, 38.80747350322886291, 11.29087459092477275 ) ) ;
#2789 = VECTOR ( 'NONE', #4261, 1.000000000000000000 ) ;
#2790 = EDGE_CURVE ( 'NONE', #1794, #3310, #2742, .T. ) ;
#2791 = ORIENTED_EDGE ( 'NONE', *, *, #658, .F. ) ;
#2792 = ORIENTED_EDGE ( 'NONE', *, *, #407, .F. ) ;
#2793 = DIRECTION ( 'NONE',  ( 0.000000000000000000, 0.000000000000000000, -1.000000000000000000 ) ) ;
#2794 = ORIENTED_EDGE ( 'NONE', *, *, #4507, .T. ) ;
#2795 = CARTESIAN_POINT ( 'NONE',  ( 38.78589306789594815, 38.81455881720898304, 11.29207459073403719 ) ) ;
#2796 = CARTESIAN_POINT ( 'NONE',  ( 38.78037774247794545, 38.79975632930853635, 11.27687459092477162 ) ) ;
#2797 = ORIENTED_EDGE ( 'NONE', *, *, #2774, .T. ) ;
#2798 = CARTESIAN_POINT ( 'NONE',  ( 38.84665962737027201, 38.79394933902180753, 11.29087459092477275 ) ) ;
#2799 = VECTOR ( 'NONE', #2641, 1.000000000000000000 ) ;
#2800 = VERTEX_POINT ( 'NONE', #2795 ) ;
#2801 = VECTOR ( 'NONE', #2588, 1.000000000000000000 ) ;
#2802 = CARTESIAN_POINT ( 'NONE',  ( 38.84760863924662999, 38.83857218635611730, 11.29087459092477275 ) ) ;
#2803 = CIRCLE ( 'NONE', #685, 0.03899994794847572166 ) ;
#2804 = AXIS2_PLACEMENT_3D ( 'NONE', #4599, #456, #3162 ) ;
#2805 = DIRECTION ( 'NONE',  ( -1.000000000000000000, 0.000000000000000000, 0.000000000000000000 ) ) ;
#2806 = LINE ( 'NONE', #3170, #508 ) ;
#2807 = LINE ( 'NONE', #27, #3515 ) ;
#2808 = ORIENTED_EDGE ( 'NONE', *, *, #1124, .F. ) ;
#2809 = VERTEX_POINT ( 'NONE', #3464 ) ;
#2810 = DIRECTION ( 'NONE',  ( 0.000000000000000000, -0.000000000000000000, 1.000000000000000000 ) ) ;
#2811 = VECTOR ( 'NONE', #1026, 1.000000000000000000 ) ;
#2812 = ORIENTED_EDGE ( 'NONE', *, *, #2917, .T. ) ;
#2813 = EDGE_CURVE ( 'NONE', #3558, #278, #2261, .T. ) ;
#2814 = CARTESIAN_POINT ( 'NONE',  ( 38.84728170041792339, 38.80747350322886291, 11.29087459092477275 ) ) ;
#2815 = CARTESIAN_POINT ( 'NONE',  ( 38.77937252229335030, 38.80218313933193031, 11.27687459092477162 ) ) ;
#2816 = AXIS2_PLACEMENT_3D ( 'NONE', #2788, #3556, #573 ) ;
#2817 = ORIENTED_EDGE ( 'NONE', *, *, #827, .T. ) ;
#2818 = ORIENTED_EDGE ( 'NONE', *, *, #4022, .T. ) ;
#2819 = DIRECTION ( 'NONE',  ( -0.4612290001997944033, -0.8872811332236801851, 0.000000000000000000 ) ) ;
#2820 = CIRCLE ( 'NONE', #4847, 0.03600013749698947191 ) ;
#2821 = VERTEX_POINT ( 'NONE', #3295 ) ;
#2822 = EDGE_CURVE ( 'NONE', #943, #552, #4135, .T. ) ;
#2823 = CARTESIAN_POINT ( 'NONE',  ( 38.83156843628662358, 38.78150143957275731, 11.27687459092477162 ) ) ;
#2824 = CARTESIAN_POINT ( 'NONE',  ( 38.85027043089275622, 38.83156843628659516, 11.27687459092477162 ) ) ;
#2825 = ORIENTED_EDGE ( 'NONE', *, *, #2248, .F. ) ;
#2826 = EDGE_LOOP ( 'NONE', ( #2763, #4201 ) ) ;
#2827 = DIRECTION ( 'NONE',  ( -0.7071067811865474617, 0.7071067811865474617, 0.000000000000000000 ) ) ;
#2828 = AXIS2_PLACEMENT_3D ( 'NONE', #1355, #3261, #2523 ) ;
#2829 = ORIENTED_EDGE ( 'NONE', *, *, #2373, .F. ) ;
#2830 = AXIS2_PLACEMENT_3D ( 'NONE', #3723, #1155, #3 ) ;
#2831 = DIRECTION ( 'NONE',  ( 0.4612290002001152023, 0.8872811332235133186, 0.000000000000000000 ) ) ;
#2832 = FACE_OUTER_BOUND ( 'NONE', #803, .T. ) ;
#2833 = DIRECTION ( 'NONE',  ( -0.000000000000000000, -0.000000000000000000, -1.000000000000000000 ) ) ;
#2834 = CARTESIAN_POINT ( 'NONE',  ( 38.84302851280614988, 38.79963432793280731, 11.29087459092477275 ) ) ;
#2835 = EDGE_LOOP ( 'NONE', ( #947, #2282 ) ) ;
#2836 = ORIENTED_EDGE ( 'NONE', *, *, #2011, .T. ) ;
#2837 = CARTESIAN_POINT ( 'NONE',  ( 38.80949619811603668, 38.77741299409792930, 11.27687459092477162 ) ) ;
#2838 = ORIENTED_EDGE ( 'NONE', *, *, #2373, .T. ) ;
#2839 = CARTESIAN_POINT ( 'NONE',  ( 38.84728168145630889, 38.82429843800235147, 11.29087459092477275 ) ) ;
#2840 = CARTESIAN_POINT ( 'NONE',  ( 38.78576230400921787, 38.79111573576057026, 11.29087459092477275 ) ) ;
#2841 = CARTESIAN_POINT ( 'NONE',  ( 38.79911215328336738, 38.82714116686582173, 11.29717708703576129 ) ) ;
#2842 = ORIENTED_EDGE ( 'NONE', *, *, #2146, .F. ) ;
#2843 = EDGE_CURVE ( 'NONE', #2844, #4240, #4701, .T. ) ;
#2844 = VERTEX_POINT ( 'NONE', #3617 ) ;
#2845 = CARTESIAN_POINT ( 'NONE',  ( 38.83156843628662358, 38.78150143957275731, 11.29087459092477275 ) ) ;
#2846 = ORIENTED_EDGE ( 'NONE', *, *, #4028, .T. ) ;
#2847 = FACE_OUTER_BOUND ( 'NONE', #1431, .T. ) ;
#2848 = EDGE_CURVE ( 'NONE', #3463, #3013, #1937, .T. ) ;
#2849 = CARTESIAN_POINT ( 'NONE',  ( 38.80949612884483457, 38.85435886486266099, 11.29087459092477275 ) ) ;
#2850 = ORIENTED_EDGE ( 'NONE', *, *, #585, .F. ) ;
#2851 = DIRECTION ( 'NONE',  ( -1.000000000000000000, 0.000000000000000000, 0.000000000000000000 ) ) ;
#2852 = EDGE_CURVE ( 'NONE', #4323, #1492, #3285, .T. ) ;
#2853 = AXIS2_PLACEMENT_3D ( 'NONE', #2333, #4237, #869 ) ;
#2854 = ORIENTED_EDGE ( 'NONE', *, *, #2597, .T. ) ;
#2855 = CARTESIAN_POINT ( 'NONE',  ( 38.78037771343636564, 38.83201547722379132, 11.29087459092477275 ) ) ;
#2856 = LINE ( 'NONE', #2393, #1719 ) ;
#2857 = EDGE_CURVE ( 'NONE', #1804, #1279, #2105, .T. ) ;
#2858 = CYLINDRICAL_SURFACE ( 'NONE', #888, 0.03899994794847572166 ) ;
#2859 = LINE ( 'NONE', #1693, #425 ) ;
#2860 = CARTESIAN_POINT ( 'NONE',  ( 38.79971969813379928, 38.84115755263280079, 11.29087459073403643 ) ) ;
#2861 = ORIENTED_EDGE ( 'NONE', *, *, #2162, .T. ) ;
#2862 = ORIENTED_EDGE ( 'NONE', *, *, #472, .F. ) ;
#2863 = CARTESIAN_POINT ( 'NONE',  ( 38.79974018364196553, 38.84119696126688837, 11.30287459073403689 ) ) ;
#2864 = DIRECTION ( 'NONE',  ( -0.000000000000000000, 0.000000000000000000, -1.000000000000000000 ) ) ;
#2865 = AXIS2_PLACEMENT_3D ( 'NONE', #3478, #546, #1593 ) ;
#2866 = VERTEX_POINT ( 'NONE', #4030 ) ;
#2867 = DIRECTION ( 'NONE',  ( 0.000000000000000000, 0.000000000000000000, -1.000000000000000000 ) ) ;
#2868 = CARTESIAN_POINT ( 'NONE',  ( 38.77861413290329295, 38.80963716477706527, 11.29087459092477275 ) ) ;
#2869 = DIRECTION ( 'NONE',  ( -0.7071067811865474617, 0.7071067811865474617, 0.000000000000000000 ) ) ;
#2870 = AXIS2_PLACEMENT_3D ( 'NONE', #1372, #1050, #2129 ) ;
#2871 = ORIENTED_EDGE ( 'NONE', *, *, #196, .T. ) ;
#2872 = ORIENTED_EDGE ( 'NONE', *, *, #1940, .T. ) ;
#2873 = VECTOR ( 'NONE', #1048, 1.000000000000000000 ) ;
#2874 = AXIS2_PLACEMENT_3D ( 'NONE', #94, #2668, #1512 ) ;
#2875 = DIRECTION ( 'NONE',  ( 0.000000000000000000, -0.000000000000000000, 1.000000000000000000 ) ) ;
#2876 = CARTESIAN_POINT ( 'NONE',  ( 38.82958866539051002, 38.85239937284423206, 11.29087459092477275 ) ) ;
#2877 = ORIENTED_EDGE ( 'NONE', *, *, #2099, .F. ) ;
#2878 = CARTESIAN_POINT ( 'NONE',  ( 38.79900996728238738, 38.78852618938183383, 11.27687459092477162 ) ) ;
#2879 = AXIS2_PLACEMENT_3D ( 'NONE', #1762, #4705, #2851 ) ;
#2880 = EDGE_LOOP ( 'NONE', ( #3829, #4504, #475, #3175 ) ) ;
#2881 = CARTESIAN_POINT ( 'NONE',  ( 38.82911024244048548, 38.85128864812273974, 11.29087459092477275 ) ) ;
#2882 = ADVANCED_FACE ( 'NONE', ( #2847 ), #2547, .F. ) ;
#2883 = CIRCLE ( 'NONE', #3426, 0.001006105236833839843 ) ;
#2884 = SURFACE_SIDE_STYLE ('',( #1369 ) ) ;
#2885 = ORIENTED_EDGE ( 'NONE', *, *, #3116, .T. ) ;
#2886 = DIRECTION ( 'NONE',  ( -1.000000000000000000, 0.000000000000000000, 0.000000000000000000 ) ) ;
#2887 = DIRECTION ( 'NONE',  ( -0.9659258262892763680, -0.2588190451017443605, 0.000000000000000000 ) ) ;
#2888 = CIRCLE ( 'NONE', #439, 0.03600013749698843801 ) ;
#2889 = VERTEX_POINT ( 'NONE', #1359 ) ;
#2890 = EDGE_CURVE ( 'NONE', #4356, #1717, #365, .T. ) ;
#2891 = CIRCLE ( 'NONE', #521, 0.001006105236832866012 ) ;
#2892 = AXIS2_PLACEMENT_3D ( 'NONE', #4777, #4673, #1043 ) ;
#2893 = DIRECTION ( 'NONE',  ( 0.000000000000000000, 0.000000000000000000, -1.000000000000000000 ) ) ;
#2894 = ORIENTED_EDGE ( 'NONE', *, *, #1940, .F. ) ;
#2895 = CARTESIAN_POINT ( 'NONE',  ( 38.82973305097879546, 38.84252407929064788, 11.29207459073403719 ) ) ;
#2896 = CARTESIAN_POINT ( 'NONE',  ( 38.82429836723665773, 38.84728170041789497, 11.29087459092477275 ) ) ;
#2897 = AXIS2_PLACEMENT_3D ( 'NONE', #1128, #671, #4068 ) ;
#2898 = VERTEX_POINT ( 'NONE', #4357 ) ;
#2899 = CARTESIAN_POINT ( 'NONE',  ( 38.84585491644542543, 38.81725049854401277, 11.29207459073403719 ) ) ;
#2900 = ORIENTED_EDGE ( 'NONE', *, *, #3793, .F. ) ;
#2901 = CIRCLE ( 'NONE', #4686, 0.03600013749699304544 ) ;
#2902 = PLANE ( 'NONE',  #3042 ) ;
#2903 = PLANE ( 'NONE',  #60 ) ;
#2904 = DIRECTION ( 'NONE',  ( -0.000000000000000000, -0.000000000000000000, 1.000000000000000000 ) ) ;
#2905 = AXIS2_PLACEMENT_3D ( 'NONE', #2965, #1087, #3291 ) ;
#2906 = DIRECTION ( 'NONE',  ( 0.000000000000000000, 0.000000000000000000, -1.000000000000000000 ) ) ;
#2907 = VERTEX_POINT ( 'NONE', #2477 ) ;
#2908 = CARTESIAN_POINT ( 'NONE',  ( 38.85239934817219165, 38.82958873113355480, 11.27687459092477162 ) ) ;
#2909 = AXIS2_PLACEMENT_3D ( 'NONE', #4306, #2793, #946 ) ;
#2910 = ORIENTED_EDGE ( 'NONE', *, *, #2782, .T. ) ;
#2911 = CARTESIAN_POINT ( 'NONE',  ( 38.80963716477709369, 38.85315773756222058, 11.29087459092477275 ) ) ;
#2912 = EDGE_CURVE ( 'NONE', #3408, #1872, #3522, .T. ) ;
#2913 = DIRECTION ( 'NONE',  ( -0.000000000000000000, -0.000000000000000000, -1.000000000000000000 ) ) ;
#2914 = CIRCLE ( 'NONE', #147, 0.02935410264609947945 ) ;
#2915 = ORIENTED_EDGE ( 'NONE', *, *, #1244, .F. ) ;
#2916 = CARTESIAN_POINT ( 'NONE',  ( 38.83281701767911187, 38.80486816998121213, 11.29860609051074682 ) ) ;
#2917 = EDGE_CURVE ( 'NONE', #4707, #2936, #3201, .T. ) ;
#2918 = EDGE_LOOP ( 'NONE', ( #4307, #1769, #1387, #3887 ) ) ;
#2919 = CYLINDRICAL_SURFACE ( 'NONE', #2262, 0.02250000000000085265 ) ;
#2920 = CARTESIAN_POINT ( 'NONE',  ( 38.81210048733875340, 38.77707013530248759, 11.29087459092477275 ) ) ;
#2921 = CARTESIAN_POINT ( 'NONE',  ( 38.84418086174774487, 38.80062974770677187, 11.29087459092477275 ) ) ;
#2922 = DIRECTION ( 'NONE',  ( -0.000000000000000000, -0.000000000000000000, 1.000000000000000000 ) ) ;
#2923 = ORIENTED_EDGE ( 'NONE', *, *, #4580, .T. ) ;
#2924 = DIRECTION ( 'NONE',  ( 0.000000000000000000, -0.000000000000000000, 1.000000000000000000 ) ) ;
#2925 = DIRECTION ( 'NONE',  ( 0.000000000000000000, 0.000000000000000000, -1.000000000000000000 ) ) ;
#2926 = DIRECTION ( 'NONE',  ( -1.000000000000000000, 0.000000000000000000, 0.000000000000000000 ) ) ;
#2927 = LINE ( 'NONE', #2855, #2784 ) ;
#2928 = EDGE_CURVE ( 'NONE', #2666, #1370, #3120, .T. ) ;
#2929 = EDGE_LOOP ( 'NONE', ( #3927, #737, #175, #2153 ) ) ;
#2930 = DIRECTION ( 'NONE',  ( -0.8660254037867568533, -0.4999999999959848784, 0.000000000000000000 ) ) ;
#2931 = DIRECTION ( 'NONE',  ( -1.000000000000000000, 0.000000000000000000, 0.000000000000000000 ) ) ;
#2932 = ORIENTED_EDGE ( 'NONE', *, *, #467, .F. ) ;
#2933 = EDGE_CURVE ( 'NONE', #1448, #1351, #4308, .T. ) ;
#2934 = CARTESIAN_POINT ( 'NONE',  ( 38.82973305097879546, 38.84252407929064788, 11.30407459073403764 ) ) ;
#2935 = CARTESIAN_POINT ( 'NONE',  ( 38.83290881595073785, 38.80500913625903081, 11.29885695519653588 ) ) ;
#2936 = VERTEX_POINT ( 'NONE', #638 ) ;
#2937 = CARTESIAN_POINT ( 'NONE',  ( 38.79290262101311981, 38.83886919764828605, 11.29087459092477275 ) ) ;
#2938 = CARTESIAN_POINT ( 'NONE',  ( 38.81588593523277098, 38.81588593523274255, 11.27687459092477162 ) ) ;
#2939 = CARTESIAN_POINT ( 'NONE',  ( 38.81682107926580017, 38.84801815415590909, 11.29087459092477275 ) ) ;
#2940 = EDGE_CURVE ( 'NONE', #184, #648, #1702, .T. ) ;
#2941 = ORIENTED_EDGE ( 'NONE', *, *, #694, .T. ) ;
#2942 = LINE ( 'NONE', #3332, #2632 ) ;
#2943 = EDGE_CURVE ( 'NONE', #116, #4786, #3589, .T. ) ;
#2944 = ORIENTED_EDGE ( 'NONE', *, *, #1985, .F. ) ;
#2945 = FACE_OUTER_BOUND ( 'NONE', #1180, .T. ) ;
#2946 = EDGE_CURVE ( 'NONE', #2087, #2555, #3909, .T. ) ;
#2947 = AXIS2_PLACEMENT_3D ( 'NONE', #3943, #3527, #1267 ) ;
#2948 = CARTESIAN_POINT ( 'NONE',  ( 38.84600961105545736, 38.79111578999874155, 11.29087459092477275 ) ) ;
#2949 = EDGE_CURVE ( 'NONE', #4786, #2454, #1785, .T. ) ;
#2950 = AXIS2_PLACEMENT_3D ( 'NONE', #726, #2999, #2307 ) ;
#2951 = CARTESIAN_POINT ( 'NONE',  ( 38.78773725242255921, 38.83213754253267780, 11.29087459092477275 ) ) ;
#2952 = CARTESIAN_POINT ( 'NONE',  ( 38.82429843800237990, 38.78449018900921175, 11.29087459092477275 ) ) ;
#2953 = ORIENTED_EDGE ( 'NONE', *, *, #341, .T. ) ;
#2954 = AXIS2_PLACEMENT_3D ( 'NONE', #1174, #3770, #2348 ) ;
#2955 = CARTESIAN_POINT ( 'NONE',  ( 38.78460656203324675, 38.80847278478682938, 11.29087459092477275 ) ) ;
#2956 = LINE ( 'NONE', #1507, #2186 ) ;
#2957 = ORIENTED_EDGE ( 'NONE', *, *, #1250, .F. ) ;
#2958 = CARTESIAN_POINT ( 'NONE',  ( 38.81588593523277098, 38.81588593523274255, 11.29087459092477275 ) ) ;
#2959 = CARTESIAN_POINT ( 'NONE',  ( 38.83440011723592988, 38.80780632652248130, 11.29926515604237736 ) ) ;
#2960 = EDGE_LOOP ( 'NONE', ( #210, #2829, #1471, #2871 ) ) ;
#2961 = VECTOR ( 'NONE', #2972, 1.000000000000000000 ) ;
#2962 = DIRECTION ( 'NONE',  ( 0.000000000000000000, 0.000000000000000000, -1.000000000000000000 ) ) ;
#2963 = ORIENTED_EDGE ( 'NONE', *, *, #3659, .F. ) ;
#2964 = CARTESIAN_POINT ( 'NONE',  ( 38.84065613470494327, 38.78576230400918945, 11.29087459092477275 ) ) ;
#2965 = CARTESIAN_POINT ( 'NONE',  ( 38.83156843628662358, 38.78150143957275731, 11.29087459092477275 ) ) ;
#2966 = CIRCLE ( 'NONE', #4063, 0.03600013749698947191 ) ;
#2967 = VECTOR ( 'NONE', #496, 1.000000000000000000 ) ;
#2968 = CARTESIAN_POINT ( 'NONE',  ( 38.85599998265946908, 38.82570194871889413, 11.29087459092477275 ) ) ;
#2969 = ADVANCED_FACE ( 'NONE', ( #1787 ), #2902, .F. ) ;
#2970 = LINE ( 'NONE', #1090, #855 ) ;
#2971 = EDGE_LOOP ( 'NONE', ( #924, #1813, #4208, #2794 ) ) ;
#2972 = DIRECTION ( 'NONE',  ( -0.000000000000000000, -0.000000000000000000, -1.000000000000000000 ) ) ;
#2973 = EDGE_CURVE ( 'NONE', #758, #2772, #4286, .T. ) ;
#2974 = VECTOR ( 'NONE', #2328, 1.000000000000000000 ) ;
#2975 = DIRECTION ( 'NONE',  ( -0.8660254037867568533, 0.4999999999959848784, 0.000000000000000000 ) ) ;
#2976 = EDGE_CURVE ( 'NONE', #1490, #4010, #4440, .T. ) ;
#2977 = ADVANCED_FACE ( 'NONE', ( #2657 ), #2258, .F. ) ;
#2978 = CIRCLE ( 'NONE', #532, 0.001006105236836115583 ) ;
#2979 = DIRECTION ( 'NONE',  ( -1.000000000000000000, 0.000000000000000000, 0.000000000000000000 ) ) ;
#2980 = ORIENTED_EDGE ( 'NONE', *, *, #3836, .T. ) ;
#2981 = ORIENTED_EDGE ( 'NONE', *, *, #793, .T. ) ;
#2982 = CIRCLE ( 'NONE', #1473, 0.001006105236833839843 ) ;
#2983 = DIRECTION ( 'NONE',  ( -0.000000000000000000, -0.000000000000000000, 1.000000000000000000 ) ) ;
#2984 = CARTESIAN_POINT ( 'NONE',  ( 38.79974018364196553, 38.84119696126688837, 11.30287459073403689 ) ) ;
#2985 = ORIENTED_EDGE ( 'NONE', *, *, #4456, .T. ) ;
#2986 = VERTEX_POINT ( 'NONE', #4164 ) ;
#2987 = CARTESIAN_POINT ( 'NONE',  ( 38.83794554663666077, 38.83926814361912960, 11.29087459092477275 ) ) ;
#2988 = DIRECTION ( 'NONE',  ( 0.8660254037845108721, -0.4999999999998750999, 0.000000000000000000 ) ) ;
#2989 = ORIENTED_EDGE ( 'NONE', *, *, #4421, .T. ) ;
#2990 = CARTESIAN_POINT ( 'NONE',  ( 38.84403458141195387, 38.83213760597948294, 11.29087459092477275 ) ) ;
#2991 = ORIENTED_EDGE ( 'NONE', *, *, #3353, .F. ) ;
#2992 = CARTESIAN_POINT ( 'NONE',  ( 38.83926814361915802, 38.79382632382884566, 11.29087459092477275 ) ) ;
#2993 = DIRECTION ( 'NONE',  ( 0.000000000000000000, -0.000000000000000000, -1.000000000000000000 ) ) ;
#2994 = DIRECTION ( 'NONE',  ( -1.000000000000000000, 0.000000000000000000, 0.000000000000000000 ) ) ;
#2995 = VERTEX_POINT ( 'NONE', #1858 ) ;
#2996 = DIRECTION ( 'NONE',  ( -1.000000000000000000, 0.000000000000000000, 0.000000000000000000 ) ) ;
#2997 = CARTESIAN_POINT ( 'NONE',  ( 38.81588593523277098, 38.81588593523274255, 11.29087459092477275 ) ) ;
#2998 = EDGE_CURVE ( 'NONE', #4103, #2173, #2213, .T. ) ;
#2999 = DIRECTION ( 'NONE',  ( -0.000000000000000000, 0.000000000000000000, 1.000000000000000000 ) ) ;
#3000 = EDGE_CURVE ( 'NONE', #3996, #4560, #4144, .T. ) ;
#3001 = CARTESIAN_POINT ( 'NONE',  ( 38.84302847617512100, 38.83213760597948294, 11.27687459092477162 ) ) ;
#3002 = DIRECTION ( 'NONE',  ( -0.000000000000000000, -0.000000000000000000, 1.000000000000000000 ) ) ;
#3003 = ORIENTED_EDGE ( 'NONE', *, *, #3612, .T. ) ;
#3004 = ORIENTED_EDGE ( 'NONE', *, *, #2715, .T. ) ;
#3005 = EDGE_CURVE ( 'NONE', #1295, #1445, #3596, .T. ) ;
#3006 = FACE_OUTER_BOUND ( 'NONE', #3159, .T. ) ;
#3007 = PLANE ( 'NONE',  #2785 ) ;
#3008 = DIRECTION ( 'NONE',  ( 0.000000000000000000, 0.000000000000000000, -1.000000000000000000 ) ) ;
#3009 = ORIENTED_EDGE ( 'NONE', *, *, #2940, .F. ) ;
#3010 = DIRECTION ( 'NONE',  ( 0.000000000000000000, -0.000000000000000000, 1.000000000000000000 ) ) ;
#3011 = CARTESIAN_POINT ( 'NONE',  ( 38.81588593523277098, 38.81588593523274255, 11.27687459092477162 ) ) ;
#3012 = DIRECTION ( 'NONE',  ( 0.000000000000000000, 0.000000000000000000, -1.000000000000000000 ) ) ;
#3013 = VERTEX_POINT ( 'NONE', #4120 ) ;
#3014 = DIRECTION ( 'NONE',  ( -0.000000000000000000, -0.000000000000000000, -1.000000000000000000 ) ) ;
#3015 = DIRECTION ( 'NONE',  ( -0.04420453547656873899, 0.9990225017702558663, 0.000000000000000000 ) ) ;
#3016 = AXIS2_PLACEMENT_3D ( 'NONE', #2958, #1107, #1081 ) ;
#3017 = DIRECTION ( 'NONE',  ( 0.000000000000000000, 0.000000000000000000, -1.000000000000000000 ) ) ;
#3018 = ORIENTED_EDGE ( 'NONE', *, *, #4218, .T. ) ;
#3019 = AXIS2_PLACEMENT_3D ( 'NONE', #340, #322, #4836 ) ;
#3020 = LINE ( 'NONE', #4506, #2799 ) ;
#3021 = CARTESIAN_POINT ( 'NONE',  ( 38.80203881948674649, 38.78924779117483723, 11.29207459073403719 ) ) ;
#3022 = ORIENTED_EDGE ( 'NONE', *, *, #2557, .T. ) ;
#3023 = ADVANCED_FACE ( 'NONE', ( #2284 ), #770, .T. ) ;
#3024 = ORIENTED_EDGE ( 'NONE', *, *, #1017, .F. ) ;
#3025 = AXIS2_PLACEMENT_3D ( 'NONE', #2052, #2753, #4342 ) ;
#3026 = CARTESIAN_POINT ( 'NONE',  ( 38.84571771260982587, 38.84444387598900050, 11.29087459092477275 ) ) ;
#3027 = VECTOR ( 'NONE', #3226, 1.000000000000000222 ) ;
#3028 = ADVANCED_FACE ( 'NONE', ( #1902 ), #1482, .T. ) ;
#3029 = DIRECTION ( 'NONE',  ( -1.000000000000000000, 0.000000000000000000, 0.000000000000000000 ) ) ;
#3030 = ORIENTED_EDGE ( 'NONE', *, *, #4462, .F. ) ;
#3031 = FACE_OUTER_BOUND ( 'NONE', #1337, .T. ) ;
#3032 = CARTESIAN_POINT ( 'NONE',  ( 38.78576225941008460, 38.84065608046674356, 11.27687459092477162 ) ) ;
#3033 = VECTOR ( 'NONE', #3710, 1.000000000000000000 ) ;
#3034 = DIRECTION ( 'NONE',  ( 0.000000000000000000, 0.000000000000000000, -1.000000000000000000 ) ) ;
#3035 = FACE_OUTER_BOUND ( 'NONE', #269, .T. ) ;
#3036 = AXIS2_PLACEMENT_3D ( 'NONE', #1694, #810, #3172 ) ;
#3037 = ORIENTED_EDGE ( 'NONE', *, *, #1908, .T. ) ;
#3038 = CARTESIAN_POINT ( 'NONE',  ( 38.83857212923881974, 38.84760868009354340, 11.29087459092477275 ) ) ;
#3039 = CARTESIAN_POINT ( 'NONE',  ( 38.84571771260982587, 38.84444387598900050, 11.27687459092477162 ) ) ;
#3040 = LINE ( 'NONE', #2660, #3978 ) ;
#3041 = AXIS2_PLACEMENT_3D ( 'NONE', #1891, #1144, #4087 ) ;
#3042 = AXIS2_PLACEMENT_3D ( 'NONE', #4389, #1025, #2529 ) ;
#3043 = DIRECTION ( 'NONE',  ( 0.9659258262894446778, 0.2588190451011160298, 0.000000000000000000 ) ) ;
#3044 = DIRECTION ( 'NONE',  ( -0.000000000000000000, -0.000000000000000000, 1.000000000000000000 ) ) ;
#3045 = VECTOR ( 'NONE', #2469, 1.000000000000000000 ) ;
#3046 = CARTESIAN_POINT ( 'NONE',  ( 38.84418086174774487, 38.80062974770677187, 11.27687459092477162 ) ) ;
#3047 = CARTESIAN_POINT ( 'NONE',  ( 38.79394933902183595, 38.78511224309523442, 11.29087459092477275 ) ) ;
#3048 = VECTOR ( 'NONE', #2334, 1.000000000000000000 ) ;
#3049 = CARTESIAN_POINT ( 'NONE',  ( 38.79703662278247123, 38.82314840176630355, 11.29747459073403704 ) ) ;
#3050 = DIRECTION ( 'NONE',  ( -1.000000000000000000, 0.000000000000000000, 0.000000000000000000 ) ) ;
#3051 = VERTEX_POINT ( 'NONE', #3334 ) ;
#3052 =( NAMED_UNIT ( * ) PLANE_ANGLE_UNIT ( ) SI_UNIT ( $, .RADIAN. ) );
#3053 = CIRCLE ( 'NONE', #926, 0.03899994794847572166 ) ;
#3054 = ADVANCED_FACE ( 'NONE', ( #705 ), #4477, .T. ) ;
#3055 = DIRECTION ( 'NONE',  ( -0.000000000000000000, -0.000000000000000000, -1.000000000000000000 ) ) ;
#3056 = CIRCLE ( 'NONE', #2038, 0.03600013749699044335 ) ;
#3057 = EDGE_CURVE ( 'NONE', #2765, #4323, #1115, .T. ) ;
#3058 = VERTEX_POINT ( 'NONE', #3777 ) ;
#3059 = VERTEX_POINT ( 'NONE', #2591 ) ;
#3060 = CARTESIAN_POINT ( 'NONE',  ( 38.79975632930856477, 38.85139412798756808, 11.27687459092477162 ) ) ;
#3061 = CARTESIAN_POINT ( 'NONE',  ( 38.84728168145630889, 38.82429843800235147, 11.27687459092477162 ) ) ;
#3062 = CIRCLE ( 'NONE', #2653, 0.03600013749699044335 ) ;
#3063 = EDGE_CURVE ( 'NONE', #584, #1421, #1865, .T. ) ;
#3064 = CYLINDRICAL_SURFACE ( 'NONE', #1298, 0.001006105236832866012 ) ;
#3065 = ORIENTED_EDGE ( 'NONE', *, *, #2107, .F. ) ;
#3066 = LINE ( 'NONE', #3848, #2418 ) ;
#3067 = CARTESIAN_POINT ( 'NONE',  ( 38.80606992174661229, 38.85599998265943356, 11.29087459092477275 ) ) ;
#3068 = DIRECTION ( 'NONE',  ( -1.000000000000000000, 0.000000000000000000, 0.000000000000000000 ) ) ;
#3069 = EDGE_CURVE ( 'NONE', #4143, #3310, #213, .T. ) ;
#3070 = LINE ( 'NONE', #86, #1139 ) ;
#3071 = CARTESIAN_POINT ( 'NONE',  ( 38.79281662576894973, 38.82787788923793215, 11.29747459073403704 ) ) ;
#3072 = PLANE ( 'NONE',  #3603 ) ;
#3073 = CARTESIAN_POINT ( 'NONE',  ( 38.81588593523277098, 38.81588593523274255, 11.29207459073403719 ) ) ;
#3074 = CARTESIAN_POINT ( 'NONE',  ( 38.84838921327945371, 38.81588597186377854, 11.27687459092477162 ) ) ;
#3075 = ORIENTED_EDGE ( 'NONE', *, *, #4850, .F. ) ;
#3076 = CARTESIAN_POINT ( 'NONE',  ( 38.82968867934644663, 38.84252211594408521, 11.29087459073403643 ) ) ;
#3077 = ORIENTED_EDGE ( 'NONE', *, *, #694, .F. ) ;
#3078 = CARTESIAN_POINT ( 'NONE',  ( 38.85139415702917631, 38.79975639324169379, 11.29087459092477275 ) ) ;
#3079 = DIRECTION ( 'NONE',  ( -0.000000000000000000, 0.000000000000000000, -1.000000000000000000 ) ) ;
#3080 = ORIENTED_EDGE ( 'NONE', *, *, #1797, .F. ) ;
#3081 = EDGE_LOOP ( 'NONE', ( #3429, #2757, #4284, #2388 ) ) ;
#3082 = PRODUCT_CONTEXT ( 'NONE', #2571, 'mechanical' ) ;
#3083 = DIRECTION ( 'NONE',  ( 0.000000000000000000, -0.000000000000000000, -1.000000000000000000 ) ) ;
#3084 = DIRECTION ( 'NONE',  ( -1.000000000000000000, 0.000000000000000000, 0.000000000000000000 ) ) ;
#3085 = ORIENTED_EDGE ( 'NONE', *, *, #3900, .T. ) ;
#3086 = EDGE_CURVE ( 'NONE', #1270, #469, #833, .T. ) ;
#3087 = CYLINDRICAL_SURFACE ( 'NONE', #1623, 0.03000003113258031817 ) ;
#3088 = CARTESIAN_POINT ( 'NONE',  ( 38.79720324607142601, 38.82356970706388921, 11.29609222627153819 ) ) ;
#3089 = CYLINDRICAL_SURFACE ( 'NONE', #3508, 0.03899994794847572166 ) ;
#3090 = FACE_OUTER_BOUND ( 'NONE', #2960, .T. ) ;
#3091 = ORIENTED_EDGE ( 'NONE', *, *, #658, .T. ) ;
#3092 = ADVANCED_FACE ( 'NONE', ( #2945 ), #2568, .F. ) ;
#3093 = CARTESIAN_POINT ( 'NONE',  ( 38.84801815415593751, 38.81682115252783660, 11.29087459092477275 ) ) ;
#3094 = DIRECTION ( 'NONE',  ( -0.4999999999999605871, 0.8660254037844614672, 0.000000000000000000 ) ) ;
#3095 = ORIENTED_EDGE ( 'NONE', *, *, #3086, .T. ) ;
#3096 = EDGE_CURVE ( 'NONE', #1176, #4100, #1500, .T. ) ;
#3097 = FACE_OUTER_BOUND ( 'NONE', #49, .T. ) ;
#3098 = CARTESIAN_POINT ( 'NONE',  ( 38.84585491644542543, 38.81725049854401277, 11.29087459073403643 ) ) ;
#3099 = ORIENTED_EDGE ( 'NONE', *, *, #745, .T. ) ;
#3100 = DIRECTION ( 'NONE',  ( -0.000000000000000000, -0.000000000000000000, -1.000000000000000000 ) ) ;
#3101 = CIRCLE ( 'NONE', #1600, 0.02935410264610283093 ) ;
#3102 = VERTEX_POINT ( 'NONE', #4430 ) ;
#3103 = ORIENTED_EDGE ( 'NONE', *, *, #3419, .T. ) ;
#3104 = CARTESIAN_POINT ( 'NONE',  ( 38.81588593523277098, 38.81588593523274255, 11.30287459073403689 ) ) ;
#3105 = AXIS2_PLACEMENT_3D ( 'NONE', #10, #1501, #1027 ) ;
#3106 = ORIENTED_EDGE ( 'NONE', *, *, #2774, .F. ) ;
#3107 = AXIS2_PLACEMENT_3D ( 'NONE', #3392, #4150, #3167 ) ;
#3108 = CARTESIAN_POINT ( 'NONE',  ( 38.81588593523277098, 38.81588593523274255, 11.27687459092477162 ) ) ;
#3109 = CARTESIAN_POINT ( 'NONE',  ( 38.79803066123165678, 38.82533322607719128, 11.29522448066186513 ) ) ;
#3110 = DIRECTION ( 'NONE',  ( 0.000000000000000000, 0.000000000000000000, -1.000000000000000000 ) ) ;
#3111 = ORIENTED_EDGE ( 'NONE', *, *, #1181, .F. ) ;
#3112 = EDGE_CURVE ( 'NONE', #1779, #154, #3830, .T. ) ;
#3113 = AXIS2_PLACEMENT_3D ( 'NONE', #1455, #2566, #1828 ) ;
#3114 = ORIENTED_EDGE ( 'NONE', *, *, #1341, .F. ) ;
#3115 = DIRECTION ( 'NONE',  ( 1.000000000000000000, 0.000000000000000000, 0.000000000000000000 ) ) ;
#3116 = EDGE_CURVE ( 'NONE', #2821, #4088, #331, .T. ) ;
#3117 = FACE_OUTER_BOUND ( 'NONE', #3842, .T. ) ;
#3118 = ORIENTED_EDGE ( 'NONE', *, *, #1763, .F. ) ;
#3119 = VECTOR ( 'NONE', #3315, 1.000000000000000000 ) ;
#3120 = CIRCLE ( 'NONE', #2892, 0.02935410264610490219 ) ;
#3121 = LINE ( 'NONE', #1265, #2789 ) ;
#3122 = ADVANCED_FACE ( 'NONE', ( #1233 ), #3459, .T. ) ;
#3123 = DIRECTION ( 'NONE',  ( 0.000000000000000000, -0.000000000000000000, -1.000000000000000000 ) ) ;
#3124 = DIRECTION ( 'NONE',  ( 0.5000000000001085798, -0.8660254037843760910, 0.000000000000000000 ) ) ;
#3125 = AXIS2_PLACEMENT_3D ( 'NONE', #9, #724, #29 ) ;
#3126 = ORIENTED_EDGE ( 'NONE', *, *, #949, .F. ) ;
#3127 = ORIENTED_EDGE ( 'NONE', *, *, #428, .T. ) ;
#3128 = CIRCLE ( 'NONE', #2029, 0.03600013749698689064 ) ;
#3129 = CYLINDRICAL_SURFACE ( 'NONE', #2947, 0.03899994794847572166 ) ;
#3130 = LINE ( 'NONE', #4611, #3340 ) ;
#3131 = VECTOR ( 'NONE', #1553, 1.000000000000000000 ) ;
#3132 = EDGE_LOOP ( 'NONE', ( #402, #2370, #2142, #4401 ) ) ;
#3133 = CARTESIAN_POINT ( 'NONE',  ( 38.80062974770680029, 38.78759100871776866, 11.29087459092477275 ) ) ;
#3134 = CIRCLE ( 'NONE', #2733, 0.001006105236832866012 ) ;
#3135 = ORIENTED_EDGE ( 'NONE', *, *, #3178, .T. ) ;
#3136 = AXIS2_PLACEMENT_3D ( 'NONE', #3312, #1705, #653 ) ;
#3137 = DIRECTION ( 'NONE',  ( 0.000000000000000000, -0.000000000000000000, -1.000000000000000000 ) ) ;
#3138 = CARTESIAN_POINT ( 'NONE',  ( 38.77937249762128147, 38.82958866539048159, 11.29087459092477275 ) ) ;
#3139 = CARTESIAN_POINT ( 'NONE',  ( 38.79250377865049160, 38.79382627202474509, 11.29087459092477275 ) ) ;
#3140 = DIRECTION ( 'NONE',  ( -1.000000000000000000, 0.000000000000000000, 0.000000000000000000 ) ) ;
#3141 = ORIENTED_EDGE ( 'NONE', *, *, #1638, .T. ) ;
#3142 = VERTEX_POINT ( 'NONE', #82 ) ;
#3143 = DIRECTION ( 'NONE',  ( -0.7071067811865474617, 0.7071067811865474617, 0.000000000000000000 ) ) ;
#3144 = DIRECTION ( 'NONE',  ( 0.000000000000000000, -0.000000000000000000, -1.000000000000000000 ) ) ;
#3145 = ORIENTED_EDGE ( 'NONE', *, *, #4566, .F. ) ;
#3146 = EDGE_CURVE ( 'NONE', #4388, #3974, #1182, .T. ) ;
#3147 = PLANE ( 'NONE',  #2624 ) ;
#3148 = EDGE_LOOP ( 'NONE', ( #2423, #4713, #2275, #230 ) ) ;
#3149 = EDGE_CURVE ( 'NONE', #3173, #1667, #3436, .T. ) ;
#3150 = FACE_OUTER_BOUND ( 'NONE', #1308, .T. ) ;
#3151 = DIRECTION ( 'NONE',  ( 0.000000000000000000, 0.000000000000000000, 1.000000000000000000 ) ) ;
#3152 = ORIENTED_EDGE ( 'NONE', *, *, #4660, .F. ) ;
#3153 = EDGE_CURVE ( 'NONE', #2936, #3173, #2108, .T. ) ;
#3154 = FACE_OUTER_BOUND ( 'NONE', #1413, .T. ) ;
#3155 = ORIENTED_EDGE ( 'NONE', *, *, #3069, .T. ) ;
#3156 = DIRECTION ( 'NONE',  ( -1.000000000000000000, 0.000000000000000000, 0.000000000000000000 ) ) ;
#3157 = CARTESIAN_POINT ( 'NONE',  ( 38.83201547722381974, 38.85139415702914789, 11.27687459092477162 ) ) ;
#3158 = ORIENTED_EDGE ( 'NONE', *, *, #3299, .F. ) ;
#3159 = EDGE_LOOP ( 'NONE', ( #2502, #4467, #1710, #4553 ) ) ;
#3160 = CARTESIAN_POINT ( 'NONE',  ( 38.79250372684638393, 38.83794554663663234, 11.29087459092477275 ) ) ;
#3161 = ORIENTED_EDGE ( 'NONE', *, *, #599, .F. ) ;
#3162 = DIRECTION ( 'NONE',  ( -1.000000000000000000, 0.000000000000000000, 0.000000000000000000 ) ) ;
#3163 = DIRECTION ( 'NONE',  ( 0.4612290001999289069, 0.8872811332236102411, 0.000000000000000000 ) ) ;
#3164 = ORIENTED_EDGE ( 'NONE', *, *, #455, .F. ) ;
#3165 = EDGE_LOOP ( 'NONE', ( #1502, #178, #4119, #262 ) ) ;
#3166 = CARTESIAN_POINT ( 'NONE',  ( 38.83213754253270622, 38.84403461804295432, 11.27687459092477162 ) ) ;
#3167 = DIRECTION ( 'NONE',  ( 0.7071067811865474617, 0.7071067811865474617, 0.000000000000000000 ) ) ;
#3168 = ORIENTED_EDGE ( 'NONE', *, *, #3063, .F. ) ;
#3169 = DIRECTION ( 'NONE',  ( 0.000000000000000000, 0.000000000000000000, -1.000000000000000000 ) ) ;
#3170 = CARTESIAN_POINT ( 'NONE',  ( -1.639462465109771783, 37.05185171131407174, 11.29087459073403643 ) ) ;
#3171 = EDGE_CURVE ( 'NONE', #2866, #98, #297, .T. ) ;
#3172 = DIRECTION ( 'NONE',  ( -1.000000000000000000, 0.000000000000000000, 0.000000000000000000 ) ) ;
#3173 = VERTEX_POINT ( 'NONE', #100 ) ;
#3174 = VERTEX_POINT ( 'NONE', #3430 ) ;
#3175 = ORIENTED_EDGE ( 'NONE', *, *, #371, .T. ) ;
#3176 = CARTESIAN_POINT ( 'NONE',  ( 38.78416319037197013, 38.83857212923879132, 11.29087459092477275 ) ) ;
#3177 = CARTESIAN_POINT ( 'NONE',  ( 38.83213760597951847, 38.78773728905356677, 11.29087459092477275 ) ) ;
#3178 = EDGE_CURVE ( 'NONE', #4703, #1101, #1148, .T. ) ;
#3179 = AXIS2_PLACEMENT_3D ( 'NONE', #1566, #165, #2831 ) ;
#3180 = AXIS2_PLACEMENT_3D ( 'NONE', #570, #547, #1352 ) ;
#3181 = ORIENTED_EDGE ( 'NONE', *, *, #793, .F. ) ;
#3182 = CYLINDRICAL_SURFACE ( 'NONE', #4206, 0.02935410264610283093 ) ;
#3183 = DIRECTION ( 'NONE',  ( 0.000000000000000000, -0.000000000000000000, -1.000000000000000000 ) ) ;
#3184 = CIRCLE ( 'NONE', #4658, 0.03000003113258031817 ) ;
#3185 = EDGE_LOOP ( 'NONE', ( #344, #186, #4754, #1276 ) ) ;
#3186 = VERTEX_POINT ( 'NONE', #4592 ) ;
#3187 = DIRECTION ( 'NONE',  ( 0.7071067811876368125, -0.7071067811854583329, 0.000000000000000000 ) ) ;
#3188 = VECTOR ( 'NONE', #1164, 1.000000000000000000 ) ;
#3189 = ORIENTED_EDGE ( 'NONE', *, *, #3247, .F. ) ;
#3190 = DIRECTION ( 'NONE',  ( 0.2588190451017443605, -0.9659258262892763680, 0.000000000000000000 ) ) ;
#3191 = DIRECTION ( 'NONE',  ( 0.000000000000000000, -0.000000000000000000, -1.000000000000000000 ) ) ;
#3192 = ORIENTED_EDGE ( 'NONE', *, *, #2248, .T. ) ;
#3193 = EDGE_CURVE ( 'NONE', #4816, #2379, #4183, .T. ) ;
#3194 = CARTESIAN_POINT ( 'NONE',  ( 38.79963432793283573, 38.78773725242253079, 11.29087459092477275 ) ) ;
#3195 = AXIS2_PLACEMENT_3D ( 'NONE', #4789, #1422, #1957 ) ;
#3196 = CARTESIAN_POINT ( 'NONE',  ( 38.77707004929753509, 38.77707004929750667, 11.29207459073403719 ) ) ;
#3197 = ORIENTED_EDGE ( 'NONE', *, *, #2220, .T. ) ;
#3198 = AXIS2_PLACEMENT_3D ( 'NONE', #1349, #647, #3322 ) ;
#3199 = CARTESIAN_POINT ( 'NONE',  ( 38.83608593523277364, 38.81588593523274255, 11.30407459073403764 ) ) ;
#3200 = CIRCLE ( 'NONE', #4285, 0.03899994794847572166 ) ;
#3201 = CIRCLE ( 'NONE', #1145, 0.02935410264610490219 ) ;
#3202 = CARTESIAN_POINT ( 'NONE',  ( 38.85209255840199916, 38.83574975562039810, 11.29087459092477275 ) ) ;
#3203 = LINE ( 'NONE', #4711, #1212 ) ;
#3204 = CARTESIAN_POINT ( 'NONE',  ( 38.85599998265946908, 38.82570194871889413, 11.27687459092477162 ) ) ;
#3205 = ORIENTED_EDGE ( 'NONE', *, *, #3866, .T. ) ;
#3206 = AXIS2_PLACEMENT_3D ( 'NONE', #3317, #4798, #1093 ) ;
#3207 = ORIENTED_EDGE ( 'NONE', *, *, #4542, .T. ) ;
#3208 = ADVANCED_FACE ( 'NONE', ( #1552 ), #1628, .T. ) ;
#3209 = ADVANCED_FACE ( 'NONE', ( #885 ), #3087, .T. ) ;
#3210 = FACE_OUTER_BOUND ( 'NONE', #3517, .T. ) ;
#3211 = AXIS2_PLACEMENT_3D ( 'NONE', #209, #1389, #3956 ) ;
#3212 = ADVANCED_FACE ( 'NONE', ( #476 ), #2424, .T. ) ;
#3213 = ORIENTED_EDGE ( 'NONE', *, *, #1106, .T. ) ;
#3214 = LINE ( 'NONE', #1036, #129 ) ;
#3215 = DIRECTION ( 'NONE',  ( -1.000000000000000000, -4.571153522996504802E-11, 0.000000000000000000 ) ) ;
#3216 = CARTESIAN_POINT ( 'NONE',  ( 38.79975639324172931, 38.78037771343633722, 11.27687459092477162 ) ) ;
#3217 = EDGE_CURVE ( 'NONE', #2621, #2995, #1205, .T. ) ;
#3218 = ORIENTED_EDGE ( 'NONE', *, *, #160, .F. ) ;
#3219 = EDGE_LOOP ( 'NONE', ( #1261, #2900, #3466, #3254 ) ) ;
#3220 = AXIS2_PLACEMENT_3D ( 'NONE', #2253, #3749, #375 ) ;
#3221 = ORIENTED_EDGE ( 'NONE', *, *, #1320, .F. ) ;
#3222 = CARTESIAN_POINT ( 'NONE',  ( 38.83203168682357642, 38.79057490919859674, 11.30287459073403689 ) ) ;
#3223 = LINE ( 'NONE', #609, #3611 ) ;
#3224 = ORIENTED_EDGE ( 'NONE', *, *, #4787, .F. ) ;
#3225 = EDGE_CURVE ( 'NONE', #3966, #1191, #58, .T. ) ;
#3226 = DIRECTION ( 'NONE',  ( 0.4612290001999286848, 0.8872811332236103521, 0.000000000000000000 ) ) ;
#3227 = CIRCLE ( 'NONE', #4229, 0.001006105236834714794 ) ;
#3228 = ORIENTED_EDGE ( 'NONE', *, *, #4085, .F. ) ;
#3229 = PRODUCT_DEFINITION_CONTEXT ( 'detailed design', #1815, 'design' ) ;
#3230 = CARTESIAN_POINT ( 'NONE',  ( 38.79250372684638393, 38.83794554663663234, 11.29087459092477275 ) ) ;
#3231 = DIRECTION ( 'NONE',  ( -0.000000000000000000, 0.000000000000000000, 1.000000000000000000 ) ) ;
#3232 = FACE_OUTER_BOUND ( 'NONE', #3487, .T. ) ;
#3233 = CARTESIAN_POINT ( 'NONE',  ( 38.81967145301531730, 38.77707014211831904, 11.27687459092477162 ) ) ;
#3234 = CARTESIAN_POINT ( 'NONE',  ( 38.83266798679970577, 38.80464300035948355, 11.29717846309654661 ) ) ;
#3235 = VERTEX_POINT ( 'NONE', #2380 ) ;
#3236 = DIRECTION ( 'NONE',  ( 0.2588190451025921268, -0.9659258262890492164, 0.000000000000000000 ) ) ;
#3237 = ORIENTED_EDGE ( 'NONE', *, *, #3841, .F. ) ;
#3238 = CARTESIAN_POINT ( 'NONE',  ( 38.79911215328337448, 38.82714116686581463, 11.29747459073403704 ) ) ;
#3239 = CARTESIAN_POINT ( 'NONE',  ( 38.85350503249755860, 38.81227513171026544, 11.29087459092477275 ) ) ;
#3240 = CARTESIAN_POINT ( 'NONE',  ( 38.85350503249755860, 38.81227513171026544, 11.27687459092477162 ) ) ;
#3241 = EDGE_CURVE ( 'NONE', #3671, #197, #3868, .T. ) ;
#3242 = ORIENTED_EDGE ( 'NONE', *, *, #1969, .T. ) ;
#3243 = CARTESIAN_POINT ( 'NONE',  ( 38.83114212275874166, 38.84418086174771645, 11.29087459092477275 ) ) ;
#3244 = CARTESIAN_POINT ( 'NONE',  ( 38.85128864812276817, 38.80266162802503516, 11.29087459092477275 ) ) ;
#3245 = EDGE_LOOP ( 'NONE', ( #1748, #3529, #2018, #2567 ) ) ;
#3246 = DIRECTION ( 'NONE',  ( -0.000000000000000000, -0.000000000000000000, -1.000000000000000000 ) ) ;
#3247 = EDGE_CURVE ( 'NONE', #768, #2309, #1708, .T. ) ;
#3248 = CARTESIAN_POINT ( 'NONE',  ( 38.83114212275874166, 38.84418086174771645, 11.29087459092477275 ) ) ;
#3249 = EDGE_CURVE ( 'NONE', #2898, #1216, #2191, .T. ) ;
#3250 = ORIENTED_EDGE ( 'NONE', *, *, #1793, .F. ) ;
#3251 = CARTESIAN_POINT ( 'NONE',  ( 38.83213760597951847, 38.78773728905356677, 11.29087459092477275 ) ) ;
#3252 = EDGE_CURVE ( 'NONE', #2545, #753, #2357, .T. ) ;
#3253 = FACE_OUTER_BOUND ( 'NONE', #3893, .T. ) ;
#3254 = ORIENTED_EDGE ( 'NONE', *, *, #4333, .T. ) ;
#3255 = CARTESIAN_POINT ( 'NONE',  ( 38.85119181988930848, 38.79446198997676731, 11.27687459092477162 ) ) ;
#3256 = CARTESIAN_POINT ( 'NONE',  ( 38.83114218620555391, 38.78759104534880464, 11.27687459092477162 ) ) ;
#3257 = EDGE_LOOP ( 'NONE', ( #637, #3259, #4277, #1418 ) ) ;
#3258 = DIRECTION ( 'NONE',  ( 0.000000000000000000, -0.000000000000000000, -1.000000000000000000 ) ) ;
#3259 = ORIENTED_EDGE ( 'NONE', *, *, #2750, .F. ) ;
#3260 = CARTESIAN_POINT ( 'NONE',  ( 38.82975693710294962, 38.84248663400313717, 11.29207459073403719 ) ) ;
#3261 = DIRECTION ( 'NONE',  ( 0.8872811332236102411, -0.4612290001999289069, 0.000000000000000000 ) ) ;
#3262 = CARTESIAN_POINT ( 'NONE',  ( 38.85315773756224900, 38.82213470568841984, 11.27687459092477162 ) ) ;
#3263 = AXIS2_PLACEMENT_3D ( 'NONE', #4413, #2071, #2097 ) ;
#3264 = AXIS2_PLACEMENT_3D ( 'NONE', #4377, #4000, #629 ) ;
#3265 = ORIENTED_EDGE ( 'NONE', *, *, #1366, .F. ) ;
#3266 = AXIS2_PLACEMENT_3D ( 'NONE', #4411, #2512, #1368 ) ;
#3267 = AXIS2_PLACEMENT_3D ( 'NONE', #1992, #3878, #3805 ) ;
#3268 = DIRECTION ( 'NONE',  ( -0.000000000000000000, 0.000000000000000000, 1.000000000000000000 ) ) ;
#3269 = CARTESIAN_POINT ( 'NONE',  ( 38.84403458141195387, 38.83213760597948294, 11.27687459092477162 ) ) ;
#3270 = CARTESIAN_POINT ( 'NONE',  ( 38.78416319037197013, 38.83857212923879132, 11.29087459092477275 ) ) ;
#3271 = EDGE_CURVE ( 'NONE', #648, #3941, #3066, .T. ) ;
#3272 = DIRECTION ( 'NONE',  ( -0.000000000000000000, -0.000000000000000000, 1.000000000000000000 ) ) ;
#3273 = EDGE_CURVE ( 'NONE', #123, #1076, #253, .T. ) ;
#3274 = VERTEX_POINT ( 'NONE', #602 ) ;
#3275 = DIRECTION ( 'NONE',  ( -1.000000000000000000, 0.000000000000000000, 0.000000000000000000 ) ) ;
#3276 = CIRCLE ( 'NONE', #4588, 0.03600013749698947191 ) ;
#3277 = VERTEX_POINT ( 'NONE', #4769 ) ;
#3278 = ADVANCED_FACE ( 'NONE', ( #1408 ), #2919, .F. ) ;
#3279 = FACE_OUTER_BOUND ( 'NONE', #3818, .T. ) ;
#3280 = PRODUCT_DEFINITION_SHAPE ( 'NONE', 'NONE',  #2549 ) ;
#3281 = DIRECTION ( 'NONE',  ( -0.000000000000000000, 0.000000000000000000, -1.000000000000000000 ) ) ;
#3282 = AXIS2_PLACEMENT_3D ( 'NONE', #3196, #1741, #2123 ) ;
#3283 = VERTEX_POINT ( 'NONE', #4402 ) ;
#3284 = CIRCLE ( 'NONE', #3676, 0.03899994794847572166 ) ;
#3285 = CIRCLE ( 'NONE', #4590, 0.02935410264609803963 ) ;
#3286 = DIRECTION ( 'NONE',  ( -1.000000000000000000, 2.131625995179717252E-12, 0.000000000000000000 ) ) ;
#3287 = AXIS2_PLACEMENT_3D ( 'NONE', #2634, #4077, #4497 ) ;
#3288 = VERTEX_POINT ( 'NONE', #3950 ) ;
#3289 = DIRECTION ( 'NONE',  ( -0.000000000000000000, -0.000000000000000000, -1.000000000000000000 ) ) ;
#3290 = DIRECTION ( 'NONE',  ( 0.000000000000000000, 0.000000000000000000, -1.000000000000000000 ) ) ;
#3291 = DIRECTION ( 'NONE',  ( 0.2588190451025316197, 0.9659258262890654256, 0.000000000000000000 ) ) ;
#3292 = LINE ( 'NONE', #656, #3119 ) ;
#3293 = CARTESIAN_POINT ( 'NONE',  ( 38.80203881948674649, 38.78924779117483723, 11.30287459073403689 ) ) ;
#3294 = VERTEX_POINT ( 'NONE', #1781 ) ;
#3295 = CARTESIAN_POINT ( 'NONE',  ( 38.79177886051849811, 38.82588150668817661, 11.29747459073403704 ) ) ;
#3296 = CARTESIAN_POINT ( 'NONE',  ( 38.78589306789594815, 38.81455881720898304, 11.30407459073403764 ) ) ;
#3297 = CARTESIAN_POINT ( 'NONE',  ( 38.84503987766709798, 38.83993343035452028, 11.35967459397653023 ) ) ;
#3298 = VECTOR ( 'NONE', #3401, 1.000000000000000000 ) ;
#3299 = EDGE_CURVE ( 'NONE', #2602, #2309, #4381, .T. ) ;
#3300 = DIRECTION ( 'NONE',  ( 0.000000000000000000, -0.000000000000000000, -1.000000000000000000 ) ) ;
#3301 = AXIS2_PLACEMENT_3D ( 'NONE', #1386, #1041, #258 ) ;
#3302 = EDGE_LOOP ( 'NONE', ( #2846, #3619, #2114, #4510 ) ) ;
#3303 = CARTESIAN_POINT ( 'NONE',  ( 38.78605415785571608, 38.78732799447648461, 11.29087459092477275 ) ) ;
#3304 = CARTESIAN_POINT ( 'NONE',  ( 38.82744204190321824, 38.85553372609595613, 11.29087459092477275 ) ) ;
#3305 = ORIENTED_EDGE ( 'NONE', *, *, #1428, .T. ) ;
#3306 = EDGE_CURVE ( 'NONE', #3514, #4094, #3214, .T. ) ;
#3307 = EDGE_CURVE ( 'NONE', #3174, #246, #2540, .T. ) ;
#3308 = CARTESIAN_POINT ( 'NONE',  ( 38.83265971718216036, 38.80463070359965627, 11.29747459073403704 ) ) ;
#3309 = EDGE_CURVE ( 'NONE', #4601, #568, #176, .T. ) ;
#3310 = VERTEX_POINT ( 'NONE', #1673 ) ;
#3311 = CARTESIAN_POINT ( 'NONE',  ( 38.85470173516302594, 38.81210048733872497, 11.27687459092477162 ) ) ;
#3312 = CARTESIAN_POINT ( 'NONE',  ( 38.81949673875524809, 38.85350503249753018, 11.27687459092477162 ) ) ;
#3313 = DIRECTION ( 'NONE',  ( 0.000000000000000000, 1.000000000000000000, 0.000000000000000000 ) ) ;
#3314 = VERTEX_POINT ( 'NONE', #3260 ) ;
#3315 = DIRECTION ( 'NONE',  ( 0.000000000000000000, -0.000000000000000000, -1.000000000000000000 ) ) ;
#3316 = ORIENTED_EDGE ( 'NONE', *, *, #3604, .F. ) ;
#3317 = CARTESIAN_POINT ( 'NONE',  ( 38.81588593523277098, 38.81588593523274255, 11.29087459092477275 ) ) ;
#3318 = CARTESIAN_POINT ( 'NONE',  ( 38.79963432793283573, 38.78773725242253079, 11.27687459092477162 ) ) ;
#3319 = CARTESIAN_POINT ( 'NONE',  ( 38.81588593523277098, 38.81588593523274255, 11.29087459092477275 ) ) ;
#3320 = ORIENTED_EDGE ( 'NONE', *, *, #3814, .T. ) ;
#3321 = CARTESIAN_POINT ( 'NONE',  ( 38.81588593523277098, 38.81588593523274255, 11.27687459092477162 ) ) ;
#3322 = DIRECTION ( 'NONE',  ( -0.4999999999999360512, 0.8660254037844755670, 0.000000000000000000 ) ) ;
#3323 = ORIENTED_EDGE ( 'NONE', *, *, #2076, .T. ) ;
#3324 = ADVANCED_FACE ( 'NONE', ( #232 ), #3182, .T. ) ;
#3325 = DIRECTION ( 'NONE',  ( -0.8660254037867568533, 0.4999999999959848784, 0.000000000000000000 ) ) ;
#3326 = ORIENTED_EDGE ( 'NONE', *, *, #2998, .T. ) ;
#3327 = CARTESIAN_POINT ( 'NONE',  ( 38.83205217233172846, 38.79061431783266300, 11.29087459073403643 ) ) ;
#3328 = DIRECTION ( 'NONE',  ( 0.000000000000000000, -0.000000000000000000, 1.000000000000000000 ) ) ;
#3329 = DIRECTION ( 'NONE',  ( -0.000000000000000000, -0.000000000000000000, -1.000000000000000000 ) ) ;
#3330 = ADVANCED_FACE ( 'NONE', ( #199 ), #1704, .F. ) ;
#3331 = CIRCLE ( 'NONE', #3881, 0.03600013749699044335 ) ;
#3332 = CARTESIAN_POINT ( 'NONE',  ( 38.84302851280614988, 38.79963432793280731, 11.29087459092477275 ) ) ;
#3333 = ORIENTED_EDGE ( 'NONE', *, *, #1974, .T. ) ;
#3334 = CARTESIAN_POINT ( 'NONE',  ( 38.77707013530251601, 38.81967138312676013, 11.29087459092477275 ) ) ;
#3335 = VECTOR ( 'NONE', #73, 1.000000000000000000 ) ;
#3336 = CIRCLE ( 'NONE', #1595, 0.03000003113258031817 ) ;
#3337 = CARTESIAN_POINT ( 'NONE',  ( 38.84065608046677909, 38.84600961105542893, 11.29087459092477275 ) ) ;
#3338 = ORIENTED_EDGE ( 'NONE', *, *, #1306, .T. ) ;
#3339 = VECTOR ( 'NONE', #783, 1.000000000000000000 ) ;
#3340 = VECTOR ( 'NONE', #3079, 1.000000000000000000 ) ;
#3341 = DIRECTION ( 'NONE',  ( 0.000000000000000000, 0.000000000000000000, -1.000000000000000000 ) ) ;
#3342 = DIRECTION ( 'NONE',  ( -0.000000000000000000, -0.000000000000000000, -1.000000000000000000 ) ) ;
#3343 = ORIENTED_EDGE ( 'NONE', *, *, #4071, .F. ) ;
#3344 = AXIS2_PLACEMENT_3D ( 'NONE', #2417, #878, #190 ) ;
#3345 = LINE ( 'NONE', #2266, #3033 ) ;
#3346 = DIRECTION ( 'NONE',  ( -0.2588190451025316197, -0.9659258262890654256, 0.000000000000000000 ) ) ;
#3347 = ORIENTED_EDGE ( 'NONE', *, *, #4214, .F. ) ;
#3348 = EDGE_LOOP ( 'NONE', ( #3161, #2676, #3030 ) ) ;
#3349 = CIRCLE ( 'NONE', #4055, 0.001006105236833839843 ) ;
#3350 = AXIS2_PLACEMENT_3D ( 'NONE', #1236, #2305, #2738 ) ;
#3351 = CARTESIAN_POINT ( 'NONE',  ( 38.83473524768304941, 38.80862346869915314, 11.29777209443230923 ) ) ;
#3352 = EDGE_LOOP ( 'NONE', ( #1204, #1249, #3904, #2825 ) ) ;
#3353 = EDGE_CURVE ( 'NONE', #4509, #4601, #612, .T. ) ;
#3354 = CIRCLE ( 'NONE', #1069, 0.001006105236834714794 ) ;
#3355 = AXIS2_PLACEMENT_3D ( 'NONE', #4524, #381, #419 ) ;
#3356 = CYLINDRICAL_SURFACE ( 'NONE', #841, 0.02935410264610283093 ) ;
#3357 = VERTEX_POINT ( 'NONE', #4349 ) ;
#3358 = DIRECTION ( 'NONE',  ( -0.000000000000000000, -0.000000000000000000, 1.000000000000000000 ) ) ;
#3359 = DIRECTION ( 'NONE',  ( -1.000000000000000000, 0.000000000000000000, 0.000000000000000000 ) ) ;
#3360 = EDGE_CURVE ( 'NONE', #787, #3607, #1328, .T. ) ;
#3361 = AXIS2_PLACEMENT_3D ( 'NONE', #1354, #2867, #992 ) ;
#3362 = CYLINDRICAL_SURFACE ( 'NONE', #3742, 0.001006105236832866012 ) ;
#3363 = VERTEX_POINT ( 'NONE', #2522 ) ;
#3364 = CARTESIAN_POINT ( 'NONE',  ( 38.81588593523277098, 38.81588593523274255, 11.30287459073403689 ) ) ;
#3365 = VECTOR ( 'NONE', #4645, 1.000000000000000000 ) ;
#3366 = DIRECTION ( 'NONE',  ( -0.000000000000000000, 0.000000000000000000, -1.000000000000000000 ) ) ;
#3367 = AXIS2_PLACEMENT_3D ( 'NONE', #3262, #3582, #2112 ) ;
#3368 = EDGE_CURVE ( 'NONE', #4601, #1396, #3679, .T. ) ;
#3369 = CARTESIAN_POINT ( 'NONE',  ( 38.83198731519124181, 38.79057294585202698, 11.29087459073403643 ) ) ;
#3370 = ORIENTED_EDGE ( 'NONE', *, *, #2395, .T. ) ;
#3371 = ORIENTED_EDGE ( 'NONE', *, *, #3146, .T. ) ;
#3372 = AXIS2_PLACEMENT_3D ( 'NONE', #2651, #2673, #4228 ) ;
#3373 = DIRECTION ( 'NONE',  ( 0.8660254037867568533, 0.4999999999959848784, 0.000000000000000000 ) ) ;
#3374 = CARTESIAN_POINT ( 'NONE',  ( 38.83473524768305651, 38.80862346869916735, 11.29747459073403704 ) ) ;
#3375 = ORIENTED_EDGE ( 'NONE', *, *, #4170, .F. ) ;
#3376 = VERTEX_POINT ( 'NONE', #3238 ) ;
#3377 = AXIS2_PLACEMENT_3D ( 'NONE', #1172, #1562, #3540 ) ;
#3378 = AXIS2_PLACEMENT_3D ( 'NONE', #4671, #3980, #41 ) ;
#3379 = CARTESIAN_POINT ( 'NONE',  ( 38.83373964236271547, 38.80643568361319495, 11.29972447941512392 ) ) ;
#3380 = CIRCLE ( 'NONE', #3538, 0.03899994794847572166 ) ;
#3381 = DIRECTION ( 'NONE',  ( -1.000000000000000000, 0.000000000000000000, 0.000000000000000000 ) ) ;
#3382 = ORIENTED_EDGE ( 'NONE', *, *, #4079, .F. ) ;
#3383 = DIRECTION ( 'NONE',  ( -1.000000000000000000, 0.000000000000000000, 0.000000000000000000 ) ) ;
#3384 = DIRECTION ( 'NONE',  ( -0.000000000000000000, 0.000000000000000000, -1.000000000000000000 ) ) ;
#3385 = CARTESIAN_POINT ( 'NONE',  ( 38.85435887636759134, 38.80949619811600826, 11.29087459092477275 ) ) ;
#3386 = ORIENTED_EDGE ( 'NONE', *, *, #4426, .F. ) ;
#3387 = CARTESIAN_POINT ( 'NONE',  ( 38.81682107926580017, 38.84801815415590909, 11.35967459397653023 ) ) ;
#3388 = CYLINDRICAL_SURFACE ( 'NONE', #3105, 0.03600013749699115806 ) ;
#3389 = EDGE_CURVE ( 'NONE', #1176, #897, #4288, .T. ) ;
#3390 = DIRECTION ( 'NONE',  ( 0.000000000000000000, 0.000000000000000000, -1.000000000000000000 ) ) ;
#3391 = ADVANCED_FACE ( 'NONE', ( #2498 ), #4004, .F. ) ;
#3392 = CARTESIAN_POINT ( 'NONE',  ( 38.83886924945242214, 38.79290267281719196, 11.29087459092477275 ) ) ;
#3393 = DIRECTION ( 'NONE',  ( 0.000000000000000000, 0.000000000000000000, -1.000000000000000000 ) ) ;
#3394 = ORIENTED_EDGE ( 'NONE', *, *, #2196, .T. ) ;
#3395 = EDGE_LOOP ( 'NONE', ( #2490, #4795, #1627, #146 ) ) ;
#3396 = FACE_OUTER_BOUND ( 'NONE', #485, .T. ) ;
#3397 = CARTESIAN_POINT ( 'NONE',  ( 38.84760868009357182, 38.79319974122669379, 11.29087459092477275 ) ) ;
#3398 = DIRECTION ( 'NONE',  ( 0.000000000000000000, -0.000000000000000000, 1.000000000000000000 ) ) ;
#3399 = ORIENTED_EDGE ( 'NONE', *, *, #494, .F. ) ;
#3400 = DIRECTION ( 'NONE',  ( 0.8660254037843760910, 0.5000000000001085798, 0.000000000000000000 ) ) ;
#3401 = DIRECTION ( 'NONE',  ( -0.000000000000000000, 0.000000000000000000, -1.000000000000000000 ) ) ;
#3402 = CARTESIAN_POINT ( 'NONE',  ( 38.83469335542589107, 38.80851544189457769, 11.29674880933039027 ) ) ;
#3403 = EDGE_LOOP ( 'NONE', ( #2268, #205, #2894, #1152 ) ) ;
#3404 = CIRCLE ( 'NONE', #2543, 0.001006105236836115583 ) ;
#3405 = DIRECTION ( 'NONE',  ( 0.2588190451017443605, 0.9659258262892763680, 0.000000000000000000 ) ) ;
#3406 = PLANE ( 'NONE',  #3594 ) ;
#3407 = DIRECTION ( 'NONE',  ( 0.000000000000000000, 0.000000000000000000, -1.000000000000000000 ) ) ;
#3408 = VERTEX_POINT ( 'NONE', #4741 ) ;
#3409 = VECTOR ( 'NONE', #3914, 1.000000000000000000 ) ;
#3410 = LINE ( 'NONE', #3437, #894 ) ;
#3411 = EDGE_CURVE ( 'NONE', #1850, #2034, #1380, .T. ) ;
#3412 = CARTESIAN_POINT ( 'NONE',  ( 38.80266162802506358, 38.78048322234273826, 11.29087459092477275 ) ) ;
#3413 = AXIS2_PLACEMENT_3D ( 'NONE', #1526, #3341, #2979 ) ;
#3414 = VECTOR ( 'NONE', #2864, 1.000000000000000000 ) ;
#3415 = CYLINDRICAL_SURFACE ( 'NONE', #4746, 0.02935410264610283093 ) ;
#3416 = CARTESIAN_POINT ( 'NONE',  ( 38.82510571599001992, 38.78509064716615740, 11.27687459092477162 ) ) ;
#3417 = ORIENTED_EDGE ( 'NONE', *, *, #4850, .T. ) ;
#3418 = DIRECTION ( 'NONE',  ( 0.000000000000000000, -0.000000000000000000, -1.000000000000000000 ) ) ;
#3419 = EDGE_CURVE ( 'NONE', #278, #1799, #4837, .T. ) ;
#3420 = CARTESIAN_POINT ( 'NONE',  ( 38.81588593523277098, 38.81588593523274255, 11.29087459092477275 ) ) ;
#3421 = CIRCLE ( 'NONE', #4744, 0.03899994794847572166 ) ;
#3422 = ORIENTED_EDGE ( 'NONE', *, *, #1098, .T. ) ;
#3423 = CARTESIAN_POINT ( 'NONE',  ( 38.81210048733875340, 38.77707013530248759, 11.29087459092477275 ) ) ;
#3424 = DIRECTION ( 'NONE',  ( 0.4999999999999360512, -0.8660254037844755670, 0.000000000000000000 ) ) ;
#3425 = CARTESIAN_POINT ( 'NONE',  ( 38.84503987766709798, 38.83993343035452028, 11.29087459092477275 ) ) ;
#3426 = AXIS2_PLACEMENT_3D ( 'NONE', #335, #3738, #3373 ) ;
#3427 = CARTESIAN_POINT ( 'NONE',  ( -1.637163829264980386, 36.99990254122201350, 11.29087459073403643 ) ) ;
#3428 = CARTESIAN_POINT ( 'NONE',  ( 38.83394487277212903, 38.80683049101608617, 11.29522469804406448 ) ) ;
#3429 = ORIENTED_EDGE ( 'NONE', *, *, #85, .F. ) ;
#3430 = CARTESIAN_POINT ( 'NONE',  ( 38.84600956645631697, 38.84065613470491485, 11.29087459092477275 ) ) ;
#3431 = DIRECTION ( 'NONE',  ( -0.000000000000000000, -0.000000000000000000, 1.000000000000000000 ) ) ;
#3432 = DIRECTION ( 'NONE',  ( -0.8660254037844614672, 0.4999999999999605871, 0.000000000000000000 ) ) ;
#3433 = AXIS2_PLACEMENT_3D ( 'NONE', #1439, #432, #1533 ) ;
#3434 = AXIS2_PLACEMENT_3D ( 'NONE', #659, #2924, #4409 ) ;
#3435 = CARTESIAN_POINT ( 'NONE',  ( 38.78338265718608824, 38.81588589860170657, 11.27687459092477162 ) ) ;
#3436 = CIRCLE ( 'NONE', #4066, 0.001006105236834714794 ) ;
#3437 = CARTESIAN_POINT ( 'NONE',  ( 38.83838593523276472, 38.81588593523273545, 11.28437459092477191 ) ) ;
#3438 = FACE_BOUND ( 'NONE', #2043, .T. ) ;
#3439 = CARTESIAN_POINT ( 'NONE',  ( 38.78058005057623348, 38.83730988048871779, 11.35967459397653023 ) ) ;
#3440 = DIRECTION ( 'NONE',  ( 0.000000000000000000, 1.000000000000000000, 0.000000000000000000 ) ) ;
#3441 = CARTESIAN_POINT ( 'NONE',  ( 38.77937249762128147, 38.82958866539048159, 11.29087459092477275 ) ) ;
#3442 = ORIENTED_EDGE ( 'NONE', *, *, #2857, .F. ) ;
#3443 = DIRECTION ( 'NONE',  ( 0.000000000000000000, -0.000000000000000000, 1.000000000000000000 ) ) ;
#3444 = VERTEX_POINT ( 'NONE', #2627 ) ;
#3445 = CIRCLE ( 'NONE', #1083, 0.001006105236832866012 ) ;
#3446 = DIRECTION ( 'NONE',  ( -0.000000000000000000, -0.000000000000000000, -1.000000000000000000 ) ) ;
#3447 = DIRECTION ( 'NONE',  ( -0.000000000000000000, -0.000000000000000000, -1.000000000000000000 ) ) ;
#3448 = EDGE_CURVE ( 'NONE', #554, #2468, #2978, .T. ) ;
#3449 = AXIS2_PLACEMENT_3D ( 'NONE', #3425, #54, #471 ) ;
#3450 = CARTESIAN_POINT ( 'NONE',  ( 38.78988593523276052, 38.81588593523273545, 11.28387459092477130 ) ) ;
#3451 = ORIENTED_EDGE ( 'NONE', *, *, #3149, .T. ) ;
#3452 = DIRECTION ( 'NONE',  ( 0.5000000000001085798, 0.8660254037843760910, 0.000000000000000000 ) ) ;
#3453 = CIRCLE ( 'NONE', #2438, 0.02935410264610328890 ) ;
#3454 = DIRECTION ( 'NONE',  ( 0.9990225017702474286, 0.04420453547675858713, 0.000000000000000000 ) ) ;
#3455 = ADVANCED_FACE ( 'NONE', ( #393 ), #4808, .F. ) ;
#3456 = CARTESIAN_POINT ( 'NONE',  ( 38.78732799447652013, 38.84571771260979745, 11.29087459092477275 ) ) ;
#3457 = AXIS2_PLACEMENT_3D ( 'NONE', #4095, #3748, #1130 ) ;
#3458 = ORIENTED_EDGE ( 'NONE', *, *, #4022, .F. ) ;
#3459 = CYLINDRICAL_SURFACE ( 'NONE', #2025, 0.02935410264610283093 ) ;
#3460 = DIRECTION ( 'NONE',  ( -0.5377935015703271260, 0.8430765977470414674, 0.000000000000000000 ) ) ;
#3461 = CARTESIAN_POINT ( 'NONE',  ( 38.80203881948674649, 38.78924779117483723, 11.30407459073403764 ) ) ;
#3462 = FACE_OUTER_BOUND ( 'NONE', #2754, .T. ) ;
#3463 = VERTEX_POINT ( 'NONE', #3311 ) ;
#3464 = CARTESIAN_POINT ( 'NONE',  ( 38.81495079119974179, 38.78375371630957602, 11.29087459092477275 ) ) ;
#3465 = CARTESIAN_POINT ( 'NONE',  ( 38.78732799447652013, 38.84571771260979745, 11.29087459092477275 ) ) ;
#3466 = ORIENTED_EDGE ( 'NONE', *, *, #1095, .F. ) ;
#3467 = VERTEX_POINT ( 'NONE', #2226 ) ;
#3468 = CARTESIAN_POINT ( 'NONE',  ( 38.85239934817219165, 38.82958873113355480, 11.29087459092477275 ) ) ;
#3469 = DIRECTION ( 'NONE',  ( 0.000000000000000000, 0.000000000000000000, -1.000000000000000000 ) ) ;
#3470 = CARTESIAN_POINT ( 'NONE',  ( 38.84418082511670889, 38.83114218620552549, 11.29087459092477275 ) ) ;
#3471 = ORIENTED_EDGE ( 'NONE', *, *, #4131, .T. ) ;
#3472 = DIRECTION ( 'NONE',  ( -0.000000000000000000, 0.000000000000000000, -1.000000000000000000 ) ) ;
#3473 = DIRECTION ( 'NONE',  ( -1.000000000000000000, 0.000000000000000000, 0.000000000000000000 ) ) ;
#3474 = ORIENTED_EDGE ( 'NONE', *, *, #3932, .F. ) ;
#3475 = ORIENTED_EDGE ( 'NONE', *, *, #3948, .F. ) ;
#3476 = CARTESIAN_POINT ( 'NONE',  ( 38.79975613979438265, 38.85128864812273974, 11.27687459092477162 ) ) ;
#3477 = EDGE_CURVE ( 'NONE', #787, #237, #1711, .T. ) ;
#3478 = CARTESIAN_POINT ( 'NONE',  ( 38.82570194871892255, 38.77577188780604445, 11.27687459092477162 ) ) ;
#3479 = EDGE_CURVE ( 'NONE', #2729, #1794, #1791, .T. ) ;
#3480 = ORIENTED_EDGE ( 'NONE', *, *, #2345, .F. ) ;
#3481 = DIRECTION ( 'NONE',  ( -0.000000000000000000, -0.000000000000000000, -1.000000000000000000 ) ) ;
#3482 = CARTESIAN_POINT ( 'NONE',  ( 38.79382627202477352, 38.83926809181502193, 11.29087459092477275 ) ) ;
#3483 = ADVANCED_FACE ( 'NONE', ( #4839 ), #3356, .T. ) ;
#3484 = DIRECTION ( 'NONE',  ( 0.000000000000000000, -0.000000000000000000, -1.000000000000000000 ) ) ;
#3485 = VERTEX_POINT ( 'NONE', #4043 ) ;
#3486 = DIRECTION ( 'NONE',  ( -0.000000000000000000, -0.000000000000000000, 1.000000000000000000 ) ) ;
#3487 = EDGE_LOOP ( 'NONE', ( #3584, #4539, #4035, #4680 ) ) ;
#3488 = DIRECTION ( 'NONE',  ( -0.000000000000000000, -0.000000000000000000, -1.000000000000000000 ) ) ;
#3489 = CARTESIAN_POINT ( 'NONE',  ( 38.81588593523276387, 38.81588593523273545, 11.28387459092477130 ) ) ;
#3490 = ORIENTED_EDGE ( 'NONE', *, *, #4688, .T. ) ;
#3491 = ORIENTED_EDGE ( 'NONE', *, *, #1157, .F. ) ;
#3492 = CARTESIAN_POINT ( 'NONE',  ( 38.80208319111909532, 38.78924975452139989, 11.29087459073403643 ) ) ;
#3493 = DIRECTION ( 'NONE',  ( -1.000000000000000000, 0.000000000000000000, 0.000000000000000000 ) ) ;
#3494 = AXIS2_PLACEMENT_3D ( 'NONE', #4489, #46, #2667 ) ;
#3495 = ORIENTED_EDGE ( 'NONE', *, *, #2544, .F. ) ;
#3496 = AXIS2_PLACEMENT_3D ( 'NONE', #3303, #2463, #2515 ) ;
#3497 = CIRCLE ( 'NONE', #1365, 0.02935410264609803963 ) ;
#3498 = CARTESIAN_POINT ( 'NONE',  ( 38.84302851280614988, 38.79963432793280731, 11.27687459092477162 ) ) ;
#3499 = CARTESIAN_POINT ( 'NONE',  ( 38.82973305097879546, 38.84252407929064788, 11.30407459073403764 ) ) ;
#3500 = VECTOR ( 'NONE', #1555, 1.000000000000000000 ) ;
#3501 = AXIS2_PLACEMENT_3D ( 'NONE', #3420, #489, #3473 ) ;
#3502 = ORIENTED_EDGE ( 'NONE', *, *, #4220, .T. ) ;
#3503 = FACE_OUTER_BOUND ( 'NONE', #1467, .T. ) ;
#3504 = AXIS2_PLACEMENT_3D ( 'NONE', #641, #1391, #1686 ) ;
#3505 = ORIENTED_EDGE ( 'NONE', *, *, #2519, .F. ) ;
#3506 = EDGE_CURVE ( 'NONE', #4816, #1350, #1005, .T. ) ;
#3507 = ORIENTED_EDGE ( 'NONE', *, *, #2790, .T. ) ;
#3508 = AXIS2_PLACEMENT_3D ( 'NONE', #2285, #1208, #2704 ) ;
#3509 = DIRECTION ( 'NONE',  ( 0.8872811332236103521, -0.4612290001999288513, -0.000000000000000000 ) ) ;
#3510 = DIRECTION ( 'NONE',  ( 0.000000000000000000, -0.000000000000000000, -1.000000000000000000 ) ) ;
#3511 = FACE_OUTER_BOUND ( 'NONE', #606, .T. ) ;
#3512 = EDGE_CURVE ( 'NONE', #4235, #951, #3756, .T. ) ;
#3513 = DIRECTION ( 'NONE',  ( -1.000000000000000000, 0.000000000000000000, 0.000000000000000000 ) ) ;
#3514 = VERTEX_POINT ( 'NONE', #4492 ) ;
#3515 = VECTOR ( 'NONE', #767, 1.000000000000000000 ) ;
#3516 = EDGE_CURVE ( 'NONE', #123, #2621, #4681, .T. ) ;
#3517 = EDGE_LOOP ( 'NONE', ( #1670, #2479, #2748, #2862 ) ) ;
#3518 = LINE ( 'NONE', #89, #3746 ) ;
#3519 = DIRECTION ( 'NONE',  ( -1.000000000000000000, 0.000000000000000000, 0.000000000000000000 ) ) ;
#3520 = VERTEX_POINT ( 'NONE', #345 ) ;
#3521 = AXIS2_PLACEMENT_3D ( 'NONE', #714, #3764, #1469 ) ;
#3522 = CIRCLE ( 'NONE', #4366, 0.001006105236834714794 ) ;
#3523 = DIRECTION ( 'NONE',  ( 0.000000000000000000, 0.000000000000000000, -1.000000000000000000 ) ) ;
#3524 = ADVANCED_FACE ( 'NONE', ( #1805 ), #1153, .F. ) ;
#3525 = AXIS2_PLACEMENT_3D ( 'NONE', #1137, #1162, #3405 ) ;
#3526 = AXIS2_PLACEMENT_3D ( 'NONE', #1581, #4574, #1214 ) ;
#3527 = DIRECTION ( 'NONE',  ( 0.000000000000000000, 0.000000000000000000, -1.000000000000000000 ) ) ;
#3528 = CARTESIAN_POINT ( 'NONE',  ( 38.84668122329934903, 38.82510571598998439, 11.27687459092477162 ) ) ;
#3529 = ORIENTED_EDGE ( 'NONE', *, *, #4353, .F. ) ;
#3530 = CIRCLE ( 'NONE', #2354, 0.001006105236832866012 ) ;
#3531 = CIRCLE ( 'NONE', #4687, 0.001006105236832866012 ) ;
#3532 = DIRECTION ( 'NONE',  ( -0.000000000000000000, -0.000000000000000000, -1.000000000000000000 ) ) ;
#3533 = ORIENTED_EDGE ( 'NONE', *, *, #3775, .T. ) ;
#3534 = CIRCLE ( 'NONE', #2828, 0.002250000000002967075 ) ;
#3535 = DIRECTION ( 'NONE',  ( 0.000000000000000000, 0.000000000000000000, 1.000000000000000000 ) ) ;
#3536 = CARTESIAN_POINT ( 'NONE',  ( 38.81949673875524809, 38.85350503249753018, 11.29087459092477275 ) ) ;
#3537 = ORIENTED_EDGE ( 'NONE', *, *, #854, .T. ) ;
#3538 = AXIS2_PLACEMENT_3D ( 'NONE', #2279, #1449, #3383 ) ;
#3539 = VERTEX_POINT ( 'NONE', #4471 ) ;
#3540 = DIRECTION ( 'NONE',  ( -1.000000000000000000, 0.000000000000000000, 0.000000000000000000 ) ) ;
#3541 = ORIENTED_EDGE ( 'NONE', *, *, #954, .T. ) ;
#3542 = DIRECTION ( 'NONE',  ( -0.000000000000000000, -0.000000000000000000, -1.000000000000000000 ) ) ;
#3543 = DIRECTION ( 'NONE',  ( -1.000000000000000000, 0.000000000000000000, 0.000000000000000000 ) ) ;
#3544 = ORIENTED_EDGE ( 'NONE', *, *, #2813, .T. ) ;
#3545 = EDGE_LOOP ( 'NONE', ( #3840, #4273, #2039, #3533 ) ) ;
#3546 = CARTESIAN_POINT ( 'NONE',  ( 38.80218320507503194, 38.77937249762125305, 11.29087459092477275 ) ) ;
#3547 = EDGE_CURVE ( 'NONE', #4487, #98, #1541, .T. ) ;
#3548 = EDGE_CURVE ( 'NONE', #501, #1481, #2421, .T. ) ;
#3549 = CARTESIAN_POINT ( 'NONE',  ( 38.78416323121891196, 38.79319968410936781, 11.29087459092477275 ) ) ;
#3550 = CARTESIAN_POINT ( 'NONE',  ( 38.83213760597951847, 38.78773728905356677, 11.27687459092477162 ) ) ;
#3551 = DIRECTION ( 'NONE',  ( -1.000000000000000000, 0.000000000000000000, 0.000000000000000000 ) ) ;
#3552 = EDGE_LOOP ( 'NONE', ( #2590, #1002, #2980, #1684 ) ) ;
#3553 = DIRECTION ( 'NONE',  ( 0.5000000000018076651, 0.8660254037833949869, 0.000000000000000000 ) ) ;
#3554 = VERTEX_POINT ( 'NONE', #325 ) ;
#3555 = CARTESIAN_POINT ( 'NONE',  ( 38.84600956645631697, 38.84065613470491485, 11.29087459092477275 ) ) ;
#3556 = DIRECTION ( 'NONE',  ( 0.000000000000000000, -0.000000000000000000, -1.000000000000000000 ) ) ;
#3557 = VERTEX_POINT ( 'NONE', #3327 ) ;
#3558 = VERTEX_POINT ( 'NONE', #1447 ) ;
#3559 = DIRECTION ( 'NONE',  ( -0.000000000000000000, -0.000000000000000000, -1.000000000000000000 ) ) ;
#3560 = VERTEX_POINT ( 'NONE', #4444 ) ;
#3561 = CARTESIAN_POINT ( 'NONE',  ( 38.83276196662996682, 38.78852622601286981, 11.29087459092477275 ) ) ;
#3562 = CARTESIAN_POINT ( 'NONE',  ( 38.79382632382887408, 38.79250372684635551, 11.27687459092477162 ) ) ;
#3563 = ORIENTED_EDGE ( 'NONE', *, *, #4032, .F. ) ;
#3564 = CARTESIAN_POINT ( 'NONE',  ( 38.81588593523277098, 38.81588593523274255, 11.29087459092477275 ) ) ;
#3565 = ORIENTED_EDGE ( 'NONE', *, *, #1157, .T. ) ;
#3566 = EDGE_CURVE ( 'NONE', #1346, #1624, #1084, .T. ) ;
#3567 = EDGE_CURVE ( 'NONE', #4451, #552, #4093, .T. ) ;
#3568 = ADVANCED_FACE ( 'NONE', ( #4115 ), #372, .T. ) ;
#3569 = CARTESIAN_POINT ( 'NONE',  ( 38.80020343417891837, 38.85027043089272780, 11.29087459092477275 ) ) ;
#3570 = DIRECTION ( 'NONE',  ( -0.8660254037867568533, 0.4999999999959848784, 0.000000000000000000 ) ) ;
#3571 = ORIENTED_EDGE ( 'NONE', *, *, #1881, .T. ) ;
#3572 = ADVANCED_FACE ( 'NONE', ( #1608 ), #3874, .T. ) ;
#3573 = CIRCLE ( 'NONE', #2870, 0.02020000000000266027 ) ;
#3574 = VERTEX_POINT ( 'NONE', #4105 ) ;
#3575 = CARTESIAN_POINT ( 'NONE',  ( 38.83213754253270622, 38.84403461804295432, 11.29087459092477275 ) ) ;
#3576 = CIRCLE ( 'NONE', #3972, 0.03899994794847572166 ) ;
#3577 = AXIS2_PLACEMENT_3D ( 'NONE', #3575, #1874, #3325 ) ;
#3578 = ADVANCED_FACE ( 'NONE', ( #4801 ), #1435, .F. ) ;
#3579 = EDGE_LOOP ( 'NONE', ( #1052, #4239, #3491, #515 ) ) ;
#3580 = DIRECTION ( 'NONE',  ( -1.000000000000000000, 0.000000000000000000, 0.000000000000000000 ) ) ;
#3581 = CARTESIAN_POINT ( 'NONE',  ( 38.84627557621947602, 38.82429843800235147, 11.29087459092477275 ) ) ;
#3582 = DIRECTION ( 'NONE',  ( -0.000000000000000000, -0.000000000000000000, 1.000000000000000000 ) ) ;
#3583 = VECTOR ( 'NONE', #1253, 1.000000000000000000 ) ;
#3584 = ORIENTED_EDGE ( 'NONE', *, *, #2750, .T. ) ;
#3585 = ORIENTED_EDGE ( 'NONE', *, *, #2546, .F. ) ;
#3586 = CARTESIAN_POINT ( 'NONE',  ( 14.65042317195841015, -7.615624607677546010, 11.29087459073403643 ) ) ;
#3587 = AXIS2_PLACEMENT_3D ( 'NONE', #3592, #2121, #1338 ) ;
#3588 = EDGE_LOOP ( 'NONE', ( #3883, #937, #4193, #3192 ) ) ;
#3589 = LINE ( 'NONE', #208, #1384 ) ;
#3590 = DIRECTION ( 'NONE',  ( 0.5377935015703266819, -0.8430765977470416894, 0.000000000000000000 ) ) ;
#3591 = ORIENTED_EDGE ( 'NONE', *, *, #76, .F. ) ;
#3592 = CARTESIAN_POINT ( 'NONE',  ( 38.80606992174661229, 38.85599998265943356, 11.29087459092477275 ) ) ;
#3593 = ADVANCED_FACE ( 'NONE', ( #3735 ), #1264, .F. ) ;
#3594 = AXIS2_PLACEMENT_3D ( 'NONE', #3461, #3015, #4499 ) ;
#3595 = ORIENTED_EDGE ( 'NONE', *, *, #226, .T. ) ;
#3596 = CIRCLE ( 'NONE', #4677, 0.001006105236836115583 ) ;
#3597 = CARTESIAN_POINT ( 'NONE',  ( 38.81967138312679566, 38.85470173516299752, 11.29087459092477275 ) ) ;
#3598 = AXIS2_PLACEMENT_3D ( 'NONE', #389, #2600, #4437 ) ;
#3599 = FACE_OUTER_BOUND ( 'NONE', #3713, .T. ) ;
#3600 = LINE ( 'NONE', #4245, #4347 ) ;
#3601 = FACE_OUTER_BOUND ( 'NONE', #3185, .T. ) ;
#3602 = VERTEX_POINT ( 'NONE', #158 ) ;
#3603 = AXIS2_PLACEMENT_3D ( 'NONE', #2685, #2408, #3163 ) ;
#3604 = EDGE_CURVE ( 'NONE', #4374, #2350, #1392, .T. ) ;
#3605 = DIRECTION ( 'NONE',  ( 0.4612290001999286848, 0.8872811332236103521, 0.000000000000000000 ) ) ;
#3606 = AXIS2_PLACEMENT_3D ( 'NONE', #2208, #762, #1059 ) ;
#3607 = VERTEX_POINT ( 'NONE', #2796 ) ;
#3608 = CARTESIAN_POINT ( 'NONE',  ( 38.84627557621947602, 38.82429843800235147, 11.29087459092477275 ) ) ;
#3609 = CARTESIAN_POINT ( 'NONE',  ( 38.81949673875524809, 38.85350503249753018, 11.29087459092477275 ) ) ;
#3610 = CARTESIAN_POINT ( 'NONE',  ( 38.78449017004761856, 38.82429836723662220, 11.27687459092477162 ) ) ;
#3611 = VECTOR ( 'NONE', #922, 1.000000000000000000 ) ;
#3612 = EDGE_CURVE ( 'NONE', #237, #1991, #896, .T. ) ;
#3613 = ORIENTED_EDGE ( 'NONE', *, *, #876, .F. ) ;
#3614 = FACE_OUTER_BOUND ( 'NONE', #645, .T. ) ;
#3615 = AXIS2_PLACEMENT_3D ( 'NONE', #881, #3773, #1977 ) ;
#3616 = ORIENTED_EDGE ( 'NONE', *, *, #438, .F. ) ;
#3617 = CARTESIAN_POINT ( 'NONE',  ( 38.83203168682357642, 38.79057490919858964, 11.30287459073403689 ) ) ;
#3618 = CARTESIAN_POINT ( 'NONE',  ( 38.82973305097879546, 38.84252407929064788, 11.30287459073403689 ) ) ;
#3619 = ORIENTED_EDGE ( 'NONE', *, *, #437, .F. ) ;
#3620 = FACE_OUTER_BOUND ( 'NONE', #2918, .T. ) ;
#3621 = AXIS2_PLACEMENT_3D ( 'NONE', #2115, #4008, #1412 ) ;
#3622 = ORIENTED_EDGE ( 'NONE', *, *, #3857, .T. ) ;
#3623 = CARTESIAN_POINT ( 'NONE',  ( 38.83213754253270622, 38.84403461804295432, 11.29087459092477275 ) ) ;
#3624 = DIRECTION ( 'NONE',  ( -0.000000000000000000, -0.000000000000000000, -1.000000000000000000 ) ) ;
#3625 = ORIENTED_EDGE ( 'NONE', *, *, #3780, .F. ) ;
#3626 = DIRECTION ( 'NONE',  ( 1.000000000000000000, 0.000000000000000000, 0.000000000000000000 ) ) ;
#3627 = DIRECTION ( 'NONE',  ( -1.000000000000000000, 0.000000000000000000, 0.000000000000000000 ) ) ;
#3628 = ORIENTED_EDGE ( 'NONE', *, *, #4313, .F. ) ;
#3629 = CYLINDRICAL_SURFACE ( 'NONE', #3264, 0.001006105236832866012 ) ;
#3630 = ORIENTED_EDGE ( 'NONE', *, *, #4732, .F. ) ;
#3631 = ADVANCED_FACE ( 'NONE', ( #2767 ), #3907, .T. ) ;
#3632 = DIRECTION ( 'NONE',  ( -0.000000000000000000, 0.000000000000000000, -1.000000000000000000 ) ) ;
#3633 = DIRECTION ( 'NONE',  ( -0.4612290001999287403, -0.8872811332236104631, 0.000000000000000000 ) ) ;
#3634 = DIRECTION ( 'NONE',  ( -0.2588190451017443605, -0.9659258262892763680, 0.000000000000000000 ) ) ;
#3635 = ADVANCED_FACE ( 'NONE', ( #1610 ), #109, .T. ) ;
#3636 = ADVANCED_FACE ( 'NONE', ( #3438, #4259 ), #3072, .F. ) ;
#3637 = ORIENTED_EDGE ( 'NONE', *, *, #3512, .F. ) ;
#3638 = ADVANCED_FACE ( 'NONE', ( #1242 ), #1283, .T. ) ;
#3639 = DIRECTION ( 'NONE',  ( -0.9659258262890654256, -0.2588190451025316197, 0.000000000000000000 ) ) ;
#3640 = LINE ( 'NONE', #287, #3759 ) ;
#3641 = ORIENTED_EDGE ( 'NONE', *, *, #1044, .F. ) ;
#3642 = CARTESIAN_POINT ( 'NONE',  ( 38.84760863924662999, 38.83857218635611730, 11.29087459092477275 ) ) ;
#3643 = FACE_OUTER_BOUND ( 'NONE', #3957, .T. ) ;
#3644 = VERTEX_POINT ( 'NONE', #427 ) ;
#3645 = DIRECTION ( 'NONE',  ( -0.8660254037832296747, -0.5000000000020939916, 0.000000000000000000 ) ) ;
#3646 = DIRECTION ( 'NONE',  ( -0.000000000000000000, 0.000000000000000000, -1.000000000000000000 ) ) ;
#3647 = ORIENTED_EDGE ( 'NONE', *, *, #343, .T. ) ;
#3648 = CARTESIAN_POINT ( 'NONE',  ( 38.79963426448603059, 38.84403458141191834, 11.27687459092477162 ) ) ;
#3649 = DIRECTION ( 'NONE',  ( -1.000000000000000000, 0.000000000000000000, 0.000000000000000000 ) ) ;
#3650 = ORIENTED_EDGE ( 'NONE', *, *, #1484, .F. ) ;
#3651 = CARTESIAN_POINT ( 'NONE',  ( 38.81588593523277098, 38.81588593523274255, 11.29087459092477275 ) ) ;
#3652 = CIRCLE ( 'NONE', #270, 0.02935410264610490219 ) ;
#3653 = ORIENTED_EDGE ( 'NONE', *, *, #3273, .T. ) ;
#3654 = DIRECTION ( 'NONE',  ( -0.000000000000000000, -0.000000000000000000, 1.000000000000000000 ) ) ;
#3655 = CARTESIAN_POINT ( 'NONE',  ( 38.82744204190321824, 38.85553372609595613, 11.27687459092477162 ) ) ;
#3656 = FACE_OUTER_BOUND ( 'NONE', #1654, .T. ) ;
#3657 = CIRCLE ( 'NONE', #4265, 0.001006105236834714794 ) ;
#3658 = CIRCLE ( 'NONE', #1054, 0.03600013749699304544 ) ;
#3659 = EDGE_CURVE ( 'NONE', #529, #3847, #457, .T. ) ;
#3660 = CARTESIAN_POINT ( 'NONE',  ( 38.80208319111909532, 38.78924975452139989, 11.29087459073403643 ) ) ;
#3661 = VERTEX_POINT ( 'NONE', #820 ) ;
#3662 = CIRCLE ( 'NONE', #818, 0.03600013749699115806 ) ;
#3663 = CARTESIAN_POINT ( 'NONE',  ( 38.82429843800237990, 38.78449018900921175, 11.27687459092477162 ) ) ;
#3664 = CARTESIAN_POINT ( 'NONE',  ( 38.78589306789594815, 38.81455881720898304, 11.29207459073403719 ) ) ;
#3665 = CARTESIAN_POINT ( 'NONE',  ( 38.80432982856232371, 38.77623814436952898, 11.29087459092477275 ) ) ;
#3666 = ADVANCED_FACE ( 'NONE', ( #136 ), #1634, .F. ) ;
#3667 = AXIS2_PLACEMENT_3D ( 'NONE', #4053, #2570, #2975 ) ;
#3668 = CARTESIAN_POINT ( 'NONE',  ( 38.81498519672007319, 38.77459816958911176, 11.29087459092477275 ) ) ;
#3669 = FACE_OUTER_BOUND ( 'NONE', #548, .T. ) ;
#3670 = AXIS2_PLACEMENT_3D ( 'NONE', #1219, #852, #3879 ) ;
#3671 = VERTEX_POINT ( 'NONE', #1188 ) ;
#3672 = EDGE_CURVE ( 'NONE', #3186, #4714, #3128, .T. ) ;
#3673 = DIRECTION ( 'NONE',  ( -1.000000000000000000, 0.000000000000000000, 0.000000000000000000 ) ) ;
#3674 = CARTESIAN_POINT ( 'NONE',  ( 38.81210048733875340, 38.77707013530248759, 11.27687459092477162 ) ) ;
#3675 = EDGE_LOOP ( 'NONE', ( #413, #2551 ) ) ;
#3676 = AXIS2_PLACEMENT_3D ( 'NONE', #3785, #1170, #4127 ) ;
#3677 = AXIS2_PLACEMENT_3D ( 'NONE', #819, #2407, #3831 ) ;
#3678 = FACE_OUTER_BOUND ( 'NONE', #825, .T. ) ;
#3679 = CIRCLE ( 'NONE', #1538, 0.001006105236834714794 ) ;
#3680 = ORIENTED_EDGE ( 'NONE', *, *, #2619, .F. ) ;
#3681 = CARTESIAN_POINT ( 'NONE',  ( 38.78605415785571608, 38.78732799447648461, 11.27687459092477162 ) ) ;
#3682 = DIRECTION ( 'NONE',  ( 0.000000000000000000, 0.000000000000000000, -1.000000000000000000 ) ) ;
#3683 = DIRECTION ( 'NONE',  ( -0.000000000000000000, -0.000000000000000000, 1.000000000000000000 ) ) ;
#3684 = AXIS2_PLACEMENT_3D ( 'NONE', #1475, #698, #1 ) ;
#3685 = DIRECTION ( 'NONE',  ( -0.9659258262892763680, -0.2588190451017443605, 0.000000000000000000 ) ) ;
#3686 = ORIENTED_EDGE ( 'NONE', *, *, #1186, .F. ) ;
#3687 = AXIS2_PLACEMENT_3D ( 'NONE', #4383, #201, #2161 ) ;
#3688 = CARTESIAN_POINT ( 'NONE',  ( 38.79963426448603059, 38.84403458141191834, 11.29087459092477275 ) ) ;
#3689 = LINE ( 'NONE', #2948, #1289 ) ;
#3690 = ORIENTED_EDGE ( 'NONE', *, *, #3866, .F. ) ;
#3691 = AXIS2_PLACEMENT_3D ( 'NONE', #1231, #78, #1518 ) ;
#3692 = DIRECTION ( 'NONE',  ( -1.000000000000000000, 0.000000000000000000, 0.000000000000000000 ) ) ;
#3693 = EDGE_CURVE ( 'NONE', #1476, #3984, #2113, .T. ) ;
#3694 = CIRCLE ( 'NONE', #1403, 0.03000003113258031817 ) ;
#3695 = ORIENTED_EDGE ( 'NONE', *, *, #4788, .T. ) ;
#3696 = CARTESIAN_POINT ( 'NONE',  ( 38.79568593523276832, 38.81588593523274255, 11.28437459092477191 ) ) ;
#3697 = CARTESIAN_POINT ( 'NONE',  ( 38.80062968425999514, 38.84418082511668047, 11.29087459092477275 ) ) ;
#3698 = CIRCLE ( 'NONE', #707, 0.02250000000000085265 ) ;
#3699 = EDGE_LOOP ( 'NONE', ( #1314, #1573, #3776, #3003 ) ) ;
#3700 = EDGE_CURVE ( 'NONE', #4586, #3930, #614, .T. ) ;
#3701 = DIRECTION ( 'NONE',  ( 0.000000000000000000, 0.000000000000000000, -1.000000000000000000 ) ) ;
#3702 = CARTESIAN_POINT ( 'NONE',  ( 45.16672957707553593, 28.81158570721039780, 11.29087459073403643 ) ) ;
#3703 = CYLINDRICAL_SURFACE ( 'NONE', #1800, 0.03899994794847572166 ) ;
#3704 = EDGE_LOOP ( 'NONE', ( #1245, #373, #4740, #4797 ) ) ;
#3705 = DIRECTION ( 'NONE',  ( 0.000000000000000000, -0.000000000000000000, -1.000000000000000000 ) ) ;
#3706 = DIRECTION ( 'NONE',  ( 0.000000000000000000, 0.000000000000000000, -1.000000000000000000 ) ) ;
#3707 = ADVANCED_FACE ( 'NONE', ( #3117 ), #4600, .T. ) ;
#3708 = CARTESIAN_POINT ( 'NONE',  ( 38.78375371630960444, 38.81495071793764851, 11.29087459092477275 ) ) ;
#3709 = ORIENTED_EDGE ( 'NONE', *, *, #3360, .F. ) ;
#3710 = DIRECTION ( 'NONE',  ( -0.000000000000000000, -0.000000000000000000, -1.000000000000000000 ) ) ;
#3711 = ADVANCED_FACE ( 'NONE', ( #1989 ), #870, .F. ) ;
#3712 = DIRECTION ( 'NONE',  ( 0.000000000000000000, 0.000000000000000000, -1.000000000000000000 ) ) ;
#3713 = EDGE_LOOP ( 'NONE', ( #2432, #2326, #145, #1946 ) ) ;
#3714 = ORIENTED_EDGE ( 'NONE', *, *, #401, .T. ) ;
#3715 = EDGE_CURVE ( 'NONE', #863, #3376, #4309, .T. ) ;
#3716 = EDGE_CURVE ( 'NONE', #1756, #2800, #950, .T. ) ;
#3717 = CYLINDRICAL_SURFACE ( 'NONE', #2317, 0.03000003113258031817 ) ;
#3718 = CARTESIAN_POINT ( 'NONE',  ( 38.83394290110857838, 38.80683018074245183, 11.29971019519462061 ) ) ;
#3719 = ADVANCED_FACE ( 'NONE', ( #579 ), #2903, .F. ) ;
#3720 = ORIENTED_EDGE ( 'NONE', *, *, #2546, .T. ) ;
#3721 = DIRECTION ( 'NONE',  ( 0.000000000000000000, -0.000000000000000000, -1.000000000000000000 ) ) ;
#3722 = ORIENTED_EDGE ( 'NONE', *, *, #3153, .F. ) ;
#3723 = CARTESIAN_POINT ( 'NONE',  ( 38.79446198997679573, 38.78058005057620505, 11.27687459092477162 ) ) ;
#3724 = DIRECTION ( 'NONE',  ( -0.000000000000000000, 0.000000000000000000, 1.000000000000000000 ) ) ;
#3725 = EDGE_CURVE ( 'NONE', #2907, #677, #2119, .T. ) ;
#3726 = EDGE_LOOP ( 'NONE', ( #4016, #1429, #723, #3628, #1111, #4338, #179, #1844 ) ) ;
#3727 = DIRECTION ( 'NONE',  ( 1.000000000000000000, 0.000000000000000000, 0.000000000000000000 ) ) ;
#3728 = VECTOR ( 'NONE', #3446, 1.000000000000000000 ) ;
#3729 = CIRCLE ( 'NONE', #3019, 0.03899994794847572166 ) ;
#3730 = DIRECTION ( 'NONE',  ( -0.000000000000000000, -0.000000000000000000, -1.000000000000000000 ) ) ;
#3731 = VERTEX_POINT ( 'NONE', #556 ) ;
#3732 = CIRCLE ( 'NONE', #273, 0.001006105236833839843 ) ;
#3733 = CIRCLE ( 'NONE', #2954, 0.03899994794847572166 ) ;
#3734 = LINE ( 'NONE', #4459, #2476 ) ;
#3735 = FACE_OUTER_BOUND ( 'NONE', #1240, .T. ) ;
#3736 = ORIENTED_EDGE ( 'NONE', *, *, #4334, .T. ) ;
#3737 = VECTOR ( 'NONE', #4799, 1.000000000000000000 ) ;
#3738 = DIRECTION ( 'NONE',  ( 0.000000000000000000, -0.000000000000000000, -1.000000000000000000 ) ) ;
#3739 = DIRECTION ( 'NONE',  ( 0.000000000000000000, 0.000000000000000000, -1.000000000000000000 ) ) ;
#3740 = ORIENTED_EDGE ( 'NONE', *, *, #4426, .T. ) ;
#3741 = ORIENTED_EDGE ( 'NONE', *, *, #4764, .F. ) ;
#3742 = AXIS2_PLACEMENT_3D ( 'NONE', #4844, #1480, #2994 ) ;
#3743 = FACE_BOUND ( 'NONE', #4646, .T. ) ;
#3744 = ORIENTED_EDGE ( 'NONE', *, *, #2351, .F. ) ;
#3745 = CIRCLE ( 'NONE', #2636, 0.02935410264610490219 ) ;
#3746 = VECTOR ( 'NONE', #482, 1.000000000000000000 ) ;
#3747 = ORIENTED_EDGE ( 'NONE', *, *, #2193, .F. ) ;
#3748 = DIRECTION ( 'NONE',  ( -0.000000000000000000, -0.000000000000000000, 1.000000000000000000 ) ) ;
#3749 = DIRECTION ( 'NONE',  ( -0.000000000000000000, -0.000000000000000000, -1.000000000000000000 ) ) ;
#3750 = EDGE_CURVE ( 'NONE', #3051, #123, #4765, .T. ) ;
#3751 = AXIS2_PLACEMENT_3D ( 'NONE', #1432, #4101, #398 ) ;
#3752 = CARTESIAN_POINT ( 'NONE',  ( 38.80747343246316206, 38.84728168145627336, 11.29087459092477275 ) ) ;
#3753 = ORIENTED_EDGE ( 'NONE', *, *, #2107, .T. ) ;
#3754 = DIRECTION ( 'NONE',  ( 0.4612290002001152023, 0.8872811332235133186, 0.000000000000000000 ) ) ;
#3755 = EDGE_CURVE ( 'NONE', #1357, #266, #2349, .T. ) ;
#3756 = CIRCLE ( 'NONE', #3684, 0.001006105236832866012 ) ;
#3757 = FACE_OUTER_BOUND ( 'NONE', #3302, .T. ) ;
#3758 = ORIENTED_EDGE ( 'NONE', *, *, #3781, .T. ) ;
#3759 = VECTOR ( 'NONE', #4778, 1.000000000000000000 ) ;
#3760 = DIRECTION ( 'NONE',  ( 1.000000000000000000, 0.000000000000000000, 0.000000000000000000 ) ) ;
#3761 = ORIENTED_EDGE ( 'NONE', *, *, #4667, .T. ) ;
#3762 = EDGE_LOOP ( 'NONE', ( #2957, #978, #1498, #3741 ) ) ;
#3763 = CARTESIAN_POINT ( 'NONE',  ( 38.81498519672007319, 38.77459816958911176, 11.27687459092477162 ) ) ;
#3764 = DIRECTION ( 'NONE',  ( 0.8872811332236103521, -0.4612290001999288513, -0.000000000000000000 ) ) ;
#3765 = ORIENTED_EDGE ( 'NONE', *, *, #3217, .F. ) ;
#3766 = VERTEX_POINT ( 'NONE', #239 ) ;
#3767 = VECTOR ( 'NONE', #2562, 1.000000000000000000 ) ;
#3768 = CIRCLE ( 'NONE', #2830, 0.03600013749699115806 ) ;
#3769 = DIRECTION ( 'NONE',  ( -1.000000000000000000, 0.000000000000000000, 0.000000000000000000 ) ) ;
#3770 = DIRECTION ( 'NONE',  ( 0.000000000000000000, 0.000000000000000000, -1.000000000000000000 ) ) ;
#3771 = DIRECTION ( 'NONE',  ( -0.5000000000001085798, -0.8660254037843760910, 0.000000000000000000 ) ) ;
#3772 = DIRECTION ( 'NONE',  ( 1.000000000000000000, 0.000000000000000000, -0.000000000000000000 ) ) ;
#3773 = DIRECTION ( 'NONE',  ( 0.000000000000000000, 0.000000000000000000, -1.000000000000000000 ) ) ;
#3774 = CARTESIAN_POINT ( 'NONE',  ( 38.77937249762128147, 38.82958866539048159, 11.27687459092477162 ) ) ;
#3775 = EDGE_CURVE ( 'NONE', #3444, #943, #1759, .T. ) ;
#3776 = ORIENTED_EDGE ( 'NONE', *, *, #954, .F. ) ;
#3777 = CARTESIAN_POINT ( 'NONE',  ( 38.78591355340410018, 38.81459822584306352, 11.29207459073403719 ) ) ;
#3778 = ADVANCED_FACE ( 'NONE', ( #1001 ), #4031, .T. ) ;
#3779 = CARTESIAN_POINT ( 'NONE',  ( 38.83265971718216036, 38.80463070359965627, 11.29747459073403704 ) ) ;
#3780 = EDGE_CURVE ( 'NONE', #3102, #2406, #4724, .T. ) ;
#3781 = EDGE_CURVE ( 'NONE', #116, #1952, #223, .T. ) ;
#3782 = DIRECTION ( 'NONE',  ( -0.000000000000000000, 0.000000000000000000, -1.000000000000000000 ) ) ;
#3783 = CARTESIAN_POINT ( 'NONE',  ( 38.84668124226096353, 38.80666622524122289, 11.29087459092477275 ) ) ;
#3784 = DIRECTION ( 'NONE',  ( -1.000000000000000000, 0.000000000000000000, -0.000000000000000000 ) ) ;
#3785 = CARTESIAN_POINT ( 'NONE',  ( 38.81588593523277098, 38.81588593523274255, 11.29087459092477275 ) ) ;
#3786 = PRODUCT_RELATED_PRODUCT_CATEGORY ( 'part', '', ( #4751 ) ) ;
#3787 = ORIENTED_EDGE ( 'NONE', *, *, #2949, .T. ) ;
#3788 = EDGE_LOOP ( 'NONE', ( #17, #4538, #834, #1327 ) ) ;
#3789 = CYLINDRICAL_SURFACE ( 'NONE', #1916, 0.03600013749699115806 ) ;
#3790 = ORIENTED_EDGE ( 'NONE', *, *, #2378, .F. ) ;
#3791 = DIRECTION ( 'NONE',  ( -0.000000000000000000, -0.000000000000000000, 1.000000000000000000 ) ) ;
#3792 = DIRECTION ( 'NONE',  ( -0.000000000000000000, 0.000000000000000000, 1.000000000000000000 ) ) ;
#3793 = EDGE_CURVE ( 'NONE', #730, #411, #3223, .T. ) ;
#3794 = ORIENTED_EDGE ( 'NONE', *, *, #1853, .F. ) ;
#3795 = CARTESIAN_POINT ( 'NONE',  ( 38.83452759688156419, 38.80810523618954733, 11.29598697727326595 ) ) ;
#3796 = VERTEX_POINT ( 'NONE', #3618 ) ;
#3797 = DIRECTION ( 'NONE',  ( -0.7071067811865474617, 0.7071067811865474617, 0.000000000000000000 ) ) ;
#3798 = CARTESIAN_POINT ( 'NONE',  ( 38.79714060942833953, 38.82341358190541314, 11.29634309095732370 ) ) ;
#3799 = DIRECTION ( 'NONE',  ( 0.000000000000000000, 0.000000000000000000, -1.000000000000000000 ) ) ;
#3800 = EDGE_CURVE ( 'NONE', #1779, #1476, #1360, .T. ) ;
#3801 = CARTESIAN_POINT ( 'NONE',  ( 38.79894728802283765, 38.82689179530768797, 11.29860201686194188 ) ) ;
#3802 = DIRECTION ( 'NONE',  ( 0.000000000000000000, -1.000000000000000000, 0.000000000000000000 ) ) ;
#3803 = DIRECTION ( 'NONE',  ( -0.000000000000000000, -0.000000000000000000, 1.000000000000000000 ) ) ;
#3804 = CARTESIAN_POINT ( 'NONE',  ( 38.81588593523277098, 38.81588593523274255, 11.29087459092477275 ) ) ;
#3805 = DIRECTION ( 'NONE',  ( 0.2588190451006250337, -0.9659258262895763503, 0.000000000000000000 ) ) ;
#3806 = EDGE_CURVE ( 'NONE', #224, #693, #1788, .T. ) ;
#3807 = VECTOR ( 'NONE', #385, 1.000000000000000000 ) ;
#3808 = DIRECTION ( 'NONE',  ( -0.000000000000000000, -0.000000000000000000, 1.000000000000000000 ) ) ;
#3809 = DIRECTION ( 'NONE',  ( -0.000000000000000000, 0.000000000000000000, -1.000000000000000000 ) ) ;
#3810 = ORIENTED_EDGE ( 'NONE', *, *, #2340, .F. ) ;
#3811 = LINE ( 'NONE', #576, #1247 ) ;
#3812 = ORIENTED_EDGE ( 'NONE', *, *, #3273, .F. ) ;
#3813 = CIRCLE ( 'NONE', #3267, 0.03600013749699166460 ) ;
#3814 = EDGE_CURVE ( 'NONE', #2102, #4260, #2506, .T. ) ;
#3815 = DIRECTION ( 'NONE',  ( 0.000000000000000000, 0.000000000000000000, -1.000000000000000000 ) ) ;
#3816 = VECTOR ( 'NONE', #3730, 1.000000000000000000 ) ;
#3817 = ORIENTED_EDGE ( 'NONE', *, *, #3116, .F. ) ;
#3818 = EDGE_LOOP ( 'NONE', ( #387, #1848, #40, #542 ) ) ;
#3819 = CARTESIAN_POINT ( 'NONE',  ( 38.76840477039100819, 38.83803189264411060, 11.29747459073403704 ) ) ;
#3820 = AXIS2_PLACEMENT_3D ( 'NONE', #3321, #4829, #1143 ) ;
#3821 = CARTESIAN_POINT ( 'NONE',  ( 38.82213470568844826, 38.77861413290326453, 11.27687459092477162 ) ) ;
#3822 = ORIENTED_EDGE ( 'NONE', *, *, #1039, .F. ) ;
#3823 = DIRECTION ( 'NONE',  ( -1.000000000000000000, 0.000000000000000000, 0.000000000000000000 ) ) ;
#3824 = DIRECTION ( 'NONE',  ( 0.000000000000000000, -0.000000000000000000, -1.000000000000000000 ) ) ;
#3825 = CARTESIAN_POINT ( 'NONE',  ( 38.81588593523277098, 38.81588593523274255, 11.29087459092477275 ) ) ;
#3826 = CIRCLE ( 'NONE', #3433, 0.03899994794847572166 ) ;
#3827 = AXIS2_PLACEMENT_3D ( 'NONE', #1580, #4258, #3115 ) ;
#3828 = CARTESIAN_POINT ( 'NONE',  ( 38.79907196722930962, 38.82708108189608254, 11.29805740207980946 ) ) ;
#3829 = ORIENTED_EDGE ( 'NONE', *, *, #3672, .T. ) ;
#3830 = CIRCLE ( 'NONE', #3287, 0.02935410264610490219 ) ;
#3831 = DIRECTION ( 'NONE',  ( -1.000000000000000000, 0.000000000000000000, 0.000000000000000000 ) ) ;
#3832 = DIRECTION ( 'NONE',  ( 0.000000000000000000, 0.000000000000000000, -1.000000000000000000 ) ) ;
#3833 = CARTESIAN_POINT ( 'NONE',  ( 38.85139415702917631, 38.79975639324169379, 11.27687459092477162 ) ) ;
#3834 = ORIENTED_EDGE ( 'NONE', *, *, #2254, .T. ) ;
#3835 = EDGE_CURVE ( 'NONE', #4108, #4054, #3445, .T. ) ;
#3836 = EDGE_CURVE ( 'NONE', #3930, #1243, #3640, .T. ) ;
#3837 = DIRECTION ( 'NONE',  ( -1.000000000000000000, 2.904709073180684017E-12, 0.000000000000000000 ) ) ;
#3838 = CARTESIAN_POINT ( 'NONE',  ( 38.79111578999876997, 38.78576225941005617, 11.29087459092477275 ) ) ;
#3839 = CIRCLE ( 'NONE', #2735, 0.03600013749699115806 ) ;
#3840 = ORIENTED_EDGE ( 'NONE', *, *, #2822, .T. ) ;
#3841 = EDGE_CURVE ( 'NONE', #1191, #3186, #2982, .T. ) ;
#3842 = EDGE_LOOP ( 'NONE', ( #3647, #2242, #3080, #3323 ) ) ;
#3843 = EDGE_LOOP ( 'NONE', ( #2428, #252, #711, #916 ) ) ;
#3844 = LINE ( 'NONE', #4198, #4772 ) ;
#3845 = DIRECTION ( 'NONE',  ( 0.000000000000000000, 0.000000000000000000, -1.000000000000000000 ) ) ;
#3846 = VECTOR ( 'NONE', #2228, 1.000000000000000000 ) ;
#3847 = VERTEX_POINT ( 'NONE', #3562 ) ;
#3848 = CARTESIAN_POINT ( 'NONE',  ( 38.85470172834719449, 38.81967145301528888, 11.29087459092477275 ) ) ;
#3849 = CARTESIAN_POINT ( 'NONE',  ( 38.79752343888664967, 38.82430480079315060, 11.29545335245913407 ) ) ;
#3850 = DIRECTION ( 'NONE',  ( -0.9990225017702559773, -0.04420453547656847532, 0.000000000000000000 ) ) ;
#3851 = CARTESIAN_POINT ( 'NONE',  ( 38.79732588525201464, 38.82385936888018563, 11.29917078776164807 ) ) ;
#3852 = VERTEX_POINT ( 'NONE', #183 ) ;
#3853 = CARTESIAN_POINT ( 'NONE',  ( 38.83838593523276472, 38.81588593523273545, 11.28437459092477191 ) ) ;
#3854 = DIRECTION ( 'NONE',  ( -1.000000000000000000, 0.000000000000000000, 0.000000000000000000 ) ) ;
#3855 = ORIENTED_EDGE ( 'NONE', *, *, #379, .T. ) ;
#3856 = DIRECTION ( 'NONE',  ( -0.000000000000000000, -0.000000000000000000, -1.000000000000000000 ) ) ;
#3857 = EDGE_CURVE ( 'NONE', #3485, #2067, #4221, .T. ) ;
#3858 = CARTESIAN_POINT ( 'NONE',  ( 38.83857218635614572, 38.78416323121888354, 11.29087459092477275 ) ) ;
#3859 = EDGE_LOOP ( 'NONE', ( #3744, #1042 ) ) ;
#3860 = EDGE_CURVE ( 'NONE', #1476, #1994, #2122, .T. ) ;
#3861 = CARTESIAN_POINT ( 'NONE',  ( 38.83926814361915802, 38.79382632382884566, 11.27687459092477162 ) ) ;
#3862 = CARTESIAN_POINT ( 'NONE',  ( 38.81588593523276387, 38.81588593523273545, 11.28437459092477191 ) ) ;
#3863 = EDGE_CURVE ( 'NONE', #4327, #1967, #2901, .T. ) ;
#3864 = ORIENTED_EDGE ( 'NONE', *, *, #1301, .T. ) ;
#3865 = FACE_OUTER_BOUND ( 'NONE', #3395, .T. ) ;
#3866 = EDGE_CURVE ( 'NONE', #1717, #3644, #1983, .T. ) ;
#3867 = EDGE_LOOP ( 'NONE', ( #1489, #2633, #569, #3690, #1668, #4822, #1318, #1232 ) ) ;
#3868 = LINE ( 'NONE', #2760, #2967 ) ;
#3869 = CARTESIAN_POINT ( 'NONE',  ( 38.79770044646987515, 38.82468074558814664, 11.29529681464379109 ) ) ;
#3870 = DIRECTION ( 'NONE',  ( 0.4999999999959848784, -0.8660254037867568533, 0.000000000000000000 ) ) ;
#3871 = ADVANCED_FACE ( 'NONE', ( #2761 ), #3897, .T. ) ;
#3872 = EDGE_LOOP ( 'NONE', ( #1104, #3399, #3920, #1436 ) ) ;
#3873 = ORIENTED_EDGE ( 'NONE', *, *, #4421, .F. ) ;
#3874 = CYLINDRICAL_SURFACE ( 'NONE', #452, 0.02935410264610283093 ) ;
#3875 = CARTESIAN_POINT ( 'NONE',  ( 38.84801815415593751, 38.81682115252783660, 11.27687459092477162 ) ) ;
#3876 = DIRECTION ( 'NONE',  ( -1.000000000000000000, 0.000000000000000000, 0.000000000000000000 ) ) ;
#3877 = ORIENTED_EDGE ( 'NONE', *, *, #2940, .T. ) ;
#3878 = DIRECTION ( 'NONE',  ( 0.000000000000000000, -0.000000000000000000, 1.000000000000000000 ) ) ;
#3879 = DIRECTION ( 'NONE',  ( -1.000000000000000000, 0.000000000000000000, 0.000000000000000000 ) ) ;
#3880 = CARTESIAN_POINT ( 'NONE',  ( 38.78605415785571608, 38.78732799447648461, 11.29087459092477275 ) ) ;
#3881 = AXIS2_PLACEMENT_3D ( 'NONE', #1950, #744, #6 ) ;
#3882 = ORIENTED_EDGE ( 'NONE', *, *, #132, .T. ) ;
#3883 = ORIENTED_EDGE ( 'NONE', *, *, #4696, .T. ) ;
#3884 = CIRCLE ( 'NONE', #2472, 0.001006105236836115583 ) ;
#3885 = DIRECTION ( 'NONE',  ( -1.000000000000000000, 0.000000000000000000, 0.000000000000000000 ) ) ;
#3886 = CARTESIAN_POINT ( 'NONE',  ( 38.84716532739390971, 38.80847285555255155, 11.29087459092477275 ) ) ;
#3887 = ORIENTED_EDGE ( 'NONE', *, *, #1881, .F. ) ;
#3888 = EDGE_LOOP ( 'NONE', ( #3471, #879, #2352, #4670 ) ) ;
#3889 = CIRCLE ( 'NONE', #668, 0.03899994794847572166 ) ;
#3890 = CIRCLE ( 'NONE', #1286, 0.001006105236833839843 ) ;
#3891 = ORIENTED_EDGE ( 'NONE', *, *, #2946, .T. ) ;
#3892 = DIRECTION ( 'NONE',  ( -1.000000000000000000, 0.000000000000000000, 0.000000000000000000 ) ) ;
#3893 = EDGE_LOOP ( 'NONE', ( #458, #4556, #509, #1227 ) ) ;
#3894 = ADVANCED_FACE ( 'NONE', ( #59 ), #1599, .F. ) ;
#3895 = CIRCLE ( 'NONE', #3820, 0.03899994794847572166 ) ;
#3896 = CARTESIAN_POINT ( 'NONE',  ( 38.78511224309526284, 38.83782253144367758, 11.29087459092477275 ) ) ;
#3897 = CYLINDRICAL_SURFACE ( 'NONE', #4452, 0.02935410264610283093 ) ;
#3898 = B_SPLINE_CURVE_WITH_KNOTS ( 'NONE', 3,
 ( #1603, #1185, #4619, #3828, #794, #2681, #3801, #4207, #1578, #889, #1237, #2401, #424, #4528, #4570, #1928, #1209, #2705, #843, #2360, #3851, #479, #1986, #4060, #4086, #1438, #2201, #1531, #38, #3049 ),
 .UNSPECIFIED., .F., .F.,
 ( 4, 2, 2, 2, 2, 2, 2, 2, 2, 2, 2, 2, 2, 2, 4 ),
 ( 0.000000000000000000, 0.0004399989348672076655, 0.0008799978697344153309, 0.001319996804601623105, 0.001759995739468830662, 0.002639993609198444061, 0.003519991478928057027, 0.003959990413783420760, 0.004399989348638783625, 0.004839988283494147357, 0.005279987218349511090, 0.005719986153204873955, 0.006159985088060237687, 0.006599984022915600552, 0.007039982957770964285 ),
 .UNSPECIFIED. ) ;
#3899 = ORIENTED_EDGE ( 'NONE', *, *, #949, .T. ) ;
#3900 = EDGE_CURVE ( 'NONE', #554, #3142, #420, .T. ) ;
#3901 = CIRCLE ( 'NONE', #907, 0.03600013749698843801 ) ;
#3902 = EDGE_LOOP ( 'NONE', ( #3720, #1024, #4613, #1393 ) ) ;
#3903 = CYLINDRICAL_SURFACE ( 'NONE', #545, 0.03600013749699115806 ) ;
#3904 = ORIENTED_EDGE ( 'NONE', *, *, #4304, .T. ) ;
#3905 = EDGE_CURVE ( 'NONE', #2060, #897, #1795, .T. ) ;
#3906 = CARTESIAN_POINT ( 'NONE',  ( 38.79338593523276302, 38.81588593523273545, 11.28437459092477191 ) ) ;
#3907 = CYLINDRICAL_SURFACE ( 'NONE', #4210, 0.03600013749699115806 ) ;
#3908 = VERTEX_POINT ( 'NONE', #2329 ) ;
#3909 = CIRCLE ( 'NONE', #1535, 0.001006105236833839843 ) ;
#3910 = CARTESIAN_POINT ( 'NONE',  ( 38.79319974122672221, 38.78416319037194171, 11.27687459092477162 ) ) ;
#3911 = ORIENTED_EDGE ( 'NONE', *, *, #3905, .T. ) ;
#3912 = ORIENTED_EDGE ( 'NONE', *, *, #3247, .T. ) ;
#3913 = AXIS2_PLACEMENT_3D ( 'NONE', #1493, #1896, #1849 ) ;
#3914 = DIRECTION ( 'NONE',  ( -0.000000000000000000, 0.000000000000000000, -1.000000000000000000 ) ) ;
#3915 = DIRECTION ( 'NONE',  ( 0.000000000000000000, -0.000000000000000000, -1.000000000000000000 ) ) ;
#3916 = VECTOR ( 'NONE', #974, 1.000000000000000000 ) ;
#3917 = ORIENTED_EDGE ( 'NONE', *, *, #1385, .F. ) ;
#3918 = VECTOR ( 'NONE', #4139, 1.000000000000000000 ) ;
#3919 = LINE ( 'NONE', #1749, #107 ) ;
#3920 = ORIENTED_EDGE ( 'NONE', *, *, #437, .T. ) ;
#3921 = CIRCLE ( 'NONE', #4692, 0.02935410264610433320 ) ;
#3922 = CARTESIAN_POINT ( 'NONE',  ( 38.81588593523277098, 38.81588593523274255, 11.29207459073403719 ) ) ;
#3923 = CARTESIAN_POINT ( 'NONE',  ( 38.79869663648036493, 38.82649625293569784, 11.29577888569627220 ) ) ;
#3924 = ORIENTED_EDGE ( 'NONE', *, *, #4548, .T. ) ;
#3925 = EDGE_CURVE ( 'NONE', #4103, #4586, #4529, .T. ) ;
#3926 = AXIS2_PLACEMENT_3D ( 'NONE', #1918, #3358, #1177 ) ;
#3927 = ORIENTED_EDGE ( 'NONE', *, *, #2199, .T. ) ;
#3928 = CARTESIAN_POINT ( 'NONE',  ( 38.84716530843228810, 38.82329908567865573, 11.29087459092477275 ) ) ;
#3929 = ADVANCED_FACE ( 'NONE', ( #1206 ), #1629, .T. ) ;
#3930 = VERTEX_POINT ( 'NONE', #2678 ) ;
#3931 = CYLINDRICAL_SURFACE ( 'NONE', #2565, 0.03899994794847572166 ) ;
#3932 = EDGE_CURVE ( 'NONE', #1822, #1657, #2703, .T. ) ;
#3933 = DIRECTION ( 'NONE',  ( -0.4999999999959848784, 0.8660254037867568533, 0.000000000000000000 ) ) ;
#3934 = EDGE_LOOP ( 'NONE', ( #1277, #4439, #1284, #3864 ) ) ;
#3935 = ORIENTED_EDGE ( 'NONE', *, *, #1532, .T. ) ;
#3936 = DIRECTION ( 'NONE',  ( 0.000000000000000000, 0.000000000000000000, -1.000000000000000000 ) ) ;
#3937 = EDGE_CURVE ( 'NONE', #1667, #3013, #2271, .T. ) ;
#3938 = CARTESIAN_POINT ( 'NONE',  ( 38.79975613979438265, 38.85128864812273974, 11.29087459092477275 ) ) ;
#3939 = ORIENTED_EDGE ( 'NONE', *, *, #2196, .F. ) ;
#3940 = DIRECTION ( 'NONE',  ( -1.000000000000000000, 0.000000000000000000, 0.000000000000000000 ) ) ;
#3941 = VERTEX_POINT ( 'NONE', #791 ) ;
#3942 = EDGE_CURVE ( 'NONE', #3357, #411, #3053, .T. ) ;
#3943 = CARTESIAN_POINT ( 'NONE',  ( 38.81588593523277098, 38.81588593523274255, 11.29087459092477275 ) ) ;
#3944 = DIRECTION ( 'NONE',  ( 0.000000000000000000, 0.000000000000000000, -1.000000000000000000 ) ) ;
#3945 = CARTESIAN_POINT ( 'NONE',  ( 38.84665962737027201, 38.79394933902180753, 11.27687459092477162 ) ) ;
#3946 = EDGE_LOOP ( 'NONE', ( #2294, #4310 ) ) ;
#3947 = DIRECTION ( 'NONE',  ( 0.000000000000000000, -0.000000000000000000, -1.000000000000000000 ) ) ;
#3948 = EDGE_CURVE ( 'NONE', #3314, #1850, #4618, .T. ) ;
#3949 = EDGE_LOOP ( 'NONE', ( #3205, #1561, #930, #1636 ) ) ;
#3950 = CARTESIAN_POINT ( 'NONE',  ( 38.84600961105545736, 38.79111578999874155, 11.29087459092477275 ) ) ;
#3951 = DIRECTION ( 'NONE',  ( 0.000000000000000000, 0.000000000000000000, -1.000000000000000000 ) ) ;
#3952 = ORIENTED_EDGE ( 'NONE', *, *, #4113, .T. ) ;
#3953 = DIRECTION ( 'NONE',  ( -0.000000000000000000, -0.000000000000000000, -1.000000000000000000 ) ) ;
#3954 = EDGE_LOOP ( 'NONE', ( #3753, #2177, #1400, #4443 ) ) ;
#3955 = DIRECTION ( 'NONE',  ( 0.000000000000000000, -0.000000000000000000, -1.000000000000000000 ) ) ;
#3956 = DIRECTION ( 'NONE',  ( 0.000000000000000000, -1.000000000000000000, 0.000000000000000000 ) ) ;
#3957 = EDGE_LOOP ( 'NONE', ( #3164, #2461, #2808 ) ) ;
#3958 = CARTESIAN_POINT ( 'NONE',  ( 38.83203168682357642, 38.79057490919859674, 11.29207459073403719 ) ) ;
#3959 = EDGE_CURVE ( 'NONE', #4088, #3376, #1679, .T. ) ;
#3960 = ORIENTED_EDGE ( 'NONE', *, *, #191, .T. ) ;
#3961 = DIRECTION ( 'NONE',  ( 0.000000000000000000, -0.000000000000000000, -1.000000000000000000 ) ) ;
#3962 = EDGE_CURVE ( 'NONE', #880, #3408, #177, .T. ) ;
#3963 = FACE_OUTER_BOUND ( 'NONE', #523, .T. ) ;
#3964 = DIRECTION ( 'NONE',  ( 0.000000000000000000, -0.000000000000000000, 1.000000000000000000 ) ) ;
#3965 = CARTESIAN_POINT ( 'NONE',  ( 38.77577188780607287, 38.80606992174659098, 11.29087459092477275 ) ) ;
#3966 = VERTEX_POINT ( 'NONE', #4695 ) ;
#3967 = EDGE_CURVE ( 'NONE', #1109, #480, #1330, .T. ) ;
#3968 = AXIS2_PLACEMENT_3D ( 'NONE', #4635, #4715, #4271 ) ;
#3969 = EDGE_LOOP ( 'NONE', ( #3218, #1895, #3891, #2501 ) ) ;
#3970 = ADVANCED_FACE ( 'NONE', ( #1021 ), #604, .T. ) ;
#3971 = CARTESIAN_POINT ( 'NONE',  ( 38.85139412798759651, 38.83201554115694165, 11.29087459092477275 ) ) ;
#3972 = AXIS2_PLACEMENT_3D ( 'NONE', #244, #4336, #3275 ) ;
#3973 = CIRCLE ( 'NONE', #1845, 0.03000003113258031817 ) ;
#3974 = VERTEX_POINT ( 'NONE', #942 ) ;
#3975 = DIRECTION ( 'NONE',  ( -0.000000000000000000, -0.000000000000000000, -1.000000000000000000 ) ) ;
#3976 = DIRECTION ( 'NONE',  ( 0.000000000000000000, 0.000000000000000000, -1.000000000000000000 ) ) ;
#3977 = CYLINDRICAL_SURFACE ( 'NONE', #766, 0.02020000000000266027 ) ;
#3978 = VECTOR ( 'NONE', #3484, 1.000000000000000000 ) ;
#3979 = ORIENTED_EDGE ( 'NONE', *, *, #3567, .T. ) ;
#3980 = DIRECTION ( 'NONE',  ( 0.000000000000000000, 0.000000000000000000, -1.000000000000000000 ) ) ;
#3981 = VERTEX_POINT ( 'NONE', #2815 ) ;
#3982 = DIRECTION ( 'NONE',  ( 0.000000000000000000, 0.000000000000000000, -1.000000000000000000 ) ) ;
#3983 = DIRECTION ( 'NONE',  ( -1.000000000000000000, 0.000000000000000000, 0.000000000000000000 ) ) ;
#3984 = VERTEX_POINT ( 'NONE', #3157 ) ;
#3985 = DIRECTION ( 'NONE',  ( 0.000000000000000000, 0.000000000000000000, -1.000000000000000000 ) ) ;
#3986 = AXIS2_PLACEMENT_3D ( 'NONE', #3825, #866, #1602 ) ;
#3987 = ORIENTED_EDGE ( 'NONE', *, *, #2848, .T. ) ;
#3988 = CIRCLE ( 'NONE', #3827, 0.02935410264610283093 ) ;
#3989 = DIRECTION ( 'NONE',  ( -0.000000000000000000, -0.000000000000000000, 1.000000000000000000 ) ) ;
#3990 = CARTESIAN_POINT ( 'NONE',  ( 38.83730988048874622, 38.85119181988928005, 11.27687459092477162 ) ) ;
#3991 = ORIENTED_EDGE ( 'NONE', *, *, #160, .T. ) ;
#3992 = AXIS2_PLACEMENT_3D ( 'NONE', #2814, #4693, #4301 ) ;
#3993 = DIRECTION ( 'NONE',  ( -0.000000000000000000, -0.000000000000000000, 1.000000000000000000 ) ) ;
#3994 = EDGE_CURVE ( 'NONE', #1999, #3558, #1716, .T. ) ;
#3995 = CARTESIAN_POINT ( 'NONE',  ( 38.83278634326660494, 38.80482160386896595, 11.29647714511760626 ) ) ;
#3996 = VERTEX_POINT ( 'NONE', #2083 ) ;
#3997 = AXIS2_PLACEMENT_3D ( 'NONE', #2364, #3144, #3854 ) ;
#3998 = EDGE_CURVE ( 'NONE', #2173, #2671, #3530, .T. ) ;
#3999 = PLANE ( 'NONE',  #1196 ) ;
#4000 = DIRECTION ( 'NONE',  ( -0.000000000000000000, -0.000000000000000000, -1.000000000000000000 ) ) ;
#4001 = ADVANCED_FACE ( 'NONE', ( #1753, #2139 ), #3977, .F. ) ;
#4002 = AXIS2_PLACEMENT_3D ( 'NONE', #3610, #4666, #3634 ) ;
#4003 = ORIENTED_EDGE ( 'NONE', *, *, #3506, .F. ) ;
#4004 = CYLINDRICAL_SURFACE ( 'NONE', #447, 0.001006105236832866012 ) ;
#4005 = CARTESIAN_POINT ( 'NONE',  ( 38.81588593523276387, 38.81588593523273545, 11.28387459092477130 ) ) ;
#4006 = CARTESIAN_POINT ( 'NONE',  ( 38.79907837596287123, 38.82709123464248080, 11.29688151648862160 ) ) ;
#4007 = VECTOR ( 'NONE', #3329, 1.000000000000000000 ) ;
#4008 = DIRECTION ( 'NONE',  ( -0.000000000000000000, -0.000000000000000000, -1.000000000000000000 ) ) ;
#4009 = CIRCLE ( 'NONE', #310, 0.02935410264609930597 ) ;
#4010 = VERTEX_POINT ( 'NONE', #914 ) ;
#4011 = CARTESIAN_POINT ( 'NONE',  ( 38.81588593523277098, 38.81588593523274255, 11.27687459092477162 ) ) ;
#4012 = DIRECTION ( 'NONE',  ( 0.000000000000000000, -0.000000000000000000, -1.000000000000000000 ) ) ;
#4013 = ORIENTED_EDGE ( 'NONE', *, *, #4791, .T. ) ;
#4014 = CARTESIAN_POINT ( 'NONE',  ( 38.78509064716618582, 38.80666615447550072, 11.27687459092477162 ) ) ;
#4015 = AXIS2_PLACEMENT_3D ( 'NONE', #2868, #2499, #280 ) ;
#4016 = ORIENTED_EDGE ( 'NONE', *, *, #1102, .F. ) ;
#4017 = CARTESIAN_POINT ( 'NONE',  ( 38.77707004929753509, 38.77707004929750667, 11.29207459073403719 ) ) ;
#4018 = DIRECTION ( 'NONE',  ( -0.000000000000000000, 0.000000000000000000, 1.000000000000000000 ) ) ;
#4019 = ORIENTED_EDGE ( 'NONE', *, *, #594, .T. ) ;
#4020 = DIRECTION ( 'NONE',  ( -0.000000000000000000, -0.000000000000000000, 1.000000000000000000 ) ) ;
#4021 = ORIENTED_EDGE ( 'NONE', *, *, #2857, .T. ) ;
#4022 = EDGE_CURVE ( 'NONE', #154, #3514, #4843, .T. ) ;
#4023 = LINE ( 'NONE', #4662, #2691 ) ;
#4024 = ORIENTED_EDGE ( 'NONE', *, *, #1255, .T. ) ;
#4025 = DIRECTION ( 'NONE',  ( -0.2588190451017443605, 0.9659258262892763680, 0.000000000000000000 ) ) ;
#4026 = DIRECTION ( 'NONE',  ( -1.000000000000000000, 0.000000000000000000, 0.000000000000000000 ) ) ;
#4027 = DIRECTION ( 'NONE',  ( -1.000000000000000000, 0.000000000000000000, 0.000000000000000000 ) ) ;
#4028 = EDGE_CURVE ( 'NONE', #4100, #1590, #620, .T. ) ;
#4029 = ORIENTED_EDGE ( 'NONE', *, *, #4653, .T. ) ;
#4030 = CARTESIAN_POINT ( 'NONE',  ( 38.77707013530251601, 38.81967138312676013, 11.27687459092477162 ) ) ;
#4031 = CYLINDRICAL_SURFACE ( 'NONE', #846, 0.03600013749699115806 ) ;
#4032 = EDGE_CURVE ( 'NONE', #1756, #4523, #1356, .T. ) ;
#4033 = DIRECTION ( 'NONE',  ( 0.8660254037867568533, -0.4999999999959848784, 0.000000000000000000 ) ) ;
#4034 = FACE_OUTER_BOUND ( 'NONE', #3872, .T. ) ;
#4035 = ORIENTED_EDGE ( 'NONE', *, *, #3193, .F. ) ;
#4036 = DIRECTION ( 'NONE',  ( 0.000000000000000000, 0.000000000000000000, -1.000000000000000000 ) ) ;
#4037 = DIRECTION ( 'NONE',  ( -0.000000000000000000, -0.000000000000000000, -1.000000000000000000 ) ) ;
#4038 = ORIENTED_EDGE ( 'NONE', *, *, #4339, .T. ) ;
#4039 = CARTESIAN_POINT ( 'NONE',  ( 38.79319974122672221, 38.78416319037194171, 11.29087459092477275 ) ) ;
#4040 = AXIS2_PLACEMENT_3D ( 'NONE', #1721, #189, #2886 ) ;
#4041 = AXIS2_PLACEMENT_3D ( 'NONE', #4266, #1290, #3885 ) ;
#4042 = ORIENTED_EDGE ( 'NONE', *, *, #20, .F. ) ;
#4043 = CARTESIAN_POINT ( 'NONE',  ( 38.84760868009357182, 38.79319974122669379, 11.27687459092477162 ) ) ;
#4044 = CARTESIAN_POINT ( 'NONE',  ( 38.80949619811603668, 38.77741299409792930, 11.29087459092477275 ) ) ;
#4045 = DIRECTION ( 'NONE',  ( 0.9990225017702558663, 0.04420453547656873899, 0.000000000000000000 ) ) ;
#4046 = AXIS2_PLACEMENT_3D ( 'NONE', #979, #2532, #2484 ) ;
#4047 = VECTOR ( 'NONE', #3100, 1.000000000000000000 ) ;
#4048 = EDGE_CURVE ( 'NONE', #1624, #4487, #2200, .T. ) ;
#4049 = ORIENTED_EDGE ( 'NONE', *, *, #564, .F. ) ;
#4050 = EDGE_LOOP ( 'NONE', ( #1092, #1897, #4643, #4582, #4633, #2953, #2711, #789, #2250, #1975, #390, #2536, #500, #2656, #4697, #2695, #1127, #619, #2093, #3065, #4157, #159, #3630, #4137, #3505, #259, #2367, #1146, #4415, #90, #970, #4049, #4369, #2365, #2583, #316, #2526, #4858, #4153, #962, #4472, #1883, #4853, #2241, #1973, #1066, #4834, #2755, #593, #2842, #4496, #3375, #3616, #2297, #4805, #517, #2482, #3613, #4486, #207, #1147, #4731, #193, #3382, #2797, #1029, #3237, #4042, #2059, #3787, #4385, #57, #2649, #2596, #3571, #956, #3917, #4591, #378, #3987, #2451, #2734, #3722, #414, #2838, #2511, #2741, #2915, #4254, #3622, #2265, #3250, #3591, #2764, #4608, #3224, #4331, #164, #3111, #3912, #1618, #4420, #1499, #311, #1641, #3637 ) ) ;
#4051 = AXIS2_PLACEMENT_3D ( 'NONE', #3412, #36, #1168 ) ;
#4052 = CARTESIAN_POINT ( 'NONE',  ( 38.84838921327945371, 38.81588597186377854, 11.29087459092477275 ) ) ;
#4053 = CARTESIAN_POINT ( 'NONE',  ( 38.83213754253270622, 38.84403461804295432, 11.27687459092477162 ) ) ;
#4054 = VERTEX_POINT ( 'NONE', #234 ) ;
#4055 = AXIS2_PLACEMENT_3D ( 'NONE', #3318, #2531, #4033 ) ;
#4056 = ADVANCED_FACE ( 'NONE', ( #3656 ), #1650, .T. ) ;
#4057 = LINE ( 'NONE', #4367, #112 ) ;
#4058 = VECTOR ( 'NONE', #3808, 1.000000000000000000 ) ;
#4059 = ORIENTED_EDGE ( 'NONE', *, *, #3780, .T. ) ;
#4060 = CARTESIAN_POINT ( 'NONE',  ( 38.79714637203782246, 38.82342751757993682, 11.29860363246892696 ) ) ;
#4061 = CYLINDRICAL_SURFACE ( 'NONE', #4438, 0.03600013749699115806 ) ;
#4062 = ORIENTED_EDGE ( 'NONE', *, *, #2440, .F. ) ;
#4063 = AXIS2_PLACEMENT_3D ( 'NONE', #2293, #1103, #1910 ) ;
#4064 = AXIS2_PLACEMENT_3D ( 'NONE', #3364, #1459, #3727 ) ;
#4065 = CARTESIAN_POINT ( 'NONE',  ( 38.83269301363021242, 38.80467991811313055, 11.29806452235276915 ) ) ;
#4066 = AXIS2_PLACEMENT_3D ( 'NONE', #4546, #4252, #4637 ) ;
#4067 = VERTEX_POINT ( 'NONE', #4743 ) ;
#4068 = DIRECTION ( 'NONE',  ( -1.000000000000000000, 0.000000000000000000, 0.000000000000000000 ) ) ;
#4069 = CARTESIAN_POINT ( 'NONE',  ( 38.81588593523277098, 38.81588593523274255, 11.29087459092477275 ) ) ;
#4070 = CARTESIAN_POINT ( 'NONE',  ( 38.81588593523277098, 38.81588593523274255, 11.29087459092477275 ) ) ;
#4071 = EDGE_CURVE ( 'NONE', #1421, #501, #62, .T. ) ;
#4072 = AXIS2_PLACEMENT_3D ( 'NONE', #64, #4623, #3543 ) ;
#4073 = CARTESIAN_POINT ( 'NONE',  ( 38.80062968425999514, 38.84418082511668047, 11.27687459092477162 ) ) ;
#4074 = VERTEX_POINT ( 'NONE', #3216 ) ;
#4075 = VERTEX_POINT ( 'NONE', #1733 ) ;
#4076 = AXIS2_PLACEMENT_3D ( 'NONE', #1713, #2925, #3983 ) ;
#4077 = DIRECTION ( 'NONE',  ( -0.000000000000000000, -0.000000000000000000, 1.000000000000000000 ) ) ;
#4078 = DIRECTION ( 'NONE',  ( -1.000000000000000000, 0.000000000000000000, 0.000000000000000000 ) ) ;
#4079 = EDGE_CURVE ( 'NONE', #246, #4560, #697, .T. ) ;
#4080 = AXIS2_PLACEMENT_3D ( 'NONE', #3104, #4587, #1768 ) ;
#4081 = EDGE_CURVE ( 'NONE', #4776, #2384, #4351, .T. ) ;
#4082 = DIRECTION ( 'NONE',  ( -1.000000000000000000, 0.000000000000000000, 0.000000000000000000 ) ) ;
#4083 = VECTOR ( 'NONE', #2922, 1.000000000000000000 ) ;
#4084 = ORIENTED_EDGE ( 'NONE', *, *, #2491, .T. ) ;
#4085 = EDGE_CURVE ( 'NONE', #3277, #4054, #1131, .T. ) ;
#4086 = CARTESIAN_POINT ( 'NONE',  ( 38.79712011955894013, 38.82336172163505950, 11.29847203635047492 ) ) ;
#4087 = DIRECTION ( 'NONE',  ( -0.8660254037843760910, -0.5000000000001085798, 0.000000000000000000 ) ) ;
#4088 = VERTEX_POINT ( 'NONE', #281 ) ;
#4089 = ADVANCED_FACE ( 'NONE', ( #307 ), #3703, .T. ) ;
#4090 = CARTESIAN_POINT ( 'NONE',  ( 38.84600961105545736, 38.79111578999874155, 11.27687459092477162 ) ) ;
#4091 = CARTESIAN_POINT ( 'NONE',  ( 38.78576230400921787, 38.79111573576057026, 11.27687459092477162 ) ) ;
#4092 = VERTEX_POINT ( 'NONE', #2921 ) ;
#4093 = LINE ( 'NONE', #719, #4376 ) ;
#4094 = VERTEX_POINT ( 'NONE', #2563 ) ;
#4095 = CARTESIAN_POINT ( 'NONE',  ( 38.82911024244048548, 38.85128864812273974, 11.27687459092477162 ) ) ;
#4096 = DIRECTION ( 'NONE',  ( -1.000000000000000000, 0.000000000000000000, 0.000000000000000000 ) ) ;
#4097 = CARTESIAN_POINT ( 'NONE',  ( 38.78759104534883306, 38.80062968425995962, 11.27687459092477162 ) ) ;
#4098 = DIRECTION ( 'NONE',  ( 0.7071067811870409558, 0.7071067811860540786, 0.000000000000000000 ) ) ;
#4099 = ORIENTED_EDGE ( 'NONE', *, *, #627, .T. ) ;
#4100 = VERTEX_POINT ( 'NONE', #4474 ) ;
#4101 = DIRECTION ( 'NONE',  ( 0.000000000000000000, 0.000000000000000000, -1.000000000000000000 ) ) ;
#4102 = DIRECTION ( 'NONE',  ( -1.000000000000000000, 0.000000000000000000, 0.000000000000000000 ) ) ;
#4103 = VERTEX_POINT ( 'NONE', #2939 ) ;
#4104 = LINE ( 'NONE', #3369, #3500 ) ;
#4105 = CARTESIAN_POINT ( 'NONE',  ( 38.78416323121891196, 38.79319968410936781, 11.27687459092477162 ) ) ;
#4106 = CARTESIAN_POINT ( 'NONE',  ( 38.83205217233172846, 38.79061431783266300, 11.29207459073403719 ) ) ;
#4107 = DIRECTION ( 'NONE',  ( 0.4612290002001152023, 0.8872811332235133186, 0.000000000000000000 ) ) ;
#4108 = VERTEX_POINT ( 'NONE', #4 ) ;
#4109 = ADVANCED_FACE ( 'NONE', ( #700 ), #4811, .T. ) ;
#4110 = ORIENTED_EDGE ( 'NONE', *, *, #3750, .T. ) ;
#4111 = EDGE_CURVE ( 'NONE', #4240, #4231, #327, .T. ) ;
#4112 = CARTESIAN_POINT ( 'NONE',  ( 38.83353251895680103, 38.80605441583828252, 11.29965236682428298 ) ) ;
#4113 = EDGE_CURVE ( 'NONE', #2295, #584, #1551, .T. ) ;
#4114 = ORIENTED_EDGE ( 'NONE', *, *, #2078, .F. ) ;
#4115 = FACE_OUTER_BOUND ( 'NONE', #3552, .T. ) ;
#4116 = ORIENTED_EDGE ( 'NONE', *, *, #3360, .T. ) ;
#4117 = CARTESIAN_POINT ( 'NONE',  ( 38.84585831706144177, 38.81717364462242159, 11.29087459073403643 ) ) ;
#4118 = CARTESIAN_POINT ( 'NONE',  ( 38.82570194871892255, 38.77577188780604445, 11.29087459092477275 ) ) ;
#4119 = ORIENTED_EDGE ( 'NONE', *, *, #4581, .F. ) ;
#4120 = CARTESIAN_POINT ( 'NONE',  ( 38.85435887636759134, 38.80949619811600826, 11.27687459092477162 ) ) ;
#4121 = CIRCLE ( 'NONE', #1125, 0.001006105236833839843 ) ;
#4122 = CARTESIAN_POINT ( 'NONE',  ( 38.81588593523277098, 38.81588593523274255, 11.27687459092477162 ) ) ;
#4123 = VECTOR ( 'NONE', #1722, 1.000000000000000000 ) ;
#4124 = FACE_OUTER_BOUND ( 'NONE', #3902, .T. ) ;
#4125 = CIRCLE ( 'NONE', #900, 0.02935410264609947945 ) ;
#4126 = CARTESIAN_POINT ( 'NONE',  ( 38.84324564445265082, 38.83276196662993840, 11.29087459092477275 ) ) ;
#4127 = DIRECTION ( 'NONE',  ( -1.000000000000000000, 0.000000000000000000, 0.000000000000000000 ) ) ;
#4128 = EDGE_LOOP ( 'NONE', ( #2648, #2981, #4099, #4465 ) ) ;
#4129 = ORIENTED_EDGE ( 'NONE', *, *, #2943, .T. ) ;
#4130 = AXIS2_PLACEMENT_3D ( 'NONE', #792, #400, #1927 ) ;
#4131 = EDGE_CURVE ( 'NONE', #2145, #3574, #1879, .T. ) ;
#4132 = FACE_OUTER_BOUND ( 'NONE', #1049, .T. ) ;
#4133 = CARTESIAN_POINT ( 'NONE',  ( 38.78058005057623348, 38.83730988048871779, 11.27687459092477162 ) ) ;
#4134 = AXIS2_PLACEMENT_3D ( 'NONE', #221, #4037, #3649 ) ;
#4135 = CIRCLE ( 'NONE', #829, 0.02935410264610490219 ) ;
#4136 = DIRECTION ( 'NONE',  ( 0.4999999999999360512, -0.8660254037844755670, 0.000000000000000000 ) ) ;
#4137 = ORIENTED_EDGE ( 'NONE', *, *, #1974, .F. ) ;
#4138 = CARTESIAN_POINT ( 'NONE',  ( 38.81588593523277098, 38.81588593523274255, 11.29207459073403719 ) ) ;
#4139 = DIRECTION ( 'NONE',  ( -0.000000000000000000, -0.000000000000000000, -1.000000000000000000 ) ) ;
#4140 = ADVANCED_FACE ( 'NONE', ( #764 ), #2609, .T. ) ;
#4141 = AXIS2_PLACEMENT_3D ( 'NONE', #1523, #2232, #748 ) ;
#4142 = DIRECTION ( 'NONE',  ( 0.7071067811870409558, 0.7071067811860540786, 0.000000000000000000 ) ) ;
#4143 = VERTEX_POINT ( 'NONE', #741 ) ;
#4144 = LINE ( 'NONE', #790, #2961 ) ;
#4145 = VECTOR ( 'NONE', #4390, 1.000000000000000000 ) ;
#4146 = DIRECTION ( 'NONE',  ( 1.000000000000000000, 0.000000000000000000, 0.000000000000000000 ) ) ;
#4147 = VECTOR ( 'NONE', #654, 1.000000000000000000 ) ;
#4148 = DIRECTION ( 'NONE',  ( -0.000000000000000000, 0.000000000000000000, 1.000000000000000000 ) ) ;
#4149 = VECTOR ( 'NONE', #2280, 1.000000000000000000 ) ;
#4150 = DIRECTION ( 'NONE',  ( 0.000000000000000000, -0.000000000000000000, -1.000000000000000000 ) ) ;
#4151 = CARTESIAN_POINT ( 'NONE',  ( 38.85435886486268942, 38.82227574162067185, 11.29087459092477275 ) ) ;
#4152 = ORIENTED_EDGE ( 'NONE', *, *, #3942, .F. ) ;
#4153 = ORIENTED_EDGE ( 'NONE', *, *, #343, .F. ) ;
#4154 = AXIS2_PLACEMENT_3D ( 'NONE', #2586, #3010, #740 ) ;
#4155 = CARTESIAN_POINT ( 'NONE',  ( 38.79978455527427883, 38.84119892461345813, 11.29207459073403719 ) ) ;
#4156 = EDGE_CURVE ( 'NONE', #1962, #4260, #1161, .T. ) ;
#4157 = ORIENTED_EDGE ( 'NONE', *, *, #2852, .F. ) ;
#4158 = LINE ( 'NONE', #4117, #857 ) ;
#4159 = CYLINDRICAL_SURFACE ( 'NONE', #701, 0.02935410264610283093 ) ;
#4160 = DIRECTION ( 'NONE',  ( 0.000000000000000000, 0.000000000000000000, -1.000000000000000000 ) ) ;
#4161 = CARTESIAN_POINT ( 'NONE',  ( 38.83456401916865275, 38.80819334751626570, 11.29610265355210608 ) ) ;
#4162 = ORIENTED_EDGE ( 'NONE', *, *, #712, .F. ) ;
#4163 = EDGE_CURVE ( 'NONE', #3520, #1013, #4424, .T. ) ;
#4164 = CARTESIAN_POINT ( 'NONE',  ( 38.78591355340411440, 38.81459822584306352, 11.29087459073403643 ) ) ;
#4165 = DIRECTION ( 'NONE',  ( 0.2588190451018285709, 0.9659258262892538305, 0.000000000000000000 ) ) ;
#4166 = DIRECTION ( 'NONE',  ( 0.8872811332236103521, -0.4612290001999288513, -0.000000000000000000 ) ) ;
#4167 = DIRECTION ( 'NONE',  ( -0.2588190451018285709, -0.9659258262892538305, 0.000000000000000000 ) ) ;
#4168 = EDGE_CURVE ( 'NONE', #4523, #2844, #1061, .T. ) ;
#4169 = CYLINDRICAL_SURFACE ( 'NONE', #982, 0.03600013749699115806 ) ;
#4170 = EDGE_CURVE ( 'NONE', #4094, #2466, #2820, .T. ) ;
#4171 = LINE ( 'NONE', #850, #1133 ) ;
#4172 = DIRECTION ( 'NONE',  ( 0.000000000000000000, -0.000000000000000000, -1.000000000000000000 ) ) ;
#4173 = CARTESIAN_POINT ( 'NONE',  ( 38.80062968425999514, 38.84418082511668047, 11.29087459092477275 ) ) ;
#4174 = ORIENTED_EDGE ( 'NONE', *, *, #467, .T. ) ;
#4175 = DIRECTION ( 'NONE',  ( 0.7071067811860540786, -0.7071067811870409558, 0.000000000000000000 ) ) ;
#4176 = CARTESIAN_POINT ( 'NONE',  ( 38.78759100871779708, 38.83114212275871324, 11.29087459092477275 ) ) ;
#4177 = EDGE_LOOP ( 'NONE', ( #4763, #1129, #1607, #3037 ) ) ;
#4178 = ORIENTED_EDGE ( 'NONE', *, *, #2655, .T. ) ;
#4179 = CYLINDRICAL_SURFACE ( 'NONE', #2509, 0.03600013749699115806 ) ;
#4180 = CARTESIAN_POINT ( 'NONE',  ( 38.81588593523277098, 38.81588593523274255, 11.29087459092477275 ) ) ;
#4181 = DIRECTION ( 'NONE',  ( -0.000000000000000000, -0.000000000000000000, -1.000000000000000000 ) ) ;
#4182 = EDGE_LOOP ( 'NONE', ( #2593, #1070, #1303, #2644 ) ) ;
#4183 = LINE ( 'NONE', #913, #2974 ) ;
#4184 = DIRECTION ( 'NONE',  ( -0.000000000000000000, 0.000000000000000000, 1.000000000000000000 ) ) ;
#4185 = CYLINDRICAL_SURFACE ( 'NONE', #1854, 0.002250000000002967075 ) ;
#4186 = EDGE_CURVE ( 'NONE', #1872, #2309, #4384, .T. ) ;
#4187 = CARTESIAN_POINT ( 'NONE',  ( 38.78576230400921787, 38.79111573576057026, 11.29087459092477275 ) ) ;
#4188 = CARTESIAN_POINT ( 'NONE',  ( 38.81678667374546876, 38.85717370087637335, 11.27687459092477162 ) ) ;
#4189 = DIRECTION ( 'NONE',  ( -0.9990225017702558663, -0.04420453547656848226, 0.000000000000000000 ) ) ;
#4190 = ADVANCED_FACE ( 'NONE', ( #4842 ), #1852, .T. ) ;
#4191 = CIRCLE ( 'NONE', #3179, 0.002250000000002967075 ) ;
#4192 = CYLINDRICAL_SURFACE ( 'NONE', #678, 0.02935410264610283093 ) ;
#4193 = ORIENTED_EDGE ( 'NONE', *, *, #1855, .F. ) ;
#4194 = AXIS2_PLACEMENT_3D ( 'NONE', #4512, #1151, #2646 ) ;
#4195 = DIRECTION ( 'NONE',  ( -0.000000000000000000, -0.000000000000000000, -1.000000000000000000 ) ) ;
#4196 = CARTESIAN_POINT ( 'NONE',  ( 38.84324564445265082, 38.83276196662993840, 11.29087459092477275 ) ) ;
#4197 = CIRCLE ( 'NONE', #823, 0.03899994794847572166 ) ;
#4198 = CARTESIAN_POINT ( 'NONE',  ( 38.81682115252786502, 38.78375371630957602, 11.29087459092477275 ) ) ;
#4199 = AXIS2_PLACEMENT_3D ( 'NONE', #1814, #1505, #1909 ) ;
#4200 = AXIS2_PLACEMENT_3D ( 'NONE', #4011, #2118, #2166 ) ;
#4201 = ORIENTED_EDGE ( 'NONE', *, *, #226, .F. ) ;
#4202 = DIRECTION ( 'NONE',  ( -0.000000000000000000, -0.000000000000000000, -1.000000000000000000 ) ) ;
#4203 = CARTESIAN_POINT ( 'NONE',  ( 38.79737077901937425, 38.82396330912160920, 11.29568589210180285 ) ) ;
#4204 = CARTESIAN_POINT ( 'NONE',  ( 38.81588593523277098, 38.81588593523274255, 11.29087459092477275 ) ) ;
#4205 = CIRCLE ( 'NONE', #1073, 0.03600013749698897231 ) ;
#4206 = AXIS2_PLACEMENT_3D ( 'NONE', #4665, #1304, #3580 ) ;
#4207 = CARTESIAN_POINT ( 'NONE',  ( 38.79885848475872479, 38.82675389988330039, 11.29884652791596267 ) ) ;
#4208 = ORIENTED_EDGE ( 'NONE', *, *, #1428, .F. ) ;
#4209 = DIRECTION ( 'NONE',  ( -1.000000000000000000, 0.000000000000000000, 0.000000000000000000 ) ) ;
#4210 = AXIS2_PLACEMENT_3D ( 'NONE', #3465, #1556, #1656 ) ;
#4211 = CARTESIAN_POINT ( 'NONE',  ( 38.80218320507503194, 38.77937249762125305, 11.27687459092477162 ) ) ;
#4212 = DIRECTION ( 'NONE',  ( -0.000000000000000000, -0.000000000000000000, 1.000000000000000000 ) ) ;
#4213 = ORIENTED_EDGE ( 'NONE', *, *, #1218, .F. ) ;
#4214 = EDGE_CURVE ( 'NONE', #3766, #3277, #3134, .T. ) ;
#4215 = FACE_BOUND ( 'NONE', #610, .T. ) ;
#4216 = VECTOR ( 'NONE', #4638, 1.000000000000000000 ) ;
#4217 = DIRECTION ( 'NONE',  ( -0.000000000000000000, -0.000000000000000000, -1.000000000000000000 ) ) ;
#4218 = EDGE_CURVE ( 'NONE', #1296, #2356, #2274, .T. ) ;
#4219 = ORIENTED_EDGE ( 'NONE', *, *, #2422, .T. ) ;
#4220 = EDGE_CURVE ( 'NONE', #4828, #4348, #2647, .T. ) ;
#4221 = CIRCLE ( 'NONE', #2504, 0.03899994794847572166 ) ;
#4222 = DIRECTION ( 'NONE',  ( 0.2588190451017443605, -0.9659258262892763680, 0.000000000000000000 ) ) ;
#4223 = CARTESIAN_POINT ( 'NONE',  ( 38.84403461804298274, 38.79963432793280731, 11.29087459092477275 ) ) ;
#4224 = STYLED_ITEM ( 'NONE', ( #245 ), #4419 ) ;
#4225 = VERTEX_POINT ( 'NONE', #4249 ) ;
#4226 = ADVANCED_FACE ( 'NONE', ( #3503 ), #2758, .T. ) ;
#4227 = ORIENTED_EDGE ( 'NONE', *, *, #2603, .T. ) ;
#4228 = DIRECTION ( 'NONE',  ( -1.000000000000000000, 0.000000000000000000, 0.000000000000000000 ) ) ;
#4229 = AXIS2_PLACEMENT_3D ( 'NONE', #1537, #1309, #4774 ) ;
#4230 = AXIS2_PLACEMENT_3D ( 'NONE', #2650, #53, #2252 ) ;
#4231 = VERTEX_POINT ( 'NONE', #4614 ) ;
#4232 = DIRECTION ( 'NONE',  ( -0.000000000000000000, -0.000000000000000000, -1.000000000000000000 ) ) ;
#4233 = DIRECTION ( 'NONE',  ( 0.8660254037845108721, -0.4999999999998750999, 0.000000000000000000 ) ) ;
#4234 = CARTESIAN_POINT ( 'NONE',  ( 38.80847285555257997, 38.78460654307160382, 11.27687459092477162 ) ) ;
#4235 = VERTEX_POINT ( 'NONE', #862 ) ;
#4236 = ORIENTED_EDGE ( 'NONE', *, *, #3249, .T. ) ;
#4237 = DIRECTION ( 'NONE',  ( -0.000000000000000000, -0.000000000000000000, -1.000000000000000000 ) ) ;
#4238 = CARTESIAN_POINT ( 'NONE',  ( 38.81588589860173499, 38.84838921327941819, 11.35967459397653023 ) ) ;
#4239 = ORIENTED_EDGE ( 'NONE', *, *, #3962, .F. ) ;
#4240 = VERTEX_POINT ( 'NONE', #446 ) ;
#4241 = CARTESIAN_POINT ( 'NONE',  ( 38.81588593523276387, 38.81588593523273545, 11.28437459092477191 ) ) ;
#4242 = CYLINDRICAL_SURFACE ( 'NONE', #443, 0.03899994794847572166 ) ;
#4243 = ORIENTED_EDGE ( 'NONE', *, *, #4758, .T. ) ;
#4244 = CARTESIAN_POINT ( 'NONE',  ( 38.84503987766709798, 38.83993343035452028, 11.27687459092477162 ) ) ;
#4245 = CARTESIAN_POINT ( 'NONE',  ( 38.84418086174774487, 38.80062974770677187, 11.29087459092477275 ) ) ;
#4246 = EDGE_CURVE ( 'NONE', #972, #3602, #2300, .T. ) ;
#4247 = ORIENTED_EDGE ( 'NONE', *, *, #2398, .F. ) ;
#4248 = ORIENTED_EDGE ( 'NONE', *, *, #384, .T. ) ;
#4249 = CARTESIAN_POINT ( 'NONE',  ( 38.77707014211834746, 38.81210041745019623, 11.29087459092477275 ) ) ;
#4250 = EDGE_CURVE ( 'NONE', #2555, #615, #3056, .T. ) ;
#4251 = ORIENTED_EDGE ( 'NONE', *, *, #3716, .T. ) ;
#4252 = DIRECTION ( 'NONE',  ( 0.000000000000000000, -0.000000000000000000, -1.000000000000000000 ) ) ;
#4253 = CARTESIAN_POINT ( 'NONE',  ( 38.79703662278247123, 38.82314840176630355, 11.29747459073403704 ) ) ;
#4254 = ORIENTED_EDGE ( 'NONE', *, *, #1643, .F. ) ;
#4255 = EDGE_LOOP ( 'NONE', ( #2812, #4639, #2643, #2448 ) ) ;
#4256 = CARTESIAN_POINT ( 'NONE',  ( 38.80847278478685780, 38.84716530843225968, 11.29087459092477275 ) ) ;
#4257 = VERTEX_POINT ( 'NONE', #1257 ) ;
#4258 = DIRECTION ( 'NONE',  ( -0.000000000000000000, -0.000000000000000000, 1.000000000000000000 ) ) ;
#4259 = FACE_OUTER_BOUND ( 'NONE', #3867, .T. ) ;
#4260 = VERTEX_POINT ( 'NONE', #3032 ) ;
#4261 = DIRECTION ( 'NONE',  ( -0.000000000000000000, -0.000000000000000000, -1.000000000000000000 ) ) ;
#4262 = CARTESIAN_POINT ( 'NONE',  ( 38.83114212275874166, 38.84418086174771645, 11.27687459092477162 ) ) ;
#4263 = AXIS2_PLACEMENT_3D ( 'NONE', #1511, #1150, #2805 ) ;
#4264 = EDGE_LOOP ( 'NONE', ( #731, #2156 ) ) ;
#4265 = AXIS2_PLACEMENT_3D ( 'NONE', #359, #4530, #63 ) ;
#4266 = CARTESIAN_POINT ( 'NONE',  ( 38.81588593523277098, 38.81588593523274255, 11.27687459092477162 ) ) ;
#4267 = CARTESIAN_POINT ( 'NONE',  ( 38.77826683796798335, 38.81949673875521967, 11.27687459092477162 ) ) ;
#4268 = CIRCLE ( 'NONE', #4194, 0.03899994794847572166 ) ;
#4269 = EDGE_CURVE ( 'NONE', #1351, #3984, #929, .T. ) ;
#4270 = VECTOR ( 'NONE', #3246, 1.000000000000000000 ) ;
#4271 = DIRECTION ( 'NONE',  ( -1.000000000000000000, 0.000000000000000000, 0.000000000000000000 ) ) ;
#4272 = ADVANCED_FACE ( 'NONE', ( #2000 ), #4179, .T. ) ;
#4273 = ORIENTED_EDGE ( 'NONE', *, *, #3567, .F. ) ;
#4274 = DIRECTION ( 'NONE',  ( 0.000000000000000000, 0.000000000000000000, -1.000000000000000000 ) ) ;
#4275 = CARTESIAN_POINT ( 'NONE',  ( 38.79911215328337448, 38.82714116686581463, 11.29747459073403704 ) ) ;
#4276 = EDGE_CURVE ( 'NONE', #3277, #184, #3531, .T. ) ;
#4277 = ORIENTED_EDGE ( 'NONE', *, *, #4548, .F. ) ;
#4278 = AXIS2_PLACEMENT_3D ( 'NONE', #1004, #1287, #2510 ) ;
#4279 = VERTEX_POINT ( 'NONE', #1568 ) ;
#4280 = DIRECTION ( 'NONE',  ( 0.000000000000000000, -0.000000000000000000, 1.000000000000000000 ) ) ;
#4281 = ORIENTED_EDGE ( 'NONE', *, *, #4720, .T. ) ;
#4282 = CARTESIAN_POINT ( 'NONE',  ( 38.83886919764831447, 38.83886924945239372, 11.29087459092477275 ) ) ;
#4283 = DIRECTION ( 'NONE',  ( 0.000000000000000000, 0.000000000000000000, -1.000000000000000000 ) ) ;
#4284 = ORIENTED_EDGE ( 'NONE', *, *, #3000, .T. ) ;
#4285 = AXIS2_PLACEMENT_3D ( 'NONE', #2267, #3393, #3050 ) ;
#4286 = CIRCLE ( 'NONE', #3434, 0.02935410264610490219 ) ;
#4287 = DIRECTION ( 'NONE',  ( 0.000000000000000000, 0.000000000000000000, -1.000000000000000000 ) ) ;
#4288 = CIRCLE ( 'NONE', #3361, 0.03899994794847572166 ) ;
#4289 = ORIENTED_EDGE ( 'NONE', *, *, #3806, .T. ) ;
#4290 = VERTEX_POINT ( 'NONE', #4561 ) ;
#4291 = LINE ( 'NONE', #1942, #3409 ) ;
#4292 = DIRECTION ( 'NONE',  ( 0.000000000000000000, -1.000000000000000000, 0.000000000000000000 ) ) ;
#4293 = CARTESIAN_POINT ( 'NONE',  ( 38.83473524768305651, 38.80862346869916735, 11.29747459073403704 ) ) ;
#4294 = ORIENTED_EDGE ( 'NONE', *, *, #4339, .F. ) ;
#4295 = AXIS2_PLACEMENT_3D ( 'NONE', #1275, #3951, #2058 ) ;
#4296 = LINE ( 'NONE', #1199, #732 ) ;
#4297 = AXIS2_PLACEMENT_3D ( 'NONE', #3061, #2731, #1919 ) ;
#4298 = CARTESIAN_POINT ( 'NONE',  ( 38.83213754253270622, 38.84403461804295432, 11.29087459092477275 ) ) ;
#4299 = EDGE_LOOP ( 'NONE', ( #2670, #527, #3507, #1775 ) ) ;
#4300 = CIRCLE ( 'NONE', #3377, 0.03899994794847572166 ) ;
#4301 = DIRECTION ( 'NONE',  ( -1.000000000000000000, 0.000000000000000000, 0.000000000000000000 ) ) ;
#4302 = CARTESIAN_POINT ( 'NONE',  ( 38.82329908567868415, 38.78460656203321832, 11.29087459092477275 ) ) ;
#4303 = EDGE_LOOP ( 'NONE', ( #1210, #657, #1230, #4721 ) ) ;
#4304 = EDGE_CURVE ( 'NONE', #568, #459, #1402, .T. ) ;
#4305 = ORIENTED_EDGE ( 'NONE', *, *, #2495, .F. ) ;
#4306 = CARTESIAN_POINT ( 'NONE',  ( 38.81588593523277098, 38.81588593523274255, 11.28437459092477191 ) ) ;
#4307 = ORIENTED_EDGE ( 'NONE', *, *, #1908, .F. ) ;
#4308 = LINE ( 'NONE', #3243, #2343 ) ;
#4309 = LINE ( 'NONE', #2478, #1945 ) ;
#4310 = ORIENTED_EDGE ( 'NONE', *, *, #3959, .F. ) ;
#4311 = CYLINDRICAL_SURFACE ( 'NONE', #3587, 0.03600013749699115806 ) ;
#4312 = PLANE ( 'NONE',  #3282 ) ;
#4313 = EDGE_CURVE ( 'NONE', #4479, #2034, #1625, .T. ) ;
#4314 = EDGE_LOOP ( 'NONE', ( #1567, #2854, #1901, #3189 ) ) ;
#4315 = CARTESIAN_POINT ( 'NONE',  ( 38.82429843800237990, 38.78449018900921175, 11.29087459092477275 ) ) ;
#4316 = ADVANCED_FACE ( 'NONE', ( #3865 ), #4159, .T. ) ;
#4317 = DIRECTION ( 'NONE',  ( -0.000000000000000000, -0.000000000000000000, -1.000000000000000000 ) ) ;
#4318 = CARTESIAN_POINT ( 'NONE',  ( 38.78773728905359519, 38.79963426448600217, 11.29087459092477275 ) ) ;
#4319 = CARTESIAN_POINT ( 'NONE',  ( 38.80747343246316206, 38.84728168145627336, 11.29087459092477275 ) ) ;
#4320 = EDGE_LOOP ( 'NONE', ( #435, #4152, #1440, #1565 ) ) ;
#4321 = FACE_OUTER_BOUND ( 'NONE', #3726, .T. ) ;
#4322 = FACE_OUTER_BOUND ( 'NONE', #4545, .T. ) ;
#4323 = VERTEX_POINT ( 'NONE', #491 ) ;
#4324 = DIRECTION ( 'NONE',  ( -0.2588190451017443605, 0.9659258262892763680, 0.000000000000000000 ) ) ;
#4325 = DIRECTION ( 'NONE',  ( -0.000000000000000000, -0.000000000000000000, 1.000000000000000000 ) ) ;
#4326 = DIRECTION ( 'NONE',  ( -1.000000000000000000, 0.000000000000000000, 0.000000000000000000 ) ) ;
#4327 = VERTEX_POINT ( 'NONE', #3133 ) ;
#4328 = ORIENTED_EDGE ( 'NONE', *, *, #1545, .T. ) ;
#4329 = DIRECTION ( 'NONE',  ( -0.4999999999959848784, -0.8660254037867568533, 0.000000000000000000 ) ) ;
#4330 = DIRECTION ( 'NONE',  ( -0.000000000000000000, -0.000000000000000000, 1.000000000000000000 ) ) ;
#4331 = ORIENTED_EDGE ( 'NONE', *, *, #1211, .F. ) ;
#4332 = DIRECTION ( 'NONE',  ( 0.000000000000000000, 0.000000000000000000, 1.000000000000000000 ) ) ;
#4333 = EDGE_CURVE ( 'NONE', #361, #951, #3844, .T. ) ;
#4334 = EDGE_CURVE ( 'NONE', #2473, #4103, #66, .T. ) ;
#4335 = VERTEX_POINT ( 'NONE', #4541 ) ;
#4336 = DIRECTION ( 'NONE',  ( 0.000000000000000000, 0.000000000000000000, -1.000000000000000000 ) ) ;
#4337 = CARTESIAN_POINT ( 'NONE',  ( 38.85027043089275622, 38.83156843628659516, 11.29087459092477275 ) ) ;
#4338 = ORIENTED_EDGE ( 'NONE', *, *, #1972, .T. ) ;
#4339 = EDGE_CURVE ( 'NONE', #3966, #1296, #1014, .T. ) ;
#4340 = VECTOR ( 'NONE', #836, 1.000000000000000000 ) ;
#4341 = CARTESIAN_POINT ( 'NONE',  ( 38.81588593523277098, 38.81588593523274255, 11.29087459092477275 ) ) ;
#4342 = DIRECTION ( 'NONE',  ( -1.000000000000000000, 0.000000000000000000, 0.000000000000000000 ) ) ;
#4343 = CYLINDRICAL_SURFACE ( 'NONE', #2414, 0.03600013749699115806 ) ;
#4344 = VERTEX_POINT ( 'NONE', #808 ) ;
#4345 = CARTESIAN_POINT ( 'NONE',  ( 38.77741299409795772, 38.82227567234947685, 11.27687459092477162 ) ) ;
#4346 = CIRCLE ( 'NONE', #2006, 0.03000003113258031817 ) ;
#4347 = VECTOR ( 'NONE', #2392, 1.000000000000000000 ) ;
#4348 = VERTEX_POINT ( 'NONE', #3476 ) ;
#4349 = CARTESIAN_POINT ( 'NONE',  ( 38.82227574162070027, 38.77741300560282411, 11.27687459092477162 ) ) ;
#4350 = CARTESIAN_POINT ( 'NONE',  ( 38.85209255840199916, 38.83574975562039810, 11.29087459092477275 ) ) ;
#4351 = LINE ( 'NONE', #1113, #4605 ) ;
#4352 = CIRCLE ( 'NONE', #1451, 0.03899994794847572166 ) ;
#4353 = EDGE_CURVE ( 'NONE', #1967, #4074, #97, .T. ) ;
#4354 = ORIENTED_EDGE ( 'NONE', *, *, #2682, .T. ) ;
#4355 = AXIS2_PLACEMENT_3D ( 'NONE', #499, #2382, #3432 ) ;
#4356 = VERTEX_POINT ( 'NONE', #26 ) ;
#4357 = CARTESIAN_POINT ( 'NONE',  ( 38.83198731519126312, 38.79057294585202698, 11.29207459073403719 ) ) ;
#4358 = CARTESIAN_POINT ( 'NONE',  ( 38.79319974122672221, 38.78416319037194171, 11.29087459092477275 ) ) ;
#4359 = VERTEX_POINT ( 'NONE', #1156 ) ;
#4360 = CARTESIAN_POINT ( 'NONE',  ( 38.84418082511670889, 38.83114218620552549, 11.29087459092477275 ) ) ;
#4361 = AXIS2_PLACEMENT_3D ( 'NONE', #3456, #80, #1572 ) ;
#4362 = DIRECTION ( 'NONE',  ( -1.000000000000000000, 0.000000000000000000, 0.000000000000000000 ) ) ;
#4363 = VERTEX_POINT ( 'NONE', #1592 ) ;
#4364 = EDGE_CURVE ( 'NONE', #4010, #1490, #1319, .T. ) ;
#4365 = CIRCLE ( 'NONE', #2260, 0.001006105236832866012 ) ;
#4366 = AXIS2_PLACEMENT_3D ( 'NONE', #3663, #3955, #286 ) ;
#4367 = CARTESIAN_POINT ( 'NONE',  ( 14.69656179087785119, -7.639608515686504120, 11.29087459073403643 ) ) ;
#4368 = CYLINDRICAL_SURFACE ( 'NONE', #1479, 0.02935410264610283093 ) ;
#4369 = ORIENTED_EDGE ( 'NONE', *, *, #1452, .F. ) ;
#4370 = EDGE_CURVE ( 'NONE', #2379, #3467, #1953, .T. ) ;
#4371 = VECTOR ( 'NONE', #1649, 1.000000000000000000 ) ;
#4372 = FACE_BOUND ( 'NONE', #2835, .T. ) ;
#4373 = LINE ( 'NONE', #1012, #1619 ) ;
#4374 = VERTEX_POINT ( 'NONE', #618 ) ;
#4375 = EDGE_CURVE ( 'NONE', #480, #3847, #461, .T. ) ;
#4376 = VECTOR ( 'NONE', #3721, 1.000000000000000000 ) ;
#4377 = CARTESIAN_POINT ( 'NONE',  ( 38.81588597186380696, 38.78338265718605271, 11.29087459092477275 ) ) ;
#4378 = AXIS2_PLACEMENT_3D ( 'NONE', #3039, #4184, #4165 ) ;
#4379 = EDGE_CURVE ( 'NONE', #2744, #3941, #3839, .T. ) ;
#4380 = VERTEX_POINT ( 'NONE', #4709 ) ;
#4381 = LINE ( 'NONE', #549, #3045 ) ;
#4382 = PLANE ( 'NONE',  #2513 ) ;
#4383 = CARTESIAN_POINT ( 'NONE',  ( 38.80963716477709369, 38.85315773756222058, 11.29087459092477275 ) ) ;
#4384 = CIRCLE ( 'NONE', #2126, 0.03600013749698947191 ) ;
#4385 = ORIENTED_EDGE ( 'NONE', *, *, #4696, .F. ) ;
#4386 = FACE_OUTER_BOUND ( 'NONE', #2150, .T. ) ;
#4387 = AXIS2_PLACEMENT_3D ( 'NONE', #3655, #993, #4403 ) ;
#4388 = VERTEX_POINT ( 'NONE', #268 ) ;
#4389 = CARTESIAN_POINT ( 'NONE',  ( 38.78589306789594815, 38.81455881720898304, 11.30407459073403764 ) ) ;
#4390 = DIRECTION ( 'NONE',  ( -0.000000000000000000, -0.000000000000000000, -1.000000000000000000 ) ) ;
#4391 = DIRECTION ( 'NONE',  ( 0.000000000000000000, 0.000000000000000000, -1.000000000000000000 ) ) ;
#4392 = CIRCLE ( 'NONE', #4230, 0.03600013749698843801 ) ;
#4393 = ORIENTED_EDGE ( 'NONE', *, *, #734, .T. ) ;
#4394 = CARTESIAN_POINT ( 'NONE',  ( 38.78338265718608824, 38.81588589860170657, 11.29087459092477275 ) ) ;
#4395 = ORIENTED_EDGE ( 'NONE', *, *, #1707, .F. ) ;
#4396 = CYLINDRICAL_SURFACE ( 'NONE', #2316, 0.03899994794847572166 ) ;
#4397 = CARTESIAN_POINT ( 'NONE',  ( 38.83886924945242214, 38.79290267281719196, 11.27687459092477162 ) ) ;
#4398 = ORIENTED_EDGE ( 'NONE', *, *, #2311, .F. ) ;
#4399 = EDGE_CURVE ( 'NONE', #3235, #3981, #2856, .T. ) ;
#4400 = CARTESIAN_POINT ( 'NONE',  ( 38.83307401370694834, 38.80527364215686248, 11.29916826485552939 ) ) ;
#4401 = ORIENTED_EDGE ( 'NONE', *, *, #2170, .T. ) ;
#4402 = CARTESIAN_POINT ( 'NONE',  ( 38.84324568108367970, 38.79900996728235896, 11.27687459092477162 ) ) ;
#4403 = DIRECTION ( 'NONE',  ( -0.2588190451026144978, 0.9659258262890429991, 0.000000000000000000 ) ) ;
#4404 = CARTESIAN_POINT ( 'NONE',  ( 38.79446198997679573, 38.78058005057620505, 11.29087459092477275 ) ) ;
#4405 = ADVANCED_FACE ( 'NONE', ( #3253 ), #4368, .T. ) ;
#4406 = CYLINDRICAL_SURFACE ( 'NONE', #605, 0.001006105236832866012 ) ;
#4407 = CYLINDRICAL_SURFACE ( 'NONE', #3301, 0.001006105236832866012 ) ;
#4408 = ORIENTED_EDGE ( 'NONE', *, *, #3998, .T. ) ;
#4409 = DIRECTION ( 'NONE',  ( 0.9659258262890654256, -0.2588190451025316197, 0.000000000000000000 ) ) ;
#4410 = CARTESIAN_POINT ( 'NONE',  ( 38.85315773756224900, 38.82213470568841984, 11.29087459092477275 ) ) ;
#4411 = CARTESIAN_POINT ( 'NONE',  ( 38.83993343035454870, 38.78673199279841555, 11.27687459092477162 ) ) ;
#4412 = ORIENTED_EDGE ( 'NONE', *, *, #2848, .F. ) ;
#4413 = CARTESIAN_POINT ( 'NONE',  ( 38.81588593523277098, 38.81588593523274255, 11.30287459073403689 ) ) ;
#4414 = CARTESIAN_POINT ( 'NONE',  ( 38.83282511291973549, 38.80488089310073718, 11.29634554899915244 ) ) ;
#4415 = ORIENTED_EDGE ( 'NONE', *, *, #1819, .F. ) ;
#4416 = CIRCLE ( 'NONE', #1835, 0.03600013749698947191 ) ;
#4417 = DIRECTION ( 'NONE',  ( 0.04420453547656847532, -0.9990225017702559773, 0.000000000000000000 ) ) ;
#4418 = CARTESIAN_POINT ( 'NONE',  ( 38.83387684077091961, 38.80669956315928459, 11.29972470080621072 ) ) ;
#4419 = MANIFOLD_SOLID_BREP ( 'Cut-Extrude8', #814 ) ;
#4420 = ORIENTED_EDGE ( 'NONE', *, *, #2912, .F. ) ;
#4421 = EDGE_CURVE ( 'NONE', #2406, #3539, #518, .T. ) ;
#4422 = DIRECTION ( 'NONE',  ( -0.000000000000000000, -0.000000000000000000, -1.000000000000000000 ) ) ;
#4423 = FACE_BOUND ( 'NONE', #3859, .T. ) ;
#4424 = LINE ( 'NONE', #4495, #4149 ) ;
#4425 = AXIS2_PLACEMENT_3D ( 'NONE', #2881, #3989, #3645 ) ;
#4426 = EDGE_CURVE ( 'NONE', #529, #283, #1724, .T. ) ;
#4427 = DIRECTION ( 'NONE',  ( -0.000000000000000000, -0.000000000000000000, 1.000000000000000000 ) ) ;
#4428 = ORIENTED_EDGE ( 'NONE', *, *, #4313, .T. ) ;
#4429 = CIRCLE ( 'NONE', #2324, 0.03899994794847572166 ) ;
#4430 = CARTESIAN_POINT ( 'NONE',  ( 38.80201493336259944, 38.78928523646234794, 11.29207459073403719 ) ) ;
#4431 = CARTESIAN_POINT ( 'NONE',  ( 38.79975613979438265, 38.85128864812273974, 11.29087459092477275 ) ) ;
#4432 = EDGE_CURVE ( 'NONE', #3852, #3288, #4300, .T. ) ;
#4433 = DIRECTION ( 'NONE',  ( 0.000000000000000000, -0.000000000000000000, -1.000000000000000000 ) ) ;
#4434 = CIRCLE ( 'NONE', #3350, 0.03899994794847572166 ) ;
#4435 = ORIENTED_EDGE ( 'NONE', *, *, #2790, .F. ) ;
#4436 = FACE_BOUND ( 'NONE', #3675, .T. ) ;
#4437 = DIRECTION ( 'NONE',  ( 0.9659258262890429991, -0.2588190451026144978, 0.000000000000000000 ) ) ;
#4438 = AXIS2_PLACEMENT_3D ( 'NONE', #3304, #1051, #2931 ) ;
#4439 = ORIENTED_EDGE ( 'NONE', *, *, #1638, .F. ) ;
#4440 = CIRCLE ( 'NONE', #4064, 0.02020000000000266027 ) ;
#4441 = CARTESIAN_POINT ( 'NONE',  ( 38.83313471755170809, 38.80537239695767937, 11.29926328936627300 ) ) ;
#4442 = AXIS2_PLACEMENT_3D ( 'NONE', #3108, #2677, #812 ) ;
#4443 = ORIENTED_EDGE ( 'NONE', *, *, #18, .T. ) ;
#4444 = CARTESIAN_POINT ( 'NONE',  ( 38.79111578999876997, 38.78576225941005617, 11.27687459092477162 ) ) ;
#4445 = ORIENTED_EDGE ( 'NONE', *, *, #4466, .F. ) ;
#4446 = DIRECTION ( 'NONE',  ( -1.000000000000000000, 0.000000000000000000, 0.000000000000000000 ) ) ;
#4447 = DIRECTION ( 'NONE',  ( -0.5377935015703364519, 0.8430765977470354722, 0.000000000000000000 ) ) ;
#4448 = VECTOR ( 'NONE', #2277, 1.000000000000000000 ) ;
#4449 = CARTESIAN_POINT ( 'NONE',  ( 38.78449017004761856, 38.82429836723662220, 11.29087459092477275 ) ) ;
#4450 = CARTESIAN_POINT ( 'NONE',  ( 38.83926809181505035, 38.83794559844074001, 11.27687459092477162 ) ) ;
#4451 = VERTEX_POINT ( 'NONE', #4256 ) ;
#4452 = AXIS2_PLACEMENT_3D ( 'NONE', #525, #813, #2032 ) ;
#4453 = DIRECTION ( 'NONE',  ( 0.8872811332236103521, -0.4612290001999288513, -0.000000000000000000 ) ) ;
#4454 = DIRECTION ( 'NONE',  ( -0.000000000000000000, -0.000000000000000000, 1.000000000000000000 ) ) ;
#4455 = CYLINDRICAL_SURFACE ( 'NONE', #2701, 0.02935410264610283093 ) ;
#4456 = EDGE_CURVE ( 'NONE', #3731, #1195, #802, .T. ) ;
#4457 = ORIENTED_EDGE ( 'NONE', *, *, #384, .F. ) ;
#4458 = VECTOR ( 'NONE', #3384, 1.000000000000000000 ) ;
#4459 = CARTESIAN_POINT ( 'NONE',  ( 38.82227567234950527, 38.85435887636755581, 11.29087459092477275 ) ) ;
#4460 = CIRCLE ( 'NONE', #2362, 0.03600013749699044335 ) ;
#4461 = ORIENTED_EDGE ( 'NONE', *, *, #1801, .T. ) ;
#4462 = EDGE_CURVE ( 'NONE', #2251, #3644, #4536, .T. ) ;
#4463 = DIRECTION ( 'NONE',  ( -0.000000000000000000, -0.000000000000000000, 1.000000000000000000 ) ) ;
#4464 = DIRECTION ( 'NONE',  ( -1.000000000000000000, 0.000000000000000000, 0.000000000000000000 ) ) ;
#4465 = ORIENTED_EDGE ( 'NONE', *, *, #2949, .F. ) ;
#4466 = EDGE_CURVE ( 'NONE', #1717, #2986, #2315, .T. ) ;
#4467 = ORIENTED_EDGE ( 'NONE', *, *, #2378, .T. ) ;
#4468 = CARTESIAN_POINT ( 'NONE',  ( 38.83332651298027827, 38.80569354507052537, 11.29949582900894178 ) ) ;
#4469 = ORIENTED_EDGE ( 'NONE', *, *, #3925, .F. ) ;
#4470 = EDGE_CURVE ( 'NONE', #4363, #1872, #3811, .T. ) ;
#4471 = CARTESIAN_POINT ( 'NONE',  ( 38.80208319111909532, 38.78924975452139989, 11.29207459073403719 ) ) ;
#4472 = ORIENTED_EDGE ( 'NONE', *, *, #4761, .F. ) ;
#4473 = CARTESIAN_POINT ( 'NONE',  ( 38.77707004929753509, 38.77707004929750667, 11.29207459073403719 ) ) ;
#4474 = CARTESIAN_POINT ( 'NONE',  ( 38.83857212923881974, 38.84760868009354340, 11.27687459092477162 ) ) ;
#4475 = DIRECTION ( 'NONE',  ( -1.000000000000000000, 0.000000000000000000, 0.000000000000000000 ) ) ;
#4476 = ORIENTED_EDGE ( 'NONE', *, *, #3309, .F. ) ;
#4477 = CYLINDRICAL_SURFACE ( 'NONE', #526, 0.02935410264610283093 ) ;
#4478 = DIRECTION ( 'NONE',  ( 0.000000000000000000, -0.000000000000000000, 1.000000000000000000 ) ) ;
#4479 = VERTEX_POINT ( 'NONE', #3076 ) ;
#4480 = FACE_OUTER_BOUND ( 'NONE', #3954, .T. ) ;
#4481 = EDGE_CURVE ( 'NONE', #1251, #3294, #2205, .T. ) ;
#4482 = EDGE_CURVE ( 'NONE', #693, #677, #3453, .T. ) ;
#4483 = CARTESIAN_POINT ( 'NONE',  ( 38.83786309241148160, 38.83886924945239372, 11.27687459092477162 ) ) ;
#4484 = ADVANCED_FACE ( 'NONE', ( #2404 ), #3903, .T. ) ;
#4485 = DIRECTION ( 'NONE',  ( 1.000000000000000000, 0.000000000000000000, 0.000000000000000000 ) ) ;
#4486 = ORIENTED_EDGE ( 'NONE', *, *, #4028, .F. ) ;
#4487 = VERTEX_POINT ( 'NONE', #69 ) ;
#4488 = EDGE_CURVE ( 'NONE', #4816, #4493, #231, .T. ) ;
#4489 = CARTESIAN_POINT ( 'NONE',  ( 38.81588593523277098, 38.81588593523274255, 11.30407459073403764 ) ) ;
#4490 = CARTESIAN_POINT ( 'NONE',  ( 38.81588593523277098, 38.81588593523274255, 11.29087459092477275 ) ) ;
#4491 = ORIENTED_EDGE ( 'NONE', *, *, #2194, .T. ) ;
#4492 = CARTESIAN_POINT ( 'NONE',  ( 38.82329901491296198, 38.84716532739388128, 11.29087459092477275 ) ) ;
#4493 = VERTEX_POINT ( 'NONE', #206 ) ;
#4494 = CARTESIAN_POINT ( 'NONE',  ( 38.84585491644542543, 38.81725049854401277, 11.29087459073403643 ) ) ;
#4495 = CARTESIAN_POINT ( 'NONE',  ( 38.80847285555257997, 38.78460654307160382, 11.29087459092477275 ) ) ;
#4496 = ORIENTED_EDGE ( 'NONE', *, *, #2311, .T. ) ;
#4497 = DIRECTION ( 'NONE',  ( -0.9659258262890654256, 0.2588190451025316197, 0.000000000000000000 ) ) ;
#4498 = CIRCLE ( 'NONE', #3180, 0.001006105236833839843 ) ;
#4499 = DIRECTION ( 'NONE',  ( -0.9990225017702558663, -0.04420453547656873899, 0.000000000000000000 ) ) ;
#4500 = EDGE_CURVE ( 'NONE', #2768, #1109, #4009, .T. ) ;
#4501 = AXIS2_PLACEMENT_3D ( 'NONE', #3623, #687, #3692 ) ;
#4502 = AXIS2_PLACEMENT_3D ( 'NONE', #2310, #138, #429 ) ;
#4503 = DIRECTION ( 'NONE',  ( 0.000000000000000000, -1.000000000000000000, 0.000000000000000000 ) ) ;
#4504 = ORIENTED_EDGE ( 'NONE', *, *, #651, .F. ) ;
#4505 = VECTOR ( 'NONE', #1789, 1.000000000000000000 ) ;
#4506 = CARTESIAN_POINT ( 'NONE',  ( 38.83201554115697007, 38.78037774247791702, 11.29087459092477275 ) ) ;
#4507 = EDGE_CURVE ( 'NONE', #2468, #2889, #2037, .T. ) ;
#4508 = DIRECTION ( 'NONE',  ( -0.4612290001999289069, -0.8872811332236102411, 0.000000000000000000 ) ) ;
#4509 = VERTEX_POINT ( 'NONE', #3928 ) ;
#4510 = ORIENTED_EDGE ( 'NONE', *, *, #3096, .T. ) ;
#4511 = VECTOR ( 'NONE', #1817, 1.000000000000000000 ) ;
#4512 = CARTESIAN_POINT ( 'NONE',  ( 38.81588593523277098, 38.81588593523274255, 11.29087459092477275 ) ) ;
#4513 = ADVANCED_FACE ( 'NONE', ( #553 ), #2061, .T. ) ;
#4514 = AXIS2_PLACEMENT_3D ( 'NONE', #1774, #3281, #4762 ) ;
#4515 = VECTOR ( 'NONE', #2709, 1.000000000000000000 ) ;
#4516 = CARTESIAN_POINT ( 'NONE',  ( 38.78338265718608824, 38.81588589860170657, 11.29087459092477275 ) ) ;
#4517 = ORIENTED_EDGE ( 'NONE', *, *, #2933, .T. ) ;
#4518 = CARTESIAN_POINT ( 'NONE',  ( 38.82968867934644663, 38.84252211594408521, 11.29087459073403643 ) ) ;
#4519 = ADVANCED_FACE ( 'NONE', ( #180 ), #971, .T. ) ;
#4520 = AXIS2_PLACEMENT_3D ( 'NONE', #4565, #2397, #126 ) ;
#4521 = CARTESIAN_POINT ( 'NONE',  ( 38.83465160760796664, 38.80840978872031855, 11.29647636319449155 ) ) ;
#4522 = EDGE_CURVE ( 'NONE', #2772, #3520, #3227, .T. ) ;
#4523 = VERTEX_POINT ( 'NONE', #3293 ) ;
#4524 = CARTESIAN_POINT ( 'NONE',  ( 38.85553372609598455, 38.80432982856229529, 11.29087459092477275 ) ) ;
#4525 = DIRECTION ( 'NONE',  ( 0.000000000000000000, 0.000000000000000000, -1.000000000000000000 ) ) ;
#4526 = AXIS2_PLACEMENT_3D ( 'NONE', #3681, #2606, #305 ) ;
#4527 = LINE ( 'NONE', #4549, #3188 ) ;
#4528 = CARTESIAN_POINT ( 'NONE',  ( 38.79789548428142609, 38.82507316813063625, 11.29972464416449895 ) ) ;
#4529 = CIRCLE ( 'NONE', #2726, 0.001006105236832866012 ) ;
#4530 = DIRECTION ( 'NONE',  ( 0.000000000000000000, 0.000000000000000000, -1.000000000000000000 ) ) ;
#4531 = ORIENTED_EDGE ( 'NONE', *, *, #4784, .F. ) ;
#4532 = DIRECTION ( 'NONE',  ( -0.000000000000000000, -0.000000000000000000, -1.000000000000000000 ) ) ;
#4533 = CARTESIAN_POINT ( 'NONE',  ( 38.77741299409795772, 38.82227567234947685, 11.29087459092477275 ) ) ;
#4534 = CARTESIAN_POINT ( 'NONE',  ( 38.78773728905359519, 38.79963426448600217, 11.27687459092477162 ) ) ;
#4535 = EDGE_LOOP ( 'NONE', ( #1635, #3022, #3155, #4435 ) ) ;
#4536 = LINE ( 'NONE', #155, #703 ) ;
#4537 = CARTESIAN_POINT ( 'NONE',  ( 38.79568593523276832, 38.81588593523274255, 11.30407459073403764 ) ) ;
#4538 = ORIENTED_EDGE ( 'NONE', *, *, #2459, .T. ) ;
#4539 = ORIENTED_EDGE ( 'NONE', *, *, #1272, .F. ) ;
#4540 = CARTESIAN_POINT ( 'NONE',  ( 38.85435886486268942, 38.82227574162067185, 11.29087459092477275 ) ) ;
#4541 = CARTESIAN_POINT ( 'NONE',  ( 38.77707014211834746, 38.81210041745019623, 11.27687459092477162 ) ) ;
#4542 = EDGE_CURVE ( 'NONE', #2473, #346, #2970, .T. ) ;
#4543 = DIRECTION ( 'NONE',  ( -0.000000000000000000, 0.000000000000000000, 1.000000000000000000 ) ) ;
#4544 = ORIENTED_EDGE ( 'NONE', *, *, #3604, .T. ) ;
#4545 = EDGE_LOOP ( 'NONE', ( #890, #2985, #295, #901 ) ) ;
#4546 = CARTESIAN_POINT ( 'NONE',  ( 38.84728170041792339, 38.80747350322886291, 11.27687459092477162 ) ) ;
#4547 = CARTESIAN_POINT ( 'NONE',  ( 38.84403458141195387, 38.83213760597948294, 11.29087459092477275 ) ) ;
#4548 = EDGE_CURVE ( 'NONE', #4699, #1350, #4460, .T. ) ;
#4549 = CARTESIAN_POINT ( 'NONE',  ( 38.83794554663666077, 38.83926814361912960, 11.29087459092477275 ) ) ;
#4550 = CYLINDRICAL_SURFACE ( 'NONE', #1221, 0.02935410264610283093 ) ;
#4551 = DIRECTION ( 'NONE',  ( -0.000000000000000000, -0.000000000000000000, -1.000000000000000000 ) ) ;
#4552 = DIRECTION ( 'NONE',  ( -1.000000000000000000, 0.000000000000000000, 0.000000000000000000 ) ) ;
#4553 = ORIENTED_EDGE ( 'NONE', *, *, #289, .F. ) ;
#4554 = DIRECTION ( 'NONE',  ( 1.000000000000000000, 0.000000000000000000, 0.000000000000000000 ) ) ;
#4555 = CARTESIAN_POINT ( 'NONE',  ( 38.84668122329934903, 38.82510571598998439, 11.29087459092477275 ) ) ;
#4556 = ORIENTED_EDGE ( 'NONE', *, *, #574, .F. ) ;
#4557 = DIRECTION ( 'NONE',  ( -1.000000000000000000, 0.000000000000000000, 0.000000000000000000 ) ) ;
#4558 = DIRECTION ( 'NONE',  ( -0.000000000000000000, -0.000000000000000000, -1.000000000000000000 ) ) ;
#4559 = CARTESIAN_POINT ( 'NONE',  ( 38.81682115252786502, 38.78375371630957602, 11.29087459092477275 ) ) ;
#4560 = VERTEX_POINT ( 'NONE', #4450 ) ;
#4561 = CARTESIAN_POINT ( 'NONE',  ( 38.83114218620555391, 38.78759104534880464, 11.29087459092477275 ) ) ;
#4562 = FACE_OUTER_BOUND ( 'NONE', #1611, .T. ) ;
#4563 = ADVANCED_FACE ( 'NONE', ( #2589 ), #2164, .T. ) ;
#4564 = ORIENTED_EDGE ( 'NONE', *, *, #196, .F. ) ;
#4565 = CARTESIAN_POINT ( 'NONE',  ( 38.81588593523277098, 38.81588593523274255, 11.29087459092477275 ) ) ;
#4566 = EDGE_CURVE ( 'NONE', #630, #3539, #998, .T. ) ;
#4567 = CARTESIAN_POINT ( 'NONE',  ( 38.79747001238321502, 38.82418706552604704, 11.29552253227983805 ) ) ;
#4568 = DIRECTION ( 'NONE',  ( -0.000000000000000000, -0.000000000000000000, 1.000000000000000000 ) ) ;
#4569 = ADVANCED_FACE ( 'NONE', ( #3614 ), #4407, .F. ) ;
#4570 = CARTESIAN_POINT ( 'NONE',  ( 38.79782812805508030, 38.82494001952496632, 11.29970998270088423 ) ) ;
#4571 = VERTEX_POINT ( 'NONE', #2899 ) ;
#4572 = ADVANCED_FACE ( 'NONE', ( #4386 ), #1734, .T. ) ;
#4573 = FACE_OUTER_BOUND ( 'NONE', #77, .T. ) ;
#4574 = DIRECTION ( 'NONE',  ( 0.000000000000000000, 0.000000000000000000, -1.000000000000000000 ) ) ;
#4575 = ORIENTED_EDGE ( 'NONE', *, *, #79, .T. ) ;
#4576 = CYLINDRICAL_SURFACE ( 'NONE', #2327, 0.03899994794847572166 ) ;
#4577 = AXIS2_PLACEMENT_3D ( 'NONE', #4394, #4433, #1743 ) ;
#4578 = CIRCLE ( 'NONE', #351, 0.001006105236833839843 ) ;
#4579 = CYLINDRICAL_SURFACE ( 'NONE', #2713, 0.001006105236832866012 ) ;
#4580 = EDGE_CURVE ( 'NONE', #4092, #4380, #3062, .T. ) ;
#4581 = EDGE_CURVE ( 'NONE', #3554, #554, #1880, .T. ) ;
#4582 = ORIENTED_EDGE ( 'NONE', *, *, #2199, .F. ) ;
#4583 = DIRECTION ( 'NONE',  ( 0.000000000000000000, -0.000000000000000000, -1.000000000000000000 ) ) ;
#4584 = CARTESIAN_POINT ( 'NONE',  ( 38.84188593523276722, 38.81588593523273545, 11.27687459092477162 ) ) ;
#4585 = AXIS2_PLACEMENT_3D ( 'NONE', #1468, #2983, #408 ) ;
#4586 = VERTEX_POINT ( 'NONE', #1806 ) ;
#4587 = DIRECTION ( 'NONE',  ( 0.000000000000000000, -0.000000000000000000, 1.000000000000000000 ) ) ;
#4588 = AXIS2_PLACEMENT_3D ( 'NONE', #478, #2537, #626 ) ;
#4589 = CIRCLE ( 'NONE', #3113, 0.03000003113258031817 ) ;
#4590 = AXIS2_PLACEMENT_3D ( 'NONE', #4722, #2875, #2190 ) ;
#4591 = ORIENTED_EDGE ( 'NONE', *, *, #3835, .F. ) ;
#4592 = CARTESIAN_POINT ( 'NONE',  ( 38.84324564445265082, 38.83276196662993840, 11.27687459092477162 ) ) ;
#4593 = CARTESIAN_POINT ( 'NONE',  ( 38.79809961503929827, 38.82546233956857407, 11.29523898627345524 ) ) ;
#4594 = CARTESIAN_POINT ( 'NONE',  ( 38.76944253564145981, 38.84002827519386614, 11.29747459073403704 ) ) ;
#4595 = VECTOR ( 'NONE', #4202, 1.000000000000000000 ) ;
#4596 = ORIENTED_EDGE ( 'NONE', *, *, #4379, .T. ) ;
#4597 = ORIENTED_EDGE ( 'NONE', *, *, #822, .T. ) ;
#4598 = AXIS2_PLACEMENT_3D ( 'NONE', #3804, #3832, #534 ) ;
#4599 = CARTESIAN_POINT ( 'NONE',  ( 38.81588593523277098, 38.81588593523274255, 11.27687459092477162 ) ) ;
#4600 = CYLINDRICAL_SURFACE ( 'NONE', #3997, 0.03600013749699115806 ) ;
#4601 = VERTEX_POINT ( 'NONE', #3581 ) ;
#4602 = ORIENTED_EDGE ( 'NONE', *, *, #3548, .T. ) ;
#4603 = DIRECTION ( 'NONE',  ( 0.000000000000000000, -0.000000000000000000, -1.000000000000000000 ) ) ;
#4604 = EDGE_CURVE ( 'NONE', #1310, #3142, #1165, .T. ) ;
#4605 = VECTOR ( 'NONE', #4447, 1.000000000000000000 ) ;
#4606 = CARTESIAN_POINT ( 'NONE',  ( 38.83886919764831447, 38.83886924945239372, 11.29087459092477275 ) ) ;
#4607 = MECHANICAL_DESIGN_GEOMETRIC_PRESENTATION_REPRESENTATION (  '', ( #4224 ), #1091 ) ;
#4608 = ORIENTED_EDGE ( 'NONE', *, *, #1272, .T. ) ;
#4609 = ADVANCED_FACE ( 'NONE', ( #4423, #1782 ), #4382, .F. ) ;
#4610 = CARTESIAN_POINT ( 'NONE',  ( 38.79900990383557513, 38.84324564445261529, 11.29087459092477275 ) ) ;
#4611 = CARTESIAN_POINT ( 'NONE',  ( 38.80666622524125131, 38.78509062820454290, 11.29087459092477275 ) ) ;
#4612 = AXIS2_PLACEMENT_3D ( 'NONE', #1278, #530, #2086 ) ;
#4613 = ORIENTED_EDGE ( 'NONE', *, *, #1506, .F. ) ;
#4614 = CARTESIAN_POINT ( 'NONE',  ( 38.84587880256960091, 38.81721305325649496, 11.29207459073403719 ) ) ;
#4615 = CIRCLE ( 'NONE', #2366, 0.03899994794847572166 ) ;
#4616 = ORIENTED_EDGE ( 'NONE', *, *, #854, .F. ) ;
#4617 = CARTESIAN_POINT ( 'NONE',  ( 38.81588593523277098, 38.81588593523274255, 11.29207459073403719 ) ) ;
#4618 = LINE ( 'NONE', #451, #1235 ) ;
#4619 = CARTESIAN_POINT ( 'NONE',  ( 38.79910394662077522, 38.82712896360865074, 11.29776965499907071 ) ) ;
#4620 = ORIENTED_EDGE ( 'NONE', *, *, #4812, .T. ) ;
#4621 = ORIENTED_EDGE ( 'NONE', *, *, #2976, .T. ) ;
#4622 = FACE_OUTER_BOUND ( 'NONE', #1474, .T. ) ;
#4623 = DIRECTION ( 'NONE',  ( -0.000000000000000000, -0.000000000000000000, -1.000000000000000000 ) ) ;
#4624 = ORIENTED_EDGE ( 'NONE', *, *, #2813, .F. ) ;
#4625 = FACE_OUTER_BOUND ( 'NONE', #3579, .T. ) ;
#4626 = FACE_OUTER_BOUND ( 'NONE', #2601, .T. ) ;
#4627 = ORIENTED_EDGE ( 'NONE', *, *, #2345, .T. ) ;
#4628 = EDGE_CURVE ( 'NONE', #3174, #3996, #3921, .T. ) ;
#4629 = ORIENTED_EDGE ( 'NONE', *, *, #3063, .T. ) ;
#4630 = EDGE_CURVE ( 'NONE', #4323, #4335, #2740, .T. ) ;
#4631 = CYLINDRICAL_SURFACE ( 'NONE', #4040, 0.03000003113258031817 ) ;
#4632 = DIRECTION ( 'NONE',  ( 1.000000000000000000, 0.000000000000000000, 0.000000000000000000 ) ) ;
#4633 = ORIENTED_EDGE ( 'NONE', *, *, #2928, .F. ) ;
#4634 = EDGE_CURVE ( 'NONE', #1346, #2302, #774, .T. ) ;
#4635 = CARTESIAN_POINT ( 'NONE',  ( 38.80432982856232371, 38.77623814436952898, 11.29087459092477275 ) ) ;
#4636 = ORIENTED_EDGE ( 'NONE', *, *, #4399, .T. ) ;
#4637 = DIRECTION ( 'NONE',  ( 0.2588190451017443605, 0.9659258262892763680, 0.000000000000000000 ) ) ;
#4638 = DIRECTION ( 'NONE',  ( -0.000000000000000000, -0.000000000000000000, -1.000000000000000000 ) ) ;
#4639 = ORIENTED_EDGE ( 'NONE', *, *, #2491, .F. ) ;
#4640 = ORIENTED_EDGE ( 'NONE', *, *, #4720, .F. ) ;
#4641 = DIRECTION ( 'NONE',  ( -1.000000000000000000, 0.000000000000000000, 0.000000000000000000 ) ) ;
#4642 = AXIS2_PLACEMENT_3D ( 'NONE', #4826, #3017, #1466 ) ;
#4643 = ORIENTED_EDGE ( 'NONE', *, *, #1887, .F. ) ;
#4644 = CARTESIAN_POINT ( 'NONE',  ( 38.80666622524125131, 38.78509062820454290, 11.29087459092477275 ) ) ;
#4645 = DIRECTION ( 'NONE',  ( -0.000000000000000000, 0.000000000000000000, -1.000000000000000000 ) ) ;
#4646 = EDGE_LOOP ( 'NONE', ( #1981, #4445, #1745, #2075, #1521, #1877, #377, #1105, #4213, #4857, #868, #2718 ) ) ;
#4647 = DIRECTION ( 'NONE',  ( 0.9659258262894446778, 0.2588190451011160298, 0.000000000000000000 ) ) ;
#4648 = CYLINDRICAL_SURFACE ( 'NONE', #1929, 0.001006105236832866012 ) ;
#4649 = VECTOR ( 'NONE', #4654, 1.000000000000000000 ) ;
#4650 = ORIENTED_EDGE ( 'NONE', *, *, #1044, .T. ) ;
#4651 = AXIS2_PLACEMENT_3D ( 'NONE', #298, #1796, #516 ) ;
#4652 = CIRCLE ( 'NONE', #1771, 0.03899994794847572166 ) ;
#4653 = EDGE_CURVE ( 'NONE', #2809, #4235, #603, .T. ) ;
#4654 = DIRECTION ( 'NONE',  ( -0.000000000000000000, 0.000000000000000000, -1.000000000000000000 ) ) ;
#4655 = CYLINDRICAL_SURFACE ( 'NONE', #2244, 0.001006105236832866012 ) ;
#4656 = CYLINDRICAL_SURFACE ( 'NONE', #4669, 0.001006105236832866012 ) ;
#4657 = ORIENTED_EDGE ( 'NONE', *, *, #4566, .T. ) ;
#4658 = AXIS2_PLACEMENT_3D ( 'NONE', #3073, #2714, #4554 ) ;
#4659 = ORIENTED_EDGE ( 'NONE', *, *, #2525, .T. ) ;
#4660 = EDGE_CURVE ( 'NONE', #2821, #863, #3534, .T. ) ;
#4661 = AXIS2_PLACEMENT_3D ( 'NONE', #4410, #2168, #4102 ) ;
#4662 = CARTESIAN_POINT ( 'NONE',  ( 38.83786309241148160, 38.83886924945239372, 11.29087459092477275 ) ) ;
#4663 = EDGE_LOOP ( 'NONE', ( #4596, #256, #3009, #2910 ) ) ;
#4664 = AXIS2_PLACEMENT_3D ( 'NONE', #2762, #2331, #3043 ) ;
#4665 = CARTESIAN_POINT ( 'NONE',  ( 38.77861413290329295, 38.80963716477706527, 11.29087459092477275 ) ) ;
#4666 = DIRECTION ( 'NONE',  ( 0.000000000000000000, 0.000000000000000000, -1.000000000000000000 ) ) ;
#4667 = EDGE_CURVE ( 'NONE', #4240, #3796, #2160, .T. ) ;
#4668 = ORIENTED_EDGE ( 'NONE', *, *, #166, .T. ) ;
#4669 = AXIS2_PLACEMENT_3D ( 'NONE', #4684, #1292, #1322 ) ;
#4670 = ORIENTED_EDGE ( 'NONE', *, *, #1458, .T. ) ;
#4671 = CARTESIAN_POINT ( 'NONE',  ( 38.81588593523277098, 38.81588593523274255, 11.29087459092477275 ) ) ;
#4672 = ORIENTED_EDGE ( 'NONE', *, *, #3836, .F. ) ;
#4673 = DIRECTION ( 'NONE',  ( 0.000000000000000000, -0.000000000000000000, 1.000000000000000000 ) ) ;
#4674 = DIRECTION ( 'NONE',  ( 0.000000000000000000, 0.000000000000000000, -1.000000000000000000 ) ) ;
#4675 = ORIENTED_EDGE ( 'NONE', *, *, #4214, .T. ) ;
#4676 = CIRCLE ( 'NONE', #1464, 0.03600013749699044335 ) ;
#4677 = AXIS2_PLACEMENT_3D ( 'NONE', #355, #2303, #3797 ) ;
#4678 = DIRECTION ( 'NONE',  ( -0.000000000000000000, 0.000000000000000000, 1.000000000000000000 ) ) ;
#4679 = VECTOR ( 'NONE', #572, 1.000000000000000000 ) ;
#4680 = ORIENTED_EDGE ( 'NONE', *, *, #3506, .T. ) ;
#4681 = CIRCLE ( 'NONE', #1626, 0.001006105236832866012 ) ;
#4682 = CARTESIAN_POINT ( 'NONE',  ( 38.81588593523277098, 38.81588593523274255, 11.27687459092477162 ) ) ;
#4683 = CARTESIAN_POINT ( 'NONE',  ( 38.80218313933195873, 38.85239934817216323, 11.29087459092477275 ) ) ;
#4684 = CARTESIAN_POINT ( 'NONE',  ( 38.83886924945242214, 38.79290267281719196, 11.29087459092477275 ) ) ;
#4685 = EDGE_LOOP ( 'NONE', ( #2216, #883, #2817, #965 ) ) ;
#4686 = AXIS2_PLACEMENT_3D ( 'NONE', #1859, #1183, #4233 ) ;
#4687 = AXIS2_PLACEMENT_3D ( 'NONE', #2377, #3083, #835 ) ;
#4688 = EDGE_CURVE ( 'NONE', #1101, #92, #1060, .T. ) ;
#4689 = CARTESIAN_POINT ( 'NONE',  ( 38.83886924945242214, 38.79290267281719196, 11.27687459092477162 ) ) ;
#4690 = EDGE_LOOP ( 'NONE', ( #3625, #4019, #3873 ) ) ;
#4691 = EDGE_CURVE ( 'NONE', #2768, #202, #1020, .T. ) ;
#4692 = AXIS2_PLACEMENT_3D ( 'NONE', #3239, #1426, #4793 ) ;
#4693 = DIRECTION ( 'NONE',  ( -0.000000000000000000, -0.000000000000000000, -1.000000000000000000 ) ) ;
#4694 = CARTESIAN_POINT ( 'NONE',  ( 38.85239937284426048, 38.80218320507500351, 11.27687459092477162 ) ) ;
#4695 = CARTESIAN_POINT ( 'NONE',  ( 38.84302847617512100, 38.83213760597948294, 11.29087459092477275 ) ) ;
#4696 = EDGE_CURVE ( 'NONE', #459, #2454, #1639, .T. ) ;
#4697 = ORIENTED_EDGE ( 'NONE', *, *, #1299, .F. ) ;
#4698 = DIRECTION ( 'NONE',  ( -0.000000000000000000, -0.000000000000000000, -1.000000000000000000 ) ) ;
#4699 = VERTEX_POINT ( 'NONE', #672 ) ;
#4700 = EDGE_CURVE ( 'NONE', #3059, #630, #3694, .T. ) ;
#4701 = LINE ( 'NONE', #3222, #1620 ) ;
#4702 = DIRECTION ( 'NONE',  ( -0.4999999999999360512, 0.8660254037844755670, 0.000000000000000000 ) ) ;
#4703 = VERTEX_POINT ( 'NONE', #2920 ) ;
#4704 = ORIENTED_EDGE ( 'NONE', *, *, #1821, .T. ) ;
#4705 = DIRECTION ( 'NONE',  ( 0.000000000000000000, 0.000000000000000000, -1.000000000000000000 ) ) ;
#4706 = DIRECTION ( 'NONE',  ( -0.000000000000000000, 0.000000000000000000, -1.000000000000000000 ) ) ;
#4707 = VERTEX_POINT ( 'NONE', #4694 ) ;
#4708 = CARTESIAN_POINT ( 'NONE',  ( 38.79183844011099325, 38.84503987766706956, 11.27687459092477162 ) ) ;
#4709 = CARTESIAN_POINT ( 'NONE',  ( 38.85139415702917631, 38.79975639324169379, 11.29087459092477275 ) ) ;
#4710 = CARTESIAN_POINT ( 'NONE',  ( 38.85239937284426048, 38.80218320507500351, 11.29087459092477275 ) ) ;
#4711 = CARTESIAN_POINT ( 'NONE',  ( 38.83276190318315457, 38.84324568108365128, 11.29087459092477275 ) ) ;
#4712 = CARTESIAN_POINT ( 'NONE',  ( 38.78589306789594815, 38.81455881720898304, 11.30287459073403689 ) ) ;
#4713 = ORIENTED_EDGE ( 'NONE', *, *, #2162, .F. ) ;
#4714 = VERTEX_POINT ( 'NONE', #633 ) ;
#4715 = DIRECTION ( 'NONE',  ( -0.000000000000000000, 0.000000000000000000, -1.000000000000000000 ) ) ;
#4716 = ORIENTED_EDGE ( 'NONE', *, *, #323, .F. ) ;
#4717 = CARTESIAN_POINT ( 'NONE',  ( 38.84728168145630889, 38.82429843800235147, 11.29087459092477275 ) ) ;
#4718 = DIRECTION ( 'NONE',  ( 0.000000000000000000, 0.000000000000000000, -1.000000000000000000 ) ) ;
#4719 = DIRECTION ( 'NONE',  ( -0.000000000000000000, -0.000000000000000000, 1.000000000000000000 ) ) ;
#4720 = EDGE_CURVE ( 'NONE', #224, #2907, #2045, .T. ) ;
#4721 = ORIENTED_EDGE ( 'NONE', *, *, #1320, .T. ) ;
#4722 = CARTESIAN_POINT ( 'NONE',  ( 38.78511224309526284, 38.83782253144367758, 11.27687459092477162 ) ) ;
#4723 = EDGE_CURVE ( 'NONE', #3310, #4143, #3698, .T. ) ;
#4724 = LINE ( 'NONE', #3664, #376 ) ;
#4725 = ORIENTED_EDGE ( 'NONE', *, *, #4168, .T. ) ;
#4726 = DIRECTION ( 'NONE',  ( 0.8660254037844755670, 0.4999999999999360512, 0.000000000000000000 ) ) ;
#4727 = ADVANCED_FACE ( 'NONE', ( #1409 ), #1037, .T. ) ;
#4728 = ORIENTED_EDGE ( 'NONE', *, *, #1985, .T. ) ;
#4729 = DIRECTION ( 'NONE',  ( 0.8660254037867568533, 0.4999999999959848784, 0.000000000000000000 ) ) ;
#4730 = FILL_AREA_STYLE ('',( #2096 ) ) ;
#4731 = ORIENTED_EDGE ( 'NONE', *, *, #3005, .F. ) ;
#4732 = EDGE_CURVE ( 'NONE', #2995, #4335, #3768, .T. ) ;
#4733 = CYLINDRICAL_SURFACE ( 'NONE', #1840, 0.03600013749699115806 ) ;
#4734 = CYLINDRICAL_SURFACE ( 'NONE', #4134, 0.03600013749699115806 ) ;
#4735 = EDGE_LOOP ( 'NONE', ( #3326, #4408, #3686, #4469 ) ) ;
#4736 = VECTOR ( 'NONE', #4558, 1.000000000000000000 ) ;
#4737 = AXIS2_PLACEMENT_3D ( 'NONE', #4298, #2054, #195 ) ;
#4738 = LINE ( 'NONE', #2520, #188 ) ;
#4739 = EDGE_CURVE ( 'NONE', #4231, #4571, #374, .T. ) ;
#4740 = ORIENTED_EDGE ( 'NONE', *, *, #442, .F. ) ;
#4741 = CARTESIAN_POINT ( 'NONE',  ( 38.82329908567868415, 38.78460656203321832, 11.27687459092477162 ) ) ;
#4742 = CARTESIAN_POINT ( 'NONE',  ( 38.84587880256960091, 38.81721305325649496, 11.30287459073403689 ) ) ;
#4743 = CARTESIAN_POINT ( 'NONE',  ( 38.80666615447552914, 38.84668122329932061, 11.27687459092477162 ) ) ;
#4744 = AXIS2_PLACEMENT_3D ( 'NONE', #681, #1885, #2926 ) ;
#4745 = ORIENTED_EDGE ( 'NONE', *, *, #2103, .T. ) ;
#4746 = AXIS2_PLACEMENT_3D ( 'NONE', #1487, #2217, #318 ) ;
#4747 = ORIENTED_EDGE ( 'NONE', *, *, #2519, .T. ) ;
#4748 = DIRECTION ( 'NONE',  ( -0.8660254037867568533, -0.4999999999959848784, 0.000000000000000000 ) ) ;
#4749 = DIRECTION ( 'NONE',  ( 0.8872811332236103521, -0.4612290001999288513, -0.000000000000000000 ) ) ;
#4750 = FACE_OUTER_BOUND ( 'NONE', #330, .T. ) ;
#4751 = PRODUCT ( 'Gear_Level3V3', 'Gear_Level3V3', '', ( #3082 ) ) ;
#4752 = AXIS2_PLACEMENT_3D ( 'NONE', #927, #2906, #2439 ) ;
#4753 = PLANE ( 'NONE',  #4752 ) ;
#4754 = ORIENTED_EDGE ( 'NONE', *, *, #1545, .F. ) ;
#4755 = CIRCLE ( 'NONE', #50, 0.002250000000002967075 ) ;
#4756 = CIRCLE ( 'NONE', #1462, 0.001006105236834714794 ) ;
#4757 = DIRECTION ( 'NONE',  ( 0.000000000000000000, 0.000000000000000000, -1.000000000000000000 ) ) ;
#4758 = EDGE_CURVE ( 'NONE', #1990, #1725, #4158, .T. ) ;
#4759 = ORIENTED_EDGE ( 'NONE', *, *, #4488, .F. ) ;
#4760 = DIRECTION ( 'NONE',  ( -1.000000000000000000, 0.000000000000000000, 0.000000000000000000 ) ) ;
#4761 = EDGE_CURVE ( 'NONE', #4348, #1543, #1407, .T. ) ;
#4762 = DIRECTION ( 'NONE',  ( -1.000000000000000000, 0.000000000000000000, 0.000000000000000000 ) ) ;
#4763 = ORIENTED_EDGE ( 'NONE', *, *, #1587, .T. ) ;
#4764 = EDGE_CURVE ( 'NONE', #3363, #2198, #785, .T. ) ;
#4765 = CIRCLE ( 'NONE', #3211, 0.02935410264610283093 ) ;
#4766 = LINE ( 'NONE', #1056, #274 ) ;
#4767 = AXIS2_PLACEMENT_3D ( 'NONE', #3244, #4330, #4702 ) ;
#4768 = ORIENTED_EDGE ( 'NONE', *, *, #4628, .T. ) ;
#4769 = CARTESIAN_POINT ( 'NONE',  ( 38.84738310804262085, 38.81588597186377854, 11.29087459092477275 ) ) ;
#4770 = DIRECTION ( 'NONE',  ( -1.000000000000000000, 0.000000000000000000, 0.000000000000000000 ) ) ;
#4771 = DIRECTION ( 'NONE',  ( -0.9659258262890429991, 0.2588190451026144978, 0.000000000000000000 ) ) ;
#4772 = VECTOR ( 'NONE', #2323, 1.000000000000000000 ) ;
#4773 = DIRECTION ( 'NONE',  ( 0.000000000000000000, -0.000000000000000000, -1.000000000000000000 ) ) ;
#4774 = DIRECTION ( 'NONE',  ( 0.9659258262892763680, -0.2588190451017443605, 0.000000000000000000 ) ) ;
#4775 = VECTOR ( 'NONE', #3418, 1.000000000000000000 ) ;
#4776 = VERTEX_POINT ( 'NONE', #4494 ) ;
#4777 = CARTESIAN_POINT ( 'NONE',  ( 38.78150143957278573, 38.80020343417888995, 11.27687459092477162 ) ) ;
#4778 = DIRECTION ( 'NONE',  ( -0.000000000000000000, -0.000000000000000000, -1.000000000000000000 ) ) ;
#4779 = CARTESIAN_POINT ( 'NONE',  ( 38.78852618938186225, 38.83276190318312615, 11.29087459092477275 ) ) ;
#4780 = AXIS2_PLACEMENT_3D ( 'NONE', #2470, #3682, #306 ) ;
#4781 = CARTESIAN_POINT ( 'NONE',  ( 38.77707013530251601, 38.81967138312676013, 11.29087459092477275 ) ) ;
#4782 = ORIENTED_EDGE ( 'NONE', *, *, #4111, .F. ) ;
#4783 = DIRECTION ( 'NONE',  ( 0.000000000000000000, 0.000000000000000000, -1.000000000000000000 ) ) ;
#4784 = EDGE_CURVE ( 'NONE', #4838, #648, #4615, .T. ) ;
#4785 = CARTESIAN_POINT ( 'NONE',  ( 38.83353265350836381, 38.80605464963320372, 11.29529670687370668 ) ) ;
#4786 = VERTEX_POINT ( 'NONE', #347 ) ;
#4787 = EDGE_CURVE ( 'NONE', #1273, #4075, #1167, .T. ) ;
#4788 = EDGE_CURVE ( 'NONE', #3607, #1991, #2914, .T. ) ;
#4789 = CARTESIAN_POINT ( 'NONE',  ( 38.81588593523277098, 38.81588593523274255, 11.27687459092477162 ) ) ;
#4790 = DIRECTION ( 'NONE',  ( -0.000000000000000000, -0.000000000000000000, -1.000000000000000000 ) ) ;
#4791 = EDGE_CURVE ( 'NONE', #3661, #3059, #415, .T. ) ;
#4792 = EDGE_LOOP ( 'NONE', ( #3790, #4621, #2080, #623 ) ) ;
#4793 = DIRECTION ( 'NONE',  ( -0.7071067811865474617, 0.7071067811865474617, 0.000000000000000000 ) ) ;
#4794 = CARTESIAN_POINT ( 'NONE',  ( 38.81678667374546876, 38.85717370087637335, 11.29087459092477275 ) ) ;
#4795 = ORIENTED_EDGE ( 'NONE', *, *, #3000, .F. ) ;
#4796 = ADVANCED_FACE ( 'NONE', ( #3031 ), #1851, .F. ) ;
#4797 = ORIENTED_EDGE ( 'NONE', *, *, #3217, .T. ) ;
#4798 = DIRECTION ( 'NONE',  ( 0.000000000000000000, 0.000000000000000000, -1.000000000000000000 ) ) ;
#4799 = DIRECTION ( 'NONE',  ( 0.000000000000000000, -0.000000000000000000, -1.000000000000000000 ) ) ;
#4800 = CYLINDRICAL_SURFACE ( 'NONE', #2399, 0.001006105236832866012 ) ;
#4801 = FACE_OUTER_BOUND ( 'NONE', #2077, .T. ) ;
#4802 = ORIENTED_EDGE ( 'NONE', *, *, #442, .T. ) ;
#4803 = CARTESIAN_POINT ( 'NONE',  ( 38.83782253144370600, 38.84665962737024358, 11.29087459092477275 ) ) ;
#4804 = FACE_OUTER_BOUND ( 'NONE', #3588, .T. ) ;
#4805 = ORIENTED_EDGE ( 'NONE', *, *, #3693, .T. ) ;
#4806 = DIRECTION ( 'NONE',  ( -0.7071067811865474617, -0.7071067811865474617, 0.000000000000000000 ) ) ;
#4807 = EDGE_CURVE ( 'NONE', #2889, #4260, #4392, .T. ) ;
#4808 = CYLINDRICAL_SURFACE ( 'NONE', #3913, 0.001006105236832866012 ) ;
#4809 = ORIENTED_EDGE ( 'NONE', *, *, #2576, .F. ) ;
#4810 = DIRECTION ( 'NONE',  ( 0.5377935015702753896, -0.8430765977470743300, 0.000000000000000000 ) ) ;
#4811 = CYLINDRICAL_SURFACE ( 'NONE', #3220, 0.02935410264610283093 ) ;
#4812 = EDGE_CURVE ( 'NONE', #1457, #1804, #1325, .T. ) ;
#4813 = CIRCLE ( 'NONE', #2171, 0.001006105236834714794 ) ;
#4814 = AXIS2_PLACEMENT_3D ( 'NONE', #2028, #908, #1728 ) ;
#4815 = CARTESIAN_POINT ( 'NONE',  ( 38.80747343246316206, 38.84728168145627336, 11.27687459092477162 ) ) ;
#4816 = VERTEX_POINT ( 'NONE', #2964 ) ;
#4817 = AXIS2_PLACEMENT_3D ( 'NONE', #4223, #466, #2372 ) ;
#4818 = CARTESIAN_POINT ( 'NONE',  ( 38.76944253564145981, 38.84002827519386614, 11.29747459073403704 ) ) ;
#4819 = EDGE_CURVE ( 'NONE', #304, #3644, #1882, .T. ) ;
#4820 = CARTESIAN_POINT ( 'NONE',  ( 38.77048030089191144, 38.84202465774362167, 11.29747459073403704 ) ) ;
#4821 = EDGE_CURVE ( 'NONE', #2396, #730, #3380, .T. ) ;
#4822 = ORIENTED_EDGE ( 'NONE', *, *, #1978, .T. ) ;
#4823 = CIRCLE ( 'NONE', #3667, 0.001006105236833839843 ) ;
#4824 = CARTESIAN_POINT ( 'NONE',  ( 38.85315773756224900, 38.82213470568841984, 11.29087459092477275 ) ) ;
#4825 = B_SPLINE_CURVE_WITH_KNOTS ( 'NONE', 3,
 ( #4293, #933, #2301, #448, #3402, #4521, #2654, #4161, #3795, #2445, #417, #1922, #3428, #56, #2488, #4785, #2554, #1747, #622, #985, #1420, #2176, #1798, #4414, #3995, #592, #692, #3234, #2535, #666 ),
 .UNSPECIFIED., .F., .F.,
 ( 4, 2, 2, 2, 2, 2, 2, 2, 2, 2, 2, 2, 2, 2, 4 ),
 ( 0.000000000000000000, 0.0004399989348649126263, 0.0008799978697298252526, 0.001319996804594737770, 0.001759995739459650505, 0.002639993609171837306, 0.003519991478884024541, 0.003959990413744653159, 0.004399989348605280910, 0.004839988283465908661, 0.005279987218326536412, 0.005719986153187164163, 0.006159985088047791914, 0.006599984022908420532, 0.007039982957769048283 ),
 .UNSPECIFIED. ) ;
#4826 = CARTESIAN_POINT ( 'NONE',  ( 38.81588593523277098, 38.81588593523274255, 11.29087459092477275 ) ) ;
#4827 = CIRCLE ( 'NONE', #2707, 0.03600013749699044335 ) ;
#4828 = VERTEX_POINT ( 'NONE', #3060 ) ;
#4829 = DIRECTION ( 'NONE',  ( 0.000000000000000000, 0.000000000000000000, -1.000000000000000000 ) ) ;
#4830 = DIRECTION ( 'NONE',  ( 0.8872811332236102411, -0.4612290001999287403, 0.000000000000000000 ) ) ;
#4831 = AXIS2_PLACEMENT_3D ( 'NONE', #1190, #3469, #3493 ) ;
#4832 = AXIS2_PLACEMENT_3D ( 'NONE', #948, #578, #2089 ) ;
#4833 = EDGE_LOOP ( 'NONE', ( #449, #4062, #1367, #3502 ) ) ;
#4834 = ORIENTED_EDGE ( 'NONE', *, *, #1860, .T. ) ;
#4835 = VECTOR ( 'NONE', #3481, 1.000000000000000000 ) ;
#4836 = DIRECTION ( 'NONE',  ( -1.000000000000000000, 0.000000000000000000, 0.000000000000000000 ) ) ;
#4837 = CIRCLE ( 'NONE', #2640, 0.03600013749699044335 ) ;
#4838 = VERTEX_POINT ( 'NONE', #4540 ) ;
#4839 = FACE_OUTER_BOUND ( 'NONE', #4182, .T. ) ;
#4840 = ORIENTED_EDGE ( 'NONE', *, *, #3353, .T. ) ;
#4841 = FACE_OUTER_BOUND ( 'NONE', #3348, .T. ) ;
#4842 = FACE_OUTER_BOUND ( 'NONE', #3704, .T. ) ;
#4843 = CIRCLE ( 'NONE', #1397, 0.001006105236834714794 ) ;
#4844 = CARTESIAN_POINT ( 'NONE',  ( 38.83213760597951847, 38.78773728905356677, 11.29087459092477275 ) ) ;
#4845 = EDGE_CURVE ( 'NONE', #1794, #2729, #386, .T. ) ;
#4846 = ORIENTED_EDGE ( 'NONE', *, *, #1124, .T. ) ;
#4847 = AXIS2_PLACEMENT_3D ( 'NONE', #2229, #1807, #4771 ) ;
#4848 = DIRECTION ( 'NONE',  ( -0.000000000000000000, -0.000000000000000000, -1.000000000000000000 ) ) ;
#4849 = FACE_OUTER_BOUND ( 'NONE', #2628, .T. ) ;
#4850 = EDGE_CURVE ( 'NONE', #2907, #4327, #1557, .T. ) ;
#4851 = ADVANCED_FACE ( 'NONE', ( #4841 ), #1477, .F. ) ;
#4852 = CARTESIAN_POINT ( 'NONE',  ( 38.78673199279844397, 38.79183844011096483, 11.27687459092477162 ) ) ;
#4853 = ORIENTED_EDGE ( 'NONE', *, *, #882, .T. ) ;
#4854 = AXIS2_PLACEMENT_3D ( 'NONE', #3609, #4325, #200 ) ;
#4855 = FACE_OUTER_BOUND ( 'NONE', #3545, .T. ) ;
#4856 = CARTESIAN_POINT ( 'NONE',  ( 38.81588593523277098, 38.81588593523274255, 11.29087459092477275 ) ) ;
#4857 = ORIENTED_EDGE ( 'NONE', *, *, #11, .F. ) ;
#4858 = ORIENTED_EDGE ( 'NONE', *, *, #2099, .T. ) ;
#4859 = CARTESIAN_POINT ( 'NONE',  ( 38.83444612800394680, 38.80791285065688356, 11.29917029577180543 ) ) ;
ENDSEC;
END-ISO-10303-21;
