ISO-10303-21;
HEADER;
FILE_DESCRIPTION (( 'STEP AP214' ),
    '1' );
FILE_NAME ('ServoGearV2.STEP',
    '2026-01-30T01:13:43',
    ( '' ),
    ( '' ),
    'SwSTEP 2.0',
    'SolidWorks 2025',
    '' );
FILE_SCHEMA (( 'AUTOMOTIVE_DESIGN' ));
ENDSEC;

DATA;
#1 = DIRECTION ( 'NONE',  ( -1.000000000000000000, 0.000000000000000000, 0.000000000000000000 ) ) ;
#2 = ORIENTED_EDGE ( 'NONE', *, *, #2680, .F. ) ;
#3 = EDGE_CURVE ( 'NONE', #1917, #942, #1833, .T. ) ;
#4 = ORIENTED_EDGE ( 'NONE', *, *, #2344, .F. ) ;
#5 = AXIS2_PLACEMENT_3D ( 'NONE', #4116, #1857, #841 ) ;
#6 = DIRECTION ( 'NONE',  ( 0.2588190451017443605, 0.9659258262892763680, 0.000000000000000000 ) ) ;
#7 = EDGE_LOOP ( 'NONE', ( #347, #4210, #2936, #2150 ) ) ;
#8 = LINE ( 'NONE', #1322, #1300 ) ;
#9 = DIRECTION ( 'NONE',  ( 0.000000000000000000, 0.000000000000000000, -1.000000000000000000 ) ) ;
#10 = FACE_OUTER_BOUND ( 'NONE', #2275, .T. ) ;
#11 = ORIENTED_EDGE ( 'NONE', *, *, #1085, .F. ) ;
#12 = EDGE_LOOP ( 'NONE', ( #3157, #2417, #3720, #1193 ) ) ;
#13 = VECTOR ( 'NONE', #2984, 1000.000000000000000 ) ;
#14 = SURFACE_STYLE_FILL_AREA ( #3991 ) ;
#15 = ORIENTED_EDGE ( 'NONE', *, *, #3588, .T. ) ;
#16 = DIRECTION ( 'NONE',  ( -0.000000000000000000, -0.000000000000000000, -1.000000000000000000 ) ) ;
#17 = CARTESIAN_POINT ( 'NONE',  ( 38822.27567234949674, 38854.35887636755069, 11220.32068553694080 ) ) ;
#18 = ORIENTED_EDGE ( 'NONE', *, *, #468, .F. ) ;
#19 = CARTESIAN_POINT ( 'NONE',  ( 38792.42423717839119, 38805.65841512297629, 11220.32068553694080 ) ) ;
#20 = CARTESIAN_POINT ( 'NONE',  ( 38809.55271810905106, 38819.90344202972483, 11238.32068553693898 ) ) ;
#21 = ADVANCED_FACE ( 'NONE', ( #1261 ), #2208, .T. ) ;
#22 = ORIENTED_EDGE ( 'NONE', *, *, #1719, .T. ) ;
#23 = ORIENTED_EDGE ( 'NONE', *, *, #2625, .T. ) ;
#24 = DIRECTION ( 'NONE',  ( -1.000000000000000000, 0.000000000000000000, 0.000000000000000000 ) ) ;
#25 = EDGE_CURVE ( 'NONE', #1382, #2770, #3427, .T. ) ;
#26 = ORIENTED_EDGE ( 'NONE', *, *, #2831, .T. ) ;
#27 = EDGE_CURVE ( 'NONE', #2978, #1099, #2951, .T. ) ;
#28 = DIRECTION ( 'NONE',  ( 0.000000000000000000, 0.000000000000000000, -1.000000000000000000 ) ) ;
#29 = EDGE_CURVE ( 'NONE', #1871, #4150, #3841, .T. ) ;
#30 = DIRECTION ( 'NONE',  ( -0.000000000000000000, 0.000000000000000000, -1.000000000000000000 ) ) ;
#31 = CYLINDRICAL_SURFACE ( 'NONE', #59, 1.750000000001250555 ) ;
#32 = EDGE_CURVE ( 'NONE', #3904, #2617, #1559, .T. ) ;
#33 = EDGE_LOOP ( 'NONE', ( #1986, #1538, #2859, #592 ) ) ;
#34 = CARTESIAN_POINT ( 'NONE',  ( 38784.60656203323742, 38808.47278478681255, 11220.32068553694080 ) ) ;
#35 = DIRECTION ( 'NONE',  ( -0.000000000000000000, -0.000000000000000000, 1.000000000000000000 ) ) ;
#36 = DIRECTION ( 'NONE',  ( -0.000000000000000000, -0.000000000000000000, 1.000000000000000000 ) ) ;
#37 = VECTOR ( 'NONE', #1349, 1000.000000000000000 ) ;
#38 = CARTESIAN_POINT ( 'NONE',  ( 38847.16530843228247, 38823.29908567864913, 11228.32068553693898 ) ) ;
#39 = ORIENTED_EDGE ( 'NONE', *, *, #3801, .T. ) ;
#40 = DIRECTION ( 'NONE',  ( 0.000000000000000000, 0.000000000000000000, -1.000000000000000000 ) ) ;
#41 = CARTESIAN_POINT ( 'NONE',  ( 38788.52618938185333, 38832.76190318312001, 11220.32068553694080 ) ) ;
#42 = VERTEX_POINT ( 'NONE', #3943 ) ;
#43 = ORIENTED_EDGE ( 'NONE', *, *, #3167, .T. ) ;
#44 = DIRECTION ( 'NONE',  ( -0.000000000000000000, -0.000000000000000000, 1.000000000000000000 ) ) ;
#45 = ORIENTED_EDGE ( 'NONE', *, *, #1683, .T. ) ;
#46 = ADVANCED_FACE ( 'NONE', ( #3529 ), #3235, .F. ) ;
#47 = DIRECTION ( 'NONE',  ( -0.4261466712402923185, 0.9046540855989201324, 0.000000000000000000 ) ) ;
#48 = CARTESIAN_POINT ( 'NONE',  ( 38848.01815415592864, 38816.82115252783842, 11220.32068553694080 ) ) ;
#49 = DIRECTION ( 'NONE',  ( -1.000000000000000000, 0.000000000000000000, 0.000000000000000000 ) ) ;
#50 = DIRECTION ( 'NONE',  ( -1.000000000000000000, 0.000000000000000000, 0.000000000000000000 ) ) ;
#51 = ORIENTED_EDGE ( 'NONE', *, *, #3194, .F. ) ;
#52 = CIRCLE ( 'NONE', #1407, 38.99994794847572166 ) ;
#53 = EDGE_CURVE ( 'NONE', #2358, #1904, #2806, .T. ) ;
#54 = CARTESIAN_POINT ( 'NONE',  ( 38806.66622524124250, 38785.09062820453255, 11228.32068553693898 ) ) ;
#55 = VECTOR ( 'NONE', #2935, 1000.000000000000000 ) ;
#56 = CARTESIAN_POINT ( 'NONE',  ( 38815.88593523276359, 38815.88593523273448, 11220.32068553694080 ) ) ;
#57 = AXIS2_PLACEMENT_3D ( 'NONE', #2707, #1709, #3031 ) ;
#58 = AXIS2_PLACEMENT_3D ( 'NONE', #1139, #4140, #186 ) ;
#59 = AXIS2_PLACEMENT_3D ( 'NONE', #2645, #3987, #2318 ) ;
#60 = LINE ( 'NONE', #381, #4230 ) ;
#61 = CIRCLE ( 'NONE', #606, 29.35410264610283093 ) ;
#62 = FACE_OUTER_BOUND ( 'NONE', #1609, .T. ) ;
#63 = VERTEX_POINT ( 'NONE', #2558 ) ;
#64 = AXIS2_PLACEMENT_3D ( 'NONE', #2062, #4057, #1798 ) ;
#65 = CIRCLE ( 'NONE', #3905, 38.99994794847572166 ) ;
#66 = EDGE_LOOP ( 'NONE', ( #3257, #3195, #2169, #2304 ) ) ;
#67 = CARTESIAN_POINT ( 'NONE',  ( 38792.90262101311237, 38838.86919764828053, 11228.32068553693898 ) ) ;
#68 = AXIS2_PLACEMENT_3D ( 'NONE', #991, #2305, #3622 ) ;
#69 = AXIS2_PLACEMENT_3D ( 'NONE', #968, #2629, #947 ) ;
#70 = DIRECTION ( 'NONE',  ( -1.000000000000000000, 0.000000000000000000, 0.000000000000000000 ) ) ;
#71 = VERTEX_POINT ( 'NONE', #2540 ) ;
#72 = CARTESIAN_POINT ( 'NONE',  ( 38829.58873113357549, 38779.37252229331352, 11220.32068553694080 ) ) ;
#73 = DIRECTION ( 'NONE',  ( -1.000000000000000000, 0.000000000000000000, 0.000000000000000000 ) ) ;
#74 = DIRECTION ( 'NONE',  ( 0.000000000000000000, 0.000000000000000000, -1.000000000000000000 ) ) ;
#75 = ORIENTED_EDGE ( 'NONE', *, *, #3726, .T. ) ;
#76 = AXIS2_PLACEMENT_3D ( 'NONE', #2338, #3359, #49 ) ;
#77 = ADVANCED_FACE ( 'NONE', ( #588 ), #3253, .T. ) ;
#78 = CIRCLE ( 'NONE', #282, 1.006105236834714756 ) ;
#79 = CARTESIAN_POINT ( 'NONE',  ( 38851.28864812276151, 38802.66162802502367, 11220.32068553694080 ) ) ;
#80 = DIRECTION ( 'NONE',  ( 1.000000000000000000, 0.000000000000000000, 0.000000000000000000 ) ) ;
#81 = CARTESIAN_POINT ( 'NONE',  ( 38784.49017004761117, 38824.29836723661720, 11220.32068553694080 ) ) ;
#82 = EDGE_CURVE ( 'NONE', #1922, #2136, #315, .T. ) ;
#83 = DIRECTION ( 'NONE',  ( 0.000000000000000000, 0.000000000000000000, -1.000000000000000000 ) ) ;
#84 = DIRECTION ( 'NONE',  ( 0.000000000000000000, 0.000000000000000000, -1.000000000000000000 ) ) ;
#85 = EDGE_CURVE ( 'NONE', #257, #3183, #3770, .T. ) ;
#86 = ORIENTED_EDGE ( 'NONE', *, *, #1091, .F. ) ;
#87 = ORIENTED_EDGE ( 'NONE', *, *, #2716, .F. ) ;
#88 = CARTESIAN_POINT ( 'NONE',  ( 38839.26814361914876, 38793.82632382884185, 11228.32068553693898 ) ) ;
#89 = CARTESIAN_POINT ( 'NONE',  ( 38815.88593523276359, 38815.88593523273448, 11220.32068553694080 ) ) ;
#90 = EDGE_LOOP ( 'NONE', ( #195, #1992 ) ) ;
#91 = DIRECTION ( 'NONE',  ( -0.000000000000000000, -0.000000000000000000, 1.000000000000000000 ) ) ;
#92 = CARTESIAN_POINT ( 'NONE',  ( 38791.83844011098699, 38845.03987766706268, 11228.32068553693898 ) ) ;
#93 = FACE_OUTER_BOUND ( 'NONE', #268, .T. ) ;
#94 = DIRECTION ( 'NONE',  ( -1.000000000000000000, 0.000000000000000000, 0.000000000000000000 ) ) ;
#95 = ORIENTED_EDGE ( 'NONE', *, *, #3964, .F. ) ;
#96 = CARTESIAN_POINT ( 'NONE',  ( 38808.47285555257258, 38784.60654307159712, 11228.32068553693898 ) ) ;
#97 = CARTESIAN_POINT ( 'NONE',  ( 38813.07985736874252, 38793.56160037095106, 11232.32068553693898 ) ) ;
#98 = ADVANCED_FACE ( 'NONE', ( #1752 ), #2061, .F. ) ;
#99 = DIRECTION ( 'NONE',  ( -1.000000000000000000, 0.000000000000000000, 0.000000000000000000 ) ) ;
#100 = CARTESIAN_POINT ( 'NONE',  ( 38799.75632930855500, 38851.39412798755802, 11228.32068553693898 ) ) ;
#101 = ADVANCED_FACE ( 'NONE', ( #2384 ), #757, .F. ) ;
#102 = EDGE_CURVE ( 'NONE', #2335, #4167, #3361, .T. ) ;
#103 = EDGE_LOOP ( 'NONE', ( #369, #3716, #3096, #847 ) ) ;
#104 = LINE ( 'NONE', #3977, #2591 ) ;
#105 = CYLINDRICAL_SURFACE ( 'NONE', #1195, 38.99994794847572166 ) ;
#106 = ORIENTED_EDGE ( 'NONE', *, *, #159, .F. ) ;
#107 = PLANE ( 'NONE',  #1624 ) ;
#108 = DIRECTION ( 'NONE',  ( -1.000000000000000000, 0.000000000000000000, 0.000000000000000000 ) ) ;
#109 = DIRECTION ( 'NONE',  ( -0.000000000000000000, 0.000000000000000000, 1.000000000000000000 ) ) ;
#110 = ORIENTED_EDGE ( 'NONE', *, *, #128, .T. ) ;
#111 = DIRECTION ( 'NONE',  ( -0.000000000000000000, 0.000000000000000000, -1.000000000000000000 ) ) ;
#112 = CARTESIAN_POINT ( 'NONE',  ( 38785.76225941007579, 38840.65608046673879, 11220.32068553694080 ) ) ;
#113 = VECTOR ( 'NONE', #3745, 1000.000000000000000 ) ;
#114 = DIRECTION ( 'NONE',  ( -0.4999999999999605316, 0.8660254037844613562, 0.000000000000000000 ) ) ;
#115 = CIRCLE ( 'NONE', #3410, 38.99994794847572166 ) ;
#116 = CARTESIAN_POINT ( 'NONE',  ( 38784.16319037196081, 38838.57212923878251, 11228.32068553693898 ) ) ;
#117 = DIRECTION ( 'NONE',  ( 0.000000000000000000, 0.000000000000000000, -1.000000000000000000 ) ) ;
#118 = AXIS2_PLACEMENT_3D ( 'NONE', #1674, #1332, #2654 ) ;
#119 = EDGE_CURVE ( 'NONE', #2018, #1817, #422, .T. ) ;
#120 = AXIS2_PLACEMENT_3D ( 'NONE', #481, #2337, #73 ) ;
#121 = VERTEX_POINT ( 'NONE', #1327 ) ;
#122 = AXIS2_PLACEMENT_3D ( 'NONE', #2191, #1224, #3511 ) ;
#123 = CARTESIAN_POINT ( 'NONE',  ( 38846.00956645631231, 38840.65613470490644, 11228.32068553693898 ) ) ;
#124 = CARTESIAN_POINT ( 'NONE',  ( 38791.83844011098699, 38845.03987766706268, 11220.32068553694080 ) ) ;
#125 = VERTEX_POINT ( 'NONE', #1093 ) ;
#126 = VECTOR ( 'NONE', #2980, 1000.000000000000000 ) ;
#127 = UNCERTAINTY_MEASURE_WITH_UNIT (LENGTH_MEASURE( 1.000000000000000082E-05 ), #793, 'distance_accuracy_value', 'NONE');
#128 = EDGE_CURVE ( 'NONE', #1530, #3695, #2077, .T. ) ;
#129 = CIRCLE ( 'NONE', #1210, 15.00000000000056843 ) ;
#130 = AXIS2_PLACEMENT_3D ( 'NONE', #1443, #3817, #831 ) ;
#131 = DIRECTION ( 'NONE',  ( -0.000000000000000000, -0.000000000000000000, 1.000000000000000000 ) ) ;
#132 = CARTESIAN_POINT ( 'NONE',  ( 38852.09255840199330, 38835.74975562038890, 11220.32068553694080 ) ) ;
#133 = CARTESIAN_POINT ( 'NONE',  ( 38778.61413290328346, 38809.63716477705748, 11220.32068553694080 ) ) ;
#134 = DIRECTION ( 'NONE',  ( 0.000000000000000000, 0.000000000000000000, -1.000000000000000000 ) ) ;
#135 = ORIENTED_EDGE ( 'NONE', *, *, #1982, .F. ) ;
#136 = DIRECTION ( 'NONE',  ( -1.000000000000000000, 0.000000000000000000, 0.000000000000000000 ) ) ;
#137 = DIRECTION ( 'NONE',  ( 0.000000000000000000, 0.000000000000000000, -1.000000000000000000 ) ) ;
#138 = AXIS2_PLACEMENT_3D ( 'NONE', #3446, #161, #1453 ) ;
#139 = CYLINDRICAL_SURFACE ( 'NONE', #3769, 1.750000000001250555 ) ;
#140 = AXIS2_PLACEMENT_3D ( 'NONE', #1644, #1919, #4212 ) ;
#141 = CARTESIAN_POINT ( 'NONE',  ( 38827.44204190321034, 38855.53372609594953, 11228.32068553693898 ) ) ;
#142 = DIRECTION ( 'NONE',  ( -1.000000000000000000, 0.000000000000000000, 0.000000000000000000 ) ) ;
#143 = ORIENTED_EDGE ( 'NONE', *, *, #1446, .F. ) ;
#144 = PLANE ( 'NONE',  #58 ) ;
#145 = VERTEX_POINT ( 'NONE', #3644 ) ;
#146 = ADVANCED_FACE ( 'NONE', ( #1731 ), #1713, .T. ) ;
#147 = DIRECTION ( 'NONE',  ( -0.000000000000000000, -0.000000000000000000, 1.000000000000000000 ) ) ;
#148 = DIRECTION ( 'NONE',  ( -0.000000000000000000, 0.000000000000000000, 1.000000000000000000 ) ) ;
#149 = VERTEX_POINT ( 'NONE', #2012 ) ;
#150 = VECTOR ( 'NONE', #3678, 1000.000000000000000 ) ;
#151 = PLANE ( 'NONE',  #409 ) ;
#152 = EDGE_CURVE ( 'NONE', #3677, #2718, #1006, .T. ) ;
#153 = CARTESIAN_POINT ( 'NONE',  ( 38815.88593523276359, 38815.88593523273448, 11228.32068553693898 ) ) ;
#154 = CARTESIAN_POINT ( 'NONE',  ( 38813.07985736874252, 38793.56160037095106, 11238.32068553693898 ) ) ;
#155 = CARTESIAN_POINT ( 'NONE',  ( 38785.11224309525278, 38837.82253144367132, 11220.32068553694080 ) ) ;
#156 = VERTEX_POINT ( 'NONE', #2649 ) ;
#157 = EDGE_CURVE ( 'NONE', #226, #2781, #548, .T. ) ;
#158 = EDGE_CURVE ( 'NONE', #547, #749, #1030, .T. ) ;
#159 = EDGE_CURVE ( 'NONE', #1764, #4145, #3013, .T. ) ;
#160 = CARTESIAN_POINT ( 'NONE',  ( 38843.24568108367384, 38799.00996728234895, 11228.32068553693898 ) ) ;
#161 = DIRECTION ( 'NONE',  ( 0.000000000000000000, 0.000000000000000000, -1.000000000000000000 ) ) ;
#162 = CARTESIAN_POINT ( 'NONE',  ( 38794.17423717839119, 38805.65841512297629, 11220.32068553694080 ) ) ;
#163 = VERTEX_POINT ( 'NONE', #54 ) ;
#164 = CARTESIAN_POINT ( 'NONE',  ( 38846.00956645631231, 38840.65613470490644, 11228.32068553693898 ) ) ;
#165 = CARTESIAN_POINT ( 'NONE',  ( 38848.38921327944990, 38815.88597186376865, 11220.32068553694080 ) ) ;
#166 = VERTEX_POINT ( 'NONE', #2676 ) ;
#167 = CARTESIAN_POINT ( 'NONE',  ( 38854.70173516302020, 38812.10048733872100, 11220.32068553694080 ) ) ;
#168 = ORIENTED_EDGE ( 'NONE', *, *, #2905, .T. ) ;
#169 = DIRECTION ( 'NONE',  ( 0.000000000000000000, 0.000000000000000000, -1.000000000000000000 ) ) ;
#170 = CARTESIAN_POINT ( 'NONE',  ( 38778.26683796797442, 38819.49673875520966, 11220.32068553694080 ) ) ;
#171 = VERTEX_POINT ( 'NONE', #3706 ) ;
#172 = CARTESIAN_POINT ( 'NONE',  ( 38851.39415702917177, 38799.75639324168878, 11220.32068553694080 ) ) ;
#173 = DIRECTION ( 'NONE',  ( 0.000000000000000000, 0.000000000000000000, -1.000000000000000000 ) ) ;
#174 = ORIENTED_EDGE ( 'NONE', *, *, #3617, .F. ) ;
#175 = EDGE_CURVE ( 'NONE', #465, #511, #1147, .T. ) ;
#176 = CYLINDRICAL_SURFACE ( 'NONE', #2975, 1.006105236832866012 ) ;
#177 = CARTESIAN_POINT ( 'NONE',  ( 38776.23814436954854, 38827.44204190318123, 11228.32068553693898 ) ) ;
#178 = CARTESIAN_POINT ( 'NONE',  ( 38815.88593523276359, 38815.88593523273448, 11228.32068553693898 ) ) ;
#179 = ORIENTED_EDGE ( 'NONE', *, *, #4219, .F. ) ;
#180 = ORIENTED_EDGE ( 'NONE', *, *, #3872, .T. ) ;
#181 = CARTESIAN_POINT ( 'NONE',  ( 38854.70172834718687, 38819.67145301528217, 11228.32068553693898 ) ) ;
#182 = ADVANCED_FACE ( 'NONE', ( #1066 ), #3662, .F. ) ;
#183 = CARTESIAN_POINT ( 'NONE',  ( 38852.39934817218455, 38829.58873113354639, 11220.32068553694080 ) ) ;
#184 = ORIENTED_EDGE ( 'NONE', *, *, #2000, .T. ) ;
#185 = AXIS2_PLACEMENT_3D ( 'NONE', #2106, #444, #99 ) ;
#186 = DIRECTION ( 'NONE',  ( 0.9046540855989200214, 0.4261466712402922630, 0.000000000000000000 ) ) ;
#187 = ORIENTED_EDGE ( 'NONE', *, *, #2117, .F. ) ;
#188 = DIRECTION ( 'NONE',  ( -1.000000000000000000, 0.000000000000000000, 0.000000000000000000 ) ) ;
#189 = VECTOR ( 'NONE', #3388, 1000.000000000000000 ) ;
#190 = CARTESIAN_POINT ( 'NONE',  ( 38796.15022008902451, 38802.16764278195478, 11232.32068553693898 ) ) ;
#191 = ORIENTED_EDGE ( 'NONE', *, *, #3993, .F. ) ;
#192 = AXIS2_PLACEMENT_3D ( 'NONE', #2013, #701, #423 ) ;
#193 = CIRCLE ( 'NONE', #1948, 36.00013749699115806 ) ;
#194 = AXIS2_PLACEMENT_3D ( 'NONE', #2671, #2986, #2967 ) ;
#195 = ORIENTED_EDGE ( 'NONE', *, *, #2370, .F. ) ;
#196 = DIRECTION ( 'NONE',  ( 0.000000000000000000, 0.000000000000000000, -1.000000000000000000 ) ) ;
#197 = AXIS2_PLACEMENT_3D ( 'NONE', #2002, #1399, #1722 ) ;
#198 = FACE_OUTER_BOUND ( 'NONE', #1083, .T. ) ;
#199 = VERTEX_POINT ( 'NONE', #1374 ) ;
#200 = VECTOR ( 'NONE', #2706, 1000.000000000000114 ) ;
#201 = AXIS2_PLACEMENT_3D ( 'NONE', #640, #1546, #4205 ) ;
#202 = CIRCLE ( 'NONE', #2598, 36.00013749698946697 ) ;
#203 = CARTESIAN_POINT ( 'NONE',  ( 38793.82632382886368, 38792.50372684634931, 11228.32068553693898 ) ) ;
#204 = CARTESIAN_POINT ( 'NONE',  ( 38792.50372684637841, 38837.94554663662711, 11228.32068553693898 ) ) ;
#205 = CARTESIAN_POINT ( 'NONE',  ( 38847.16532739390095, 38808.47285555254348, 11220.32068553694080 ) ) ;
#206 = EDGE_CURVE ( 'NONE', #2477, #1099, #207, .T. ) ;
#207 = CIRCLE ( 'NONE', #2604, 36.00013749699115806 ) ;
#208 = EDGE_LOOP ( 'NONE', ( #389, #217, #2237, #1118 ) ) ;
#209 = CARTESIAN_POINT ( 'NONE',  ( 38799.63426448602695, 38844.03458141191368, 11228.32068553693898 ) ) ;
#210 = ORIENTED_EDGE ( 'NONE', *, *, #3935, .T. ) ;
#211 = EDGE_CURVE ( 'NONE', #452, #3793, #2811, .T. ) ;
#212 = DIRECTION ( 'NONE',  ( -0.000000000000000000, -0.000000000000000000, 1.000000000000000000 ) ) ;
#213 = VERTEX_POINT ( 'NONE', #3364 ) ;
#214 = EDGE_CURVE ( 'NONE', #2741, #2943, #1974, .T. ) ;
#215 = DIRECTION ( 'NONE',  ( -1.000000000000000000, 0.000000000000000000, 0.000000000000000000 ) ) ;
#216 = CARTESIAN_POINT ( 'NONE',  ( 38838.57218635614117, 38784.16323121887399, 11228.32068553693898 ) ) ;
#217 = ORIENTED_EDGE ( 'NONE', *, *, #3651, .F. ) ;
#218 = CIRCLE ( 'NONE', #2610, 1.006105236833839900 ) ;
#219 = ORIENTED_EDGE ( 'NONE', *, *, #1003, .T. ) ;
#220 = DIRECTION ( 'NONE',  ( -0.000000000000000000, -0.000000000000000000, 1.000000000000000000 ) ) ;
#221 = CARTESIAN_POINT ( 'NONE',  ( 38780.37774247794005, 38799.75632930852589, 11220.32068553694080 ) ) ;
#222 = ORIENTED_EDGE ( 'NONE', *, *, #3188, .F. ) ;
#223 = CARTESIAN_POINT ( 'NONE',  ( 38840.65613470493554, 38785.76230400918575, 11228.32068553693898 ) ) ;
#224 = CYLINDRICAL_SURFACE ( 'NONE', #3707, 38.99994794847572166 ) ;
#225 = VERTEX_POINT ( 'NONE', #3809 ) ;
#226 = VERTEX_POINT ( 'NONE', #3505 ) ;
#227 = LINE ( 'NONE', #1519, #242 ) ;
#228 = VERTEX_POINT ( 'NONE', #204 ) ;
#229 = DIRECTION ( 'NONE',  ( 0.000000000000000000, 0.000000000000000000, -1.000000000000000000 ) ) ;
#230 = ADVANCED_FACE ( 'NONE', ( #3137 ), #224, .T. ) ;
#231 = LINE ( 'NONE', #888, #3345 ) ;
#232 = ORIENTED_EDGE ( 'NONE', *, *, #2673, .T. ) ;
#233 = FACE_OUTER_BOUND ( 'NONE', #1557, .T. ) ;
#234 = DIRECTION ( 'NONE',  ( 0.000000000000000000, 0.000000000000000000, -1.000000000000000000 ) ) ;
#235 = ORIENTED_EDGE ( 'NONE', *, *, #2742, .F. ) ;
#236 = EDGE_CURVE ( 'NONE', #3911, #1467, #1566, .T. ) ;
#237 = EDGE_CURVE ( 'NONE', #1911, #915, #950, .T. ) ;
#238 = ORIENTED_EDGE ( 'NONE', *, *, #4120, .T. ) ;
#239 = DIRECTION ( 'NONE',  ( -1.000000000000000000, 0.000000000000000000, 0.000000000000000000 ) ) ;
#240 = EDGE_LOOP ( 'NONE', ( #3086, #2413, #2204, #1997 ) ) ;
#241 = PRODUCT_DEFINITION_SHAPE ( 'NONE', 'NONE',  #2561 ) ;
#242 = VECTOR ( 'NONE', #2925, 1000.000000000000000 ) ;
#243 = CYLINDRICAL_SURFACE ( 'NONE', #3912, 38.99994794847572166 ) ;
#244 = DIRECTION ( 'NONE',  ( -1.000000000000000000, 0.000000000000000000, 0.000000000000000000 ) ) ;
#245 = CYLINDRICAL_SURFACE ( 'NONE', #2101, 1.006105236832866012 ) ;
#246 = EDGE_LOOP ( 'NONE', ( #3369, #789, #3500, #660 ) ) ;
#247 = CYLINDRICAL_SURFACE ( 'NONE', #1180, 1.006105236832866012 ) ;
#248 = ORIENTED_EDGE ( 'NONE', *, *, #3148, .T. ) ;
#249 = FACE_OUTER_BOUND ( 'NONE', #539, .T. ) ;
#250 = FACE_OUTER_BOUND ( 'NONE', #2364, .T. ) ;
#251 = ORIENTED_EDGE ( 'NONE', *, *, #1299, .T. ) ;
#252 = CARTESIAN_POINT ( 'NONE',  ( 38816.78667374546058, 38857.17370087636664, 11228.32068553693898 ) ) ;
#253 = DIRECTION ( 'NONE',  ( 0.000000000000000000, 0.000000000000000000, -1.000000000000000000 ) ) ;
#254 = EDGE_CURVE ( 'NONE', #2205, #3911, #3155, .T. ) ;
#255 = ORIENTED_EDGE ( 'NONE', *, *, #2190, .F. ) ;
#256 = CIRCLE ( 'NONE', #665, 38.99994794847572166 ) ;
#257 = VERTEX_POINT ( 'NONE', #2837 ) ;
#258 = CARTESIAN_POINT ( 'NONE',  ( 38847.28168145630480, 38824.29843800234084, 11228.32068553693898 ) ) ;
#259 = EDGE_CURVE ( 'NONE', #3621, #639, #3774, .T. ) ;
#260 = VERTEX_POINT ( 'NONE', #485 ) ;
#261 = VECTOR ( 'NONE', #435, 1000.000000000000000 ) ;
#262 = AXIS2_PLACEMENT_3D ( 'NONE', #1638, #2614, #4187 ) ;
#263 = AXIS2_PLACEMENT_3D ( 'NONE', #3567, #4192, #627 ) ;
#264 = DIRECTION ( 'NONE',  ( -1.000000000000000000, 0.000000000000000000, 0.000000000000000000 ) ) ;
#265 = CARTESIAN_POINT ( 'NONE',  ( 38819.67138312679162, 38854.70173516299110, 11228.32068553693898 ) ) ;
#266 = VECTOR ( 'NONE', #3994, 1000.000000000000000 ) ;
#267 = EDGE_CURVE ( 'NONE', #1283, #1367, #2531, .T. ) ;
#268 = EDGE_LOOP ( 'NONE', ( #1132, #882, #222, #15 ) ) ;
#269 = ORIENTED_EDGE ( 'NONE', *, *, #2301, .F. ) ;
#270 = CIRCLE ( 'NONE', #130, 36.00013749698843668 ) ;
#271 = AXIS2_PLACEMENT_3D ( 'NONE', #453, #3328, #1684 ) ;
#272 = DIRECTION ( 'NONE',  ( -0.000000000000000000, 0.000000000000000000, -1.000000000000000000 ) ) ;
#273 = DIRECTION ( 'NONE',  ( 0.000000000000000000, -0.000000000000000000, -1.000000000000000000 ) ) ;
#274 = DIRECTION ( 'NONE',  ( -0.000000000000000000, -0.000000000000000000, -1.000000000000000000 ) ) ;
#275 = VECTOR ( 'NONE', #3590, 1000.000000000000000 ) ;
#276 = AXIS2_PLACEMENT_3D ( 'NONE', #1188, #3117, #1535 ) ;
#277 = DIRECTION ( 'NONE',  ( 0.000000000000000000, -0.000000000000000000, -1.000000000000000000 ) ) ;
#278 = ORIENTED_EDGE ( 'NONE', *, *, #3652, .F. ) ;
#279 = CARTESIAN_POINT ( 'NONE',  ( 38802.66162802506005, 38780.48322234272928, 11228.32068553693898 ) ) ;
#280 = CYLINDRICAL_SURFACE ( 'NONE', #1819, 29.35410264610283093 ) ;
#281 = ORIENTED_EDGE ( 'NONE', *, *, #2647, .T. ) ;
#282 = AXIS2_PLACEMENT_3D ( 'NONE', #2250, #1964, #2944 ) ;
#283 = AXIS2_PLACEMENT_3D ( 'NONE', #2487, #3479, #500 ) ;
#284 = EDGE_CURVE ( 'NONE', #2751, #1344, #1497, .T. ) ;
#285 = VERTEX_POINT ( 'NONE', #3741 ) ;
#286 = CYLINDRICAL_SURFACE ( 'NONE', #3353, 38.99994794847572166 ) ;
#287 = ORIENTED_EDGE ( 'NONE', *, *, #3595, .F. ) ;
#288 = EDGE_CURVE ( 'NONE', #2266, #639, #3485, .T. ) ;
#289 = DIRECTION ( 'NONE',  ( 0.000000000000000000, 0.000000000000000000, -1.000000000000000000 ) ) ;
#290 = CARTESIAN_POINT ( 'NONE',  ( 38783.38265718608454, 38815.88589860170032, 11228.32068553693898 ) ) ;
#291 = DIRECTION ( 'NONE',  ( 0.000000000000000000, -0.000000000000000000, -1.000000000000000000 ) ) ;
#292 = EDGE_LOOP ( 'NONE', ( #651, #2153, #4163, #549 ) ) ;
#293 = VERTEX_POINT ( 'NONE', #3164 ) ;
#294 = EDGE_CURVE ( 'NONE', #2358, #334, #3433, .T. ) ;
#295 = ADVANCED_FACE ( 'NONE', ( #4135 ), #1129, .T. ) ;
#296 = EDGE_CURVE ( 'NONE', #3650, #2049, #1777, .T. ) ;
#297 = CARTESIAN_POINT ( 'NONE',  ( 38837.86314421558200, 38792.90267281718843, 11228.32068553693898 ) ) ;
#298 = VERTEX_POINT ( 'NONE', #3099 ) ;
#299 = CARTESIAN_POINT ( 'NONE',  ( 38800.62968425999134, 38844.18082511667308, 11228.32068553693898 ) ) ;
#300 = DIRECTION ( 'NONE',  ( 0.000000000000000000, -0.000000000000000000, -1.000000000000000000 ) ) ;
#301 = ORIENTED_EDGE ( 'NONE', *, *, #2962, .F. ) ;
#302 = LINE ( 'NONE', #927, #613 ) ;
#303 = FACE_OUTER_BOUND ( 'NONE', #3972, .T. ) ;
#304 = ORIENTED_EDGE ( 'NONE', *, *, #2348, .F. ) ;
#305 = ORIENTED_EDGE ( 'NONE', *, *, #526, .T. ) ;
#306 = DIRECTION ( 'NONE',  ( -0.2588190451017443605, 0.9659258262892763680, 0.000000000000000000 ) ) ;
#307 = ORIENTED_EDGE ( 'NONE', *, *, #27, .T. ) ;
#308 = FACE_OUTER_BOUND ( 'NONE', #2130, .T. ) ;
#309 = CARTESIAN_POINT ( 'NONE',  ( 38847.60863924662408, 38838.57218635611207, 11220.32068553694080 ) ) ;
#310 = CYLINDRICAL_SURFACE ( 'NONE', #194, 38.99994794847572166 ) ;
#311 = ORIENTED_EDGE ( 'NONE', *, *, #1523, .T. ) ;
#312 = EDGE_LOOP ( 'NONE', ( #3790, #1445, #690, #3934 ) ) ;
#314 = ADVANCED_FACE ( 'NONE', ( #2184 ), #2125, .T. ) ;
#313 = AXIS2_PLACEMENT_3D ( 'NONE', #1993, #339, #3315 ) ;
#315 = LINE ( 'NONE', #2404, #3221 ) ;
#316 = CARTESIAN_POINT ( 'NONE',  ( 38844.18086174773634, 38800.62974770676374, 11220.32068553694080 ) ) ;
#317 = ADVANCED_FACE ( 'NONE', ( #2773 ), #504, .T. ) ;
#318 = CARTESIAN_POINT ( 'NONE',  ( 38802.18313933195168, 38852.39934817215544, 11228.32068553693898 ) ) ;
#319 = ORIENTED_EDGE ( 'NONE', *, *, #82, .T. ) ;
#320 = CARTESIAN_POINT ( 'NONE',  ( 38802.18313933195168, 38852.39934817215544, 11220.32068553694080 ) ) ;
#321 = DIRECTION ( 'NONE',  ( 0.000000000000000000, -0.000000000000000000, -1.000000000000000000 ) ) ;
#322 = EDGE_CURVE ( 'NONE', #1904, #1922, #3639, .T. ) ;
#323 = ORIENTED_EDGE ( 'NONE', *, *, #1113, .T. ) ;
#324 = ORIENTED_EDGE ( 'NONE', *, *, #3329, .F. ) ;
#325 = CARTESIAN_POINT ( 'NONE',  ( 38815.88593523276359, 38815.88593523273448, 11220.32068553694080 ) ) ;
#326 = CIRCLE ( 'NONE', #185, 38.99994794847572166 ) ;
#327 = ORIENTED_EDGE ( 'NONE', *, *, #446, .T. ) ;
#328 = AXIS2_PLACEMENT_3D ( 'NONE', #3046, #3655, #4040 ) ;
#329 = CARTESIAN_POINT ( 'NONE',  ( 38840.65613470493554, 38785.76230400918575, 11220.32068553694080 ) ) ;
#330 = CARTESIAN_POINT ( 'NONE',  ( 38779.37249762127612, 38829.58866539047449, 11228.32068553693898 ) ) ;
#331 = CARTESIAN_POINT ( 'NONE',  ( 38843.02851280614414, 38799.63432793279935, 11220.32068553694080 ) ) ;
#332 = VERTEX_POINT ( 'NONE', #2143 ) ;
#333 = AXIS2_PLACEMENT_3D ( 'NONE', #170, #1463, #3818 ) ;
#334 = VERTEX_POINT ( 'NONE', #523 ) ;
#335 = AXIS2_PLACEMENT_3D ( 'NONE', #3890, #714, #1000 ) ;
#336 = AXIS2_PLACEMENT_3D ( 'NONE', #417, #454, #3737 ) ;
#337 = VECTOR ( 'NONE', #466, 1000.000000000000000 ) ;
#338 = EDGE_CURVE ( 'NONE', #3161, #3141, #2463, .T. ) ;
#339 = DIRECTION ( 'NONE',  ( 0.000000000000000000, -0.000000000000000000, 1.000000000000000000 ) ) ;
#340 = ORIENTED_EDGE ( 'NONE', *, *, #785, .F. ) ;
#341 = VECTOR ( 'NONE', #959, 1000.000000000000000 ) ;
#342 = DIRECTION ( 'NONE',  ( -1.000000000000000000, 0.000000000000000000, 0.000000000000000000 ) ) ;
#343 = AXIS2_PLACEMENT_3D ( 'NONE', #434, #2072, #1725 ) ;
#344 = CIRCLE ( 'NONE', #681, 1.006105236836115635 ) ;
#345 = ADVANCED_FACE ( 'NONE', ( #2251 ), #608, .F. ) ;
#346 = DIRECTION ( 'NONE',  ( 0.000000000000000000, 0.000000000000000000, -1.000000000000000000 ) ) ;
#347 = ORIENTED_EDGE ( 'NONE', *, *, #2423, .F. ) ;
#348 = DIRECTION ( 'NONE',  ( -0.000000000000000000, -0.000000000000000000, -1.000000000000000000 ) ) ;
#349 = DIRECTION ( 'NONE',  ( 0.000000000000000000, 0.000000000000000000, -1.000000000000000000 ) ) ;
#350 = VERTEX_POINT ( 'NONE', #917 ) ;
#351 = EDGE_CURVE ( 'NONE', #414, #1395, #3223, .T. ) ;
#352 = ORIENTED_EDGE ( 'NONE', *, *, #2538, .F. ) ;
#353 = AXIS2_PLACEMENT_3D ( 'NONE', #822, #4088, #1839 ) ;
#354 = DIRECTION ( 'NONE',  ( -1.000000000000000000, 0.000000000000000000, 0.000000000000000000 ) ) ;
#355 = VERTEX_POINT ( 'NONE', #3572 ) ;
#356 = CIRCLE ( 'NONE', #3436, 29.35410264610283093 ) ;
#357 = DIRECTION ( 'NONE',  ( -0.000000000000000000, 0.000000000000000000, -1.000000000000000000 ) ) ;
#358 = CARTESIAN_POINT ( 'NONE',  ( 38847.28170041791600, 38807.47350322885904, 11220.32068553694080 ) ) ;
#359 = DIRECTION ( 'NONE',  ( 0.000000000000000000, 0.000000000000000000, -1.000000000000000000 ) ) ;
#360 = ORIENTED_EDGE ( 'NONE', *, *, #3786, .T. ) ;
#361 = ORIENTED_EDGE ( 'NONE', *, *, #3151, .F. ) ;
#362 = DIRECTION ( 'NONE',  ( -1.000000000000000000, 0.000000000000000000, 0.000000000000000000 ) ) ;
#363 = DIRECTION ( 'NONE',  ( -0.000000000000000000, -0.000000000000000000, -1.000000000000000000 ) ) ;
#364 = VERTEX_POINT ( 'NONE', #1623 ) ;
#365 = DIRECTION ( 'NONE',  ( -0.000000000000000000, 0.000000000000000000, 1.000000000000000000 ) ) ;
#366 = CARTESIAN_POINT ( 'NONE',  ( 38846.00961105545139, 38791.11578999873745, 11228.32068553693898 ) ) ;
#367 = ORIENTED_EDGE ( 'NONE', *, *, #3786, .F. ) ;
#368 = EDGE_CURVE ( 'NONE', #1571, #2494, #3429, .T. ) ;
#369 = ORIENTED_EDGE ( 'NONE', *, *, #3872, .F. ) ;
#370 = LINE ( 'NONE', #1081, #2866 ) ;
#371 = ORIENTED_EDGE ( 'NONE', *, *, #853, .F. ) ;
#372 = EDGE_CURVE ( 'NONE', #4003, #407, #3982, .T. ) ;
#373 = CARTESIAN_POINT ( 'NONE',  ( 38837.82253144370043, 38846.65962737023801, 11228.32068553693898 ) ) ;
#374 = DIRECTION ( 'NONE',  ( -1.000000000000000000, -2.004097570511394199E-12, 0.000000000000000000 ) ) ;
#375 = LINE ( 'NONE', #2985, #1637 ) ;
#376 = LINE ( 'NONE', #3938, #3827 ) ;
#377 = EDGE_LOOP ( 'NONE', ( #2842, #2709, #1268, #1885 ) ) ;
#378 = DIRECTION ( 'NONE',  ( -0.000000000000000000, -0.000000000000000000, -1.000000000000000000 ) ) ;
#379 = CARTESIAN_POINT ( 'NONE',  ( 38806.68765730013547, 38807.13141165493289, 11232.32068553693898 ) ) ;
#380 = DIRECTION ( 'NONE',  ( -1.000000000000000000, 0.000000000000000000, 0.000000000000000000 ) ) ;
#381 = CARTESIAN_POINT ( 'NONE',  ( 38802.18320507502358, 38779.37249762124702, 11228.32068553693898 ) ) ;
#382 = VERTEX_POINT ( 'NONE', #3265 ) ;
#383 = DIRECTION ( 'NONE',  ( 0.000000000000000000, 0.000000000000000000, -1.000000000000000000 ) ) ;
#384 = ORIENTED_EDGE ( 'NONE', *, *, #3167, .F. ) ;
#385 = ORIENTED_EDGE ( 'NONE', *, *, #1457, .F. ) ;
#386 = ADVANCED_FACE ( 'NONE', ( #1280 ), #2601, .T. ) ;
#387 = DIRECTION ( 'NONE',  ( 0.000000000000000000, 0.000000000000000000, -1.000000000000000000 ) ) ;
#388 = DIRECTION ( 'NONE',  ( -1.000000000000000000, 0.000000000000000000, 0.000000000000000000 ) ) ;
#389 = ORIENTED_EDGE ( 'NONE', *, *, #3068, .F. ) ;
#390 = CARTESIAN_POINT ( 'NONE',  ( 38832.76196662995790, 38788.52622601286566, 11228.32068553693898 ) ) ;
#391 = EDGE_CURVE ( 'NONE', #1848, #1507, #2882, .T. ) ;
#392 = FACE_OUTER_BOUND ( 'NONE', #2319, .T. ) ;
#393 = DIRECTION ( 'NONE',  ( -1.000000000000000000, 0.000000000000000000, -0.000000000000000000 ) ) ;
#394 = ORIENTED_EDGE ( 'NONE', *, *, #2831, .F. ) ;
#395 = VECTOR ( 'NONE', #3845, 1000.000000000000000 ) ;
#396 = FACE_OUTER_BOUND ( 'NONE', #2977, .T. ) ;
#397 = DIRECTION ( 'NONE',  ( 0.000000000000000000, -0.000000000000000000, -1.000000000000000000 ) ) ;
#398 = CIRCLE ( 'NONE', #2860, 3.000000000000113687 ) ;
#399 = CARTESIAN_POINT ( 'NONE',  ( 38802.66162802506005, 38780.48322234272928, 11228.32068553693898 ) ) ;
#400 = CIRCLE ( 'NONE', #3277, 1.006105236832866012 ) ;
#401 = CIRCLE ( 'NONE', #1483, 1.006105236832866012 ) ;
#402 = DIRECTION ( 'NONE',  ( -0.000000000000000000, 0.000000000000000000, -1.000000000000000000 ) ) ;
#403 = AXIS2_PLACEMENT_3D ( 'NONE', #1335, #1658, #431 ) ;
#404 = EDGE_LOOP ( 'NONE', ( #2646, #833, #3526, #1868 ) ) ;
#405 = AXIS2_PLACEMENT_3D ( 'NONE', #3634, #91, #1744 ) ;
#406 = DIRECTION ( 'NONE',  ( -1.000000000000000000, 0.000000000000000000, 0.000000000000000000 ) ) ;
#407 = VERTEX_POINT ( 'NONE', #1536 ) ;
#408 = CIRCLE ( 'NONE', #2320, 38.99994794847572166 ) ;
#409 = AXIS2_PLACEMENT_3D ( 'NONE', #591, #1789, #4184 ) ;
#410 = ORIENTED_EDGE ( 'NONE', *, *, #3836, .F. ) ;
#411 = CARTESIAN_POINT ( 'NONE',  ( 38807.47350322888087, 38784.49017004758207, 11220.32068553694080 ) ) ;
#412 = VECTOR ( 'NONE', #1242, 1000.000000000000000 ) ;
#413 = DIRECTION ( 'NONE',  ( 0.000000000000000000, 0.000000000000000000, 1.000000000000000000 ) ) ;
#414 = VERTEX_POINT ( 'NONE', #2272 ) ;
#415 = AXIS2_PLACEMENT_3D ( 'NONE', #2572, #1214, #2901 ) ;
#416 = CYLINDRICAL_SURFACE ( 'NONE', #3285, 1.006105236832866012 ) ;
#417 = CARTESIAN_POINT ( 'NONE',  ( 38815.88593523276359, 38815.88593523273448, 11220.32068553694080 ) ) ;
#418 = CYLINDRICAL_SURFACE ( 'NONE', #3087, 1.006105236832866012 ) ;
#419 = ORIENTED_EDGE ( 'NONE', *, *, #516, .T. ) ;
#420 = EDGE_CURVE ( 'NONE', #3597, #3603, #1920, .T. ) ;
#421 = CARTESIAN_POINT ( 'NONE',  ( 38808.47285555257258, 38784.60654307159712, 11220.32068553694080 ) ) ;
#422 = LINE ( 'NONE', #3078, #1357 ) ;
#423 = DIRECTION ( 'NONE',  ( 1.000000000000000000, 0.000000000000000000, 0.000000000000000000 ) ) ;
#424 = ADVANCED_FACE ( 'NONE', ( #3869 ), #4196, .F. ) ;
#425 = ADVANCED_FACE ( 'NONE', ( #1939 ), #3247, .T. ) ;
#426 = DIRECTION ( 'NONE',  ( -0.000000000000000000, -0.000000000000000000, -1.000000000000000000 ) ) ;
#427 = VERTEX_POINT ( 'NONE', #309 ) ;
#428 = CARTESIAN_POINT ( 'NONE',  ( 38785.76230400920758, 38791.11573576056253, 11228.32068553693898 ) ) ;
#429 = VERTEX_POINT ( 'NONE', #1580 ) ;
#430 = ORIENTED_EDGE ( 'NONE', *, *, #3506, .F. ) ;
#431 = DIRECTION ( 'NONE',  ( 1.000000000000000000, 0.000000000000000000, 0.000000000000000000 ) ) ;
#432 = DIRECTION ( 'NONE',  ( -1.000000000000000000, 0.000000000000000000, 0.000000000000000000 ) ) ;
#433 = ORIENTED_EDGE ( 'NONE', *, *, #3362, .F. ) ;
#434 = CARTESIAN_POINT ( 'NONE',  ( 38815.88589860172942, 38848.38921327941353, 11228.32068553693898 ) ) ;
#435 = DIRECTION ( 'NONE',  ( -0.000000000000000000, -0.000000000000000000, -1.000000000000000000 ) ) ;
#436 = CARTESIAN_POINT ( 'NONE',  ( 38837.82253144370043, 38846.65962737023801, 11220.32068553694080 ) ) ;
#437 = ORIENTED_EDGE ( 'NONE', *, *, #3142, .F. ) ;
#438 = DIRECTION ( 'NONE',  ( -0.000000000000000000, -0.000000000000000000, 1.000000000000000000 ) ) ;
#439 = DIRECTION ( 'NONE',  ( 1.000000000000000000, 0.000000000000000000, 0.000000000000000000 ) ) ;
#440 = LINE ( 'NONE', #1454, #944 ) ;
#441 = EDGE_CURVE ( 'NONE', #1142, #926, #4234, .T. ) ;
#442 = DIRECTION ( 'NONE',  ( -0.000000000000000000, 0.000000000000000000, 1.000000000000000000 ) ) ;
#443 = CIRCLE ( 'NONE', #3732, 38.99994794847572166 ) ;
#444 = DIRECTION ( 'NONE',  ( 0.000000000000000000, 0.000000000000000000, -1.000000000000000000 ) ) ;
#445 = ORIENTED_EDGE ( 'NONE', *, *, #25, .T. ) ;
#446 = EDGE_CURVE ( 'NONE', #763, #3514, #1632, .T. ) ;
#447 = DIRECTION ( 'NONE',  ( -0.000000000000000000, -0.000000000000000000, -1.000000000000000000 ) ) ;
#448 = ORIENTED_EDGE ( 'NONE', *, *, #3515, .F. ) ;
#449 = ADVANCED_FACE ( 'NONE', ( #2919 ), #3181, .T. ) ;
#450 = FACE_OUTER_BOUND ( 'NONE', #4042, .T. ) ;
#451 = DIRECTION ( 'NONE',  ( 0.000000000000000000, 0.000000000000000000, -1.000000000000000000 ) ) ;
#452 = VERTEX_POINT ( 'NONE', #3852 ) ;
#453 = CARTESIAN_POINT ( 'NONE',  ( 38844.03458141195006, 38832.13760597947839, 11220.32068553694080 ) ) ;
#454 = DIRECTION ( 'NONE',  ( -0.000000000000000000, -0.000000000000000000, 1.000000000000000000 ) ) ;
#455 = CARTESIAN_POINT ( 'NONE',  ( 38815.88593523276359, 38815.88593523273448, 11228.32068553693898 ) ) ;
#456 = ORIENTED_EDGE ( 'NONE', *, *, #729, .T. ) ;
#457 = DIRECTION ( 'NONE',  ( -0.000000000000000000, -0.000000000000000000, 1.000000000000000000 ) ) ;
#458 = DIRECTION ( 'NONE',  ( -0.000000000000000000, -0.000000000000000000, -1.000000000000000000 ) ) ;
#459 = DIRECTION ( 'NONE',  ( 0.000000000000000000, 0.000000000000000000, -1.000000000000000000 ) ) ;
#460 = AXIS2_PLACEMENT_3D ( 'NONE', #3057, #2129, #3039 ) ;
#461 = CARTESIAN_POINT ( 'NONE',  ( 38844.18086174773634, 38800.62974770676374, 11228.32068553693898 ) ) ;
#462 = EDGE_CURVE ( 'NONE', #298, #1057, #898, .T. ) ;
#463 = AXIS2_PLACEMENT_3D ( 'NONE', #2176, #832, #3108 ) ;
#464 = DIRECTION ( 'NONE',  ( -0.000000000000000000, -0.000000000000000000, 1.000000000000000000 ) ) ;
#465 = VERTEX_POINT ( 'NONE', #265 ) ;
#466 = DIRECTION ( 'NONE',  ( 0.000000000000000000, -0.000000000000000000, -1.000000000000000000 ) ) ;
#467 = CIRCLE ( 'NONE', #118, 29.35410264609947717 ) ;
#468 = EDGE_CURVE ( 'NONE', #3308, #1917, #1236, .T. ) ;
#469 = CIRCLE ( 'NONE', #3206, 29.35410264610283093 ) ;
#470 = ORIENTED_EDGE ( 'NONE', *, *, #3380, .T. ) ;
#471 = VECTOR ( 'NONE', #2907, 1000.000000000000000 ) ;
#472 = CARTESIAN_POINT ( 'NONE',  ( 38845.88593523276359, 38815.88593523273448, 11228.32068553693898 ) ) ;
#473 = CARTESIAN_POINT ( 'NONE',  ( 38846.27559518108319, 38807.47350322885904, 11228.32068553693898 ) ) ;
#474 = EDGE_LOOP ( 'NONE', ( #3278, #3495, #3420, #1915 ) ) ;
#475 = CIRCLE ( 'NONE', #3003, 38.99994794847572166 ) ;
#476 = ADVANCED_FACE ( 'NONE', ( #1087 ), #3719, .T. ) ;
#477 = CIRCLE ( 'NONE', #1893, 36.00013749699115806 ) ;
#478 = EDGE_CURVE ( 'NONE', #3867, #3839, #2329, .T. ) ;
#479 = AXIS2_PLACEMENT_3D ( 'NONE', #3472, #2462, #2763 ) ;
#480 = FACE_OUTER_BOUND ( 'NONE', #2762, .T. ) ;
#481 = CARTESIAN_POINT ( 'NONE',  ( 38779.67931206353387, 38796.02211484508007, 11228.32068553693898 ) ) ;
#482 = LINE ( 'NONE', #709, #1880 ) ;
#483 = ORIENTED_EDGE ( 'NONE', *, *, #157, .T. ) ;
#484 = CARTESIAN_POINT ( 'NONE',  ( 38832.13760597951477, 38787.73728905355529, 11220.32068553694080 ) ) ;
#485 = CARTESIAN_POINT ( 'NONE',  ( 38802.18320507502358, 38779.37249762124702, 11228.32068553693898 ) ) ;
#486 = AXIS2_PLACEMENT_3D ( 'NONE', #2420, #2162, #860 ) ;
#487 = DIRECTION ( 'NONE',  ( -0.7071067811865475727, 0.7071067811865475727, 0.000000000000000000 ) ) ;
#488 = CARTESIAN_POINT ( 'NONE',  ( 38815.88593523276359, 38815.88593523273448, 11228.32068553693898 ) ) ;
#489 = AXIS2_PLACEMENT_3D ( 'NONE', #2750, #2437, #1449 ) ;
#490 = DIRECTION ( 'NONE',  ( -0.000000000000000000, -0.000000000000000000, -1.000000000000000000 ) ) ;
#491 = EDGE_LOOP ( 'NONE', ( #3930, #1183, #1639, #856 ) ) ;
#492 = CARTESIAN_POINT ( 'NONE',  ( 38784.49018900922965, 38807.47343246312812, 11220.32068553694080 ) ) ;
#493 = ORIENTED_EDGE ( 'NONE', *, *, #677, .F. ) ;
#494 = LINE ( 'NONE', #3496, #1628 ) ;
#495 = LINE ( 'NONE', #2828, #2024 ) ;
#496 = EDGE_CURVE ( 'NONE', #2049, #1720, #2535, .T. ) ;
#497 = ORIENTED_EDGE ( 'NONE', *, *, #3916, .T. ) ;
#498 = DIRECTION ( 'NONE',  ( 0.000000000000000000, 0.000000000000000000, -1.000000000000000000 ) ) ;
#499 = DIRECTION ( 'NONE',  ( -0.000000000000000000, 0.000000000000000000, -1.000000000000000000 ) ) ;
#500 = DIRECTION ( 'NONE',  ( -1.000000000000000000, 0.000000000000000000, 0.000000000000000000 ) ) ;
#501 = EDGE_CURVE ( 'NONE', #3034, #382, #2883, .T. ) ;
#502 = ORIENTED_EDGE ( 'NONE', *, *, #3836, .T. ) ;
#503 = CARTESIAN_POINT ( 'NONE',  ( 38832.76196662995790, 38788.52622601286566, 11228.32068553693898 ) ) ;
#504 = CYLINDRICAL_SURFACE ( 'NONE', #1019, 36.00013749699115806 ) ;
#505 = DIRECTION ( 'NONE',  ( -0.000000000000000000, -0.000000000000000000, 1.000000000000000000 ) ) ;
#506 = ORIENTED_EDGE ( 'NONE', *, *, #2118, .T. ) ;
#507 = DIRECTION ( 'NONE',  ( -0.000000000000000000, 0.000000000000000000, -1.000000000000000000 ) ) ;
#508 = CARTESIAN_POINT ( 'NONE',  ( 38819.49673875523877, 38853.50503249752364, 11228.32068553693898 ) ) ;
#509 = ORIENTED_EDGE ( 'NONE', *, *, #2830, .T. ) ;
#510 = CARTESIAN_POINT ( 'NONE',  ( 38791.11573576059163, 38846.00956645628321, 11228.32068553693898 ) ) ;
#511 = VERTEX_POINT ( 'NONE', #2644 ) ;
#512 = CARTESIAN_POINT ( 'NONE',  ( 38815.88593523276359, 38815.88593523273448, 11228.32068553693898 ) ) ;
#513 = FACE_OUTER_BOUND ( 'NONE', #3819, .T. ) ;
#514 = CIRCLE ( 'NONE', #1867, 1.006105236832866012 ) ;
#515 = ORIENTED_EDGE ( 'NONE', *, *, #1655, .F. ) ;
#516 = EDGE_CURVE ( 'NONE', #643, #1749, #1363, .T. ) ;
#517 = ORIENTED_EDGE ( 'NONE', *, *, #1734, .F. ) ;
#518 = CARTESIAN_POINT ( 'NONE',  ( 38815.88593523276359, 38815.88593523273448, 11228.32068553693898 ) ) ;
#519 = DIRECTION ( 'NONE',  ( -0.000000000000000000, -0.000000000000000000, -1.000000000000000000 ) ) ;
#520 = ORIENTED_EDGE ( 'NONE', *, *, #526, .F. ) ;
#521 = EDGE_CURVE ( 'NONE', #1217, #213, #1090, .T. ) ;
#522 = CARTESIAN_POINT ( 'NONE',  ( 38792.50372684638569, 38837.94554663663439, 11220.32068553694080 ) ) ;
#523 = CARTESIAN_POINT ( 'NONE',  ( 38785.76225941007579, 38840.65608046673879, 11228.32068553693898 ) ) ;
#524 = ORIENTED_EDGE ( 'NONE', *, *, #853, .T. ) ;
#525 = VERTEX_POINT ( 'NONE', #2378 ) ;
#526 = EDGE_CURVE ( 'NONE', #1316, #228, #1293, .T. ) ;
#527 = DIRECTION ( 'NONE',  ( -0.000000000000000000, -0.000000000000000000, 1.000000000000000000 ) ) ;
#528 = ORIENTED_EDGE ( 'NONE', *, *, #3326, .T. ) ;
#529 = CARTESIAN_POINT ( 'NONE',  ( 38831.13143729586591, 38844.03461804294784, 11220.32068553694080 ) ) ;
#530 = AXIS2_PLACEMENT_3D ( 'NONE', #1495, #3132, #3805 ) ;
#531 = ORIENTED_EDGE ( 'NONE', *, *, #1107, .T. ) ;
#532 = CARTESIAN_POINT ( 'NONE',  ( 38808.47285555257258, 38784.60654307159712, 11228.32068553693898 ) ) ;
#533 = CIRCLE ( 'NONE', #3274, 38.99994794847572166 ) ;
#534 = CARTESIAN_POINT ( 'NONE',  ( 38778.61413290328346, 38809.63716477705748, 11228.32068553693898 ) ) ;
#535 = VERTEX_POINT ( 'NONE', #3292 ) ;
#536 = AXIS2_PLACEMENT_3D ( 'NONE', #1282, #1990, #50 ) ;
#537 = AXIS2_PLACEMENT_3D ( 'NONE', #1430, #1404, #108 ) ;
#538 = CIRCLE ( 'NONE', #1689, 29.35410264610283093 ) ;
#539 = EDGE_LOOP ( 'NONE', ( #3783, #3585, #676, #1301 ) ) ;
#540 = CARTESIAN_POINT ( 'NONE',  ( 38784.16323121890309, 38793.19968410936417, 11220.32068553694080 ) ) ;
#541 = VECTOR ( 'NONE', #1198, 1000.000000000000000 ) ;
#542 = CARTESIAN_POINT ( 'NONE',  ( 38806.68765730013547, 38807.13141165493289, 11238.32068553693898 ) ) ;
#543 = ORIENTED_EDGE ( 'NONE', *, *, #1037, .F. ) ;
#544 = CIRCLE ( 'NONE', #2799, 1.006105236833839900 ) ;
#545 = DIRECTION ( 'NONE',  ( -1.000000000000000000, 0.000000000000000000, 0.000000000000000000 ) ) ;
#546 = CARTESIAN_POINT ( 'NONE',  ( 38815.88593523276359, 38815.88593523273448, 11220.32068553694080 ) ) ;
#547 = VERTEX_POINT ( 'NONE', #2669 ) ;
#548 = CIRCLE ( 'NONE', #3909, 1.006105236833839900 ) ;
#549 = ORIENTED_EDGE ( 'NONE', *, *, #3531, .T. ) ;
#550 = EDGE_CURVE ( 'NONE', #2802, #3435, #3570, .T. ) ;
#551 = CYLINDRICAL_SURFACE ( 'NONE', #3115, 1.006105236832866012 ) ;
#552 = EDGE_LOOP ( 'NONE', ( #4021, #287, #4126, #1295 ) ) ;
#553 = EDGE_CURVE ( 'NONE', #4052, #1246, #693, .T. ) ;
#554 = CARTESIAN_POINT ( 'NONE',  ( 38816.82115252786025, 38783.75371630956943, 11228.32068553693898 ) ) ;
#555 = EDGE_CURVE ( 'NONE', #2010, #226, #4190, .T. ) ;
#556 = AXIS2_PLACEMENT_3D ( 'NONE', #455, #2139, #2816 ) ;
#557 = EDGE_LOOP ( 'NONE', ( #1784, #3746, #1187, #238 ) ) ;
#558 = DIRECTION ( 'NONE',  ( 0.000000000000000000, 0.000000000000000000, -1.000000000000000000 ) ) ;
#559 = CARTESIAN_POINT ( 'NONE',  ( 38847.16530843228247, 38823.29908567864913, 11228.32068553693898 ) ) ;
#560 = ORIENTED_EDGE ( 'NONE', *, *, #1925, .F. ) ;
#561 = ORIENTED_EDGE ( 'NONE', *, *, #2140, .F. ) ;
#562 = DIRECTION ( 'NONE',  ( -1.000000000000000000, 0.000000000000000000, 0.000000000000000000 ) ) ;
#563 = ORIENTED_EDGE ( 'NONE', *, *, #3882, .T. ) ;
#564 = DIRECTION ( 'NONE',  ( -0.000000000000000000, -0.000000000000000000, 1.000000000000000000 ) ) ;
#565 = CARTESIAN_POINT ( 'NONE',  ( 38815.88593523276359, 38815.88593523273448, 11228.32068553693898 ) ) ;
#566 = ORIENTED_EDGE ( 'NONE', *, *, #2964, .F. ) ;
#567 = EDGE_CURVE ( 'NONE', #163, #3238, #732, .T. ) ;
#568 = DIRECTION ( 'NONE',  ( -0.000000000000000000, -0.000000000000000000, -1.000000000000000000 ) ) ;
#569 = ORIENTED_EDGE ( 'NONE', *, *, #904, .T. ) ;
#570 = DIRECTION ( 'NONE',  ( 1.000000000000000000, 0.000000000000000000, 0.000000000000000000 ) ) ;
#571 = EDGE_CURVE ( 'NONE', #2396, #1552, #1225, .T. ) ;
#572 = DIRECTION ( 'NONE',  ( -1.000000000000000000, 0.000000000000000000, 0.000000000000000000 ) ) ;
#573 = ORIENTED_EDGE ( 'NONE', *, *, #2374, .T. ) ;
#574 = CARTESIAN_POINT ( 'NONE',  ( 38844.44387598901812, 38786.05415785568039, 11228.32068553693898 ) ) ;
#575 = LINE ( 'NONE', #216, #1753 ) ;
#576 = EDGE_LOOP ( 'NONE', ( #1022, #4197, #2597, #1945 ) ) ;
#577 = CIRCLE ( 'NONE', #1320, 29.35410264610073483 ) ;
#578 = ADVANCED_FACE ( 'NONE', ( #93 ), #418, .F. ) ;
#579 = VERTEX_POINT ( 'NONE', #3636 ) ;
#580 = CARTESIAN_POINT ( 'NONE',  ( 38822.27574162069504, 38777.41300560281525, 11228.32068553693898 ) ) ;
#581 = ORIENTED_EDGE ( 'NONE', *, *, #1943, .T. ) ;
#582 = VECTOR ( 'NONE', #1156, 1000.000000000000000 ) ;
#583 = FACE_OUTER_BOUND ( 'NONE', #4236, .T. ) ;
#584 = CARTESIAN_POINT ( 'NONE',  ( 38785.11224309525278, 38837.82253144367132, 11228.32068553693898 ) ) ;
#585 = ORIENTED_EDGE ( 'NONE', *, *, #1451, .F. ) ;
#586 = VERTEX_POINT ( 'NONE', #3702 ) ;
#587 = DIRECTION ( 'NONE',  ( 0.000000000000000000, 0.000000000000000000, -1.000000000000000000 ) ) ;
#588 = FACE_OUTER_BOUND ( 'NONE', #812, .T. ) ;
#589 = CARTESIAN_POINT ( 'NONE',  ( 38815.88593523276359, 38815.88593523273448, 11238.32068553693898 ) ) ;
#590 = EDGE_CURVE ( 'NONE', #3323, #2352, #2466, .T. ) ;
#591 = CARTESIAN_POINT ( 'NONE',  ( 38815.88593523276359, 38815.88593523273448, 11228.32068553693898 ) ) ;
#592 = ORIENTED_EDGE ( 'NONE', *, *, #3305, .T. ) ;
#593 = CARTESIAN_POINT ( 'NONE',  ( 38819.49673875523877, 38853.50503249752364, 11228.32068553693898 ) ) ;
#594 = DIRECTION ( 'NONE',  ( -0.000000000000000000, -0.000000000000000000, -1.000000000000000000 ) ) ;
#595 = ORIENTED_EDGE ( 'NONE', *, *, #3515, .T. ) ;
#596 = AXIS2_PLACEMENT_3D ( 'NONE', #2052, #1767, #724 ) ;
#597 = ADVANCED_FACE ( 'NONE', ( #1989, #3032 ), #4049, .T. ) ;
#598 = ORIENTED_EDGE ( 'NONE', *, *, #3148, .F. ) ;
#599 = AXIS2_PLACEMENT_3D ( 'NONE', #687, #2636, #1248 ) ;
#600 = CARTESIAN_POINT ( 'NONE',  ( 38815.88593523276359, 38815.88593523273448, 11232.32068553693898 ) ) ;
#601 = EDGE_CURVE ( 'NONE', #4231, #4193, #3499, .T. ) ;
#602 = ORIENTED_EDGE ( 'NONE', *, *, #3434, .F. ) ;
#603 = EDGE_CURVE ( 'NONE', #1382, #42, #375, .T. ) ;
#604 = AXIS2_PLACEMENT_3D ( 'NONE', #518, #3112, #1465 ) ;
#605 = ADVANCED_FACE ( 'NONE', ( #4149 ), #817, .T. ) ;
#606 = AXIS2_PLACEMENT_3D ( 'NONE', #1272, #3196, #691 ) ;
#607 = DIRECTION ( 'NONE',  ( -0.8660254037867567423, 0.4999999999959848784, 0.000000000000000000 ) ) ;
#608 = CYLINDRICAL_SURFACE ( 'NONE', #3016, 1.006105236832866012 ) ;
#609 = AXIS2_PLACEMENT_3D ( 'NONE', #56, #3055, #3338 ) ;
#610 = VERTEX_POINT ( 'NONE', #221 ) ;
#611 = ORIENTED_EDGE ( 'NONE', *, *, #702, .F. ) ;
#612 = PRESENTATION_LAYER_ASSIGNMENT (  '', '', ( #3553 ) ) ;
#613 = VECTOR ( 'NONE', #1228, 1000.000000000000000 ) ;
#614 = CIRCLE ( 'NONE', #3011, 38.99994794847572166 ) ;
#615 = CARTESIAN_POINT ( 'NONE',  ( 38845.03987766709179, 38839.93343035451107, 11297.12068858869679 ) ) ;
#616 = ORIENTED_EDGE ( 'NONE', *, *, #682, .T. ) ;
#617 = LINE ( 'NONE', #299, #471 ) ;
#618 = AXIS2_PLACEMENT_3D ( 'NONE', #2291, #2221, #1875 ) ;
#619 = CARTESIAN_POINT ( 'NONE',  ( 38804.32982856231683, 38776.23814436951943, 11228.32068553693898 ) ) ;
#620 = ORIENTED_EDGE ( 'NONE', *, *, #3876, .T. ) ;
#621 = CARTESIAN_POINT ( 'NONE',  ( 38846.68122329933976, 38825.10571598997922, 11220.32068553694080 ) ) ;
#622 = DIRECTION ( 'NONE',  ( 0.000000000000000000, 0.000000000000000000, -1.000000000000000000 ) ) ;
#623 = ORIENTED_EDGE ( 'NONE', *, *, #3171, .T. ) ;
#624 = CIRCLE ( 'NONE', #283, 1.006105236832866012 ) ;
#625 = VERTEX_POINT ( 'NONE', #3395 ) ;
#626 = EDGE_CURVE ( 'NONE', #3603, #3334, #356, .T. ) ;
#627 = DIRECTION ( 'NONE',  ( -1.000000000000000000, 0.000000000000000000, 0.000000000000000000 ) ) ;
#628 = ORIENTED_EDGE ( 'NONE', *, *, #2229, .F. ) ;
#629 = EDGE_CURVE ( 'NONE', #1157, #2189, #954, .T. ) ;
#630 = DIRECTION ( 'NONE',  ( -0.000000000000000000, -0.000000000000000000, 1.000000000000000000 ) ) ;
#631 = DIRECTION ( 'NONE',  ( -0.000000000000000000, -0.000000000000000000, 1.000000000000000000 ) ) ;
#632 = DIRECTION ( 'NONE',  ( -0.000000000000000000, -0.000000000000000000, 1.000000000000000000 ) ) ;
#633 = ORIENTED_EDGE ( 'NONE', *, *, #211, .F. ) ;
#634 = ORIENTED_EDGE ( 'NONE', *, *, #2105, .F. ) ;
#635 = SURFACE_STYLE_USAGE ( .BOTH. , #1602 ) ;
#636 = DIRECTION ( 'NONE',  ( -1.000000000000000000, 0.000000000000000000, 0.000000000000000000 ) ) ;
#637 = DIRECTION ( 'NONE',  ( -0.000000000000000000, -0.000000000000000000, 1.000000000000000000 ) ) ;
#638 = DIRECTION ( 'NONE',  ( -0.000000000000000000, 0.000000000000000000, 1.000000000000000000 ) ) ;
#639 = VERTEX_POINT ( 'NONE', #1168 ) ;
#640 = CARTESIAN_POINT ( 'NONE',  ( 38796.88628386162600, 38827.93845562371280, 11238.32068553693898 ) ) ;
#641 = LINE ( 'NONE', #3583, #55 ) ;
#642 = ORIENTED_EDGE ( 'NONE', *, *, #807, .T. ) ;
#643 = VERTEX_POINT ( 'NONE', #837 ) ;
#644 = CARTESIAN_POINT ( 'NONE',  ( 38787.32799447651632, 38845.71771260978858, 11228.32068553693898 ) ) ;
#645 = ORIENTED_EDGE ( 'NONE', *, *, #4086, .T. ) ;
#646 = EDGE_CURVE ( 'NONE', #763, #610, #4084, .T. ) ;
#647 = FACE_OUTER_BOUND ( 'NONE', #3360, .T. ) ;
#648 = DIRECTION ( 'NONE',  ( -1.000000000000000000, 0.000000000000000000, 0.000000000000000000 ) ) ;
#649 = DIRECTION ( 'NONE',  ( -1.000000000000000000, 0.000000000000000000, 0.000000000000000000 ) ) ;
#650 = EDGE_LOOP ( 'NONE', ( #3480, #1603, #3569, #4090 ) ) ;
#651 = ORIENTED_EDGE ( 'NONE', *, *, #3275, .F. ) ;
#652 = EDGE_CURVE ( 'NONE', #465, #2189, #855, .T. ) ;
#653 = ORIENTED_EDGE ( 'NONE', *, *, #1970, .T. ) ;
#654 = DIRECTION ( 'NONE',  ( -1.000000000000000000, 0.000000000000000000, 0.000000000000000000 ) ) ;
#655 = ADVANCED_FACE ( 'NONE', ( #3094 ), #2416, .T. ) ;
#656 = DIRECTION ( 'NONE',  ( -0.000000000000000000, -0.000000000000000000, 1.000000000000000000 ) ) ;
#657 = ORIENTED_EDGE ( 'NONE', *, *, #1299, .F. ) ;
#658 = CARTESIAN_POINT ( 'NONE',  ( 38784.60656203323742, 38808.47278478681983, 11228.32068553693898 ) ) ;
#659 = CYLINDRICAL_SURFACE ( 'NONE', #1067, 1.006105236832866012 ) ;
#660 = ORIENTED_EDGE ( 'NONE', *, *, #1785, .T. ) ;
#661 = ORIENTED_EDGE ( 'NONE', *, *, #501, .T. ) ;
#662 = DIRECTION ( 'NONE',  ( -1.000000000000000000, 0.000000000000000000, 0.000000000000000000 ) ) ;
#663 = CIRCLE ( 'NONE', #3613, 36.00013749699115806 ) ;
#664 = ORIENTED_EDGE ( 'NONE', *, *, #2065, .T. ) ;
#665 = AXIS2_PLACEMENT_3D ( 'NONE', #788, #1723, #2351 ) ;
#666 = LINE ( 'NONE', #962, #13 ) ;
#667 = CARTESIAN_POINT ( 'NONE',  ( 38824.29836723665358, 38847.28170041788690, 11220.32068553694080 ) ) ;
#668 = CARTESIAN_POINT ( 'NONE',  ( 38815.88593523276359, 38815.88593523273448, 11228.32068553693898 ) ) ;
#669 = ORIENTED_EDGE ( 'NONE', *, *, #858, .F. ) ;
#670 = AXIS2_PLACEMENT_3D ( 'NONE', #3042, #1015, #1396 ) ;
#671 = EDGE_LOOP ( 'NONE', ( #3026, #3249, #410, #3881 ) ) ;
#672 = VECTOR ( 'NONE', #2920, 1000.000000000000000 ) ;
#673 = AXIS2_PLACEMENT_3D ( 'NONE', #2726, #1086, #2073 ) ;
#674 = CIRCLE ( 'NONE', #1551, 36.00013749699115806 ) ;
#675 = DIRECTION ( 'NONE',  ( -1.000000000000000000, 0.000000000000000000, 0.000000000000000000 ) ) ;
#676 = ORIENTED_EDGE ( 'NONE', *, *, #3018, .F. ) ;
#677 = EDGE_CURVE ( 'NONE', #1385, #749, #2393, .T. ) ;
#678 = CIRCLE ( 'NONE', #1690, 29.35410264609947717 ) ;
#679 = CARTESIAN_POINT ( 'NONE',  ( 38780.58005057622358, 38837.30988048871222, 11297.12068858869679 ) ) ;
#680 = CIRCLE ( 'NONE', #2670, 36.00013749698689480 ) ;
#681 = AXIS2_PLACEMENT_3D ( 'NONE', #1292, #3601, #1572 ) ;
#682 = EDGE_CURVE ( 'NONE', #1764, #1552, #1124, .T. ) ;
#683 = FACE_OUTER_BOUND ( 'NONE', #1151, .T. ) ;
#684 = ORIENTED_EDGE ( 'NONE', *, *, #3859, .T. ) ;
#685 = EDGE_CURVE ( 'NONE', #1600, #1907, #624, .T. ) ;
#686 = CARTESIAN_POINT ( 'NONE',  ( 38812.10041745021590, 38854.70172834715777, 11220.32068553694080 ) ) ;
#687 = CARTESIAN_POINT ( 'NONE',  ( 38824.29843800236995, 38784.49018900920782, 11220.32068553694080 ) ) ;
#688 = ORIENTED_EDGE ( 'NONE', *, *, #3941, .F. ) ;
#689 = AXIS2_PLACEMENT_3D ( 'NONE', #1309, #1972, #1649 ) ;
#690 = ORIENTED_EDGE ( 'NONE', *, *, #501, .F. ) ;
#691 = DIRECTION ( 'NONE',  ( 0.000000000000000000, 1.000000000000000000, 0.000000000000000000 ) ) ;
#692 = ORIENTED_EDGE ( 'NONE', *, *, #102, .F. ) ;
#693 = CIRCLE ( 'NONE', #4059, 1.006105236832866012 ) ;
#694 = CARTESIAN_POINT ( 'NONE',  ( 38831.14218620555039, 38787.59104534879589, 11220.32068553694080 ) ) ;
#695 = CARTESIAN_POINT ( 'NONE',  ( 38847.60868009357364, 38793.19974122668646, 11220.32068553694080 ) ) ;
#696 = DIRECTION ( 'NONE',  ( -0.000000000000000000, 0.000000000000000000, 1.000000000000000000 ) ) ;
#697 = CARTESIAN_POINT ( 'NONE',  ( 38814.98519672006660, 38774.59816958910233, 11228.32068553693898 ) ) ;
#698 = ORIENTED_EDGE ( 'NONE', *, *, #3228, .T. ) ;
#699 = DIRECTION ( 'NONE',  ( 0.000000000000000000, -0.000000000000000000, -1.000000000000000000 ) ) ;
#700 = CARTESIAN_POINT ( 'NONE',  ( 38796.02211484510917, 38852.09255840196420, 11228.32068553693898 ) ) ;
#701 = DIRECTION ( 'NONE',  ( -0.000000000000000000, 0.000000000000000000, 1.000000000000000000 ) ) ;
#702 = EDGE_CURVE ( 'NONE', #1507, #4129, #3231, .T. ) ;
#703 = CARTESIAN_POINT ( 'NONE',  ( 38786.73199279843539, 38791.83844011095789, 11228.32068553693898 ) ) ;
#704 = LINE ( 'NONE', #764, #2310 ) ;
#705 = ORIENTED_EDGE ( 'NONE', *, *, #3993, .T. ) ;
#706 = EDGE_CURVE ( 'NONE', #3233, #3729, #3963, .T. ) ;
#707 = ORIENTED_EDGE ( 'NONE', *, *, #2348, .T. ) ;
#708 = CARTESIAN_POINT ( 'NONE',  ( 38840.65613470493554, 38785.76230400918575, 11228.32068553693898 ) ) ;
#709 = CARTESIAN_POINT ( 'NONE',  ( 38814.95057594475657, 38808.44449027880910, 11232.32068553693898 ) ) ;
#710 = ORIENTED_EDGE ( 'NONE', *, *, #1633, .T. ) ;
#711 = DIRECTION ( 'NONE',  ( 1.000000000000000000, 0.000000000000000000, 0.000000000000000000 ) ) ;
#712 = DIRECTION ( 'NONE',  ( -1.000000000000000000, 0.000000000000000000, 0.000000000000000000 ) ) ;
#713 = DIRECTION ( 'NONE',  ( -0.000000000000000000, -0.000000000000000000, -1.000000000000000000 ) ) ;
#714 = DIRECTION ( 'NONE',  ( -0.000000000000000000, -0.000000000000000000, -1.000000000000000000 ) ) ;
#715 = ORIENTED_EDGE ( 'NONE', *, *, #157, .F. ) ;
#716 = CARTESIAN_POINT ( 'NONE',  ( 38846.00961105545139, 38791.11578999873018, 11220.32068553694080 ) ) ;
#717 = CARTESIAN_POINT ( 'NONE',  ( 38794.44563340406603, 38805.78625912434654, 11232.32068553693898 ) ) ;
#718 = DIRECTION ( 'NONE',  ( 0.8660254037844756780, 0.4999999999999361067, 0.000000000000000000 ) ) ;
#719 = CARTESIAN_POINT ( 'NONE',  ( 38839.26809181504359, 38837.94559844073228, 11220.32068553694080 ) ) ;
#720 = DIRECTION ( 'NONE',  ( -1.000000000000000000, 0.000000000000000000, 0.000000000000000000 ) ) ;
#721 = ORIENTED_EDGE ( 'NONE', *, *, #3651, .T. ) ;
#722 = ORIENTED_EDGE ( 'NONE', *, *, #1457, .T. ) ;
#723 = DIRECTION ( 'NONE',  ( 0.000000000000000000, 0.000000000000000000, -1.000000000000000000 ) ) ;
#724 = DIRECTION ( 'NONE',  ( -0.7071067811846725171, 0.7071067811884226284, 0.000000000000000000 ) ) ;
#725 = EDGE_CURVE ( 'NONE', #1172, #3621, #3460, .T. ) ;
#726 = ORIENTED_EDGE ( 'NONE', *, *, #960, .F. ) ;
#727 = CARTESIAN_POINT ( 'NONE',  ( 38791.17423717839119, 38805.65841512297629, 11220.32068553694080 ) ) ;
#728 = AXIS2_PLACEMENT_3D ( 'NONE', #1503, #4200, #3490 ) ;
#729 = EDGE_CURVE ( 'NONE', #293, #2590, #2095, .T. ) ;
#730 = CARTESIAN_POINT ( 'NONE',  ( 38822.27574162069504, 38777.41300560281525, 11228.32068553693898 ) ) ;
#731 = EDGE_CURVE ( 'NONE', #3892, #298, #2164, .T. ) ;
#732 = LINE ( 'NONE', #3010, #1840 ) ;
#733 = ADVANCED_FACE ( 'NONE', ( #1747, #198 ), #792, .T. ) ;
#734 = ORIENTED_EDGE ( 'NONE', *, *, #521, .T. ) ;
#735 = AXIS2_PLACEMENT_3D ( 'NONE', #1120, #4128, #2783 ) ;
#736 = CARTESIAN_POINT ( 'NONE',  ( 38832.13760597951477, 38787.73728905355529, 11228.32068553693898 ) ) ;
#737 = CARTESIAN_POINT ( 'NONE',  ( 38815.88593523276359, 38815.88593523273448, 11228.32068553693898 ) ) ;
#738 = AXIS2_PLACEMENT_3D ( 'NONE', #1051, #117, #2363 ) ;
#739 = DIRECTION ( 'NONE',  ( 0.8660254037867567423, -0.4999999999959848784, 0.000000000000000000 ) ) ;
#740 = DIRECTION ( 'NONE',  ( -0.000000000000000000, -0.000000000000000000, 1.000000000000000000 ) ) ;
#741 = AXIS2_PLACEMENT_3D ( 'NONE', #512, #169, #4143 ) ;
#742 = AXIS2_PLACEMENT_3D ( 'NONE', #1650, #36, #1328 ) ;
#743 = DIRECTION ( 'NONE',  ( -0.000000000000000000, -0.000000000000000000, 1.000000000000000000 ) ) ;
#744 = VERTEX_POINT ( 'NONE', #2834 ) ;
#745 = CIRCLE ( 'NONE', #2596, 38.99994794847572166 ) ;
#746 = ORIENTED_EDGE ( 'NONE', *, *, #1112, .T. ) ;
#747 = DIRECTION ( 'NONE',  ( -0.000000000000000000, 0.000000000000000000, -1.000000000000000000 ) ) ;
#748 = DIRECTION ( 'NONE',  ( -0.000000000000000000, -0.000000000000000000, -1.000000000000000000 ) ) ;
#749 = VERTEX_POINT ( 'NONE', #542 ) ;
#750 = ADVANCED_FACE ( 'NONE', ( #1185 ), #2503, .T. ) ;
#751 = DIRECTION ( 'NONE',  ( -1.000000000000000000, 0.000000000000000000, 0.000000000000000000 ) ) ;
#752 = DIRECTION ( 'NONE',  ( 0.000000000000000000, -1.000000000000000000, 0.000000000000000000 ) ) ;
#753 = DIRECTION ( 'NONE',  ( 0.9659258262894445668, 0.2588190451011160298, 0.000000000000000000 ) ) ;
#754 = ORIENTED_EDGE ( 'NONE', *, *, #3482, .T. ) ;
#755 = EDGE_CURVE ( 'NONE', #2688, #1385, #482, .T. ) ;
#756 = FACE_OUTER_BOUND ( 'NONE', #103, .T. ) ;
#757 = CYLINDRICAL_SURFACE ( 'NONE', #4183, 1.006105236832866012 ) ;
#758 = DIRECTION ( 'NONE',  ( -0.000000000000000000, -0.000000000000000000, -1.000000000000000000 ) ) ;
#759 = CARTESIAN_POINT ( 'NONE',  ( 38815.88593523276359, 38815.88593523273448, 11228.32068553693898 ) ) ;
#760 = AXIS2_PLACEMENT_3D ( 'NONE', #1664, #2621, #3635 ) ;
#761 = EDGE_CURVE ( 'NONE', #827, #1246, #3980, .T. ) ;
#762 = CARTESIAN_POINT ( 'NONE',  ( 38847.28170041791600, 38807.47350322885904, 11228.32068553693898 ) ) ;
#763 = VERTEX_POINT ( 'NONE', #3671 ) ;
#764 = CARTESIAN_POINT ( 'NONE',  ( 38791.11578999875928, 38785.76225941004668, 11228.32068553693898 ) ) ;
#765 = ORIENTED_EDGE ( 'NONE', *, *, #2559, .F. ) ;
#766 = CARTESIAN_POINT ( 'NONE',  ( 38792.50377865048358, 38793.82627202473668, 11228.32068553693898 ) ) ;
#767 = DIRECTION ( 'NONE',  ( 0.000000000000000000, 0.000000000000000000, -1.000000000000000000 ) ) ;
#768 = ORIENTED_EDGE ( 'NONE', *, *, #755, .T. ) ;
#769 = DIRECTION ( 'NONE',  ( -0.8660254037867567423, -0.4999999999959848784, 0.000000000000000000 ) ) ;
#770 = LINE ( 'NONE', #3330, #1480 ) ;
#771 = CARTESIAN_POINT ( 'NONE',  ( 38838.86924945241481, 38792.90267281718843, 11228.32068553693898 ) ) ;
#772 = CARTESIAN_POINT ( 'NONE',  ( 0.000000000000000000, 0.000000000000000000, 0.000000000000000000 ) ) ;
#773 = ORIENTED_EDGE ( 'NONE', *, *, #685, .T. ) ;
#774 = EDGE_CURVE ( 'NONE', #166, #429, #3271, .T. ) ;
#775 = DIRECTION ( 'NONE',  ( -1.000000000000000000, 0.000000000000000000, 0.000000000000000000 ) ) ;
#776 = DIRECTION ( 'NONE',  ( -1.000000000000000000, 0.000000000000000000, 0.000000000000000000 ) ) ;
#777 = DIRECTION ( 'NONE',  ( -0.5000000000001085798, -0.8660254037843759800, 0.000000000000000000 ) ) ;
#778 = DIRECTION ( 'NONE',  ( -0.000000000000000000, -0.000000000000000000, -1.000000000000000000 ) ) ;
#779 = ADVANCED_FACE ( 'NONE', ( #1056 ), #105, .T. ) ;
#780 = VECTOR ( 'NONE', #2472, 1000.000000000000000 ) ;
#781 = DIRECTION ( 'NONE',  ( -1.000000000000000000, 0.000000000000000000, 0.000000000000000000 ) ) ;
#782 = ORIENTED_EDGE ( 'NONE', *, *, #1259, .T. ) ;
#783 = EDGE_CURVE ( 'NONE', #2001, #863, #2022, .T. ) ;
#784 = CYLINDRICAL_SURFACE ( 'NONE', #1410, 1.006105236832866012 ) ;
#785 = EDGE_CURVE ( 'NONE', #2205, #2808, #52, .T. ) ;
#786 = ORIENTED_EDGE ( 'NONE', *, *, #984, .F. ) ;
#787 = CARTESIAN_POINT ( 'NONE',  ( 38815.88589860172942, 38848.38921327941353, 11297.12068858869679 ) ) ;
#788 = CARTESIAN_POINT ( 'NONE',  ( 38815.88593523276359, 38815.88593523273448, 11220.32068553694080 ) ) ;
#789 = ORIENTED_EDGE ( 'NONE', *, *, #3801, .F. ) ;
#790 = DIRECTION ( 'NONE',  ( 0.000000000000000000, 0.000000000000000000, -1.000000000000000000 ) ) ;
#791 = FACE_OUTER_BOUND ( 'NONE', #2515, .T. ) ;
#792 = PLANE ( 'NONE',  #530 ) ;
#793 =( LENGTH_UNIT ( ) NAMED_UNIT ( * ) SI_UNIT ( .MILLI., .METRE. ) );
#794 = ORIENTED_EDGE ( 'NONE', *, *, #2328, .F. ) ;
#795 = DIRECTION ( 'NONE',  ( -1.000000000000000000, 0.000000000000000000, 0.000000000000000000 ) ) ;
#796 = CARTESIAN_POINT ( 'NONE',  ( 38815.88593523276359, 38815.88593523273448, 11228.32068553693898 ) ) ;
#797 = CARTESIAN_POINT ( 'NONE',  ( 38853.50503249755275, 38812.27513171025930, 11228.32068553693898 ) ) ;
#798 = CYLINDRICAL_SURFACE ( 'NONE', #2241, 38.99994794847572166 ) ;
#799 = AXIS2_PLACEMENT_3D ( 'NONE', #1573, #2913, #3949 ) ;
#800 = EDGE_CURVE ( 'NONE', #3260, #1490, #3959, .T. ) ;
#801 = LINE ( 'NONE', #1780, #2717 ) ;
#802 = ORIENTED_EDGE ( 'NONE', *, *, #3333, .T. ) ;
#803 = AXIS2_PLACEMENT_3D ( 'NONE', #1448, #2529, #239 ) ;
#804 = DIRECTION ( 'NONE',  ( 0.000000000000000000, 0.000000000000000000, -1.000000000000000000 ) ) ;
#805 = AXIS2_PLACEMENT_3D ( 'NONE', #1460, #3452, #3748 ) ;
#806 = CIRCLE ( 'NONE', #1008, 1.006105236832866012 ) ;
#807 = EDGE_CURVE ( 'NONE', #2222, #1855, #3477, .T. ) ;
#808 = ORIENTED_EDGE ( 'NONE', *, *, #4047, .T. ) ;
#809 = AXIS2_PLACEMENT_3D ( 'NONE', #969, #637, #3944 ) ;
#810 = DIRECTION ( 'NONE',  ( -0.000000000000000000, -0.000000000000000000, -1.000000000000000000 ) ) ;
#811 = CYLINDRICAL_SURFACE ( 'NONE', #1616, 30.00000000000113687 ) ;
#812 = EDGE_LOOP ( 'NONE', ( #835, #143, #1635, #1601 ) ) ;
#813 = AXIS2_PLACEMENT_3D ( 'NONE', #3030, #2689, #2746 ) ;
#814 = AXIS2_PLACEMENT_3D ( 'NONE', #1471, #3182, #842 ) ;
#815 = DIRECTION ( 'NONE',  ( -0.000000000000000000, 0.000000000000000000, -1.000000000000000000 ) ) ;
#816 = CARTESIAN_POINT ( 'NONE',  ( 38793.19974122671556, 38784.16319037193171, 11228.32068553693898 ) ) ;
#817 = CYLINDRICAL_SURFACE ( 'NONE', #489, 38.99994794847572166 ) ;
#818 = ORIENTED_EDGE ( 'NONE', *, *, #214, .F. ) ;
#819 = AXIS2_PLACEMENT_3D ( 'NONE', #963, #3608, #244 ) ;
#820 = AXIS2_PLACEMENT_3D ( 'NONE', #3136, #3791, #3808 ) ;
#821 = DIRECTION ( 'NONE',  ( -0.000000000000000000, -0.000000000000000000, 1.000000000000000000 ) ) ;
#822 = CARTESIAN_POINT ( 'NONE',  ( 38844.03458141195006, 38832.13760597947839, 11228.32068553693898 ) ) ;
#823 = CYLINDRICAL_SURFACE ( 'NONE', #68, 36.00013749699115806 ) ;
#824 = ORIENTED_EDGE ( 'NONE', *, *, #3401, .F. ) ;
#825 = CARTESIAN_POINT ( 'NONE',  ( 38843.24564445265423, 38832.76196662992879, 11220.32068553694080 ) ) ;
#826 = DIRECTION ( 'NONE',  ( -0.000000000000000000, -0.000000000000000000, -1.000000000000000000 ) ) ;
#827 = VERTEX_POINT ( 'NONE', #473 ) ;
#828 = CARTESIAN_POINT ( 'NONE',  ( 38838.57212923881161, 38847.60868009353726, 11228.32068553693898 ) ) ;
#829 = EDGE_CURVE ( 'NONE', #1788, #298, #1955, .T. ) ;
#830 = ORIENTED_EDGE ( 'NONE', *, *, #1719, .F. ) ;
#831 = DIRECTION ( 'NONE',  ( -0.7071067811848699147, -0.7071067811882252307, 0.000000000000000000 ) ) ;
#832 = DIRECTION ( 'NONE',  ( -0.000000000000000000, -0.000000000000000000, 1.000000000000000000 ) ) ;
#833 = ORIENTED_EDGE ( 'NONE', *, *, #1016, .F. ) ;
#834 = EDGE_CURVE ( 'NONE', #4167, #2335, #930, .T. ) ;
#835 = ORIENTED_EDGE ( 'NONE', *, *, #1159, .F. ) ;
#836 = DIRECTION ( 'NONE',  ( -1.000000000000000000, 0.000000000000000000, 0.000000000000000000 ) ) ;
#837 = CARTESIAN_POINT ( 'NONE',  ( 38829.58866539050359, 38852.39937284422194, 11228.32068553693898 ) ) ;
#838 = ORIENTED_EDGE ( 'NONE', *, *, #296, .F. ) ;
#839 = EDGE_CURVE ( 'NONE', #3233, #2579, #2786, .T. ) ;
#840 = DIRECTION ( 'NONE',  ( -0.2588190451011160298, 0.9659258262894445668, 0.000000000000000000 ) ) ;
#841 = DIRECTION ( 'NONE',  ( -1.000000000000000000, 0.000000000000000000, 0.000000000000000000 ) ) ;
#842 = DIRECTION ( 'NONE',  ( 0.2588190451017443605, -0.9659258262892763680, 0.000000000000000000 ) ) ;
#843 = ORIENTED_EDGE ( 'NONE', *, *, #4141, .T. ) ;
#844 = FACE_OUTER_BOUND ( 'NONE', #3175, .T. ) ;
#845 = ORIENTED_EDGE ( 'NONE', *, *, #128, .F. ) ;
#846 = CARTESIAN_POINT ( 'NONE',  ( 38786.05415785570949, 38787.32799447647994, 11228.32068553693898 ) ) ;
#847 = ORIENTED_EDGE ( 'NONE', *, *, #462, .T. ) ;
#848 = FACE_OUTER_BOUND ( 'NONE', #2705, .T. ) ;
#849 = CARTESIAN_POINT ( 'NONE',  ( 38794.17423717839119, 38805.65841512297629, 11220.32068553694080 ) ) ;
#850 = AXIS2_PLACEMENT_3D ( 'NONE', #2207, #2889, #3121 ) ;
#851 = ORIENTED_EDGE ( 'NONE', *, *, #3954, .T. ) ;
#852 = ORIENTED_EDGE ( 'NONE', *, *, #3197, .T. ) ;
#853 = EDGE_CURVE ( 'NONE', #1980, #1490, #1614, .T. ) ;
#854 = FACE_OUTER_BOUND ( 'NONE', #474, .T. ) ;
#855 = LINE ( 'NONE', #1431, #2050 ) ;
#856 = ORIENTED_EDGE ( 'NONE', *, *, #3279, .T. ) ;
#857 = ADVANCED_FACE ( 'NONE', ( #1384, #1400 ), #2070, .T. ) ;
#858 = EDGE_CURVE ( 'NONE', #3950, #213, #115, .T. ) ;
#859 = LINE ( 'NONE', #2161, #2282 ) ;
#860 = DIRECTION ( 'NONE',  ( -1.000000000000000000, 0.000000000000000000, 0.000000000000000000 ) ) ;
#861 = VERTEX_POINT ( 'NONE', #4002 ) ;
#862 = CYLINDRICAL_SURFACE ( 'NONE', #3945, 38.99994794847572166 ) ;
#863 = VERTEX_POINT ( 'NONE', #2687 ) ;
#864 = AXIS2_PLACEMENT_3D ( 'NONE', #1803, #1050, #2713 ) ;
#865 = CARTESIAN_POINT ( 'NONE',  ( 38793.19968410938600, 38847.60863924659498, 11228.32068553693898 ) ) ;
#866 = ORIENTED_EDGE ( 'NONE', *, *, #3068, .T. ) ;
#867 = CARTESIAN_POINT ( 'NONE',  ( 38823.38593523275631, 38815.88593523273448, 11238.32068553693898 ) ) ;
#868 = CIRCLE ( 'NONE', #738, 36.00013749699115806 ) ;
#869 = CARTESIAN_POINT ( 'NONE',  ( 38823.29908567867824, 38784.60656203320832, 11220.32068553694080 ) ) ;
#870 = ORIENTED_EDGE ( 'NONE', *, *, #1762, .T. ) ;
#871 = AXIS2_PLACEMENT_3D ( 'NONE', #2824, #1782, #4156 ) ;
#872 = ORIENTED_EDGE ( 'NONE', *, *, #85, .T. ) ;
#873 = CARTESIAN_POINT ( 'NONE',  ( 38815.88597186379775, 38783.38265718604816, 11220.32068553694080 ) ) ;
#874 = AXIS2_PLACEMENT_3D ( 'NONE', #3350, #1100, #1985 ) ;
#875 = ORIENTED_EDGE ( 'NONE', *, *, #391, .T. ) ;
#876 = VECTOR ( 'NONE', #3717, 1000.000000000000000 ) ;
#877 = EDGE_CURVE ( 'NONE', #1530, #2770, #3682, .T. ) ;
#878 = CIRCLE ( 'NONE', #3080, 36.00013749698946697 ) ;
#879 = DIRECTION ( 'NONE',  ( -0.000000000000000000, -0.000000000000000000, -1.000000000000000000 ) ) ;
#880 = DIRECTION ( 'NONE',  ( -0.000000000000000000, -0.000000000000000000, -1.000000000000000000 ) ) ;
#881 = AXIS2_PLACEMENT_3D ( 'NONE', #737, #3336, #1048 ) ;
#882 = ORIENTED_EDGE ( 'NONE', *, *, #2848, .F. ) ;
#883 = EDGE_CURVE ( 'NONE', #145, #2136, #4164, .T. ) ;
#884 = AXIS2_PLACEMENT_3D ( 'NONE', #546, #2098, #1171 ) ;
#885 = FACE_OUTER_BOUND ( 'NONE', #1829, .T. ) ;
#886 = EDGE_LOOP ( 'NONE', ( #2068, #1163 ) ) ;
#887 = DIRECTION ( 'NONE',  ( -0.9659258262892763680, 0.2588190451017443605, 0.000000000000000000 ) ) ;
#888 = CARTESIAN_POINT ( 'NONE',  ( 38799.75639324172516, 38780.37771343633358, 11228.32068553693898 ) ) ;
#889 = ORIENTED_EDGE ( 'NONE', *, *, #478, .F. ) ;
#890 = CARTESIAN_POINT ( 'NONE',  ( 38846.27557621947199, 38824.29843800234084, 11220.32068553694080 ) ) ;
#891 = CARTESIAN_POINT ( 'NONE',  ( 38853.15773756224371, 38822.13470568841149, 11220.32068553694080 ) ) ;
#892 = VERTEX_POINT ( 'NONE', #3374 ) ;
#893 = ORIENTED_EDGE ( 'NONE', *, *, #3726, .F. ) ;
#894 = CYLINDRICAL_SURFACE ( 'NONE', #2232, 29.35410264610283093 ) ;
#895 = ORIENTED_EDGE ( 'NONE', *, *, #1975, .F. ) ;
#896 = AXIS2_PLACEMENT_3D ( 'NONE', #484, #2011, #3077 ) ;
#897 = CARTESIAN_POINT ( 'NONE',  ( 38840.65608046677517, 38846.00961105542228, 11228.32068553693898 ) ) ;
#898 = LINE ( 'NONE', #3203, #2254 ) ;
#899 = EDGE_CURVE ( 'NONE', #3704, #63, #256, .T. ) ;
#900 = ORIENTED_EDGE ( 'NONE', *, *, #1218, .F. ) ;
#901 = ORIENTED_EDGE ( 'NONE', *, *, #3014, .F. ) ;
#902 = DIRECTION ( 'NONE',  ( -1.000000000000000000, 0.000000000000000000, 0.000000000000000000 ) ) ;
#903 = CARTESIAN_POINT ( 'NONE',  ( 38855.53372609597864, 38804.32982856228773, 11220.32068553694080 ) ) ;
#904 = EDGE_CURVE ( 'NONE', #1467, #625, #2858, .T. ) ;
#905 = DIRECTION ( 'NONE',  ( -0.000000000000000000, 0.000000000000000000, 1.000000000000000000 ) ) ;
#906 = EDGE_CURVE ( 'NONE', #2010, #1907, #4020, .T. ) ;
#907 = DIRECTION ( 'NONE',  ( -0.000000000000000000, -0.000000000000000000, -1.000000000000000000 ) ) ;
#908 = ORIENTED_EDGE ( 'NONE', *, *, #2376, .F. ) ;
#909 = EDGE_CURVE ( 'NONE', #171, #3597, #1750, .T. ) ;
#910 = FACE_OUTER_BOUND ( 'NONE', #2046, .T. ) ;
#911 = DIRECTION ( 'NONE',  ( -0.000000000000000000, 0.000000000000000000, -1.000000000000000000 ) ) ;
#912 = EDGE_LOOP ( 'NONE', ( #2145, #18, #1873, #1233 ) ) ;
#913 = VERTEX_POINT ( 'NONE', #2764 ) ;
#914 = DIRECTION ( 'NONE',  ( -0.000000000000000000, -0.000000000000000000, 1.000000000000000000 ) ) ;
#915 = VERTEX_POINT ( 'NONE', #190 ) ;
#916 = CARTESIAN_POINT ( 'NONE',  ( 38843.02847617511725, 38832.13760597947839, 11220.32068553694080 ) ) ;
#917 = CARTESIAN_POINT ( 'NONE',  ( 38800.62968425999134, 38844.18082511667308, 11228.32068553693898 ) ) ;
#918 = EDGE_LOOP ( 'NONE', ( #3444, #1656, #1942, #1510 ) ) ;
#919 = ORIENTED_EDGE ( 'NONE', *, *, #603, .F. ) ;
#920 = CARTESIAN_POINT ( 'NONE',  ( 38814.95079119974253, 38783.75371630956943, 11220.32068553694080 ) ) ;
#921 = ORIENTED_EDGE ( 'NONE', *, *, #877, .T. ) ;
#922 = CARTESIAN_POINT ( 'NONE',  ( 38844.44387598901812, 38786.05415785568039, 11228.32068553693898 ) ) ;
#923 = EDGE_CURVE ( 'NONE', #625, #42, #2651, .T. ) ;
#924 = VECTOR ( 'NONE', #568, 1000.000000000000000 ) ;
#925 = DIRECTION ( 'NONE',  ( 0.000000000000000000, -0.000000000000000000, -1.000000000000000000 ) ) ;
#926 = VERTEX_POINT ( 'NONE', #3782 ) ;
#927 = CARTESIAN_POINT ( 'NONE',  ( 38832.76190318314912, 38843.24568108364474, 11228.32068553693898 ) ) ;
#928 = CARTESIAN_POINT ( 'NONE',  ( 38791.83844011098699, 38845.03987766706268, 11228.32068553693898 ) ) ;
#929 = ORIENTED_EDGE ( 'NONE', *, *, #1610, .T. ) ;
#930 = CIRCLE ( 'NONE', #2090, 1.750000000001250555 ) ;
#931 = EDGE_CURVE ( 'NONE', #2994, #2821, #3749, .T. ) ;
#932 = ORIENTED_EDGE ( 'NONE', *, *, #761, .F. ) ;
#933 = AXIS2_PLACEMENT_3D ( 'NONE', #3282, #973, #992 ) ;
#934 = DIRECTION ( 'NONE',  ( -0.000000000000000000, -0.000000000000000000, 1.000000000000000000 ) ) ;
#935 = ORIENTED_EDGE ( 'NONE', *, *, #3960, .F. ) ;
#936 = AXIS2_PLACEMENT_3D ( 'NONE', #2502, #2436, #2469 ) ;
#937 = CIRCLE ( 'NONE', #192, 7.499999999993178790 ) ;
#938 = CARTESIAN_POINT ( 'NONE',  ( 38815.88593523276359, 38815.88593523273448, 11220.32068553694080 ) ) ;
#939 = CARTESIAN_POINT ( 'NONE',  ( 38844.03458141195006, 38832.13760597947839, 11228.32068553693898 ) ) ;
#940 = CIRCLE ( 'NONE', #1487, 36.00013749699044752 ) ;
#941 = FACE_OUTER_BOUND ( 'NONE', #1740, .T. ) ;
#942 = VERTEX_POINT ( 'NONE', #4160 ) ;
#943 = ORIENTED_EDGE ( 'NONE', *, *, #807, .F. ) ;
#944 = VECTOR ( 'NONE', #3708, 1000.000000000000000 ) ;
#945 = VECTOR ( 'NONE', #3555, 1000.000000000000000 ) ;
#946 = CARTESIAN_POINT ( 'NONE',  ( 38846.68122329933976, 38825.10571598997922, 11228.32068553693898 ) ) ;
#947 = DIRECTION ( 'NONE',  ( -1.000000000000000000, 0.000000000000000000, 0.000000000000000000 ) ) ;
#948 = AXIS2_PLACEMENT_3D ( 'NONE', #3962, #2710, #3382 ) ;
#949 = CARTESIAN_POINT ( 'NONE',  ( 38809.49619811603043, 38777.41299409792555, 11228.32068553693898 ) ) ;
#950 = CIRCLE ( 'NONE', #1427, 3.999999999997783107 ) ;
#951 = FACE_OUTER_BOUND ( 'NONE', #3392, .T. ) ;
#952 = VERTEX_POINT ( 'NONE', #3192 ) ;
#953 = FACE_OUTER_BOUND ( 'NONE', #3129, .T. ) ;
#954 = CIRCLE ( 'NONE', #1500, 29.35410264610283093 ) ;
#955 = CARTESIAN_POINT ( 'NONE',  ( 38847.60868009356636, 38793.19974122668646, 11228.32068553693898 ) ) ;
#956 = EDGE_CURVE ( 'NONE', #3238, #63, #2992, .T. ) ;
#957 = VERTEX_POINT ( 'NONE', #3455 ) ;
#958 = ORIENTED_EDGE ( 'NONE', *, *, #1429, .T. ) ;
#959 = DIRECTION ( 'NONE',  ( 0.000000000000000000, -0.000000000000000000, -1.000000000000000000 ) ) ;
#960 = EDGE_CURVE ( 'NONE', #1749, #2494, #1200, .T. ) ;
#961 = ORIENTED_EDGE ( 'NONE', *, *, #159, .T. ) ;
#962 = CARTESIAN_POINT ( 'NONE',  ( 38847.16532739390095, 38808.47285555254348, 11228.32068553693898 ) ) ;
#963 = CARTESIAN_POINT ( 'NONE',  ( 38825.70194871891727, 38775.77188780604047, 11220.32068553694080 ) ) ;
#964 = CYLINDRICAL_SURFACE ( 'NONE', #536, 1.006105236832866012 ) ;
#965 = ADVANCED_FACE ( 'NONE', ( #513 ), #2498, .T. ) ;
#966 = ORIENTED_EDGE ( 'NONE', *, *, #3700, .F. ) ;
#967 = ORIENTED_EDGE ( 'NONE', *, *, #3859, .F. ) ;
#968 = CARTESIAN_POINT ( 'NONE',  ( 38815.88593523276359, 38815.88593523273448, 11220.32068553694080 ) ) ;
#969 = CARTESIAN_POINT ( 'NONE',  ( 38776.23814436954854, 38827.44204190318123, 11228.32068553693898 ) ) ;
#970 = CYLINDRICAL_SURFACE ( 'NONE', #3969, 29.35410264610283093 ) ;
#971 = ORIENTED_EDGE ( 'NONE', *, *, #590, .F. ) ;
#972 = DIRECTION ( 'NONE',  ( 0.000000000000000000, -0.000000000000000000, -1.000000000000000000 ) ) ;
#973 = DIRECTION ( 'NONE',  ( -0.000000000000000000, -0.000000000000000000, 1.000000000000000000 ) ) ;
#974 = ORIENTED_EDGE ( 'NONE', *, *, #2542, .F. ) ;
#975 = ORIENTED_EDGE ( 'NONE', *, *, #119, .F. ) ;
#976 = CYLINDRICAL_SURFACE ( 'NONE', #2103, 36.00013749699115806 ) ;
#977 = ORIENTED_EDGE ( 'NONE', *, *, #468, .T. ) ;
#978 = ADVANCED_FACE ( 'NONE', ( #3800 ), #3126, .T. ) ;
#979 = DIRECTION ( 'NONE',  ( -0.000000000000000000, 0.000000000000000000, 1.000000000000000000 ) ) ;
#980 = DIRECTION ( 'NONE',  ( -0.000000000000000000, -0.000000000000000000, -1.000000000000000000 ) ) ;
#981 = CYLINDRICAL_SURFACE ( 'NONE', #1273, 38.99994794847572166 ) ;
#982 = VERTEX_POINT ( 'NONE', #869 ) ;
#983 = EDGE_LOOP ( 'NONE', ( #3166, #2461, #2173, #1842 ) ) ;
#984 = EDGE_CURVE ( 'NONE', #915, #285, #3497, .T. ) ;
#985 = ADVANCED_FACE ( 'NONE', ( #4080 ), #2431, .F. ) ;
#986 = CARTESIAN_POINT ( 'NONE',  ( 38799.75613979437912, 38851.28864812273241, 11228.32068553693898 ) ) ;
#987 = CARTESIAN_POINT ( 'NONE',  ( 38844.03458141195006, 38832.13760597947839, 11228.32068553693898 ) ) ;
#988 = DIRECTION ( 'NONE',  ( -1.000000000000000000, 0.000000000000000000, 0.000000000000000000 ) ) ;
#989 = CARTESIAN_POINT ( 'NONE',  ( 38785.76230400920758, 38791.11573576056253, 11228.32068553693898 ) ) ;
#990 = ORIENTED_EDGE ( 'NONE', *, *, #1790, .F. ) ;
#991 = CARTESIAN_POINT ( 'NONE',  ( 38835.74975562041800, 38779.67931206350477, 11228.32068553693898 ) ) ;
#992 = DIRECTION ( 'NONE',  ( -1.000000000000000000, 0.000000000000000000, 0.000000000000000000 ) ) ;
#993 = ORIENTED_EDGE ( 'NONE', *, *, #1578, .F. ) ;
#994 = ORIENTED_EDGE ( 'NONE', *, *, #284, .F. ) ;
#995 = FACE_OUTER_BOUND ( 'NONE', #3314, .T. ) ;
#996 = VECTOR ( 'NONE', #3599, 1000.000000000000000 ) ;
#997 = ORIENTED_EDGE ( 'NONE', *, *, #3464, .F. ) ;
#998 = CARTESIAN_POINT ( 'NONE',  ( 38837.30988048874133, 38851.19181988927448, 11228.32068553693898 ) ) ;
#999 = DIRECTION ( 'NONE',  ( 0.7071067811860541896, -0.7071067811870409558, 0.000000000000000000 ) ) ;
#1000 = DIRECTION ( 'NONE',  ( -1.000000000000000000, 0.000000000000000000, 0.000000000000000000 ) ) ;
#1001 = ORIENTED_EDGE ( 'NONE', *, *, #214, .T. ) ;
#1002 = CIRCLE ( 'NONE', #599, 1.006105236832866012 ) ;
#1003 = EDGE_CURVE ( 'NONE', #149, #610, #2580, .T. ) ;
#1004 = CIRCLE ( 'NONE', #2444, 7.499999999993178790 ) ;
#1005 = CARTESIAN_POINT ( 'NONE',  ( 38785.76230400920758, 38791.11573576055525, 11220.32068553694080 ) ) ;
#1006 = LINE ( 'NONE', #96, #2323 ) ;
#1007 = VECTOR ( 'NONE', #2359, 1000.000000000000000 ) ;
#1008 = AXIS2_PLACEMENT_3D ( 'NONE', #411, #44, #3733 ) ;
#1009 = CARTESIAN_POINT ( 'NONE',  ( 38803.27848393021850, 38814.36864433972369, 11238.32068553693898 ) ) ;
#1010 = EDGE_CURVE ( 'NONE', #199, #1969, #398, .T. ) ;
#1011 = VECTOR ( 'NONE', #2398, 1000.000000000000000 ) ;
#1012 = AXIS2_PLACEMENT_3D ( 'NONE', #2497, #3125, #188 ) ;
#1013 = CARTESIAN_POINT ( 'NONE',  ( 38847.28170041791600, 38807.47350322885904, 11228.32068553693898 ) ) ;
#1014 = ORIENTED_EDGE ( 'NONE', *, *, #1655, .T. ) ;
#1015 = DIRECTION ( 'NONE',  ( -0.000000000000000000, -0.000000000000000000, 1.000000000000000000 ) ) ;
#1016 = EDGE_CURVE ( 'NONE', #4137, #257, #575, .T. ) ;
#1017 = ORIENTED_EDGE ( 'NONE', *, *, #2249, .T. ) ;
#1018 = ORIENTED_EDGE ( 'NONE', *, *, #2423, .T. ) ;
#1019 = AXIS2_PLACEMENT_3D ( 'NONE', #177, #1470, #2793 ) ;
#1020 = CARTESIAN_POINT ( 'NONE',  ( 38814.98519672006660, 38774.59816958910233, 11228.32068553693898 ) ) ;
#1021 = DIRECTION ( 'NONE',  ( 1.000000000000000000, 0.000000000000000000, 0.000000000000000000 ) ) ;
#1022 = ORIENTED_EDGE ( 'NONE', *, *, #2583, .F. ) ;
#1023 = AXIS2_PLACEMENT_3D ( 'NONE', #3659, #1405, #999 ) ;
#1024 = CARTESIAN_POINT ( 'NONE',  ( 38799.63426448602695, 38844.03458141191368, 11228.32068553693898 ) ) ;
#1025 = DIRECTION ( 'NONE',  ( -0.000000000000000000, -0.000000000000000000, -1.000000000000000000 ) ) ;
#1026 = DIRECTION ( 'NONE',  ( -1.000000000000000000, 0.000000000000000000, 0.000000000000000000 ) ) ;
#1027 = LINE ( 'NONE', #1921, #2516 ) ;
#1028 = ORIENTED_EDGE ( 'NONE', *, *, #3941, .T. ) ;
#1029 = EDGE_CURVE ( 'NONE', #1871, #199, #495, .T. ) ;
#1030 = LINE ( 'NONE', #379, #2459 ) ;
#1031 = CARTESIAN_POINT ( 'NONE',  ( 38784.60654307162622, 38823.29901491292549, 11228.32068553693898 ) ) ;
#1032 = AXIS2_PLACEMENT_3D ( 'NONE', #3705, #3098, #2037 ) ;
#1033 = ADVANCED_FACE ( 'NONE', ( #1179 ), #811, .T. ) ;
#1034 = CARTESIAN_POINT ( 'NONE',  ( 38815.88593523276359, 38815.88593523273448, 11228.32068553693898 ) ) ;
#1035 = CARTESIAN_POINT ( 'NONE',  ( 38815.88593523276359, 38815.88593523273448, 11228.32068553693898 ) ) ;
#1036 = EDGE_LOOP ( 'NONE', ( #3780, #786, #2947, #23 ) ) ;
#1037 = EDGE_CURVE ( 'NONE', #2779, #2579, #2167, .T. ) ;
#1038 = EDGE_CURVE ( 'NONE', #2215, #2914, #4103, .T. ) ;
#1039 = ORIENTED_EDGE ( 'NONE', *, *, #1762, .F. ) ;
#1040 = CARTESIAN_POINT ( 'NONE',  ( 38832.01554115696490, 38780.37774247791094, 11228.32068553693898 ) ) ;
#1041 = DIRECTION ( 'NONE',  ( -1.000000000000000000, 0.000000000000000000, 0.000000000000000000 ) ) ;
#1042 = ORIENTED_EDGE ( 'NONE', *, *, #2887, .F. ) ;
#1043 = DIRECTION ( 'NONE',  ( -0.9046540855989200214, -0.4261466712402922630, 0.000000000000000000 ) ) ;
#1044 = LINE ( 'NONE', #3675, #3755 ) ;
#1045 = CARTESIAN_POINT ( 'NONE',  ( 38831.56843628661591, 38781.50143957274850, 11228.32068553693898 ) ) ;
#1046 = ORIENTED_EDGE ( 'NONE', *, *, #2295, .F. ) ;
#1047 = CARTESIAN_POINT ( 'NONE',  ( 38844.18082511670218, 38831.14218620551401, 11228.32068553693898 ) ) ;
#1048 = DIRECTION ( 'NONE',  ( -1.000000000000000000, 0.000000000000000000, 0.000000000000000000 ) ) ;
#1049 = DIRECTION ( 'NONE',  ( -0.000000000000000000, -0.000000000000000000, 1.000000000000000000 ) ) ;
#1050 = DIRECTION ( 'NONE',  ( -0.000000000000000000, -0.000000000000000000, 1.000000000000000000 ) ) ;
#1051 = CARTESIAN_POINT ( 'NONE',  ( 38837.30988048874133, 38851.19181988927448, 11220.32068553694080 ) ) ;
#1052 = ORIENTED_EDGE ( 'NONE', *, *, #158, .F. ) ;
#1053 = ADVANCED_FACE ( 'NONE', ( #1548 ), #659, .F. ) ;
#1054 = EDGE_LOOP ( 'NONE', ( #1464, #278, #4111, #3062 ) ) ;
#1055 = DIRECTION ( 'NONE',  ( -0.000000000000000000, -0.000000000000000000, 1.000000000000000000 ) ) ;
#1056 = FACE_OUTER_BOUND ( 'NONE', #240, .T. ) ;
#1057 = VERTEX_POINT ( 'NONE', #20 ) ;
#1058 = EDGE_CURVE ( 'NONE', #1142, #2729, #2790, .T. ) ;
#1059 = CARTESIAN_POINT ( 'NONE',  ( 38787.59100871779083, 38831.14212275870523, 11228.32068553693898 ) ) ;
#1060 = VECTOR ( 'NONE', #1859, 1000.000000000000000 ) ;
#1061 = DIRECTION ( 'NONE',  ( -0.000000000000000000, -0.000000000000000000, 1.000000000000000000 ) ) ;
#1062 = DIRECTION ( 'NONE',  ( -0.000000000000000000, -0.000000000000000000, 1.000000000000000000 ) ) ;
#1063 = ORIENTED_EDGE ( 'NONE', *, *, #590, .T. ) ;
#1064 = AXIS2_PLACEMENT_3D ( 'NONE', #3411, #1742, #2087 ) ;
#1065 = CARTESIAN_POINT ( 'NONE',  ( 38853.15773756224371, 38822.13470568841149, 11228.32068553693898 ) ) ;
#1066 = FACE_OUTER_BOUND ( 'NONE', #1036, .T. ) ;
#1067 = AXIS2_PLACEMENT_3D ( 'NONE', #3880, #1314, #2895 ) ;
#1068 = CARTESIAN_POINT ( 'NONE',  ( 38831.14212275873433, 38844.18086174770724, 11220.32068553694080 ) ) ;
#1069 = AXIS2_PLACEMENT_3D ( 'NONE', #1256, #632, #3248 ) ;
#1070 = CARTESIAN_POINT ( 'NONE',  ( 38815.88593523276359, 38815.88593523273448, 11228.32068553693898 ) ) ;
#1071 = CIRCLE ( 'NONE', #3135, 38.99994794847572166 ) ;
#1072 = AXIS2_PLACEMENT_3D ( 'NONE', #2131, #2427, #1481 ) ;
#1073 = CYLINDRICAL_SURFACE ( 'NONE', #2365, 1.006105236832866012 ) ;
#1074 = CIRCLE ( 'NONE', #3627, 29.35410264610283093 ) ;
#1075 = ORIENTED_EDGE ( 'NONE', *, *, #175, .T. ) ;
#1076 = CIRCLE ( 'NONE', #405, 1.006105236832866012 ) ;
#1077 = CARTESIAN_POINT ( 'NONE',  ( 38815.88593523276359, 38815.88593523273448, 11220.32068553694080 ) ) ;
#1078 = AXIS2_PLACEMENT_3D ( 'NONE', #2634, #2405, #1437 ) ;
#1079 = ORIENTED_EDGE ( 'NONE', *, *, #2229, .T. ) ;
#1080 = EDGE_CURVE ( 'NONE', #2590, #744, #3218, .T. ) ;
#1081 = CARTESIAN_POINT ( 'NONE',  ( 38800.62974770679284, 38787.59100871776172, 11228.32068553693898 ) ) ;
#1082 = DIRECTION ( 'NONE',  ( 0.000000000000000000, 0.000000000000000000, -1.000000000000000000 ) ) ;
#1083 = EDGE_LOOP ( 'NONE', ( #653, #2016 ) ) ;
#1084 = CARTESIAN_POINT ( 'NONE',  ( 38855.99998265945760, 38825.70194871888816, 11220.32068553694080 ) ) ;
#1085 = EDGE_CURVE ( 'NONE', #942, #982, #1002, .T. ) ;
#1086 = DIRECTION ( 'NONE',  ( 0.000000000000000000, 0.000000000000000000, -1.000000000000000000 ) ) ;
#1087 = FACE_OUTER_BOUND ( 'NONE', #912, .T. ) ;
#1088 = CARTESIAN_POINT ( 'NONE',  ( 38793.82627202476579, 38839.26809181501449, 11220.32068553694080 ) ) ;
#1089 = ORIENTED_EDGE ( 'NONE', *, *, #4146, .T. ) ;
#1090 = CIRCLE ( 'NONE', #3990, 29.35410264610283093 ) ;
#1091 = EDGE_CURVE ( 'NONE', #4062, #4238, #1882, .T. ) ;
#1092 = DIRECTION ( 'NONE',  ( -0.9659258262890653146, -0.2588190451025316197, 0.000000000000000000 ) ) ;
#1093 = CARTESIAN_POINT ( 'NONE',  ( 38799.00990383556928, 38843.24564445261058, 11228.32068553693898 ) ) ;
#1094 = DIRECTION ( 'NONE',  ( -1.000000000000000000, 0.000000000000000000, 0.000000000000000000 ) ) ;
#1095 = LINE ( 'NONE', #4091, #4044 ) ;
#1096 = CARTESIAN_POINT ( 'NONE',  ( 38786.05415785570949, 38787.32799447647994, 11220.32068553694080 ) ) ;
#1097 = ORIENTED_EDGE ( 'NONE', *, *, #2270, .T. ) ;
#1098 = CARTESIAN_POINT ( 'NONE',  ( 38832.01547722380928, 38851.39415702914266, 11228.32068553693898 ) ) ;
#1099 = VERTEX_POINT ( 'NONE', #2306 ) ;
#1100 = DIRECTION ( 'NONE',  ( 0.000000000000000000, 0.000000000000000000, -1.000000000000000000 ) ) ;
#1101 = CARTESIAN_POINT ( 'NONE',  ( 38846.27559518108319, 38807.47350322885904, 11228.32068553693898 ) ) ;
#1102 = ORIENTED_EDGE ( 'NONE', *, *, #2210, .F. ) ;
#1103 = DIRECTION ( 'NONE',  ( 0.000000000000000000, 0.000000000000000000, -1.000000000000000000 ) ) ;
#1104 = CARTESIAN_POINT ( 'NONE',  ( 38815.88593523276359, 38815.88593523273448, 11228.32068553693898 ) ) ;
#1105 = DIRECTION ( 'NONE',  ( -0.000000000000000000, -0.000000000000000000, 1.000000000000000000 ) ) ;
#1106 = EDGE_LOOP ( 'NONE', ( #3939, #782, #3193, #2684 ) ) ;
#1107 = EDGE_CURVE ( 'NONE', #3306, #364, #3344, .T. ) ;
#1108 = CARTESIAN_POINT ( 'NONE',  ( 38851.39415702917177, 38799.75639324168878, 11228.32068553693898 ) ) ;
#1109 = DIRECTION ( 'NONE',  ( -0.000000000000000000, -0.000000000000000000, 1.000000000000000000 ) ) ;
#1110 = CYLINDRICAL_SURFACE ( 'NONE', #1211, 1.006105236832866012 ) ;
#1111 = DIRECTION ( 'NONE',  ( -1.000000000000000000, 0.000000000000000000, 0.000000000000000000 ) ) ;
#1112 = EDGE_CURVE ( 'NONE', #2688, #1788, #2659, .T. ) ;
#1113 = EDGE_CURVE ( 'NONE', #3695, #1817, #3414, .T. ) ;
#1114 = DIRECTION ( 'NONE',  ( -1.000000000000000000, 0.000000000000000000, 0.000000000000000000 ) ) ;
#1115 = ORIENTED_EDGE ( 'NONE', *, *, #2559, .T. ) ;
#1116 = DIRECTION ( 'NONE',  ( -1.000000000000000000, 0.000000000000000000, 0.000000000000000000 ) ) ;
#1117 = VECTOR ( 'NONE', #2628, 1000.000000000000000 ) ;
#1118 = ORIENTED_EDGE ( 'NONE', *, *, #2873, .T. ) ;
#1119 = CARTESIAN_POINT ( 'NONE',  ( 38799.75639324172516, 38780.37771343632630, 11220.32068553694080 ) ) ;
#1120 = CARTESIAN_POINT ( 'NONE',  ( 38832.13760597951477, 38787.73728905355529, 11228.32068553693898 ) ) ;
#1121 = ORIENTED_EDGE ( 'NONE', *, *, #1159, .T. ) ;
#1122 = CARTESIAN_POINT ( 'NONE',  ( 38815.88589860172942, 38848.38921327941353, 11220.32068553694080 ) ) ;
#1123 = FACE_OUTER_BOUND ( 'NONE', #4181, .T. ) ;
#1124 = LINE ( 'NONE', #2074, #1909 ) ;
#1125 = DIRECTION ( 'NONE',  ( 1.000000000000000000, 0.000000000000000000, 0.000000000000000000 ) ) ;
#1126 = ORIENTED_EDGE ( 'NONE', *, *, #729, .F. ) ;
#1127 = CIRCLE ( 'NONE', #2785, 38.99994794847572166 ) ;
#1128 = CARTESIAN_POINT ( 'NONE',  ( 38792.74104671910754, 38809.40487546673830, 11238.32068553693898 ) ) ;
#1129 = CYLINDRICAL_SURFACE ( 'NONE', #1221, 29.35410264610283093 ) ;
#1130 = FACE_OUTER_BOUND ( 'NONE', #3545, .T. ) ;
#1131 = ADVANCED_FACE ( 'NONE', ( #4206 ), #280, .T. ) ;
#1132 = ORIENTED_EDGE ( 'NONE', *, *, #1924, .F. ) ;
#1133 = CARTESIAN_POINT ( 'NONE',  ( 38784.60656203323742, 38808.47278478681983, 11228.32068553693898 ) ) ;
#1134 = AXIS2_PLACEMENT_3D ( 'NONE', #1035, #84, #3997 ) ;
#1135 = LINE ( 'NONE', #4075, #113 ) ;
#1136 = ORIENTED_EDGE ( 'NONE', *, *, #351, .T. ) ;
#1137 = ADVANCED_FACE ( 'NONE', ( #303 ), #3559, .T. ) ;
#1138 = VECTOR ( 'NONE', #2415, 1000.000000000000000 ) ;
#1139 = CARTESIAN_POINT ( 'NONE',  ( -7913.411244899647500, 16799.14521656840225, 11232.32068553693898 ) ) ;
#1140 = AXIS2_PLACEMENT_3D ( 'NONE', #3925, #2864, #654 ) ;
#1141 = CIRCLE ( 'NONE', #4109, 38.99994794847572166 ) ;
#1142 = VERTEX_POINT ( 'NONE', #3535 ) ;
#1143 = CARTESIAN_POINT ( 'NONE',  ( 38785.09062820456165, 38825.10564522425557, 11228.32068553693898 ) ) ;
#1144 = CARTESIAN_POINT ( 'NONE',  ( 38825.10564522428467, 38846.68124226092914, 11228.32068553693898 ) ) ;
#1145 = ORIENTED_EDGE ( 'NONE', *, *, #2111, .T. ) ;
#1146 = AXIS2_PLACEMENT_3D ( 'NONE', #1971, #438, #1092 ) ;
#1147 = CIRCLE ( 'NONE', #2042, 29.35410264610283093 ) ;
#1148 = EDGE_CURVE ( 'NONE', #285, #749, #1612, .T. ) ;
#1149 = DIRECTION ( 'NONE',  ( -0.000000000000000000, 0.000000000000000000, -1.000000000000000000 ) ) ;
#1150 = CARTESIAN_POINT ( 'NONE',  ( 38796.88628386162600, 38827.93845562371280, 11232.32068553693898 ) ) ;
#1151 = EDGE_LOOP ( 'NONE', ( #1257, #900, #3371, #3988 ) ) ;
#1152 = CARTESIAN_POINT ( 'NONE',  ( 38854.70173516302020, 38812.10048733872100, 11228.32068553693898 ) ) ;
#1153 = CARTESIAN_POINT ( 'NONE',  ( 38787.73725242255023, 38832.13754253266961, 11228.32068553693898 ) ) ;
#1154 = ORIENTED_EDGE ( 'NONE', *, *, #1785, .F. ) ;
#1155 = CARTESIAN_POINT ( 'NONE',  ( 38823.38593523275631, 38815.88593523273448, 11232.32068553693898 ) ) ;
#1156 = DIRECTION ( 'NONE',  ( 0.000000000000000000, -0.000000000000000000, -1.000000000000000000 ) ) ;
#1157 = VERTEX_POINT ( 'NONE', #1979 ) ;
#1158 = LINE ( 'NONE', #865, #3831 ) ;
#1159 = EDGE_CURVE ( 'NONE', #2877, #3592, #3481, .T. ) ;
#1160 = ORIENTED_EDGE ( 'NONE', *, *, #3932, .F. ) ;
#1161 = CARTESIAN_POINT ( 'NONE',  ( 38793.94933902182675, 38785.11224309522368, 11228.32068553693898 ) ) ;
#1162 = DIRECTION ( 'NONE',  ( -1.000000000000000000, 0.000000000000000000, 0.000000000000000000 ) ) ;
#1163 = ORIENTED_EDGE ( 'NONE', *, *, #1010, .F. ) ;
#1164 = ADVANCED_FACE ( 'NONE', ( #1913 ), #2264, .T. ) ;
#1165 = ADVANCED_FACE ( 'NONE', ( #3929 ), #1888, .T. ) ;
#1166 = ORIENTED_EDGE ( 'NONE', *, *, #2489, .T. ) ;
#1167 = CARTESIAN_POINT ( 'NONE',  ( 38854.35886486268282, 38822.27574162066594, 11228.32068553693898 ) ) ;
#1168 = CARTESIAN_POINT ( 'NONE',  ( 38785.88593523276359, 38815.88593523273448, 11228.32068553693898 ) ) ;
#1169 = ORIENTED_EDGE ( 'NONE', *, *, #2059, .T. ) ;
#1170 = CARTESIAN_POINT ( 'NONE',  ( 38793.82632382886368, 38792.50372684634931, 11228.32068553693898 ) ) ;
#1171 = DIRECTION ( 'NONE',  ( -1.000000000000000000, 0.000000000000000000, 0.000000000000000000 ) ) ;
#1172 = VERTEX_POINT ( 'NONE', #3907 ) ;
#1173 = EDGE_LOOP ( 'NONE', ( #688, #1360, #3476, #1512 ) ) ;
#1174 = CARTESIAN_POINT ( 'NONE',  ( 38855.53372609597864, 38804.32982856228773, 11228.32068553693898 ) ) ;
#1175 = ORIENTED_EDGE ( 'NONE', *, *, #3037, .T. ) ;
#1176 = CARTESIAN_POINT ( 'NONE',  ( 38775.77188780606230, 38806.06992174658080, 11220.32068553694080 ) ) ;
#1177 = VERTEX_POINT ( 'NONE', #955 ) ;
#1178 = LINE ( 'NONE', #3173, #1556 ) ;
#1179 = FACE_OUTER_BOUND ( 'NONE', #918, .T. ) ;
#1181 = EDGE_CURVE ( 'NONE', #4238, #3911, #641, .T. ) ;
#1180 = AXIS2_PLACEMENT_3D ( 'NONE', #1539, #2861, #1241 ) ;
#1182 = ORIENTED_EDGE ( 'NONE', *, *, #1353, .T. ) ;
#1183 = ORIENTED_EDGE ( 'NONE', *, *, #420, .F. ) ;
#1184 = CARTESIAN_POINT ( 'NONE',  ( 38850.27043089274957, 38831.56843628658680, 11228.32068553693898 ) ) ;
#1185 = FACE_OUTER_BOUND ( 'NONE', #3803, .T. ) ;
#1186 = EDGE_CURVE ( 'NONE', #2155, #3904, #3602, .T. ) ;
#1187 = ORIENTED_EDGE ( 'NONE', *, *, #1845, .F. ) ;
#1188 = CARTESIAN_POINT ( 'NONE',  ( 38847.28168145630480, 38824.29843800234084, 11228.32068553693898 ) ) ;
#1189 = CARTESIAN_POINT ( 'NONE',  ( 38785.88593523276359, 38815.88593523273448, 11238.32068553693898 ) ) ;
#1190 = ADVANCED_FACE ( 'NONE', ( #2390 ), #4014, .T. ) ;
#1191 = EDGE_LOOP ( 'NONE', ( #4153, #3731, #3735, #3549 ) ) ;
#1192 = LINE ( 'NONE', #2800, #2286 ) ;
#1193 = ORIENTED_EDGE ( 'NONE', *, *, #685, .F. ) ;
#1194 = DIRECTION ( 'NONE',  ( 0.000000000000000000, 0.000000000000000000, -1.000000000000000000 ) ) ;
#1195 = AXIS2_PLACEMENT_3D ( 'NONE', #3325, #451, #388 ) ;
#1196 = CARTESIAN_POINT ( 'NONE',  ( 38815.88593523276359, 38815.88593523273448, 11228.32068553693898 ) ) ;
#1197 = ORIENTED_EDGE ( 'NONE', *, *, #3019, .F. ) ;
#1198 = DIRECTION ( 'NONE',  ( 0.000000000000000000, -0.000000000000000000, -1.000000000000000000 ) ) ;
#1199 = AXIS2_PLACEMENT_3D ( 'NONE', #1229, #1294, #3240 ) ;
#1200 = LINE ( 'NONE', #1144, #1816 ) ;
#1201 = ORIENTED_EDGE ( 'NONE', *, *, #2908, .T. ) ;
#1202 = CIRCLE ( 'NONE', #2724, 38.99994794847572166 ) ;
#1203 = AXIS2_PLACEMENT_3D ( 'NONE', #1494, #1854, #3758 ) ;
#1204 = EDGE_CURVE ( 'NONE', #2242, #2233, #1547, .T. ) ;
#1205 = VERTEX_POINT ( 'NONE', #3684 ) ;
#1206 = DIRECTION ( 'NONE',  ( -0.000000000000000000, 0.000000000000000000, -1.000000000000000000 ) ) ;
#1207 = MECHANICAL_DESIGN_GEOMETRIC_PRESENTATION_REPRESENTATION (  '', ( #3553 ), #3626 ) ;
#1208 = AXIS2_PLACEMENT_3D ( 'NONE', #2640, #2916, #6 ) ;
#1209 = EDGE_LOOP ( 'NONE', ( #2722, #1052, #2658, #1582 ) ) ;
#1210 = AXIS2_PLACEMENT_3D ( 'NONE', #97, #442, #1392 ) ;
#1211 = AXIS2_PLACEMENT_3D ( 'NONE', #3119, #758, #2735 ) ;
#1212 = EDGE_CURVE ( 'NONE', #2219, #1571, #3544, .T. ) ;
#1213 = FACE_OUTER_BOUND ( 'NONE', #292, .T. ) ;
#1214 = DIRECTION ( 'NONE',  ( -0.000000000000000000, -0.000000000000000000, -1.000000000000000000 ) ) ;
#1215 = CARTESIAN_POINT ( 'NONE',  ( 38831.13143729586591, 38844.03461804294784, 11228.32068553693898 ) ) ;
#1216 = AXIS2_PLACEMENT_3D ( 'NONE', #3857, #273, #3874 ) ;
#1217 = VERTEX_POINT ( 'NONE', #41 ) ;
#1218 = EDGE_CURVE ( 'NONE', #1265, #2741, #2740, .T. ) ;
#1219 = EDGE_CURVE ( 'NONE', #1496, #2960, #868, .T. ) ;
#1220 = EDGE_CURVE ( 'NONE', #913, #2205, #1998, .T. ) ;
#1221 = AXIS2_PLACEMENT_3D ( 'NONE', #2443, #880, #1499 ) ;
#1222 = CARTESIAN_POINT ( 'NONE',  ( 38825.10564522428467, 38846.68124226092914, 11220.32068553694080 ) ) ;
#1223 = EDGE_LOOP ( 'NONE', ( #2949, #1102, #520, #3439 ) ) ;
#1224 = DIRECTION ( 'NONE',  ( 0.000000000000000000, -0.000000000000000000, 1.000000000000000000 ) ) ;
#1225 = CIRCLE ( 'NONE', #2606, 29.35410264610283093 ) ;
#1226 = CARTESIAN_POINT ( 'NONE',  ( 38812.10048733874282, 38777.07013530247787, 11228.32068553693898 ) ) ;
#1227 = VERTEX_POINT ( 'NONE', #3665 ) ;
#1228 = DIRECTION ( 'NONE',  ( -0.000000000000000000, -0.000000000000000000, -1.000000000000000000 ) ) ;
#1229 = CARTESIAN_POINT ( 'NONE',  ( 38832.13754253269872, 38844.03461804294784, 11228.32068553693898 ) ) ;
#1230 = VERTEX_POINT ( 'NONE', #428 ) ;
#1231 = ORIENTED_EDGE ( 'NONE', *, *, #2564, .F. ) ;
#1232 = CYLINDRICAL_SURFACE ( 'NONE', #2035, 36.00013749699115806 ) ;
#1233 = ORIENTED_EDGE ( 'NONE', *, *, #1663, .T. ) ;
#1234 = CIRCLE ( 'NONE', #2755, 29.35410264610283093 ) ;
#1235 = DIRECTION ( 'NONE',  ( -0.000000000000000000, -0.000000000000000000, -1.000000000000000000 ) ) ;
#1236 = LINE ( 'NONE', #3542, #2681 ) ;
#1237 = CARTESIAN_POINT ( 'NONE',  ( 38852.39937284425105, 38802.18320507499448, 11228.32068553693898 ) ) ;
#1238 = ORIENTED_EDGE ( 'NONE', *, *, #1446, .T. ) ;
#1239 = ORIENTED_EDGE ( 'NONE', *, *, #603, .T. ) ;
#1240 = EDGE_CURVE ( 'NONE', #2136, #1217, #4035, .T. ) ;
#1241 = DIRECTION ( 'NONE',  ( -1.000000000000000000, 0.000000000000000000, 0.000000000000000000 ) ) ;
#1242 = DIRECTION ( 'NONE',  ( -0.000000000000000000, 0.000000000000000000, -1.000000000000000000 ) ) ;
#1243 = CYLINDRICAL_SURFACE ( 'NONE', #3138, 36.00013749699115806 ) ;
#1244 = EDGE_CURVE ( 'NONE', #4003, #3334, #533, .T. ) ;
#1245 = CARTESIAN_POINT ( 'NONE',  ( 38784.60654307162622, 38823.29901491292549, 11228.32068553693898 ) ) ;
#1246 = VERTEX_POINT ( 'NONE', #1359 ) ;
#1247 = DIRECTION ( 'NONE',  ( -0.000000000000000000, -0.000000000000000000, -1.000000000000000000 ) ) ;
#1248 = DIRECTION ( 'NONE',  ( -1.000000000000000000, 0.000000000000000000, 0.000000000000000000 ) ) ;
#1249 = ORIENTED_EDGE ( 'NONE', *, *, #2615, .T. ) ;
#1250 = EDGE_LOOP ( 'NONE', ( #901, #1860, #3412, #2526 ) ) ;
#1251 = CIRCLE ( 'NONE', #2639, 1.006105236832866012 ) ;
#1252 = CARTESIAN_POINT ( 'NONE',  ( 38786.73199279843539, 38791.83844011095789, 11228.32068553693898 ) ) ;
#1253 = ORIENTED_EDGE ( 'NONE', *, *, #2554, .T. ) ;
#1254 = DIRECTION ( 'NONE',  ( -0.000000000000000000, -0.000000000000000000, -1.000000000000000000 ) ) ;
#1255 = DIRECTION ( 'NONE',  ( -0.000000000000000000, -0.000000000000000000, -1.000000000000000000 ) ) ;
#1256 = CARTESIAN_POINT ( 'NONE',  ( 38853.15773756224371, 38822.13470568841149, 11228.32068553693898 ) ) ;
#1257 = ORIENTED_EDGE ( 'NONE', *, *, #1869, .F. ) ;
#1258 = ORIENTED_EDGE ( 'NONE', *, *, #567, .F. ) ;
#1259 = EDGE_CURVE ( 'NONE', #145, #926, #3968, .T. ) ;
#1260 = CARTESIAN_POINT ( 'NONE',  ( 38792.74104671910754, 38809.40487546673830, 11232.32068553693898 ) ) ;
#1261 = FACE_OUTER_BOUND ( 'NONE', #208, .T. ) ;
#1262 = DIRECTION ( 'NONE',  ( -0.000000000000000000, 0.000000000000000000, -1.000000000000000000 ) ) ;
#1263 = ADVANCED_FACE ( 'NONE', ( #62 ), #784, .F. ) ;
#1264 = FACE_OUTER_BOUND ( 'NONE', #3891, .T. ) ;
#1265 = VERTEX_POINT ( 'NONE', #366 ) ;
#1266 = DIRECTION ( 'NONE',  ( -1.000000000000000000, 0.000000000000000000, 0.000000000000000000 ) ) ;
#1267 = DIRECTION ( 'NONE',  ( 0.000000000000000000, -0.000000000000000000, -1.000000000000000000 ) ) ;
#1268 = ORIENTED_EDGE ( 'NONE', *, *, #3828, .T. ) ;
#1269 = AXIS2_PLACEMENT_3D ( 'NONE', #1466, #2788, #3738 ) ;
#1270 = ORIENTED_EDGE ( 'NONE', *, *, #3537, .F. ) ;
#1271 = AXIS2_PLACEMENT_3D ( 'NONE', #1737, #1701, #2067 ) ;
#1272 = CARTESIAN_POINT ( 'NONE',  ( 38839.93343035454018, 38786.73199279840628, 11228.32068553693898 ) ) ;
#1273 = AXIS2_PLACEMENT_3D ( 'NONE', #3266, #3591, #649 ) ;
#1274 = ORIENTED_EDGE ( 'NONE', *, *, #4219, .T. ) ;
#1275 = AXIS2_PLACEMENT_3D ( 'NONE', #3866, #3287, #354 ) ;
#1276 = CIRCLE ( 'NONE', #1692, 30.00000000000113687 ) ;
#1277 = AXIS2_PLACEMENT_3D ( 'NONE', #3300, #3386, #3430 ) ;
#1278 = VECTOR ( 'NONE', #1554, 1000.000000000000000 ) ;
#1279 = CARTESIAN_POINT ( 'NONE',  ( 38794.46198997678584, 38780.58005057619448, 11228.32068553693898 ) ) ;
#1280 = FACE_OUTER_BOUND ( 'NONE', #4142, .T. ) ;
#1281 = AXIS2_PLACEMENT_3D ( 'NONE', #4058, #2081, #3400 ) ;
#1282 = CARTESIAN_POINT ( 'NONE',  ( 38844.03461804297694, 38799.63432793279935, 11228.32068553693898 ) ) ;
#1283 = VERTEX_POINT ( 'NONE', #100 ) ;
#1284 = ORIENTED_EDGE ( 'NONE', *, *, #1321, .F. ) ;
#1285 = CIRCLE ( 'NONE', #3491, 36.00013749699115806 ) ;
#1286 = AXIS2_PLACEMENT_3D ( 'NONE', #2562, #2193, #3532 ) ;
#1287 = DIRECTION ( 'NONE',  ( -0.000000000000000000, -0.000000000000000000, 1.000000000000000000 ) ) ;
#1288 = EDGE_LOOP ( 'NONE', ( #2853, #692 ) ) ;
#1289 = CARTESIAN_POINT ( 'NONE',  ( 38837.94554663665622, 38839.26814361911966, 11228.32068553693898 ) ) ;
#1290 = CARTESIAN_POINT ( 'NONE',  ( 38793.94933902182675, 38785.11224309522368, 11220.32068553694080 ) ) ;
#1291 = ORIENTED_EDGE ( 'NONE', *, *, #1482, .T. ) ;
#1292 = CARTESIAN_POINT ( 'NONE',  ( 38838.86919764830964, 38838.86924945238570, 11228.32068553693898 ) ) ;
#1293 = CIRCLE ( 'NONE', #3778, 1.006105236836115635 ) ;
#1294 = DIRECTION ( 'NONE',  ( 0.000000000000000000, 0.000000000000000000, -1.000000000000000000 ) ) ;
#1295 = ORIENTED_EDGE ( 'NONE', *, *, #3617, .T. ) ;
#1296 = EDGE_CURVE ( 'NONE', #511, #1157, #3024, .T. ) ;
#1297 = VERTEX_POINT ( 'NONE', #3973 ) ;
#1298 = CARTESIAN_POINT ( 'NONE',  ( 38851.28864812276151, 38802.66162802502367, 11228.32068553693898 ) ) ;
#1299 = EDGE_CURVE ( 'NONE', #3729, #149, #1957, .T. ) ;
#1300 = VECTOR ( 'NONE', #3936, 1000.000000000000114 ) ;
#1301 = ORIENTED_EDGE ( 'NONE', *, *, #1560, .T. ) ;
#1302 = EDGE_CURVE ( 'NONE', #1367, #350, #467, .T. ) ;
#1303 = CARTESIAN_POINT ( 'NONE',  ( 38785.09064716618013, 38806.66615447549702, 11228.32068553693898 ) ) ;
#1304 = DIRECTION ( 'NONE',  ( -1.000000000000000000, 0.000000000000000000, 0.000000000000000000 ) ) ;
#1305 = CYLINDRICAL_SURFACE ( 'NONE', #335, 29.35410264610283093 ) ;
#1306 = ORIENTED_EDGE ( 'NONE', *, *, #2118, .F. ) ;
#1307 = ORIENTED_EDGE ( 'NONE', *, *, #2216, .T. ) ;
#1308 =( LENGTH_UNIT ( ) NAMED_UNIT ( * ) SI_UNIT ( .MILLI., .METRE. ) );
#1309 = CARTESIAN_POINT ( 'NONE',  ( 38794.17423717839119, 38805.65841512297629, 11223.32068553694080 ) ) ;
#1310 = CARTESIAN_POINT ( 'NONE',  ( 38794.17423717839119, 38805.65841512297629, 11223.32068553694080 ) ) ;
#1311 = DIRECTION ( 'NONE',  ( 0.000000000000000000, -0.000000000000000000, -1.000000000000000000 ) ) ;
#1312 = ORIENTED_EDGE ( 'NONE', *, *, #1353, .F. ) ;
#1313 = LINE ( 'NONE', #1886, #3007 ) ;
#1314 = DIRECTION ( 'NONE',  ( -0.000000000000000000, -0.000000000000000000, -1.000000000000000000 ) ) ;
#1315 = ORIENTED_EDGE ( 'NONE', *, *, #2000, .F. ) ;
#1316 = VERTEX_POINT ( 'NONE', #2699 ) ;
#1317 = EDGE_CURVE ( 'NONE', #2500, #2256, #2512, .T. ) ;
#1318 = CARTESIAN_POINT ( 'NONE',  ( 38793.19974122672284, 38784.16319037192443, 11220.32068553694080 ) ) ;
#1319 = EDGE_LOOP ( 'NONE', ( #4185, #3051 ) ) ;
#1320 = AXIS2_PLACEMENT_3D ( 'NONE', #2490, #564, #840 ) ;
#1321 = EDGE_CURVE ( 'NONE', #1904, #1217, #2330, .T. ) ;
#1322 = CARTESIAN_POINT ( 'NONE',  ( -7913.411244899647500, 16799.14521656840225, 11232.32068553693898 ) ) ;
#1323 = DIRECTION ( 'NONE',  ( 0.000000000000000000, 0.000000000000000000, -1.000000000000000000 ) ) ;
#1324 = DIRECTION ( 'NONE',  ( 0.000000000000000000, -0.000000000000000000, 1.000000000000000000 ) ) ;
#1325 = VERTEX_POINT ( 'NONE', #4034 ) ;
#1326 = AXIS2_PLACEMENT_3D ( 'NONE', #2476, #527, #1820 ) ;
#1327 = CARTESIAN_POINT ( 'NONE',  ( 38840.65608046676789, 38846.00961105542228, 11220.32068553694080 ) ) ;
#1328 = DIRECTION ( 'NONE',  ( -1.000000000000000000, 0.000000000000000000, 0.000000000000000000 ) ) ;
#1329 = LINE ( 'NONE', #989, #3893 ) ;
#1330 = ORIENTED_EDGE ( 'NONE', *, *, #1113, .F. ) ;
#1331 = DIRECTION ( 'NONE',  ( -1.000000000000000000, 0.000000000000000000, 0.000000000000000000 ) ) ;
#1332 = DIRECTION ( 'NONE',  ( -0.000000000000000000, -0.000000000000000000, 1.000000000000000000 ) ) ;
#1333 = VERTEX_POINT ( 'NONE', #3711 ) ;
#1334 = ORIENTED_EDGE ( 'NONE', *, *, #3199, .F. ) ;
#1335 = CARTESIAN_POINT ( 'NONE',  ( 38794.44563340406603, 38805.78625912434654, 11238.32068553693898 ) ) ;
#1336 = AXIS2_PLACEMENT_3D ( 'NONE', #1424, #148, #1021 ) ;
#1337 = ORIENTED_EDGE ( 'NONE', *, *, #4246, .F. ) ;
#1338 = EDGE_CURVE ( 'NONE', #3435, #4003, #704, .T. ) ;
#1339 = AXIS2_PLACEMENT_3D ( 'NONE', #4226, #1267, #2589 ) ;
#1340 = CARTESIAN_POINT ( 'NONE',  ( 38857.17370087639574, 38814.98519672003749, 11228.32068553693898 ) ) ;
#1341 = DIRECTION ( 'NONE',  ( 0.000000000000000000, -1.000000000000000000, 0.000000000000000000 ) ) ;
#1342 = DIRECTION ( 'NONE',  ( -1.000000000000000000, 0.000000000000000000, 0.000000000000000000 ) ) ;
#1343 = DIRECTION ( 'NONE',  ( 0.000000000000000000, 0.000000000000000000, -1.000000000000000000 ) ) ;
#1344 = VERTEX_POINT ( 'NONE', #3123 ) ;
#1345 = CIRCLE ( 'NONE', #3075, 1.006105236832866012 ) ;
#1346 = AXIS2_PLACEMENT_3D ( 'NONE', #668, #1343, #2339 ) ;
#1347 = EDGE_CURVE ( 'NONE', #1177, #2943, #2457, .T. ) ;
#1348 = CIRCLE ( 'NONE', #3971, 1.006105236832866012 ) ;
#1349 = DIRECTION ( 'NONE',  ( -0.000000000000000000, -0.000000000000000000, -1.000000000000000000 ) ) ;
#1350 = DIRECTION ( 'NONE',  ( 0.000000000000000000, 0.000000000000000000, 1.000000000000000000 ) ) ;
#1351 = COLOUR_RGB ( '',0.7921568627450980005, 0.8196078431372548767, 0.9333333333333333481 ) ;
#1352 = DIRECTION ( 'NONE',  ( -0.000000000000000000, 0.000000000000000000, -1.000000000000000000 ) ) ;
#1353 = EDGE_CURVE ( 'NONE', #2018, #1530, #3547, .T. ) ;
#1354 = CIRCLE ( 'NONE', #742, 38.99994794847572166 ) ;
#1355 = ADVANCED_FACE ( 'NONE', ( #3150 ), #144, .F. ) ;
#1356 = AXIS2_PLACEMENT_3D ( 'NONE', #2078, #459, #2758 ) ;
#1357 = VECTOR ( 'NONE', #1391, 1000.000000000000000 ) ;
#1358 = DIRECTION ( 'NONE',  ( -0.000000000000000000, -0.000000000000000000, -1.000000000000000000 ) ) ;
#1359 = CARTESIAN_POINT ( 'NONE',  ( 38846.27559518108319, 38807.47350322885904, 11220.32068553694080 ) ) ;
#1360 = ORIENTED_EDGE ( 'NONE', *, *, #2578, .F. ) ;
#1361 = AXIS2_PLACEMENT_3D ( 'NONE', #2945, #980, #2553 ) ;
#1362 = ORIENTED_EDGE ( 'NONE', *, *, #3176, .F. ) ;
#1363 = CIRCLE ( 'NONE', #3227, 29.35410264610490572 ) ;
#1364 = DIRECTION ( 'NONE',  ( -1.000000000000000000, 0.000000000000000000, 0.000000000000000000 ) ) ;
#1365 = CIRCLE ( 'NONE', #2258, 29.35410264610328568 ) ;
#1366 = DIRECTION ( 'NONE',  ( -1.000000000000000000, 0.000000000000000000, -0.000000000000000000 ) ) ;
#1367 = VERTEX_POINT ( 'NONE', #1761 ) ;
#1368 = DIRECTION ( 'NONE',  ( -1.000000000000000000, 0.000000000000000000, 0.000000000000000000 ) ) ;
#1369 = DIRECTION ( 'NONE',  ( -1.000000000000000000, 0.000000000000000000, 0.000000000000000000 ) ) ;
#1370 = DIRECTION ( 'NONE',  ( -0.000000000000000000, 0.000000000000000000, -1.000000000000000000 ) ) ;
#1371 = CARTESIAN_POINT ( 'NONE',  ( 38815.88593523276359, 38815.88593523273448, 11228.32068553693898 ) ) ;
#1372 = ORIENTED_EDGE ( 'NONE', *, *, #2206, .T. ) ;
#1373 = FACE_OUTER_BOUND ( 'NONE', #12, .T. ) ;
#1374 = CARTESIAN_POINT ( 'NONE',  ( 38797.17423717839119, 38805.65841512297629, 11220.32068553694080 ) ) ;
#1375 = EDGE_CURVE ( 'NONE', #3950, #2845, #1758, .T. ) ;
#1376 = DIRECTION ( 'NONE',  ( -1.000000000000000000, 0.000000000000000000, 0.000000000000000000 ) ) ;
#1377 = DIRECTION ( 'NONE',  ( -1.000000000000000000, 0.000000000000000000, 0.000000000000000000 ) ) ;
#1378 = ORIENTED_EDGE ( 'NONE', *, *, #2407, .F. ) ;
#1379 = EDGE_CURVE ( 'NONE', #1717, #579, #3348, .T. ) ;
#1380 = DIRECTION ( 'NONE',  ( -1.000000000000000000, 0.000000000000000000, 0.000000000000000000 ) ) ;
#1381 = ORIENTED_EDGE ( 'NONE', *, *, #3188, .T. ) ;
#1382 = VERTEX_POINT ( 'NONE', #828 ) ;
#1383 = DIRECTION ( 'NONE',  ( -0.000000000000000000, -0.000000000000000000, 1.000000000000000000 ) ) ;
#1384 = FACE_OUTER_BOUND ( 'NONE', #1319, .T. ) ;
#1385 = VERTEX_POINT ( 'NONE', #2149 ) ;
#1386 = FACE_OUTER_BOUND ( 'NONE', #3270, .T. ) ;
#1387 = DIRECTION ( 'NONE',  ( 0.000000000000000000, 0.000000000000000000, -1.000000000000000000 ) ) ;
#1388 = DIRECTION ( 'NONE',  ( 0.000000000000000000, 0.000000000000000000, -1.000000000000000000 ) ) ;
#1389 = EDGE_LOOP ( 'NONE', ( #852, #2586, #2071, #3927 ) ) ;
#1390 = DIRECTION ( 'NONE',  ( -0.000000000000000000, -0.000000000000000000, -1.000000000000000000 ) ) ;
#1391 = DIRECTION ( 'NONE',  ( -0.000000000000000000, -0.000000000000000000, -1.000000000000000000 ) ) ;
#1392 = DIRECTION ( 'NONE',  ( 1.000000000000000000, 0.000000000000000000, 0.000000000000000000 ) ) ;
#1393 = EDGE_CURVE ( 'NONE', #525, #2906, #3084, .T. ) ;
#1394 = DIRECTION ( 'NONE',  ( -1.000000000000000000, 0.000000000000000000, 0.000000000000000000 ) ) ;
#1395 = VERTEX_POINT ( 'NONE', #167 ) ;
#1396 = DIRECTION ( 'NONE',  ( -1.000000000000000000, 0.000000000000000000, 0.000000000000000000 ) ) ;
#1397 = EDGE_CURVE ( 'NONE', #2001, #4201, #3211, .T. ) ;
#1398 = ORIENTED_EDGE ( 'NONE', *, *, #553, .F. ) ;
#1399 = DIRECTION ( 'NONE',  ( 0.000000000000000000, 0.000000000000000000, -1.000000000000000000 ) ) ;
#1400 = FACE_BOUND ( 'NONE', #2148, .T. ) ;
#1401 = ORIENTED_EDGE ( 'NONE', *, *, #1240, .T. ) ;
#1402 = ADVANCED_FACE ( 'NONE', ( #3797 ), #2478, .T. ) ;
#1403 = DIRECTION ( 'NONE',  ( 0.000000000000000000, 0.000000000000000000, -1.000000000000000000 ) ) ;
#1404 = DIRECTION ( 'NONE',  ( 0.000000000000000000, 0.000000000000000000, -1.000000000000000000 ) ) ;
#1405 = DIRECTION ( 'NONE',  ( 0.000000000000000000, -0.000000000000000000, 1.000000000000000000 ) ) ;
#1406 = ORIENTED_EDGE ( 'NONE', *, *, #3594, .F. ) ;
#1407 = AXIS2_PLACEMENT_3D ( 'NONE', #1444, #2412, #432 ) ;
#1408 = LINE ( 'NONE', #2442, #3097 ) ;
#1409 = DIRECTION ( 'NONE',  ( -0.000000000000000000, -0.000000000000000000, -1.000000000000000000 ) ) ;
#1410 = AXIS2_PLACEMENT_3D ( 'NONE', #2045, #2084, #1380 ) ;
#1411 = CYLINDRICAL_SURFACE ( 'NONE', #1078, 29.35410264610283093 ) ;
#1412 = AXIS2_PLACEMENT_3D ( 'NONE', #1581, #359, #2902 ) ;
#1413 = DIRECTION ( 'NONE',  ( 0.000000000000000000, 0.000000000000000000, -1.000000000000000000 ) ) ;
#1414 = AXIS2_PLACEMENT_3D ( 'NONE', #3824, #1513, #562 ) ;
#1415 = CIRCLE ( 'NONE', #3207, 1.006105236834714756 ) ;
#1416 = DIRECTION ( 'NONE',  ( 0.000000000000000000, 0.000000000000000000, -1.000000000000000000 ) ) ;
#1417 = CIRCLE ( 'NONE', #1963, 36.00013749699115806 ) ;
#1418 = ORIENTED_EDGE ( 'NONE', *, *, #3401, .T. ) ;
#1419 = CIRCLE ( 'NONE', #3835, 1.006105236834714756 ) ;
#1420 = DIRECTION ( 'NONE',  ( 0.000000000000000000, 0.000000000000000000, -1.000000000000000000 ) ) ;
#1421 = AXIS2_PLACEMENT_3D ( 'NONE', #3107, #3781, #3454 ) ;
#1422 = VERTEX_POINT ( 'NONE', #554 ) ;
#1423 = CARTESIAN_POINT ( 'NONE',  ( 38799.00996728237806, 38788.52618938182422, 11220.32068553694080 ) ) ;
#1424 = CARTESIAN_POINT ( 'NONE',  ( 38815.88593523276359, 38815.88593523273448, 11232.32068553693898 ) ) ;
#1425 = EDGE_CURVE ( 'NONE', #2492, #863, #538, .T. ) ;
#1426 = VERTEX_POINT ( 'NONE', #4097 ) ;
#1427 = AXIS2_PLACEMENT_3D ( 'NONE', #3424, #1436, #1517 ) ;
#1428 = DIRECTION ( 'NONE',  ( -0.8660254037844613562, 0.4999999999999605316, 0.000000000000000000 ) ) ;
#1429 = EDGE_CURVE ( 'NONE', #3904, #3215, #674, .T. ) ;
#1430 = CARTESIAN_POINT ( 'NONE',  ( 38815.88593523276359, 38815.88593523273448, 11228.32068553693898 ) ) ;
#1431 = CARTESIAN_POINT ( 'NONE',  ( 38819.67138312679162, 38854.70173516299110, 11297.12068858869679 ) ) ;
#1432 = APPLICATION_PROTOCOL_DEFINITION ( 'draft international standard', 'automotive_design', 1998, #3128 ) ;
#1433 = EDGE_CURVE ( 'NONE', #1426, #2906, #4106, .T. ) ;
#1434 = VERTEX_POINT ( 'NONE', #510 ) ;
#1435 = CARTESIAN_POINT ( 'NONE',  ( 38823.29901491295459, 38847.16532739387185, 11228.32068553693898 ) ) ;
#1436 = DIRECTION ( 'NONE',  ( -0.000000000000000000, 0.000000000000000000, 1.000000000000000000 ) ) ;
#1437 = DIRECTION ( 'NONE',  ( -1.000000000000000000, 0.000000000000000000, 0.000000000000000000 ) ) ;
#1438 = LINE ( 'NONE', #164, #2869 ) ;
#1439 = CARTESIAN_POINT ( 'NONE',  ( 38780.58005057622358, 38837.30988048871222, 11220.32068553694080 ) ) ;
#1440 = ORIENTED_EDGE ( 'NONE', *, *, #931, .T. ) ;
#1441 = CARTESIAN_POINT ( 'NONE',  ( 38845.71771260981768, 38844.44387598898902, 11220.32068553694080 ) ) ;
#1442 = EDGE_LOOP ( 'NONE', ( #3114, #3886, #611, #1984 ) ) ;
#1443 = CARTESIAN_POINT ( 'NONE',  ( 38775.77188780606230, 38806.06992174658080, 11228.32068553693898 ) ) ;
#1444 = CARTESIAN_POINT ( 'NONE',  ( 38815.88593523276359, 38815.88593523273448, 11220.32068553694080 ) ) ;
#1445 = ORIENTED_EDGE ( 'NONE', *, *, #3727, .F. ) ;
#1446 = EDGE_CURVE ( 'NONE', #1615, #2877, #1158, .T. ) ;
#1447 = CYLINDRICAL_SURFACE ( 'NONE', #2041, 15.00000000000056843 ) ;
#1448 = CARTESIAN_POINT ( 'NONE',  ( 38815.88593523276359, 38815.88593523273448, 11228.32068553693898 ) ) ;
#1449 = DIRECTION ( 'NONE',  ( -1.000000000000000000, 0.000000000000000000, 0.000000000000000000 ) ) ;
#1450 = ORIENTED_EDGE ( 'NONE', *, *, #1502, .F. ) ;
#1451 = EDGE_CURVE ( 'NONE', #1749, #2637, #1415, .T. ) ;
#1452 = CARTESIAN_POINT ( 'NONE',  ( 38780.37771343635541, 38832.01547722378746, 11228.32068553693898 ) ) ;
#1453 = DIRECTION ( 'NONE',  ( -1.000000000000000000, 0.000000000000000000, 0.000000000000000000 ) ) ;
#1454 = CARTESIAN_POINT ( 'NONE',  ( 38847.38310804261710, 38815.88597186376865, 11228.32068553693898 ) ) ;
#1455 = ORIENTED_EDGE ( 'NONE', *, *, #322, .T. ) ;
#1456 = CARTESIAN_POINT ( 'NONE',  ( 38777.07013530250697, 38819.67138312675525, 11220.32068553694080 ) ) ;
#1457 = EDGE_CURVE ( 'NONE', #579, #861, #4123, .T. ) ;
#1458 = DIRECTION ( 'NONE',  ( -1.000000000000000000, 0.000000000000000000, 0.000000000000000000 ) ) ;
#1459 = ORIENTED_EDGE ( 'NONE', *, *, #2542, .T. ) ;
#1460 = CARTESIAN_POINT ( 'NONE',  ( 38815.88593523276359, 38815.88593523273448, 11228.32068553693898 ) ) ;
#1461 = ORIENTED_EDGE ( 'NONE', *, *, #923, .T. ) ;
#1462 = CYLINDRICAL_SURFACE ( 'NONE', #741, 38.99994794847572166 ) ;
#1463 = DIRECTION ( 'NONE',  ( 0.000000000000000000, 0.000000000000000000, -1.000000000000000000 ) ) ;
#1464 = ORIENTED_EDGE ( 'NONE', *, *, #601, .F. ) ;
#1465 = DIRECTION ( 'NONE',  ( -1.000000000000000000, 0.000000000000000000, 0.000000000000000000 ) ) ;
#1466 = CARTESIAN_POINT ( 'NONE',  ( 38814.98519672006660, 38774.59816958910233, 11220.32068553694080 ) ) ;
#1467 = VERTEX_POINT ( 'NONE', #529 ) ;
#1468 = AXIS2_PLACEMENT_3D ( 'NONE', #2425, #426, #3683 ) ;
#1469 = DIRECTION ( 'NONE',  ( -1.000000000000000000, 0.000000000000000000, 0.000000000000000000 ) ) ;
#1470 = DIRECTION ( 'NONE',  ( 0.000000000000000000, -0.000000000000000000, -1.000000000000000000 ) ) ;
#1471 = CARTESIAN_POINT ( 'NONE',  ( 38784.49018900922965, 38807.47343246312812, 11228.32068553693898 ) ) ;
#1472 = ORIENTED_EDGE ( 'NONE', *, *, #3044, .T. ) ;
#1473 = DIRECTION ( 'NONE',  ( -0.000000000000000000, -0.000000000000000000, -1.000000000000000000 ) ) ;
#1474 = EDGE_CURVE ( 'NONE', #414, #4052, #2934, .T. ) ;
#1475 = AXIS2_PLACEMENT_3D ( 'NONE', #2547, #622, #1932 ) ;
#1476 = DIRECTION ( 'NONE',  ( 0.000000000000000000, 0.000000000000000000, -1.000000000000000000 ) ) ;
#1477 = ORIENTED_EDGE ( 'NONE', *, *, #3321, .T. ) ;
#1478 = EDGE_CURVE ( 'NONE', #2494, #2808, #2104, .T. ) ;
#1479 = EDGE_CURVE ( 'NONE', #1099, #2551, #1345, .T. ) ;
#1480 = VECTOR ( 'NONE', #2399, 1000.000000000000000 ) ;
#1481 = DIRECTION ( 'NONE',  ( -1.000000000000000000, 0.000000000000000000, 0.000000000000000000 ) ) ;
#1482 = EDGE_CURVE ( 'NONE', #4201, #1297, #1881, .T. ) ;
#1483 = AXIS2_PLACEMENT_3D ( 'NONE', #2581, #3900, #3017 ) ;
#1484 = CIRCLE ( 'NONE', #1745, 1.006105236832866012 ) ;
#1485 = CIRCLE ( 'NONE', #1412, 29.35410264610283093 ) ;
#1486 = VERTEX_POINT ( 'NONE', #3210 ) ;
#1487 = AXIS2_PLACEMENT_3D ( 'NONE', #1340, #2055, #3674 ) ;
#1488 = DIRECTION ( 'NONE',  ( -0.000000000000000000, -0.000000000000000000, -1.000000000000000000 ) ) ;
#1489 = CARTESIAN_POINT ( 'NONE',  ( 38851.19181988930359, 38794.46198997675674, 11228.32068553693898 ) ) ;
#1490 = VERTEX_POINT ( 'NONE', #1928 ) ;
#1491 = AXIS2_PLACEMENT_3D ( 'NONE', #2870, #3191, #3516 ) ;
#1492 = AXIS2_PLACEMENT_3D ( 'NONE', #3393, #131, #1428 ) ;
#1493 = VERTEX_POINT ( 'NONE', #3858 ) ;
#1494 = CARTESIAN_POINT ( 'NONE',  ( 38846.65962737027439, 38793.94933902179764, 11228.32068553693898 ) ) ;
#1495 = CARTESIAN_POINT ( 'NONE',  ( 38815.88593523276359, 38815.88593523273448, 11238.32068553693898 ) ) ;
#1496 = VERTEX_POINT ( 'NONE', #1946 ) ;
#1497 = CIRCLE ( 'NONE', #353, 1.006105236833839900 ) ;
#1498 = DIRECTION ( 'NONE',  ( -1.000000000000000000, 0.000000000000000000, 0.000000000000000000 ) ) ;
#1499 = DIRECTION ( 'NONE',  ( -1.000000000000000000, 0.000000000000000000, 0.000000000000000000 ) ) ;
#1500 = AXIS2_PLACEMENT_3D ( 'NONE', #3760, #1835, #4069 ) ;
#1501 = ORIENTED_EDGE ( 'NONE', *, *, #1511, .F. ) ;
#1502 = EDGE_CURVE ( 'NONE', #2789, #2155, #3756, .T. ) ;
#1503 = CARTESIAN_POINT ( 'NONE',  ( 38822.13470568844059, 38778.61413290325436, 11220.32068553694080 ) ) ;
#1504 = ORIENTED_EDGE ( 'NONE', *, *, #1186, .F. ) ;
#1505 = DIRECTION ( 'NONE',  ( -1.000000000000000000, -7.062310280749839250E-12, 0.000000000000000000 ) ) ;
#1506 = ADVANCED_FACE ( 'NONE', ( #3579 ), #2560, .T. ) ;
#1507 = VERTEX_POINT ( 'NONE', #316 ) ;
#1508 = DIRECTION ( 'NONE',  ( 0.000000000000000000, -0.000000000000000000, -1.000000000000000000 ) ) ;
#1509 = DIRECTION ( 'NONE',  ( 0.8660254037833950980, -0.5000000000018076651, 0.000000000000000000 ) ) ;
#1510 = ORIENTED_EDGE ( 'NONE', *, *, #2370, .T. ) ;
#1511 = EDGE_CURVE ( 'NONE', #1385, #3614, #1004, .T. ) ;
#1512 = ORIENTED_EDGE ( 'NONE', *, *, #2397, .F. ) ;
#1513 = DIRECTION ( 'NONE',  ( -0.000000000000000000, -0.000000000000000000, -1.000000000000000000 ) ) ;
#1514 = DIRECTION ( 'NONE',  ( 0.7071067811865474617, 0.7071067811865474617, 0.000000000000000000 ) ) ;
#1515 = VERTEX_POINT ( 'NONE', #2278 ) ;
#1516 = CARTESIAN_POINT ( 'NONE',  ( 38844.03461804297694, 38799.63432793279935, 11228.32068553693898 ) ) ;
#1517 = DIRECTION ( 'NONE',  ( 1.000000000000000000, 0.000000000000000000, 0.000000000000000000 ) ) ;
#1518 = ORIENTED_EDGE ( 'NONE', *, *, #731, .F. ) ;
#1519 = CARTESIAN_POINT ( 'NONE',  ( 38808.47278478684893, 38847.16530843225337, 11228.32068553693898 ) ) ;
#1520 = ORIENTED_EDGE ( 'NONE', *, *, #2752, .T. ) ;
#1521 = DIRECTION ( 'NONE',  ( -0.000000000000000000, -0.000000000000000000, 1.000000000000000000 ) ) ;
#1522 = AXIS2_PLACEMENT_3D ( 'NONE', #1516, #1838, #4172 ) ;
#1523 = EDGE_CURVE ( 'NONE', #260, #163, #2519, .T. ) ;
#1524 = CARTESIAN_POINT ( 'NONE',  ( 38819.67145301531127, 38777.07014211831120, 11220.32068553694080 ) ) ;
#1525 = ORIENTED_EDGE ( 'NONE', *, *, #3537, .T. ) ;
#1526 = LINE ( 'NONE', #2846, #541 ) ;
#1527 = DIRECTION ( 'NONE',  ( 0.000000000000000000, -0.000000000000000000, 1.000000000000000000 ) ) ;
#1528 = ORIENTED_EDGE ( 'NONE', *, *, #1347, .F. ) ;
#1529 = ADVANCED_FACE ( 'NONE', ( #1587 ), #3598, .T. ) ;
#1530 = VERTEX_POINT ( 'NONE', #1289 ) ;
#1531 = CYLINDRICAL_SURFACE ( 'NONE', #1203, 29.35410264610283093 ) ;
#1532 = EDGE_CURVE ( 'NONE', #1283, #2155, #2381, .T. ) ;
#1533 = EDGE_LOOP ( 'NONE', ( #2548, #1477, #3689, #2968, #4100, #661, #2612, #3322, #2123, #3304, #2911, #483, #2504, #1545, #4018, #456, #1781, #210, #997, #2496, #26, #1145, #623, #893, #1063, #3375, #1097, #1902, #1864, #470, #2447, #1459, #2987, #1879, #4147, #3870, #2765, #2549, #1337, #1418, #4013, #3750, #45, #1673, #497, #2537, #1182, #921, #3666, #1274, #168, #2349, #184, #634, #419, #2886, #1169, #3244, #1075, #4175, #4015, #106, #3267, #3347, #2530, #2186, #2332, #3883, #581, #3536, #3301, #2246, #305, #2327, #2568, #3025, #1455, #705, #1643, #502, #3204, #1768, #2823, #43, #2223, #1472, #1160, #2672, #808, #2253, #1836, #3787, #3507, #3578, #3849, #843, #1381, #3343, #430, #3205, #22, #4161, #3958, #311, #707, #684 ) ) ;
#1534 = ADVANCED_FACE ( 'NONE', ( #249 ), #1541, .T. ) ;
#1535 = DIRECTION ( 'NONE',  ( -0.2588190451017443605, 0.9659258262892763680, 0.000000000000000000 ) ) ;
#1536 = CARTESIAN_POINT ( 'NONE',  ( 38793.82632382885640, 38792.50372684634931, 11220.32068553694080 ) ) ;
#1537 = DIRECTION ( 'NONE',  ( -0.000000000000000000, -0.000000000000000000, -1.000000000000000000 ) ) ;
#1538 = ORIENTED_EDGE ( 'NONE', *, *, #2344, .T. ) ;
#1539 = CARTESIAN_POINT ( 'NONE',  ( 38784.49017004761117, 38824.29836723661720, 11228.32068553693898 ) ) ;
#1540 = EDGE_LOOP ( 'NONE', ( #1853, #2285, #3865, #875 ) ) ;
#1541 = CYLINDRICAL_SURFACE ( 'NONE', #1140, 36.00013749699115806 ) ;
#1542 = AXIS2_PLACEMENT_3D ( 'NONE', #2482, #253, #3473 ) ;
#1543 = DIRECTION ( 'NONE',  ( -0.000000000000000000, -0.000000000000000000, 1.000000000000000000 ) ) ;
#1544 = VECTOR ( 'NONE', #4005, 1000.000000000000114 ) ;
#1545 = ORIENTED_EDGE ( 'NONE', *, *, #1633, .F. ) ;
#1546 = DIRECTION ( 'NONE',  ( -0.000000000000000000, 0.000000000000000000, 1.000000000000000000 ) ) ;
#1547 = CIRCLE ( 'NONE', #2582, 29.35410264610283093 ) ;
#1548 = FACE_OUTER_BOUND ( 'NONE', #3846, .T. ) ;
#1549 = ORIENTED_EDGE ( 'NONE', *, *, #1220, .F. ) ;
#1550 = CIRCLE ( 'NONE', #3413, 36.00013749699115806 ) ;
#1551 = AXIS2_PLACEMENT_3D ( 'NONE', #4077, #1847, #3170 ) ;
#1552 = VERTEX_POINT ( 'NONE', #2630 ) ;
#1553 = EDGE_CURVE ( 'NONE', #1486, #71, #4038, .T. ) ;
#1554 = DIRECTION ( 'NONE',  ( -0.000000000000000000, -0.000000000000000000, -1.000000000000000000 ) ) ;
#1555 = CIRCLE ( 'NONE', #896, 1.006105236832866012 ) ;
#1556 = VECTOR ( 'NONE', #1827, 1000.000000000000000 ) ;
#1557 = EDGE_LOOP ( 'NONE', ( #1291, #3242, #1703, #3431 ) ) ;
#1558 = AXIS2_PLACEMENT_3D ( 'NONE', #593, #972, #3906 ) ;
#1559 = CIRCLE ( 'NONE', #69, 38.99994794847572166 ) ;
#1560 = EDGE_CURVE ( 'NONE', #3127, #2960, #4220, .T. ) ;
#1561 = CARTESIAN_POINT ( 'NONE',  ( 38793.19968410938600, 38847.60863924659498, 11220.32068553694080 ) ) ;
#1562 = DIRECTION ( 'NONE',  ( -0.000000000000000000, -0.000000000000000000, 1.000000000000000000 ) ) ;
#1563 = ORIENTED_EDGE ( 'NONE', *, *, #1862, .F. ) ;
#1564 = AXIS2_PLACEMENT_3D ( 'NONE', #667, #2856, #1901 ) ;
#1565 = ORIENTED_EDGE ( 'NONE', *, *, #2962, .T. ) ;
#1566 = CIRCLE ( 'NONE', #5, 1.006105236832866012 ) ;
#1567 = LINE ( 'NONE', #3528, #1060 ) ;
#1568 = ORIENTED_EDGE ( 'NONE', *, *, #3691, .F. ) ;
#1569 = DIRECTION ( 'NONE',  ( -1.000000000000000000, 0.000000000000000000, 0.000000000000000000 ) ) ;
#1570 = DIRECTION ( 'NONE',  ( -0.000000000000000000, -0.000000000000000000, 1.000000000000000000 ) ) ;
#1571 = VERTEX_POINT ( 'NONE', #1908 ) ;
#1572 = DIRECTION ( 'NONE',  ( -0.7071067811865474617, 0.7071067811865474617, 0.000000000000000000 ) ) ;
#1573 = CARTESIAN_POINT ( 'NONE',  ( 38815.88593523276359, 38815.88593523273448, 11228.32068553693898 ) ) ;
#1574 = EDGE_LOOP ( 'NONE', ( #3448, #1950, #3653, #2094 ) ) ;
#1575 = ORIENTED_EDGE ( 'NONE', *, *, #3005, .T. ) ;
#1576 = CARTESIAN_POINT ( 'NONE',  ( 38815.88593523276359, 38815.88593523273448, 11228.32068553693898 ) ) ;
#1577 = ORIENTED_EDGE ( 'NONE', *, *, #1479, .F. ) ;
#1578 = EDGE_CURVE ( 'NONE', #2132, #2896, #2235, .T. ) ;
#1579 = DIRECTION ( 'NONE',  ( 0.000000000000000000, -0.000000000000000000, -1.000000000000000000 ) ) ;
#1580 = CARTESIAN_POINT ( 'NONE',  ( 38852.39934817218455, 38829.58873113354639, 11228.32068553693898 ) ) ;
#1581 = CARTESIAN_POINT ( 'NONE',  ( 38802.66162802506005, 38780.48322234272928, 11220.32068553694080 ) ) ;
#1582 = ORIENTED_EDGE ( 'NONE', *, *, #984, .T. ) ;
#1583 = ORIENTED_EDGE ( 'NONE', *, *, #3142, .T. ) ;
#1584 = ADVANCED_FACE ( 'NONE', ( #3236 ), #1861, .T. ) ;
#1585 = FACE_OUTER_BOUND ( 'NONE', #2903, .T. ) ;
#1586 = DIRECTION ( 'NONE',  ( 0.000000000000000000, 0.000000000000000000, -1.000000000000000000 ) ) ;
#1587 = FACE_OUTER_BOUND ( 'NONE', #491, .T. ) ;
#1588 = DIRECTION ( 'NONE',  ( -1.000000000000000000, 0.000000000000000000, 0.000000000000000000 ) ) ;
#1589 = ORIENTED_EDGE ( 'NONE', *, *, #2479, .T. ) ;
#1590 = DIRECTION ( 'NONE',  ( 0.000000000000000000, 0.000000000000000000, -1.000000000000000000 ) ) ;
#1591 = CARTESIAN_POINT ( 'NONE',  ( 38837.86314421558200, 38792.90267281718843, 11228.32068553693898 ) ) ;
#1592 = ORIENTED_EDGE ( 'NONE', *, *, #3747, .T. ) ;
#1593 = ORIENTED_EDGE ( 'NONE', *, *, #682, .F. ) ;
#1594 = AXIS2_PLACEMENT_3D ( 'NONE', #3269, #3577, #3596 ) ;
#1595 = DIRECTION ( 'NONE',  ( -0.4999999999999361067, 0.8660254037844756780, 0.000000000000000000 ) ) ;
#1596 = ORIENTED_EDGE ( 'NONE', *, *, #2299, .F. ) ;
#1597 = DIRECTION ( 'NONE',  ( 0.000000000000000000, 0.000000000000000000, -1.000000000000000000 ) ) ;
#1598 = DIRECTION ( 'NONE',  ( 0.000000000000000000, -0.000000000000000000, -1.000000000000000000 ) ) ;
#1599 = CARTESIAN_POINT ( 'NONE',  ( 38844.03458141195006, 38832.13760597947839, 11228.32068553693898 ) ) ;
#1600 = VERTEX_POINT ( 'NONE', #2891 ) ;
#1601 = ORIENTED_EDGE ( 'NONE', *, *, #3806, .T. ) ;
#1602 = SURFACE_SIDE_STYLE ('',( #14 ) ) ;
#1603 = ORIENTED_EDGE ( 'NONE', *, *, #3110, .F. ) ;
#1604 = ADVANCED_FACE ( 'NONE', ( #3875 ), #1243, .T. ) ;
#1605 = CARTESIAN_POINT ( 'NONE',  ( 38781.50143957277760, 38800.20343417888216, 11228.32068553693898 ) ) ;
#1606 = EDGE_CURVE ( 'NONE', #350, #3161, #617, .T. ) ;
#1607 = CYLINDRICAL_SURFACE ( 'NONE', #3687, 1.006105236832866012 ) ;
#1608 = EDGE_CURVE ( 'NONE', #3798, #744, #401, .T. ) ;
#1609 = EDGE_LOOP ( 'NONE', ( #1577, #4216, #3816, #3584 ) ) ;
#1610 = EDGE_CURVE ( 'NONE', #3614, #1057, #937, .T. ) ;
#1611 = CARTESIAN_POINT ( 'NONE',  ( 38839.26809181504359, 38837.94559844073228, 11228.32068553693898 ) ) ;
#1612 = LINE ( 'NONE', #1952, #2656 ) ;
#1613 = VERTEX_POINT ( 'NONE', #4010 ) ;
#1614 = CIRCLE ( 'NONE', #3823, 29.35410264610283093 ) ;
#1615 = VERTEX_POINT ( 'NONE', #2737 ) ;
#1616 = AXIS2_PLACEMENT_3D ( 'NONE', #2115, #3438, #1787 ) ;
#1617 = FACE_OUTER_BOUND ( 'NONE', #3047, .T. ) ;
#1618 =( GEOMETRIC_REPRESENTATION_CONTEXT ( 3 ) GLOBAL_UNCERTAINTY_ASSIGNED_CONTEXT ( ( #127 ) ) GLOBAL_UNIT_ASSIGNED_CONTEXT ( ( #793, #2438, #2093 ) ) REPRESENTATION_CONTEXT ( 'NONE', 'WORKASPACE' ) );
#1619 = ORIENTED_EDGE ( 'NONE', *, *, #2625, .F. ) ;
#1620 = CIRCLE ( 'NONE', #4036, 38.99994794847572166 ) ;
#1621 = AXIS2_PLACEMENT_3D ( 'NONE', #846, #1521, #3470 ) ;
#1622 = CARTESIAN_POINT ( 'NONE',  ( 38783.75371630959853, 38814.95071793763782, 11220.32068553694080 ) ) ;
#1623 = CARTESIAN_POINT ( 'NONE',  ( 38854.70172834718687, 38819.67145301528217, 11228.32068553693898 ) ) ;
#1624 = AXIS2_PLACEMENT_3D ( 'NONE', #4067, #47, #1043 ) ;
#1625 = DIRECTION ( 'NONE',  ( 0.7071067811876368125, -0.7071067811854582219, 0.000000000000000000 ) ) ;
#1626 = ORIENTED_EDGE ( 'NONE', *, *, #1889, .F. ) ;
#1627 = ORIENTED_EDGE ( 'NONE', *, *, #2888, .T. ) ;
#1628 = VECTOR ( 'NONE', #2175, 1000.000000000000000 ) ;
#1629 = LINE ( 'NONE', #946, #1117 ) ;
#1630 = ORIENTED_EDGE ( 'NONE', *, *, #1080, .T. ) ;
#1631 = DIRECTION ( 'NONE',  ( 0.9659258262890653146, -0.2588190451025316197, 0.000000000000000000 ) ) ;
#1632 = CIRCLE ( 'NONE', #618, 38.99994794847572166 ) ;
#1633 = EDGE_CURVE ( 'NONE', #3604, #4137, #2865, .T. ) ;
#1634 = DIRECTION ( 'NONE',  ( 0.000000000000000000, 0.000000000000000000, -1.000000000000000000 ) ) ;
#1635 = ORIENTED_EDGE ( 'NONE', *, *, #3646, .F. ) ;
#1636 = DIRECTION ( 'NONE',  ( -1.000000000000000000, 0.000000000000000000, 0.000000000000000000 ) ) ;
#1637 = VECTOR ( 'NONE', #4006, 1000.000000000000000 ) ;
#1638 = CARTESIAN_POINT ( 'NONE',  ( 38815.88593523276359, 38815.88593523273448, 11232.32068553693898 ) ) ;
#1639 = ORIENTED_EDGE ( 'NONE', *, *, #909, .F. ) ;
#1640 = ADVANCED_FACE ( 'NONE', ( #2696 ), #2712, .T. ) ;
#1641 = ORIENTED_EDGE ( 'NONE', *, *, #646, .T. ) ;
#1642 = DIRECTION ( 'NONE',  ( -1.000000000000000000, -7.062310280749839250E-12, 0.000000000000000000 ) ) ;
#1643 = ORIENTED_EDGE ( 'NONE', *, *, #1058, .F. ) ;
#1644 = CARTESIAN_POINT ( 'NONE',  ( 38838.86924945241481, 38792.90267281718843, 11228.32068553693898 ) ) ;
#1645 = DIRECTION ( 'NONE',  ( -0.000000000000000000, -0.000000000000000000, 1.000000000000000000 ) ) ;
#1646 = FACE_OUTER_BOUND ( 'NONE', #2410, .T. ) ;
#1647 = ORIENTED_EDGE ( 'NONE', *, *, #839, .F. ) ;
#1648 = LINE ( 'NONE', #1260, #2453 ) ;
#1649 = DIRECTION ( 'NONE',  ( -1.000000000000000000, 0.000000000000000000, 0.000000000000000000 ) ) ;
#1650 = CARTESIAN_POINT ( 'NONE',  ( 38815.88593523276359, 38815.88593523273448, 11220.32068553694080 ) ) ;
#1651 = CARTESIAN_POINT ( 'NONE',  ( 38783.75371630959853, 38816.82107926576282, 11220.32068553694080 ) ) ;
#1652 = ORIENTED_EDGE ( 'NONE', *, *, #1478, .T. ) ;
#1653 = CYLINDRICAL_SURFACE ( 'NONE', #3220, 38.99994794847572166 ) ;
#1654 = CARTESIAN_POINT ( 'NONE',  ( 38816.82107926579192, 38848.01815415589954, 11297.12068858869679 ) ) ;
#1655 = EDGE_CURVE ( 'NONE', #2575, #1325, #3681, .T. ) ;
#1656 = ORIENTED_EDGE ( 'NONE', *, *, #1970, .F. ) ;
#1657 = ORIENTED_EDGE ( 'NONE', *, *, #2489, .F. ) ;
#1658 = DIRECTION ( 'NONE',  ( -0.000000000000000000, 0.000000000000000000, 1.000000000000000000 ) ) ;
#1659 = EDGE_CURVE ( 'NONE', #1172, #2266, #1276, .T. ) ;
#1660 = ORIENTED_EDGE ( 'NONE', *, *, #2119, .T. ) ;
#1661 = AXIS2_PLACEMENT_3D ( 'NONE', #4134, #879, #3163 ) ;
#1662 = FACE_OUTER_BOUND ( 'NONE', #3058, .T. ) ;
#1663 = EDGE_CURVE ( 'NONE', #1205, #942, #3317, .T. ) ;
#1664 = CARTESIAN_POINT ( 'NONE',  ( 38829.11024244048167, 38851.28864812273241, 11220.32068553694080 ) ) ;
#1665 = DIRECTION ( 'NONE',  ( 0.000000000000000000, 0.000000000000000000, -1.000000000000000000 ) ) ;
#1666 = DIRECTION ( 'NONE',  ( -1.000000000000000000, 0.000000000000000000, 0.000000000000000000 ) ) ;
#1667 = ADVANCED_FACE ( 'NONE', ( #1714 ), #1973, .F. ) ;
#1668 = ORIENTED_EDGE ( 'NONE', *, *, #3056, .T. ) ;
#1669 = DIRECTION ( 'NONE',  ( -0.000000000000000000, -0.000000000000000000, 1.000000000000000000 ) ) ;
#1670 = CARTESIAN_POINT ( 'NONE',  ( 38794.17423717839119, 38805.65841512297629, 11232.32068553693898 ) ) ;
#1671 = CARTESIAN_POINT ( 'NONE',  ( 38816.78667374546058, 38857.17370087636664, 11228.32068553693898 ) ) ;
#1672 = LINE ( 'NONE', #2993, #3896 ) ;
#1673 = ORIENTED_EDGE ( 'NONE', *, *, #2830, .F. ) ;
#1674 = CARTESIAN_POINT ( 'NONE',  ( 38829.11024244048167, 38851.28864812273241, 11228.32068553693898 ) ) ;
#1675 = ORIENTED_EDGE ( 'NONE', *, *, #567, .T. ) ;
#1676 = AXIS2_PLACEMENT_3D ( 'NONE', #3619, #638, #1929 ) ;
#1677 = ORIENTED_EDGE ( 'NONE', *, *, #1606, .F. ) ;
#1678 = FACE_OUTER_BOUND ( 'NONE', #1223, .T. ) ;
#1679 = AXIS2_PLACEMENT_3D ( 'NONE', #3156, #1851, #1807 ) ;
#1680 = CARTESIAN_POINT ( 'NONE',  ( 38779.67931206353387, 38796.02211484508007, 11220.32068553694080 ) ) ;
#1681 = ORIENTED_EDGE ( 'NONE', *, *, #2615, .F. ) ;
#1682 = AXIS2_PLACEMENT_3D ( 'NONE', #2346, #383, #406 ) ;
#1683 = EDGE_CURVE ( 'NONE', #957, #2897, #680, .T. ) ;
#1684 = DIRECTION ( 'NONE',  ( -1.000000000000000000, 0.000000000000000000, 0.000000000000000000 ) ) ;
#1685 = CARTESIAN_POINT ( 'NONE',  ( 38852.39934817218455, 38829.58873113354639, 11228.32068553693898 ) ) ;
#1686 = VECTOR ( 'NONE', #1834, 1000.000000000000000 ) ;
#1687 = DIRECTION ( 'NONE',  ( 0.8660254037867567423, 0.4999999999959848784, 0.000000000000000000 ) ) ;
#1688 = ORIENTED_EDGE ( 'NONE', *, *, #119, .T. ) ;
#1689 = AXIS2_PLACEMENT_3D ( 'NONE', #2805, #1194, #3105 ) ;
#1690 = AXIS2_PLACEMENT_3D ( 'NONE', #1298, #934, #1595 ) ;
#1691 = ADVANCED_FACE ( 'NONE', ( #2361 ), #2650, .F. ) ;
#1692 = AXIS2_PLACEMENT_3D ( 'NONE', #1995, #4031, #2063 ) ;
#1693 = CYLINDRICAL_SURFACE ( 'NONE', #1783, 38.99994794847572166 ) ;
#1694 = DIRECTION ( 'NONE',  ( 0.000000000000000000, -0.000000000000000000, -1.000000000000000000 ) ) ;
#1695 = AXIS2_PLACEMENT_3D ( 'NONE', #178, #3383, #1094 ) ;
#1696 = CARTESIAN_POINT ( 'NONE',  ( 38777.41300560284435, 38809.49612884479575, 11228.32068553693898 ) ) ;
#1697 = CIRCLE ( 'NONE', #2248, 1.006105236832866012 ) ;
#1698 = AXIS2_PLACEMENT_3D ( 'NONE', #1778, #4029, #3079 ) ;
#1699 = LINE ( 'NONE', #3647, #996 ) ;
#1700 = ORIENTED_EDGE ( 'NONE', *, *, #2959, .T. ) ;
#1701 = DIRECTION ( 'NONE',  ( -0.000000000000000000, -0.000000000000000000, 1.000000000000000000 ) ) ;
#1702 = ORIENTED_EDGE ( 'NONE', *, *, #1795, .F. ) ;
#1703 = ORIENTED_EDGE ( 'NONE', *, *, #783, .F. ) ;
#1704 = AXIS2_PLACEMENT_3D ( 'NONE', #3332, #1388, #393 ) ;
#1705 = DIRECTION ( 'NONE',  ( -0.000000000000000000, 0.000000000000000000, -1.000000000000000000 ) ) ;
#1706 = DIRECTION ( 'NONE',  ( -0.000000000000000000, -0.000000000000000000, 1.000000000000000000 ) ) ;
#1707 = EDGE_LOOP ( 'NONE', ( #3186, #3685, #993, #1525 ) ) ;
#1708 = DIRECTION ( 'NONE',  ( -0.000000000000000000, -0.000000000000000000, -1.000000000000000000 ) ) ;
#1709 = DIRECTION ( 'NONE',  ( -0.000000000000000000, 0.000000000000000000, 1.000000000000000000 ) ) ;
#1710 = DIRECTION ( 'NONE',  ( 0.2588190451025316197, 0.9659258262890653146, 0.000000000000000000 ) ) ;
#1711 = VERTEX_POINT ( 'NONE', #1009 ) ;
#1712 = EDGE_CURVE ( 'NONE', #2688, #547, #129, .T. ) ;
#1713 = CYLINDRICAL_SURFACE ( 'NONE', #2875, 36.00013749699115806 ) ;
#1714 = FACE_OUTER_BOUND ( 'NONE', #2922, .T. ) ;
#1715 = EDGE_CURVE ( 'NONE', #3556, #2010, #3004, .T. ) ;
#1716 = CARTESIAN_POINT ( 'NONE',  ( 38815.88593523276359, 38815.88593523273448, 11220.32068553694080 ) ) ;
#1717 = VERTEX_POINT ( 'NONE', #1031 ) ;
#1718 = DIRECTION ( 'NONE',  ( -0.000000000000000000, -0.000000000000000000, 1.000000000000000000 ) ) ;
#1719 = EDGE_CURVE ( 'NONE', #3597, #2132, #3354, .T. ) ;
#1720 = VERTEX_POINT ( 'NONE', #2325 ) ;
#1721 = ORIENTED_EDGE ( 'NONE', *, *, #1663, .F. ) ;
#1722 = DIRECTION ( 'NONE',  ( -1.000000000000000000, 0.000000000000000000, 0.000000000000000000 ) ) ;
#1723 = DIRECTION ( 'NONE',  ( -0.000000000000000000, -0.000000000000000000, 1.000000000000000000 ) ) ;
#1724 = ORIENTED_EDGE ( 'NONE', *, *, #1606, .T. ) ;
#1725 = DIRECTION ( 'NONE',  ( -1.000000000000000000, 0.000000000000000000, 0.000000000000000000 ) ) ;
#1726 = LINE ( 'NONE', #2007, #1544 ) ;
#1727 = CARTESIAN_POINT ( 'NONE',  ( 38819.49673875523877, 38853.50503249752364, 11220.32068553694080 ) ) ;
#1728 = ORIENTED_EDGE ( 'NONE', *, *, #322, .F. ) ;
#1729 = VECTOR ( 'NONE', #1814, 1000.000000000000000 ) ;
#1730 = CARTESIAN_POINT ( 'NONE',  ( 38785.76225941007579, 38840.65608046673879, 11228.32068553693898 ) ) ;
#1731 = FACE_OUTER_BOUND ( 'NONE', #3043, .T. ) ;
#1732 = CARTESIAN_POINT ( 'NONE',  ( 38815.88593523276359, 38815.88593523273448, 11220.32068553694080 ) ) ;
#1733 = DIRECTION ( 'NONE',  ( -0.000000000000000000, 0.000000000000000000, -1.000000000000000000 ) ) ;
#1734 = EDGE_CURVE ( 'NONE', #1917, #1333, #2450, .T. ) ;
#1735 = FACE_OUTER_BOUND ( 'NONE', #3843, .T. ) ;
#1736 = ORIENTED_EDGE ( 'NONE', *, *, #2295, .T. ) ;
#1737 = CARTESIAN_POINT ( 'NONE',  ( 38815.88593523276359, 38815.88593523273448, 11220.32068553694080 ) ) ;
#1738 = ADVANCED_FACE ( 'NONE', ( #3616 ), #3663, .T. ) ;
#1739 = EDGE_CURVE ( 'NONE', #1297, #863, #1354, .T. ) ;
#1740 = EDGE_LOOP ( 'NONE', ( #895, #394, #232, #2958 ) ) ;
#1741 = CYLINDRICAL_SURFACE ( 'NONE', #4043, 36.00013749699115806 ) ;
#1742 = DIRECTION ( 'NONE',  ( -0.000000000000000000, -0.000000000000000000, 1.000000000000000000 ) ) ;
#1743 = ORIENTED_EDGE ( 'NONE', *, *, #2190, .T. ) ;
#1744 = DIRECTION ( 'NONE',  ( -1.000000000000000000, 0.000000000000000000, 0.000000000000000000 ) ) ;
#1745 = AXIS2_PLACEMENT_3D ( 'NONE', #165, #464, #1458 ) ;
#1746 = LINE ( 'NONE', #1685, #3688 ) ;
#1747 = FACE_BOUND ( 'NONE', #1937, .T. ) ;
#1748 = SHAPE_DEFINITION_REPRESENTATION ( #241, #2424 ) ;
#1749 = VERTEX_POINT ( 'NONE', #2679 ) ;
#1750 = CIRCLE ( 'NONE', #2227, 29.35410264610328568 ) ;
#1751 = DIRECTION ( 'NONE',  ( -0.000000000000000000, -0.000000000000000000, -1.000000000000000000 ) ) ;
#1752 = FACE_OUTER_BOUND ( 'NONE', #3487, .T. ) ;
#1753 = VECTOR ( 'NONE', #3753, 1000.000000000000000 ) ;
#1754 = CARTESIAN_POINT ( 'NONE',  ( 38791.11578999875928, 38785.76225941004668, 11220.32068553694080 ) ) ;
#1755 = AXIS2_PLACEMENT_3D ( 'NONE', #1940, #1324, #1625 ) ;
#1756 = FACE_OUTER_BOUND ( 'NONE', #3864, .T. ) ;
#1757 = CIRCLE ( 'NONE', #604, 38.99994794847572166 ) ;
#1758 = CIRCLE ( 'NONE', #3623, 36.00013749699115806 ) ;
#1759 = CARTESIAN_POINT ( 'NONE',  ( 38807.47343246315722, 38847.28168145626842, 11228.32068553693898 ) ) ;
#1760 = AXIS2_PLACEMENT_3D ( 'NONE', #679, #3298, #362 ) ;
#1761 = CARTESIAN_POINT ( 'NONE',  ( 38799.75613979437912, 38851.28864812273241, 11228.32068553693898 ) ) ;
#1762 = EDGE_CURVE ( 'NONE', #355, #225, #2523, .T. ) ;
#1763 = CIRCLE ( 'NONE', #4180, 1.006105236832866012 ) ;
#1764 = VERTEX_POINT ( 'NONE', #2128 ) ;
#1765 = DIRECTION ( 'NONE',  ( -0.8660254037843759800, -0.5000000000001085798, 0.000000000000000000 ) ) ;
#1766 = VECTOR ( 'NONE', #4055, 1000.000000000000000 ) ;
#1767 = DIRECTION ( 'NONE',  ( -0.000000000000000000, -0.000000000000000000, 1.000000000000000000 ) ) ;
#1768 = ORIENTED_EDGE ( 'NONE', *, *, #1379, .T. ) ;
#1769 = ADVANCED_FACE ( 'NONE', ( #3744 ), #4119, .T. ) ;
#1770 = AXIS2_PLACEMENT_3D ( 'NONE', #1153, #2473, #3792 ) ;
#1771 = CYLINDRICAL_SURFACE ( 'NONE', #3703, 36.00013749699115806 ) ;
#1772 = DIRECTION ( 'NONE',  ( -0.000000000000000000, -0.000000000000000000, 1.000000000000000000 ) ) ;
#1773 = DIRECTION ( 'NONE',  ( 1.000000000000000000, 0.000000000000000000, 0.000000000000000000 ) ) ;
#1774 = DIRECTION ( 'NONE',  ( 0.000000000000000000, 0.000000000000000000, 1.000000000000000000 ) ) ;
#1775 = ORIENTED_EDGE ( 'NONE', *, *, #2379, .F. ) ;
#1776 = AXIS2_PLACEMENT_3D ( 'NONE', #4025, #109, #753 ) ;
#1777 = LINE ( 'NONE', #3767, #1903 ) ;
#1778 = CARTESIAN_POINT ( 'NONE',  ( 38816.78667374546058, 38857.17370087636664, 11220.32068553694080 ) ) ;
#1779 = LINE ( 'NONE', #181, #3552 ) ;
#1780 = CARTESIAN_POINT ( 'NONE',  ( 38854.35886486268282, 38822.27574162066594, 11228.32068553693898 ) ) ;
#1781 = ORIENTED_EDGE ( 'NONE', *, *, #2979, .T. ) ;
#1782 = DIRECTION ( 'NONE',  ( 0.000000000000000000, 0.000000000000000000, -1.000000000000000000 ) ) ;
#1783 = AXIS2_PLACEMENT_3D ( 'NONE', #3052, #3397, #136 ) ;
#1784 = ORIENTED_EDGE ( 'NONE', *, *, #3333, .F. ) ;
#1785 = EDGE_CURVE ( 'NONE', #3593, #2233, #1438, .T. ) ;
#1786 = CARTESIAN_POINT ( 'NONE',  ( 38815.88593523276359, 38815.88593523273448, 11228.32068553693898 ) ) ;
#1787 = DIRECTION ( 'NONE',  ( -1.000000000000000000, 0.000000000000000000, 0.000000000000000000 ) ) ;
#1788 = VERTEX_POINT ( 'NONE', #1155 ) ;
#1789 = DIRECTION ( 'NONE',  ( 0.000000000000000000, 0.000000000000000000, -1.000000000000000000 ) ) ;
#1790 = EDGE_CURVE ( 'NONE', #3241, #2499, #1095, .T. ) ;
#1791 = DIRECTION ( 'NONE',  ( -1.000000000000000000, 0.000000000000000000, 0.000000000000000000 ) ) ;
#1792 = CARTESIAN_POINT ( 'NONE',  ( 38844.03461804297694, 38799.63432793279935, 11220.32068553694080 ) ) ;
#1793 = VERTEX_POINT ( 'NONE', #4074 ) ;
#1794 = PRODUCT_RELATED_PRODUCT_CATEGORY ( 'part', '', ( #2807 ) ) ;
#1795 = EDGE_CURVE ( 'NONE', #3861, #2551, #2406, .T. ) ;
#1796 = CARTESIAN_POINT ( 'NONE',  ( 38829.58866539050359, 38852.39937284422194, 11220.32068553694080 ) ) ;
#1797 = DIRECTION ( 'NONE',  ( -0.000000000000000000, -0.000000000000000000, -1.000000000000000000 ) ) ;
#1798 = DIRECTION ( 'NONE',  ( 0.2588190451006249782, -0.9659258262895762392, 0.000000000000000000 ) ) ;
#1799 = ORIENTED_EDGE ( 'NONE', *, *, #3779, .T. ) ;
#1800 = ORIENTED_EDGE ( 'NONE', *, *, #1080, .F. ) ;
#1801 = FACE_OUTER_BOUND ( 'NONE', #3294, .T. ) ;
#1802 = AXIS2_PLACEMENT_3D ( 'NONE', #2321, #3643, #2257 ) ;
#1803 = CARTESIAN_POINT ( 'NONE',  ( 38815.88593523276359, 38815.88593523273448, 11228.32068553693898 ) ) ;
#1804 = CARTESIAN_POINT ( 'NONE',  ( 38824.29836723665358, 38847.28170041788690, 11228.32068553693898 ) ) ;
#1805 = ORIENTED_EDGE ( 'NONE', *, *, #3044, .F. ) ;
#1806 = FACE_OUTER_BOUND ( 'NONE', #2280, .T. ) ;
#1807 = DIRECTION ( 'NONE',  ( -1.000000000000000000, 0.000000000000000000, 0.000000000000000000 ) ) ;
#1808 = ORIENTED_EDGE ( 'NONE', *, *, #158, .T. ) ;
#1809 = ORIENTED_EDGE ( 'NONE', *, *, #2680, .T. ) ;
#1810 = DIRECTION ( 'NONE',  ( -0.000000000000000000, -0.000000000000000000, 1.000000000000000000 ) ) ;
#1811 = DIRECTION ( 'NONE',  ( 0.000000000000000000, -0.000000000000000000, -1.000000000000000000 ) ) ;
#1812 = ORIENTED_EDGE ( 'NONE', *, *, #3005, .F. ) ;
#1813 = ADVANCED_FACE ( 'NONE', ( #1801 ), #798, .T. ) ;
#1814 = DIRECTION ( 'NONE',  ( -0.000000000000000000, 0.000000000000000000, -1.000000000000000000 ) ) ;
#1815 = CARTESIAN_POINT ( 'NONE',  ( 38829.11024244048167, 38851.28864812273241, 11220.32068553694080 ) ) ;
#1816 = VECTOR ( 'NONE', #2134, 1000.000000000000000 ) ;
#1817 = VERTEX_POINT ( 'NONE', #2475 ) ;
#1818 = EDGE_CURVE ( 'NONE', #364, #1496, #1779, .T. ) ;
#1819 = AXIS2_PLACEMENT_3D ( 'NONE', #2214, #3624, #3259 ) ;
#1820 = DIRECTION ( 'NONE',  ( 1.000000000000000000, 0.000000000000000000, 0.000000000000000000 ) ) ;
#1821 = AXIS2_PLACEMENT_3D ( 'NONE', #92, #3358, #752 ) ;
#1822 = CARTESIAN_POINT ( 'NONE',  ( 38850.27043089274957, 38831.56843628658680, 11220.32068553694080 ) ) ;
#1823 = AXIS2_PLACEMENT_3D ( 'NONE', #1441, #2761, #1116 ) ;
#1824 = CIRCLE ( 'NONE', #4241, 36.00013749699115806 ) ;
#1825 = ORIENTED_EDGE ( 'NONE', *, *, #1478, .F. ) ;
#1826 = AXIS2_PLACEMENT_3D ( 'NONE', #2971, #2040, #380 ) ;
#1827 = DIRECTION ( 'NONE',  ( -0.000000000000000000, -0.000000000000000000, -1.000000000000000000 ) ) ;
#1828 = CARTESIAN_POINT ( 'NONE',  ( 38780.48322234275838, 38829.11024244044529, 11220.32068553694080 ) ) ;
#1829 = EDGE_LOOP ( 'NONE', ( #2392, #3474, #3158, #2340 ) ) ;
#1830 = AXIS2_PLACEMENT_3D ( 'NONE', #252, #348, #1266 ) ;
#1831 = AXIS2_PLACEMENT_3D ( 'NONE', #2543, #790, #3860 ) ;
#1832 = ORIENTED_EDGE ( 'NONE', *, *, #152, .F. ) ;
#1833 = CIRCLE ( 'NONE', #3563, 36.00013749699115806 ) ;
#1834 = DIRECTION ( 'NONE',  ( 0.000000000000000000, -0.000000000000000000, -1.000000000000000000 ) ) ;
#1835 = DIRECTION ( 'NONE',  ( 0.000000000000000000, 0.000000000000000000, -1.000000000000000000 ) ) ;
#1836 = ORIENTED_EDGE ( 'NONE', *, *, #446, .F. ) ;
#1837 = AXIS2_PLACEMENT_3D ( 'NONE', #2623, #631, #2534 ) ;
#1838 = DIRECTION ( 'NONE',  ( 0.000000000000000000, -0.000000000000000000, -1.000000000000000000 ) ) ;
#1839 = DIRECTION ( 'NONE',  ( -0.4999999999959848784, 0.8660254037867567423, 0.000000000000000000 ) ) ;
#1840 = VECTOR ( 'NONE', #30, 1000.000000000000000 ) ;
#1841 = EDGE_CURVE ( 'NONE', #3839, #2914, #3216, .T. ) ;
#1842 = ORIENTED_EDGE ( 'NONE', *, *, #4246, .T. ) ;
#1843 = DIRECTION ( 'NONE',  ( -1.000000000000000000, 0.000000000000000000, 0.000000000000000000 ) ) ;
#1844 = ORIENTED_EDGE ( 'NONE', *, *, #1433, .F. ) ;
#1845 = EDGE_CURVE ( 'NONE', #2963, #525, #3765, .T. ) ;
#1846 = AXIS2_PLACEMENT_3D ( 'NONE', #3541, #289, #3607 ) ;
#1847 = DIRECTION ( 'NONE',  ( 0.000000000000000000, 0.000000000000000000, -1.000000000000000000 ) ) ;
#1848 = VERTEX_POINT ( 'NONE', #461 ) ;
#1849 = ADVANCED_FACE ( 'NONE', ( #1756 ), #3449, .F. ) ;
#1850 = CARTESIAN_POINT ( 'NONE',  ( 38786.05415785570949, 38787.32799447647994, 11228.32068553693898 ) ) ;
#1851 = DIRECTION ( 'NONE',  ( -0.000000000000000000, -0.000000000000000000, -1.000000000000000000 ) ) ;
#1852 = ORIENTED_EDGE ( 'NONE', *, *, #2270, .F. ) ;
#1853 = ORIENTED_EDGE ( 'NONE', *, *, #3067, .F. ) ;
#1854 = DIRECTION ( 'NONE',  ( -0.000000000000000000, -0.000000000000000000, -1.000000000000000000 ) ) ;
#1855 = VERTEX_POINT ( 'NONE', #1456 ) ;
#1856 = DIRECTION ( 'NONE',  ( 0.000000000000000000, 0.000000000000000000, -1.000000000000000000 ) ) ;
#1857 = DIRECTION ( 'NONE',  ( -0.000000000000000000, -0.000000000000000000, 1.000000000000000000 ) ) ;
#1858 = VERTEX_POINT ( 'NONE', #825 ) ;
#1859 = DIRECTION ( 'NONE',  ( -0.000000000000000000, -0.000000000000000000, 1.000000000000000000 ) ) ;
#1860 = ORIENTED_EDGE ( 'NONE', *, *, #3385, .F. ) ;
#1861 = CYLINDRICAL_SURFACE ( 'NONE', #2588, 36.00013749699115806 ) ;
#1862 = EDGE_CURVE ( 'NONE', #3892, #1911, #3772, .T. ) ;
#1863 = CARTESIAN_POINT ( 'NONE',  ( 38787.32799447651632, 38845.71771260978858, 11228.32068553693898 ) ) ;
#1864 = ORIENTED_EDGE ( 'NONE', *, *, #3228, .F. ) ;
#1865 = CARTESIAN_POINT ( 'NONE',  ( 38792.50377865048358, 38793.82627202473668, 11228.32068553693898 ) ) ;
#1866 = CARTESIAN_POINT ( 'NONE',  ( 38831.14218620555039, 38787.59104534879589, 11228.32068553693898 ) ) ;
#1867 = AXIS2_PLACEMENT_3D ( 'NONE', #1905, #1287, #1926 ) ;
#1868 = ORIENTED_EDGE ( 'NONE', *, *, #1889, .T. ) ;
#1869 = EDGE_CURVE ( 'NONE', #2741, #3798, #477, .T. ) ;
#1870 = EDGE_CURVE ( 'NONE', #4062, #1467, #4023, .T. ) ;
#1871 = VERTEX_POINT ( 'NONE', #3008 ) ;
#1872 = DIRECTION ( 'NONE',  ( -0.000000000000000000, 0.000000000000000000, -1.000000000000000000 ) ) ;
#1873 = ORIENTED_EDGE ( 'NONE', *, *, #2532, .F. ) ;
#1874 = DIRECTION ( 'NONE',  ( -1.000000000000000000, 0.000000000000000000, 0.000000000000000000 ) ) ;
#1875 = DIRECTION ( 'NONE',  ( -1.000000000000000000, 0.000000000000000000, 0.000000000000000000 ) ) ;
#1876 = EDGE_LOOP ( 'NONE', ( #3263, #2511, #2177, #1724 ) ) ;
#1877 = ORIENTED_EDGE ( 'NONE', *, *, #2206, .F. ) ;
#1878 = CARTESIAN_POINT ( 'NONE',  ( 38779.37252229334263, 38802.18313933192258, 11220.32068553694080 ) ) ;
#1879 = ORIENTED_EDGE ( 'NONE', *, *, #1107, .F. ) ;
#1880 = VECTOR ( 'NONE', #1706, 1000.000000000000000 ) ;
#1881 = LINE ( 'NONE', #949, #3895 ) ;
#1882 = CIRCLE ( 'NONE', #1199, 1.006105236833839900 ) ;
#1883 = LINE ( 'NONE', #4203, #3149 ) ;
#1884 = AXIS2_PLACEMENT_3D ( 'NONE', #2749, #1772, #1341 ) ;
#1885 = ORIENTED_EDGE ( 'NONE', *, *, #904, .F. ) ;
#1886 = CARTESIAN_POINT ( 'NONE',  ( 38832.01554115696490, 38780.37774247791094, 11228.32068553693898 ) ) ;
#1887 = AXIS2_PLACEMENT_3D ( 'NONE', #3254, #274, #2260 ) ;
#1888 = CYLINDRICAL_SURFACE ( 'NONE', #3618, 29.35410264610283093 ) ;
#1889 = EDGE_CURVE ( 'NONE', #2781, #3183, #4046, .T. ) ;
#1890 = ORIENTED_EDGE ( 'NONE', *, *, #496, .F. ) ;
#1891 = CIRCLE ( 'NONE', #2372, 1.006105236833839900 ) ;
#1892 = VECTOR ( 'NONE', #3373, 1000.000000000000000 ) ;
#1893 = AXIS2_PLACEMENT_3D ( 'NONE', #1084, #1103, #3310 ) ;
#1894 = ORIENTED_EDGE ( 'NONE', *, *, #2083, .T. ) ;
#1895 = DIRECTION ( 'NONE',  ( -0.000000000000000000, -0.000000000000000000, -1.000000000000000000 ) ) ;
#1896 = CIRCLE ( 'NONE', #64, 36.00013749699166965 ) ;
#1897 = ADVANCED_FACE ( 'NONE', ( #1662 ), #2982, .T. ) ;
#1898 = ORIENTED_EDGE ( 'NONE', *, *, #1181, .F. ) ;
#1899 = CIRCLE ( 'NONE', #814, 1.006105236834714756 ) ;
#1900 = CARTESIAN_POINT ( 'NONE',  ( 38778.26683796797442, 38819.49673875520966, 11228.32068553693898 ) ) ;
#1901 = DIRECTION ( 'NONE',  ( -1.000000000000000000, 0.000000000000000000, 0.000000000000000000 ) ) ;
#1902 = ORIENTED_EDGE ( 'NONE', *, *, #211, .T. ) ;
#1903 = VECTOR ( 'NONE', #1797, 1000.000000000000000 ) ;
#1904 = VERTEX_POINT ( 'NONE', #2667 ) ;
#1905 = CARTESIAN_POINT ( 'NONE',  ( 38799.63426448602695, 38844.03458141191368, 11220.32068553694080 ) ) ;
#1906 = VECTOR ( 'NONE', #1254, 1000.000000000000000 ) ;
#1907 = VERTEX_POINT ( 'NONE', #694 ) ;
#1908 = CARTESIAN_POINT ( 'NONE',  ( 38823.29901491296187, 38847.16532739387185, 11220.32068553694080 ) ) ;
#1909 = VECTOR ( 'NONE', #3443, 1000.000000000000000 ) ;
#1910 = DIRECTION ( 'NONE',  ( -1.000000000000000000, 0.000000000000000000, 0.000000000000000000 ) ) ;
#1911 = VERTEX_POINT ( 'NONE', #2006 ) ;
#1912 = CARTESIAN_POINT ( 'NONE',  ( 38844.44387598901812, 38786.05415785568039, 11220.32068553694080 ) ) ;
#1913 = FACE_OUTER_BOUND ( 'NONE', #671, .T. ) ;
#1914 = ORIENTED_EDGE ( 'NONE', *, *, #4011, .F. ) ;
#1915 = ORIENTED_EDGE ( 'NONE', *, *, #2328, .T. ) ;
#1916 = DIRECTION ( 'NONE',  ( -1.000000000000000000, 0.000000000000000000, 0.000000000000000000 ) ) ;
#1917 = VERTEX_POINT ( 'NONE', #72 ) ;
#1918 = EDGE_CURVE ( 'NONE', #1858, #2994, #3763, .T. ) ;
#1919 = DIRECTION ( 'NONE',  ( 0.000000000000000000, -0.000000000000000000, -1.000000000000000000 ) ) ;
#1920 = LINE ( 'NONE', #4213, #2391 ) ;
#1921 = CARTESIAN_POINT ( 'NONE',  ( 38843.24564445264696, 38832.76196662992879, 11228.32068553693898 ) ) ;
#1922 = VERTEX_POINT ( 'NONE', #1059 ) ;
#1923 = EDGE_LOOP ( 'NONE', ( #448, #1832, #304, #1675 ) ) ;
#1924 = EDGE_CURVE ( 'NONE', #407, #2779, #4112, .T. ) ;
#1925 = EDGE_CURVE ( 'NONE', #2960, #3022, #1076, .T. ) ;
#1926 = DIRECTION ( 'NONE',  ( -1.000000000000000000, 7.062310280749839250E-12, 0.000000000000000000 ) ) ;
#1927 = DIRECTION ( 'NONE',  ( -0.5000000000018076651, -0.8660254037833950980, 0.000000000000000000 ) ) ;
#1928 = CARTESIAN_POINT ( 'NONE',  ( 38852.39937284425105, 38802.18320507499448, 11220.32068553694080 ) ) ;
#1929 = DIRECTION ( 'NONE',  ( 1.000000000000000000, 0.000000000000000000, 0.000000000000000000 ) ) ;
#1930 = EDGE_LOOP ( 'NONE', ( #493, #3998, #2940, #1808 ) ) ;
#1931 = FACE_OUTER_BOUND ( 'NONE', #2031, .T. ) ;
#1932 = DIRECTION ( 'NONE',  ( -1.000000000000000000, 0.000000000000000000, 0.000000000000000000 ) ) ;
#1933 = ORIENTED_EDGE ( 'NONE', *, *, #3996, .T. ) ;
#1934 = ORIENTED_EDGE ( 'NONE', *, *, #3964, .T. ) ;
#1935 = CIRCLE ( 'NONE', #850, 38.99994794847572166 ) ;
#1936 = DIRECTION ( 'NONE',  ( -0.000000000000000000, -0.000000000000000000, 1.000000000000000000 ) ) ;
#1937 = EDGE_LOOP ( 'NONE', ( #1501, #3456, #3387, #2544, #598, #180, #2044 ) ) ;
#1938 = DIRECTION ( 'NONE',  ( -1.000000000000000000, 0.000000000000000000, 0.000000000000000000 ) ) ;
#1939 = FACE_OUTER_BOUND ( 'NONE', #2832, .T. ) ;
#1940 = CARTESIAN_POINT ( 'NONE',  ( 38778.26683796797442, 38819.49673875520966, 11228.32068553693898 ) ) ;
#1941 = ORIENTED_EDGE ( 'NONE', *, *, #152, .T. ) ;
#1942 = ORIENTED_EDGE ( 'NONE', *, *, #288, .T. ) ;
#1943 = EDGE_CURVE ( 'NONE', #350, #125, #544, .T. ) ;
#1944 = DIRECTION ( 'NONE',  ( 0.000000000000000000, -0.000000000000000000, -1.000000000000000000 ) ) ;
#1945 = ORIENTED_EDGE ( 'NONE', *, *, #2908, .F. ) ;
#1946 = CARTESIAN_POINT ( 'NONE',  ( 38854.70172834718687, 38819.67145301528217, 11220.32068553694080 ) ) ;
#1947 = ADVANCED_FACE ( 'NONE', ( #1386 ), #107, .F. ) ;
#1948 = AXIS2_PLACEMENT_3D ( 'NONE', #1096, #3728, #781 ) ;
#1949 = LINE ( 'NONE', #3903, #4030 ) ;
#1950 = ORIENTED_EDGE ( 'NONE', *, *, #32, .T. ) ;
#1951 = CARTESIAN_POINT ( 'NONE',  ( 38854.35887636757980, 38809.49619811600132, 11228.32068553693898 ) ) ;
#1952 = CARTESIAN_POINT ( 'NONE',  ( -7913.411244899647500, 16799.14521656840225, 11238.32068553693898 ) ) ;
#1953 = EDGE_CURVE ( 'NONE', #2781, #4137, #940, .T. ) ;
#1954 = ORIENTED_EDGE ( 'NONE', *, *, #1181, .T. ) ;
#1955 = CIRCLE ( 'NONE', #1336, 7.499999999993178790 ) ;
#1956 = ORIENTED_EDGE ( 'NONE', *, *, #1240, .F. ) ;
#1957 = CIRCLE ( 'NONE', #3686, 1.006105236832866012 ) ;
#1958 = CARTESIAN_POINT ( 'NONE',  ( 38780.37771343635541, 38832.01547722378746, 11228.32068553693898 ) ) ;
#1959 = AXIS2_PLACEMENT_3D ( 'NONE', #3660, #2009, #3293 ) ;
#1960 = EDGE_LOOP ( 'NONE', ( #975, #3222, #39, #3931 ) ) ;
#1961 = VECTOR ( 'NONE', #1149, 1000.000000000000000 ) ;
#1962 = VECTOR ( 'NONE', #16, 1000.000000000000000 ) ;
#1963 = AXIS2_PLACEMENT_3D ( 'NONE', #4019, #1383, #2999 ) ;
#1964 = DIRECTION ( 'NONE',  ( 0.000000000000000000, -0.000000000000000000, -1.000000000000000000 ) ) ;
#1965 = DIRECTION ( 'NONE',  ( -0.7071067811865474617, -0.7071067811865474617, 0.000000000000000000 ) ) ;
#1966 = CIRCLE ( 'NONE', #1492, 36.00013749698689480 ) ;
#1967 = CARTESIAN_POINT ( 'NONE',  ( 38791.11573576059163, 38846.00956645628321, 11220.32068553694080 ) ) ;
#1968 = ORIENTED_EDGE ( 'NONE', *, *, #3489, .F. ) ;
#1969 = VERTEX_POINT ( 'NONE', #727 ) ;
#1970 = EDGE_CURVE ( 'NONE', #2266, #1172, #3901, .T. ) ;
#1971 = CARTESIAN_POINT ( 'NONE',  ( 38837.82253144370043, 38846.65962737023801, 11228.32068553693898 ) ) ;
#1972 = DIRECTION ( 'NONE',  ( 0.000000000000000000, 0.000000000000000000, -1.000000000000000000 ) ) ;
#1973 = CYLINDRICAL_SURFACE ( 'NONE', #1826, 1.006105236832866012 ) ;
#1974 = CIRCLE ( 'NONE', #884, 38.99994794847572166 ) ;
#1975 = EDGE_CURVE ( 'NONE', #1613, #4129, #4004, .T. ) ;
#1976 = CYLINDRICAL_SURFACE ( 'NONE', #1277, 36.00013749699115806 ) ;
#1977 = ORIENTED_EDGE ( 'NONE', *, *, #1818, .T. ) ;
#1978 = FACE_OUTER_BOUND ( 'NONE', #983, .T. ) ;
#1979 = CARTESIAN_POINT ( 'NONE',  ( 38816.82107926579192, 38848.01815415589954, 11220.32068553694080 ) ) ;
#1980 = VERTEX_POINT ( 'NONE', #3357 ) ;
#1981 = ADVANCED_FACE ( 'NONE', ( #3069 ), #416, .F. ) ;
#1982 = EDGE_CURVE ( 'NONE', #511, #3241, #2174, .T. ) ;
#1983 = EDGE_CURVE ( 'NONE', #3739, #1717, #1419, .T. ) ;
#1984 = ORIENTED_EDGE ( 'NONE', *, *, #391, .F. ) ;
#1985 = DIRECTION ( 'NONE',  ( -1.000000000000000000, 0.000000000000000000, 0.000000000000000000 ) ) ;
#1986 = ORIENTED_EDGE ( 'NONE', *, *, #3595, .T. ) ;
#1987 = DIRECTION ( 'NONE',  ( 0.000000000000000000, 0.000000000000000000, -1.000000000000000000 ) ) ;
#1988 = CARTESIAN_POINT ( 'NONE',  ( 38822.13470568844059, 38778.61413290325436, 11228.32068553693898 ) ) ;
#1989 = FACE_BOUND ( 'NONE', #886, .T. ) ;
#1990 = DIRECTION ( 'NONE',  ( -0.000000000000000000, -0.000000000000000000, -1.000000000000000000 ) ) ;
#1991 = AXIS2_PLACEMENT_3D ( 'NONE', #2076, #1751, #795 ) ;
#1992 = ORIENTED_EDGE ( 'NONE', *, *, #259, .F. ) ;
#1993 = CARTESIAN_POINT ( 'NONE',  ( 38785.11224309525278, 38837.82253144367132, 11228.32068553693898 ) ) ;
#1994 = CARTESIAN_POINT ( 'NONE',  ( 38838.86924945241481, 38792.90267281718843, 11228.32068553693898 ) ) ;
#1995 = CARTESIAN_POINT ( 'NONE',  ( 38815.88593523276359, 38815.88593523273448, 11238.32068553693898 ) ) ;
#1996 = CARTESIAN_POINT ( 'NONE',  ( 38832.01547722380928, 38851.39415702914266, 11220.32068553694080 ) ) ;
#1997 = ORIENTED_EDGE ( 'NONE', *, *, #3041, .T. ) ;
#1998 = LINE ( 'NONE', #1098, #3134 ) ;
#1999 = ORIENTED_EDGE ( 'NONE', *, *, #338, .F. ) ;
#2000 = EDGE_CURVE ( 'NONE', #4238, #913, #1966, .T. ) ;
#2001 = VERTEX_POINT ( 'NONE', #1226 ) ;
#2002 = CARTESIAN_POINT ( 'NONE',  ( 38815.88593523276359, 38815.88593523273448, 11228.32068553693898 ) ) ;
#2003 = DIRECTION ( 'NONE',  ( -1.000000000000000000, 0.000000000000000000, 0.000000000000000000 ) ) ;
#2004 = ORIENTED_EDGE ( 'NONE', *, *, #4141, .F. ) ;
#2005 = ADVANCED_FACE ( 'NONE', ( #3513 ), #1447, .T. ) ;
#2006 = CARTESIAN_POINT ( 'NONE',  ( 38792.74104671910754, 38809.40487546673830, 11232.32068553693898 ) ) ;
#2007 = CARTESIAN_POINT ( 'NONE',  ( -7916.820418269568108, 16806.38244925318941, 11238.32068553693898 ) ) ;
#2008 = DIRECTION ( 'NONE',  ( -1.000000000000000000, 0.000000000000000000, 0.000000000000000000 ) ) ;
#2009 = DIRECTION ( 'NONE',  ( -0.000000000000000000, 0.000000000000000000, -1.000000000000000000 ) ) ;
#2010 = VERTEX_POINT ( 'NONE', #2211 ) ;
#2011 = DIRECTION ( 'NONE',  ( -0.000000000000000000, -0.000000000000000000, 1.000000000000000000 ) ) ;
#2012 = CARTESIAN_POINT ( 'NONE',  ( 38787.59104534882499, 38800.62968425995496, 11220.32068553694080 ) ) ;
#2013 = CARTESIAN_POINT ( 'NONE',  ( 38815.88593523276359, 38815.88593523273448, 11238.32068553693898 ) ) ;
#2014 = CARTESIAN_POINT ( 'NONE',  ( 38812.10041745021590, 38854.70172834715777, 11297.12068858869679 ) ) ;
#2015 = DIRECTION ( 'NONE',  ( -0.000000000000000000, -0.000000000000000000, -1.000000000000000000 ) ) ;
#2016 = ORIENTED_EDGE ( 'NONE', *, *, #1659, .T. ) ;
#2017 = AXIS2_PLACEMENT_3D ( 'NONE', #1290, #1634, #2611 ) ;
#2018 = VERTEX_POINT ( 'NONE', #3441 ) ;
#2019 = EDGE_CURVE ( 'NONE', #1230, #2197, #65, .T. ) ;
#2020 = CARTESIAN_POINT ( 'NONE',  ( 38822.27567234949674, 38854.35887636755069, 11228.32068553693898 ) ) ;
#2021 = AXIS2_PLACEMENT_3D ( 'NONE', #1489, #3174, #2525 ) ;
#2022 = LINE ( 'NONE', #2334, #4032 ) ;
#2023 = ORIENTED_EDGE ( 'NONE', *, *, #2353, .T. ) ;
#2024 = VECTOR ( 'NONE', #4144, 1000.000000000000000 ) ;
#2025 = VECTOR ( 'NONE', #2345, 1000.000000000000000 ) ;
#2026 = DIRECTION ( 'NONE',  ( -0.000000000000000000, -0.000000000000000000, -1.000000000000000000 ) ) ;
#2027 = ADVANCED_FACE ( 'NONE', ( #250 ), #2867, .T. ) ;
#2028 = DIRECTION ( 'NONE',  ( -0.000000000000000000, 0.000000000000000000, -1.000000000000000000 ) ) ;
#2029 = CIRCLE ( 'NONE', #2727, 1.006105236832866012 ) ;
#2030 = DIRECTION ( 'NONE',  ( 0.000000000000000000, 0.000000000000000000, -1.000000000000000000 ) ) ;
#2031 = EDGE_LOOP ( 'NONE', ( #3352, #3533, #2085, #360 ) ) ;
#2032 = AXIS2_PLACEMENT_3D ( 'NONE', #1070, #1413, #988 ) ;
#2033 = AXIS2_PLACEMENT_3D ( 'NONE', #3083, #490, #1377 ) ;
#2034 = CIRCLE ( 'NONE', #2446, 29.35410264610283093 ) ;
#2035 = AXIS2_PLACEMENT_3D ( 'NONE', #2550, #3225, #1916 ) ;
#2036 = VECTOR ( 'NONE', #2026, 1000.000000000000000 ) ;
#2037 = DIRECTION ( 'NONE',  ( 0.4999999999999361067, -0.8660254037844756780, 0.000000000000000000 ) ) ;
#2038 = DIRECTION ( 'NONE',  ( 0.2588190451026145533, 0.9659258262890432212, 0.000000000000000000 ) ) ;
#2039 = CIRCLE ( 'NONE', #3356, 29.35410264609930664 ) ;
#2040 = DIRECTION ( 'NONE',  ( -0.000000000000000000, -0.000000000000000000, -1.000000000000000000 ) ) ;
#2041 = AXIS2_PLACEMENT_3D ( 'NONE', #4222, #3877, #3189 ) ;
#2042 = AXIS2_PLACEMENT_3D ( 'NONE', #3992, #4028, #2342 ) ;
#2043 = CARTESIAN_POINT ( 'NONE',  ( 38854.35887636757980, 38809.49619811600132, 11228.32068553693898 ) ) ;
#2044 = ORIENTED_EDGE ( 'NONE', *, *, #1610, .F. ) ;
#2045 = CARTESIAN_POINT ( 'NONE',  ( 38784.49018900922965, 38807.47343246312812, 11228.32068553693898 ) ) ;
#2046 = EDGE_LOOP ( 'NONE', ( #1914, #3457, #3261, #1089 ) ) ;
#2047 = AXIS2_PLACEMENT_3D ( 'NONE', #796, #2509, #3830 ) ;
#2048 = VECTOR ( 'NONE', #821, 1000.000000000000000 ) ;
#2049 = VERTEX_POINT ( 'NONE', #1524 ) ;
#2050 = VECTOR ( 'NONE', #3160, 1000.000000000000000 ) ;
#2051 = LINE ( 'NONE', #3654, #1892 ) ;
#2052 = CARTESIAN_POINT ( 'NONE',  ( 38806.06992174660263, 38855.99998265942850, 11228.32068553693898 ) ) ;
#2053 = ORIENTED_EDGE ( 'NONE', *, *, #3090, .T. ) ;
#2054 = UNCERTAINTY_MEASURE_WITH_UNIT (LENGTH_MEASURE( 1.000000000000000082E-05 ), #1308, 'distance_accuracy_value', 'NONE');
#2055 = DIRECTION ( 'NONE',  ( -0.000000000000000000, 0.000000000000000000, 1.000000000000000000 ) ) ;
#2056 = CARTESIAN_POINT ( 'NONE',  ( 38854.70173516302020, 38812.10048733872100, 11228.32068553693898 ) ) ;
#2057 = DIRECTION ( 'NONE',  ( -0.9659258262890653146, 0.2588190451025316197, 0.000000000000000000 ) ) ;
#2058 = ORIENTED_EDGE ( 'NONE', *, *, #236, .F. ) ;
#2059 = EDGE_CURVE ( 'NONE', #2637, #3561, #202, .T. ) ;
#2060 = FACE_OUTER_BOUND ( 'NONE', #404, .T. ) ;
#2061 = CYLINDRICAL_SURFACE ( 'NONE', #3633, 1.006105236832866012 ) ;
#2062 = CARTESIAN_POINT ( 'NONE',  ( 38804.32982856231683, 38776.23814436951943, 11228.32068553693898 ) ) ;
#2063 = DIRECTION ( 'NONE',  ( 1.000000000000000000, 0.000000000000000000, 0.000000000000000000 ) ) ;
#2064 = ADVANCED_FACE ( 'NONE', ( #480 ), #1771, .T. ) ;
#2065 = EDGE_CURVE ( 'NONE', #2358, #213, #1883, .T. ) ;
#2066 = CARTESIAN_POINT ( 'NONE',  ( 38846.68124226095824, 38806.66622524121340, 11228.32068553693898 ) ) ;
#2067 = DIRECTION ( 'NONE',  ( -1.000000000000000000, 0.000000000000000000, 0.000000000000000000 ) ) ;
#2068 = ORIENTED_EDGE ( 'NONE', *, *, #3463, .F. ) ;
#2069 = CARTESIAN_POINT ( 'NONE',  ( 38799.00990383557655, 38843.24564445261785, 11220.32068553694080 ) ) ;
#2070 = PLANE ( 'NONE',  #2435 ) ;
#2071 = ORIENTED_EDGE ( 'NONE', *, *, #2166, .F. ) ;
#2072 = DIRECTION ( 'NONE',  ( 0.000000000000000000, 0.000000000000000000, -1.000000000000000000 ) ) ;
#2073 = DIRECTION ( 'NONE',  ( -1.000000000000000000, 0.000000000000000000, 0.000000000000000000 ) ) ;
#2074 = CARTESIAN_POINT ( 'NONE',  ( 38809.49612884482485, 38854.35886486265372, 11228.32068553693898 ) ) ;
#2075 = ORIENTED_EDGE ( 'NONE', *, *, #1482, .F. ) ;
#2076 = CARTESIAN_POINT ( 'NONE',  ( 38857.17370087639574, 38814.98519672003749, 11228.32068553693898 ) ) ;
#2077 = LINE ( 'NONE', #3398, #1766 ) ;
#2078 = CARTESIAN_POINT ( 'NONE',  ( 38827.44204190321034, 38855.53372609594953, 11220.32068553694080 ) ) ;
#2080 = ADVANCED_FACE ( 'NONE', ( #4082, #2414 ), #151, .F. ) ;
#2079 = CIRCLE ( 'NONE', #3667, 36.00013749699166965 ) ;
#2081 = DIRECTION ( 'NONE',  ( 0.000000000000000000, 0.000000000000000000, -1.000000000000000000 ) ) ;
#2082 = CARTESIAN_POINT ( 'NONE',  ( 38808.47278478684166, 38847.16530843225337, 11220.32068553694080 ) ) ;
#2083 = EDGE_CURVE ( 'NONE', #3854, #579, #2456, .T. ) ;
#2084 = DIRECTION ( 'NONE',  ( -0.000000000000000000, 0.000000000000000000, -1.000000000000000000 ) ) ;
#2085 = ORIENTED_EDGE ( 'NONE', *, *, #1715, .F. ) ;
#2086 = LINE ( 'NONE', #2782, #2110 ) ;
#2087 = DIRECTION ( 'NONE',  ( -0.2588190451026145533, 0.9659258262890432212, 0.000000000000000000 ) ) ;
#2088 = ORIENTED_EDGE ( 'NONE', *, *, #2379, .T. ) ;
#2089 = CARTESIAN_POINT ( 'NONE',  ( 38806.06992174660263, 38855.99998265942850, 11228.32068553693898 ) ) ;
#2090 = AXIS2_PLACEMENT_3D ( 'NONE', #3694, #413, #2744 ) ;
#2091 = CARTESIAN_POINT ( 'NONE',  ( 38785.09062820456165, 38825.10564522425557, 11228.32068553693898 ) ) ;
#2092 = CARTESIAN_POINT ( 'NONE',  ( 38780.37774247794005, 38799.75632930852589, 11228.32068553693898 ) ) ;
#2093 =( NAMED_UNIT ( * ) SI_UNIT ( $, .STERADIAN. ) SOLID_ANGLE_UNIT ( ) );
#2094 = ORIENTED_EDGE ( 'NONE', *, *, #1532, .T. ) ;
#2095 = CIRCLE ( 'NONE', #3339, 1.006105236836115635 ) ;
#2096 = AXIS2_PLACEMENT_3D ( 'NONE', #1104, #2668, #3718 ) ;
#2097 = LINE ( 'NONE', #1108, #4176 ) ;
#2098 = DIRECTION ( 'NONE',  ( -0.000000000000000000, -0.000000000000000000, 1.000000000000000000 ) ) ;
#2099 = AXIS2_PLACEMENT_3D ( 'NONE', #3730, #1718, #2409 ) ;
#2100 = DIRECTION ( 'NONE',  ( -1.000000000000000000, 0.000000000000000000, 0.000000000000000000 ) ) ;
#2101 = AXIS2_PLACEMENT_3D ( 'NONE', #3832, #1537, #4117 ) ;
#2102 = DIRECTION ( 'NONE',  ( 0.000000000000000000, 0.000000000000000000, -1.000000000000000000 ) ) ;
#2103 = AXIS2_PLACEMENT_3D ( 'NONE', #644, #1895, #3952 ) ;
#2104 = CIRCLE ( 'NONE', #4240, 29.35410264610283093 ) ;
#2105 = EDGE_CURVE ( 'NONE', #643, #913, #614, .T. ) ;
#2106 = CARTESIAN_POINT ( 'NONE',  ( 38815.88593523276359, 38815.88593523273448, 11228.32068553693898 ) ) ;
#2107 = ORIENTED_EDGE ( 'NONE', *, *, #706, .F. ) ;
#2108 = AXIS2_PLACEMENT_3D ( 'NONE', #373, #2354, #1368 ) ;
#2109 = DIRECTION ( 'NONE',  ( -1.000000000000000000, 0.000000000000000000, 0.000000000000000000 ) ) ;
#2110 = VECTOR ( 'NONE', #1508, 1000.000000000000000 ) ;
#2111 = EDGE_CURVE ( 'NONE', #1613, #1848, #3557, .T. ) ;
#2112 = ORIENTED_EDGE ( 'NONE', *, *, #4146, .F. ) ;
#2113 = CARTESIAN_POINT ( 'NONE',  ( 38788.52622601288749, 38799.00990383554745, 11220.32068553694080 ) ) ;
#2114 = AXIS2_PLACEMENT_3D ( 'NONE', #584, #3230, #1304 ) ;
#2115 = CARTESIAN_POINT ( 'NONE',  ( 38815.88593523276359, 38815.88593523273448, 11238.32068553693898 ) ) ;
#2116 = ORIENTED_EDGE ( 'NONE', *, *, #1734, .T. ) ;
#2117 = EDGE_CURVE ( 'NONE', #2499, #1157, #1697, .T. ) ;
#2118 = EDGE_CURVE ( 'NONE', #1717, #355, #2892, .T. ) ;
#2119 = EDGE_CURVE ( 'NONE', #1344, #2994, #3416, .T. ) ;
#2120 = CARTESIAN_POINT ( 'NONE',  ( 38807.47343246315722, 38847.28168145626842, 11228.32068553693898 ) ) ;
#2121 = CARTESIAN_POINT ( 'NONE',  ( 38847.28170041791600, 38807.47350322885904, 11220.32068553694080 ) ) ;
#2122 = DIRECTION ( 'NONE',  ( -0.000000000000000000, 0.000000000000000000, -1.000000000000000000 ) ) ;
#2123 = ORIENTED_EDGE ( 'NONE', *, *, #3061, .F. ) ;
#2124 = CARTESIAN_POINT ( 'NONE',  ( 38815.88597186379775, 38783.38265718604816, 11228.32068553693898 ) ) ;
#2125 = CYLINDRICAL_SURFACE ( 'NONE', #138, 38.99994794847572166 ) ;
#2126 = DIRECTION ( 'NONE',  ( -0.000000000000000000, -0.000000000000000000, 1.000000000000000000 ) ) ;
#2127 = ORIENTED_EDGE ( 'NONE', *, *, #4011, .T. ) ;
#2128 = CARTESIAN_POINT ( 'NONE',  ( 38809.49612884482485, 38854.35886486265372, 11228.32068553693898 ) ) ;
#2129 = DIRECTION ( 'NONE',  ( -0.000000000000000000, 0.000000000000000000, -1.000000000000000000 ) ) ;
#2130 = EDGE_LOOP ( 'NONE', ( #1844, #2981, #1805, #3341 ) ) ;
#2131 = CARTESIAN_POINT ( 'NONE',  ( 38815.88593523276359, 38815.88593523273448, 11228.32068553693898 ) ) ;
#2132 = VERTEX_POINT ( 'NONE', #2434 ) ;
#2133 = CARTESIAN_POINT ( 'NONE',  ( 38819.67145301531127, 38777.07014211831120, 11228.32068553693898 ) ) ;
#2134 = DIRECTION ( 'NONE',  ( -0.000000000000000000, -0.000000000000000000, -1.000000000000000000 ) ) ;
#2135 = ADVANCED_FACE ( 'NONE', ( #3757 ), #3111, .T. ) ;
#2136 = VERTEX_POINT ( 'NONE', #2521 ) ;
#2137 = ORIENTED_EDGE ( 'NONE', *, *, #368, .T. ) ;
#2138 = FACE_OUTER_BOUND ( 'NONE', #1191, .T. ) ;
#2139 = DIRECTION ( 'NONE',  ( 0.000000000000000000, 0.000000000000000000, -1.000000000000000000 ) ) ;
#2140 = EDGE_CURVE ( 'NONE', #3521, #2789, #2660, .T. ) ;
#2141 = ORIENTED_EDGE ( 'NONE', *, *, #206, .T. ) ;
#2142 = CARTESIAN_POINT ( 'NONE',  ( 38844.18082511670218, 38831.14218620551401, 11220.32068553694080 ) ) ;
#2143 = CARTESIAN_POINT ( 'NONE',  ( 38851.39415702917177, 38799.75639324168878, 11228.32068553693898 ) ) ;
#2144 = DIRECTION ( 'NONE',  ( -0.000000000000000000, -0.000000000000000000, -1.000000000000000000 ) ) ;
#2145 = ORIENTED_EDGE ( 'NONE', *, *, #3, .F. ) ;
#2146 = CIRCLE ( 'NONE', #313, 29.35410264609803832 ) ;
#2147 = CARTESIAN_POINT ( 'NONE',  ( 38814.95071793765965, 38848.01815415589954, 11220.32068553694080 ) ) ;
#2148 = EDGE_LOOP ( 'NONE', ( #3922, #2932 ) ) ;
#2149 = CARTESIAN_POINT ( 'NONE',  ( 38814.95057594475657, 38808.44449027880910, 11238.32068553693898 ) ) ;
#2150 = ORIENTED_EDGE ( 'NONE', *, *, #1347, .T. ) ;
#2151 = DIRECTION ( 'NONE',  ( -1.000000000000000000, 0.000000000000000000, 0.000000000000000000 ) ) ;
#2152 = DIRECTION ( 'NONE',  ( 0.000000000000000000, 0.000000000000000000, -1.000000000000000000 ) ) ;
#2153 = ORIENTED_EDGE ( 'NONE', *, *, #2192, .F. ) ;
#2154 = EDGE_CURVE ( 'NONE', #2896, #3704, #231, .T. ) ;
#2155 = VERTEX_POINT ( 'NONE', #318 ) ;
#2156 = FACE_OUTER_BOUND ( 'NONE', #2784, .T. ) ;
#2157 = DIRECTION ( 'NONE',  ( -0.000000000000000000, 0.000000000000000000, 1.000000000000000000 ) ) ;
#2158 = ORIENTED_EDGE ( 'NONE', *, *, #478, .T. ) ;
#2159 = CIRCLE ( 'NONE', #2017, 29.35410264610283093 ) ;
#2160 = ADVANCED_FACE ( 'NONE', ( #2326 ), #970, .T. ) ;
#2161 = CARTESIAN_POINT ( 'NONE',  ( 38791.17423717839119, 38805.65841512297629, 11223.32068553694080 ) ) ;
#2162 = DIRECTION ( 'NONE',  ( 0.000000000000000000, 0.000000000000000000, -1.000000000000000000 ) ) ;
#2163 = FACE_OUTER_BOUND ( 'NONE', #377, .T. ) ;
#2164 = CIRCLE ( 'NONE', #2927, 15.00000000000056843 ) ;
#2165 = EDGE_LOOP ( 'NONE', ( #3226, #3109, #179, #1239 ) ) ;
#2166 = EDGE_CURVE ( 'NONE', #1230, #2579, #1329, .T. ) ;
#2167 = CIRCLE ( 'NONE', #333, 29.35410264610283093 ) ;
#2168 = CARTESIAN_POINT ( 'NONE',  ( 38815.88593523276359, 38815.88593523273448, 11228.32068553693898 ) ) ;
#2169 = ORIENTED_EDGE ( 'NONE', *, *, #3321, .F. ) ;
#2170 = AXIS2_PLACEMENT_3D ( 'NONE', #2833, #1872, #3131 ) ;
#2171 = DIRECTION ( 'NONE',  ( 0.000000000000000000, -0.000000000000000000, -1.000000000000000000 ) ) ;
#2172 = VECTOR ( 'NONE', #3493, 1000.000000000000000 ) ;
#2173 = ORIENTED_EDGE ( 'NONE', *, *, #2479, .F. ) ;
#2174 = CIRCLE ( 'NONE', #343, 1.006105236832866012 ) ;
#2175 = DIRECTION ( 'NONE',  ( 0.000000000000000000, -0.000000000000000000, -1.000000000000000000 ) ) ;
#2176 = CARTESIAN_POINT ( 'NONE',  ( 38844.03458141195006, 38832.13760597947839, 11220.32068553694080 ) ) ;
#2177 = ORIENTED_EDGE ( 'NONE', *, *, #1943, .F. ) ;
#2178 = CIRCLE ( 'NONE', #2736, 36.00013749699044752 ) ;
#2179 = ORIENTED_EDGE ( 'NONE', *, *, #761, .T. ) ;
#2180 = CARTESIAN_POINT ( 'NONE',  ( 38806.66615447551885, 38846.68122329931066, 11220.32068553694080 ) ) ;
#2181 = VERTEX_POINT ( 'NONE', #3664 ) ;
#2182 = AXIS2_PLACEMENT_3D ( 'NONE', #2819, #1109, #3118 ) ;
#2183 = FACE_OUTER_BOUND ( 'NONE', #3106, .T. ) ;
#2184 = FACE_OUTER_BOUND ( 'NONE', #2563, .T. ) ;
#2185 = AXIS2_PLACEMENT_3D ( 'NONE', #1045, #696, #1710 ) ;
#2186 = ORIENTED_EDGE ( 'NONE', *, *, #1532, .F. ) ;
#2187 = ADVANCED_FACE ( 'NONE', ( #1264 ), #1607, .F. ) ;
#2188 = CARTESIAN_POINT ( 'NONE',  ( 38815.88593523276359, 38815.88593523273448, 11228.32068553693898 ) ) ;
#2189 = VERTEX_POINT ( 'NONE', #3970 ) ;
#2190 = EDGE_CURVE ( 'NONE', #4145, #4037, #2930, .T. ) ;
#2191 = CARTESIAN_POINT ( 'NONE',  ( 38835.74975562041800, 38779.67931206350477, 11228.32068553693898 ) ) ;
#2192 = EDGE_CURVE ( 'NONE', #1422, #156, #1699, .T. ) ;
#2193 = DIRECTION ( 'NONE',  ( -0.000000000000000000, 0.000000000000000000, -1.000000000000000000 ) ) ;
#2194 = EDGE_LOOP ( 'NONE', ( #2594, #3638, #3190, #307 ) ) ;
#2195 = CARTESIAN_POINT ( 'NONE',  ( 38839.26814361914876, 38793.82632382884185, 11220.32068553694080 ) ) ;
#2196 = CARTESIAN_POINT ( 'NONE',  ( 38796.15022008902451, 38802.16764278195478, 11232.32068553693898 ) ) ;
#2197 = VERTEX_POINT ( 'NONE', #3021 ) ;
#2198 = ORIENTED_EDGE ( 'NONE', *, *, #3251, .F. ) ;
#2199 = CYLINDRICAL_SURFACE ( 'NONE', #3346, 36.00013749699115806 ) ;
#2200 = ORIENTED_EDGE ( 'NONE', *, *, #2803, .T. ) ;
#2201 = DIRECTION ( 'NONE',  ( 0.000000000000000000, 0.000000000000000000, -1.000000000000000000 ) ) ;
#2202 = DIRECTION ( 'NONE',  ( -1.000000000000000000, 0.000000000000000000, 0.000000000000000000 ) ) ;
#2203 = DIRECTION ( 'NONE',  ( -1.000000000000000000, 0.000000000000000000, 0.000000000000000000 ) ) ;
#2204 = ORIENTED_EDGE ( 'NONE', *, *, #2216, .F. ) ;
#2205 = VERTEX_POINT ( 'NONE', #1996 ) ;
#2206 = EDGE_CURVE ( 'NONE', #1496, #2181, #1127, .T. ) ;
#2207 = CARTESIAN_POINT ( 'NONE',  ( 38815.88593523276359, 38815.88593523273448, 11228.32068553693898 ) ) ;
#2208 = CYLINDRICAL_SURFACE ( 'NONE', #3082, 29.35410264610283093 ) ;
#2209 = DIRECTION ( 'NONE',  ( -1.000000000000000000, 0.000000000000000000, 0.000000000000000000 ) ) ;
#2210 = EDGE_CURVE ( 'NONE', #228, #2845, #1949, .T. ) ;
#2211 = CARTESIAN_POINT ( 'NONE',  ( 38831.14218620555039, 38787.59104534879589, 11228.32068553693898 ) ) ;
#2212 = ORIENTED_EDGE ( 'NONE', *, *, #296, .T. ) ;
#2213 = CYLINDRICAL_SURFACE ( 'NONE', #1830, 36.00013749699115806 ) ;
#2214 = CARTESIAN_POINT ( 'NONE',  ( 38809.63716477708658, 38853.15773756221461, 11228.32068553693898 ) ) ;
#2215 = VERTEX_POINT ( 'NONE', #38 ) ;
#2216 = EDGE_CURVE ( 'NONE', #260, #63, #60, .T. ) ;
#2217 = ORIENTED_EDGE ( 'NONE', *, *, #2428, .T. ) ;
#2218 = CARTESIAN_POINT ( 'NONE',  ( 38791.11578999875928, 38785.76225941004668, 11228.32068553693898 ) ) ;
#2219 = VERTEX_POINT ( 'NONE', #17 ) ;
#2220 = CARTESIAN_POINT ( 'NONE',  ( 38806.06992174660263, 38855.99998265942850, 11220.32068553694080 ) ) ;
#2221 = DIRECTION ( 'NONE',  ( 0.000000000000000000, 0.000000000000000000, -1.000000000000000000 ) ) ;
#2222 = VERTEX_POINT ( 'NONE', #1651 ) ;
#2223 = ORIENTED_EDGE ( 'NONE', *, *, #1845, .T. ) ;
#2224 = AXIS2_PLACEMENT_3D ( 'NONE', #615, #3837, #1843 ) ;
#2225 = LINE ( 'NONE', #2822, #924 ) ;
#2226 = ORIENTED_EDGE ( 'NONE', *, *, #3512, .T. ) ;
#2227 = AXIS2_PLACEMENT_3D ( 'NONE', #534, #1527, #1509 ) ;
#2228 = DIRECTION ( 'NONE',  ( -0.000000000000000000, 0.000000000000000000, -1.000000000000000000 ) ) ;
#2229 = EDGE_CURVE ( 'NONE', #2751, #2821, #1672, .T. ) ;
#2230 = VECTOR ( 'NONE', #3303, 1000.000000000000000 ) ;
#2231 = CARTESIAN_POINT ( 'NONE',  ( 38843.02847617511725, 38832.13760597947839, 11228.32068553693898 ) ) ;
#2232 = AXIS2_PLACEMENT_3D ( 'NONE', #1184, #3478, #3520 ) ;
#2233 = VERTEX_POINT ( 'NONE', #4248 ) ;
#2234 = DIRECTION ( 'NONE',  ( 0.9659258262890432212, -0.2588190451026145533, 0.000000000000000000 ) ) ;
#2235 = CIRCLE ( 'NONE', #122, 36.00013749699304810 ) ;
#2236 = DIRECTION ( 'NONE',  ( -1.000000000000000000, 0.000000000000000000, 0.000000000000000000 ) ) ;
#2237 = ORIENTED_EDGE ( 'NONE', *, *, #3784, .F. ) ;
#2238 = PRODUCT_DEFINITION_FORMATION_WITH_SPECIFIED_SOURCE ( 'ANY', '', #2807, .NOT_KNOWN. ) ;
#2239 = EDGE_CURVE ( 'NONE', #3514, #2477, #2682, .T. ) ;
#2240 = CIRCLE ( 'NONE', #403, 3.999999999997783107 ) ;
#2241 = AXIS2_PLACEMENT_3D ( 'NONE', #488, #2102, #3725 ) ;
#2242 = VERTEX_POINT ( 'NONE', #719 ) ;
#2243 = CYLINDRICAL_SURFACE ( 'NONE', #3550, 29.35410264610283093 ) ;
#2244 = AXIS2_PLACEMENT_3D ( 'NONE', #3100, #365, #3742 ) ;
#2245 = ADVANCED_FACE ( 'NONE', ( #951 ), #3276, .T. ) ;
#2246 = ORIENTED_EDGE ( 'NONE', *, *, #2276, .T. ) ;
#2247 = ADVANCED_FACE ( 'NONE', ( #2632, #3340 ), #3580, .T. ) ;
#2248 = AXIS2_PLACEMENT_3D ( 'NONE', #1122, #1570, #1588 ) ;
#2249 = EDGE_CURVE ( 'NONE', #982, #1720, #2159, .T. ) ;
#2250 = CARTESIAN_POINT ( 'NONE',  ( 38824.29843800236995, 38784.49018900920782, 11228.32068553693898 ) ) ;
#2251 = FACE_OUTER_BOUND ( 'NONE', #3471, .T. ) ;
#2252 = CARTESIAN_POINT ( 'NONE',  ( 38795.92423717839119, 38805.65841512297629, 11232.32068553693898 ) ) ;
#2253 = ORIENTED_EDGE ( 'NONE', *, *, #3914, .T. ) ;
#2254 = VECTOR ( 'NONE', #1562, 1000.000000000000000 ) ;
#2255 = AXIS2_PLACEMENT_3D ( 'NONE', #4195, #2836, #3445 ) ;
#2256 = VERTEX_POINT ( 'NONE', #2954 ) ;
#2257 = DIRECTION ( 'NONE',  ( 0.000000000000000000, 1.000000000000000000, 0.000000000000000000 ) ) ;
#2258 = AXIS2_PLACEMENT_3D ( 'NONE', #1988, #979, #3229 ) ;
#2259 = CARTESIAN_POINT ( 'NONE',  ( 38809.63716477708658, 38853.15773756221461, 11228.32068553693898 ) ) ;
#2260 = DIRECTION ( 'NONE',  ( -1.000000000000000000, 0.000000000000000000, 0.000000000000000000 ) ) ;
#2261 = DIRECTION ( 'NONE',  ( -0.000000000000000000, -0.000000000000000000, -1.000000000000000000 ) ) ;
#2262 = EDGE_LOOP ( 'NONE', ( #269, #255, #1968, #2455 ) ) ;
#2263 = DIRECTION ( 'NONE',  ( -1.000000000000000000, 0.000000000000000000, 0.000000000000000000 ) ) ;
#2264 = CYLINDRICAL_SURFACE ( 'NONE', #1339, 29.35410264610283093 ) ;
#2265 = ORIENTED_EDGE ( 'NONE', *, *, #1925, .T. ) ;
#2266 = VERTEX_POINT ( 'NONE', #3946 ) ;
#2267 = ADVANCED_FACE ( 'NONE', ( #683 ), #1976, .T. ) ;
#2268 = FACE_OUTER_BOUND ( 'NONE', #552, .T. ) ;
#2269 = EDGE_LOOP ( 'NONE', ( #3543, #1583, #515, #3629 ) ) ;
#2270 = EDGE_CURVE ( 'NONE', #827, #452, #3680, .T. ) ;
#2271 = CARTESIAN_POINT ( 'NONE',  ( 38815.88593523276359, 38815.88593523273448, 11220.32068553694080 ) ) ;
#2272 = CARTESIAN_POINT ( 'NONE',  ( 38854.35887636757980, 38809.49619811600132, 11220.32068553694080 ) ) ;
#2273 = FACE_OUTER_BOUND ( 'NONE', #1574, .T. ) ;
#2274 = ORIENTED_EDGE ( 'NONE', *, *, #2192, .T. ) ;
#2275 = EDGE_LOOP ( 'NONE', ( #3776, #628, #824, #1589 ) ) ;
#2276 = EDGE_CURVE ( 'NONE', #1434, #1316, #3692, .T. ) ;
#2277 = DIRECTION ( 'NONE',  ( -1.000000000000000000, 0.000000000000000000, 0.000000000000000000 ) ) ;
#2278 = CARTESIAN_POINT ( 'NONE',  ( 38851.39412798758713, 38832.01554115693580, 11228.32068553693898 ) ) ;
#2279 = DIRECTION ( 'NONE',  ( -1.000000000000000000, 0.000000000000000000, 0.000000000000000000 ) ) ;
#2280 = EDGE_LOOP ( 'NONE', ( #3915, #2820, #889, #1231 ) ) ;
#2281 = LINE ( 'NONE', #1611, #3978 ) ;
#2282 = VECTOR ( 'NONE', #1856, 1000.000000000000000 ) ;
#2283 = CARTESIAN_POINT ( 'NONE',  ( 38802.18313933195168, 38852.39934817215544, 11228.32068553693898 ) ) ;
#2284 = ORIENTED_EDGE ( 'NONE', *, *, #4221, .F. ) ;
#2285 = ORIENTED_EDGE ( 'NONE', *, *, #2647, .F. ) ;
#2286 = VECTOR ( 'NONE', #3468, 1000.000000000000000 ) ;
#2287 = DIRECTION ( 'NONE',  ( 1.000000000000000000, 0.000000000000000000, 0.000000000000000000 ) ) ;
#2288 = ORIENTED_EDGE ( 'NONE', *, *, #2397, .T. ) ;
#2289 = ADVANCED_FACE ( 'NONE', ( #4033 ), #1073, .F. ) ;
#2290 = CARTESIAN_POINT ( 'NONE',  ( 38847.60863924662408, 38838.57218635611207, 11228.32068553693898 ) ) ;
#2291 = CARTESIAN_POINT ( 'NONE',  ( 38815.88593523276359, 38815.88593523273448, 11228.32068553693898 ) ) ;
#2292 = DIRECTION ( 'NONE',  ( -0.000000000000000000, 0.000000000000000000, -1.000000000000000000 ) ) ;
#2293 = ORIENTED_EDGE ( 'NONE', *, *, #4120, .F. ) ;
#2294 = ORIENTED_EDGE ( 'NONE', *, *, #1218, .T. ) ;
#2295 = EDGE_CURVE ( 'NONE', #1788, #3614, #1135, .T. ) ;
#2296 = CARTESIAN_POINT ( 'NONE',  ( 38840.65608046677517, 38846.00961105542228, 11228.32068553693898 ) ) ;
#2297 = DIRECTION ( 'NONE',  ( -1.000000000000000000, 0.000000000000000000, 0.000000000000000000 ) ) ;
#2298 = DIRECTION ( 'NONE',  ( 0.000000000000000000, 0.000000000000000000, -1.000000000000000000 ) ) ;
#2299 = EDGE_CURVE ( 'NONE', #2049, #156, #1824, .T. ) ;
#2300 = ADVANCED_FACE ( 'NONE', ( #4093 ), #2388, .F. ) ;
#2301 = EDGE_CURVE ( 'NONE', #4037, #2499, #663, .T. ) ;
#2302 = CIRCLE ( 'NONE', #4095, 1.006105236833839900 ) ;
#2303 = CARTESIAN_POINT ( 'NONE',  ( 38815.88593523276359, 38815.88593523273448, 11220.32068553694080 ) ) ;
#2304 = ORIENTED_EDGE ( 'NONE', *, *, #783, .T. ) ;
#2305 = DIRECTION ( 'NONE',  ( -0.000000000000000000, 0.000000000000000000, -1.000000000000000000 ) ) ;
#2306 = CARTESIAN_POINT ( 'NONE',  ( 38785.09064716618013, 38806.66615447548975, 11220.32068553694080 ) ) ;
#2307 = ORIENTED_EDGE ( 'NONE', *, *, #1244, .F. ) ;
#2308 = AXIS2_PLACEMENT_3D ( 'NONE', #891, #2847, #2812 ) ;
#2309 = ORIENTED_EDGE ( 'NONE', *, *, #629, .T. ) ;
#2310 = VECTOR ( 'NONE', #2683, 1000.000000000000000 ) ;
#2311 = CARTESIAN_POINT ( 'NONE',  ( 38852.39937284425105, 38802.18320507499448, 11228.32068553693898 ) ) ;
#2312 = ORIENTED_EDGE ( 'NONE', *, *, #2239, .T. ) ;
#2313 = AXIS2_PLACEMENT_3D ( 'NONE', #3377, #3394, #1369 ) ;
#2314 = AXIS2_PLACEMENT_3D ( 'NONE', #2350, #2394, #3714 ) ;
#2315 = DIRECTION ( 'NONE',  ( -0.000000000000000000, 0.000000000000000000, 1.000000000000000000 ) ) ;
#2316 = CARTESIAN_POINT ( 'NONE',  ( 38792.90267281721026, 38792.90262101308326, 11228.32068553693898 ) ) ;
#2317 = AXIS2_PLACEMENT_3D ( 'NONE', #3645, #1733, #3038 ) ;
#2318 = DIRECTION ( 'NONE',  ( 1.000000000000000000, 0.000000000000000000, 0.000000000000000000 ) ) ;
#2319 = EDGE_LOOP ( 'NONE', ( #3610, #324, #191, #319 ) ) ;
#2320 = AXIS2_PLACEMENT_3D ( 'NONE', #1786, #558, #2151 ) ;
#2321 = CARTESIAN_POINT ( 'NONE',  ( 38848.38921327944990, 38815.88597186376865, 11228.32068553693898 ) ) ;
#2322 = CARTESIAN_POINT ( 'NONE',  ( 38832.13760597951477, 38787.73728905355529, 11228.32068553693898 ) ) ;
#2323 = VECTOR ( 'NONE', #111, 1000.000000000000000 ) ;
#2324 = ADVANCED_FACE ( 'NONE', ( #1735 ), #3368, .F. ) ;
#2325 = CARTESIAN_POINT ( 'NONE',  ( 38822.27574162069504, 38777.41300560281525, 11220.32068553694080 ) ) ;
#2326 = FACE_OUTER_BOUND ( 'NONE', #66, .T. ) ;
#2327 = ORIENTED_EDGE ( 'NONE', *, *, #3700, .T. ) ;
#2328 = EDGE_CURVE ( 'NONE', #3306, #2181, #801, .T. ) ;
#2329 = CIRCLE ( 'NONE', #76, 1.006105236832866012 ) ;
#2330 = LINE ( 'NONE', #2715, #4168 ) ;
#2331 = ORIENTED_EDGE ( 'NONE', *, *, #1918, .F. ) ;
#2332 = ORIENTED_EDGE ( 'NONE', *, *, #267, .T. ) ;
#2333 = DIRECTION ( 'NONE',  ( 0.5000000000001085798, -0.8660254037843759800, 0.000000000000000000 ) ) ;
#2334 = CARTESIAN_POINT ( 'NONE',  ( 38812.10048733874282, 38777.07013530247787, 11228.32068553693898 ) ) ;
#2335 = VERTEX_POINT ( 'NONE', #4012 ) ;
#2336 = CARTESIAN_POINT ( 'NONE',  ( 38815.88593523276359, 38815.88593523273448, 11238.32068553693898 ) ) ;
#2337 = DIRECTION ( 'NONE',  ( 0.000000000000000000, -0.000000000000000000, -1.000000000000000000 ) ) ;
#2338 = CARTESIAN_POINT ( 'NONE',  ( 38847.28168145630480, 38824.29843800234084, 11220.32068553694080 ) ) ;
#2339 = DIRECTION ( 'NONE',  ( -1.000000000000000000, 0.000000000000000000, 0.000000000000000000 ) ) ;
#2340 = ORIENTED_EDGE ( 'NONE', *, *, #652, .T. ) ;
#2341 = CARTESIAN_POINT ( 'NONE',  ( 38846.68124226095824, 38806.66622524121340, 11228.32068553693898 ) ) ;
#2342 = DIRECTION ( 'NONE',  ( -1.000000000000000000, 2.904709073180684017E-12, 0.000000000000000000 ) ) ;
#2343 = DIRECTION ( 'NONE',  ( -0.000000000000000000, -0.000000000000000000, 1.000000000000000000 ) ) ;
#2344 = EDGE_CURVE ( 'NONE', #2219, #2189, #2923, .T. ) ;
#2345 = DIRECTION ( 'NONE',  ( -0.000000000000000000, -0.000000000000000000, -1.000000000000000000 ) ) ;
#2346 = CARTESIAN_POINT ( 'NONE',  ( 38787.32799447651632, 38845.71771260978858, 11220.32068553694080 ) ) ;
#2347 = ORIENTED_EDGE ( 'NONE', *, *, #1220, .T. ) ;
#2348 = EDGE_CURVE ( 'NONE', #163, #3677, #2382, .T. ) ;
#2349 = ORIENTED_EDGE ( 'NONE', *, *, #1091, .T. ) ;
#2350 = CARTESIAN_POINT ( 'NONE',  ( 38847.28168145630480, 38824.29843800234084, 11228.32068553693898 ) ) ;
#2351 = DIRECTION ( 'NONE',  ( -1.000000000000000000, 0.000000000000000000, 0.000000000000000000 ) ) ;
#2352 = VERTEX_POINT ( 'NONE', #2066 ) ;
#2353 = EDGE_CURVE ( 'NONE', #1434, #1615, #326, .T. ) ;
#2354 = DIRECTION ( 'NONE',  ( 0.000000000000000000, -0.000000000000000000, -1.000000000000000000 ) ) ;
#2355 = CYLINDRICAL_SURFACE ( 'NONE', #120, 36.00013749699115806 ) ;
#2356 = CARTESIAN_POINT ( 'NONE',  ( 38815.88593523276359, 38815.88593523273448, 11220.32068553694080 ) ) ;
#2357 = DIRECTION ( 'NONE',  ( -0.4999999999959848784, 0.8660254037867567423, 0.000000000000000000 ) ) ;
#2358 = VERTEX_POINT ( 'NONE', #116 ) ;
#2359 = DIRECTION ( 'NONE',  ( -0.000000000000000000, -0.000000000000000000, -1.000000000000000000 ) ) ;
#2360 = DIRECTION ( 'NONE',  ( -1.000000000000000000, 0.000000000000000000, 0.000000000000000000 ) ) ;
#2361 = FACE_OUTER_BOUND ( 'NONE', #2849, .T. ) ;
#2362 = CARTESIAN_POINT ( 'NONE',  ( 38835.74975562041800, 38779.67931206350477, 11220.32068553694080 ) ) ;
#2363 = DIRECTION ( 'NONE',  ( -1.000000000000000000, 0.000000000000000000, 0.000000000000000000 ) ) ;
#2364 = EDGE_LOOP ( 'NONE', ( #2432, #361, #87, #1641 ) ) ;
#2365 = AXIS2_PLACEMENT_3D ( 'NONE', #1759, #2452, #142 ) ;
#2366 = ORIENTED_EDGE ( 'NONE', *, *, #2484, .T. ) ;
#2367 = CARTESIAN_POINT ( 'NONE',  ( 38808.47278478684893, 38847.16530843225337, 11228.32068553693898 ) ) ;
#2368 = AXIS2_PLACEMENT_3D ( 'NONE', #3072, #2470, #3419 ) ;
#2369 = DIRECTION ( 'NONE',  ( -0.000000000000000000, -0.000000000000000000, 1.000000000000000000 ) ) ;
#2370 = EDGE_CURVE ( 'NONE', #639, #3621, #2576, .T. ) ;
#2371 = ORIENTED_EDGE ( 'NONE', *, *, #3506, .T. ) ;
#2372 = AXIS2_PLACEMENT_3D ( 'NONE', #1599, #134, #2357 ) ;
#2373 = CARTESIAN_POINT ( 'NONE',  ( -7916.820418269568108, 16806.38244925318941, 11232.32068553693898 ) ) ;
#2374 = EDGE_CURVE ( 'NONE', #3704, #3822, #3475, .T. ) ;
#2375 = CARTESIAN_POINT ( 'NONE',  ( 38815.88593523276359, 38815.88593523273448, 11220.32068553694080 ) ) ;
#2376 = EDGE_CURVE ( 'NONE', #3793, #414, #3103, .T. ) ;
#2377 = AXIS2_PLACEMENT_3D ( 'NONE', #325, #3913, #2961 ) ;
#2378 = CARTESIAN_POINT ( 'NONE',  ( 38783.75371630959853, 38814.95071793763782, 11228.32068553693898 ) ) ;
#2379 = EDGE_CURVE ( 'NONE', #861, #355, #193, .T. ) ;
#2380 = EDGE_LOOP ( 'NONE', ( #2107, #3540, #1406, #3518 ) ) ;
#2381 = CIRCLE ( 'NONE', #2730, 38.99994794847572166 ) ;
#2382 = CIRCLE ( 'NONE', #460, 1.006105236834714756 ) ;
#2383 = CIRCLE ( 'NONE', #3759, 36.00013749699044752 ) ;
#2384 = FACE_OUTER_BOUND ( 'NONE', #3953, .T. ) ;
#2385 = CARTESIAN_POINT ( 'NONE',  ( 38838.86924945241481, 38792.90267281718843, 11220.32068553694080 ) ) ;
#2386 = AXIS2_PLACEMENT_3D ( 'NONE', #2385, #505, #2100 ) ;
#2387 = DIRECTION ( 'NONE',  ( -0.000000000000000000, -0.000000000000000000, -1.000000000000000000 ) ) ;
#2388 = CYLINDRICAL_SURFACE ( 'NONE', #2033, 1.006105236832866012 ) ;
#2389 = ORIENTED_EDGE ( 'NONE', *, *, #2697, .F. ) ;
#2390 = FACE_OUTER_BOUND ( 'NONE', #2269, .T. ) ;
#2391 = VECTOR ( 'NONE', #4173, 1000.000000000000000 ) ;
#2392 = ORIENTED_EDGE ( 'NONE', *, *, #629, .F. ) ;
#2393 = CIRCLE ( 'NONE', #3023, 15.00000000000056843 ) ;
#2394 = DIRECTION ( 'NONE',  ( -0.000000000000000000, -0.000000000000000000, -1.000000000000000000 ) ) ;
#2395 = CARTESIAN_POINT ( 'NONE',  ( 38832.13754253269872, 38844.03461804294784, 11220.32068553694080 ) ) ;
#2396 = VERTEX_POINT ( 'NONE', #2082 ) ;
#2397 = EDGE_CURVE ( 'NONE', #3022, #3794, #1484, .T. ) ;
#2398 = DIRECTION ( 'NONE',  ( -0.000000000000000000, -0.000000000000000000, -1.000000000000000000 ) ) ;
#2399 = DIRECTION ( 'NONE',  ( 0.000000000000000000, -0.000000000000000000, -1.000000000000000000 ) ) ;
#2400 = CARTESIAN_POINT ( 'NONE',  ( 38809.63716477708658, 38853.15773756221461, 11220.32068553694080 ) ) ;
#2401 = ORIENTED_EDGE ( 'NONE', *, *, #420, .T. ) ;
#2402 = ADVANCED_FACE ( 'NONE', ( #2778 ), #3548, .T. ) ;
#2403 = CARTESIAN_POINT ( 'NONE',  ( 38796.88628386162600, 38827.93845562371280, 11232.32068553693898 ) ) ;
#2404 = CARTESIAN_POINT ( 'NONE',  ( 38787.59100871779083, 38831.14212275870523, 11228.32068553693898 ) ) ;
#2405 = DIRECTION ( 'NONE',  ( 0.000000000000000000, -0.000000000000000000, -1.000000000000000000 ) ) ;
#2406 = LINE ( 'NONE', #1133, #4178 ) ;
#2407 = EDGE_CURVE ( 'NONE', #2638, #1227, #2302, .T. ) ;
#2408 = CARTESIAN_POINT ( 'NONE',  ( 38851.19181988930359, 38794.46198997675674, 11220.32068553694080 ) ) ;
#2409 = DIRECTION ( 'NONE',  ( -1.000000000000000000, 0.000000000000000000, 0.000000000000000000 ) ) ;
#2410 = EDGE_LOOP ( 'NONE', ( #657, #3498, #1378, #3519 ) ) ;
#2411 = CARTESIAN_POINT ( 'NONE',  ( 38815.88593523276359, 38815.88593523273448, 11220.32068553694080 ) ) ;
#2412 = DIRECTION ( 'NONE',  ( -0.000000000000000000, -0.000000000000000000, 1.000000000000000000 ) ) ;
#2413 = ORIENTED_EDGE ( 'NONE', *, *, #899, .T. ) ;
#2414 = FACE_OUTER_BOUND ( 'NONE', #1533, .T. ) ;
#2415 = DIRECTION ( 'NONE',  ( 0.000000000000000000, -0.000000000000000000, -1.000000000000000000 ) ) ;
#2416 = CYLINDRICAL_SURFACE ( 'NONE', #556, 38.99994794847572166 ) ;
#2417 = ORIENTED_EDGE ( 'NONE', *, *, #555, .F. ) ;
#2418 = ADVANCED_FACE ( 'NONE', ( #885 ), #4154, .T. ) ;
#2419 = DIRECTION ( 'NONE',  ( 1.000000000000000000, 0.000000000000000000, 0.000000000000000000 ) ) ;
#2420 = CARTESIAN_POINT ( 'NONE',  ( 38796.02211484510917, 38852.09255840196420, 11220.32068553694080 ) ) ;
#2421 = CARTESIAN_POINT ( 'NONE',  ( 38838.86919764830964, 38838.86924945238570, 11220.32068553694080 ) ) ;
#2422 = DIRECTION ( 'NONE',  ( -1.000000000000000000, 0.000000000000000000, 0.000000000000000000 ) ) ;
#2423 = EDGE_CURVE ( 'NONE', #4085, #2943, #2854, .T. ) ;
#2424 = ADVANCED_BREP_SHAPE_REPRESENTATION ( 'ServoGearV2', ( #2631, #3000 ), #1618 ) ;
#2425 = CARTESIAN_POINT ( 'NONE',  ( 38824.29836723665358, 38847.28170041788690, 11228.32068553693898 ) ) ;
#2426 = EDGE_CURVE ( 'NONE', #3575, #3798, #2225, .T. ) ;
#2427 = DIRECTION ( 'NONE',  ( 0.000000000000000000, 0.000000000000000000, -1.000000000000000000 ) ) ;
#2428 = EDGE_CURVE ( 'NONE', #71, #4167, #1567, .T. ) ;
#2429 = ORIENTED_EDGE ( 'NONE', *, *, #702, .T. ) ;
#2430 = LINE ( 'NONE', #3751, #3631 ) ;
#2431 = CYLINDRICAL_SURFACE ( 'NONE', #735, 1.006105236832866012 ) ;
#2432 = ORIENTED_EDGE ( 'NONE', *, *, #1003, .F. ) ;
#2433 = APPLICATION_CONTEXT ( 'automotive_design' ) ;
#2434 = CARTESIAN_POINT ( 'NONE',  ( 38800.62974770679284, 38787.59100871776172, 11228.32068553693898 ) ) ;
#2435 = AXIS2_PLACEMENT_3D ( 'NONE', #3001, #767, #1366 ) ;
#2436 = DIRECTION ( 'NONE',  ( 0.000000000000000000, 0.000000000000000000, -1.000000000000000000 ) ) ;
#2437 = DIRECTION ( 'NONE',  ( 0.000000000000000000, 0.000000000000000000, -1.000000000000000000 ) ) ;
#2438 =( NAMED_UNIT ( * ) PLANE_ANGLE_UNIT ( ) SI_UNIT ( $, .RADIAN. ) );
#2439 = ORIENTED_EDGE ( 'NONE', *, *, #2619, .F. ) ;
#2440 = VECTOR ( 'NONE', #594, 1000.000000000000000 ) ;
#2441 = CIRCLE ( 'NONE', #936, 3.000000000000113687 ) ;
#2442 = CARTESIAN_POINT ( 'NONE',  ( 38848.01815415592864, 38814.95079119970615, 11228.32068553693898 ) ) ;
#2443 = CARTESIAN_POINT ( 'NONE',  ( 38853.50503249755275, 38812.27513171025930, 11228.32068553693898 ) ) ;
#2444 = AXIS2_PLACEMENT_3D ( 'NONE', #589, #905, #570 ) ;
#2445 = DIRECTION ( 'NONE',  ( 1.000000000000000000, 0.000000000000000000, 0.000000000000000000 ) ) ;
#2446 = AXIS2_PLACEMENT_3D ( 'NONE', #155, #3033, #94 ) ;
#2447 = ORIENTED_EDGE ( 'NONE', *, *, #2578, .T. ) ;
#2448 = DIRECTION ( 'NONE',  ( -1.000000000000000000, 0.000000000000000000, 0.000000000000000000 ) ) ;
#2449 = CIRCLE ( 'NONE', #197, 38.99994794847572166 ) ;
#2450 = CIRCLE ( 'NONE', #609, 38.99994794847572166 ) ;
#2451 = EDGE_CURVE ( 'NONE', #3034, #3650, #1935, .T. ) ;
#2452 = DIRECTION ( 'NONE',  ( 0.000000000000000000, -0.000000000000000000, -1.000000000000000000 ) ) ;
#2453 = VECTOR ( 'NONE', #1669, 1000.000000000000000 ) ;
#2454 = AXIS2_PLACEMENT_3D ( 'NONE', #797, #2126, #487 ) ;
#2455 = ORIENTED_EDGE ( 'NONE', *, *, #1790, .T. ) ;
#2456 = CIRCLE ( 'NONE', #1831, 38.99994794847572166 ) ;
#2457 = LINE ( 'NONE', #2780, #2172 ) ;
#2458 = CIRCLE ( 'NONE', #1698, 36.00013749699115806 ) ;
#2459 = VECTOR ( 'NONE', #2990, 1000.000000000000000 ) ;
#2460 = ADVANCED_FACE ( 'NONE', ( #3873 ), #247, .F. ) ;
#2461 = ORIENTED_EDGE ( 'NONE', *, *, #1317, .T. ) ;
#2462 = DIRECTION ( 'NONE',  ( -0.000000000000000000, -0.000000000000000000, 1.000000000000000000 ) ) ;
#2463 = CIRCLE ( 'NONE', #2878, 29.35410264610283093 ) ;
#2464 = DIRECTION ( 'NONE',  ( -0.000000000000000000, -0.000000000000000000, -1.000000000000000000 ) ) ;
#2465 = ORIENTED_EDGE ( 'NONE', *, *, #3037, .F. ) ;
#2466 = CIRCLE ( 'NONE', #2185, 29.35410264610490572 ) ;
#2467 = CIRCLE ( 'NONE', #4170, 36.00013749699115806 ) ;
#2468 = ORIENTED_EDGE ( 'NONE', *, *, #1029, .T. ) ;
#2469 = DIRECTION ( 'NONE',  ( -1.000000000000000000, 0.000000000000000000, 0.000000000000000000 ) ) ;
#2470 = DIRECTION ( 'NONE',  ( 0.000000000000000000, 0.000000000000000000, -1.000000000000000000 ) ) ;
#2471 = ORIENTED_EDGE ( 'NONE', *, *, #3279, .F. ) ;
#2472 = DIRECTION ( 'NONE',  ( -0.000000000000000000, -0.000000000000000000, -1.000000000000000000 ) ) ;
#2473 = DIRECTION ( 'NONE',  ( 0.000000000000000000, 0.000000000000000000, -1.000000000000000000 ) ) ;
#2474 = ORIENTED_EDGE ( 'NONE', *, *, #3331, .T. ) ;
#2475 = CARTESIAN_POINT ( 'NONE',  ( 38837.86309241147683, 38838.86924945238570, 11220.32068553694080 ) ) ;
#2476 = CARTESIAN_POINT ( 'NONE',  ( 38815.88593523276359, 38815.88593523273448, 11232.32068553693898 ) ) ;
#2477 = VERTEX_POINT ( 'NONE', #1878 ) ;
#2478 = CYLINDRICAL_SURFACE ( 'NONE', #805, 38.99994794847572166 ) ;
#2479 = EDGE_CURVE ( 'NONE', #1515, #2256, #1192, .T. ) ;
#2480 = ORIENTED_EDGE ( 'NONE', *, *, #294, .T. ) ;
#2481 = DIRECTION ( 'NONE',  ( -0.000000000000000000, -0.000000000000000000, -1.000000000000000000 ) ) ;
#2482 = CARTESIAN_POINT ( 'NONE',  ( 38781.50143957277760, 38800.20343417888216, 11220.32068553694080 ) ) ;
#2483 = EDGE_LOOP ( 'NONE', ( #2700, #2465, #561, #3812 ) ) ;
#2484 = EDGE_CURVE ( 'NONE', #643, #2808, #2557, .T. ) ;
#2485 = ORIENTED_EDGE ( 'NONE', *, *, #254, .F. ) ;
#2486 = CYLINDRICAL_SURFACE ( 'NONE', #1275, 1.006105236832866012 ) ;
#2487 = CARTESIAN_POINT ( 'NONE',  ( 38832.13760597951477, 38787.73728905355529, 11220.32068553694080 ) ) ;
#2488 = ORIENTED_EDGE ( 'NONE', *, *, #553, .T. ) ;
#2489 = EDGE_CURVE ( 'NONE', #3854, #1855, #2514, .T. ) ;
#2490 = CARTESIAN_POINT ( 'NONE',  ( 38846.65962737027439, 38793.94933902179764, 11228.32068553693898 ) ) ;
#2491 = DIRECTION ( 'NONE',  ( -1.000000000000000000, 0.000000000000000000, 0.000000000000000000 ) ) ;
#2492 = VERTEX_POINT ( 'NONE', #920 ) ;
#2493 = DIRECTION ( 'NONE',  ( -0.000000000000000000, 0.000000000000000000, 1.000000000000000000 ) ) ;
#2494 = VERTEX_POINT ( 'NONE', #1222 ) ;
#2495 = DIRECTION ( 'NONE',  ( 0.000000000000000000, -0.000000000000000000, -1.000000000000000000 ) ) ;
#2496 = ORIENTED_EDGE ( 'NONE', *, *, #2983, .T. ) ;
#2497 = CARTESIAN_POINT ( 'NONE',  ( 38844.03461804297694, 38799.63432793279935, 11220.32068553694080 ) ) ;
#2498 = CYLINDRICAL_SURFACE ( 'NONE', #1679, 29.35410264610283093 ) ;
#2499 = VERTEX_POINT ( 'NONE', #2147 ) ;
#2500 = VERTEX_POINT ( 'NONE', #183 ) ;
#2501 = ADVANCED_FACE ( 'NONE', ( #3856 ), #862, .T. ) ;
#2502 = CARTESIAN_POINT ( 'NONE',  ( 38794.17423717839119, 38805.65841512297629, 11223.32068553694080 ) ) ;
#2503 = CYLINDRICAL_SURFACE ( 'NONE', #2368, 38.99994794847572166 ) ;
#2504 = ORIENTED_EDGE ( 'NONE', *, *, #1953, .T. ) ;
#2505 = AXIS2_PLACEMENT_3D ( 'NONE', #1034, #346, #2972 ) ;
#2506 = ADVANCED_FACE ( 'NONE', ( #844 ), #4138, .F. ) ;
#2507 = ADVANCED_FACE ( 'NONE', ( #3145 ), #551, .F. ) ;
#2508 = FACE_OUTER_BOUND ( 'NONE', #2997, .T. ) ;
#2509 = DIRECTION ( 'NONE',  ( 0.000000000000000000, 0.000000000000000000, -1.000000000000000000 ) ) ;
#2510 = AXIS2_PLACEMENT_3D ( 'NONE', #1680, #3391, #1041 ) ;
#2511 = ORIENTED_EDGE ( 'NONE', *, *, #3806, .F. ) ;
#2512 = CIRCLE ( 'NONE', #670, 38.99994794847572166 ) ;
#2513 = AXIS2_PLACEMENT_3D ( 'NONE', #2120, #498, #3842 ) ;
#2514 = LINE ( 'NONE', #3795, #582 ) ;
#2515 = EDGE_LOOP ( 'NONE', ( #3172, #2468, #3502, #1042 ) ) ;
#2516 = VECTOR ( 'NONE', #2602, 1000.000000000000000 ) ;
#2517 = CIRCLE ( 'NONE', #2170, 1.006105236836115635 ) ;
#2518 = DIRECTION ( 'NONE',  ( -1.000000000000000000, 0.000000000000000000, 0.000000000000000000 ) ) ;
#2519 = CIRCLE ( 'NONE', #3486, 29.35410264610490572 ) ;
#2520 = CIRCLE ( 'NONE', #3899, 36.00013749699044752 ) ;
#2521 = CARTESIAN_POINT ( 'NONE',  ( 38787.59100871779083, 38831.14212275870523, 11220.32068553694080 ) ) ;
#2522 = ORIENTED_EDGE ( 'NONE', *, *, #2376, .T. ) ;
#2523 = CIRCLE ( 'NONE', #3144, 1.006105236832866012 ) ;
#2524 = CYLINDRICAL_SURFACE ( 'NONE', #3902, 1.006105236832866012 ) ;
#2525 = DIRECTION ( 'NONE',  ( -1.000000000000000000, 0.000000000000000000, 0.000000000000000000 ) ) ;
#2526 = ORIENTED_EDGE ( 'NONE', *, *, #1841, .F. ) ;
#2527 = CIRCLE ( 'NONE', #1491, 29.35410264610490572 ) ;
#2528 = ORIENTED_EDGE ( 'NONE', *, *, #3967, .T. ) ;
#2529 = DIRECTION ( 'NONE',  ( 0.000000000000000000, 0.000000000000000000, -1.000000000000000000 ) ) ;
#2530 = ORIENTED_EDGE ( 'NONE', *, *, #1502, .T. ) ;
#2531 = CIRCLE ( 'NONE', #2182, 29.35410264610068864 ) ;
#2532 = EDGE_CURVE ( 'NONE', #1205, #3308, #2079, .T. ) ;
#2533 = CARTESIAN_POINT ( 'NONE',  ( 38806.66615447551885, 38846.68122329931066, 11228.32068553693898 ) ) ;
#2534 = DIRECTION ( 'NONE',  ( -1.000000000000000000, 0.000000000000000000, 0.000000000000000000 ) ) ;
#2535 = CIRCLE ( 'NONE', #3989, 38.99994794847572166 ) ;
#2536 = CARTESIAN_POINT ( 'NONE',  ( 38843.24568108368112, 38799.00996728235623, 11220.32068553694080 ) ) ;
#2537 = ORIENTED_EDGE ( 'NONE', *, *, #3810, .T. ) ;
#2538 = EDGE_CURVE ( 'NONE', #3521, #2396, #227, .T. ) ;
#2539 = DIRECTION ( 'NONE',  ( -0.000000000000000000, -0.000000000000000000, -1.000000000000000000 ) ) ;
#2540 = CARTESIAN_POINT ( 'NONE',  ( 38795.92423717839119, 38805.65841512297629, 11223.32068553694080 ) ) ;
#2541 = CARTESIAN_POINT ( 'NONE',  ( 38815.88593523276359, 38815.88593523273448, 11228.32068553693898 ) ) ;
#2542 = EDGE_CURVE ( 'NONE', #2915, #3127, #1251, .T. ) ;
#2543 = CARTESIAN_POINT ( 'NONE',  ( 38815.88593523276359, 38815.88593523273448, 11228.32068553693898 ) ) ;
#2544 = ORIENTED_EDGE ( 'NONE', *, *, #3560, .F. ) ;
#2545 = AXIS2_PLACEMENT_3D ( 'NONE', #1065, #1390, #775 ) ;
#2546 = CARTESIAN_POINT ( 'NONE',  ( 38777.07013530250697, 38819.67138312675525, 11228.32068553693898 ) ) ;
#2547 = CARTESIAN_POINT ( 'NONE',  ( 38774.59816958913143, 38816.78667374543147, 11220.32068553694080 ) ) ;
#2548 = ORIENTED_EDGE ( 'NONE', *, *, #1397, .F. ) ;
#2549 = ORIENTED_EDGE ( 'NONE', *, *, #774, .T. ) ;
#2550 = CARTESIAN_POINT ( 'NONE',  ( 38845.71771260981768, 38844.44387598898902, 11228.32068553693898 ) ) ;
#2551 = VERTEX_POINT ( 'NONE', #34 ) ;
#2552 = DIRECTION ( 'NONE',  ( -0.000000000000000000, -0.000000000000000000, 1.000000000000000000 ) ) ;
#2553 = DIRECTION ( 'NONE',  ( -1.000000000000000000, 0.000000000000000000, 0.000000000000000000 ) ) ;
#2554 = EDGE_CURVE ( 'NONE', #3592, #3161, #514, .T. ) ;
#2555 = ORIENTED_EDGE ( 'NONE', *, *, #571, .F. ) ;
#2556 = EDGE_LOOP ( 'NONE', ( #4076, #235, #966, #2874 ) ) ;
#2557 = LINE ( 'NONE', #4179, #3184 ) ;
#2558 = CARTESIAN_POINT ( 'NONE',  ( 38802.18320507501630, 38779.37249762125430, 11220.32068553694080 ) ) ;
#2559 = EDGE_CURVE ( 'NONE', #2352, #1980, #3234, .T. ) ;
#2560 = CYLINDRICAL_SURFACE ( 'NONE', #1887, 29.35410264610283093 ) ;
#2561 = PRODUCT_DEFINITION ( 'UNKNOWN', '', #2238, #4211 ) ;
#2562 = CARTESIAN_POINT ( 'NONE',  ( 38780.48322234275838, 38829.11024244044529, 11228.32068553693898 ) ) ;
#2563 = EDGE_LOOP ( 'NONE', ( #2574, #851, #3104, #710 ) ) ;
#2564 = EDGE_CURVE ( 'NONE', #166, #3867, #1629, .T. ) ;
#2565 = CARTESIAN_POINT ( 'NONE',  ( 38799.00990383556928, 38843.24564445261058, 11228.32068553693898 ) ) ;
#2566 = DIRECTION ( 'NONE',  ( -1.000000000000000000, 0.000000000000000000, 0.000000000000000000 ) ) ;
#2567 = ORIENTED_EDGE ( 'NONE', *, *, #1112, .F. ) ;
#2568 = ORIENTED_EDGE ( 'NONE', *, *, #294, .F. ) ;
#2569 = DIRECTION ( 'NONE',  ( 0.000000000000000000, 0.000000000000000000, -1.000000000000000000 ) ) ;
#2570 = ORIENTED_EDGE ( 'NONE', *, *, #4071, .T. ) ;
#2571 = DIRECTION ( 'NONE',  ( 0.000000000000000000, 1.000000000000000000, 0.000000000000000000 ) ) ;
#2572 = CARTESIAN_POINT ( 'NONE',  ( 38852.09255840199330, 38835.74975562038890, 11228.32068553693898 ) ) ;
#2573 = FACE_OUTER_BOUND ( 'NONE', #33, .T. ) ;
#2574 = ORIENTED_EDGE ( 'NONE', *, *, #1016, .T. ) ;
#2575 = VERTEX_POINT ( 'NONE', #3923 ) ;
#2576 = CIRCLE ( 'NONE', #864, 30.00000000000113687 ) ;
#2577 = FILL_AREA_STYLE_COLOUR ( '', #1351 ) ;
#2578 = EDGE_CURVE ( 'NONE', #952, #2915, #3527, .T. ) ;
#2579 = VERTEX_POINT ( 'NONE', #1005 ) ;
#2580 = CIRCLE ( 'NONE', #3130, 29.35410264610283093 ) ;
#2581 = CARTESIAN_POINT ( 'NONE',  ( 38838.86924945241481, 38792.90267281718843, 11220.32068553694080 ) ) ;
#2582 = AXIS2_PLACEMENT_3D ( 'NONE', #2995, #1420, #720 ) ;
#2583 = EDGE_CURVE ( 'NONE', #1367, #3141, #3961, .T. ) ;
#2584 = CIRCLE ( 'NONE', #1755, 29.35410264609930664 ) ;
#2585 = DIRECTION ( 'NONE',  ( -0.000000000000000000, 0.000000000000000000, -1.000000000000000000 ) ) ;
#2586 = ORIENTED_EDGE ( 'NONE', *, *, #839, .T. ) ;
#2587 = CARTESIAN_POINT ( 'NONE',  ( 38803.27848393021850, 38814.36864433972369, 11232.32068553693898 ) ) ;
#2588 = AXIS2_PLACEMENT_3D ( 'NONE', #3530, #4182, #2209 ) ;
#2589 = DIRECTION ( 'NONE',  ( -1.000000000000000000, 0.000000000000000000, 0.000000000000000000 ) ) ;
#2590 = VERTEX_POINT ( 'NONE', #297 ) ;
#2591 = VECTOR ( 'NONE', #2719, 1000.000000000000000 ) ;
#2592 = ADVANCED_FACE ( 'NONE', ( #1585 ), #2607, .F. ) ;
#2593 = AXIS2_PLACEMENT_3D ( 'NONE', #2336, #3657, #711 ) ;
#2594 = ORIENTED_EDGE ( 'NONE', *, *, #206, .F. ) ;
#2595 = DIRECTION ( 'NONE',  ( 1.000000000000000000, 0.000000000000000000, 0.000000000000000000 ) ) ;
#2596 = AXIS2_PLACEMENT_3D ( 'NONE', #1732, #3054, #3447 ) ;
#2597 = ORIENTED_EDGE ( 'NONE', *, *, #3245, .T. ) ;
#2598 = AXIS2_PLACEMENT_3D ( 'NONE', #1863, #1543, #3237 ) ;
#2599 = AXIS2_PLACEMENT_3D ( 'NONE', #2259, #35, #1927 ) ;
#2600 = CARTESIAN_POINT ( 'NONE',  ( 38832.13754253269872, 38844.03461804294784, 11228.32068553693898 ) ) ;
#2601 = CYLINDRICAL_SURFACE ( 'NONE', #2114, 29.35410264610283093 ) ;
#2602 = DIRECTION ( 'NONE',  ( -0.000000000000000000, -0.000000000000000000, -1.000000000000000000 ) ) ;
#2603 = ORIENTED_EDGE ( 'NONE', *, *, #4086, .F. ) ;
#2604 = AXIS2_PLACEMENT_3D ( 'NONE', #2695, #4009, #2360 ) ;
#2605 = ORIENTED_EDGE ( 'NONE', *, *, #3463, .T. ) ;
#2606 = AXIS2_PLACEMENT_3D ( 'NONE', #436, #1323, #1026 ) ;
#2607 = CYLINDRICAL_SURFACE ( 'NONE', #1594, 3.000000000000113687 ) ;
#2608 = ORIENTED_EDGE ( 'NONE', *, *, #1212, .T. ) ;
#2609 = DIRECTION ( 'NONE',  ( 0.000000000000000000, 0.000000000000000000, -1.000000000000000000 ) ) ;
#2610 = AXIS2_PLACEMENT_3D ( 'NONE', #2600, #28, #607 ) ;
#2611 = DIRECTION ( 'NONE',  ( -1.000000000000000000, 0.000000000000000000, 0.000000000000000000 ) ) ;
#2612 = ORIENTED_EDGE ( 'NONE', *, *, #2964, .T. ) ;
#2613 = CARTESIAN_POINT ( 'NONE',  ( 38799.63432793282846, 38787.73725242252112, 11220.32068553694080 ) ) ;
#2614 = DIRECTION ( 'NONE',  ( -0.000000000000000000, 0.000000000000000000, 1.000000000000000000 ) ) ;
#2615 = EDGE_CURVE ( 'NONE', #121, #42, #3462, .T. ) ;
#2616 = ORIENTED_EDGE ( 'NONE', *, *, #32, .F. ) ;
#2617 = VERTEX_POINT ( 'NONE', #4217 ) ;
#2618 = CYLINDRICAL_SURFACE ( 'NONE', #3696, 7.499999999993178790 ) ;
#2619 = EDGE_CURVE ( 'NONE', #2575, #3861, #2146, .T. ) ;
#2620 = ORIENTED_EDGE ( 'NONE', *, *, #1219, .T. ) ;
#2621 = DIRECTION ( 'NONE',  ( 0.000000000000000000, 0.000000000000000000, -1.000000000000000000 ) ) ;
#2622 = EDGE_CURVE ( 'NONE', #2770, #121, #2950, .T. ) ;
#2623 = CARTESIAN_POINT ( 'NONE',  ( 38815.88593523276359, 38815.88593523273448, 11220.32068553694080 ) ) ;
#2624 = FACE_OUTER_BOUND ( 'NONE', #2685, .T. ) ;
#2625 = EDGE_CURVE ( 'NONE', #1911, #2714, #1648, .T. ) ;
#2626 = ORIENTED_EDGE ( 'NONE', *, *, #956, .T. ) ;
#2627 = ORIENTED_EDGE ( 'NONE', *, *, #368, .F. ) ;
#2628 = DIRECTION ( 'NONE',  ( -0.000000000000000000, -0.000000000000000000, -1.000000000000000000 ) ) ;
#2629 = DIRECTION ( 'NONE',  ( -0.000000000000000000, -0.000000000000000000, 1.000000000000000000 ) ) ;
#2630 = CARTESIAN_POINT ( 'NONE',  ( 38809.49612884482485, 38854.35886486265372, 11220.32068553694080 ) ) ;
#2631 = MANIFOLD_SOLID_BREP ( 'Cut-Extrude15', #4053 ) ;
#2632 = FACE_BOUND ( 'NONE', #1288, .T. ) ;
#2633 = ORIENTED_EDGE ( 'NONE', *, *, #3434, .T. ) ;
#2634 = CARTESIAN_POINT ( 'NONE',  ( 38829.11024244048167, 38851.28864812273241, 11228.32068553693898 ) ) ;
#2635 = CIRCLE ( 'NONE', #1522, 1.006105236833839900 ) ;
#2636 = DIRECTION ( 'NONE',  ( -0.000000000000000000, -0.000000000000000000, 1.000000000000000000 ) ) ;
#2637 = VERTEX_POINT ( 'NONE', #1435 ) ;
#2638 = VERTEX_POINT ( 'NONE', #2694 ) ;
#2639 = AXIS2_PLACEMENT_3D ( 'NONE', #4242, #1944, #3897 ) ;
#2640 = CARTESIAN_POINT ( 'NONE',  ( 38847.28170041791600, 38807.47350322885904, 11228.32068553693898 ) ) ;
#2641 = ORIENTED_EDGE ( 'NONE', *, *, #254, .T. ) ;
#2642 = EDGE_CURVE ( 'NONE', #1764, #3521, #3006, .T. ) ;
#2643 = CARTESIAN_POINT ( 'NONE',  ( 38846.27557621947199, 38824.29843800234084, 11228.32068553693898 ) ) ;
#2644 = CARTESIAN_POINT ( 'NONE',  ( 38816.82107926579192, 38848.01815415589954, 11228.32068553693898 ) ) ;
#2645 = CARTESIAN_POINT ( 'NONE',  ( 38794.17423717839119, 38805.65841512297629, 11220.32068553694080 ) ) ;
#2646 = ORIENTED_EDGE ( 'NONE', *, *, #85, .F. ) ;
#2647 = EDGE_CURVE ( 'NONE', #332, #3260, #2097, .T. ) ;
#2648 = ADVANCED_FACE ( 'NONE', ( #756 ), #4027, .T. ) ;
#2649 = CARTESIAN_POINT ( 'NONE',  ( 38816.82115252786025, 38783.75371630956943, 11220.32068553694080 ) ) ;
#2650 = CYLINDRICAL_SURFACE ( 'NONE', #2317, 1.006105236832866012 ) ;
#2651 = CIRCLE ( 'NONE', #2308, 29.35410264610283093 ) ;
#2652 = DIRECTION ( 'NONE',  ( -0.000000000000000000, 0.000000000000000000, -1.000000000000000000 ) ) ;
#2653 = ORIENTED_EDGE ( 'NONE', *, *, #3319, .F. ) ;
#2654 = DIRECTION ( 'NONE',  ( -0.8660254037844756780, -0.4999999999999361067, 0.000000000000000000 ) ) ;
#2655 = VERTEX_POINT ( 'NONE', #3740 ) ;
#2656 = VECTOR ( 'NONE', #2957, 1000.000000000000114 ) ;
#2657 = VECTOR ( 'NONE', #4131, 1000.000000000000000 ) ;
#2658 = ORIENTED_EDGE ( 'NONE', *, *, #2929, .F. ) ;
#2659 = CIRCLE ( 'NONE', #262, 7.499999999993178790 ) ;
#2660 = CIRCLE ( 'NONE', #2513, 1.006105236834714756 ) ;
#2661 = LINE ( 'NONE', #766, #3209 ) ;
#2662 = VECTOR ( 'NONE', #2144, 1000.000000000000000 ) ;
#2663 = ORIENTED_EDGE ( 'NONE', *, *, #1474, .F. ) ;
#2664 = CIRCLE ( 'NONE', #3284, 29.35410264610283093 ) ;
#2665 = AXIS2_PLACEMENT_3D ( 'NONE', #1310, #3273, #342 ) ;
#2666 = VECTOR ( 'NONE', #2956, 1000.000000000000000 ) ;
#2667 = CARTESIAN_POINT ( 'NONE',  ( 38788.52618938185333, 38832.76190318312001, 11228.32068553693898 ) ) ;
#2668 = DIRECTION ( 'NONE',  ( 0.000000000000000000, 0.000000000000000000, -1.000000000000000000 ) ) ;
#2669 = CARTESIAN_POINT ( 'NONE',  ( 38806.68765730013547, 38807.13141165493289, 11232.32068553693898 ) ) ;
#2670 = AXIS2_PLACEMENT_3D ( 'NONE', #1671, #2343, #114 ) ;
#2671 = CARTESIAN_POINT ( 'NONE',  ( 38815.88593523276359, 38815.88593523273448, 11228.32068553693898 ) ) ;
#2672 = ORIENTED_EDGE ( 'NONE', *, *, #2619, .T. ) ;
#2673 = EDGE_CURVE ( 'NONE', #535, #4085, #4087, .T. ) ;
#2674 = AXIS2_PLACEMENT_3D ( 'NONE', #279, #4186, #3862 ) ;
#2675 = DIRECTION ( 'NONE',  ( -0.000000000000000000, -0.000000000000000000, 1.000000000000000000 ) ) ;
#2676 = CARTESIAN_POINT ( 'NONE',  ( 38846.68122329933976, 38825.10571598997922, 11228.32068553693898 ) ) ;
#2677 = VECTOR ( 'NONE', #1598, 1000.000000000000000 ) ;
#2678 = CIRCLE ( 'NONE', #2255, 36.00013749699115806 ) ;
#2679 = CARTESIAN_POINT ( 'NONE',  ( 38825.10564522428467, 38846.68124226092914, 11228.32068553693898 ) ) ;
#2680 = EDGE_CURVE ( 'NONE', #3183, #1600, #1555, .T. ) ;
#2681 = VECTOR ( 'NONE', #3889, 1000.000000000000000 ) ;
#2682 = LINE ( 'NONE', #3995, #3060 ) ;
#2683 = DIRECTION ( 'NONE',  ( -0.000000000000000000, 0.000000000000000000, -1.000000000000000000 ) ) ;
#2684 = ORIENTED_EDGE ( 'NONE', *, *, #1058, .T. ) ;
#2685 = EDGE_LOOP ( 'NONE', ( #1977, #1372, #794, #531 ) ) ;
#2686 = CYLINDRICAL_SURFACE ( 'NONE', #2314, 1.006105236832866012 ) ;
#2687 = CARTESIAN_POINT ( 'NONE',  ( 38812.10048733874282, 38777.07013530247787, 11220.32068553694080 ) ) ;
#2688 = VERTEX_POINT ( 'NONE', #3722 ) ;
#2689 = DIRECTION ( 'NONE',  ( -0.000000000000000000, -0.000000000000000000, 1.000000000000000000 ) ) ;
#2690 = CARTESIAN_POINT ( 'NONE',  ( 38799.75613979437912, 38851.28864812273241, 11220.32068553694080 ) ) ;
#2691 = CARTESIAN_POINT ( 'NONE',  ( 38855.53372609597864, 38804.32982856228773, 11228.32068553693898 ) ) ;
#2692 = APPLICATION_PROTOCOL_DEFINITION ( 'draft international standard', 'automotive_design', 1998, #2433 ) ;
#2693 = ORIENTED_EDGE ( 'NONE', *, *, #2451, .T. ) ;
#2694 = CARTESIAN_POINT ( 'NONE',  ( 38787.59104534882499, 38800.62968425995496, 11228.32068553693898 ) ) ;
#2695 = CARTESIAN_POINT ( 'NONE',  ( 38804.32982856231683, 38776.23814436951943, 11220.32068553694080 ) ) ;
#2696 = FACE_OUTER_BOUND ( 'NONE', #2835, .T. ) ;
#2697 = EDGE_CURVE ( 'NONE', #952, #3794, #1408, .T. ) ;
#2698 = DIRECTION ( 'NONE',  ( -0.7071067811865475727, -0.7071067811865475727, 0.000000000000000000 ) ) ;
#2699 = CARTESIAN_POINT ( 'NONE',  ( 38793.82627202476579, 38839.26809181501449, 11228.32068553693898 ) ) ;
#2700 = ORIENTED_EDGE ( 'NONE', *, *, #3721, .F. ) ;
#2701 = ADVANCED_FACE ( 'NONE', ( #2733 ), #3423, .T. ) ;
#2702 = ORIENTED_EDGE ( 'NONE', *, *, #1085, .T. ) ;
#2703 = CARTESIAN_POINT ( 'NONE',  ( 38846.65962737027439, 38793.94933902179764, 11220.32068553694080 ) ) ;
#2704 = DIRECTION ( 'NONE',  ( -0.000000000000000000, -0.000000000000000000, 1.000000000000000000 ) ) ;
#2705 = EDGE_LOOP ( 'NONE', ( #187, #990, #135, #3147 ) ) ;
#2706 = DIRECTION ( 'NONE',  ( -0.9046540855989201324, -0.4261466712402922075, 0.000000000000000000 ) ) ;
#2707 = CARTESIAN_POINT ( 'NONE',  ( 38852.09255840199330, 38835.74975562038890, 11228.32068553693898 ) ) ;
#2708 = CARTESIAN_POINT ( 'NONE',  ( 38850.27043089274957, 38831.56843628658680, 11228.32068553693898 ) ) ;
#2709 = ORIENTED_EDGE ( 'NONE', *, *, #2905, .F. ) ;
#2710 = DIRECTION ( 'NONE',  ( 0.000000000000000000, 0.000000000000000000, -1.000000000000000000 ) ) ;
#2711 = FACE_OUTER_BOUND ( 'NONE', #2955, .T. ) ;
#2712 = CYLINDRICAL_SURFACE ( 'NONE', #3421, 38.99994794847572166 ) ;
#2713 = DIRECTION ( 'NONE',  ( -1.000000000000000000, 0.000000000000000000, 0.000000000000000000 ) ) ;
#2714 = VERTEX_POINT ( 'NONE', #1128 ) ;
#2715 = CARTESIAN_POINT ( 'NONE',  ( 38788.52618938185333, 38832.76190318312001, 11228.32068553693898 ) ) ;
#2716 = EDGE_CURVE ( 'NONE', #763, #2638, #3999, .T. ) ;
#2717 = VECTOR ( 'NONE', #826, 1000.000000000000000 ) ;
#2718 = VERTEX_POINT ( 'NONE', #421 ) ;
#2719 = DIRECTION ( 'NONE',  ( -0.000000000000000000, -0.000000000000000000, -1.000000000000000000 ) ) ;
#2720 = VECTOR ( 'NONE', #519, 1000.000000000000000 ) ;
#2721 = CARTESIAN_POINT ( 'NONE',  ( 38815.88593523276359, 38815.88593523273448, 11220.32068553694080 ) ) ;
#2722 = ORIENTED_EDGE ( 'NONE', *, *, #1148, .T. ) ;
#2723 = ADVANCED_FACE ( 'NONE', ( #2060 ), #3381, .T. ) ;
#2724 = AXIS2_PLACEMENT_3D ( 'NONE', #1371, #3761, #3073 ) ;
#2725 = DIRECTION ( 'NONE',  ( -0.2588190451017443605, -0.9659258262892763680, 0.000000000000000000 ) ) ;
#2726 = CARTESIAN_POINT ( 'NONE',  ( 38794.17423717839119, 38805.65841512297629, 11223.32068553694080 ) ) ;
#2727 = AXIS2_PLACEMENT_3D ( 'NONE', #2121, #1810, #836 ) ;
#2728 = CARTESIAN_POINT ( 'NONE',  ( 38792.90262101311237, 38838.86919764828053, 11228.32068553693898 ) ) ;
#2729 = VERTEX_POINT ( 'NONE', #1452 ) ;
#2730 = AXIS2_PLACEMENT_3D ( 'NONE', #2541, #2609, #1569 ) ;
#2731 = CIRCLE ( 'NONE', #3834, 1.006105236834714756 ) ;
#2732 = VECTOR ( 'NONE', #2387, 1000.000000000000000 ) ;
#2733 = FACE_OUTER_BOUND ( 'NONE', #2165, .T. ) ;
#2734 = DIRECTION ( 'NONE',  ( -1.000000000000000000, 0.000000000000000000, 0.000000000000000000 ) ) ;
#2735 = DIRECTION ( 'NONE',  ( -1.000000000000000000, 0.000000000000000000, 0.000000000000000000 ) ) ;
#2736 = AXIS2_PLACEMENT_3D ( 'NONE', #3399, #3724, #777 ) ;
#2737 = CARTESIAN_POINT ( 'NONE',  ( 38793.19968410938600, 38847.60863924659498, 11228.32068553693898 ) ) ;
#2738 = DIRECTION ( 'NONE',  ( -0.000000000000000000, -0.000000000000000000, -1.000000000000000000 ) ) ;
#2739 = ORIENTED_EDGE ( 'NONE', *, *, #2428, .F. ) ;
#2740 = LINE ( 'NONE', #3370, #4102 ) ;
#2741 = VERTEX_POINT ( 'NONE', #716 ) ;
#2742 = EDGE_CURVE ( 'NONE', #334, #3950, #4054, .T. ) ;
#2743 = CARTESIAN_POINT ( 'NONE',  ( 38815.88593523276359, 38815.88593523273448, 11228.32068553693898 ) ) ;
#2744 = DIRECTION ( 'NONE',  ( 1.000000000000000000, 0.000000000000000000, 0.000000000000000000 ) ) ;
#2745 = ORIENTED_EDGE ( 'NONE', *, *, #1924, .T. ) ;
#2746 = DIRECTION ( 'NONE',  ( -1.000000000000000000, 7.062310280749839250E-12, 0.000000000000000000 ) ) ;
#2747 = ADVANCED_FACE ( 'NONE', ( #396 ), #1693, .T. ) ;
#2748 = CIRCLE ( 'NONE', #760, 29.35410264610283093 ) ;
#2749 = CARTESIAN_POINT ( 'NONE',  ( 38794.46198997678584, 38780.58005057619448, 11228.32068553693898 ) ) ;
#2750 = CARTESIAN_POINT ( 'NONE',  ( 38815.88593523276359, 38815.88593523273448, 11228.32068553693898 ) ) ;
#2751 = VERTEX_POINT ( 'NONE', #1047 ) ;
#2752 = EDGE_CURVE ( 'NONE', #2821, #2256, #1234, .T. ) ;
#2753 = ADVANCED_FACE ( 'NONE', ( #1373 ), #4008, .F. ) ;
#2754 = ADVANCED_FACE ( 'NONE', ( #1213 ), #2855, .F. ) ;
#2755 = AXIS2_PLACEMENT_3D ( 'NONE', #79, #2756, #2772 ) ;
#2756 = DIRECTION ( 'NONE',  ( 0.000000000000000000, 0.000000000000000000, -1.000000000000000000 ) ) ;
#2757 = CARTESIAN_POINT ( 'NONE',  ( 38815.88593523276359, 38815.88593523273448, 11228.32068553693898 ) ) ;
#2758 = DIRECTION ( 'NONE',  ( -1.000000000000000000, 0.000000000000000000, 0.000000000000000000 ) ) ;
#2759 = DIRECTION ( 'NONE',  ( -0.000000000000000000, -0.000000000000000000, 1.000000000000000000 ) ) ;
#2760 = DIRECTION ( 'NONE',  ( 0.000000000000000000, 0.000000000000000000, -1.000000000000000000 ) ) ;
#2761 = DIRECTION ( 'NONE',  ( 0.000000000000000000, 0.000000000000000000, -1.000000000000000000 ) ) ;
#2762 = EDGE_LOOP ( 'NONE', ( #1812, #3814, #4223, #110 ) ) ;
#2763 = DIRECTION ( 'NONE',  ( -1.000000000000000000, 0.000000000000000000, 0.000000000000000000 ) ) ;
#2764 = CARTESIAN_POINT ( 'NONE',  ( 38832.01547722380928, 38851.39415702914266, 11228.32068553693898 ) ) ;
#2765 = ORIENTED_EDGE ( 'NONE', *, *, #2809, .T. ) ;
#2766 = DIRECTION ( 'NONE',  ( 0.000000000000000000, 0.000000000000000000, -1.000000000000000000 ) ) ;
#2767 = CARTESIAN_POINT ( 'NONE',  ( 38806.66622524124250, 38785.09062820453255, 11220.32068553694080 ) ) ;
#2768 = DIRECTION ( 'NONE',  ( -1.000000000000000000, 0.000000000000000000, 0.000000000000000000 ) ) ;
#2769 = CARTESIAN_POINT ( 'NONE',  ( 38831.14212275873433, 38844.18086174770724, 11228.32068553693898 ) ) ;
#2770 = VERTEX_POINT ( 'NONE', #897 ) ;
#2771 = EDGE_CURVE ( 'NONE', #1422, #3650, #2678, .T. ) ;
#2772 = DIRECTION ( 'NONE',  ( -1.000000000000000000, 0.000000000000000000, 0.000000000000000000 ) ) ;
#2773 = FACE_OUTER_BOUND ( 'NONE', #3461, .T. ) ;
#2774 = DIRECTION ( 'NONE',  ( -0.000000000000000000, -0.000000000000000000, 1.000000000000000000 ) ) ;
#2775 = ORIENTED_EDGE ( 'NONE', *, *, #1983, .F. ) ;
#2776 = DIRECTION ( 'NONE',  ( -0.000000000000000000, -0.000000000000000000, -1.000000000000000000 ) ) ;
#2777 = ADVANCED_FACE ( 'NONE', ( #583 ), #243, .T. ) ;
#2778 = FACE_OUTER_BOUND ( 'NONE', #2862, .T. ) ;
#2779 = VERTEX_POINT ( 'NONE', #2818 ) ;
#2780 = CARTESIAN_POINT ( 'NONE',  ( 38847.60868009356636, 38793.19974122668646, 11228.32068553693898 ) ) ;
#2781 = VERTEX_POINT ( 'NONE', #503 ) ;
#2782 = CARTESIAN_POINT ( 'NONE',  ( 38791.11573576059163, 38846.00956645628321, 11228.32068553693898 ) ) ;
#2783 = DIRECTION ( 'NONE',  ( -1.000000000000000000, 0.000000000000000000, 0.000000000000000000 ) ) ;
#2784 = EDGE_LOOP ( 'NONE', ( #3140, #3811, #2850, #3661 ) ) ;
#2785 = AXIS2_PLACEMENT_3D ( 'NONE', #2303, #656, #3318 ) ;
#2786 = CIRCLE ( 'NONE', #4099, 38.99994794847572166 ) ;
#2787 = CARTESIAN_POINT ( 'NONE',  ( 38829.58873113357549, 38779.37252229331352, 11228.32068553693898 ) ) ;
#2788 = DIRECTION ( 'NONE',  ( 0.000000000000000000, 0.000000000000000000, -1.000000000000000000 ) ) ;
#2789 = VERTEX_POINT ( 'NONE', #2533 ) ;
#2790 = CIRCLE ( 'NONE', #3752, 38.99994794847572166 ) ;
#2791 = CIRCLE ( 'NONE', #336, 38.99994794847572166 ) ;
#2792 = FACE_OUTER_BOUND ( 'NONE', #1173, .T. ) ;
#2793 = DIRECTION ( 'NONE',  ( -1.000000000000000000, 0.000000000000000000, 0.000000000000000000 ) ) ;
#2794 = CARTESIAN_POINT ( 'NONE',  ( 38832.13754253269872, 38844.03461804294784, 11228.32068553693898 ) ) ;
#2795 = ADVANCED_FACE ( 'NONE', ( #2183 ), #3766, .T. ) ;
#2796 = ORIENTED_EDGE ( 'NONE', *, *, #2065, .F. ) ;
#2797 = CARTESIAN_POINT ( 'NONE',  ( 38847.28168145630480, 38824.29843800234084, 11220.32068553694080 ) ) ;
#2798 = CIRCLE ( 'NONE', #874, 3.000000000000113687 ) ;
#2799 = AXIS2_PLACEMENT_3D ( 'NONE', #1024, #1987, #769 ) ;
#2800 = CARTESIAN_POINT ( 'NONE',  ( 38851.39412798758713, 38832.01554115693580, 11228.32068553693898 ) ) ;
#2801 = AXIS2_PLACEMENT_3D ( 'NONE', #1161, #2481, #2263 ) ;
#2802 = VERTEX_POINT ( 'NONE', #1170 ) ;
#2803 = EDGE_CURVE ( 'NONE', #3892, #1711, #3829, .T. ) ;
#2804 = VECTOR ( 'NONE', #925, 1000.000000000000000 ) ;
#2805 = CARTESIAN_POINT ( 'NONE',  ( 38786.73199279843539, 38791.83844011095789, 11220.32068553694080 ) ) ;
#2806 = CIRCLE ( 'NONE', #2599, 29.35410264610328568 ) ;
#2807 = PRODUCT ( 'ServoGearV2', 'ServoGearV2', '', ( #4050 ) ) ;
#2808 = VERTEX_POINT ( 'NONE', #1796 ) ;
#2809 = EDGE_CURVE ( 'NONE', #1493, #166, #3983, .T. ) ;
#2810 = FACE_OUTER_BOUND ( 'NONE', #312, .T. ) ;
#2811 = CIRCLE ( 'NONE', #4056, 36.00013749698946697 ) ;
#2812 = DIRECTION ( 'NONE',  ( -1.000000000000000000, 0.000000000000000000, 0.000000000000000000 ) ) ;
#2813 = ORIENTED_EDGE ( 'NONE', *, *, #3067, .T. ) ;
#2814 = EDGE_LOOP ( 'NONE', ( #2570, #3976, #1154, #509 ) ) ;
#2815 = FACE_OUTER_BOUND ( 'NONE', #1923, .T. ) ;
#2816 = DIRECTION ( 'NONE',  ( -1.000000000000000000, 0.000000000000000000, 0.000000000000000000 ) ) ;
#2817 = ORIENTED_EDGE ( 'NONE', *, *, #1608, .T. ) ;
#2818 = CARTESIAN_POINT ( 'NONE',  ( 38792.50377865048358, 38793.82627202473668, 11220.32068553694080 ) ) ;
#2819 = CARTESIAN_POINT ( 'NONE',  ( 38829.11024244048167, 38851.28864812273241, 11228.32068553693898 ) ) ;
#2820 = ORIENTED_EDGE ( 'NONE', *, *, #3014, .T. ) ;
#2821 = VERTEX_POINT ( 'NONE', #2142 ) ;
#2822 = CARTESIAN_POINT ( 'NONE',  ( 38839.26814361914876, 38793.82632382884185, 11228.32068553693898 ) ) ;
#2823 = ORIENTED_EDGE ( 'NONE', *, *, #2083, .F. ) ;
#2824 = CARTESIAN_POINT ( 'NONE',  ( 38838.86919764830964, 38838.86924945238570, 11228.32068553693898 ) ) ;
#2825 = ADVANCED_FACE ( 'NONE', ( #2508 ), #176, .F. ) ;
#2826 = ORIENTED_EDGE ( 'NONE', *, *, #2771, .F. ) ;
#2827 = CARTESIAN_POINT ( 'NONE',  ( 38837.94554663665622, 38839.26814361911966, 11220.32068553694080 ) ) ;
#2828 = CARTESIAN_POINT ( 'NONE',  ( 38797.17423717839119, 38805.65841512297629, 11223.32068553694080 ) ) ;
#2829 = VERTEX_POINT ( 'NONE', #1152 ) ;
#2830 = EDGE_CURVE ( 'NONE', #3593, #2897, #443, .T. ) ;
#2831 = EDGE_CURVE ( 'NONE', #535, #1613, #2635, .T. ) ;
#2832 = EDGE_LOOP ( 'NONE', ( #371, #765, #971, #645 ) ) ;
#2833 = CARTESIAN_POINT ( 'NONE',  ( 38792.90267281721026, 38792.90262101308326, 11228.32068553693898 ) ) ;
#2834 = CARTESIAN_POINT ( 'NONE',  ( 38837.86314421558200, 38792.90267281718843, 11220.32068553694080 ) ) ;
#2835 = EDGE_LOOP ( 'NONE', ( #3796, #3847, #2471, #2371 ) ) ;
#2836 = DIRECTION ( 'NONE',  ( -0.000000000000000000, -0.000000000000000000, 1.000000000000000000 ) ) ;
#2837 = CARTESIAN_POINT ( 'NONE',  ( 38838.57218635614117, 38784.16323121887399, 11220.32068553694080 ) ) ;
#2838 = CIRCLE ( 'NONE', #3850, 1.006105236832866012 ) ;
#2839 = CYLINDRICAL_SURFACE ( 'NONE', #3415, 1.006105236832866012 ) ;
#2840 = ORIENTED_EDGE ( 'NONE', *, *, #2622, .T. ) ;
#2841 = DIRECTION ( 'NONE',  ( 0.4999999999959848784, -0.8660254037867567423, 0.000000000000000000 ) ) ;
#2842 = ORIENTED_EDGE ( 'NONE', *, *, #1870, .F. ) ;
#2843 = DIRECTION ( 'NONE',  ( 0.000000000000000000, 0.000000000000000000, -1.000000000000000000 ) ) ;
#2844 = CARTESIAN_POINT ( 'NONE',  ( 38815.88593523276359, 38815.88593523273448, 11228.32068553693898 ) ) ;
#2845 = VERTEX_POINT ( 'NONE', #522 ) ;
#2846 = CARTESIAN_POINT ( 'NONE',  ( 38793.82627202476579, 38839.26809181501449, 11228.32068553693898 ) ) ;
#2847 = DIRECTION ( 'NONE',  ( 0.000000000000000000, 0.000000000000000000, -1.000000000000000000 ) ) ;
#2848 = EDGE_CURVE ( 'NONE', #2802, #407, #3202, .T. ) ;
#2849 = EDGE_LOOP ( 'NONE', ( #3002, #1270, #830, #2401 ) ) ;
#2850 = ORIENTED_EDGE ( 'NONE', *, *, #550, .F. ) ;
#2851 = CYLINDRICAL_SURFACE ( 'NONE', #1414, 30.00000000000113687 ) ;
#2852 = ADVANCED_FACE ( 'NONE', ( #2792 ), #2881, .F. ) ;
#2853 = ORIENTED_EDGE ( 'NONE', *, *, #834, .F. ) ;
#2854 = CIRCLE ( 'NONE', #728, 29.35410264610283093 ) ;
#2855 = CYLINDRICAL_SURFACE ( 'NONE', #3566, 1.006105236832866012 ) ;
#2856 = DIRECTION ( 'NONE',  ( -0.000000000000000000, -0.000000000000000000, 1.000000000000000000 ) ) ;
#2857 = CARTESIAN_POINT ( 'NONE',  ( 38847.60863924662408, 38838.57218635611207, 11228.32068553693898 ) ) ;
#2858 = CIRCLE ( 'NONE', #3201, 1.006105236832866012 ) ;
#2859 = ORIENTED_EDGE ( 'NONE', *, *, #652, .F. ) ;
#2860 = AXIS2_PLACEMENT_3D ( 'NONE', #849, #234, #3517 ) ;
#2861 = DIRECTION ( 'NONE',  ( 0.000000000000000000, -0.000000000000000000, -1.000000000000000000 ) ) ;
#2862 = EDGE_LOOP ( 'NONE', ( #1743, #2053, #1593, #961 ) ) ;
#2863 = CIRCLE ( 'NONE', #1069, 29.35410264610328568 ) ;
#2864 = DIRECTION ( 'NONE',  ( -0.000000000000000000, -0.000000000000000000, -1.000000000000000000 ) ) ;
#2865 = CIRCLE ( 'NONE', #2032, 38.99994794847572166 ) ;
#2866 = VECTOR ( 'NONE', #747, 1000.000000000000000 ) ;
#2867 = CYLINDRICAL_SURFACE ( 'NONE', #1286, 29.35410264610283093 ) ;
#2868 = ORIENTED_EDGE ( 'NONE', *, *, #829, .F. ) ;
#2869 = VECTOR ( 'NONE', #2776, 1000.000000000000000 ) ;
#2870 = CARTESIAN_POINT ( 'NONE',  ( 38800.20343417891127, 38850.27043089272047, 11228.32068553693898 ) ) ;
#2871 = CARTESIAN_POINT ( 'NONE',  ( 38815.88593523276359, 38815.88593523273448, 11228.32068553693898 ) ) ;
#2872 = EDGE_LOOP ( 'NONE', ( #3074, #3198, #2309, #4, #2608, #2137, #1652, #340, #2641, #4208, #569, #1461, #1681, #1575, #323, #2528, #2899, #2653, #2127, #3656, #1440, #1520, #3283, #1933, #2158, #3403, #754, #1877, #2620, #2265, #2288, #2633, #4228, #3165, #2488, #3509, #524, #2996, #2813, #2429, #1592, #1018, #818, #4249, #2817, #1934, #866, #3525, #872, #1809, #773, #2904, #517, #4000, #2702, #1017, #1890, #3581, #4007, #3295, #4094, #620, #595, #2626, #3611, #573, #563, #3179, #2307, #3632, #2745, #3538, #1647, #4139, #251, #219, #301, #2141, #2893, #3286, #437, #3469, #802, #642, #4158, #2088, #870, #528, #4070, #3120, #1401, #734, #669, #2917, #1627, #3754, #1197, #1121, #1253, #3012, #1201, #2616, #958, #3232, #3947, #3587 ) ) ;
#2873 = EDGE_CURVE ( 'NONE', #3604, #2921, #3504, .T. ) ;
#2874 = ORIENTED_EDGE ( 'NONE', *, *, #2210, .T. ) ;
#2875 = AXIS2_PLACEMENT_3D ( 'NONE', #700, #3053, #3316 ) ;
#2876 = DIRECTION ( 'NONE',  ( -0.000000000000000000, -0.000000000000000000, 1.000000000000000000 ) ) ;
#2877 = VERTEX_POINT ( 'NONE', #1561 ) ;
#2878 = AXIS2_PLACEMENT_3D ( 'NONE', #1815, #9, #2202 ) ;
#2879 = AXIS2_PLACEMENT_3D ( 'NONE', #2220, #1597, #3589 ) ;
#2880 = EDGE_CURVE ( 'NONE', #3306, #2215, #577, .T. ) ;
#2881 = CYLINDRICAL_SURFACE ( 'NONE', #1661, 1.006105236832866012 ) ;
#2882 = LINE ( 'NONE', #3937, #275 ) ;
#2883 = CIRCLE ( 'NONE', #1776, 29.35410264610073483 ) ;
#2884 = LINE ( 'NONE', #2857, #2662 ) ;
#2885 = ORIENTED_EDGE ( 'NONE', *, *, #496, .T. ) ;
#2886 = ORIENTED_EDGE ( 'NONE', *, *, #1451, .T. ) ;
#2887 = EDGE_CURVE ( 'NONE', #4150, #1969, #859, .T. ) ;
#2888 = EDGE_CURVE ( 'NONE', #2845, #4231, #2838, .T. ) ;
#2889 = DIRECTION ( 'NONE',  ( 0.000000000000000000, 0.000000000000000000, -1.000000000000000000 ) ) ;
#2890 = DIRECTION ( 'NONE',  ( 0.000000000000000000, 0.000000000000000000, -1.000000000000000000 ) ) ;
#2891 = CARTESIAN_POINT ( 'NONE',  ( 38831.13150074268196, 38787.73728905355529, 11220.32068553694080 ) ) ;
#2892 = LINE ( 'NONE', #1245, #2804 ) ;
#2893 = ORIENTED_EDGE ( 'NONE', *, *, #1479, .T. ) ;
#2894 = DIRECTION ( 'NONE',  ( 0.000000000000000000, -0.000000000000000000, 1.000000000000000000 ) ) ;
#2895 = DIRECTION ( 'NONE',  ( -1.000000000000000000, 0.000000000000000000, 0.000000000000000000 ) ) ;
#2896 = VERTEX_POINT ( 'NONE', #3311 ) ;
#2897 = VERTEX_POINT ( 'NONE', #2290 ) ;
#2898 = DIRECTION ( 'NONE',  ( 0.000000000000000000, 0.000000000000000000, -1.000000000000000000 ) ) ;
#2899 = ORIENTED_EDGE ( 'NONE', *, *, #1204, .T. ) ;
#2900 = DIRECTION ( 'NONE',  ( -1.000000000000000000, 7.062310280749839250E-12, 0.000000000000000000 ) ) ;
#2901 = DIRECTION ( 'NONE',  ( -1.000000000000000000, 0.000000000000000000, 0.000000000000000000 ) ) ;
#2902 = DIRECTION ( 'NONE',  ( -1.000000000000000000, 0.000000000000000000, 0.000000000000000000 ) ) ;
#2903 = EDGE_LOOP ( 'NONE', ( #3297, #2198, #3289, #2605 ) ) ;
#2904 = ORIENTED_EDGE ( 'NONE', *, *, #4199, .T. ) ;
#2905 = EDGE_CURVE ( 'NONE', #2655, #4062, #218, .T. ) ;
#2906 = VERTEX_POINT ( 'NONE', #1622 ) ;
#2907 = DIRECTION ( 'NONE',  ( 0.000000000000000000, -0.000000000000000000, -1.000000000000000000 ) ) ;
#2908 = EDGE_CURVE ( 'NONE', #3141, #2617, #2748, .T. ) ;
#2909 = VECTOR ( 'NONE', #699, 1000.000000000000000 ) ;
#2910 = DIRECTION ( 'NONE',  ( 0.4999999999959848784, 0.8660254037867567423, 0.000000000000000000 ) ) ;
#2911 = ORIENTED_EDGE ( 'NONE', *, *, #555, .T. ) ;
#2912 = DIRECTION ( 'NONE',  ( -1.000000000000000000, 0.000000000000000000, 0.000000000000000000 ) ) ;
#2913 = DIRECTION ( 'NONE',  ( 0.000000000000000000, 0.000000000000000000, -1.000000000000000000 ) ) ;
#2914 = VERTEX_POINT ( 'NONE', #3955 ) ;
#2915 = VERTEX_POINT ( 'NONE', #3888 ) ;
#2916 = DIRECTION ( 'NONE',  ( 0.000000000000000000, -0.000000000000000000, -1.000000000000000000 ) ) ;
#2917 = ORIENTED_EDGE ( 'NONE', *, *, #1375, .T. ) ;
#2918 = FACE_OUTER_BOUND ( 'NONE', #2973, .T. ) ;
#2919 = FACE_OUTER_BOUND ( 'NONE', #1540, .T. ) ;
#2920 = DIRECTION ( 'NONE',  ( -0.000000000000000000, -0.000000000000000000, -1.000000000000000000 ) ) ;
#2921 = VERTEX_POINT ( 'NONE', #329 ) ;
#2922 = EDGE_LOOP ( 'NONE', ( #86, #4065, #2058, #1898 ) ) ;
#2923 = CIRCLE ( 'NONE', #3885, 38.99994794847572166 ) ;
#2924 = ADVANCED_FACE ( 'NONE', ( #647 ), #3918, .T. ) ;
#2925 = DIRECTION ( 'NONE',  ( 0.000000000000000000, -0.000000000000000000, -1.000000000000000000 ) ) ;
#2926 = DIRECTION ( 'NONE',  ( -1.000000000000000000, 0.000000000000000000, 0.000000000000000000 ) ) ;
#2927 = AXIS2_PLACEMENT_3D ( 'NONE', #1150, #3789, #4132 ) ;
#2928 = DIRECTION ( 'NONE',  ( 0.000000000000000000, -0.000000000000000000, 1.000000000000000000 ) ) ;
#2929 = EDGE_CURVE ( 'NONE', #915, #547, #8, .T. ) ;
#2930 = LINE ( 'NONE', #2014, #2025 ) ;
#2931 = CIRCLE ( 'NONE', #2937, 29.35410264610283093 ) ;
#2932 = ORIENTED_EDGE ( 'NONE', *, *, #1553, .T. ) ;
#2933 = CARTESIAN_POINT ( 'NONE',  ( 38812.27513171028841, 38778.26683796794532, 11228.32068553693898 ) ) ;
#2934 = CIRCLE ( 'NONE', #1823, 36.00013749699115806 ) ;
#2935 = DIRECTION ( 'NONE',  ( -0.000000000000000000, -0.000000000000000000, -1.000000000000000000 ) ) ;
#2936 = ORIENTED_EDGE ( 'NONE', *, *, #2983, .F. ) ;
#2937 = AXIS2_PLACEMENT_3D ( 'NONE', #1252, #1936, #2287 ) ;
#2938 = AXIS2_PLACEMENT_3D ( 'NONE', #3102, #3081, #2448 ) ;
#2939 = EDGE_CURVE ( 'NONE', #1793, #1422, #3712, .T. ) ;
#2940 = ORIENTED_EDGE ( 'NONE', *, *, #1712, .T. ) ;
#2941 = DIRECTION ( 'NONE',  ( 0.000000000000000000, -0.000000000000000000, -1.000000000000000000 ) ) ;
#2942 = CIRCLE ( 'NONE', #4045, 1.006105236832866012 ) ;
#2943 = VERTEX_POINT ( 'NONE', #695 ) ;
#2944 = DIRECTION ( 'NONE',  ( 0.9659258262892763680, 0.2588190451017443605, 0.000000000000000000 ) ) ;
#2945 = CARTESIAN_POINT ( 'NONE',  ( 38831.56843628661591, 38781.50143957274850, 11228.32068553693898 ) ) ;
#2946 = CARTESIAN_POINT ( 'NONE',  ( 38812.10041745021590, 38854.70172834715777, 11228.32068553693898 ) ) ;
#2947 = ORIENTED_EDGE ( 'NONE', *, *, #237, .F. ) ;
#2948 = AXIS2_PLACEMENT_3D ( 'NONE', #290, #3523, #648 ) ;
#2949 = ORIENTED_EDGE ( 'NONE', *, *, #2888, .F. ) ;
#2950 = LINE ( 'NONE', #2296, #3212 ) ;
#2951 = LINE ( 'NONE', #2970, #412 ) ;
#2952 = CARTESIAN_POINT ( 'NONE',  ( 38848.01815415592864, 38816.82115252783115, 11228.32068553693898 ) ) ;
#2953 = CIRCLE ( 'NONE', #3503, 38.99994794847572166 ) ;
#2954 = CARTESIAN_POINT ( 'NONE',  ( 38851.39412798758713, 38832.01554115693580, 11220.32068553694080 ) ) ;
#2955 = EDGE_LOOP ( 'NONE', ( #3878, #3648, #1999, #1677 ) ) ;
#2956 = DIRECTION ( 'NONE',  ( -0.000000000000000000, -0.000000000000000000, 1.000000000000000000 ) ) ;
#2957 = DIRECTION ( 'NONE',  ( 0.9046540855989201324, 0.4261466712402922075, 0.000000000000000000 ) ) ;
#2958 = ORIENTED_EDGE ( 'NONE', *, *, #3747, .F. ) ;
#2959 = EDGE_CURVE ( 'NONE', #452, #4052, #666, .T. ) ;
#2960 = VERTEX_POINT ( 'NONE', #48 ) ;
#2961 = DIRECTION ( 'NONE',  ( -1.000000000000000000, 0.000000000000000000, 0.000000000000000000 ) ) ;
#2962 = EDGE_CURVE ( 'NONE', #2477, #610, #2953, .T. ) ;
#2963 = VERTEX_POINT ( 'NONE', #3246 ) ;
#2964 = EDGE_CURVE ( 'NONE', #382, #1205, #78, .T. ) ;
#2965 = LINE ( 'NONE', #2643, #1906 ) ;
#2966 = DIRECTION ( 'NONE',  ( -1.000000000000000000, 0.000000000000000000, 0.000000000000000000 ) ) ;
#2967 = DIRECTION ( 'NONE',  ( -1.000000000000000000, 0.000000000000000000, 0.000000000000000000 ) ) ;
#2968 = ORIENTED_EDGE ( 'NONE', *, *, #2771, .T. ) ;
#2969 = CARTESIAN_POINT ( 'NONE',  ( 38815.88593523276359, 38815.88593523273448, 11220.32068553694080 ) ) ;
#2970 = CARTESIAN_POINT ( 'NONE',  ( 38785.09064716618013, 38806.66615447549702, 11228.32068553693898 ) ) ;
#2971 = CARTESIAN_POINT ( 'NONE',  ( 38832.13754253269872, 38844.03461804294784, 11228.32068553693898 ) ) ;
#2972 = DIRECTION ( 'NONE',  ( -1.000000000000000000, 0.000000000000000000, 0.000000000000000000 ) ) ;
#2973 = EDGE_LOOP ( 'NONE', ( #2840, #1249, #919, #445 ) ) ;
#2974 = CARTESIAN_POINT ( 'NONE',  ( 38815.88593523276359, 38815.88593523273448, 11228.32068553693898 ) ) ;
#2975 = AXIS2_PLACEMENT_3D ( 'NONE', #3851, #3522, #1469 ) ;
#2976 = DIRECTION ( 'NONE',  ( -1.000000000000000000, 0.000000000000000000, 0.000000000000000000 ) ) ;
#2977 = EDGE_LOOP ( 'NONE', ( #1238, #4081, #1568, #2023 ) ) ;
#2978 = VERTEX_POINT ( 'NONE', #1303 ) ;
#2979 = EDGE_CURVE ( 'NONE', #2590, #3575, #3085, .T. ) ;
#2980 = DIRECTION ( 'NONE',  ( -0.000000000000000000, 0.000000000000000000, -1.000000000000000000 ) ) ;
#2981 = ORIENTED_EDGE ( 'NONE', *, *, #3673, .F. ) ;
#2982 = CYLINDRICAL_SURFACE ( 'NONE', #2108, 29.35410264610283093 ) ;
#2983 = EDGE_CURVE ( 'NONE', #1177, #535, #1365, .T. ) ;
#2984 = DIRECTION ( 'NONE',  ( -0.000000000000000000, -0.000000000000000000, -1.000000000000000000 ) ) ;
#2985 = CARTESIAN_POINT ( 'NONE',  ( 38838.57212923881161, 38847.60868009353726, 11228.32068553693898 ) ) ;
#2986 = DIRECTION ( 'NONE',  ( 0.000000000000000000, 0.000000000000000000, -1.000000000000000000 ) ) ;
#2987 = ORIENTED_EDGE ( 'NONE', *, *, #3018, .T. ) ;
#2988 = ADVANCED_FACE ( 'NONE', ( #308 ), #3868, .T. ) ;
#2989 =( NAMED_UNIT ( * ) SI_UNIT ( $, .STERADIAN. ) SOLID_ANGLE_UNIT ( ) );
#2990 = DIRECTION ( 'NONE',  ( -0.000000000000000000, -0.000000000000000000, 1.000000000000000000 ) ) ;
#2991 = DIRECTION ( 'NONE',  ( -0.000000000000000000, 0.000000000000000000, 1.000000000000000000 ) ) ;
#2992 = CIRCLE ( 'NONE', #1542, 29.35410264610283093 ) ;
#2993 = CARTESIAN_POINT ( 'NONE',  ( 38844.18082511670218, 38831.14218620551401, 11228.32068553693898 ) ) ;
#2994 = VERTEX_POINT ( 'NONE', #916 ) ;
#2995 = CARTESIAN_POINT ( 'NONE',  ( 38853.50503249755275, 38812.27513171025930, 11220.32068553694080 ) ) ;
#2996 = ORIENTED_EDGE ( 'NONE', *, *, #800, .F. ) ;
#2997 = EDGE_LOOP ( 'NONE', ( #11, #1721, #566, #3040 ) ) ;
#2998 = AXIS2_PLACEMENT_3D ( 'NONE', #619, #815, #1910 ) ;
#2999 = DIRECTION ( 'NONE',  ( -1.000000000000000000, 0.000000000000000000, 0.000000000000000000 ) ) ;
#3000 = AXIS2_PLACEMENT_3D ( 'NONE', #772, #1774, #1125 ) ;
#3001 = CARTESIAN_POINT ( 'NONE',  ( 38794.17423717839119, 38805.65841512297629, 11223.32068553694080 ) ) ;
#3002 = ORIENTED_EDGE ( 'NONE', *, *, #3882, .F. ) ;
#3003 = AXIS2_PLACEMENT_3D ( 'NONE', #2743, #387, #3063 ) ;
#3004 = CIRCLE ( 'NONE', #3628, 29.35410264609947717 ) ;
#3005 = EDGE_CURVE ( 'NONE', #121, #3695, #3640, .T. ) ;
#3006 = CIRCLE ( 'NONE', #1146, 29.35410264610490572 ) ;
#3007 = VECTOR ( 'NONE', #1247, 1000.000000000000000 ) ;
#3008 = CARTESIAN_POINT ( 'NONE',  ( 38797.17423717839119, 38805.65841512297629, 11223.32068553694080 ) ) ;
#3009 = LINE ( 'NONE', #2091, #1138 ) ;
#3010 = CARTESIAN_POINT ( 'NONE',  ( 38806.66622524124250, 38785.09062820453255, 11228.32068553693898 ) ) ;
#3011 = AXIS2_PLACEMENT_3D ( 'NONE', #2844, #3214, #3736 ) ;
#3012 = ORIENTED_EDGE ( 'NONE', *, *, #338, .T. ) ;
#3013 = CIRCLE ( 'NONE', #881, 38.99994794847572166 ) ;
#3014 = EDGE_CURVE ( 'NONE', #1493, #3839, #2965, .T. ) ;
#3015 = DIRECTION ( 'NONE',  ( -0.000000000000000000, -0.000000000000000000, 1.000000000000000000 ) ) ;
#3016 = AXIS2_PLACEMENT_3D ( 'NONE', #939, #1255, #3919 ) ;
#3017 = DIRECTION ( 'NONE',  ( -1.000000000000000000, 0.000000000000000000, 0.000000000000000000 ) ) ;
#3018 = EDGE_CURVE ( 'NONE', #3127, #364, #2467, .T. ) ;
#3019 = EDGE_CURVE ( 'NONE', #2877, #4193, #1071, .T. ) ;
#3020 = ADVANCED_FACE ( 'NONE', ( #2918 ), #4233, .T. ) ;
#3021 = CARTESIAN_POINT ( 'NONE',  ( 38784.16323121890309, 38793.19968410936417, 11228.32068553693898 ) ) ;
#3022 = VERTEX_POINT ( 'NONE', #3985 ) ;
#3023 = AXIS2_PLACEMENT_3D ( 'NONE', #154, #2157, #1773 ) ;
#3024 = LINE ( 'NONE', #1654, #3826 ) ;
#3025 = ORIENTED_EDGE ( 'NONE', *, *, #53, .T. ) ;
#3026 = ORIENTED_EDGE ( 'NONE', *, *, #3326, .F. ) ;
#3027 = DIRECTION ( 'NONE',  ( 0.000000000000000000, -0.000000000000000000, -1.000000000000000000 ) ) ;
#3028 = DIRECTION ( 'NONE',  ( -0.000000000000000000, -0.000000000000000000, 1.000000000000000000 ) ) ;
#3029 = EDGE_LOOP ( 'NONE', ( #974, #1028, #560, #3492 ) ) ;
#3030 = CARTESIAN_POINT ( 'NONE',  ( 38792.90267281721026, 38792.90262101308326, 11220.32068553694080 ) ) ;
#3031 = DIRECTION ( 'NONE',  ( 0.5000000000001085798, 0.8660254037843759800, 0.000000000000000000 ) ) ;
#3032 = FACE_OUTER_BOUND ( 'NONE', #2872, .T. ) ;
#3033 = DIRECTION ( 'NONE',  ( 0.000000000000000000, 0.000000000000000000, -1.000000000000000000 ) ) ;
#3034 = VERTEX_POINT ( 'NONE', #730 ) ;
#3035 = DIRECTION ( 'NONE',  ( -0.000000000000000000, -0.000000000000000000, -1.000000000000000000 ) ) ;
#3036 = DIRECTION ( 'NONE',  ( 0.8660254037867567423, 0.4999999999959848784, 0.000000000000000000 ) ) ;
#3037 = EDGE_CURVE ( 'NONE', #2789, #3215, #770, .T. ) ;
#3038 = DIRECTION ( 'NONE',  ( -1.000000000000000000, 0.000000000000000000, 0.000000000000000000 ) ) ;
#3039 = DIRECTION ( 'NONE',  ( 0.9659258262892763680, -0.2588190451017443605, 0.000000000000000000 ) ) ;
#3040 = ORIENTED_EDGE ( 'NONE', *, *, #3727, .T. ) ;
#3041 = EDGE_CURVE ( 'NONE', #260, #2896, #3546, .T. ) ;
#3042 = CARTESIAN_POINT ( 'NONE',  ( 38815.88593523276359, 38815.88593523273448, 11220.32068553694080 ) ) ;
#3043 = EDGE_LOOP ( 'NONE', ( #2485, #1549, #1315, #1954 ) ) ;
#3044 = EDGE_CURVE ( 'NONE', #525, #586, #3483, .T. ) ;
#3045 = CARTESIAN_POINT ( 'NONE',  ( 38779.37252229334263, 38802.18313933192258, 11228.32068553693898 ) ) ;
#3046 = CARTESIAN_POINT ( 'NONE',  ( 38815.88593523276359, 38815.88593523273448, 11220.32068553694080 ) ) ;
#3047 = EDGE_LOOP ( 'NONE', ( #1046, #2567, #768, #4188 ) ) ;
#3048 = CARTESIAN_POINT ( 'NONE',  ( 38784.49017004761117, 38824.29836723661720, 11228.32068553693898 ) ) ;
#3049 = CARTESIAN_POINT ( 'NONE',  ( 38832.76196662995062, 38788.52622601285839, 11220.32068553694080 ) ) ;
#3050 = DIRECTION ( 'NONE',  ( -1.000000000000000000, 0.000000000000000000, 0.000000000000000000 ) ) ;
#3051 = ORIENTED_EDGE ( 'NONE', *, *, #29, .T. ) ;
#3052 = CARTESIAN_POINT ( 'NONE',  ( 38815.88593523276359, 38815.88593523273448, 11228.32068553693898 ) ) ;
#3053 = DIRECTION ( 'NONE',  ( -0.000000000000000000, -0.000000000000000000, -1.000000000000000000 ) ) ;
#3054 = DIRECTION ( 'NONE',  ( -0.000000000000000000, -0.000000000000000000, 1.000000000000000000 ) ) ;
#3055 = DIRECTION ( 'NONE',  ( -0.000000000000000000, -0.000000000000000000, 1.000000000000000000 ) ) ;
#3056 = EDGE_CURVE ( 'NONE', #3739, #225, #3009, .T. ) ;
#3057 = CARTESIAN_POINT ( 'NONE',  ( 38807.47350322888087, 38784.49017004758207, 11228.32068553693898 ) ) ;
#3058 = EDGE_LOOP ( 'NONE', ( #2555, #352, #3066, #616 ) ) ;
#3059 = DIRECTION ( 'NONE',  ( -1.000000000000000000, 0.000000000000000000, 0.000000000000000000 ) ) ;
#3060 = VECTOR ( 'NONE', #3926, 1000.000000000000000 ) ;
#3061 = EDGE_CURVE ( 'NONE', #3556, #3308, #3418, .T. ) ;
#3062 = ORIENTED_EDGE ( 'NONE', *, *, #3691, .T. ) ;
#3063 = DIRECTION ( 'NONE',  ( -1.000000000000000000, 0.000000000000000000, 0.000000000000000000 ) ) ;
#3064 = VECTOR ( 'NONE', #2464, 1000.000000000000000 ) ;
#3065 = DIRECTION ( 'NONE',  ( -0.000000000000000000, -0.000000000000000000, -1.000000000000000000 ) ) ;
#3066 = ORIENTED_EDGE ( 'NONE', *, *, #2642, .F. ) ;
#3067 = EDGE_CURVE ( 'NONE', #3260, #1507, #1550, .T. ) ;
#3068 = EDGE_CURVE ( 'NONE', #3713, #2921, #469, .T. ) ;
#3069 = FACE_OUTER_BOUND ( 'NONE', #1960, .T. ) ;
#3070 = DIRECTION ( 'NONE',  ( -1.000000000000000000, 0.000000000000000000, 0.000000000000000000 ) ) ;
#3071 = CIRCLE ( 'NONE', #803, 38.99994794847572166 ) ;
#3072 = CARTESIAN_POINT ( 'NONE',  ( 38815.88593523276359, 38815.88593523273448, 11228.32068553693898 ) ) ;
#3073 = DIRECTION ( 'NONE',  ( -1.000000000000000000, 0.000000000000000000, 0.000000000000000000 ) ) ;
#3074 = ORIENTED_EDGE ( 'NONE', *, *, #2301, .T. ) ;
#3075 = AXIS2_PLACEMENT_3D ( 'NONE', #492, #212, #1505 ) ;
#3076 = AXIS2_PLACEMENT_3D ( 'NONE', #2797, #2759, #1111 ) ;
#3077 = DIRECTION ( 'NONE',  ( -1.000000000000000000, 0.000000000000000000, 0.000000000000000000 ) ) ;
#3078 = CARTESIAN_POINT ( 'NONE',  ( 38837.86309241147683, 38838.86924945238570, 11228.32068553693898 ) ) ;
#3079 = DIRECTION ( 'NONE',  ( -1.000000000000000000, 0.000000000000000000, 0.000000000000000000 ) ) ;
#3080 = AXIS2_PLACEMENT_3D ( 'NONE', #574, #2894, #2234 ) ;
#3081 = DIRECTION ( 'NONE',  ( 0.000000000000000000, -0.000000000000000000, -1.000000000000000000 ) ) ;
#3082 = AXIS2_PLACEMENT_3D ( 'NONE', #4218, #4243, #2277 ) ;
#3083 = CARTESIAN_POINT ( 'NONE',  ( 38844.03461804297694, 38799.63432793279935, 11228.32068553693898 ) ) ;
#3084 = LINE ( 'NONE', #3432, #3690 ) ;
#3085 = CIRCLE ( 'NONE', #140, 1.006105236836115635 ) ;
#3086 = ORIENTED_EDGE ( 'NONE', *, *, #2154, .T. ) ;
#3087 = AXIS2_PLACEMENT_3D ( 'NONE', #2316, #1370, #2008 ) ;
#3088 = CARTESIAN_POINT ( 'NONE',  ( 38837.94559844076139, 38792.50377865045448, 11228.32068553693898 ) ) ;
#3089 = DIRECTION ( 'NONE',  ( -1.000000000000000000, 0.000000000000000000, 0.000000000000000000 ) ) ;
#3090 = EDGE_CURVE ( 'NONE', #4037, #1552, #2791, .T. ) ;
#3091 = ORIENTED_EDGE ( 'NONE', *, *, #1862, .T. ) ;
#3092 = CARTESIAN_POINT ( 'NONE',  ( 38844.03461804297694, 38799.63432793279935, 11228.32068553693898 ) ) ;
#3093 = DIRECTION ( 'NONE',  ( -1.000000000000000000, 0.000000000000000000, 0.000000000000000000 ) ) ;
#3094 = FACE_OUTER_BOUND ( 'NONE', #2814, .T. ) ;
#3095 = ADVANCED_FACE ( 'NONE', ( #791 ), #3417, .F. ) ;
#3096 = ORIENTED_EDGE ( 'NONE', *, *, #731, .T. ) ;
#3097 = VECTOR ( 'NONE', #3035, 1000.000000000000000 ) ;
#3098 = DIRECTION ( 'NONE',  ( 0.000000000000000000, -0.000000000000000000, 1.000000000000000000 ) ) ;
#3099 = CARTESIAN_POINT ( 'NONE',  ( 38809.55271810905106, 38819.90344202972483, 11232.32068553693898 ) ) ;
#3100 = CARTESIAN_POINT ( 'NONE',  ( 38855.99998265945760, 38825.70194871888816, 11228.32068553693898 ) ) ;
#3101 = ORIENTED_EDGE ( 'NONE', *, *, #4224, .F. ) ;
#3102 = CARTESIAN_POINT ( 'NONE',  ( 38787.73725242255023, 38832.13754253266961, 11228.32068553693898 ) ) ;
#3103 = LINE ( 'NONE', #2043, #3820 ) ;
#3104 = ORIENTED_EDGE ( 'NONE', *, *, #2873, .F. ) ;
#3105 = DIRECTION ( 'NONE',  ( -1.000000000000000000, 0.000000000000000000, 0.000000000000000000 ) ) ;
#3106 = EDGE_LOOP ( 'NONE', ( #2294, #1001, #1528, #3372 ) ) ;
#3107 = CARTESIAN_POINT ( 'NONE',  ( 38847.28168145630480, 38824.29843800234084, 11228.32068553693898 ) ) ;
#3108 = DIRECTION ( 'NONE',  ( -1.000000000000000000, 0.000000000000000000, 0.000000000000000000 ) ) ;
#3109 = ORIENTED_EDGE ( 'NONE', *, *, #3828, .F. ) ;
#3110 = EDGE_CURVE ( 'NONE', #429, #2500, #1746, .T. ) ;
#3111 = CYLINDRICAL_SURFACE ( 'NONE', #2998, 36.00013749699115806 ) ;
#3112 = DIRECTION ( 'NONE',  ( 0.000000000000000000, 0.000000000000000000, -1.000000000000000000 ) ) ;
#3113 = DIRECTION ( 'NONE',  ( -1.000000000000000000, 0.000000000000000000, 0.000000000000000000 ) ) ;
#3114 = ORIENTED_EDGE ( 'NONE', *, *, #2111, .F. ) ;
#3115 = AXIS2_PLACEMENT_3D ( 'NONE', #209, #3168, #902 ) ;
#3116 = ADVANCED_FACE ( 'NONE', ( #392 ), #2355, .T. ) ;
#3117 = DIRECTION ( 'NONE',  ( 0.000000000000000000, 0.000000000000000000, -1.000000000000000000 ) ) ;
#3118 = DIRECTION ( 'NONE',  ( -0.8660254037832295637, -0.5000000000020939916, 0.000000000000000000 ) ) ;
#3119 = CARTESIAN_POINT ( 'NONE',  ( 38838.86919764830964, 38838.86924945238570, 11228.32068553693898 ) ) ;
#3120 = ORIENTED_EDGE ( 'NONE', *, *, #883, .T. ) ;
#3121 = DIRECTION ( 'NONE',  ( -1.000000000000000000, 0.000000000000000000, 0.000000000000000000 ) ) ;
#3122 = ORIENTED_EDGE ( 'NONE', *, *, #2959, .F. ) ;
#3123 = CARTESIAN_POINT ( 'NONE',  ( 38843.02847617511725, 38832.13760597947839, 11228.32068553693898 ) ) ;
#3124 = ORIENTED_EDGE ( 'NONE', *, *, #1712, .F. ) ;
#3125 = DIRECTION ( 'NONE',  ( -0.000000000000000000, -0.000000000000000000, 1.000000000000000000 ) ) ;
#3126 = CYLINDRICAL_SURFACE ( 'NONE', #2021, 36.00013749699115806 ) ;
#3127 = VERTEX_POINT ( 'NONE', #3658 ) ;
#3128 = APPLICATION_CONTEXT ( 'automotive_design' ) ;
#3129 = EDGE_LOOP ( 'NONE', ( #1312, #1688, #1330, #845 ) ) ;
#3130 = AXIS2_PLACEMENT_3D ( 'NONE', #1828, #2152, #1162 ) ;
#3131 = DIRECTION ( 'NONE',  ( 0.7071067811865474617, -0.7071067811865474617, 0.000000000000000000 ) ) ;
#3132 = DIRECTION ( 'NONE',  ( 0.000000000000000000, 0.000000000000000000, 1.000000000000000000 ) ) ;
#3133 = EDGE_LOOP ( 'NONE', ( #2312, #1565, #4198, #327 ) ) ;
#3134 = VECTOR ( 'NONE', #4061, 1000.000000000000000 ) ;
#3135 = AXIS2_PLACEMENT_3D ( 'NONE', #938, #3571, #374 ) ;
#3136 = CARTESIAN_POINT ( 'NONE',  ( 38815.88593523276359, 38815.88593523273448, 11228.32068553693898 ) ) ;
#3137 = FACE_OUTER_BOUND ( 'NONE', #1106, .T. ) ;
#3138 = AXIS2_PLACEMENT_3D ( 'NONE', #922, #2228, #3551 ) ;
#3139 = DIRECTION ( 'NONE',  ( -0.000000000000000000, -0.000000000000000000, -1.000000000000000000 ) ) ;
#3140 = ORIENTED_EDGE ( 'NONE', *, *, #372, .F. ) ;
#3141 = VERTEX_POINT ( 'NONE', #2690 ) ;
#3142 = EDGE_CURVE ( 'NONE', #1426, #1325, #1620, .T. ) ;
#3143 = VECTOR ( 'NONE', #1488, 1000.000000000000000 ) ;
#3144 = AXIS2_PLACEMENT_3D ( 'NONE', #81, #1049, #1376 ) ;
#3145 = FACE_OUTER_BOUND ( 'NONE', #1876, .T. ) ;
#3146 = CIRCLE ( 'NONE', #3698, 1.750000000001250555 ) ;
#3147 = ORIENTED_EDGE ( 'NONE', *, *, #1296, .T. ) ;
#3148 = EDGE_CURVE ( 'NONE', #1711, #2714, #1726, .T. ) ;
#3149 = VECTOR ( 'NONE', #300, 1000.000000000000000 ) ;
#3150 = FACE_OUTER_BOUND ( 'NONE', #1209, .T. ) ;
#3151 = EDGE_CURVE ( 'NONE', #2638, #149, #1044, .T. ) ;
#3152 = AXIS2_PLACEMENT_3D ( 'NONE', #3898, #2890, #636 ) ;
#3153 = EDGE_LOOP ( 'NONE', ( #1596, #838, #2826, #2274 ) ) ;
#3154 = DIRECTION ( 'NONE',  ( -0.000000000000000000, -0.000000000000000000, -1.000000000000000000 ) ) ;
#3155 = CIRCLE ( 'NONE', #486, 36.00013749699115806 ) ;
#3156 = CARTESIAN_POINT ( 'NONE',  ( 38839.93343035454018, 38786.73199279840628, 11228.32068553693898 ) ) ;
#3157 = ORIENTED_EDGE ( 'NONE', *, *, #3331, .F. ) ;
#3158 = ORIENTED_EDGE ( 'NONE', *, *, #175, .F. ) ;
#3159 = CARTESIAN_POINT ( 'NONE',  ( 38814.95071793766692, 38848.01815415589954, 11228.32068553693898 ) ) ;
#3160 = DIRECTION ( 'NONE',  ( -0.000000000000000000, -0.000000000000000000, -1.000000000000000000 ) ) ;
#3161 = VERTEX_POINT ( 'NONE', #3701 ) ;
#3162 = AXIS2_PLACEMENT_3D ( 'NONE', #1900, #357, #3291 ) ;
#3163 = DIRECTION ( 'NONE',  ( -1.000000000000000000, 0.000000000000000000, 0.000000000000000000 ) ) ;
#3164 = CARTESIAN_POINT ( 'NONE',  ( 38837.94559844076139, 38792.50377865045448, 11228.32068553693898 ) ) ;
#3165 = ORIENTED_EDGE ( 'NONE', *, *, #1474, .T. ) ;
#3166 = ORIENTED_EDGE ( 'NONE', *, *, #3110, .T. ) ;
#3167 = EDGE_CURVE ( 'NONE', #3854, #2963, #3966, .T. ) ;
#3168 = DIRECTION ( 'NONE',  ( 0.000000000000000000, -0.000000000000000000, -1.000000000000000000 ) ) ;
#3169 = ORIENTED_EDGE ( 'NONE', *, *, #3588, .F. ) ;
#3170 = DIRECTION ( 'NONE',  ( -1.000000000000000000, 0.000000000000000000, 0.000000000000000000 ) ) ;
#3171 = EDGE_CURVE ( 'NONE', #1848, #332, #4105, .T. ) ;
#3172 = ORIENTED_EDGE ( 'NONE', *, *, #29, .F. ) ;
#3173 = CARTESIAN_POINT ( 'NONE',  ( 38823.29901491295459, 38847.16532739387185, 11228.32068553693898 ) ) ;
#3174 = DIRECTION ( 'NONE',  ( -0.000000000000000000, -0.000000000000000000, -1.000000000000000000 ) ) ;
#3175 = EDGE_LOOP ( 'NONE', ( #2868, #1736, #929, #3825 ) ) ;
#3176 = EDGE_CURVE ( 'NONE', #2829, #1395, #4024, .T. ) ;
#3177 = ORIENTED_EDGE ( 'NONE', *, *, #102, .T. ) ;
#3178 = CARTESIAN_POINT ( 'NONE',  ( 38784.16323121890309, 38793.19968410936417, 11228.32068553693898 ) ) ;
#3179 = ORIENTED_EDGE ( 'NONE', *, *, #626, .T. ) ;
#3180 = CARTESIAN_POINT ( 'NONE',  ( 38815.88593523276359, 38815.88593523273448, 11228.32068553693898 ) ) ;
#3181 = CYLINDRICAL_SURFACE ( 'NONE', #415, 36.00013749699115806 ) ;
#3182 = DIRECTION ( 'NONE',  ( -0.000000000000000000, 0.000000000000000000, -1.000000000000000000 ) ) ;
#3183 = VERTEX_POINT ( 'NONE', #3049 ) ;
#3184 = VECTOR ( 'NONE', #2539, 1000.000000000000000 ) ;
#3185 = DIRECTION ( 'NONE',  ( -1.000000000000000000, 0.000000000000000000, 0.000000000000000000 ) ) ;
#3186 = ORIENTED_EDGE ( 'NONE', *, *, #2374, .F. ) ;
#3187 = CARTESIAN_POINT ( 'NONE',  ( 38778.61413290328346, 38809.63716477705748, 11228.32068553693898 ) ) ;
#3188 = EDGE_CURVE ( 'NONE', #3871, #2802, #2517, .T. ) ;
#3189 = DIRECTION ( 'NONE',  ( 1.000000000000000000, 0.000000000000000000, 0.000000000000000000 ) ) ;
#3190 = ORIENTED_EDGE ( 'NONE', *, *, #3914, .F. ) ;
#3191 = DIRECTION ( 'NONE',  ( -0.000000000000000000, -0.000000000000000000, 1.000000000000000000 ) ) ;
#3192 = CARTESIAN_POINT ( 'NONE',  ( 38848.01815415592864, 38814.95079119970615, 11228.32068553693898 ) ) ;
#3193 = ORIENTED_EDGE ( 'NONE', *, *, #441, .F. ) ;
#3194 = EDGE_CURVE ( 'NONE', #1246, #1980, #2029, .T. ) ;
#3195 = ORIENTED_EDGE ( 'NONE', *, *, #3531, .F. ) ;
#3196 = DIRECTION ( 'NONE',  ( -0.000000000000000000, 0.000000000000000000, 1.000000000000000000 ) ) ;
#3197 = EDGE_CURVE ( 'NONE', #2197, #3233, #3788, .T. ) ;
#3198 = ORIENTED_EDGE ( 'NONE', *, *, #2117, .T. ) ;
#3199 = EDGE_CURVE ( 'NONE', #3034, #1720, #3804, .T. ) ;
#3200 = ADVANCED_FACE ( 'NONE', ( #1123 ), #894, .T. ) ;
#3201 = AXIS2_PLACEMENT_3D ( 'NONE', #2395, #2704, #3715 ) ;
#3202 = LINE ( 'NONE', #203, #1729 ) ;
#3203 = CARTESIAN_POINT ( 'NONE',  ( 38809.55271810905106, 38819.90344202972483, 11232.32068553693898 ) ) ;
#3204 = ORIENTED_EDGE ( 'NONE', *, *, #1983, .T. ) ;
#3205 = ORIENTED_EDGE ( 'NONE', *, *, #909, .T. ) ;
#3206 = AXIS2_PLACEMENT_3D ( 'NONE', #4068, #1387, #3070 ) ;
#3207 = AXIS2_PLACEMENT_3D ( 'NONE', #1804, #2843, #887 ) ;
#3208 = DIRECTION ( 'NONE',  ( -0.000000000000000000, -0.000000000000000000, -1.000000000000000000 ) ) ;
#3209 = VECTOR ( 'NONE', #1705, 1000.000000000000000 ) ;
#3210 = CARTESIAN_POINT ( 'NONE',  ( 38792.42423717839119, 38805.65841512297629, 11223.32068553694080 ) ) ;
#3211 = CIRCLE ( 'NONE', #1072, 38.99994794847572166 ) ;
#3212 = VECTOR ( 'NONE', #378, 1000.000000000000000 ) ;
#3213 = CIRCLE ( 'NONE', #479, 1.006105236832866012 ) ;
#3214 = DIRECTION ( 'NONE',  ( 0.000000000000000000, 0.000000000000000000, -1.000000000000000000 ) ) ;
#3215 = VERTEX_POINT ( 'NONE', #2180 ) ;
#3216 = CIRCLE ( 'NONE', #3076, 1.006105236832866012 ) ;
#3217 = DIRECTION ( 'NONE',  ( -0.000000000000000000, -0.000000000000000000, -1.000000000000000000 ) ) ;
#3218 = LINE ( 'NONE', #1591, #2440 ) ;
#3219 = ORIENTED_EDGE ( 'NONE', *, *, #956, .F. ) ;
#3220 = AXIS2_PLACEMENT_3D ( 'NONE', #2974, #40, #1331 ) ;
#3221 = VECTOR ( 'NONE', #1694, 1000.000000000000000 ) ;
#3222 = ORIENTED_EDGE ( 'NONE', *, *, #3810, .F. ) ;
#3223 = CIRCLE ( 'NONE', #1837, 38.99994794847572166 ) ;
#3224 = ADVANCED_FACE ( 'NONE', ( #3501 ), #4148, .T. ) ;
#3225 = DIRECTION ( 'NONE',  ( -0.000000000000000000, -0.000000000000000000, -1.000000000000000000 ) ) ;
#3226 = ORIENTED_EDGE ( 'NONE', *, *, #923, .F. ) ;
#3227 = AXIS2_PLACEMENT_3D ( 'NONE', #2708, #3956, #2057 ) ;
#3228 = EDGE_CURVE ( 'NONE', #2829, #3793, #3071, .T. ) ;
#3229 = DIRECTION ( 'NONE',  ( 0.5000000000018076651, 0.8660254037833950980, 0.000000000000000000 ) ) ;
#3230 = DIRECTION ( 'NONE',  ( -0.000000000000000000, 0.000000000000000000, -1.000000000000000000 ) ) ;
#3231 = CIRCLE ( 'NONE', #4232, 1.006105236832866012 ) ;
#3232 = ORIENTED_EDGE ( 'NONE', *, *, #3721, .T. ) ;
#3233 = VERTEX_POINT ( 'NONE', #540 ) ;
#3234 = LINE ( 'NONE', #2341, #37 ) ;
#3235 = CYLINDRICAL_SURFACE ( 'NONE', #3290, 1.006105236832866012 ) ;
#3236 = FACE_OUTER_BOUND ( 'NONE', #2556, .T. ) ;
#3237 = DIRECTION ( 'NONE',  ( -0.9659258262890432212, 0.2588190451026145533, 0.000000000000000000 ) ) ;
#3238 = VERTEX_POINT ( 'NONE', #2767 ) ;
#3239 = LINE ( 'NONE', #19, #2666 ) ;
#3240 = DIRECTION ( 'NONE',  ( -0.8660254037867567423, 0.4999999999959848784, 0.000000000000000000 ) ) ;
#3241 = VERTEX_POINT ( 'NONE', #3159 ) ;
#3242 = ORIENTED_EDGE ( 'NONE', *, *, #1739, .T. ) ;
#3243 = FACE_OUTER_BOUND ( 'NONE', #576, .T. ) ;
#3244 = ORIENTED_EDGE ( 'NONE', *, *, #3305, .F. ) ;
#3245 = EDGE_CURVE ( 'NONE', #1283, #2617, #4083, .T. ) ;
#3246 = CARTESIAN_POINT ( 'NONE',  ( 38783.75371630959853, 38816.82107926576282, 11228.32068553693898 ) ) ;
#3247 = CYLINDRICAL_SURFACE ( 'NONE', #1361, 29.35410264610283093 ) ;
#3248 = DIRECTION ( 'NONE',  ( -0.8660254037833950980, 0.5000000000018076651, 0.000000000000000000 ) ) ;
#3249 = ORIENTED_EDGE ( 'NONE', *, *, #3056, .F. ) ;
#3250 = ORIENTED_EDGE ( 'NONE', *, *, #1523, .F. ) ;
#3251 = EDGE_CURVE ( 'NONE', #4150, #1871, #2441, .T. ) ;
#3252 = PRESENTATION_STYLE_ASSIGNMENT (( #635 ) ) ;
#3253 = CYLINDRICAL_SURFACE ( 'NONE', #1216, 36.00013749699115806 ) ;
#3254 = CARTESIAN_POINT ( 'NONE',  ( 38822.13470568844059, 38778.61413290325436, 11228.32068553693898 ) ) ;
#3255 = ADVANCED_FACE ( 'NONE', ( #2138 ), #2851, .T. ) ;
#3256 = DIRECTION ( 'NONE',  ( -1.000000000000000000, 0.000000000000000000, 0.000000000000000000 ) ) ;
#3257 = ORIENTED_EDGE ( 'NONE', *, *, #1425, .F. ) ;
#3258 = CYLINDRICAL_SURFACE ( 'NONE', #2674, 29.35410264610283093 ) ;
#3259 = DIRECTION ( 'NONE',  ( -1.000000000000000000, 0.000000000000000000, 0.000000000000000000 ) ) ;
#3260 = VERTEX_POINT ( 'NONE', #172 ) ;
#3261 = ORIENTED_EDGE ( 'NONE', *, *, #1683, .F. ) ;
#3262 = LINE ( 'NONE', #4229, #1278 ) ;
#3263 = ORIENTED_EDGE ( 'NONE', *, *, #2554, .F. ) ;
#3264 = DIRECTION ( 'NONE',  ( -1.000000000000000000, 0.000000000000000000, 0.000000000000000000 ) ) ;
#3265 = CARTESIAN_POINT ( 'NONE',  ( 38823.29908567867824, 38784.60656203320832, 11228.32068553693898 ) ) ;
#3266 = CARTESIAN_POINT ( 'NONE',  ( 38815.88593523276359, 38815.88593523273448, 11228.32068553693898 ) ) ;
#3267 = ORIENTED_EDGE ( 'NONE', *, *, #2642, .T. ) ;
#3268 = ORIENTED_EDGE ( 'NONE', *, *, #237, .T. ) ;
#3269 = CARTESIAN_POINT ( 'NONE',  ( 38794.17423717839119, 38805.65841512297629, 11223.32068553694080 ) ) ;
#3270 = EDGE_LOOP ( 'NONE', ( #248, #1619, #1563, #2200 ) ) ;
#3271 = CIRCLE ( 'NONE', #1064, 36.00013749698946697 ) ;
#3272 = ADVANCED_FACE ( 'NONE', ( #854 ), #1531, .T. ) ;
#3273 = DIRECTION ( 'NONE',  ( -0.000000000000000000, -0.000000000000000000, 1.000000000000000000 ) ) ;
#3274 = AXIS2_PLACEMENT_3D ( 'NONE', #1077, #743, #3059 ) ;
#3275 = EDGE_CURVE ( 'NONE', #156, #2492, #400, .T. ) ;
#3276 = CYLINDRICAL_SURFACE ( 'NONE', #2505, 38.99994794847572166 ) ;
#3277 = AXIS2_PLACEMENT_3D ( 'NONE', #873, #220, #3459 ) ;
#3278 = ORIENTED_EDGE ( 'NONE', *, *, #3482, .F. ) ;
#3279 = EDGE_CURVE ( 'NONE', #171, #3334, #4166, .T. ) ;
#3280 = CARTESIAN_POINT ( 'NONE',  ( 38800.62974770679284, 38787.59100871776172, 11220.32068553694080 ) ) ;
#3281 = AXIS2_PLACEMENT_3D ( 'NONE', #3815, #3777, #3840 ) ;
#3282 = CARTESIAN_POINT ( 'NONE',  ( 38838.86919764830964, 38838.86924945238570, 11220.32068553694080 ) ) ;
#3283 = ORIENTED_EDGE ( 'NONE', *, *, #1317, .F. ) ;
#3284 = AXIS2_PLACEMENT_3D ( 'NONE', #2703, #723, #4001 ) ;
#3285 = AXIS2_PLACEMENT_3D ( 'NONE', #3376, #1708, #751 ) ;
#3286 = ORIENTED_EDGE ( 'NONE', *, *, #4224, .T. ) ;
#3287 = DIRECTION ( 'NONE',  ( -0.000000000000000000, 0.000000000000000000, -1.000000000000000000 ) ) ;
#3288 = CIRCLE ( 'NONE', #2454, 29.35410264610433018 ) ;
#3289 = ORIENTED_EDGE ( 'NONE', *, *, #2887, .T. ) ;
#3290 = AXIS2_PLACEMENT_3D ( 'NONE', #987, #3208, #2297 ) ;
#3291 = DIRECTION ( 'NONE',  ( -1.000000000000000000, 0.000000000000000000, 0.000000000000000000 ) ) ;
#3292 = CARTESIAN_POINT ( 'NONE',  ( 38843.24568108367384, 38799.00996728234895, 11228.32068553693898 ) ) ;
#3293 = DIRECTION ( 'NONE',  ( -1.000000000000000000, 0.000000000000000000, 0.000000000000000000 ) ) ;
#3294 = EDGE_LOOP ( 'NONE', ( #2347, #3408, #3908, #4155 ) ) ;
#3295 = ORIENTED_EDGE ( 'NONE', *, *, #1425, .T. ) ;
#3296 = AXIS2_PLACEMENT_3D ( 'NONE', #2691, #713, #3986 ) ;
#3297 = ORIENTED_EDGE ( 'NONE', *, *, #1029, .F. ) ;
#3298 = DIRECTION ( 'NONE',  ( -0.000000000000000000, -0.000000000000000000, -1.000000000000000000 ) ) ;
#3299 = ADVANCED_FACE ( 'NONE', ( #2156 ), #2199, .T. ) ;
#3300 = CARTESIAN_POINT ( 'NONE',  ( 38855.99998265945760, 38825.70194871888816, 11228.32068553693898 ) ) ;
#3301 = ORIENTED_EDGE ( 'NONE', *, *, #2353, .F. ) ;
#3302 = CARTESIAN_POINT ( 'NONE',  ( 38794.17423717839119, 38805.65841512297629, 11223.32068553694080 ) ) ;
#3303 = DIRECTION ( 'NONE',  ( -0.000000000000000000, -0.000000000000000000, -1.000000000000000000 ) ) ;
#3304 = ORIENTED_EDGE ( 'NONE', *, *, #1715, .T. ) ;
#3305 = EDGE_CURVE ( 'NONE', #465, #3561, #1757, .T. ) ;
#3306 = VERTEX_POINT ( 'NONE', #1167 ) ;
#3307 = CYLINDRICAL_SURFACE ( 'NONE', #4177, 1.006105236832866012 ) ;
#3308 = VERTEX_POINT ( 'NONE', #2787 ) ;
#3309 = ADVANCED_FACE ( 'NONE', ( #2815 ), #2486, .F. ) ;
#3310 = DIRECTION ( 'NONE',  ( -1.000000000000000000, 0.000000000000000000, 0.000000000000000000 ) ) ;
#3311 = CARTESIAN_POINT ( 'NONE',  ( 38799.75639324172516, 38780.37771343633358, 11228.32068553693898 ) ) ;
#3312 = DIRECTION ( 'NONE',  ( -1.000000000000000000, 0.000000000000000000, 0.000000000000000000 ) ) ;
#3313 = CYLINDRICAL_SURFACE ( 'NONE', #4107, 36.00013749699115806 ) ;
#3314 = EDGE_LOOP ( 'NONE', ( #2663, #908, #633, #1700 ) ) ;
#3315 = DIRECTION ( 'NONE',  ( 0.2588190451025921268, -0.9659258262890492164, 0.000000000000000000 ) ) ;
#3316 = DIRECTION ( 'NONE',  ( -1.000000000000000000, 0.000000000000000000, 0.000000000000000000 ) ) ;
#3317 = LINE ( 'NONE', #3709, #2732 ) ;
#3318 = DIRECTION ( 'NONE',  ( -1.000000000000000000, 0.000000000000000000, 0.000000000000000000 ) ) ;
#3319 = EDGE_CURVE ( 'NONE', #427, #2233, #3894, .T. ) ;
#3320 = CARTESIAN_POINT ( 'NONE',  ( 38787.73728905359167, 38799.63426448599057, 11220.32068553694080 ) ) ;
#3321 = EDGE_CURVE ( 'NONE', #2001, #1793, #2931, .T. ) ;
#3322 = ORIENTED_EDGE ( 'NONE', *, *, #2532, .T. ) ;
#3323 = VERTEX_POINT ( 'NONE', #2311 ) ;
#3324 = LINE ( 'NONE', #3693, #126 ) ;
#3325 = CARTESIAN_POINT ( 'NONE',  ( 38815.88593523276359, 38815.88593523273448, 11228.32068553693898 ) ) ;
#3326 = EDGE_CURVE ( 'NONE', #225, #926, #1074, .T. ) ;
#3327 = ORIENTED_EDGE ( 'NONE', *, *, #1553, .F. ) ;
#3328 = DIRECTION ( 'NONE',  ( -0.000000000000000000, -0.000000000000000000, 1.000000000000000000 ) ) ;
#3329 = EDGE_CURVE ( 'NONE', #2729, #145, #3630, .T. ) ;
#3330 = CARTESIAN_POINT ( 'NONE',  ( 38806.66615447551885, 38846.68122329931066, 11228.32068553693898 ) ) ;
#3331 = EDGE_CURVE ( 'NONE', #226, #1600, #3262, .T. ) ;
#3332 = CARTESIAN_POINT ( 'NONE',  ( 38815.88593523276359, 38815.88593523273448, 11220.32068553694080 ) ) ;
#3333 = EDGE_CURVE ( 'NONE', #2906, #2222, #1348, .T. ) ;
#3334 = VERTEX_POINT ( 'NONE', #1318 ) ;
#3335 = DIRECTION ( 'NONE',  ( -0.000000000000000000, -0.000000000000000000, -1.000000000000000000 ) ) ;
#3336 = DIRECTION ( 'NONE',  ( 0.000000000000000000, 0.000000000000000000, -1.000000000000000000 ) ) ;
#3337 = AXIS2_PLACEMENT_3D ( 'NONE', #508, #3402, #2698 ) ;
#3338 = DIRECTION ( 'NONE',  ( -1.000000000000000000, 0.000000000000000000, 0.000000000000000000 ) ) ;
#3339 = AXIS2_PLACEMENT_3D ( 'NONE', #771, #1811, #1514 ) ;
#3340 = FACE_OUTER_BOUND ( 'NONE', #4078, .T. ) ;
#3341 = ORIENTED_EDGE ( 'NONE', *, *, #1393, .T. ) ;
#3342 = DIRECTION ( 'NONE',  ( -0.000000000000000000, -0.000000000000000000, 1.000000000000000000 ) ) ;
#3343 = ORIENTED_EDGE ( 'NONE', *, *, #550, .T. ) ;
#3344 = CIRCLE ( 'NONE', #799, 38.99994794847572166 ) ;
#3345 = VECTOR ( 'NONE', #402, 1000.000000000000000 ) ;
#3346 = AXIS2_PLACEMENT_3D ( 'NONE', #3848, #499, #1791 ) ;
#3347 = ORIENTED_EDGE ( 'NONE', *, *, #2140, .T. ) ;
#3348 = CIRCLE ( 'NONE', #1621, 36.00013749698896959 ) ;
#3349 = AXIS2_PLACEMENT_3D ( 'NONE', #2362, #1416, #1394 ) ;
#3350 = CARTESIAN_POINT ( 'NONE',  ( 38794.17423717839119, 38805.65841512297629, 11220.32068553694080 ) ) ;
#3351 = DIRECTION ( 'NONE',  ( 0.000000000000000000, 0.000000000000000000, -1.000000000000000000 ) ) ;
#3352 = ORIENTED_EDGE ( 'NONE', *, *, #4199, .F. ) ;
#3353 = AXIS2_PLACEMENT_3D ( 'NONE', #1576, #2898, #4209 ) ;
#3354 = CIRCLE ( 'NONE', #3975, 1.006105236833839900 ) ;
#3355 = ADVANCED_FACE ( 'NONE', ( #3243 ), #2243, .T. ) ;
#3356 = AXIS2_PLACEMENT_3D ( 'NONE', #2933, #3928, #3844 ) ;
#3357 = CARTESIAN_POINT ( 'NONE',  ( 38846.68124226095824, 38806.66622524121340, 11220.32068553694080 ) ) ;
#3358 = DIRECTION ( 'NONE',  ( -0.000000000000000000, -0.000000000000000000, 1.000000000000000000 ) ) ;
#3359 = DIRECTION ( 'NONE',  ( -0.000000000000000000, -0.000000000000000000, 1.000000000000000000 ) ) ;
#3360 = EDGE_LOOP ( 'NONE', ( #543, #3169, #2004, #3802 ) ) ;
#3361 = CIRCLE ( 'NONE', #3979, 1.750000000001250555 ) ;
#3362 = EDGE_CURVE ( 'NONE', #2352, #827, #3488, .T. ) ;
#3363 = DIRECTION ( 'NONE',  ( -0.000000000000000000, -0.000000000000000000, -1.000000000000000000 ) ) ;
#3364 = CARTESIAN_POINT ( 'NONE',  ( 38784.16319037195353, 38838.57212923877523, 11220.32068553694080 ) ) ;
#3365 = AXIS2_PLACEMENT_3D ( 'NONE', #2757, #3466, #4072 ) ;
#3366 = AXIS2_PLACEMENT_3D ( 'NONE', #736, #3363, #1498 ) ;
#3367 = DIRECTION ( 'NONE',  ( -1.000000000000000000, 0.000000000000000000, 0.000000000000000000 ) ) ;
#3368 = CYLINDRICAL_SURFACE ( 'NONE', #1468, 1.006105236832866012 ) ;
#3369 = ORIENTED_EDGE ( 'NONE', *, *, #1204, .F. ) ;
#3370 = CARTESIAN_POINT ( 'NONE',  ( 38846.00961105545139, 38791.11578999873745, 11228.32068553693898 ) ) ;
#3371 = ORIENTED_EDGE ( 'NONE', *, *, #3935, .F. ) ;
#3372 = ORIENTED_EDGE ( 'NONE', *, *, #3464, .T. ) ;
#3373 = DIRECTION ( 'NONE',  ( -0.000000000000000000, -0.000000000000000000, -1.000000000000000000 ) ) ;
#3374 = CARTESIAN_POINT ( 'NONE',  ( 38839.26809181504359, 38837.94559844073228, 11228.32068553693898 ) ) ;
#3375 = ORIENTED_EDGE ( 'NONE', *, *, #3362, .T. ) ;
#3376 = CARTESIAN_POINT ( 'NONE',  ( 38838.86919764830964, 38838.86924945238570, 11228.32068553693898 ) ) ;
#3377 = CARTESIAN_POINT ( 'NONE',  ( 38815.88593523276359, 38815.88593523273448, 11228.32068553693898 ) ) ;
#3378 = DIRECTION ( 'NONE',  ( 0.000000000000000000, -0.000000000000000000, -1.000000000000000000 ) ) ;
#3379 = ORIENTED_EDGE ( 'NONE', *, *, #53, .F. ) ;
#3380 = EDGE_CURVE ( 'NONE', #2829, #952, #61, .T. ) ;
#3381 = CYLINDRICAL_SURFACE ( 'NONE', #1991, 36.00013749699115806 ) ;
#3382 = DIRECTION ( 'NONE',  ( -1.000000000000000000, 0.000000000000000000, 0.000000000000000000 ) ) ;
#3383 = DIRECTION ( 'NONE',  ( 0.000000000000000000, 0.000000000000000000, -1.000000000000000000 ) ) ;
#3384 = CARTESIAN_POINT ( 'NONE',  ( 38799.63432793282846, 38787.73725242252112, 11228.32068553693898 ) ) ;
#3385 = EDGE_CURVE ( 'NONE', #2215, #1493, #2731, .T. ) ;
#3386 = DIRECTION ( 'NONE',  ( -0.000000000000000000, -0.000000000000000000, -1.000000000000000000 ) ) ;
#3387 = ORIENTED_EDGE ( 'NONE', *, *, #1148, .F. ) ;
#3388 = DIRECTION ( 'NONE',  ( 0.000000000000000000, -0.000000000000000000, -1.000000000000000000 ) ) ;
#3389 = ORIENTED_EDGE ( 'NONE', *, *, #800, .T. ) ;
#3390 = CARTESIAN_POINT ( 'NONE',  ( 38799.00996728237806, 38788.52618938182422, 11228.32068553693898 ) ) ;
#3391 = DIRECTION ( 'NONE',  ( 0.000000000000000000, 0.000000000000000000, -1.000000000000000000 ) ) ;
#3392 = EDGE_LOOP ( 'NONE', ( #4191, #3981, #2796, #2480 ) ) ;
#3393 = CARTESIAN_POINT ( 'NONE',  ( 38796.02211484510917, 38852.09255840196420, 11228.32068553693898 ) ) ;
#3394 = DIRECTION ( 'NONE',  ( 0.000000000000000000, 0.000000000000000000, -1.000000000000000000 ) ) ;
#3395 = CARTESIAN_POINT ( 'NONE',  ( 38832.76190318314184, 38843.24568108365202, 11220.32068553694080 ) ) ;
#3396 = EDGE_LOOP ( 'NONE', ( #2212, #2885, #1334, #2693 ) ) ;
#3397 = DIRECTION ( 'NONE',  ( 0.000000000000000000, 0.000000000000000000, -1.000000000000000000 ) ) ;
#3398 = CARTESIAN_POINT ( 'NONE',  ( 38837.94554663665622, 38839.26814361911966, 11228.32068553693898 ) ) ;
#3399 = CARTESIAN_POINT ( 'NONE',  ( 38779.67931206353387, 38796.02211484508007, 11228.32068553693898 ) ) ;
#3400 = DIRECTION ( 'NONE',  ( 0.000000000000000000, -1.000000000000000000, 0.000000000000000000 ) ) ;
#3401 = EDGE_CURVE ( 'NONE', #1515, #2751, #678, .T. ) ;
#3402 = DIRECTION ( 'NONE',  ( -0.000000000000000000, -0.000000000000000000, 1.000000000000000000 ) ) ;
#3403 = ORIENTED_EDGE ( 'NONE', *, *, #1841, .T. ) ;
#3404 = CARTESIAN_POINT ( 'NONE',  ( 38777.41299409794738, 38822.27567234946764, 11228.32068553693898 ) ) ;
#3405 = AXIS2_PLACEMENT_3D ( 'NONE', #762, #4060, #3710 ) ;
#3406 = ADVANCED_FACE ( 'NONE', ( #1617 ), #2618, .F. ) ;
#3407 = ADVANCED_FACE ( 'NONE', ( #2268 ), #976, .T. ) ;
#3408 = ORIENTED_EDGE ( 'NONE', *, *, #785, .T. ) ;
#3409 = DIRECTION ( 'NONE',  ( 0.000000000000000000, -0.000000000000000000, -1.000000000000000000 ) ) ;
#3410 = AXIS2_PLACEMENT_3D ( 'NONE', #89, #2369, #3089 ) ;
#3411 = CARTESIAN_POINT ( 'NONE',  ( 38827.44204190321034, 38855.53372609594953, 11228.32068553693898 ) ) ;
#3412 = ORIENTED_EDGE ( 'NONE', *, *, #1038, .T. ) ;
#3413 = AXIS2_PLACEMENT_3D ( 'NONE', #132, #4048, #3093 ) ;
#3414 = CIRCLE ( 'NONE', #933, 1.006105236832866012 ) ;
#3415 = AXIS2_PLACEMENT_3D ( 'NONE', #2794, #3139, #2203 ) ;
#3416 = LINE ( 'NONE', #2231, #945 ) ;
#3417 = CYLINDRICAL_SURFACE ( 'NONE', #673, 3.000000000000113687 ) ;
#3418 = CIRCLE ( 'NONE', #2313, 38.99994794847572166 ) ;
#3419 = DIRECTION ( 'NONE',  ( -1.000000000000000000, 0.000000000000000000, 0.000000000000000000 ) ) ;
#3420 = ORIENTED_EDGE ( 'NONE', *, *, #2880, .F. ) ;
#3421 = AXIS2_PLACEMENT_3D ( 'NONE', #759, #2298, #3367 ) ;
#3422 = AXIS2_PLACEMENT_3D ( 'NONE', #2403, #457, #2419 ) ;
#3423 = CYLINDRICAL_SURFACE ( 'NONE', #2545, 29.35410264610283093 ) ;
#3424 = CARTESIAN_POINT ( 'NONE',  ( 38794.44563340406603, 38805.78625912434654, 11232.32068553693898 ) ) ;
#3425 = DIRECTION ( 'NONE',  ( -0.000000000000000000, -0.000000000000000000, 1.000000000000000000 ) ) ;
#3426 = CIRCLE ( 'NONE', #1012, 1.006105236832866012 ) ;
#3427 = CIRCLE ( 'NONE', #3152, 38.99994794847572166 ) ;
#3428 = DIRECTION ( 'NONE',  ( -0.000000000000000000, -0.000000000000000000, -1.000000000000000000 ) ) ;
#3429 = CIRCLE ( 'NONE', #1564, 1.006105236832866012 ) ;
#3430 = DIRECTION ( 'NONE',  ( -1.000000000000000000, 0.000000000000000000, 0.000000000000000000 ) ) ;
#3431 = ORIENTED_EDGE ( 'NONE', *, *, #1397, .T. ) ;
#3432 = CARTESIAN_POINT ( 'NONE',  ( 38783.75371630959853, 38814.95071793763782, 11228.32068553693898 ) ) ;
#3433 = CIRCLE ( 'NONE', #2047, 38.99994794847572166 ) ;
#3434 = EDGE_CURVE ( 'NONE', #3794, #1395, #4244, .T. ) ;
#3435 = VERTEX_POINT ( 'NONE', #2218 ) ;
#3436 = AXIS2_PLACEMENT_3D ( 'NONE', #133, #173, #2768 ) ;
#3437 = CYLINDRICAL_SURFACE ( 'NONE', #1421, 1.006105236832866012 ) ;
#3438 = DIRECTION ( 'NONE',  ( -0.000000000000000000, -0.000000000000000000, -1.000000000000000000 ) ) ;
#3439 = ORIENTED_EDGE ( 'NONE', *, *, #3652, .T. ) ;
#3440 = ADVANCED_FACE ( 'NONE', ( #995 ), #1232, .T. ) ;
#3441 = CARTESIAN_POINT ( 'NONE',  ( 38837.86309241147683, 38838.86924945238570, 11228.32068553693898 ) ) ;
#3442 = DIRECTION ( 'NONE',  ( -1.000000000000000000, 0.000000000000000000, 0.000000000000000000 ) ) ;
#3443 = DIRECTION ( 'NONE',  ( 0.000000000000000000, -0.000000000000000000, -1.000000000000000000 ) ) ;
#3444 = ORIENTED_EDGE ( 'NONE', *, *, #725, .F. ) ;
#3445 = DIRECTION ( 'NONE',  ( 1.000000000000000000, 0.000000000000000000, 0.000000000000000000 ) ) ;
#3446 = CARTESIAN_POINT ( 'NONE',  ( 38815.88593523276359, 38815.88593523273448, 11228.32068553693898 ) ) ;
#3447 = DIRECTION ( 'NONE',  ( -1.000000000000000000, 0.000000000000000000, 0.000000000000000000 ) ) ;
#3448 = ORIENTED_EDGE ( 'NONE', *, *, #1186, .T. ) ;
#3449 = CYLINDRICAL_SURFACE ( 'NONE', #2938, 1.006105236832866012 ) ;
#3450 = DIRECTION ( 'NONE',  ( -1.000000000000000000, 0.000000000000000000, 0.000000000000000000 ) ) ;
#3451 = ORIENTED_EDGE ( 'NONE', *, *, #829, .T. ) ;
#3452 = DIRECTION ( 'NONE',  ( 0.000000000000000000, 0.000000000000000000, -1.000000000000000000 ) ) ;
#3453 = ORIENTED_EDGE ( 'NONE', *, *, #3380, .F. ) ;
#3454 = DIRECTION ( 'NONE',  ( -1.000000000000000000, 0.000000000000000000, 0.000000000000000000 ) ) ;
#3455 = CARTESIAN_POINT ( 'NONE',  ( 38843.24564445264696, 38832.76196662992879, 11228.32068553693898 ) ) ;
#3456 = ORIENTED_EDGE ( 'NONE', *, *, #677, .T. ) ;
#3457 = ORIENTED_EDGE ( 'NONE', *, *, #4071, .F. ) ;
#3458 = ADVANCED_FACE ( 'NONE', ( #3539 ), #286, .T. ) ;
#3459 = DIRECTION ( 'NONE',  ( -1.000000000000000000, 0.000000000000000000, 0.000000000000000000 ) ) ;
#3460 = LINE ( 'NONE', #4110, #2720 ) ;
#3461 = EDGE_LOOP ( 'NONE', ( #3564, #1504, #1450, #1175 ) ) ;
#3462 = CIRCLE ( 'NONE', #4016, 38.99994794847572166 ) ;
#3463 = EDGE_CURVE ( 'NONE', #1969, #199, #2798, .T. ) ;
#3464 = EDGE_CURVE ( 'NONE', #1177, #1265, #2449, .T. ) ;
#3465 = DIRECTION ( 'NONE',  ( 0.000000000000000000, 0.000000000000000000, -1.000000000000000000 ) ) ;
#3466 = DIRECTION ( 'NONE',  ( -0.000000000000000000, -0.000000000000000000, 1.000000000000000000 ) ) ;
#3467 = ORIENTED_EDGE ( 'NONE', *, *, #834, .T. ) ;
#3468 = DIRECTION ( 'NONE',  ( -0.000000000000000000, -0.000000000000000000, -1.000000000000000000 ) ) ;
#3469 = ORIENTED_EDGE ( 'NONE', *, *, #1433, .T. ) ;
#3470 = DIRECTION ( 'NONE',  ( -0.2588190451018286264, -0.9659258262892539415, 0.000000000000000000 ) ) ;
#3471 = EDGE_LOOP ( 'NONE', ( #4133, #994, #1079, #4136 ) ) ;
#3472 = CARTESIAN_POINT ( 'NONE',  ( 38807.47343246315722, 38847.28168145626842, 11220.32068553694080 ) ) ;
#3473 = DIRECTION ( 'NONE',  ( -1.000000000000000000, 0.000000000000000000, 0.000000000000000000 ) ) ;
#3474 = ORIENTED_EDGE ( 'NONE', *, *, #1296, .F. ) ;
#3475 = CIRCLE ( 'NONE', #3349, 36.00013749699115806 ) ;
#3476 = ORIENTED_EDGE ( 'NONE', *, *, #2697, .T. ) ;
#3477 = CIRCLE ( 'NONE', #3615, 29.35410264610283093 ) ;
#3478 = DIRECTION ( 'NONE',  ( -0.000000000000000000, -0.000000000000000000, -1.000000000000000000 ) ) ;
#3479 = DIRECTION ( 'NONE',  ( -0.000000000000000000, -0.000000000000000000, 1.000000000000000000 ) ) ;
#3480 = ORIENTED_EDGE ( 'NONE', *, *, #3996, .F. ) ;
#3481 = CIRCLE ( 'NONE', #1475, 36.00013749699115806 ) ;
#3482 = EDGE_CURVE ( 'NONE', #2914, #2181, #2664, .T. ) ;
#3483 = CIRCLE ( 'NONE', #1884, 36.00013749699115806 ) ;
#3484 = CARTESIAN_POINT ( 'NONE',  ( 38792.90262101311237, 38838.86919764828053, 11220.32068553694080 ) ) ;
#3485 = LINE ( 'NONE', #1189, #3565 ) ;
#3486 = AXIS2_PLACEMENT_3D ( 'NONE', #1605, #2928, #1631 ) ;
#3487 = EDGE_LOOP ( 'NONE', ( #1800, #1126, #721, #95 ) ) ;
#3488 = CIRCLE ( 'NONE', #1208, 1.006105236834714756 ) ;
#3489 = EDGE_CURVE ( 'NONE', #3241, #4145, #1417, .T. ) ;
#3490 = DIRECTION ( 'NONE',  ( -1.000000000000000000, 0.000000000000000000, 0.000000000000000000 ) ) ;
#3491 = AXIS2_PLACEMENT_3D ( 'NONE', #1912, #1590, #2912 ) ;
#3492 = ORIENTED_EDGE ( 'NONE', *, *, #1560, .F. ) ;
#3493 = DIRECTION ( 'NONE',  ( -0.000000000000000000, -0.000000000000000000, -1.000000000000000000 ) ) ;
#3494 = AXIS2_PLACEMENT_3D ( 'NONE', #717, #3015, #80 ) ;
#3495 = ORIENTED_EDGE ( 'NONE', *, *, #1038, .F. ) ;
#3496 = CARTESIAN_POINT ( 'NONE',  ( 38777.07014211834030, 38812.10041745018680, 11228.32068553693898 ) ) ;
#3497 = LINE ( 'NONE', #2196, #395 ) ;
#3498 = ORIENTED_EDGE ( 'NONE', *, *, #3574, .F. ) ;
#3499 = CIRCLE ( 'NONE', #3641, 29.35410264610283093 ) ;
#3500 = ORIENTED_EDGE ( 'NONE', *, *, #3916, .F. ) ;
#3501 = FACE_OUTER_BOUND ( 'NONE', #3133, .T. ) ;
#3502 = ORIENTED_EDGE ( 'NONE', *, *, #1010, .T. ) ;
#3503 = AXIS2_PLACEMENT_3D ( 'NONE', #2271, #2552, #3264 ) ;
#3504 = LINE ( 'NONE', #223, #780 ) ;
#3505 = CARTESIAN_POINT ( 'NONE',  ( 38831.13150074268196, 38787.73728905355529, 11228.32068553693898 ) ) ;
#3506 = EDGE_CURVE ( 'NONE', #171, #3435, #475, .T. ) ;
#3507 = ORIENTED_EDGE ( 'NONE', *, *, #2407, .T. ) ;
#3508 = CARTESIAN_POINT ( 'NONE',  ( 38787.73728905359167, 38799.63426448599057, 11228.32068553693898 ) ) ;
#3509 = ORIENTED_EDGE ( 'NONE', *, *, #3194, .T. ) ;
#3510 = ADVANCED_FACE ( 'NONE', ( #1678 ), #3307, .F. ) ;
#3511 = DIRECTION ( 'NONE',  ( 0.8660254037845107611, -0.4999999999998750444, 0.000000000000000000 ) ) ;
#3512 = EDGE_CURVE ( 'NONE', #861, #1855, #1141, .T. ) ;
#3513 = FACE_OUTER_BOUND ( 'NONE', #1930, .T. ) ;
#3514 = VERTEX_POINT ( 'NONE', #3045 ) ;
#3515 = EDGE_CURVE ( 'NONE', #2718, #3238, #806, .T. ) ;
#3516 = DIRECTION ( 'NONE',  ( -0.2588190451025316197, -0.9659258262890653146, 0.000000000000000000 ) ) ;
#3517 = DIRECTION ( 'NONE',  ( -1.000000000000000000, 0.000000000000000000, 0.000000000000000000 ) ) ;
#3518 = ORIENTED_EDGE ( 'NONE', *, *, #3574, .T. ) ;
#3519 = ORIENTED_EDGE ( 'NONE', *, *, #3151, .T. ) ;
#3520 = DIRECTION ( 'NONE',  ( -1.000000000000000000, 0.000000000000000000, 0.000000000000000000 ) ) ;
#3521 = VERTEX_POINT ( 'NONE', #2367 ) ;
#3522 = DIRECTION ( 'NONE',  ( -0.000000000000000000, -0.000000000000000000, -1.000000000000000000 ) ) ;
#3523 = DIRECTION ( 'NONE',  ( 0.000000000000000000, -0.000000000000000000, -1.000000000000000000 ) ) ;
#3524 = FACE_OUTER_BOUND ( 'NONE', #3029, .T. ) ;
#3525 = ORIENTED_EDGE ( 'NONE', *, *, #3954, .F. ) ;
#3526 = ORIENTED_EDGE ( 'NONE', *, *, #1953, .F. ) ;
#3527 = CIRCLE ( 'NONE', #1802, 1.006105236832866012 ) ;
#3528 = CARTESIAN_POINT ( 'NONE',  ( 38795.92423717839119, 38805.65841512297629, 11220.32068553694080 ) ) ;
#3529 = FACE_OUTER_BOUND ( 'NONE', #4026, .T. ) ;
#3530 = CARTESIAN_POINT ( 'NONE',  ( 38775.77188780606230, 38806.06992174658080, 11228.32068553693898 ) ) ;
#3531 = EDGE_CURVE ( 'NONE', #1793, #2492, #104, .T. ) ;
#3532 = DIRECTION ( 'NONE',  ( -1.000000000000000000, 0.000000000000000000, 0.000000000000000000 ) ) ;
#3533 = ORIENTED_EDGE ( 'NONE', *, *, #906, .F. ) ;
#3534 = CYLINDRICAL_SURFACE ( 'NONE', #1558, 29.35410264610283093 ) ;
#3535 = CARTESIAN_POINT ( 'NONE',  ( 38779.37249762127612, 38829.58866539047449, 11228.32068553693898 ) ) ;
#3536 = ORIENTED_EDGE ( 'NONE', *, *, #3646, .T. ) ;
#3537 = EDGE_CURVE ( 'NONE', #2132, #3822, #370, .T. ) ;
#3538 = ORIENTED_EDGE ( 'NONE', *, *, #1037, .T. ) ;
#3539 = FACE_OUTER_BOUND ( 'NONE', #4215, .T. ) ;
#3540 = ORIENTED_EDGE ( 'NONE', *, *, #3197, .F. ) ;
#3541 = CARTESIAN_POINT ( 'NONE',  ( 38815.88597186379775, 38783.38265718604816, 11228.32068553693898 ) ) ;
#3542 = CARTESIAN_POINT ( 'NONE',  ( 38829.58873113357549, 38779.37252229331352, 11228.32068553693898 ) ) ;
#3543 = ORIENTED_EDGE ( 'NONE', *, *, #3673, .T. ) ;
#3544 = CIRCLE ( 'NONE', #1682, 36.00013749699115806 ) ;
#3545 = EDGE_LOOP ( 'NONE', ( #3606, #935, #2217, #3467 ) ) ;
#3546 = CIRCLE ( 'NONE', #537, 38.99994794847572166 ) ;
#3547 = CIRCLE ( 'NONE', #871, 1.006105236836115635 ) ;
#3548 = CYLINDRICAL_SURFACE ( 'NONE', #4162, 38.99994794847572166 ) ;
#3549 = ORIENTED_EDGE ( 'NONE', *, *, #288, .F. ) ;
#3550 = AXIS2_PLACEMENT_3D ( 'NONE', #3586, #2941, #662 ) ;
#3551 = DIRECTION ( 'NONE',  ( -1.000000000000000000, 0.000000000000000000, 0.000000000000000000 ) ) ;
#3552 = VECTOR ( 'NONE', #778, 1000.000000000000000 ) ;
#3553 = STYLED_ITEM ( 'NONE', ( #3252 ), #2631 ) ;
#3554 = CIRCLE ( 'NONE', #1695, 38.99994794847572166 ) ;
#3555 = DIRECTION ( 'NONE',  ( -0.000000000000000000, -0.000000000000000000, -1.000000000000000000 ) ) ;
#3556 = VERTEX_POINT ( 'NONE', #1040 ) ;
#3557 = CIRCLE ( 'NONE', #4114, 1.006105236833839900 ) ;
#3558 = LINE ( 'NONE', #2565, #3838 ) ;
#3559 = CYLINDRICAL_SURFACE ( 'NONE', #4237, 29.35410264610283093 ) ;
#3560 = EDGE_CURVE ( 'NONE', #2714, #285, #2240, .T. ) ;
#3561 = VERTEX_POINT ( 'NONE', #2020 ) ;
#3562 = CIRCLE ( 'NONE', #1356, 36.00013749699115806 ) ;
#3563 = AXIS2_PLACEMENT_3D ( 'NONE', #903, #1586, #2926 ) ;
#3564 = ORIENTED_EDGE ( 'NONE', *, *, #1429, .F. ) ;
#3565 = VECTOR ( 'NONE', #4152, 1000.000000000000000 ) ;
#3566 = AXIS2_PLACEMENT_3D ( 'NONE', #2124, #1235, #545 ) ;
#3567 = CARTESIAN_POINT ( 'NONE',  ( 38839.93343035454018, 38786.73199279840628, 11220.32068553694080 ) ) ;
#3568 = ADVANCED_FACE ( 'NONE', ( #4063 ), #2686, .F. ) ;
#3569 = ORIENTED_EDGE ( 'NONE', *, *, #774, .F. ) ;
#3570 = CIRCLE ( 'NONE', #1023, 36.00013749698843668 ) ;
#3571 = DIRECTION ( 'NONE',  ( -0.000000000000000000, -0.000000000000000000, 1.000000000000000000 ) ) ;
#3572 = CARTESIAN_POINT ( 'NONE',  ( 38784.60654307162622, 38823.29901491291821, 11220.32068553694080 ) ) ;
#3573 = CYLINDRICAL_SURFACE ( 'NONE', #1959, 1.006105236832866012 ) ;
#3574 = EDGE_CURVE ( 'NONE', #1227, #3729, #3324, .T. ) ;
#3575 = VERTEX_POINT ( 'NONE', #88 ) ;
#3576 = ORIENTED_EDGE ( 'NONE', *, *, #3061, .T. ) ;
#3577 = DIRECTION ( 'NONE',  ( 0.000000000000000000, 0.000000000000000000, -1.000000000000000000 ) ) ;
#3578 = ORIENTED_EDGE ( 'NONE', *, *, #3594, .T. ) ;
#3579 = FACE_OUTER_BOUND ( 'NONE', #7, .T. ) ;
#3580 = PLANE ( 'NONE',  #1676 ) ;
#3581 = ORIENTED_EDGE ( 'NONE', *, *, #2299, .T. ) ;
#3582 = FACE_OUTER_BOUND ( 'NONE', #1054, .T. ) ;
#3583 = CARTESIAN_POINT ( 'NONE',  ( 38831.14212275873433, 38844.18086174770724, 11228.32068553693898 ) ) ;
#3584 = ORIENTED_EDGE ( 'NONE', *, *, #1795, .T. ) ;
#3585 = ORIENTED_EDGE ( 'NONE', *, *, #1818, .F. ) ;
#3586 = CARTESIAN_POINT ( 'NONE',  ( 38829.11024244048167, 38851.28864812273241, 11228.32068553693898 ) ) ;
#3587 = ORIENTED_EDGE ( 'NONE', *, *, #3090, .F. ) ;
#3588 = EDGE_CURVE ( 'NONE', #3871, #2779, #2661, .T. ) ;
#3589 = DIRECTION ( 'NONE',  ( -1.000000000000000000, 0.000000000000000000, 0.000000000000000000 ) ) ;
#3590 = DIRECTION ( 'NONE',  ( -0.000000000000000000, -0.000000000000000000, -1.000000000000000000 ) ) ;
#3591 = DIRECTION ( 'NONE',  ( 0.000000000000000000, 0.000000000000000000, -1.000000000000000000 ) ) ;
#3592 = VERTEX_POINT ( 'NONE', #2069 ) ;
#3593 = VERTEX_POINT ( 'NONE', #123 ) ;
#3594 = EDGE_CURVE ( 'NONE', #1227, #2197, #2383, .T. ) ;
#3595 = EDGE_CURVE ( 'NONE', #3561, #2219, #2051, .T. ) ;
#3596 = DIRECTION ( 'NONE',  ( -1.000000000000000000, 0.000000000000000000, 0.000000000000000000 ) ) ;
#3597 = VERTEX_POINT ( 'NONE', #3390 ) ;
#3598 = CYLINDRICAL_SURFACE ( 'NONE', #4174, 29.35410264610283093 ) ;
#3599 = DIRECTION ( 'NONE',  ( -0.000000000000000000, -0.000000000000000000, -1.000000000000000000 ) ) ;
#3600 = ORIENTED_EDGE ( 'NONE', *, *, #3876, .F. ) ;
#3601 = DIRECTION ( 'NONE',  ( 0.000000000000000000, 0.000000000000000000, -1.000000000000000000 ) ) ;
#3602 = LINE ( 'NONE', #2283, #189 ) ;
#3603 = VERTEX_POINT ( 'NONE', #1423 ) ;
#3604 = VERTEX_POINT ( 'NONE', #708 ) ;
#3605 = CARTESIAN_POINT ( 'NONE',  ( 38800.20343417891127, 38850.27043089272047, 11220.32068553694080 ) ) ;
#3606 = ORIENTED_EDGE ( 'NONE', *, *, #3779, .F. ) ;
#3607 = DIRECTION ( 'NONE',  ( 1.000000000000000000, 0.000000000000000000, 0.000000000000000000 ) ) ;
#3608 = DIRECTION ( 'NONE',  ( 0.000000000000000000, 0.000000000000000000, -1.000000000000000000 ) ) ;
#3609 = CYLINDRICAL_SURFACE ( 'NONE', #1346, 38.99994794847572166 ) ;
#3610 = ORIENTED_EDGE ( 'NONE', *, *, #883, .F. ) ;
#3611 = ORIENTED_EDGE ( 'NONE', *, *, #899, .F. ) ;
#3612 = ADVANCED_FACE ( 'NONE', ( #450 ), #1741, .T. ) ;
#3613 = AXIS2_PLACEMENT_3D ( 'NONE', #1439, #2760, #1114 ) ;
#3614 = VERTEX_POINT ( 'NONE', #867 ) ;
#3615 = AXIS2_PLACEMENT_3D ( 'NONE', #124, #3351, #3734 ) ;
#3616 = FACE_OUTER_BOUND ( 'NONE', #2262, .T. ) ;
#3617 = EDGE_CURVE ( 'NONE', #2637, #1571, #1178, .T. ) ;
#3618 = AXIS2_PLACEMENT_3D ( 'NONE', #3863, #911, #2566 ) ;
#3619 = CARTESIAN_POINT ( 'NONE',  ( 0.000000000000000000, 0.000000000000000000, 11232.32068553693898 ) ) ;
#3620 = VECTOR ( 'NONE', #1206, 1000.000000000000000 ) ;
#3621 = VERTEX_POINT ( 'NONE', #472 ) ;
#3622 = DIRECTION ( 'NONE',  ( -1.000000000000000000, 0.000000000000000000, 0.000000000000000000 ) ) ;
#3623 = AXIS2_PLACEMENT_3D ( 'NONE', #1176, #229, #2518 ) ;
#3624 = DIRECTION ( 'NONE',  ( 0.000000000000000000, -0.000000000000000000, -1.000000000000000000 ) ) ;
#3625 = EDGE_LOOP ( 'NONE', ( #715, #2474, #2, #1626 ) ) ;
#3626 =( GEOMETRIC_REPRESENTATION_CONTEXT ( 3 ) GLOBAL_UNCERTAINTY_ASSIGNED_CONTEXT ( ( #2054 ) ) GLOBAL_UNIT_ASSIGNED_CONTEXT ( ( #1308, #3942, #2989 ) ) REPRESENTATION_CONTEXT ( 'NONE', 'WORKASPACE' ) );
#3627 = AXIS2_PLACEMENT_3D ( 'NONE', #3605, #2569, #24 ) ;
#3628 = AXIS2_PLACEMENT_3D ( 'NONE', #399, #2991, #718 ) ;
#3629 = ORIENTED_EDGE ( 'NONE', *, *, #3932, .T. ) ;
#3630 = LINE ( 'NONE', #1958, #341 ) ;
#3631 = VECTOR ( 'NONE', #810, 1000.000000000000000 ) ;
#3632 = ORIENTED_EDGE ( 'NONE', *, *, #372, .T. ) ;
#3633 = AXIS2_PLACEMENT_3D ( 'NONE', #1994, #1409, #2734 ) ;
#3634 = CARTESIAN_POINT ( 'NONE',  ( 38848.38921327944990, 38815.88597186376865, 11220.32068553694080 ) ) ;
#3635 = DIRECTION ( 'NONE',  ( -1.000000000000000000, 0.000000000000000000, 0.000000000000000000 ) ) ;
#3636 = CARTESIAN_POINT ( 'NONE',  ( 38777.41299409794738, 38822.27567234946764, 11228.32068553693898 ) ) ;
#3637 = FACE_OUTER_BOUND ( 'NONE', #2380, .T. ) ;
#3638 = ORIENTED_EDGE ( 'NONE', *, *, #2239, .F. ) ;
#3639 = CIRCLE ( 'NONE', #1770, 1.006105236833839900 ) ;
#3640 = CIRCLE ( 'NONE', #2879, 36.00013749699115806 ) ;
#3641 = AXIS2_PLACEMENT_3D ( 'NONE', #1727, #74, #3312 ) ;
#3642 = ADVANCED_FACE ( 'NONE', ( #233 ), #1462, .T. ) ;
#3643 = DIRECTION ( 'NONE',  ( 0.000000000000000000, -0.000000000000000000, -1.000000000000000000 ) ) ;
#3644 = CARTESIAN_POINT ( 'NONE',  ( 38780.37771343635541, 38832.01547722378746, 11220.32068553694080 ) ) ;
#3645 = CARTESIAN_POINT ( 'NONE',  ( 38799.63432793282846, 38787.73725242252112, 11228.32068553693898 ) ) ;
#3646 = EDGE_CURVE ( 'NONE', #125, #1615, #2520, .T. ) ;
#3647 = CARTESIAN_POINT ( 'NONE',  ( 38816.82115252786025, 38783.75371630956943, 11228.32068553693898 ) ) ;
#3648 = ORIENTED_EDGE ( 'NONE', *, *, #2583, .T. ) ;
#3649 = DIRECTION ( 'NONE',  ( 0.000000000000000000, -0.000000000000000000, -1.000000000000000000 ) ) ;
#3650 = VERTEX_POINT ( 'NONE', #2133 ) ;
#3651 = EDGE_CURVE ( 'NONE', #293, #3713, #4101, .T. ) ;
#3652 = EDGE_CURVE ( 'NONE', #1316, #4231, #1526, .T. ) ;
#3653 = ORIENTED_EDGE ( 'NONE', *, *, #3245, .F. ) ;
#3654 = CARTESIAN_POINT ( 'NONE',  ( 38822.27567234949674, 38854.35887636755069, 11228.32068553693898 ) ) ;
#3655 = DIRECTION ( 'NONE',  ( -0.000000000000000000, -0.000000000000000000, 1.000000000000000000 ) ) ;
#3656 = ORIENTED_EDGE ( 'NONE', *, *, #1918, .T. ) ;
#3657 = DIRECTION ( 'NONE',  ( 0.000000000000000000, 0.000000000000000000, 1.000000000000000000 ) ) ;
#3658 = CARTESIAN_POINT ( 'NONE',  ( 38848.01815415592864, 38816.82115252783115, 11228.32068553693898 ) ) ;
#3659 = CARTESIAN_POINT ( 'NONE',  ( 38825.70194871891727, 38775.77188780604047, 11228.32068553693898 ) ) ;
#3660 = CARTESIAN_POINT ( 'NONE',  ( 38787.73728905359167, 38799.63426448599057, 11228.32068553693898 ) ) ;
#3661 = ORIENTED_EDGE ( 'NONE', *, *, #2848, .T. ) ;
#3662 = CYLINDRICAL_SURFACE ( 'NONE', #3494, 3.999999999997783107 ) ;
#3663 = CYLINDRICAL_SURFACE ( 'NONE', #1760, 36.00013749699115806 ) ;
#3664 = CARTESIAN_POINT ( 'NONE',  ( 38854.35886486268282, 38822.27574162066594, 11220.32068553694080 ) ) ;
#3665 = CARTESIAN_POINT ( 'NONE',  ( 38788.52622601289477, 38799.00990383554017, 11228.32068553693898 ) ) ;
#3666 = ORIENTED_EDGE ( 'NONE', *, *, #25, .F. ) ;
#3668 = ADVANCED_FACE ( 'NONE', ( #848 ), #2524, .F. ) ;
#3667 = AXIS2_PLACEMENT_3D ( 'NONE', #1174, #2493, #3813 ) ;
#3669 = ORIENTED_EDGE ( 'NONE', *, *, #3176, .T. ) ;
#3670 = DIRECTION ( 'NONE',  ( 0.000000000000000000, -0.000000000000000000, 1.000000000000000000 ) ) ;
#3671 = CARTESIAN_POINT ( 'NONE',  ( 38780.37774247794005, 38799.75632930852589, 11228.32068553693898 ) ) ;
#3672 = EDGE_LOOP ( 'NONE', ( #1039, #1306, #2775, #1668 ) ) ;
#3673 = EDGE_CURVE ( 'NONE', #586, #1426, #494, .T. ) ;
#3674 = DIRECTION ( 'NONE',  ( 0.8660254037843759800, 0.5000000000001085798, 0.000000000000000000 ) ) ;
#3675 = CARTESIAN_POINT ( 'NONE',  ( 38787.59104534882499, 38800.62968425995496, 11228.32068553693898 ) ) ;
#3676 = CARTESIAN_POINT ( 'NONE',  ( 38832.13760597951477, 38787.73728905355529, 11228.32068553693898 ) ) ;
#3677 = VERTEX_POINT ( 'NONE', #532 ) ;
#3678 = DIRECTION ( 'NONE',  ( 0.000000000000000000, -0.000000000000000000, -1.000000000000000000 ) ) ;
#3679 = DIRECTION ( 'NONE',  ( -0.000000000000000000, 0.000000000000000000, 1.000000000000000000 ) ) ;
#3680 = CIRCLE ( 'NONE', #3405, 1.006105236834714756 ) ;
#3681 = LINE ( 'NONE', #1696, #266 ) ;
#3682 = CIRCLE ( 'NONE', #596, 36.00013749698843668 ) ;
#3683 = DIRECTION ( 'NONE',  ( -1.000000000000000000, 0.000000000000000000, 0.000000000000000000 ) ) ;
#3684 = CARTESIAN_POINT ( 'NONE',  ( 38825.10571599000832, 38785.09064716615103, 11228.32068553693898 ) ) ;
#3685 = ORIENTED_EDGE ( 'NONE', *, *, #2154, .F. ) ;
#3686 = AXIS2_PLACEMENT_3D ( 'NONE', #3320, #3342, #2976 ) ;
#3687 = AXIS2_PLACEMENT_3D ( 'NONE', #1013, #2261, #3256 ) ;
#3688 = VECTOR ( 'NONE', #1025, 1000.000000000000000 ) ;
#3689 = ORIENTED_EDGE ( 'NONE', *, *, #2939, .T. ) ;
#3690 = VECTOR ( 'NONE', #2495, 1000.000000000000000 ) ;
#3691 = EDGE_CURVE ( 'NONE', #1434, #4193, #2086, .T. ) ;
#3692 = CIRCLE ( 'NONE', #3337, 29.35410264610433018 ) ;
#3693 = CARTESIAN_POINT ( 'NONE',  ( 38788.52622601289477, 38799.00990383554017, 11228.32068553693898 ) ) ;
#3694 = CARTESIAN_POINT ( 'NONE',  ( 38794.17423717839119, 38805.65841512297629, 11232.32068553693898 ) ) ;
#3695 = VERTEX_POINT ( 'NONE', #2827 ) ;
#3696 = AXIS2_PLACEMENT_3D ( 'NONE', #600, #2876, #2595 ) ;
#3697 = AXIS2_PLACEMENT_3D ( 'NONE', #141, #1473, #2422 ) ;
#3698 = AXIS2_PLACEMENT_3D ( 'NONE', #3302, #2774, #4089 ) ;
#3699 = CARTESIAN_POINT ( 'NONE',  ( 38843.02851280614414, 38799.63432793279935, 11228.32068553693898 ) ) ;
#3700 = EDGE_CURVE ( 'NONE', #228, #334, #270, .T. ) ;
#3701 = CARTESIAN_POINT ( 'NONE',  ( 38800.62968425999134, 38844.18082511667308, 11220.32068553694080 ) ) ;
#3702 = CARTESIAN_POINT ( 'NONE',  ( 38777.07014211834030, 38812.10041745018680, 11228.32068553693898 ) ) ;
#3703 = AXIS2_PLACEMENT_3D ( 'NONE', #2089, #907, #4157 ) ;
#3704 = VERTEX_POINT ( 'NONE', #1119 ) ;
#3705 = CARTESIAN_POINT ( 'NONE',  ( 38780.48322234275838, 38829.11024244044529, 11228.32068553693898 ) ) ;
#3706 = CARTESIAN_POINT ( 'NONE',  ( 38793.19974122671556, 38784.16319037193171, 11228.32068553693898 ) ) ;
#3707 = AXIS2_PLACEMENT_3D ( 'NONE', #565, #137, #2491 ) ;
#3708 = DIRECTION ( 'NONE',  ( -0.000000000000000000, -0.000000000000000000, -1.000000000000000000 ) ) ;
#3709 = CARTESIAN_POINT ( 'NONE',  ( 38825.10571599000832, 38785.09064716615103, 11228.32068553693898 ) ) ;
#3710 = DIRECTION ( 'NONE',  ( 0.2588190451017443605, 0.9659258262892763680, 0.000000000000000000 ) ) ;
#3711 = CARTESIAN_POINT ( 'NONE',  ( 38832.01554115696490, 38780.37774247791094, 11220.32068553694080 ) ) ;
#3712 = CIRCLE ( 'NONE', #1846, 1.006105236832866012 ) ;
#3713 = VERTEX_POINT ( 'NONE', #3799 ) ;
#3714 = DIRECTION ( 'NONE',  ( -1.000000000000000000, 0.000000000000000000, 0.000000000000000000 ) ) ;
#3715 = DIRECTION ( 'NONE',  ( -1.000000000000000000, 0.000000000000000000, 0.000000000000000000 ) ) ;
#3716 = ORIENTED_EDGE ( 'NONE', *, *, #2803, .F. ) ;
#3717 = DIRECTION ( 'NONE',  ( -0.000000000000000000, -0.000000000000000000, -1.000000000000000000 ) ) ;
#3718 = DIRECTION ( 'NONE',  ( -1.000000000000000000, 0.000000000000000000, 0.000000000000000000 ) ) ;
#3719 = CYLINDRICAL_SURFACE ( 'NONE', #3296, 36.00013749699115806 ) ;
#3720 = ORIENTED_EDGE ( 'NONE', *, *, #906, .T. ) ;
#3721 = EDGE_CURVE ( 'NONE', #3215, #2396, #3213, .T. ) ;
#3722 = CARTESIAN_POINT ( 'NONE',  ( 38814.95057594475657, 38808.44449027880910, 11232.32068553693898 ) ) ;
#3723 = CARTESIAN_POINT ( 'NONE',  ( 38838.86924945241481, 38792.90267281718843, 11228.32068553693898 ) ) ;
#3724 = DIRECTION ( 'NONE',  ( -0.000000000000000000, -0.000000000000000000, 1.000000000000000000 ) ) ;
#3725 = DIRECTION ( 'NONE',  ( -1.000000000000000000, 0.000000000000000000, 0.000000000000000000 ) ) ;
#3726 = EDGE_CURVE ( 'NONE', #3323, #332, #408, .T. ) ;
#3727 = EDGE_CURVE ( 'NONE', #382, #982, #2430, .T. ) ;
#3728 = DIRECTION ( 'NONE',  ( 0.000000000000000000, 0.000000000000000000, -1.000000000000000000 ) ) ;
#3729 = VERTEX_POINT ( 'NONE', #2113 ) ;
#3730 = CARTESIAN_POINT ( 'NONE',  ( 38787.73725242255023, 38832.13754253266961, 11220.32068553694080 ) ) ;
#3731 = ORIENTED_EDGE ( 'NONE', *, *, #725, .T. ) ;
#3732 = AXIS2_PLACEMENT_3D ( 'NONE', #3180, #3465, #264 ) ;
#3733 = DIRECTION ( 'NONE',  ( -1.000000000000000000, 0.000000000000000000, 0.000000000000000000 ) ) ;
#3734 = DIRECTION ( 'NONE',  ( -1.000000000000000000, 0.000000000000000000, 0.000000000000000000 ) ) ;
#3735 = ORIENTED_EDGE ( 'NONE', *, *, #259, .T. ) ;
#3736 = DIRECTION ( 'NONE',  ( -1.000000000000000000, 0.000000000000000000, 0.000000000000000000 ) ) ;
#3737 = DIRECTION ( 'NONE',  ( -1.000000000000000000, 0.000000000000000000, 0.000000000000000000 ) ) ;
#3738 = DIRECTION ( 'NONE',  ( -1.000000000000000000, 0.000000000000000000, 0.000000000000000000 ) ) ;
#3739 = VERTEX_POINT ( 'NONE', #1143 ) ;
#3740 = CARTESIAN_POINT ( 'NONE',  ( 38832.76190318314912, 38843.24568108364474, 11228.32068553693898 ) ) ;
#3741 = CARTESIAN_POINT ( 'NONE',  ( 38796.15022008902451, 38802.16764278195478, 11238.32068553693898 ) ) ;
#3742 = DIRECTION ( 'NONE',  ( 0.7071067811870409558, 0.7071067811860541896, 0.000000000000000000 ) ) ;
#3743 = ADVANCED_FACE ( 'NONE', ( #1806 ), #3437, .F. ) ;
#3744 = FACE_OUTER_BOUND ( 'NONE', #650, .T. ) ;
#3745 = DIRECTION ( 'NONE',  ( -0.000000000000000000, -0.000000000000000000, 1.000000000000000000 ) ) ;
#3746 = ORIENTED_EDGE ( 'NONE', *, *, #1393, .F. ) ;
#3747 = EDGE_CURVE ( 'NONE', #4129, #4085, #3426, .T. ) ;
#3748 = DIRECTION ( 'NONE',  ( -1.000000000000000000, 0.000000000000000000, 0.000000000000000000 ) ) ;
#3749 = CIRCLE ( 'NONE', #463, 1.006105236832866012 ) ;
#3750 = ORIENTED_EDGE ( 'NONE', *, *, #4221, .T. ) ;
#3751 = CARTESIAN_POINT ( 'NONE',  ( 38823.29908567867824, 38784.60656203320832, 11228.32068553693898 ) ) ;
#3752 = AXIS2_PLACEMENT_3D ( 'NONE', #2871, #349, #1 ) ;
#3753 = DIRECTION ( 'NONE',  ( -0.000000000000000000, -0.000000000000000000, -1.000000000000000000 ) ) ;
#3754 = ORIENTED_EDGE ( 'NONE', *, *, #601, .T. ) ;
#3755 = VECTOR ( 'NONE', #2028, 1000.000000000000000 ) ;
#3756 = CIRCLE ( 'NONE', #809, 36.00013749698946697 ) ;
#3757 = FACE_OUTER_BOUND ( 'NONE', #2194, .T. ) ;
#3758 = DIRECTION ( 'NONE',  ( -1.000000000000000000, 0.000000000000000000, 0.000000000000000000 ) ) ;
#3759 = AXIS2_PLACEMENT_3D ( 'NONE', #1020, #3670, #2333 ) ;
#3760 = CARTESIAN_POINT ( 'NONE',  ( 38845.03987766709179, 38839.93343035451107, 11220.32068553694080 ) ) ;
#3761 = DIRECTION ( 'NONE',  ( 0.000000000000000000, 0.000000000000000000, -1.000000000000000000 ) ) ;
#3762 = ORIENTED_EDGE ( 'NONE', *, *, #1608, .F. ) ;
#3763 = CIRCLE ( 'NONE', #271, 1.006105236832866012 ) ;
#3764 = CIRCLE ( 'NONE', #201, 15.00000000000056843 ) ;
#3765 = CIRCLE ( 'NONE', #1281, 1.006105236832866012 ) ;
#3766 = CYLINDRICAL_SURFACE ( 'NONE', #820, 38.99994794847572166 ) ;
#3767 = CARTESIAN_POINT ( 'NONE',  ( 38819.67145301531127, 38777.07014211831120, 11228.32068553693898 ) ) ;
#3768 = FACE_OUTER_BOUND ( 'NONE', #1707, .T. ) ;
#3769 = AXIS2_PLACEMENT_3D ( 'NONE', #162, #4073, #2445 ) ;
#3770 = CIRCLE ( 'NONE', #948, 36.00013749699115806 ) ;
#3771 = ORIENTED_EDGE ( 'NONE', *, *, #2426, .F. ) ;
#3772 = LINE ( 'NONE', #2373, #200 ) ;
#3773 = ADVANCED_FACE ( 'NONE', ( #2810 ), #4127, .T. ) ;
#3774 = CIRCLE ( 'NONE', #3365, 30.00000000000113687 ) ;
#3775 = DIRECTION ( 'NONE',  ( -1.000000000000000000, 0.000000000000000000, 0.000000000000000000 ) ) ;
#3776 = ORIENTED_EDGE ( 'NONE', *, *, #2752, .F. ) ;
#3777 = DIRECTION ( 'NONE',  ( 0.000000000000000000, 0.000000000000000000, -1.000000000000000000 ) ) ;
#3778 = AXIS2_PLACEMENT_3D ( 'NONE', #2728, #1665, #1965 ) ;
#3779 = EDGE_CURVE ( 'NONE', #1486, #2335, #3239, .T. ) ;
#3780 = ORIENTED_EDGE ( 'NONE', *, *, #3560, .T. ) ;
#3781 = DIRECTION ( 'NONE',  ( -0.000000000000000000, -0.000000000000000000, -1.000000000000000000 ) ) ;
#3782 = CARTESIAN_POINT ( 'NONE',  ( 38779.37249762128340, 38829.58866539048176, 11220.32068553694080 ) ) ;
#3783 = ORIENTED_EDGE ( 'NONE', *, *, #1219, .F. ) ;
#3784 = EDGE_CURVE ( 'NONE', #3604, #293, #2039, .T. ) ;
#3785 = ADVANCED_FACE ( 'NONE', ( #3582 ), #3534, .T. ) ;
#3786 = EDGE_CURVE ( 'NONE', #3556, #1333, #1313, .T. ) ;
#3787 = ORIENTED_EDGE ( 'NONE', *, *, #2716, .T. ) ;
#3788 = LINE ( 'NONE', #3178, #1961 ) ;
#3789 = DIRECTION ( 'NONE',  ( -0.000000000000000000, 0.000000000000000000, 1.000000000000000000 ) ) ;
#3790 = ORIENTED_EDGE ( 'NONE', *, *, #2249, .F. ) ;
#3791 = DIRECTION ( 'NONE',  ( 0.000000000000000000, 0.000000000000000000, -1.000000000000000000 ) ) ;
#3792 = DIRECTION ( 'NONE',  ( -0.4999999999959848784, -0.8660254037867567423, 0.000000000000000000 ) ) ;
#3793 = VERTEX_POINT ( 'NONE', #1951 ) ;
#3794 = VERTEX_POINT ( 'NONE', #3879 ) ;
#3795 = CARTESIAN_POINT ( 'NONE',  ( 38777.07013530250697, 38819.67138312675525, 11228.32068553693898 ) ) ;
#3796 = ORIENTED_EDGE ( 'NONE', *, *, #1338, .T. ) ;
#3797 = FACE_OUTER_BOUND ( 'NONE', #4104, .T. ) ;
#3798 = VERTEX_POINT ( 'NONE', #2195 ) ;
#3799 = CARTESIAN_POINT ( 'NONE',  ( 38837.94559844076139, 38792.50377865045448, 11220.32068553694080 ) ) ;
#3800 = FACE_OUTER_BOUND ( 'NONE', #3153, .T. ) ;
#3801 = EDGE_CURVE ( 'NONE', #892, #2242, #2281, .T. ) ;
#3802 = ORIENTED_EDGE ( 'NONE', *, *, #2166, .T. ) ;
#3803 = EDGE_LOOP ( 'NONE', ( #722, #2226, #1657, #1894 ) ) ;
#3804 = LINE ( 'NONE', #580, #2657 ) ;
#3805 = DIRECTION ( 'NONE',  ( 1.000000000000000000, 0.000000000000000000, -0.000000000000000000 ) ) ;
#3806 = EDGE_CURVE ( 'NONE', #125, #3592, #3558, .T. ) ;
#3807 = ORIENTED_EDGE ( 'NONE', *, *, #2979, .F. ) ;
#3808 = DIRECTION ( 'NONE',  ( -1.000000000000000000, 0.000000000000000000, 0.000000000000000000 ) ) ;
#3809 = CARTESIAN_POINT ( 'NONE',  ( 38785.09062820456165, 38825.10564522425557, 11220.32068553694080 ) ) ;
#3810 = EDGE_CURVE ( 'NONE', #892, #2018, #344, .T. ) ;
#3811 = ORIENTED_EDGE ( 'NONE', *, *, #1338, .F. ) ;
#3812 = ORIENTED_EDGE ( 'NONE', *, *, #2538, .T. ) ;
#3813 = DIRECTION ( 'NONE',  ( 0.9659258262895762392, 0.2588190451006249782, 0.000000000000000000 ) ) ;
#3814 = ORIENTED_EDGE ( 'NONE', *, *, #2622, .F. ) ;
#3815 = CARTESIAN_POINT ( 'NONE',  ( 38794.46198997678584, 38780.58005057619448, 11220.32068553694080 ) ) ;
#3816 = ORIENTED_EDGE ( 'NONE', *, *, #4047, .F. ) ;
#3817 = DIRECTION ( 'NONE',  ( -0.000000000000000000, -0.000000000000000000, 1.000000000000000000 ) ) ;
#3818 = DIRECTION ( 'NONE',  ( -1.000000000000000000, 0.000000000000000000, 0.000000000000000000 ) ) ;
#3819 = EDGE_LOOP ( 'NONE', ( #602, #2389, #3453, #3669 ) ) ;
#3820 = VECTOR ( 'NONE', #2738, 1000.000000000000000 ) ;
#3821 = ADVANCED_FACE ( 'NONE', ( #1931 ), #3258, .T. ) ;
#3822 = VERTEX_POINT ( 'NONE', #3280 ) ;
#3823 = AXIS2_PLACEMENT_3D ( 'NONE', #4064, #1082, #70 ) ;
#3824 = CARTESIAN_POINT ( 'NONE',  ( 38815.88593523276359, 38815.88593523273448, 11238.32068553693898 ) ) ;
#3825 = ORIENTED_EDGE ( 'NONE', *, *, #462, .F. ) ;
#3826 = VECTOR ( 'NONE', #2015, 1000.000000000000000 ) ;
#3827 = VECTOR ( 'NONE', #291, 1000.000000000000000 ) ;
#3828 = EDGE_CURVE ( 'NONE', #2655, #625, #302, .T. ) ;
#3829 = LINE ( 'NONE', #4115, #2048 ) ;
#3830 = DIRECTION ( 'NONE',  ( -1.000000000000000000, 0.000000000000000000, 0.000000000000000000 ) ) ;
#3831 = VECTOR ( 'NONE', #2171, 1000.000000000000000 ) ;
#3832 = CARTESIAN_POINT ( 'NONE',  ( 38848.38921327944990, 38815.88597186376865, 11228.32068553693898 ) ) ;
#3833 = ORIENTED_EDGE ( 'NONE', *, *, #2929, .T. ) ;
#3834 = AXIS2_PLACEMENT_3D ( 'NONE', #258, #3884, #306 ) ;
#3835 = AXIS2_PLACEMENT_3D ( 'NONE', #3048, #1403, #2725 ) ;
#3836 = EDGE_CURVE ( 'NONE', #1142, #3739, #2527, .T. ) ;
#3837 = DIRECTION ( 'NONE',  ( -0.000000000000000000, -0.000000000000000000, -1.000000000000000000 ) ) ;
#3838 = VECTOR ( 'NONE', #4250, 1000.000000000000000 ) ;
#3839 = VERTEX_POINT ( 'NONE', #890 ) ;
#3840 = DIRECTION ( 'NONE',  ( -1.000000000000000000, 0.000000000000000000, 0.000000000000000000 ) ) ;
#3841 = CIRCLE ( 'NONE', #689, 3.000000000000113687 ) ;
#3842 = DIRECTION ( 'NONE',  ( -0.9659258262892763680, -0.2588190451017443605, 0.000000000000000000 ) ) ;
#3843 = EDGE_LOOP ( 'NONE', ( #2627, #174, #585, #4207 ) ) ;
#3844 = DIRECTION ( 'NONE',  ( 0.7071067811854582219, 0.7071067811876368125, 0.000000000000000000 ) ) ;
#3845 = DIRECTION ( 'NONE',  ( -0.000000000000000000, -0.000000000000000000, 1.000000000000000000 ) ) ;
#3846 = EDGE_LOOP ( 'NONE', ( #1852, #2179, #1398, #3122 ) ) ;
#3847 = ORIENTED_EDGE ( 'NONE', *, *, #1244, .T. ) ;
#3848 = CARTESIAN_POINT ( 'NONE',  ( 38825.70194871891727, 38775.77188780604047, 11228.32068553693898 ) ) ;
#3849 = ORIENTED_EDGE ( 'NONE', *, *, #2019, .F. ) ;
#3850 = AXIS2_PLACEMENT_3D ( 'NONE', #3484, #630, #2900 ) ;
#3851 = CARTESIAN_POINT ( 'NONE',  ( 38824.29843800236995, 38784.49018900920782, 11228.32068553693898 ) ) ;
#3852 = CARTESIAN_POINT ( 'NONE',  ( 38847.16532739390095, 38808.47285555254348, 11228.32068553693898 ) ) ;
#3853 = LINE ( 'NONE', #1237, #672 ) ;
#3854 = VERTEX_POINT ( 'NONE', #2546 ) ;
#3855 = ADVANCED_FACE ( 'NONE', ( #910 ), #2213, .T. ) ;
#3856 = FACE_OUTER_BOUND ( 'NONE', #3396, .T. ) ;
#3857 = CARTESIAN_POINT ( 'NONE',  ( 38774.59816958913143, 38816.78667374543147, 11228.32068553693898 ) ) ;
#3858 = CARTESIAN_POINT ( 'NONE',  ( 38846.27557621947199, 38824.29843800234084, 11228.32068553693898 ) ) ;
#3859 = EDGE_CURVE ( 'NONE', #3677, #4201, #878, .T. ) ;
#3860 = DIRECTION ( 'NONE',  ( -1.000000000000000000, 0.000000000000000000, 0.000000000000000000 ) ) ;
#3861 = VERTEX_POINT ( 'NONE', #658 ) ;
#3862 = DIRECTION ( 'NONE',  ( -1.000000000000000000, 0.000000000000000000, 0.000000000000000000 ) ) ;
#3863 = CARTESIAN_POINT ( 'NONE',  ( 38781.50143957277760, 38800.20343417888216, 11228.32068553693898 ) ) ;
#3864 = EDGE_LOOP ( 'NONE', ( #1956, #3974, #1728, #3940 ) ) ;
#3865 = ORIENTED_EDGE ( 'NONE', *, *, #3171, .F. ) ;
#3866 = CARTESIAN_POINT ( 'NONE',  ( 38807.47350322888087, 38784.49017004758207, 11228.32068553693898 ) ) ;
#3867 = VERTEX_POINT ( 'NONE', #621 ) ;
#3868 = CYLINDRICAL_SURFACE ( 'NONE', #4189, 36.00013749699115806 ) ;
#3869 = FACE_OUTER_BOUND ( 'NONE', #557, .T. ) ;
#3870 = ORIENTED_EDGE ( 'NONE', *, *, #3385, .T. ) ;
#3871 = VERTEX_POINT ( 'NONE', #1865 ) ;
#3872 = EDGE_CURVE ( 'NONE', #1711, #1057, #3764, .T. ) ;
#3873 = FACE_OUTER_BOUND ( 'NONE', #3672, .T. ) ;
#3874 = DIRECTION ( 'NONE',  ( -1.000000000000000000, 0.000000000000000000, 0.000000000000000000 ) ) ;
#3875 = FACE_OUTER_BOUND ( 'NONE', #3951, .T. ) ;
#3876 = EDGE_CURVE ( 'NONE', #1297, #2718, #1285, .T. ) ;
#3877 = DIRECTION ( 'NONE',  ( -0.000000000000000000, -0.000000000000000000, 1.000000000000000000 ) ) ;
#3878 = ORIENTED_EDGE ( 'NONE', *, *, #1302, .F. ) ;
#3879 = CARTESIAN_POINT ( 'NONE',  ( 38848.01815415592864, 38814.95079119970615, 11220.32068553694080 ) ) ;
#3880 = CARTESIAN_POINT ( 'NONE',  ( 38847.28170041791600, 38807.47350322885904, 11228.32068553693898 ) ) ;
#3881 = ORIENTED_EDGE ( 'NONE', *, *, #441, .T. ) ;
#3882 = EDGE_CURVE ( 'NONE', #3822, #3603, #1763, .T. ) ;
#3883 = ORIENTED_EDGE ( 'NONE', *, *, #1302, .T. ) ;
#3884 = DIRECTION ( 'NONE',  ( 0.000000000000000000, 0.000000000000000000, -1.000000000000000000 ) ) ;
#3885 = AXIS2_PLACEMENT_3D ( 'NONE', #1716, #740, #3775 ) ;
#3886 = ORIENTED_EDGE ( 'NONE', *, *, #1975, .T. ) ;
#3887 = VECTOR ( 'NONE', #748, 1000.000000000000000 ) ;
#3888 = CARTESIAN_POINT ( 'NONE',  ( 38847.38310804261710, 38815.88597186376865, 11228.32068553693898 ) ) ;
#3889 = DIRECTION ( 'NONE',  ( -0.000000000000000000, -0.000000000000000000, -1.000000000000000000 ) ) ;
#3890 = CARTESIAN_POINT ( 'NONE',  ( 38851.28864812276151, 38802.66162802502367, 11228.32068553693898 ) ) ;
#3891 = EDGE_LOOP ( 'NONE', ( #932, #433, #1115, #51 ) ) ;
#3892 = VERTEX_POINT ( 'NONE', #2587 ) ;
#3893 = VECTOR ( 'NONE', #2652, 1000.000000000000000 ) ;
#3894 = CIRCLE ( 'NONE', #2377, 38.99994794847572166 ) ;
#3895 = VECTOR ( 'NONE', #1262, 1000.000000000000000 ) ;
#3896 = VECTOR ( 'NONE', #1358, 1000.000000000000000 ) ;
#3897 = DIRECTION ( 'NONE',  ( 0.000000000000000000, 1.000000000000000000, 0.000000000000000000 ) ) ;
#3898 = CARTESIAN_POINT ( 'NONE',  ( 38815.88593523276359, 38815.88593523273448, 11228.32068553693898 ) ) ;
#3899 = AXIS2_PLACEMENT_3D ( 'NONE', #4079, #147, #1765 ) ;
#3900 = DIRECTION ( 'NONE',  ( -0.000000000000000000, -0.000000000000000000, 1.000000000000000000 ) ) ;
#3901 = CIRCLE ( 'NONE', #2593, 30.00000000000113687 ) ;
#3902 = AXIS2_PLACEMENT_3D ( 'NONE', #787, #3154, #4159 ) ;
#3903 = CARTESIAN_POINT ( 'NONE',  ( 38792.50372684637841, 38837.94554663662711, 11228.32068553693898 ) ) ;
#3904 = VERTEX_POINT ( 'NONE', #320 ) ;
#3905 = AXIS2_PLACEMENT_3D ( 'NONE', #1196, #2766, #572 ) ;
#3906 = DIRECTION ( 'NONE',  ( -1.000000000000000000, 0.000000000000000000, 0.000000000000000000 ) ) ;
#3907 = CARTESIAN_POINT ( 'NONE',  ( 38845.88593523276359, 38815.88593523273448, 11238.32068553693898 ) ) ;
#3908 = ORIENTED_EDGE ( 'NONE', *, *, #2484, .F. ) ;
#3909 = AXIS2_PLACEMENT_3D ( 'NONE', #2322, #397, #3036 ) ;
#3910 = ADVANCED_FACE ( 'NONE', ( #953 ), #1110, .F. ) ;
#3911 = VERTEX_POINT ( 'NONE', #1068 ) ;
#3912 = AXIS2_PLACEMENT_3D ( 'NONE', #4151, #2201, #1874 ) ;
#3913 = DIRECTION ( 'NONE',  ( -0.000000000000000000, -0.000000000000000000, 1.000000000000000000 ) ) ;
#3914 = EDGE_CURVE ( 'NONE', #2978, #3514, #1896, .T. ) ;
#3915 = ORIENTED_EDGE ( 'NONE', *, *, #2809, .F. ) ;
#3916 = EDGE_CURVE ( 'NONE', #3593, #892, #3288, .T. ) ;
#3917 = VECTOR ( 'NONE', #2122, 1000.000000000000000 ) ;
#3918 = CYLINDRICAL_SURFACE ( 'NONE', #3162, 29.35410264610283093 ) ;
#3919 = DIRECTION ( 'NONE',  ( -1.000000000000000000, 0.000000000000000000, 0.000000000000000000 ) ) ;
#3920 = CARTESIAN_POINT ( 'NONE',  ( 38838.57218635614117, 38784.16323121887399, 11228.32068553693898 ) ) ;
#3921 = EDGE_LOOP ( 'NONE', ( #3327, #1799, #3177, #2739 ) ) ;
#3922 = ORIENTED_EDGE ( 'NONE', *, *, #3960, .T. ) ;
#3923 = CARTESIAN_POINT ( 'NONE',  ( 38777.41300560284435, 38809.49612884479575, 11228.32068553693898 ) ) ;
#3924 = CARTESIAN_POINT ( 'NONE',  ( 38845.71771260981768, 38844.44387598898902, 11228.32068553693898 ) ) ;
#3925 = CARTESIAN_POINT ( 'NONE',  ( 38837.30988048874133, 38851.19181988927448, 11228.32068553693898 ) ) ;
#3926 = DIRECTION ( 'NONE',  ( -0.000000000000000000, 0.000000000000000000, -1.000000000000000000 ) ) ;
#3927 = ORIENTED_EDGE ( 'NONE', *, *, #2019, .T. ) ;
#3928 = DIRECTION ( 'NONE',  ( -0.000000000000000000, 0.000000000000000000, 1.000000000000000000 ) ) ;
#3929 = FACE_OUTER_BOUND ( 'NONE', #4122, .T. ) ;
#3930 = ORIENTED_EDGE ( 'NONE', *, *, #626, .F. ) ;
#3931 = ORIENTED_EDGE ( 'NONE', *, *, #3967, .F. ) ;
#3932 = EDGE_CURVE ( 'NONE', #2575, #586, #3554, .T. ) ;
#3933 = CARTESIAN_POINT ( 'NONE',  ( 38783.38265718608454, 38815.88589860170032, 11220.32068553694080 ) ) ;
#3934 = ORIENTED_EDGE ( 'NONE', *, *, #3199, .T. ) ;
#3935 = EDGE_CURVE ( 'NONE', #3575, #1265, #4113, .T. ) ;
#3936 = DIRECTION ( 'NONE',  ( 0.9046540855989201324, 0.4261466712402922075, 0.000000000000000000 ) ) ;
#3937 = CARTESIAN_POINT ( 'NONE',  ( 38844.18086174773634, 38800.62974770676374, 11228.32068553693898 ) ) ;
#3938 = CARTESIAN_POINT ( 'NONE',  ( 38783.75371630959853, 38816.82107926576282, 11228.32068553693898 ) ) ;
#3939 = ORIENTED_EDGE ( 'NONE', *, *, #3329, .T. ) ;
#3940 = ORIENTED_EDGE ( 'NONE', *, *, #1321, .T. ) ;
#3941 = EDGE_CURVE ( 'NONE', #2915, #3022, #440, .T. ) ;
#3942 =( NAMED_UNIT ( * ) PLANE_ANGLE_UNIT ( ) SI_UNIT ( $, .RADIAN. ) );
#3943 = CARTESIAN_POINT ( 'NONE',  ( 38838.57212923881161, 38847.60868009354454, 11220.32068553694080 ) ) ;
#3944 = DIRECTION ( 'NONE',  ( -0.9659258262890432212, -0.2588190451026145533, 0.000000000000000000 ) ) ;
#3945 = AXIS2_PLACEMENT_3D ( 'NONE', #2168, #587, #4121 ) ;
#3946 = CARTESIAN_POINT ( 'NONE',  ( 38785.88593523276359, 38815.88593523273448, 11238.32068553693898 ) ) ;
#3947 = ORIENTED_EDGE ( 'NONE', *, *, #571, .T. ) ;
#3948 = DIRECTION ( 'NONE',  ( -1.000000000000000000, 0.000000000000000000, 0.000000000000000000 ) ) ;
#3949 = DIRECTION ( 'NONE',  ( -1.000000000000000000, 0.000000000000000000, 0.000000000000000000 ) ) ;
#3950 = VERTEX_POINT ( 'NONE', #112 ) ;
#3951 = EDGE_LOOP ( 'NONE', ( #3600, #2075, #967, #1941 ) ) ;
#3952 = DIRECTION ( 'NONE',  ( -1.000000000000000000, 0.000000000000000000, 0.000000000000000000 ) ) ;
#3953 = EDGE_LOOP ( 'NONE', ( #3807, #1630, #3762, #3771 ) ) ;
#3954 = EDGE_CURVE ( 'NONE', #257, #2921, #745, .T. ) ;
#3955 = CARTESIAN_POINT ( 'NONE',  ( 38847.16530843228247, 38823.29908567864913, 11220.32068553694080 ) ) ;
#3956 = DIRECTION ( 'NONE',  ( -0.000000000000000000, -0.000000000000000000, 1.000000000000000000 ) ) ;
#3957 = CARTESIAN_POINT ( 'NONE',  ( 38791.17423717839119, 38805.65841512297629, 11223.32068553694080 ) ) ;
#3958 = ORIENTED_EDGE ( 'NONE', *, *, #3041, .F. ) ;
#3959 = CIRCLE ( 'NONE', #328, 38.99994794847572166 ) ;
#3960 = EDGE_CURVE ( 'NONE', #71, #1486, #3146, .T. ) ;
#3961 = LINE ( 'NONE', #986, #2909 ) ;
#3962 = CARTESIAN_POINT ( 'NONE',  ( 38857.17370087639574, 38814.98519672003749, 11220.32068553694080 ) ) ;
#3963 = CIRCLE ( 'NONE', #1269, 36.00013749699115806 ) ;
#3964 = EDGE_CURVE ( 'NONE', #744, #3713, #4247, .T. ) ;
#3965 = ADVANCED_FACE ( 'NONE', ( #2711 ), #1411, .T. ) ;
#3966 = CIRCLE ( 'NONE', #1821, 29.35410264610283093 ) ;
#3967 = EDGE_CURVE ( 'NONE', #1817, #2242, #2942, .T. ) ;
#3968 = CIRCLE ( 'NONE', #1271, 38.99994794847572166 ) ;
#3969 = AXIS2_PLACEMENT_3D ( 'NONE', #703, #363, #2279 ) ;
#3970 = CARTESIAN_POINT ( 'NONE',  ( 38819.67138312679162, 38854.70173516299110, 11220.32068553694080 ) ) ;
#3971 = AXIS2_PLACEMENT_3D ( 'NONE', #3933, #914, #1642 ) ;
#3972 = EDGE_LOOP ( 'NONE', ( #943, #2293, #384, #1166 ) ) ;
#3973 = CARTESIAN_POINT ( 'NONE',  ( 38809.49619811603043, 38777.41299409792555, 11220.32068553694080 ) ) ;
#3974 = ORIENTED_EDGE ( 'NONE', *, *, #82, .F. ) ;
#3975 = AXIS2_PLACEMENT_3D ( 'NONE', #3384, #1352, #739 ) ;
#3976 = ORIENTED_EDGE ( 'NONE', *, *, #3319, .T. ) ;
#3977 = CARTESIAN_POINT ( 'NONE',  ( 38814.95079119973525, 38783.75371630956943, 11228.32068553693898 ) ) ;
#3978 = VECTOR ( 'NONE', #3217, 1000.000000000000000 ) ;
#3979 = AXIS2_PLACEMENT_3D ( 'NONE', #1670, #1350, #439 ) ;
#3980 = LINE ( 'NONE', #1101, #3887 ) ;
#3981 = ORIENTED_EDGE ( 'NONE', *, *, #858, .T. ) ;
#3982 = CIRCLE ( 'NONE', #819, 36.00013749699115806 ) ;
#3983 = CIRCLE ( 'NONE', #276, 1.006105236834714756 ) ;
#3984 = CARTESIAN_POINT ( 'NONE',  ( 38831.13143729586591, 38844.03461804294784, 11228.32068553693898 ) ) ;
#3985 = CARTESIAN_POINT ( 'NONE',  ( 38847.38310804261710, 38815.88597186376865, 11220.32068553694080 ) ) ;
#3986 = DIRECTION ( 'NONE',  ( -1.000000000000000000, 0.000000000000000000, 0.000000000000000000 ) ) ;
#3987 = DIRECTION ( 'NONE',  ( -0.000000000000000000, -0.000000000000000000, 1.000000000000000000 ) ) ;
#3988 = ORIENTED_EDGE ( 'NONE', *, *, #2426, .T. ) ;
#3989 = AXIS2_PLACEMENT_3D ( 'NONE', #2356, #1062, #1342 ) ;
#3990 = AXIS2_PLACEMENT_3D ( 'NONE', #2400, #2030, #3050 ) ;
#3991 = FILL_AREA_STYLE ('',( #2577 ) ) ;
#3992 = CARTESIAN_POINT ( 'NONE',  ( 38845.03987766709179, 38839.93343035451107, 11228.32068553693898 ) ) ;
#3993 = EDGE_CURVE ( 'NONE', #1922, #2729, #2178, .T. ) ;
#3994 = DIRECTION ( 'NONE',  ( -0.000000000000000000, 0.000000000000000000, -1.000000000000000000 ) ) ;
#3995 = CARTESIAN_POINT ( 'NONE',  ( 38779.37252229334263, 38802.18313933192258, 11228.32068553693898 ) ) ;
#3996 = EDGE_CURVE ( 'NONE', #2500, #3867, #3562, .T. ) ;
#3997 = DIRECTION ( 'NONE',  ( -1.000000000000000000, 0.000000000000000000, 0.000000000000000000 ) ) ;
#3998 = ORIENTED_EDGE ( 'NONE', *, *, #755, .F. ) ;
#3999 = CIRCLE ( 'NONE', #1032, 29.35410264609947717 ) ;
#4000 = ORIENTED_EDGE ( 'NONE', *, *, #3, .T. ) ;
#4001 = DIRECTION ( 'NONE',  ( -1.000000000000000000, 0.000000000000000000, 0.000000000000000000 ) ) ;
#4002 = CARTESIAN_POINT ( 'NONE',  ( 38777.41299409794738, 38822.27567234946764, 11220.32068553694080 ) ) ;
#4003 = VERTEX_POINT ( 'NONE', #1754 ) ;
#4004 = LINE ( 'NONE', #3699, #2036 ) ;
#4005 = DIRECTION ( 'NONE',  ( -0.9046540855989201324, -0.4261466712402922075, 0.000000000000000000 ) ) ;
#4006 = DIRECTION ( 'NONE',  ( -0.000000000000000000, -0.000000000000000000, -1.000000000000000000 ) ) ;
#4007 = ORIENTED_EDGE ( 'NONE', *, *, #3275, .T. ) ;
#4008 = CYLINDRICAL_SURFACE ( 'NONE', #3366, 1.006105236832866012 ) ;
#4009 = DIRECTION ( 'NONE',  ( 0.000000000000000000, 0.000000000000000000, -1.000000000000000000 ) ) ;
#4010 = CARTESIAN_POINT ( 'NONE',  ( 38843.02851280614414, 38799.63432793279935, 11228.32068553693898 ) ) ;
#4011 = EDGE_CURVE ( 'NONE', #427, #1858, #2458, .T. ) ;
#4012 = CARTESIAN_POINT ( 'NONE',  ( 38792.42423717839119, 38805.65841512297629, 11232.32068553693898 ) ) ;
#4013 = ORIENTED_EDGE ( 'NONE', *, *, #284, .T. ) ;
#4014 = CYLINDRICAL_SURFACE ( 'NONE', #1134, 38.99994794847572166 ) ;
#4015 = ORIENTED_EDGE ( 'NONE', *, *, #3489, .T. ) ;
#4016 = AXIS2_PLACEMENT_3D ( 'NONE', #2969, #2675, #675 ) ;
#4017 = ADVANCED_FACE ( 'NONE', ( #1130 ), #139, .F. ) ;
#4018 = ORIENTED_EDGE ( 'NONE', *, *, #3784, .T. ) ;
#4019 = CARTESIAN_POINT ( 'NONE',  ( 38780.58005057622358, 38837.30988048871222, 11228.32068553693898 ) ) ;
#4020 = LINE ( 'NONE', #1866, #3064 ) ;
#4021 = ORIENTED_EDGE ( 'NONE', *, *, #1212, .F. ) ;
#4022 = ADVANCED_FACE ( 'NONE', ( #3768 ), #823, .T. ) ;
#4023 = LINE ( 'NONE', #3984, #1011 ) ;
#4024 = LINE ( 'NONE', #2056, #261 ) ;
#4025 = CARTESIAN_POINT ( 'NONE',  ( 38793.94933902182675, 38785.11224309522368, 11228.32068553693898 ) ) ;
#4026 = EDGE_LOOP ( 'NONE', ( #2284, #1660, #2331, #2112 ) ) ;
#4027 = CYLINDRICAL_SURFACE ( 'NONE', #3422, 15.00000000000056843 ) ;
#4028 = DIRECTION ( 'NONE',  ( -0.000000000000000000, -0.000000000000000000, 1.000000000000000000 ) ) ;
#4029 = DIRECTION ( 'NONE',  ( 0.000000000000000000, 0.000000000000000000, -1.000000000000000000 ) ) ;
#4030 = VECTOR ( 'NONE', #1311, 1000.000000000000000 ) ;
#4031 = DIRECTION ( 'NONE',  ( 0.000000000000000000, 0.000000000000000000, 1.000000000000000000 ) ) ;
#4032 = VECTOR ( 'NONE', #3065, 1000.000000000000000 ) ;
#4033 = FACE_OUTER_BOUND ( 'NONE', #2483, .T. ) ;
#4034 = CARTESIAN_POINT ( 'NONE',  ( 38777.41300560284435, 38809.49612884479575, 11220.32068553694080 ) ) ;
#4035 = CIRCLE ( 'NONE', #2099, 1.006105236832866012 ) ;
#4036 = AXIS2_PLACEMENT_3D ( 'NONE', #2375, #1061, #712 ) ;
#4037 = VERTEX_POINT ( 'NONE', #686 ) ;
#4038 = CIRCLE ( 'NONE', #2665, 1.750000000001250555 ) ;
#4039 = DIRECTION ( 'NONE',  ( -1.000000000000000000, 0.000000000000000000, 0.000000000000000000 ) ) ;
#4040 = DIRECTION ( 'NONE',  ( -1.000000000000000000, 0.000000000000000000, 0.000000000000000000 ) ) ;
#4041 = ADVANCED_FACE ( 'NONE', ( #1978 ), #1653, .T. ) ;
#4042 = EDGE_LOOP ( 'NONE', ( #1775, #385, #4118, #506 ) ) ;
#4043 = AXIS2_PLACEMENT_3D ( 'NONE', #1850, #3409, #215 ) ;
#4044 = VECTOR ( 'NONE', #3428, 1000.000000000000000 ) ;
#4045 = AXIS2_PLACEMENT_3D ( 'NONE', #2421, #3425, #3948 ) ;
#4046 = LINE ( 'NONE', #390, #876 ) ;
#4047 = EDGE_CURVE ( 'NONE', #3861, #2978, #1899, .T. ) ;
#4048 = DIRECTION ( 'NONE',  ( 0.000000000000000000, 0.000000000000000000, -1.000000000000000000 ) ) ;
#4049 = PLANE ( 'NONE',  #1704 ) ;
#4050 = PRODUCT_CONTEXT ( 'NONE', #3128, 'mechanical' ) ;
#4051 = ADVANCED_FACE ( 'NONE', ( #2163 ), #2839, .F. ) ;
#4052 = VERTEX_POINT ( 'NONE', #205 ) ;
#4053 = CLOSED_SHELL ( 'NONE', ( #3095, #2506, #3255, #985, #46, #3743, #1667, #3910, #2300, #101, #4066, #1053, #3965, #4092, #4017, #3642, #779, #3458, #2501, #3224, #1190, #1640, #605, #4041, #4171, #3020, #655, #2795, #314, #1402, #2777, #2402, #4096, #230, #750, #2747, #2245, #1813, #4098, #1738, #3668, #2418, #2324, #3200, #3407, #1849, #1131, #3116, #3510, #3785, #1584, #424, #1137, #2988, #2460, #1164, #3612, #2507, #3355, #77, #2289, #1897, #317, #2187, #425, #3440, #2852, #965, #1534, #98, #21, #2267, #4125, #1506, #449, #1981, #295, #2064, #4051, #2701, #146, #3568, #3272, #1769, #345, #4165, #3855, #578, #2924, #3299, #1691, #1529, #4022, #1263, #386, #2135, #4194, #2027, #4169, #2825, #3773, #476, #2753, #3821, #2723, #3309, #1165, #1604, #2754, #2160, #978, #2080, #597, #1033, #733, #3406, #2005, #1355, #182, #1947, #2648, #2247, #857, #2592 ) ) ;
#4054 = LINE ( 'NONE', #1730, #150 ) ;
#4055 = DIRECTION ( 'NONE',  ( -0.000000000000000000, -0.000000000000000000, -1.000000000000000000 ) ) ;
#4056 = AXIS2_PLACEMENT_3D ( 'NONE', #3924, #3679, #2038 ) ;
#4057 = DIRECTION ( 'NONE',  ( 0.000000000000000000, -0.000000000000000000, 1.000000000000000000 ) ) ;
#4058 = CARTESIAN_POINT ( 'NONE',  ( 38783.38265718608454, 38815.88589860170032, 11228.32068553693898 ) ) ;
#4059 = AXIS2_PLACEMENT_3D ( 'NONE', #358, #1645, #2966 ) ;
#4060 = DIRECTION ( 'NONE',  ( 0.000000000000000000, -0.000000000000000000, -1.000000000000000000 ) ) ;
#4061 = DIRECTION ( 'NONE',  ( -0.000000000000000000, -0.000000000000000000, -1.000000000000000000 ) ) ;
#4062 = VERTEX_POINT ( 'NONE', #1215 ) ;
#4063 = FACE_OUTER_BOUND ( 'NONE', #1250, .T. ) ;
#4064 = CARTESIAN_POINT ( 'NONE',  ( 38831.56843628661591, 38781.50143957274850, 11220.32068553694080 ) ) ;
#4065 = ORIENTED_EDGE ( 'NONE', *, *, #1870, .T. ) ;
#4066 = ADVANCED_FACE ( 'NONE', ( #3524 ), #245, .F. ) ;
#4067 = CARTESIAN_POINT ( 'NONE',  ( -7916.820418269568108, 16806.38244925318941, 11232.32068553693898 ) ) ;
#4068 = CARTESIAN_POINT ( 'NONE',  ( 38812.27513171028841, 38778.26683796794532, 11220.32068553694080 ) ) ;
#4069 = DIRECTION ( 'NONE',  ( -1.000000000000000000, 0.000000000000000000, 0.000000000000000000 ) ) ;
#4070 = ORIENTED_EDGE ( 'NONE', *, *, #1259, .F. ) ;
#4071 = EDGE_CURVE ( 'NONE', #2897, #427, #2884, .T. ) ;
#4072 = DIRECTION ( 'NONE',  ( -1.000000000000000000, 0.000000000000000000, 0.000000000000000000 ) ) ;
#4073 = DIRECTION ( 'NONE',  ( -0.000000000000000000, -0.000000000000000000, 1.000000000000000000 ) ) ;
#4074 = CARTESIAN_POINT ( 'NONE',  ( 38814.95079119973525, 38783.75371630956943, 11228.32068553693898 ) ) ;
#4075 = CARTESIAN_POINT ( 'NONE',  ( 38823.38593523275631, 38815.88593523273448, 11232.32068553693898 ) ) ;
#4076 = ORIENTED_EDGE ( 'NONE', *, *, #1375, .F. ) ;
#4077 = CARTESIAN_POINT ( 'NONE',  ( 38776.23814436954854, 38827.44204190318123, 11220.32068553694080 ) ) ;
#4078 = EDGE_LOOP ( 'NONE', ( #746, #3451, #1518, #3091, #3268, #3833, #3124 ) ) ;
#4079 = CARTESIAN_POINT ( 'NONE',  ( 38774.59816958913143, 38816.78667374543147, 11228.32068553693898 ) ) ;
#4080 = FACE_OUTER_BOUND ( 'NONE', #3625, .T. ) ;
#4081 = ORIENTED_EDGE ( 'NONE', *, *, #3019, .T. ) ;
#4082 = FACE_BOUND ( 'NONE', #90, .T. ) ;
#4083 = LINE ( 'NONE', #4108, #1686 ) ;
#4084 = LINE ( 'NONE', #2092, #3917 ) ;
#4085 = VERTEX_POINT ( 'NONE', #2536 ) ;
#4086 = EDGE_CURVE ( 'NONE', #3323, #1490, #3853, .T. ) ;
#4087 = LINE ( 'NONE', #160, #1007 ) ;
#4088 = DIRECTION ( 'NONE',  ( 0.000000000000000000, 0.000000000000000000, -1.000000000000000000 ) ) ;
#4089 = DIRECTION ( 'NONE',  ( -1.000000000000000000, 0.000000000000000000, 0.000000000000000000 ) ) ;
#4090 = ORIENTED_EDGE ( 'NONE', *, *, #2564, .T. ) ;
#4091 = CARTESIAN_POINT ( 'NONE',  ( 38814.95071793766692, 38848.01815415589954, 11297.12068858869679 ) ) ;
#4092 = ADVANCED_FACE ( 'NONE', ( #4235 ), #31, .F. ) ;
#4093 = FACE_OUTER_BOUND ( 'NONE', #1442, .T. ) ;
#4094 = ORIENTED_EDGE ( 'NONE', *, *, #1739, .F. ) ;
#4095 = AXIS2_PLACEMENT_3D ( 'NONE', #3508, #272, #2841 ) ;
#4096 = ADVANCED_FACE ( 'NONE', ( #2273 ), #981, .T. ) ;
#4097 = CARTESIAN_POINT ( 'NONE',  ( 38777.07014211834030, 38812.10041745018680, 11220.32068553694080 ) ) ;
#4098 = ADVANCED_FACE ( 'NONE', ( #2573 ), #310, .T. ) ;
#4099 = AXIS2_PLACEMENT_3D ( 'NONE', #2721, #3028, #2003 ) ;
#4100 = ORIENTED_EDGE ( 'NONE', *, *, #2451, .F. ) ;
#4101 = LINE ( 'NONE', #3088, #3143 ) ;
#4102 = VECTOR ( 'NONE', #447, 1000.000000000000000 ) ;
#4103 = LINE ( 'NONE', #559, #2230 ) ;
#4104 = EDGE_LOOP ( 'NONE', ( #2522, #1136, #1362, #698 ) ) ;
#4105 = CIRCLE ( 'NONE', #57, 36.00013749699044752 ) ;
#4106 = CIRCLE ( 'NONE', #3281, 36.00013749699115806 ) ;
#4107 = AXIS2_PLACEMENT_3D ( 'NONE', #697, #2292, #1666 ) ;
#4108 = CARTESIAN_POINT ( 'NONE',  ( 38799.75632930855500, 38851.39412798755802, 11228.32068553693898 ) ) ;
#4109 = AXIS2_PLACEMENT_3D ( 'NONE', #2411, #1055, #4039 ) ;
#4110 = CARTESIAN_POINT ( 'NONE',  ( 38845.88593523276359, 38815.88593523273448, 11238.32068553693898 ) ) ;
#4111 = ORIENTED_EDGE ( 'NONE', *, *, #2276, .F. ) ;
#4112 = CIRCLE ( 'NONE', #813, 1.006105236832866012 ) ;
#4113 = CIRCLE ( 'NONE', #2244, 36.00013749698843668 ) ;
#4114 = AXIS2_PLACEMENT_3D ( 'NONE', #3092, #277, #2910 ) ;
#4115 = CARTESIAN_POINT ( 'NONE',  ( 38803.27848393021850, 38814.36864433972369, 11232.32068553693898 ) ) ;
#4116 = CARTESIAN_POINT ( 'NONE',  ( 38832.13754253269872, 38844.03461804294784, 11220.32068553694080 ) ) ;
#4117 = DIRECTION ( 'NONE',  ( -1.000000000000000000, 0.000000000000000000, 0.000000000000000000 ) ) ;
#4118 = ORIENTED_EDGE ( 'NONE', *, *, #1379, .F. ) ;
#4119 = CYLINDRICAL_SURFACE ( 'NONE', #3697, 36.00013749699115806 ) ;
#4120 = EDGE_CURVE ( 'NONE', #2963, #2222, #376, .T. ) ;
#4121 = DIRECTION ( 'NONE',  ( -1.000000000000000000, 0.000000000000000000, 0.000000000000000000 ) ) ;
#4122 = EDGE_LOOP ( 'NONE', ( #3219, #1258, #3250, #1307 ) ) ;
#4123 = LINE ( 'NONE', #3404, #337 ) ;
#4124 = AXIS2_PLACEMENT_3D ( 'NONE', #3676, #3378, #1687 ) ;
#4125 = ADVANCED_FACE ( 'NONE', ( #941 ), #964, .F. ) ;
#4126 = ORIENTED_EDGE ( 'NONE', *, *, #2059, .F. ) ;
#4127 = CYLINDRICAL_SURFACE ( 'NONE', #2801, 29.35410264610283093 ) ;
#4128 = DIRECTION ( 'NONE',  ( -0.000000000000000000, -0.000000000000000000, -1.000000000000000000 ) ) ;
#4129 = VERTEX_POINT ( 'NONE', #331 ) ;
#4130 = EDGE_LOOP ( 'NONE', ( #4227, #1284, #3379, #664 ) ) ;
#4131 = DIRECTION ( 'NONE',  ( -0.000000000000000000, -0.000000000000000000, -1.000000000000000000 ) ) ;
#4132 = DIRECTION ( 'NONE',  ( 1.000000000000000000, 0.000000000000000000, 0.000000000000000000 ) ) ;
#4133 = ORIENTED_EDGE ( 'NONE', *, *, #2119, .F. ) ;
#4134 = CARTESIAN_POINT ( 'NONE',  ( 38848.38921327944990, 38815.88597186376865, 11228.32068553693898 ) ) ;
#4135 = FACE_OUTER_BOUND ( 'NONE', #246, .T. ) ;
#4136 = ORIENTED_EDGE ( 'NONE', *, *, #931, .F. ) ;
#4137 = VERTEX_POINT ( 'NONE', #3920 ) ;
#4138 = CYLINDRICAL_SURFACE ( 'NONE', #1326, 7.499999999993178790 ) ;
#4139 = ORIENTED_EDGE ( 'NONE', *, *, #706, .T. ) ;
#4140 = DIRECTION ( 'NONE',  ( 0.4261466712402923185, -0.9046540855989201324, 0.000000000000000000 ) ) ;
#4141 = EDGE_CURVE ( 'NONE', #1230, #3871, #2584, .T. ) ;
#4142 = EDGE_LOOP ( 'NONE', ( #3101, #1702, #2439, #1014 ) ) ;
#4143 = DIRECTION ( 'NONE',  ( -1.000000000000000000, 0.000000000000000000, 0.000000000000000000 ) ) ;
#4144 = DIRECTION ( 'NONE',  ( 0.000000000000000000, 0.000000000000000000, -1.000000000000000000 ) ) ;
#4145 = VERTEX_POINT ( 'NONE', #2946 ) ;
#4146 = EDGE_CURVE ( 'NONE', #957, #1858, #1027, .T. ) ;
#4147 = ORIENTED_EDGE ( 'NONE', *, *, #2880, .T. ) ;
#4148 = CYLINDRICAL_SURFACE ( 'NONE', #4239, 38.99994794847572166 ) ;
#4149 = FACE_OUTER_BOUND ( 'NONE', #1389, .T. ) ;
#4150 = VERTEX_POINT ( 'NONE', #3957 ) ;
#4151 = CARTESIAN_POINT ( 'NONE',  ( 38815.88593523276359, 38815.88593523273448, 11228.32068553693898 ) ) ;
#4152 = DIRECTION ( 'NONE',  ( -0.000000000000000000, -0.000000000000000000, -1.000000000000000000 ) ) ;
#4153 = ORIENTED_EDGE ( 'NONE', *, *, #1659, .F. ) ;
#4154 = CYLINDRICAL_SURFACE ( 'NONE', #2224, 29.35410264610283093 ) ;
#4155 = ORIENTED_EDGE ( 'NONE', *, *, #2105, .T. ) ;
#4156 = DIRECTION ( 'NONE',  ( -0.7071067811865474617, 0.7071067811865474617, 0.000000000000000000 ) ) ;
#4157 = DIRECTION ( 'NONE',  ( -1.000000000000000000, 0.000000000000000000, 0.000000000000000000 ) ) ;
#4158 = ORIENTED_EDGE ( 'NONE', *, *, #3512, .F. ) ;
#4159 = DIRECTION ( 'NONE',  ( -1.000000000000000000, 0.000000000000000000, 0.000000000000000000 ) ) ;
#4160 = CARTESIAN_POINT ( 'NONE',  ( 38825.10571599001560, 38785.09064716615831, 11220.32068553694080 ) ) ;
#4161 = ORIENTED_EDGE ( 'NONE', *, *, #1578, .T. ) ;
#4162 = AXIS2_PLACEMENT_3D ( 'NONE', #2188, #1476, #3185 ) ;
#4163 = ORIENTED_EDGE ( 'NONE', *, *, #2939, .F. ) ;
#4164 = CIRCLE ( 'NONE', #2510, 36.00013749699115806 ) ;
#4165 = ADVANCED_FACE ( 'NONE', ( #10 ), #1305, .T. ) ;
#4166 = LINE ( 'NONE', #816, #3620 ) ;
#4167 = VERTEX_POINT ( 'NONE', #2252 ) ;
#4168 = VECTOR ( 'NONE', #3649, 1000.000000000000000 ) ;
#4169 = ADVANCED_FACE ( 'NONE', ( #3637 ), #3313, .T. ) ;
#4170 = AXIS2_PLACEMENT_3D ( 'NONE', #998, #2315, #2571 ) ;
#4171 = ADVANCED_FACE ( 'NONE', ( #2624 ), #3609, .T. ) ;
#4172 = DIRECTION ( 'NONE',  ( 0.4999999999959848784, 0.8660254037867567423, 0.000000000000000000 ) ) ;
#4173 = DIRECTION ( 'NONE',  ( -0.000000000000000000, 0.000000000000000000, -1.000000000000000000 ) ) ;
#4174 = AXIS2_PLACEMENT_3D ( 'NONE', #3187, #4202, #4245 ) ;
#4175 = ORIENTED_EDGE ( 'NONE', *, *, #1982, .T. ) ;
#4176 = VECTOR ( 'NONE', #3335, 1000.000000000000000 ) ;
#4177 = AXIS2_PLACEMENT_3D ( 'NONE', #67, #3027, #1364 ) ;
#4178 = VECTOR ( 'NONE', #507, 1000.000000000000000 ) ;
#4179 = CARTESIAN_POINT ( 'NONE',  ( 38829.58866539050359, 38852.39937284422194, 11228.32068553693898 ) ) ;
#4180 = AXIS2_PLACEMENT_3D ( 'NONE', #2613, #4225, #1636 ) ;
#4181 = EDGE_LOOP ( 'NONE', ( #1825, #726, #4204, #2366 ) ) ;
#4182 = DIRECTION ( 'NONE',  ( 0.000000000000000000, -0.000000000000000000, -1.000000000000000000 ) ) ;
#4183 = AXIS2_PLACEMENT_3D ( 'NONE', #3723, #458, #776 ) ;
#4184 = DIRECTION ( 'NONE',  ( -1.000000000000000000, 0.000000000000000000, -0.000000000000000000 ) ) ;
#4185 = ORIENTED_EDGE ( 'NONE', *, *, #3251, .T. ) ;
#4186 = DIRECTION ( 'NONE',  ( -0.000000000000000000, -0.000000000000000000, -1.000000000000000000 ) ) ;
#4187 = DIRECTION ( 'NONE',  ( 1.000000000000000000, 0.000000000000000000, 0.000000000000000000 ) ) ;
#4188 = ORIENTED_EDGE ( 'NONE', *, *, #1511, .T. ) ;
#4189 = AXIS2_PLACEMENT_3D ( 'NONE', #1279, #1579, #1938 ) ;
#4190 = CIRCLE ( 'NONE', #4124, 1.006105236833839900 ) ;
#4191 = ORIENTED_EDGE ( 'NONE', *, *, #2742, .T. ) ;
#4192 = DIRECTION ( 'NONE',  ( 0.000000000000000000, 0.000000000000000000, -1.000000000000000000 ) ) ;
#4193 = VERTEX_POINT ( 'NONE', #1967 ) ;
#4194 = ADVANCED_FACE ( 'NONE', ( #1646 ), #3573, .F. ) ;
#4195 = CARTESIAN_POINT ( 'NONE',  ( 38851.19181988930359, 38794.46198997675674, 11228.32068553693898 ) ) ;
#4196 = CYLINDRICAL_SURFACE ( 'NONE', #2948, 1.006105236832866012 ) ;
#4197 = ORIENTED_EDGE ( 'NONE', *, *, #267, .F. ) ;
#4198 = ORIENTED_EDGE ( 'NONE', *, *, #646, .F. ) ;
#4199 = EDGE_CURVE ( 'NONE', #1907, #1333, #1485, .T. ) ;
#4200 = DIRECTION ( 'NONE',  ( 0.000000000000000000, 0.000000000000000000, -1.000000000000000000 ) ) ;
#4201 = VERTEX_POINT ( 'NONE', #4214 ) ;
#4202 = DIRECTION ( 'NONE',  ( -0.000000000000000000, 0.000000000000000000, -1.000000000000000000 ) ) ;
#4203 = CARTESIAN_POINT ( 'NONE',  ( 38784.16319037196081, 38838.57212923878251, 11228.32068553693898 ) ) ;
#4204 = ORIENTED_EDGE ( 'NONE', *, *, #516, .F. ) ;
#4205 = DIRECTION ( 'NONE',  ( 1.000000000000000000, 0.000000000000000000, 0.000000000000000000 ) ) ;
#4206 = FACE_OUTER_BOUND ( 'NONE', #4130, .T. ) ;
#4207 = ORIENTED_EDGE ( 'NONE', *, *, #960, .T. ) ;
#4208 = ORIENTED_EDGE ( 'NONE', *, *, #236, .T. ) ;
#4209 = DIRECTION ( 'NONE',  ( -1.000000000000000000, 0.000000000000000000, 0.000000000000000000 ) ) ;
#4210 = ORIENTED_EDGE ( 'NONE', *, *, #2673, .F. ) ;
#4211 = PRODUCT_DEFINITION_CONTEXT ( 'detailed design', #2433, 'design' ) ;
#4212 = DIRECTION ( 'NONE',  ( 0.7071067811865474617, 0.7071067811865474617, 0.000000000000000000 ) ) ;
#4213 = CARTESIAN_POINT ( 'NONE',  ( 38799.00996728237806, 38788.52618938182422, 11228.32068553693898 ) ) ;
#4214 = CARTESIAN_POINT ( 'NONE',  ( 38809.49619811603043, 38777.41299409792555, 11228.32068553693898 ) ) ;
#4215 = EDGE_LOOP ( 'NONE', ( #977, #2116, #367, #3576 ) ) ;
#4216 = ORIENTED_EDGE ( 'NONE', *, *, #27, .F. ) ;
#4217 = CARTESIAN_POINT ( 'NONE',  ( 38799.75632930856227, 38851.39412798755802, 11220.32068553694080 ) ) ;
#4218 = CARTESIAN_POINT ( 'NONE',  ( 38812.27513171028841, 38778.26683796794532, 11228.32068553693898 ) ) ;
#4219 = EDGE_CURVE ( 'NONE', #1382, #2655, #2863, .T. ) ;
#4220 = LINE ( 'NONE', #2952, #1962 ) ;
#4221 = EDGE_CURVE ( 'NONE', #1344, #957, #1891, .T. ) ;
#4222 = CARTESIAN_POINT ( 'NONE',  ( 38813.07985736874252, 38793.56160037095106, 11232.32068553693898 ) ) ;
#4223 = ORIENTED_EDGE ( 'NONE', *, *, #877, .F. ) ;
#4224 = EDGE_CURVE ( 'NONE', #2551, #1325, #2034, .T. ) ;
#4225 = DIRECTION ( 'NONE',  ( -0.000000000000000000, -0.000000000000000000, 1.000000000000000000 ) ) ;
#4226 = CARTESIAN_POINT ( 'NONE',  ( 38800.20343417891127, 38850.27043089272047, 11228.32068553693898 ) ) ;
#4227 = ORIENTED_EDGE ( 'NONE', *, *, #521, .F. ) ;
#4228 = ORIENTED_EDGE ( 'NONE', *, *, #351, .F. ) ;
#4229 = CARTESIAN_POINT ( 'NONE',  ( 38831.13150074268196, 38787.73728905355529, 11228.32068553693898 ) ) ;
#4230 = VECTOR ( 'NONE', #2585, 1000.000000000000000 ) ;
#4231 = VERTEX_POINT ( 'NONE', #1088 ) ;
#4232 = AXIS2_PLACEMENT_3D ( 'NONE', #1792, #1105, #3113 ) ;
#4233 = CYLINDRICAL_SURFACE ( 'NONE', #2096, 38.99994794847572166 ) ;
#4234 = LINE ( 'NONE', #330, #2677 ) ;
#4235 = FACE_OUTER_BOUND ( 'NONE', #3921, .T. ) ;
#4236 = EDGE_LOOP ( 'NONE', ( #281, #3389, #2603, #75 ) ) ;
#4237 = AXIS2_PLACEMENT_3D ( 'NONE', #928, #321, #2236 ) ;
#4238 = VERTEX_POINT ( 'NONE', #2769 ) ;
#4239 = AXIS2_PLACEMENT_3D ( 'NONE', #153, #196, #3442 ) ;
#4240 = AXIS2_PLACEMENT_3D ( 'NONE', #1822, #804, #2109 ) ;
#4241 = AXIS2_PLACEMENT_3D ( 'NONE', #2408, #83, #3450 ) ;
#4242 = CARTESIAN_POINT ( 'NONE',  ( 38848.38921327944990, 38815.88597186376865, 11228.32068553693898 ) ) ;
#4243 = DIRECTION ( 'NONE',  ( -0.000000000000000000, -0.000000000000000000, -1.000000000000000000 ) ) ;
#4244 = CIRCLE ( 'NONE', #263, 29.35410264610283093 ) ;
#4245 = DIRECTION ( 'NONE',  ( -1.000000000000000000, 0.000000000000000000, 0.000000000000000000 ) ) ;
#4246 = EDGE_CURVE ( 'NONE', #1515, #429, #1202, .T. ) ;
#4247 = CIRCLE ( 'NONE', #2386, 1.006105236832866012 ) ;
#4248 = CARTESIAN_POINT ( 'NONE',  ( 38846.00956645631959, 38840.65613470491371, 11220.32068553694080 ) ) ;
#4249 = ORIENTED_EDGE ( 'NONE', *, *, #1869, .T. ) ;
#4250 = DIRECTION ( 'NONE',  ( 0.000000000000000000, -0.000000000000000000, -1.000000000000000000 ) ) ;
ENDSEC;
END-ISO-10303-21;
