Time_s,BottomArm_deg,MiddleArm_deg,TopArm_deg,Bicep_deg,Wrist_deg
0,0,0,0,0,0
0.02,-0.00209967113217224,-0.00239885897078647,0.00364209071903674,1.54145316699763e-05,-0.000280453446900661
0.04,-0.00693369089579524,-0.0192828479926174,0.0205481320796244,0.0033790839365103,-0.00206444350877314
0.06,0.00549119112919353,-0.0722289955132157,0.054529851508015,0.0203926105516346,-0.00502490155619255
0.08,0.0408974547328707,-0.153277578386778,0.0975868298141245,0.0481034512461521,-0.00776338577620608
0.1,0.0828677737740286,-0.22824794327343,0.130165593793355,0.0665993111857162,-0.0111817583383796
0.12,0.118829635783326,-0.280446951686607,0.14669212339469,0.0740124354829135,-0.0144530238701539
0.14,0.155821524834575,-0.32151899845559,0.144737882063115,0.0775332798226976,-0.016157517029379
0.16,0.185692588203657,-0.361728041964321,0.135502554995776,0.0747738971144766,-0.0171150133922345
0.18,0.199759718798774,-0.38756599070882,0.118666922292873,0.0564146494434214,-0.0181632835281812
0.2,0.20269519832616,-0.397806312699896,0.0979243397948066,0.0342925989845325,-0.0180365804145841
0.22,0.206483238255508,-0.404975931596746,0.0761693157791905,0.0267227060720362,-0.0157240277765525
0.24,0.206501710160536,-0.40742464768753,0.0542920003967279,0.0231566953635861,-0.0116742715967289
0.26,0.199889746406704,-0.402760818313528,0.0308911366273222,0.0189909834059379,-0.00664520927903475
0.28,0.191940361936683,-0.400754854567432,0.00803045850345955,0.0233030089505649,-0.00196750527958218
0.3,0.18025437842194,-0.403357018492237,-0.00606926037831553,0.0314111050177565,0.00173267871510793
0.32,0.165688556601075,-0.401062750022128,-0.0172986312955207,0.0397741024035276,0.00530864699277387
0.34,0.150474582294023,-0.392563844461821,-0.0303926007644623,0.0611152012541093,0.00964107333408105
0.36,0.136394105407181,-0.383905391877104,-0.0479051898264021,0.101529444744064,0.0138347022484709
0.38,0.134303005535345,-0.389006603445695,-0.0713429076562174,0.146687421280545,0.0169115485836245
0.4,0.133706717346618,-0.400390981210274,-0.0934084573337639,0.179995321217204,0.0187486404987975
0.42,0.128973760628889,-0.402942757901498,-0.112863384980538,0.195169803590446,0.02101216423382
0.44,0.128582908013193,-0.39835159563205,-0.122757582390771,0.207142245197741,0.0263938724540185
0.46,0.148476964803737,-0.411770678580513,-0.119748155403093,0.225260951704445,0.0344066052484798
0.48,0.175731379194286,-0.434417577615457,-0.110657945552508,0.238845293956599,0.0434173718518622
0.5,0.193005550082096,-0.445865269052029,-0.0993173136635244,0.243585705030318,0.0533104550762869
0.52,0.197675854330836,-0.443531881246812,-0.0810837551343771,0.237863888940797,0.0639765398777807
0.54,0.197483981236873,-0.432017143643227,-0.0568508436152385,0.225773531460233,0.0752031989795339
0.56,0.203882394162034,-0.421272710720571,-0.0297726951484478,0.218406463273495,0.0868437066465501
0.58,0.208338784889091,-0.403107083971087,0.00047575909315919,0.210490039541408,0.0989735748199212
0.6,0.204647641456371,-0.36663057800094,0.0320307980561067,0.196929892792147,0.112449647510108
0.62,0.195466983178079,-0.316337735294302,0.0660467654665272,0.18782485224071,0.127218810521924
0.64,0.182908725138994,-0.259562114656093,0.0994463164128501,0.185743205174126,0.141269038900275
0.66,0.168486481165194,-0.201897689511531,0.129696447966007,0.183077486415661,0.154061374748562
0.68,0.153287667232809,-0.145737917621717,0.156616838713083,0.176045773495038,0.165618557406782
0.7,0.138067947426419,-0.0906851814412596,0.182152561371429,0.176379471592204,0.175998894621855
0.72,0.12333163665042,-0.0380815479503526,0.206006509356116,0.183813988463696,0.185213648702821
0.74,0.10940364674844,0.0117529333582426,0.228540858481912,0.181584623960469,0.193197022366357
0.76,0.0964774567887013,0.0625949045297504,0.253940739715636,0.160274383614779,0.200466735146117
0.78,0.0846474072030493,0.115500416959819,0.283470029692518,0.136845700796701,0.206460783378719
0.8,0.0795486264817345,0.162551397330329,0.314345438379627,0.11749720828727,0.209208489042478
0.82,0.076559145812991,0.201792028614798,0.354485466909368,0.0873098470210088,0.207513809386623
0.84,0.0712322449994075,0.246828107819305,0.398605694763597,0.0433443786186626,0.203451436217757
0.86,0.065328515184505,0.296238053647289,0.442339018927607,0.0048229977106831,0.199671366627032
0.88,0.059228099932937,0.343565221363784,0.480981667510653,-0.0198906162428383,0.19688883988443
0.9,0.053194278912887,0.3859222599729,0.512928580093951,-0.0428658006078175,0.195461141085578
0.92,0.0474034393522493,0.425151038231824,0.540923426263151,-0.0682842354958665,0.196631309577748
0.94,0.0419661469444102,0.464317645537488,0.568653672331573,-0.0804298994045455,0.200912635364225
0.96,0.0369455308500843,0.504979779210898,0.598099524079588,-0.0715284451002628,0.207260988441485
0.98,0.0323659684671036,0.541921499161725,0.62435294728452,-0.0485403226636367,0.214205446789468
1,0.0279143518058342,0.568259066946388,0.64075839455,-0.0187384745088406,0.220321765856398
1.02,0.0157704017904393,0.592465186051905,0.656558768548843,0.0104941806161328,0.223504706021372
1.04,0.0127607155896947,0.616725023892397,0.67476471638571,0.040788943844273,0.22474535849523
1.06,0.0450227832823377,0.621736617723012,0.68590485144696,0.0821953493273511,0.226579892622268
1.08,0.0770972435316378,0.625309667869698,0.694887859310313,0.119940568338403,0.229483224846469
1.1,0.0960613931593202,0.633592802995533,0.704393025684702,0.141860564399414,0.234386733589654
1.12,0.108450728352437,0.645103856041104,0.715029240273861,0.158725332221507,0.241511041093801
1.14,0.138450092167041,0.638049447690443,0.721825644848049,0.176830244026517,0.250641790207839
1.16,0.16169787908083,0.636431022337299,0.731457599796158,0.184640447166179,0.261964728579069
1.18,0.171965407925107,0.650625139122354,0.74991921781598,0.176471366057378,0.276387788926579
1.2,0.174663960817438,0.678484352396519,0.777438291237189,0.163753939161941,0.293972283948892
1.22,0.192456997935991,0.697370138149599,0.805038455624655,0.158601368835987,0.312359745516309
1.24,0.21801065099012,0.712803930547711,0.836943223932598,0.159763609011224,0.330727356661428
1.26,0.229214212635617,0.750400063891316,0.881567186143627,0.159336136023492,0.351737318065826
1.28,0.229214630470608,0.807013566879937,0.938305031262104,0.154781564709104,0.378351880050913
1.3,0.221687723867966,0.875622420448274,1.00234851828579,0.14886669130381,0.410589869246059
1.32,0.220871617160554,0.94484267994118,1.06591696987246,0.142306326333933,0.448180776800629
1.34,0.218522273875874,1.02305499568648,1.13666662478472,0.136350718263193,0.49329963918935
1.36,0.209778826942152,1.11355460766245,1.21786037729276,0.125563847285265,0.545602712788745
1.38,0.197029978601149,1.21057788493664,1.30456659218515,0.107161491809133,0.601576693534919
1.4,0.182017286286149,1.30669725931371,1.38999728110442,0.0907304063737326,0.658213798788103
1.42,0.177553384867499,1.38562000040586,1.46537712488211,0.0873598644713807,0.7140676879136
1.44,0.191880787770728,1.4324683191059,1.52703985941,0.0947464915094926,0.766567991964461
1.46,0.200142626959232,1.47169504669754,1.57632142918147,0.0903683731567641,0.814074705794066
1.48,0.199118080794307,1.50900921689231,1.61642523334519,0.0728447090060562,0.857957046200694
1.5,0.194597318069551,1.53887552730624,1.64620680139383,0.0575836145218165,0.899464177125686
1.52,0.19004605802567,1.54913736144505,1.66561332658817,0.0432687452803961,0.937650633451526
1.54,0.180435812083854,1.55651652685373,1.67584065252245,0.0262709319465438,0.973085543169736
1.56,0.176749804472934,1.56111802668271,1.68426234346293,0.0281463848134854,1.00818706972548
1.58,0.194045519971041,1.54038009327524,1.68946723964569,0.0613718559542617,1.0412024330622
1.6,0.209556297406156,1.51909440778425,1.68783953402919,0.103717614746709,1.06971373201991
1.62,0.213814570161053,1.51031464295698,1.68647031343092,0.141376496733925,1.09470322437399
1.64,0.220441632891438,1.50610161062599,1.68720979867516,0.173903758732033,1.11945692077014
1.66,0.236868354679543,1.49768916045637,1.68712037397917,0.200371530279819,1.14713090691846
1.68,0.255664057615458,1.48420509768583,1.68521761490442,0.215130210144944,1.17639370393765
1.7,0.261298946629567,1.49203548559693,1.69470552764304,0.196984426350176,1.20724204890107
1.72,0.256501524985729,1.53969235802742,1.73585832408282,0.159526041742519,1.24390129896725
1.74,0.244901599076991,1.63031881160969,1.81440883773988,0.141450534432364,1.28795458131752
1.76,0.229106743410649,1.75376960256596,1.92218915692329,0.147999184498994,1.33854741194157
1.78,0.211016984522038,1.89945815335902,2.05007947736108,0.166440522638196,1.39413874044349
1.8,0.191981046143315,2.06163945100937,2.19333819975536,0.194904211585042,1.45270762812133
1.82,0.180192389056937,2.23463471125008,2.34869255574255,0.229995159922019,1.51424868507912
1.84,0.225552378634101,2.36619440287054,2.49926959597175,0.284186404154214,1.57737641750728
1.86,0.301408197305996,2.45900599406583,2.66137790725228,0.34763913821633,1.6375407578132
1.88,0.363985052166326,2.56707006220177,2.83616298369409,0.394277870218042,1.69390499965145
1.9,0.408404080894021,2.70659992431473,3.0171785618616,0.428443088421979,1.74855013467683
1.92,0.454267409564784,2.84675738706703,3.20151901825051,0.459429481070491,1.79957699017571
1.94,0.498750984022721,2.97754795780148,3.39191510846575,0.479082540954955,1.84468397829564
1.96,0.540908524533014,3.10802387306329,3.57495004983627,0.482677482741327,1.88649809447718
1.98,0.583578444712645,3.22882859406948,3.74494293013463,0.478778248309531,1.92674060798977
2,0.618130882943068,3.33395718038035,3.90842778218929,0.465572364633935,1.96309005048352
2.02,0.643333207630763,3.42376934578201,4.06757110615155,0.438872369198241,1.99456796328697
2.04,0.665341382698724,3.51342189667993,4.20711659182043,0.40062489638713,2.02273476931224
2.06,0.669058547508552,3.62489904247421,4.32818323160474,0.359111344400871,2.04946982840828
2.08,0.660324342067894,3.74947552974943,4.43483199328319,0.318908920874621,2.07521041867565
2.1,0.638201192959363,3.88471869273727,4.53296843721989,0.278987023068957,2.10017740884321
2.12,0.602449023720265,4.0297052119661,4.62733488649244,0.248514003232546,2.12563495885444
2.14,0.558726057159904,4.17747970136987,4.71685243596038,0.241010946857802,2.15143117894682
2.16,0.51108167935894,4.31997877495845,4.79780929238903,0.244002245280481,2.17525391347756
2.18,0.462365928082078,4.45640463205557,4.8722920735081,0.236977968127687,2.19589126189024
2.2,0.41453601858739,4.59010169494479,4.94545350367437,0.225933095472835,2.214027675009
2.22,0.368873673709881,4.72046637047213,5.01799459732975,0.23180855544392,2.2297806698769
2.24,0.326148016140262,4.84300429860816,5.08640154669417,0.253712964568667,2.24168144205817
2.26,0.286799669337485,4.95491281570324,5.14846210646923,0.279832151364464,2.24861836197937
2.28,0.25099520844944,5.05531720178524,5.20352382982171,0.3083807192204,2.25080377545347
2.3,0.218748017099083,5.14227898790453,5.24977142224023,0.334859718410089,2.24737760711832
2.32,0.189941540102715,5.21507809041124,5.2864116451634,0.347646696679956,2.23912413704976
2.34,0.164429730943188,5.27750094228407,5.31684288937764,0.352535597386069,2.22989464048143
2.36,0.152779461478973,5.32326564440892,5.33583111798548,0.366814249023937,2.22244980730731
2.38,0.14085265003002,5.35692338257352,5.34619558255971,0.384945083495963,2.21641476883579
2.4,0.128225374580415,5.37613810599731,5.34542744608025,0.393353363147611,2.21198650389931
2.42,0.115543704249204,5.38332186357892,5.33560376823679,0.382879452892457,2.20991863938797
2.44,0.103345090400948,5.38812313902318,5.32565029012816,0.355720132811748,2.21144080391642
2.46,0.109380939211144,5.38106680075932,5.32023850808781,0.326546666633899,2.21740352502198
2.48,0.15686609486256,5.33953763742651,5.31620484587228,0.307346799121318,2.22807196880904
2.5,0.2104123650952,5.30655926217827,5.31307013514704,0.297056119774014,2.24348927560043
2.52,0.239409942807837,5.30096928498241,5.32156039499228,0.280862313121027,2.26254463791441
2.54,0.260064928783231,5.30771679077319,5.33511062302476,0.248946357162508,2.28262688457544
2.56,0.300881868316686,5.30117585723183,5.3469481864478,0.210674495504427,2.30366848849194
2.58,0.366612620669372,5.27714201279609,5.35594841316978,0.172906886043185,2.32705486915387
2.6,0.453769460494218,5.23699609619356,5.36540597156656,0.138113897533428,2.35207623293438
2.62,0.560793372648944,5.18953925512999,5.38698209762098,0.105938932672191,2.37852846434804
2.64,0.687916273936033,5.14809410568974,5.44106351233471,0.0753659573063246,2.41348381453388
2.66,0.835443523901565,5.11266624694413,5.53349102283151,0.04563006718963,2.4655587634618
2.68,1.00427098019946,5.05445930586095,5.65443897820276,0.0168496087166064,2.53418174570676
2.7,1.19766471849711,4.92008971861137,5.78781145361885,-0.00927222198459176,2.61444251557368
2.72,1.42085629292898,4.6671273036097,5.92430700436793,-0.0308683174553949,2.70330559142639
2.74,1.68004886888916,4.2834414881003,6.07447751749337,-0.0470427467210684,2.80266241865745
2.76,1.9800720324669,3.75813047658594,6.24760234910038,-0.0560496464386708,2.91580762170197
2.78,2.32324705496971,3.05902160313736,6.42877316563626,-0.0549516467078942,3.04229649446115
2.8,2.7091035239745,2.14733903951425,6.59615519479559,-0.04183008228802,3.17791976517086
2.82,3.13493927177985,1.00536393364949,6.74117285140261,-0.0157403109338012,3.31957687225583
2.84,3.59431209959343,-0.372861313044424,6.86075257859858,0.0234619852877253,3.46226927652267
2.86,4.07672348438295,-1.97798382609465,6.95562076381873,0.0750780032808474,3.60193338379601
2.88,4.569678726269,-3.79042511278666,7.03242527035346,0.139456531728915,3.7383588771626
2.9,5.05854188478123,-5.79015699909047,7.1052328383439,0.217709428606382,3.87250251110279
2.92,5.52094271944332,-7.97005456938836,7.18069083194692,0.308849112752867,4.00064795741933
2.94,5.93019751427245,-10.314404575747,7.27006467293591,0.406852072793711,4.11552251853937
2.96,6.26104794568006,-12.7908134929404,7.3937852978963,0.50014572174566,4.20610158847627
2.98,6.48610904183507,-15.3462774705954,7.57018120355448,0.578776283648256,4.27297071398621
3,6.5811300762665,-17.9374267232584,7.81007113402598,0.644127556252897,4.3255327938416
3.02,6.53098078204699,-20.5572106733019,8.12325463127988,0.705830648154532,4.36496359838205
3.04,6.32865602719917,-23.1871921531108,8.51904615779746,0.772698924538549,4.38857173490181
3.06,5.97647131830693,-25.8035282557351,9.00316800062472,0.848506704658793,4.39386951226626
3.08,5.47820149494484,-28.3845432716923,9.57390958029763,0.930346950107228,4.38061093773112
3.1,4.83807743495575,-30.9158283666328,10.2238925500153,1.0072043959259,4.35087227856014
3.12,4.06008210970553,-33.3884585905623,10.9412777421424,1.07184688612376,4.3081992911208
3.14,3.15113860199095,-35.7957314389048,11.7128727512992,1.12332358855967,4.25839317005511
3.16,2.1177844244681,-38.1319110244934,12.5245707452396,1.15795382871842,4.20173339738321
3.18,0.976885361450069,-40.3883183985253,13.3644738495327,1.17158788284432,4.13655879444017
3.2,-0.244649189951378,-42.5525764411804,14.2214988547138,1.16624045201225,4.0670797604652
3.22,-1.51936065173202,-44.6125868328663,15.0849829641102,1.14956183586537,4.00169079149762
3.24,-2.83192114014291,-46.5639181924857,15.9429147288008,1.12407906225914,3.94094804514148
3.26,-4.16477066169799,-48.4010808072588,16.7844787105134,1.09093828276872,3.88363349608883
3.28,-5.49699361555743,-50.1172556341252,17.6015622739904,1.05475403351431,3.83350433253286
3.3,-6.80850473214409,-51.7079706697824,18.3859063161072,1.01777913316014,3.79180914738187
3.32,-8.07902024924741,-53.1692415597711,19.1305447163957,0.979470209940199,3.75698450491042
3.34,-9.28445996763947,-54.4962331881419,19.8308375762317,0.942802660618159,3.72945229481036
3.36,-10.4093716867468,-55.6896837050065,20.4836365506951,0.911333988859428,3.70825440352333
3.38,-11.4484592656441,-56.7555083736648,21.0873316461506,0.885065955732363,3.68959355691058
3.4,-12.3970036132509,-57.6996862392854,21.6401179981682,0.863699081872263,3.67253974992444
3.42,-13.2478391051872,-58.5263412378584,22.1408041320668,0.847568756729547,3.65849661906207
3.44,-14.0010151310823,-59.2441777981171,22.5907334004751,0.831740403972139,3.64738794157648
3.46,-14.6638918593083,-59.8638107290411,22.9910945124403,0.809307308216305,3.63819719088393
3.48,-15.2454298784538,-60.3953972961942,23.3437303185327,0.780507198736979,3.63053598782372
3.5,-15.7510185420258,-60.8482863338468,23.6518804651578,0.749956546849852,3.6260694691388
3.52,-16.1850301966082,-61.2306789077628,23.9197773101388,0.720425987639381,3.62531617029885
3.54,-16.5567212404941,-61.5508947266639,24.1517067298807,0.692619698742172,3.62734615614408
3.56,-16.8787226291702,-61.8177015295299,24.3562900340596,0.665055664824244,3.63138562624362
3.58,-17.1602938191332,-62.0391794704851,24.5370910030991,0.638414356602022,3.63615802893836
3.6,-17.4090436897237,-62.2243017425179,24.6977209001163,0.61493496131462,3.64101325789993
3.62,-17.63195774818,-62.3950369466354,24.855501144296,0.600271804363312,3.64467594005803
3.64,-17.834291622709,-62.5558474448909,25.0109119186721,0.594014843374087,3.64652164028214
3.66,-18.0171444605759,-62.7047184297002,25.1596185283653,0.596805915768691,3.6484112924632
3.68,-18.180414791791,-62.8407949783229,25.2992572986569,0.612362226986834,3.65055832817342
3.7,-18.3215915447841,-62.9637237396578,25.4290479595686,0.639991733081098,3.65459398127261
3.72,-18.4422250960762,-63.0746151743531,25.5486891929072,0.679430654475923,3.66065836895069
3.74,-18.5445859481534,-63.1747324364417,25.6589525920906,0.728639810306251,3.66875198483749
3.76,-18.6284862300704,-63.2641866314061,25.7613810560165,0.789337493687629,3.67995687258256
3.78,-18.6939918211158,-63.3416918795857,25.8568167215476,0.864424297231171,3.6949615025486
3.8,-18.7423164575812,-63.4060463429735,25.9458140635694,0.955564741628825,3.71413318330812
3.82,-18.7770254229686,-63.4570054445596,26.0289585848401,1.05860456218516,3.73639114725219
3.84,-18.8019721959167,-63.4946350783865,26.1062868749885,1.16709565902046,3.75985417423728
3.86,-18.8190890824444,-63.5205689936439,26.1794265740293,1.27265282351751,3.78385834276107
3.88,-18.8267456978976,-63.5351584143645,26.2489435462019,1.36921777035937,3.80825652896937
3.9,-18.8245719055593,-63.5390896959106,26.3144415491216,1.45442586170721,3.83203725957065
3.92,-18.8135234323552,-63.5342422613648,26.3757561006114,1.52552684035289,3.85536895975392
3.94,-18.7936390565347,-63.5225107151724,26.4327654761042,1.57233528323303,3.87954586947863
3.96,-18.7669986268974,-63.5052674685165,26.4842107128176,1.59235136181767,3.90223476215372
3.98,-18.7336061594843,-63.4833300954324,26.5290453698665,1.59008701224329,3.92184384124703
4,-18.6918256554671,-63.4577953934218,26.5679668083316,1.57630868127428,3.94020184915963
4.02,-18.6451812745322,-63.4306795007667,26.601279039974,1.55749905154014,3.95785878028345
4.04,-18.5975598935043,-63.4032365253019,26.6287313829768,1.53699922430771,3.97450365339357
4.06,-18.5491919131118,-63.3754580142254,26.6505295077208,1.51774411700188,3.99103407777972
4.08,-18.4982768276959,-63.3475056522118,26.6679863743603,1.50130562097273,4.00860863330771
4.1,-18.4451806653084,-63.3201002785251,26.682552075831,1.48796458229885,4.02595821621186
4.12,-18.3896710929474,-63.2935655466845,26.6959114267865,1.47811232228263,4.04230113775082
4.14,-18.3273622352234,-63.2672088540797,26.7097239904019,1.47821614869568,4.05893767694414
4.16,-18.254836984423,-63.2408440694334,26.725627846915,1.49384326648262,4.07580004119291
4.18,-18.1754134129658,-63.2148831756112,26.7427054102097,1.52022589489478,4.09115247362879
4.2,-18.0935045221246,-63.1895773211554,26.7590463390092,1.55713158227443,4.10563453361788
4.22,-18.0135778965173,-63.1656006483626,26.7742471744278,1.61047210322671,4.11865292101003
4.24,-17.9390304037658,-63.1431823716442,26.7887546224921,1.67379870758529,4.1282942847614
4.26,-17.868640752775,-63.1229258543329,26.803342898575,1.74285560778344,4.13627321812429
4.28,-17.8029335257594,-63.1051768503961,26.8181122977065,1.81606278452847,4.14364627428104
4.3,-17.7435619158254,-63.0896965040987,26.8323257214331,1.88868291477442,4.14963642709831
4.32,-17.6900756022297,-63.0766520844792,26.8461502171803,1.95721165332704,4.15466249501235
4.34,-17.6419899891843,-63.0666570614576,26.8600201154241,2.01871681784135,4.15855892800025
4.36,-17.5970782922839,-63.0592760743274,26.8741096258381,2.07399997108007,4.16153983751471
4.38,-17.5537849283301,-63.0539896805633,26.8886830260459,2.12791360666172,4.16421540747166
4.4,-17.5128851688596,-63.050312317805,26.9036306344544,2.17957501908023,4.1667457561634
4.42,-17.4732182312811,-63.0474079103117,26.9191064389484,2.2271701940145,4.16977415403574
4.44,-17.4314150055755,-63.0442232827026,26.9356913089384,2.2668078729435,4.1734712997443
4.46,-17.3884122949162,-63.0406716393828,26.9533529033267,2.29682838525118,4.17635471007
4.48,-17.3469527942557,-63.0365694117809,26.971349307928,2.32294123700053,4.17856273291001
4.5,-17.3072646695651,-63.0319916526508,26.9900643935121,2.35295605021094,4.18064683367646
4.52,-17.266302954131,-63.0271425137305,27.0113016554242,2.38334889787782,4.18229296697678
4.54,-17.2153933115201,-63.0272224167398,27.039417892949,2.41613038274971,4.18415146686636
4.56,-17.1525662155007,-63.0380331453223,27.0765758621239,2.45356641577345,4.18443650803941
4.58,-17.0823026303519,-63.0561518301489,27.1209922928836,2.49364296465147,4.1821790715532
4.6,-17.0071335303038,-63.0784153979891,27.1711660150564,2.53519527196184,4.17814318058182
4.62,-16.9242752239107,-63.0998991487909,27.2246612474134,2.57788526162121,4.17543663692697
4.64,-16.8292896203349,-63.1159997260908,27.2796542729508,2.62113289828691,4.17623722464886
4.66,-16.7239777855362,-63.1254586168239,27.3353148396971,2.66261693532849,4.17883119304469
4.68,-16.6152419245471,-63.1292560529644,27.391686152313,2.69925647573534,4.18001109166862
4.7,-16.5071815142098,-63.1275157441881,27.4482681174183,2.73075055731089,4.17937562200352
4.72,-16.3991843696852,-63.1194846352058,27.5045911331813,2.75895545204929,4.17887771873696
4.74,-16.2922074742591,-63.1051067645242,27.5605659317276,2.78402146928558,4.1791553811084
4.76,-16.1897322680481,-63.0858810843998,27.6166883595785,2.80568510082706,4.17932098276873
4.78,-16.0940517652974,-63.063756469537,27.673507695356,2.82384198823831,4.17810056405103
4.8,-16.0029310492954,-63.0394682988942,27.7312629110202,2.83906706485752,4.17710986299461
4.82,-15.9174227618976,-63.0145211944662,27.7894269265748,2.84232175100668,4.17770848472947
4.84,-15.8415630363049,-62.9906327513296,27.8465473498591,2.8338303612084,4.17872533804346
4.86,-15.7755293321751,-62.9685691309476,27.9021630536587,2.81708752420392,4.18068554239348
4.88,-15.7175853066805,-62.9489950383956,27.9560995683974,2.79142423996766,4.1844928352866
4.9,-15.6671637027435,-62.9323539108455,28.0072797388793,2.75801270417957,4.18941550548937
4.92,-15.6269689008244,-62.9191651208089,28.0538238946716,2.71478520205003,4.1938513141645
4.94,-15.5974334895051,-62.9099393393008,28.0953617673632,2.66307454089618,4.19827444153471
4.96,-15.576366193563,-62.9044255211168,28.132293982285,2.61204232394905,4.2042456322763
4.98,-15.561712353642,-62.9018430808652,28.1641188033304,2.56711995710286,4.21175665691797
5,-15.5516240031617,-62.9015949624992,28.1902528956293,2.52624725956793,4.21955323157143
5.02,-15.5428662471399,-62.9029415180206,28.2110045361169,2.4871592305665,4.22771538491551
5.04,-15.5333890137649,-62.9058115262123,28.2264222291412,2.45551955896781,4.2370334120917
5.06,-15.522498395099,-62.9104446537184,28.2369295700786,2.43871675007232,4.24634869883312
5.08,-15.5063872012609,-62.9167343505997,28.244720632659,2.43490978921783,4.25396877316391
5.1,-15.4838425073709,-62.9252084076321,28.2515242904084,2.43938938109214,4.2572629226488
5.12,-15.4551850521633,-62.9355808435158,28.257001533447,2.44804355631083,4.25552694853369
5.14,-15.4196987746113,-62.9491974094285,28.2609178636547,2.46068451760884,4.25055493382724
5.16,-15.380854366009,-62.9684491138005,28.26333731142,2.47683675283768,4.2425977805036
5.18,-15.34592519192,-62.9923482167815,28.2636450767401,2.49477395477488,4.23190350640716
5.2,-15.3180510276043,-63.0204223166741,28.2627428061871,2.51944516893164,4.21934740858894
5.22,-15.2962761869051,-63.0510940360263,28.2614238952821,2.55426289973842,4.20593254140738
5.24,-15.2773469845915,-63.0817646427539,28.2594988920195,2.59391299015023,4.19371678645645
5.26,-15.2620234270995,-63.1118593263956,28.257786238007,2.63592524874447,4.18309927477907
5.28,-15.2535163533946,-63.1420350428662,28.257243846208,2.68268167281308,4.17160103125522
5.3,-15.250339031334,-63.1725476934892,28.2588864788479,2.72879842801913,4.15826470972189
5.32,-15.2407034038228,-63.2059496711163,28.2613564960811,2.77740148800714,4.14578815102577
5.34,-15.2205475782117,-63.2456703248772,28.2615196422514,2.83442528490465,4.13340768461054
5.36,-15.1992844743174,-63.2889294253101,28.2586746782145,2.89430710185213,4.11937791905888
5.38,-15.1795081457645,-63.3329791089685,28.2542751785331,2.95598050862159,4.10609313002595
5.4,-15.1597153290849,-63.3756084600533,28.2501807510495,3.0206973960312,4.09449008001582
5.42,-15.1390933881986,-63.4154543685944,28.2473369446731,3.08741361112883,4.08377950623019
5.44,-15.1186006734399,-63.4523087386319,28.2463145347609,3.15211535811011,4.07411848646118
5.46,-15.0990743644113,-63.4854301948404,28.2472473722946,3.21376109484913,4.06544400044643
5.48,-15.0805159147929,-63.5137833467794,28.2495176572169,3.27102065705523,4.05507217487821
5.5,-15.0630124048488,-63.5385820123997,28.2528302507542,3.32185992429548,4.04046965129086
5.52,-15.0470542562775,-63.5620950203666,28.2573433949364,3.35249162866695,4.02239587418906
5.54,-15.0337962793666,-63.5847208868771,28.2617650950848,3.34638070193089,4.00214928088964
5.56,-15.0250254859277,-63.6063749205623,28.2650006353736,3.30710034614736,3.9795598700725
5.58,-15.0214005698875,-63.6271113362689,28.2661693899593,3.24588755502671,3.95525682646229
5.6,-15.0219848777248,-63.6475716726501,28.2659310515864,3.17537491451508,3.93120678734328
5.62,-15.026477328033,-63.6686576457001,28.2652923740261,3.1090094165109,3.90871672071381
5.64,-15.0354421466631,-63.6902052475564,28.2641520979208,3.05448488801444,3.88771844388429
5.66,-15.0491068270545,-63.7114902208437,28.2622210044986,3.01202389458008,3.86822917159398
5.68,-15.0631380069421,-63.7312948718378,28.2598412305908,2.97883933754196,3.85179445743382
5.7,-15.0737981701849,-63.7492401550171,28.2578857098703,2.95623910835805,3.83838118671498
5.72,-15.079964365985,-63.7652925046393,28.2567867827604,2.94282427314829,3.82730587998462
5.74,-15.0851696867268,-63.7807250266273,28.2569651236623,2.93409649696385,3.81753065420663
5.76,-15.0898719090561,-63.7946388595401,28.258138460411,2.92859942534347,3.80945549705862
5.78,-15.0963676998163,-63.8023387424294,28.2619866686179,2.92126262534168,3.80427077035666
5.8,-15.1160269619017,-63.7953285883213,28.2726036402754,2.89933229157435,3.80100929810739
5.82,-15.146952222346,-63.7782149565991,28.290256327554,2.86715380358511,3.79766355492884
5.84,-15.1890739683973,-63.7555637403838,28.3138720136658,2.83374850670228,3.79190989065777
5.86,-15.2379778936268,-63.7283835303112,28.3415591746491,2.79835538278375,3.78335566699186
5.88,-15.2827204070499,-63.6991179862862,28.3731864134119,2.75852333280818,3.77311516510926
5.9,-15.3128450118149,-63.6826660956261,28.4096196625634,2.72778551544849,3.75967825529059
5.92,-15.3398823363961,-63.6810904316945,28.4486453956449,2.69708245784664,3.74073046468228
5.94,-15.374117719311,-63.6907336011794,28.4877282390446,2.65719853190137,3.71698684545314
5.96,-15.4160574187957,-63.7068452288268,28.5247681070387,2.61754289902694,3.68959292133895
5.98,-15.4632618131639,-63.7264968690618,28.5588390133728,2.58324488706412,3.65820216821542
6,-15.5139619734848,-63.748145535512,28.5896838146983,2.55485303835041,3.6235332508797
6.02,-15.5683334715723,-63.770382407417,28.6169245106266,2.5318647012111,3.58677429628226
6.04,-15.6262646472165,-63.7908096190104,28.6386097448185,2.51231784192247,3.5481639977369
6.06,-15.6861603442371,-63.8065033717023,28.651956207877,2.49434795915389,3.50680638152418
6.08,-15.7454503826387,-63.8152947883506,28.6549550013891,2.47647629315802,3.46129363108688
6.1,-15.8015304539968,-63.8147565918558,28.6457280190591,2.45408955508118,3.4077683132927
6.12,-15.8506760539898,-63.8006437264938,28.6214802961475,2.42081422270194,3.34181058990277
6.14,-15.889662115576,-63.7683657361242,28.5763946772531,2.37154453852269,3.2584862927877
6.16,-15.9109241954277,-63.7131445251937,28.5020002043991,2.30900757384393,3.15632026275234
6.18,-15.9025687361342,-63.6309318268115,28.3917769765103,2.2395233489332,3.03389594702511
6.2,-15.8554005088855,-63.5170657394714,28.2412089866626,2.16422892531262,2.88407956618074
6.22,-15.7646489181034,-63.3614774141226,28.0439206755956,2.08151258299246,2.70072079373438
6.24,-15.6270056558375,-63.1477277927407,27.7893198860678,1.99465917171805,2.48673964760934
6.26,-15.4382488003513,-62.8606307286936,27.4649013810033,1.90646073352952,2.24146026013553
6.28,-15.1902659079812,-62.4924234075076,27.0650934194581,1.81173620929699,1.94492935252431
6.3,-14.8742642109658,-62.0384736471693,26.5898517482414,1.70203039615703,1.56700055266767
6.32,-14.4730791113065,-61.488160682056,26.0405649788099,1.58129272164015,1.10207327786375
6.34,-13.9588437301167,-60.8239067344692,25.4196102421844,1.48725557230399,0.580733255663113
6.36,-13.3043069546689,-60.0395877040062,24.7051982543641,1.46275760577248,0.0268785390878364
6.38,-12.5289373399356,-59.1438108657493,23.885962724485,1.51837034731674,-0.556001157542091
6.4,-11.6659929232135,-58.1383500973994,22.9697127463129,1.64045885777048,-1.15487226571941
6.42,-10.7221646938578,-57.0118456215432,21.9653578373111,1.81980597749091,-1.73576004099186
6.44,-9.69619188557338,-55.7667441588237,20.8794533885675,2.05537091136877,-2.27428428817049
6.46,-8.61909136774748,-54.421668651263,19.7248522419622,2.33029725532333,-2.77087259278456
6.48,-7.52587349665918,-52.9955196606583,18.5165207577259,2.62486096168284,-3.22454309309887
6.5,-6.43242550550804,-51.4925326726586,17.2729511501907,2.92272647436297,-3.61793779399318
6.52,-5.34895806668722,-49.9147588278288,16.0093236609091,3.21055914413054,-3.93470355582407
6.54,-4.29979522168798,-48.285065112403,14.734073250826,3.47701104516805,-4.17995100098378
6.56,-3.30904906578409,-46.6334237530208,13.4503282643149,3.71739265019086,-4.37112285659448
6.58,-2.38998231307604,-44.9786670116366,12.1653641097978,3.92966796724129,-4.51248602895963
6.6,-1.54856031942537,-43.3315369790697,10.8940411539421,4.1114668329383,-4.59610384159076
6.62,-0.789605508988274,-41.7042398398333,9.64833881530908,4.26182858416679,-4.61987981509841
6.64,-0.119061361901245,-40.1191135615537,8.42764934740485,4.38258539411828,-4.59978984131483
6.66,0.465811304446144,-38.5884707785411,7.2330699896988,4.47575841420379,-4.55399207649601
6.68,0.978410688431353,-37.1007132492939,6.08048349850397,4.5436127718627,-4.48570409152663
6.7,1.42656449922649,-35.6544165863429,4.98374217085959,4.59106106111241,-4.39185695981613
6.72,1.80796467083573,-34.273784491633,3.94135397139215,4.62233428405709,-4.27955267142273
6.74,2.11740872623897,-32.9835987233227,2.94379839243224,4.63742736744793,-4.16114022471403
6.76,2.35551117078861,-31.7728553144482,2.00065545784495,4.63021040894952,-4.03671526470021
6.78,2.5406401515399,-30.6172512785202,1.1259532377215,4.60531777570973,-3.90494047970165
6.8,2.67329144014652,-29.5256964279526,0.341280994386435,4.56579255141553,-3.77601546898853
6.82,2.73192319841361,-28.5240054821756,-0.320444406963748,4.50162788925849,-3.652631868437
6.84,2.74204667201214,-27.6080383493125,-0.854141138739037,4.42371839262759,-3.51555674560841
6.86,2.72515647931137,-26.7643036843713,-1.2652951837297,4.33471826179925,-3.35114610228382
6.88,2.68955966811721,-25.9977082257202,-1.57584704070515,4.23098461600046,-3.17330438505949
6.9,2.64145014069579,-25.3101837667934,-1.80055777862462,4.114158565102,-2.99983462237015
6.92,2.58920959011726,-24.6967416144344,-1.94488259681127,3.99132328117796,-2.83616039358685
6.94,2.53531874585754,-24.1323162110854,-2.05093434459708,3.86285217165122,-2.67963373367909
6.96,2.50333821072452,-23.586003322555,-2.17858690581612,3.73970088048123,-2.522362990208
6.98,2.50704799481881,-23.0767798319168,-2.32912766653895,3.63627664251609,-2.3684349423053
7,2.53316913446525,-22.6236173473666,-2.49386159024235,3.55197101314066,-2.22809644259104
7.02,2.57119814448785,-22.2328574386386,-2.66512372434089,3.49007076882703,-2.10450797745748
7.04,2.61592921730161,-21.9009111706959,-2.83300308960534,3.46295157681663,-1.99254429194754
7.06,2.66224147440802,-21.6196458727525,-2.99051219252307,3.46558052114451,-1.88534528733578
7.08,2.68301327238662,-21.3761500567747,-3.12511735203982,3.47175952659315,-1.78270466281696
7.1,2.63110681252922,-21.1464399037668,-3.21809972077055,3.43023082158766,-1.68666982787083
7.12,2.52816910483832,-20.9299511658462,-3.2724733413244,3.34069893414169,-1.59446441470297
7.14,2.41160641461601,-20.7481362113478,-3.27842499153249,3.23574573988184,-1.50577639569249
7.16,2.28124408266925,-20.5958775428743,-3.23962174466687,3.11373683725644,-1.42467443477073
7.18,2.11055218922869,-20.4429203303388,-3.17283179584015,2.94378069137292,-1.35041016840857
7.2,1.92666564567491,-20.2987522556665,-3.07090868907064,2.74990169400634,-1.27712013972744
7.22,1.76725316911249,-20.1960713623942,-2.91335925959112,2.57164748275497,-1.20551884255983
7.24,1.64595930911338,-20.1430814342669,-2.7045156500497,2.42485817871524,-1.1398031008319
7.26,1.55836214068594,-20.119062698974,-2.4784520785679,2.30895140943821,-1.08173460186243
7.28,1.47205649815702,-20.0817673342733,-2.27518092272092,2.20053626398278,-1.03141939180566
7.3,1.35780699240954,-20.0120171843214,-2.09165659715251,2.08028040492294,-0.987833631923385
7.32,1.22028021922163,-19.9181185794037,-1.91557524887597,1.94707449654218,-0.950129193052627
7.34,1.07707717971619,-19.8118570312752,-1.73789929864835,1.81133311556634,-0.915074870954489
7.36,0.96357125721923,-19.718312151186,-1.55541502691147,1.7024038224801,-0.880274026220813
7.38,0.884923710275602,-19.6397197005997,-1.38742264365598,1.62646963105489,-0.845124191677406
7.4,0.817036048171251,-19.5614265881427,-1.24868089653249,1.56607077504926,-0.808805563503673
7.42,0.751620068539555,-19.4784860443921,-1.13504983682195,1.50697139988185,-0.771796627726915
7.44,0.691955157661776,-19.3901796872206,-1.03595052047722,1.44027454423439,-0.735623474843576
7.46,0.651720288225929,-19.3165931148819,-0.929828455033063,1.3788469489206,-0.700893660292167
7.48,0.634406159966565,-19.2595801732292,-0.823376888690511,1.33090845630819,-0.668732042103913
7.5,0.627038440423142,-19.1887564925189,-0.750191668348974,1.2874346744329,-0.639165435422199
7.52,0.641793580671978,-19.1072338826061,-0.71638054181129,1.25859412386286,-0.609066704527149
7.54,0.678398138772227,-19.0414502762603,-0.697427695740706,1.25003853932549,-0.579789118667931
7.56,0.716830909214783,-18.9930123528402,-0.682098573169566,1.24722190171102,-0.554087227156088
7.58,0.745105916103675,-18.9466197336443,-0.673114277910314,1.24161801077878,-0.53067609843084
7.6,0.770826395684171,-18.9073505090009,-0.663125798829382,1.24178377573491,-0.508320032649137
7.62,0.782983291392452,-18.8714106473089,-0.649859508447618,1.23750266707252,-0.488574447793092
7.64,0.773989830650428,-18.8275817494218,-0.634833810280066,1.21728022728727,-0.472035299677106
7.66,0.755022829257512,-18.7812732083136,-0.615967655151498,1.18585337075948,-0.457484260592621
7.68,0.735099967008611,-18.7418684674091,-0.590665551461876,1.15355416852286,-0.442520705919243
7.7,0.703374838423792,-18.7055302760419,-0.555662065931969,1.11973759452168,-0.425509392625769
7.72,0.661000708640231,-18.657681921439,-0.525342955364295,1.08888239948106,-0.404285798667968
7.74,0.624448199290068,-18.6105780936741,-0.49361122131618,1.07773466923682,-0.378843718340984
7.76,0.591864183790151,-18.5684945022266,-0.461091943227996,1.08413149114899,-0.352442444652908
7.78,0.557001576221823,-18.5279041065875,-0.430850158504738,1.09976358090081,-0.326592089555184
7.8,0.516411017720949,-18.4809859144097,-0.402973418839322,1.12019029509205,-0.300592181570177
7.82,0.485026080254954,-18.4260748791148,-0.382661740481313,1.15190495751118,-0.273705866170807
7.84,0.472724410194256,-18.3798872118156,-0.363444669666654,1.19248457070664,-0.247959652249894
7.86,0.471534782024277,-18.3478444295799,-0.351726435694625,1.2184521335897,-0.225602121219033
7.88,0.465793714189133,-18.3188644514528,-0.348523313328381,1.21864329779182,-0.204802069494575
7.9,0.457569434930806,-18.283026818739,-0.354716965602584,1.20210486250036,-0.184742551248707
7.92,0.462832618204957,-18.2444595629726,-0.368531841171885,1.18474800028979,-0.165894508066826
7.94,0.479694372393576,-18.2140360909169,-0.374720473548317,1.17165662230245,-0.147013867041187
7.96,0.502032991129034,-18.1901537508573,-0.372542674462404,1.17388536004101,-0.123474284549701
7.98,0.524944291536343,-18.1683421371466,-0.366939297301833,1.19628780385944,-0.088978341149551
8,0.54435563932768,-18.1472140920177,-0.363369269977806,1.23075967589717,-0.0397346072426417
8.02,0.564855637100378,-18.1219133364718,-0.382416733011879,1.26605846512549,0.0274749776370104
8.04,0.603159047311116,-18.1112215901526,-0.425857504349506,1.30281976655076,0.11408270131607
8.06,0.653226300977469,-18.1355477582047,-0.470056166985169,1.34578796079644,0.213356927242889
8.08,0.70110398072289,-18.1859119926295,-0.511486729219041,1.39141516369502,0.315660928284895
8.1,0.735682539465665,-18.2421382043487,-0.556749481326922,1.42786287536736,0.414439317299162
8.12,0.7269387748708,-18.2665055742646,-0.614871654296037,1.42832770425093,0.507122861337189
8.14,0.687332430863431,-18.2540136814356,-0.675046901023474,1.40357587156109,0.595615060754735
8.16,0.675186367082329,-18.2418280281402,-0.729657066211149,1.39651410328354,0.680335186725851
8.18,0.709570945357593,-18.2575921779067,-0.774245741183525,1.42731485660012,0.758571544468743
8.2,0.753548229593352,-18.2769862501485,-0.824538599765615,1.47407859958567,0.828467009136031
8.22,0.778353892818696,-18.2718508744569,-0.895072425310298,1.51273395590292,0.891233475666398
8.24,0.784117352631166,-18.2512133719606,-0.971089358185674,1.55000416003015,0.949814586458462
8.26,0.77541702441336,-18.2396357507793,-1.02724512267234,1.59261463510923,1.00357746280949
8.28,0.742907133842365,-18.2384291887893,-1.05813708582412,1.62574211982328,1.04869195040251
8.3,0.68594508146856,-18.2305310616183,-1.08497307162849,1.63618106136285,1.08392930806969
8.32,0.619513165165584,-18.21440794639,-1.11813566728448,1.628594456696,1.11336271722657
8.34,0.572182837961524,-18.2111851723849,-1.16025660734704,1.62404049654098,1.14107841628712
8.36,0.544627968810994,-18.2431615589134,-1.19626636455101,1.62975323444259,1.1647417830652
8.38,0.529676296020965,-18.3077742452522,-1.2274428955357,1.6444100156501,1.18047325819802
8.4,0.523973438707619,-18.3916286968778,-1.25455216887955,1.66007043551601,1.18830986400343
8.42,0.530519164644777,-18.4781108653906,-1.27589443615384,1.6869190770666,1.1940149006282
8.44,0.564817203039504,-18.5659311566387,-1.29336916787875,1.74824796884373,1.20165253841583
8.46,0.627725169362028,-18.6637906294869,-1.30502944288144,1.844188239287,1.20896581313231
8.48,0.685303655395462,-18.7594344723952,-1.31498122739201,1.94673194365312,1.21340674284524
8.5,0.690971160083984,-18.8156955873496,-1.34039772854956,2.01957198244249,1.21512690749825
8.52,0.636117678446734,-18.8176019262459,-1.37840826660183,2.05705775890893,1.21817451337191
8.54,0.551034882384855,-18.782745655215,-1.41106847653064,2.07619368210852,1.22652844025926
8.56,0.476298989494882,-18.7472113361168,-1.42648911408987,2.09581543856493,1.23773163612543
8.58,0.426958194384582,-18.7211040087965,-1.43209022335459,2.12108867508967,1.24966173342533
8.6,0.405253473627415,-18.7107246298057,-1.42607386940673,2.14765567390944,1.26139112490466
8.62,0.3934052448698,-18.7033321141014,-1.4134675757172,2.15165515703424,1.27196566250542
8.64,0.372791850375151,-18.6718147276574,-1.41559959800553,2.11706562493131,1.2817984920944
8.66,0.349705174660736,-18.61735325794,-1.43009710950799,2.05724903035396,1.29337938292215
8.68,0.338656735268026,-18.5603346022894,-1.44157857883508,1.99464680323313,1.30717697336132
8.7,0.342953884856144,-18.5135757488295,-1.44428438550815,1.93907518217175,1.32051379782468
8.72,0.340817999638251,-18.4703191343215,-1.43411002344237,1.88054587831544,1.33131602182877
8.74,0.326565511647256,-18.4195584409438,-1.41776433332932,1.81972070043232,1.34140358575135
8.76,0.322300646531201,-18.3731707539807,-1.39664710389378,1.77751340849168,1.35192028706936
8.78,0.33099837949031,-18.3353893379381,-1.37173743489655,1.7477869578868,1.36127320305446
8.8,0.348258577286076,-18.3062809289644,-1.34518534856463,1.72264992110632,1.36905015123491
8.82,0.370784516447798,-18.2846138542648,-1.31696521996311,1.70521798186229,1.37730493681665
8.84,0.397826542958695,-18.2690657983222,-1.28822091002932,1.70238437511787,1.38844019699088
8.86,0.432845026238283,-18.2627768733667,-1.26124256005688,1.72197107451862,1.40378871485049
8.88,0.458725803069669,-18.2600953645333,-1.23669303783038,1.75085684133795,1.42179735561467
8.9,0.465046378308829,-18.2515152533037,-1.22027991791878,1.76534007364225,1.44232475050388
8.92,0.45279984845367,-18.230903520501,-1.21705639587891,1.7610835603488,1.46838496869615
8.94,0.438155454963038,-18.2142184436556,-1.22029531919329,1.75247857333258,1.50052499170315
8.96,0.437357598236895,-18.2170392279184,-1.22235275715059,1.75606549982796,1.53729743434899
8.98,0.455577124914118,-18.2403142221539,-1.2257248242644,1.77748778418692,1.57622870629956
9,0.48486090470711,-18.2731594399282,-1.23931378590206,1.8077268381013,1.61571531248605
9.02,0.501865545102014,-18.304498513952,-1.26004535772363,1.82744045765815,1.65506584335462
9.04,0.506242581212704,-18.3332307049052,-1.28631087603239,1.84431593309742,1.69438974008902
9.06,0.503736504848011,-18.3634989448844,-1.31234330172862,1.8675225638205,1.73149947604115
9.08,0.495632562362002,-18.3924644877411,-1.33680405929665,1.8924581998364,1.76574637010838
9.1,0.480790342710425,-18.41662807632,-1.35825216197391,1.91398308447407,1.79894156063767
9.12,0.463579083669438,-18.437794690524,-1.38000097243727,1.9342430082346,1.83126926046109
9.14,0.445489640018276,-18.4588443930951,-1.40028371298928,1.95208982020693,1.86131743044797
9.16,0.423253899862141,-18.4794916172172,-1.41625732085963,1.96410454704873,1.88739120709355
9.18,0.395512956368545,-18.4995753366912,-1.4288245666808,1.96256646666945,1.90909641106472
9.2,0.360008932092624,-18.5193757430232,-1.43734732338616,1.94518622400018,1.92793069379417
9.22,0.31550628645485,-18.5354573350964,-1.4406028871426,1.91112256354504,1.94712824257077
9.24,0.265941405250716,-18.5461487556359,-1.44097158341574,1.86816769366551,1.96866763996346
9.26,0.217421584728287,-18.553412519408,-1.44274729932094,1.82685356298817,1.99183609095131
9.28,0.173666340819003,-18.5565525259422,-1.45055729598712,1.79036163230875,2.01573867901862
9.3,0.145201910050157,-18.564968698711,-1.46016132451306,1.76868173316359,2.03974191168329
9.32,0.140861832586957,-18.588100815142,-1.4707283416105,1.76705640733772,2.06275141361527
9.34,0.14397977190372,-18.6179581283576,-1.4822884811724,1.77028580745091,2.08377611322053
9.36,0.131753214993322,-18.6272379388718,-1.51037351738161,1.76158384349145,2.10315139692234
9.38,0.111586683449714,-18.6086865450489,-1.56529029512884,1.74927749158274,2.12247606794652
9.4,0.10157667482226,-18.5896907202902,-1.62430713791277,1.74858781515856,2.1415248031648
9.42,0.0945988472800838,-18.5780922122414,-1.67797413795083,1.75382791549496,2.15846000370908
9.44,0.0686032931066156,-18.5566840916093,-1.73364718505629,1.73998269115811,2.1725137476659
9.46,0.0269923166717716,-18.5262300703756,-1.7835148745027,1.70316799062969,2.18448419578853
9.48,-0.00840358841962487,-18.5087192035095,-1.80792577958412,1.65935550648064,2.19509069709751
9.5,-0.016563851664735,-18.526230717588,-1.79893086433672,1.62559792517264,2.20542030272424
9.52,-0.00352326826926837,-18.5729851811747,-1.76674837252805,1.60133188760091,2.21689995040757
9.54,0.0256968365171834,-18.6447532636482,-1.71636477069019,1.58704030296263,2.23376239508965
9.56,0.0515450187954531,-18.7373287799266,-1.63284502177421,1.57147333035081,2.26492926529201
9.58,0.0500877397180862,-18.8245501452065,-1.50869467718326,1.53243767354969,2.31832418162223
9.6,0.0313931938133026,-18.8848140091898,-1.33968843099645,1.47317789746411,2.39474112677499
9.62,0.00905447375499942,-18.9102684695099,-1.11482036114616,1.39690119365544,2.48787387081628
9.64,-0.00707283848816691,-18.9078693887099,-0.829624541116193,1.3079689385893,2.59215992625255
9.66,-0.0110940975628043,-18.8988348268304,-0.487208790041036,1.21363122569645,2.70622813992481
9.68,-0.000880069535083057,-18.9100429041788,-0.0969690642958665,1.11948660525014,2.82812432129208
9.7,0.0244739504825962,-18.9648132525041,0.336210857885581,1.02814059750792,2.95507992018673
9.72,0.0635019675098487,-19.0848903966584,0.805473432200366,0.940223989754872,3.0847811956679
9.74,0.111868171733796,-19.2947737683137,1.29679256194783,0.857524648483839,3.21668022013417
9.76,0.161562329467179,-19.6219992811222,1.79709473917371,0.781956936322838,3.34810201863537
9.78,0.203906810398386,-20.0839980008716,2.3028291290924,0.714567087884754,3.47519818783785
9.8,0.230148950600985,-20.6906354517249,2.8158069560675,0.656641794143546,3.59375607691839
9.82,0.22949077891661,-21.4496503818471,3.33426566463976,0.609594034121124,3.70060227095101
9.84,0.192419242086433,-22.3562778090836,3.86038401754964,0.575007249432236,3.79915277033567
9.86,0.112619312425392,-23.3955400412539,4.40295194053471,0.553237995568978,3.89396399536431
9.88,-0.0189557486488966,-24.5440013695661,4.96023835098269,0.537998050520852,3.9816447842896
9.9,-0.210365718162941,-25.7651596998172,5.51112837625958,0.519961319822439,4.05580813745916
9.92,-0.486417651560174,-27.0225472998857,6.03715966996523,0.479399895302123,4.11243030185523
9.94,-0.838190824642221,-28.304878411955,6.5422614010973,0.425156272388125,4.15623391142133
9.96,-1.243433518548,-29.6137878187262,7.03533413424976,0.375455348191889,4.18584488645832
9.98,-1.71093469914224,-30.9430760571289,7.52976867021594,0.3307108008549,4.1955478444911
10,-2.24508569904146,-32.2842720024915,8.04038156131675,0.302457912539742,4.18660985792984
10.02,-2.84482916745285,-33.6275974214582,8.57721738218775,0.294377945643369,4.16406224958947
10.04,-3.50416586311034,-34.9617118439504,9.14615611968637,0.303712217789267,4.13283735264271
10.06,-4.21517628688847,-36.2750057646905,9.74822234999006,0.32458483027662,4.09769462205838
10.08,-4.96955879851643,-37.5579442253224,10.3810175599548,0.354599959989636,4.06409061284394
10.1,-5.76042673895072,-38.8036893169299,11.0382337843097,0.391157933468374,4.03466329782818
10.12,-6.57884963891795,-40.0055871778841,11.7134928137358,0.428001957283803,4.0065956461862
10.14,-7.40805773080104,-41.1537431775749,12.4036563294617,0.460065901665413,3.97755534274313
10.16,-8.23404750451907,-42.2424275889973,13.1053081458241,0.487582561917835,3.9496598664526
10.18,-9.05045516508523,-43.2705117615287,13.8097546762122,0.515065446506927,3.92764069521626
10.2,-9.85591847972936,-44.2384714337146,14.5062356487926,0.544756225882896,3.91270049205498
10.22,-10.6489108610081,-45.145575034126,15.1854189232908,0.574922203654023,3.9024336852656
10.24,-11.4255370621382,-45.9913995957065,15.8399066805784,0.603458786124183,3.89371516090314
10.26,-12.1751326298473,-46.7736183688861,16.4673802485158,0.631887201431011,3.88873528128707
10.28,-12.8869086128937,-47.4891281319019,17.0661864945096,0.660679541450248,3.88897033487837
10.3,-13.5608207422553,-48.1398851125243,17.6322942324939,0.686332499030191,3.88922373840804
10.32,-14.1966361871113,-48.7275101460663,18.1620913825136,0.70515696066944,3.88515612695286
10.34,-14.7917204278686,-49.2542987022442,18.6554027944361,0.706351791996854,3.87677269444508
10.36,-15.3461473305235,-49.7229452039484,19.110365705792,0.686019903951456,3.86563859306339
10.38,-15.8646175825504,-50.1382536226096,19.5252944758233,0.650423150954921,3.85173424618164
10.4,-16.3495088197847,-50.50399645903,19.9002412406048,0.605000311313139,3.83415983625237
10.42,-16.7978401563154,-50.8347964389508,20.251526658,0.556957950519123,3.81509546643382
10.44,-17.2057993833723,-51.1451184467158,20.5954270241844,0.507903803213262,3.79629362865106
10.46,-17.5695936662403,-51.4305845296651,20.9275473344445,0.453513922219677,3.77719072548987
10.48,-17.8865629079305,-51.6885970603111,21.2446106722533,0.383870371597022,3.75934233758007
10.5,-18.1622778444733,-51.9194616348113,21.5410515997842,0.298799384698953,3.74234131514821
10.52,-18.4044816672966,-52.1243587402284,21.8118165888982,0.207709758715162,3.72492538243107
10.54,-18.6174656863812,-52.3049559342978,22.0548922573113,0.114198055627486,3.70665723190777
10.56,-18.8047427682558,-52.4633402749459,22.2699532514385,0.0213957536827079,3.68743379415387
10.58,-18.9709695112695,-52.6023863280607,22.4574112677545,-0.0682035910220674,3.66703958244211
10.6,-19.1175596421509,-52.7244279313952,22.619820954019,-0.151861443363437,3.64663064098068
10.62,-19.2459002846699,-52.8430093018352,22.778190787672,-0.226302989123671,3.62776561742524
10.64,-19.3593624436274,-52.9639791983957,22.9396275015658,-0.29207770903771,3.61011402388985
10.66,-19.4587754832983,-53.0837620906417,23.0980592304418,-0.350162959563377,3.59384163219588
10.68,-19.5433678503705,-53.1993112797937,23.2497802087055,-0.396725657495328,3.57900272238738
10.7,-19.6165894412201,-53.3089143811645,23.3908812445209,-0.432166460359289,3.5635881009251
10.72,-19.6850959118324,-53.411972859686,23.5175291525778,-0.460624408232628,3.54592605028484
10.74,-19.7487185219215,-53.5071889456325,23.6288448922401,-0.483169816125625,3.52762689170066
10.76,-19.8035232564686,-53.5943103119901,23.727707781253,-0.499264308493553,3.51083009499276
10.78,-19.8495937981336,-53.674438594241,23.8155376234491,-0.509161473674207,3.4952525624479
10.8,-19.888542236191,-53.7487162743465,23.8923618928061,-0.514972817679068,3.47953797278733
10.82,-19.9198902316664,-53.8173754308331,23.9591611362048,-0.518231756056436,3.46426882595013
10.84,-19.9433693194531,-53.8806356562302,24.0177860818934,-0.51968452939426,3.4499750477111
10.86,-19.9616624785482,-53.9387461560131,24.0680820163546,-0.520550573282944,3.43558904864079
10.88,-19.9760022324484,-53.9918494980375,24.10976383149,-0.518825505383993,3.42212288840209
10.9,-19.9843662263052,-54.0397648431401,24.1457090707545,-0.509162515666326,3.41259844757761
10.92,-19.9865481231352,-54.0810602679241,24.1768473249098,-0.492548080383577,3.40703789284074
10.94,-19.9873567759408,-54.1154795299807,24.2017520829144,-0.472131926842443,3.40170140002875
10.96,-19.991159891559,-54.1435145161796,24.2197844515306,-0.449191158258494,3.39458983846576
10.98,-19.9992373649857,-54.1653013906935,24.2313418829744,-0.42276460032789,3.38665399063598
11,-20.0101200398017,-54.1807967286401,24.2382631851228,-0.391292366451453,3.37812086881807
11.02,-20.021919462588,-54.1902723846238,24.2425033055026,-0.358126651894619,3.36800752284675
11.04,-20.0327330311663,-54.194847895782,24.2459067691808,-0.325670268881792,3.35693833661211
11.06,-20.0402912440888,-54.1958511964213,24.2502224882474,-0.293151127811566,3.3472111792856
11.08,-20.0362603223252,-54.2044114760079,24.2617579839598,-0.251006438969425,3.34095030746437
11.1,-20.0161479091876,-54.2314555898532,24.2847762578571,-0.192404465412107,3.33754296278968
11.12,-19.9876238471409,-54.2716588968367,24.31495162833,-0.12530504828799,3.3349210301588
11.14,-19.9533166963497,-54.3196951475017,24.3497906635617,-0.0545120711321586,3.33403095674378
11.16,-19.9136546249492,-54.3713701526125,24.386829675681,0.0187715002638537,3.3365832490091
11.18,-19.8723204840506,-54.4244819900908,24.4231473649407,0.0941999329185046,3.34183370465694
11.2,-19.8342791361699,-54.4780447525829,24.4565651443903,0.168462109927861,3.34698654215865
11.22,-19.7992430963834,-54.5308255667484,24.4874075071717,0.238345849445805,3.35027369013189
11.24,-19.7628763966847,-54.5814646008644,24.5171256204063,0.303582716740859,3.35333228837292
11.26,-19.7245110967962,-54.6336690109549,24.5540012416046,0.365744180528083,3.35936270454794
11.28,-19.6885243853951,-54.6908788262355,24.6042765946421,0.423418853203391,3.36782793841824
11.3,-19.6599297116999,-54.7485932425764,24.6632151819184,0.472218227778856,3.37564870062482
11.32,-19.636708092754,-54.8048796222688,24.7279813633018,0.512684779547477,3.38130457956287
11.34,-19.6163282888311,-54.8588186043022,24.7964948369951,0.546781797837316,3.38543112507312
11.36,-19.5984916972583,-54.9092698806688,24.8662415408421,0.575418455224333,3.38893069041782
11.38,-19.591793120382,-54.9520352799214,24.937822699864,0.592361615391389,3.39208937598059
11.4,-19.6023440686247,-54.9835688805757,25.0129586801777,0.59448568528932,3.39591704646796
11.42,-19.6231851674634,-55.0058192247729,25.0896477822038,0.59583633103397,3.40227066686274
11.44,-19.6506615657826,-55.0208345831087,25.165114954642,0.600815005513959,3.40971341984936
11.46,-19.6819257725436,-55.0300074437535,25.2373474535289,0.606396950509582,3.41776579754119
11.48,-19.7131176298719,-55.0336581192567,25.3051984997526,0.607201980485335,3.42755270498427
11.5,-19.7407346712207,-55.0318486671225,25.3676545552463,0.60423072522806,3.43957057224116
11.52,-19.7639452585506,-55.0260854545963,25.4248733822489,0.598422418765441,3.45214616367065
11.54,-19.7862130967514,-55.0188925224916,25.4763722620193,0.589435566084138,3.46188035565026
11.56,-19.813312637924,-55.0119986194134,25.5203331637777,0.578013403685187,3.4675950194891
11.58,-19.8492708767202,-55.0054481736265,25.555842500705,0.566196590706614,3.47090581635076
11.6,-19.9008281730144,-54.9969622499064,25.5884907446428,0.549103427460746,3.47190786114479
11.62,-19.9759317561383,-54.9794335115421,25.623166656043,0.516070095245921,3.46915703512702
11.64,-20.0646895240476,-54.9552005191071,25.6606412297695,0.472585891167788,3.4630848463854
11.66,-20.1561317928598,-54.9264996145677,25.7019185475017,0.426929266164473,3.45617813466913
11.68,-20.2458715993472,-54.8944046120849,25.7454765290326,0.382434040891034,3.44839041322505
11.7,-20.331584788414,-54.8593899232167,25.79121568435,0.339890583874057,3.4399118158244
11.72,-20.4085677357944,-54.8202762337099,25.8409648860115,0.301381945352335,3.43348091389787
11.74,-20.4766895924417,-54.775024900969,25.8929149970253,0.266975616317899,3.4286237143669
11.76,-20.541493366377,-54.7232366326426,25.9433581024792,0.23340899347669,3.42013939107279
11.78,-20.6033285751967,-54.6651849989206,25.9930774517515,0.198819496981435,3.40373757913918
11.8,-20.6622728495971,-54.6016323688054,26.0444150435771,0.164169998094873,3.37810567594508
11.82,-20.7327401846017,-54.5352095174312,26.0944322530008,0.129332207019563,3.33984391346206
11.84,-20.8338901496555,-54.4743173017034,26.1388704105111,0.0954809639174739,3.28146979370263
11.86,-20.9545558528606,-54.449397705594,26.1868795679715,0.0828391747810404,3.19270087319633
11.88,-21.0898887002135,-54.4732250967987,26.2461543778333,0.0928978498244588,3.05414052310167
11.9,-21.245050164418,-54.5504823230713,26.3046182784756,0.122752070704378,2.83542194673342
11.92,-21.4145692039215,-54.7114424036775,26.3285275257517,0.200386190372452,2.50256575676565
11.94,-21.6466079944303,-54.940481988346,26.3150535880284,0.296201631422665,2.03511063582846
11.96,-21.9537097473938,-55.2168774382362,26.2756006365601,0.389112124460604,1.42563159714002
11.98,-22.328335712162,-55.5248539243326,26.2232796369519,0.46875671813339,0.667101783803241
12,-22.7757864687121,-55.8553911246524,26.160837366276,0.539503509528218,-0.238029067193662
12.02,-23.3230490197331,-56.2029319477216,26.0799342250506,0.618779697833053,-1.27224732974681
12.04,-23.9843833631654,-56.560347386448,25.9748138434539,0.72293706883087,-2.4172953930677
12.06,-24.7383034361638,-56.9170573264116,25.8489702577956,0.861408434503526,-3.66567583057368
12.08,-25.5536110938602,-57.2568307322578,25.7084160901457,1.02881623438356,-5.0194053260861
12.1,-26.3987741480754,-57.5715842430122,25.5606563221706,1.22464390574722,-6.47240078351807
12.12,-27.2409637337641,-57.8585583120553,25.4168105066146,1.45941526618261,-8.00602040836103
12.14,-28.0574445313945,-58.1172081015614,25.281758171758,1.73616827264618,-9.60818780278895
12.16,-28.8568825635144,-58.343739086207,25.1498974426937,2.03706891262191,-11.2858813655398
12.18,-29.7255042145026,-58.4736475333517,25.015684003745,2.26794542153039,-13.0514227577789
12.2,-30.6858985249027,-58.4831150488976,24.8777327091107,2.39036883740829,-14.90017905562
12.22,-31.6910175758112,-58.3994926553646,24.7423416159534,2.43672376337824,-16.8117564183622
12.24,-32.6970222017347,-58.2483655960388,24.6159963827336,2.44090117326491,-18.775070929628
12.26,-33.673650590147,-58.0506550317555,24.500771331633,2.42274799324762,-20.7931504297811
12.28,-34.6051846777045,-57.8223622898898,24.3990916815613,2.38855336393751,-22.868484145267
12.3,-35.4776245300819,-57.5751805993971,24.3155754570059,2.34629354721048,-24.9944613846107
12.32,-36.2668790560912,-57.3318714952586,24.256415320115,2.32365752241892,-27.1539322225577
12.34,-36.9652598918238,-57.1092145350245,24.2243708136823,2.33463251443698,-29.3106959332092
12.36,-37.5768857617601,-56.9162296368835,24.2149398649384,2.37216284305111,-31.4277561763034
12.38,-38.1115224920534,-56.7564583381992,24.2216683005607,2.42331677028251,-33.5055584386139
12.4,-38.5767320317064,-56.6280450083933,24.2373386814621,2.48146215586529,-35.5440200463423
12.42,-38.9748588625922,-56.5288475711329,24.2590221819874,2.55199393837694,-37.5338379644084
12.44,-39.3146633389304,-56.4574368305688,24.2852955328287,2.64234959360779,-39.4722330913986
12.46,-39.6045620553389,-56.4144675921005,24.317720593521,2.75782350586932,-41.3520833865131
12.48,-39.850978408415,-56.3974926811197,24.3564547322369,2.89811189137881,-43.1711750264193
12.5,-40.0574331293587,-56.400544484343,24.4002370348935,3.06039758153019,-44.9374840962622
12.52,-40.2225748169715,-56.4198595128532,24.4504935682841,3.2497320200273,-46.6533725167333
12.54,-40.3449253748603,-56.4523261453873,24.5084734988798,3.4743523831864,-48.3183641304172
12.56,-40.426859674319,-56.4929074338422,24.5721253055619,3.73905071935788,-49.9275588459007
12.58,-40.4747481908497,-56.535757732952,24.6363951647305,4.04526607940314,-51.4737249327032
12.6,-40.4957719883771,-56.5776064912641,24.6972795593905,4.39138842654576,-52.9575881831322
12.62,-40.5003883588014,-56.615703151458,24.7503586265244,4.76633807411334,-54.3812672702286
12.64,-40.5026556890686,-56.6465848154468,24.7904951673464,5.15172593867689,-55.7518507457177
12.66,-40.5194786735159,-56.6584269103334,24.802705697153,5.52909570326742,-57.0719295752238
12.68,-40.5513690020059,-56.6519167325892,24.7831980079041,5.9015088465876,-58.3311613264224
12.7,-40.5867536683214,-56.6396102659587,24.7405514689402,6.28561920202786,-59.5167476821367
12.72,-40.6241753652809,-56.6278129050668,24.6774828378115,6.70928943746144,-60.608770409907
12.74,-40.6773958358389,-56.6119154080199,24.6048521021786,7.1597226869055,-61.6095556359593
12.76,-40.7579750768969,-56.5850496540853,24.5298951893767,7.59730295229875,-62.5448973437083
12.78,-40.859964177835,-56.5519047196053,24.4520509316589,8.00219288645785,-63.4375613588192
12.8,-40.9755351251963,-56.5194189329928,24.3732091176443,8.37914454214208,-64.2999236866953
12.82,-41.0963933157188,-56.4930603010536,24.29969586195,8.72343641746026,-65.1437082639485
12.84,-41.2135262583285,-56.4743822188475,24.23822129529,9.03292015352987,-65.9742503322696
12.86,-41.3205333354984,-56.4611575436078,24.1915821018326,9.31024001321465,-66.7914067982031
12.88,-41.4154155932538,-56.4513635780597,24.1611608081655,9.55459412208085,-67.5910022865234
12.9,-41.4962103719709,-56.4450053440168,24.1501178004039,9.76237870661341,-68.3698686349333
12.92,-41.5601268733224,-56.4426609220626,24.1608931579949,9.9315811741663,-69.1319118410577
12.94,-41.6038578159333,-56.4445383489856,24.1934255378921,10.0739138162894,-69.8772393283895
12.96,-41.6259945099666,-56.4504357431077,24.2472952869917,10.2188750911036,-70.5990138863393
12.98,-41.627356727152,-56.4593370995043,24.3222020836551,10.3866190394063,-71.290008494507
13,-41.6104849783783,-56.4681581397448,24.4146009275922,10.5712413264996,-71.9480835282287
13.02,-41.5788333471348,-56.4728254031218,24.51875472342,10.7556324835867,-72.5820535887577
13.04,-41.5357667987038,-56.4700389196557,24.6317657320987,10.8990164033862,-73.1918295708255
13.06,-41.4849790378283,-56.4585649306193,24.7533789525558,10.9949453867715,-73.7789815025603
13.08,-41.428285695745,-56.4395814073442,24.8825558427414,11.049623251095,-74.3458570573393
13.1,-41.3655950140191,-56.4155561533443,25.0184313805862,11.071221110352,-74.893349423246
13.12,-41.297296804179,-56.3879963155223,25.1596776490609,11.0658081622997,-75.4215157303158
13.14,-41.2237132977089,-56.3573058051809,25.3048073813567,11.0344826749699,-75.9295588955379
13.16,-41.1462538094483,-56.3228254960396,25.4507238330697,10.976744147004,-76.4151177492882
13.18,-41.0683060654267,-56.2833917695677,25.5934841333475,10.8951527907174,-76.8738393791025
13.2,-40.9942174934701,-56.2380868761183,25.7286863591339,10.7996626862653,-77.2990879611207
13.22,-40.9248930479009,-56.1900193207277,25.8531479637033,10.7021471392479,-77.6870013853878
13.24,-40.8595128825773,-56.1458676258692,25.9659570189834,10.6096343138191,-78.0403377648618
13.26,-40.8025569277419,-56.1046370394983,26.0664813019393,10.5205523313108,-78.3646261074545
13.28,-40.754193104192,-56.0657804832062,26.1568118659523,10.4355389042412,-78.6642631259492
13.3,-40.7109112279924,-56.0297869513052,26.2406605262299,10.3581123036028,-78.9409660082856
13.32,-40.6697849426102,-55.9971811854243,26.3220659487161,10.2903497923547,-79.1961460264519
13.34,-40.6302562943575,-55.9673755111747,26.4030051419,10.2314274544189,-79.431791019623
13.36,-40.5936836802693,-55.9389748028119,26.4836911076498,10.1765277762586,-79.651172705401
13.38,-40.5615050344857,-55.9105699396795,26.5634243737577,10.1200704667042,-79.8573204009509
13.4,-40.5334053050495,-55.881857356692,26.6421314921458,10.0604399900498,-80.0511417875752
13.42,-40.5088690916787,-55.8536824926697,26.7197629290657,10.002387492142,-80.2317560451645
13.44,-40.488325842496,-55.827035091915,26.7958696171467,9.9501419997199,-80.3996175000442
13.46,-40.471975218237,-55.8018762335816,26.8697126190343,9.90347498247893,-80.5565920219343
13.48,-40.4590450862808,-55.7775322246945,26.9404223484678,9.85966636327224,-80.7045194058484
13.5,-40.4481728875719,-55.7534474026028,27.0070534749143,9.81695323497758,-80.8442142156723
13.52,-40.4385286698211,-55.7292225434582,27.0691400216038,9.77561986347848,-80.9757060799876
13.54,-40.4295308916908,-55.7047534894831,27.1265521993662,9.73807050101668,-81.097857815698
13.56,-40.4206825739015,-55.6800061059115,27.1783550468345,9.70650394187309,-81.2089468662456
13.58,-40.4132501579035,-55.6546142113061,27.2224720598007,9.68034878274557,-81.3078265008234
13.6,-40.4097921989785,-55.6284420656796,27.2569421189151,9.65696066065594,-81.3943081371479
13.62,-40.4118674908502,-55.6021977597102,27.2814193013924,9.63277928242889,-81.4694740391534
13.64,-40.4197752134964,-55.5766335691442,27.2964406532681,9.60438809733802,-81.5362379789058
13.66,-40.4322357357317,-55.5526160560386,27.3036631074068,9.57286773594027,-81.5963805375048
13.68,-40.4472208019043,-55.5318174578125,27.304757388514,9.54194479749187,-81.6515004626226
13.7,-40.4639433288221,-55.5153034630965,27.3001622457721,9.51422288872666,-81.7034202671336
13.72,-40.4823431362137,-55.5027564948286,27.2893422291525,9.49052185944175,-81.7537439189457
13.74,-40.5035222368191,-55.4932143440771,27.2713046131181,9.46943631441685,-81.804543267631
13.76,-40.5285592630624,-55.4852685373416,27.2460462669628,9.44876774338089,-81.8571401617674
13.78,-40.5580829503999,-55.4774031902183,27.214376036148,9.42693213669582,-81.9113990020903
13.8,-40.5919327789396,-55.4689297024165,27.1780411095366,9.40221524865378,-81.9664015747321
13.82,-40.628547882865,-55.4599113587796,27.1388259752148,9.37353196701611,-82.0205507583387
13.84,-40.6670199681436,-55.4504299614804,27.0968789940405,9.33921086269698,-82.0697191927966
13.86,-40.7093195352093,-55.4398469145643,27.0501317788033,9.29035859390144,-82.1121480829011
13.88,-40.7596259956441,-55.4270065163493,26.9948331049056,9.21693806192114,-82.1502309513784
13.9,-40.8215311073707,-55.4113199439884,26.9277827004109,9.1189225522007,-82.1817846079044
13.92,-40.8966847413849,-55.3932215718323,26.846294521959,9.0047196631384,-82.2008870834483
13.94,-40.9870921590223,-55.374064277416,26.7467455733868,8.88347947163824,-82.2017329173442
13.96,-41.0944540053138,-55.3560549029169,26.6257249879262,8.76077684901192,-82.1796952459208
13.98,-41.2196095168029,-55.3410740556371,26.4795388797799,8.63851289494953,-82.130153043422
14,-41.3661151870839,-55.3303070830792,26.3023424026363,8.51584390785261,-82.0496114826088
14.02,-41.5392841998566,-55.3256310618687,26.0880596522329,8.39275357126199,-81.9348942404251
14.04,-41.7442728883467,-55.3301980897862,25.8311852028981,8.27131239314417,-81.7836738820384
14.06,-41.986960467504,-55.34728524354,25.5264940218087,8.15312819475324,-81.5943868578382
14.08,-42.2724515282971,-55.378716325615,25.1682969273919,8.03704416022201,-81.3661385458737
14.1,-42.6069580406199,-55.4217912639644,24.7468759246981,7.9138414229432,-81.0986883551727
14.12,-43.0054861406784,-55.4622447659829,24.2589212677524,7.76017637415835,-80.788563330113
14.14,-43.461602929165,-55.500307954768,23.7125914434355,7.57274214247689,-80.4215100197596
14.16,-43.9568922466104,-55.5388960802151,23.1219465841757,7.35697318711963,-79.9773617308975
14.18,-44.4774451733911,-55.5766031443676,22.5212608361126,7.10455388385503,-79.435532200408
14.2,-45.0284062862771,-55.6036442208001,21.9228737986986,6.78316439947986,-78.7928335847308
14.22,-45.619468757045,-55.6096112756323,21.3340940499073,6.33623444815695,-78.0542319700511
14.24,-46.2466546951416,-55.589551710831,20.7661432092048,5.74759993655854,-77.2195966896764
14.26,-46.8875525110131,-55.555649462565,20.2321402848374,5.045237516928,-76.2869200562331
14.28,-47.5321662888445,-55.5205611792561,19.7344312352135,4.25643966006952,-75.2638623499236
14.3,-48.1790792734093,-55.4915715944239,19.2714709398191,3.40451318917684,-74.1618053314607
14.32,-48.8264686559908,-55.4708898570616,18.8417280389972,2.50911376834668,-72.9895581949631
14.34,-49.4615778427123,-55.4598634803451,18.444409136484,1.59174215179755,-71.7495363015799
14.36,-50.0650688436162,-55.4622562562468,18.0835775863542,0.673667782052544,-70.4404758876488
14.38,-50.614825771492,-55.4914421414864,17.7554297293128,-0.22952374113852,-69.0675389749384
14.4,-51.1057200812165,-55.5572422516153,17.4550264067642,-1.11600339405466,-67.6435932125825
14.42,-51.5660076403462,-55.6455441352245,17.1807364840759,-2.00714279281169,-66.1841335208855
14.44,-52.0216976818191,-55.7434952661621,16.9270005427253,-2.91777801393206,-64.7032001012568
14.46,-52.4819710181805,-55.8437649066049,16.6905207508741,-3.85066660113417,-63.2067528742148
14.48,-52.9394849825231,-55.9465846789534,16.473031466102,-4.79705909007823,-61.6931246841645
14.5,-53.3798420873242,-56.0542604088908,16.2781810998694,-5.74212655358516,-60.1583276746254
14.52,-53.8031187515325,-56.1571005754884,16.1045658537322,-6.6536040506739,-58.6009925303534
14.54,-54.2305092077548,-56.2250376843307,15.9516950447014,-7.54789851062507,-57.0249801630128
14.56,-54.6563958091694,-56.254613782192,15.825927069127,-8.44404660367399,-55.4332487905184
14.58,-55.0635465609325,-56.2485505559953,15.7332969699736,-9.34348471066051,-53.8202802237144
14.6,-55.4312561455599,-56.2150986916649,15.6717526156944,-10.234866624539,-52.1783587373044
14.62,-55.7166533519215,-56.1944254974187,15.6426716814936,-11.081126907999,-50.502152962904
14.64,-55.8957423876544,-56.2202561095527,15.6458267886846,-11.8598381134315,-48.7982708173863
14.66,-56.010375998076,-56.2700285565905,15.6693423733317,-12.6017959455626,-47.0865592144537
14.68,-56.0973743651413,-56.3239564886072,15.6989704517031,-13.3301928566835,-45.3858792244812
14.7,-56.1790557936279,-56.3687584442554,15.7238991524966,-14.0550661470189,-43.7071332528357
14.72,-56.2698372493807,-56.396028590163,15.7320189746048,-14.7776076234105,-42.0560272043491
14.74,-56.3624618302859,-56.4136896841161,15.7245306904146,-15.4819975719018,-40.4322617954811
14.76,-56.4518796693193,-56.4212534746713,15.7043651792875,-16.1222702357496,-38.8372581998457
14.78,-56.5481616501871,-56.4065717259426,15.6687203728679,-16.6973909914176,-37.2787640877834
14.8,-56.6545994608033,-56.3672702559712,15.6165406628641,-17.2325330189778,-35.7613592892926
14.82,-56.7667358384382,-56.3087426405586,15.5551280125101,-17.7392497756155,-34.2832235642812
14.84,-56.88690035314,-56.2309560459275,15.4894207101156,-18.2295519749457,-32.8431090657139
14.86,-57.0261332100683,-56.1281289796937,15.4171496411584,-18.7184081961257,-31.4473340046296
14.88,-57.2192632591446,-55.9728555771078,15.3252414035782,-19.2340532219281,-30.1089723610354
14.9,-57.4789159553808,-55.7513595512706,15.2079395368641,-19.7692142648233,-28.8331247660936
14.92,-57.7839485158791,-55.464389933842,15.0844560350783,-20.3178183916995,-27.6102798511788
14.94,-58.0909874246257,-55.1389301630618,14.9853673254546,-20.8707801903186,-26.4311031859209
14.96,-58.3842635093838,-54.794161046214,14.9197008438515,-21.4200057966214,-25.2985033049238
14.98,-58.6747879436983,-54.4384618109083,14.8763546733947,-21.958708563344,-24.2256825260674
15,-58.9865224834854,-54.0671385261416,14.8313861417921,-22.4876379162186,-23.2320231044852
15.02,-59.3770424424735,-53.6308311603017,14.7346930422046,-23.0421884525094,-22.3392738580304
15.04,-59.8232484787679,-53.1463971051819,14.5966161071721,-23.6045988667263,-21.5398729458416
15.06,-60.2753019469059,-52.6478519470574,14.454179500749,-24.1471158994102,-20.8101509563009
15.08,-60.71449991482,-52.1525146198164,14.3237092482589,-24.6598229922305,-20.1380205392471
15.1,-61.1450012399654,-51.6655241031253,14.2005656458482,-25.1431348454514,-19.5246267326549
15.12,-61.5750245791538,-51.1890209007589,14.0729796444544,-25.5882772586276,-18.9754008585438
15.14,-62.0013705710257,-50.7288551723756,13.9367599889808,-25.9761433366918,-18.4901279124858
15.16,-62.4107659304146,-50.2942580043755,13.8018736970296,-26.2873265596187,-18.0604830221048
15.18,-62.7916877484391,-49.8927512717994,13.6802265438198,-26.5224982881959,-17.6794083915074
15.2,-63.1390951413347,-49.5269920731144,13.5765737102891,-26.6993213164591,-17.3456118016785
15.22,-63.4535370042261,-49.1958015555562,13.4873266225327,-26.8347014244379,-17.0580177221925
15.24,-63.7379316602726,-48.896553744001,13.4094066057774,-26.9356049880379,-16.8108378647029
15.26,-63.9848161808714,-48.637868955408,13.34639186943,-26.9984872019739,-16.5965458443195
15.28,-64.1699717820468,-48.4458019783351,13.3077621605149,-27.0089173861755,-16.4097537498953
15.3,-64.3036707482141,-48.3086606266257,13.2894115831594,-26.9928038279488,-16.2505377549652
15.32,-64.3916054791744,-48.2161063293712,13.2930576650866,-26.9644103260267,-16.1139944052937
15.34,-64.4403855319066,-48.1594867213939,13.3204093792822,-26.9267003429938,-15.9950886900636
15.36,-64.4614442014184,-48.1286609693923,13.3673907935688,-26.8844817640169,-15.8926082865203
15.38,-64.465827419147,-48.1144610802182,13.4269075322691,-26.8475396286221,-15.8067271109086
15.4,-64.460132004935,-48.110845960978,13.4938940936399,-26.8172466149888,-15.7345031541393
15.42,-64.4471606885332,-48.114095412551,13.5657368664887,-26.78925571693,-15.6702086252043
15.44,-64.4319126864128,-48.1202343875662,13.6385858812528,-26.7554866926895,-15.6107058983013
15.46,-64.4196758962352,-48.1255030041593,13.7077198005786,-26.7144884986375,-15.5566571470188
15.48,-64.4141532533059,-48.1270194080195,13.7674210326684,-26.6720595625375,-15.5092870033805
15.5,-64.4167972022888,-48.1237371421706,13.8126793995032,-26.6370032909449,-15.4676902159997
15.52,-64.425783930842,-48.1169700411283,13.8441847060721,-26.606694978245,-15.4287310640428
15.54,-64.4368667501663,-48.1090447900052,13.8678944443164,-26.5776882090262,-15.3890252511877
15.56,-64.4503588972674,-48.1002094596147,13.8867826150092,-26.549744920376,-15.3501713156486
15.58,-64.4696054645525,-48.0892827968583,13.8995670881043,-26.5218817901588,-15.3171774469975
15.6,-64.4949813844193,-48.0760835672043,13.9057049708894,-26.4859195807266,-15.2926351358085
15.62,-64.5203112424883,-48.0634608206376,13.9105990375182,-26.4405338696393,-15.274672284353
15.64,-64.5401316498541,-48.0537800530653,13.9203164817101,-26.388977543691,-15.2604405537846
15.66,-64.5542376096721,-48.0466754646619,13.9367138109058,-26.3349354163257,-15.2487573762023
15.68,-64.5672141502121,-48.0392723947362,13.9560366564259,-26.2818788295442,-15.24101369146
15.7,-64.583498585295,-48.0291655272294,13.9745244608052,-26.228990505568,-15.2389761368745
15.72,-64.6022982905708,-48.0168089835378,13.9923620955172,-26.1729439993314,-15.2428558549109
15.74,-64.6195111776668,-48.0042077691934,14.0122763050848,-26.1142223465395,-15.2509850158381
15.76,-64.6339623226108,-47.9919505900602,14.0354824161155,-26.0535769146846,-15.2614942257719
15.78,-64.6474677128333,-47.9786400398079,14.0603348773448,-25.9931199162131,-15.2731734912225
15.8,-64.6625629447267,-47.9624377359374,14.0841650988236,-25.939209047949,-15.2857278108471
15.82,-64.678286273177,-47.9429330142595,14.1068091648036,-25.8936302889643,-15.298505729482
15.84,-64.6899705812429,-47.9216761096821,14.1316571482197,-25.8545008066713,-15.3098151063242
15.86,-64.6949757884304,-47.9001300468044,14.1612997659152,-25.8199996935023,-15.318340596241
15.88,-64.6964744157938,-47.8781402379814,14.1944115615875,-25.7891512934263,-15.3254255154109
15.9,-64.6987837128945,-47.8543384995174,14.2275280480818,-25.7613663519828,-15.3332683417712
15.92,-64.701943595735,-47.8281298279365,14.2594300149471,-25.7353237616822,-15.3418338811698
15.94,-64.7029899225548,-47.8008327882257,14.2923310045719,-25.7085622867997,-15.3491934741857
15.96,-64.7020730992866,-47.7732446775783,14.3268272573164,-25.6804229548122,-15.3552065030872
15.98,-64.7005111397648,-47.7451264018557,14.3624449754498,-25.6519312668259,-15.3611495734502
16,-64.6985929226943,-47.7163196750063,14.3991541396441,-25.6240264113495,-15.3678688439227
16.02,-64.6964406709666,-47.6869007482539,14.4375638728299,-25.5965693612692,-15.3749123566008
16.04,-64.6946836822289,-47.6569430235209,14.4785452299358,-25.569083661079,-15.3815679079722
16.06,-64.6944506963001,-47.6259837351266,14.5213987919806,-25.5416304978677,-15.388040069874
16.08,-64.6969035397968,-47.5933970298896,14.565060485776,-25.5144338702633,-15.3946578903369
16.1,-64.7029151422184,-47.5578597404785,14.6073892724804,-25.4878168740277,-15.3999781168451
16.12,-64.7120125127567,-47.519095490191,14.6476656517725,-25.4596679665521,-15.4007733471905
16.14,-64.7245207238849,-47.4774281822276,14.685029924445,-25.422980393766,-15.3953662916951
16.16,-64.7400363698936,-47.4337355425916,14.7194651813818,-25.3775933108535,-15.3870561340739
16.18,-64.7551335352785,-47.3897886571905,14.7526456678196,-25.3303540401789,-15.3799418118623
16.2,-64.7663748145168,-47.3475678939194,14.7861438920253,-25.2868537034956,-15.3752414584287
16.22,-64.77263957342,-47.3086924241483,14.820955068164,-25.2481545750605,-15.3732293438626
16.24,-64.7729475402747,-47.2741492189717,14.8579627702224,-25.2122305613451,-15.3735944400825
16.26,-64.7674178313403,-47.2440807160762,14.8972012335918,-25.1775574141584,-15.3760262246513
16.28,-64.7576597530937,-47.2181449322653,14.9376934540249,-25.146177190026,-15.3815815279432
16.3,-64.7435090709441,-47.1966458413353,14.9796567417544,-25.1198178818088,-15.3905102910423
16.32,-64.7238555036643,-47.1800521207809,15.0230199105935,-25.0981982224356,-15.4022689073132
16.34,-64.6993762117741,-47.167890509864,15.067228440063,-25.0803099785649,-15.4161083709238
16.36,-64.6726630662746,-47.1587339582336,15.1114408889074,-25.0656469804144,-15.4322640879769
16.38,-64.6462057799198,-47.151579026337,15.155677866027,-25.053413503947,-15.4516121523023
16.4,-64.6220605643732,-47.145316231081,15.1993994164361,-25.0466303058564,-15.4740658879558
16.42,-64.6023065361902,-47.1389873882242,15.2412479603046,-25.0556307111815,-15.4988779079499
16.44,-64.5883404362864,-47.1326409442783,15.2806232097516,-25.0765419901055,-15.524919951678
16.46,-64.5805783555703,-47.1266897566314,15.317244181366,-25.1114465517806,-15.5515550199661
16.48,-64.5787333774282,-47.1218402418103,15.3506916624218,-25.1594167476275,-15.5783483841569
16.5,-64.5830524187845,-47.1185253696856,15.3801198909709,-25.2153094598707,-15.6043220621398
16.52,-64.5949399200995,-47.1165953379481,15.4030228576071,-25.2776690435043,-15.6289371781725
16.54,-64.6152525844424,-47.1160398662559,15.4164232851838,-25.3418543232405,-15.6516929700534
16.56,-64.6424357588506,-47.1174599564272,15.4192105978352,-25.3976285366205,-15.6703190572959
16.58,-64.6752460455049,-47.1206466084646,15.4096399359178,-25.4397842603444,-15.6819936749861
16.6,-64.7126234863084,-47.125247339524,15.3860886250805,-25.4679604636649,-15.6844449185351
16.62,-64.7524147342315,-47.13190351565,15.3476364512621,-25.4747528048567,-15.6747981620898
16.64,-64.7917950429806,-47.141722898034,15.2941501996719,-25.4572930839755,-15.6507546239111
16.66,-64.8286300861676,-47.1555398665726,15.2241722538136,-25.4200168986205,-15.6138187370402
16.68,-64.8595793034454,-47.1744649632371,15.1360713868589,-25.3702719994465,-15.5686585899825
16.7,-64.8774266336726,-47.2014742973316,15.0318548159912,-25.3130162434198,-15.5180005888182
16.72,-64.8735138962891,-47.2409280339944,14.9171768186815,-25.2504552044326,-15.4634387793873
16.74,-64.8410025370672,-47.2962158946049,14.794138684412,-25.183918562021,-15.4085307105836
16.76,-64.7760642619553,-47.3688799834544,14.6599486231408,-25.1143612632179,-15.3583696762082
16.78,-64.6752523975622,-47.46023161792,14.5128462702589,-25.0427966655653,-15.3183363052026
16.8,-64.531331475767,-47.5718217295475,14.3557740737269,-24.9686498014337,-15.2929003638882
16.82,-64.3307917011108,-47.7064549896493,14.1988953790583,-24.8768436622794,-15.2839999174953
16.84,-64.0657801717611,-47.8632891451534,14.0491984924502,-24.7681239844778,-15.2924320459063
16.86,-63.7471154195775,-48.0340183938994,13.899957984922,-24.6472472001229,-15.3209568188596
16.88,-63.3971151580102,-48.2048247528444,13.7356781271246,-24.5188872213929,-15.3729431586102
16.9,-63.0316144427484,-48.3621187727791,13.5482962578375,-24.3890130042113,-15.4492789054146
16.92,-62.6654949855572,-48.4859868142979,13.3315263886257,-24.2695679975325,-15.550027992688
16.94,-62.3075550759622,-48.56377908412,13.0802062279049,-24.1671313319568,-15.6762141386424
16.96,-61.953511137389,-48.6011999081777,12.8068840180349,-24.0727118690985,-15.8230905586094
16.98,-61.6045992801558,-48.6011037804512,12.5334026899027,-23.9783775998779,-15.9830529863645
17,-61.270170801329,-48.5566710034288,12.2765148353442,-23.8850348071753,-16.1518348428011
17.02,-60.9456711756745,-48.4744240287446,12.0482993502776,-23.784856413623,-16.3281134238392
17.04,-60.6198240329399,-48.3702512560357,11.8647982662246,-23.6631473075328,-16.5092016943666
17.06,-60.3078967673964,-48.2373880040512,11.7232863930362,-23.5202293240805,-16.6952570807827
17.08,-60.0320487243295,-48.0679634687351,11.6130638129888,-23.3546407615811,-16.885206625504
17.1,-59.8170994184009,-47.8515839719736,11.5206863425202,-23.1674572834396,-17.0769892715073
17.12,-59.6722226527341,-47.5832942141447,11.4441488967119,-22.9581851740743,-17.2640917565161
17.14,-59.5959903548185,-47.2590895183353,11.3908979545093,-22.730165074192,-17.4387569646398
17.16,-59.585504112862,-46.8808544404901,11.3675106067814,-22.488320197394,-17.5999552267002
17.18,-59.6064553659585,-46.4882468458369,11.3814008601149,-22.2125047837002,-17.7516838689402
17.2,-59.6418500368496,-46.103191913848,11.4278904841814,-21.8950093571268,-17.9003563673169
17.22,-59.6937724510507,-45.7238246458305,11.503784758016,-21.543492206866,-18.0470321217872
17.24,-59.75360898728,-45.3568358804868,11.6289814333773,-21.1583827090123,-18.1833907881926
17.26,-59.7879132529554,-45.0381577909534,11.8220934089329,-20.7222364510921,-18.3048259780061
17.28,-59.811494959024,-44.7592553340511,12.0759852511555,-20.2549936921328,-18.4181203476082
17.3,-59.8544361463915,-44.4969401019935,12.3766264016622,-19.7973811934142,-18.531821845459
17.32,-59.9327064350535,-44.2388704961939,12.7157342383123,-19.3918776605442,-18.6472704076037
17.34,-60.0521426418716,-43.9808122220907,13.0898803048626,-19.0371703168559,-18.7584028278132
17.36,-60.2141323847651,-43.7267948425357,13.4933185791131,-18.7239583464389,-18.8611007952588
17.38,-60.4314215219491,-43.4733565882702,13.9130897562967,-18.4544743045783,-18.9561429537275
17.4,-60.7227605514799,-43.2072669993986,14.3363467961965,-18.2706340058622,-19.0441389617919
17.42,-61.0689136877849,-42.9443133550032,14.7635205962759,-18.190163697615,-19.1159330513987
17.44,-61.4544636136376,-42.7002106351685,15.1940525629258,-18.2428706609225,-19.1642178161481
17.46,-61.8741323799349,-42.4862192456521,15.621010743766,-18.3935890042995,-19.1884269537718
17.48,-62.3247294073474,-42.309639084637,16.0331273197942,-18.6102679847354,-19.1904831004585
17.5,-62.8037131491655,-42.1693064448631,16.4105171691692,-18.871246337695,-19.1724723206531
17.52,-63.3211267539919,-42.0538688622131,16.6493215266804,-19.1615022876454,-19.161128009707
17.54,-63.8770540824628,-41.9637518159319,16.7162557894736,-19.4646088722274,-19.1631351009534
17.56,-64.455134469429,-41.9103138684337,16.6487022267008,-19.7668973315921,-19.1655437001199
17.58,-65.0366859472821,-41.9037502995177,16.4788789587628,-20.0604129536423,-19.1591237439595
17.6,-65.6083224163489,-41.9493007161608,16.2303244701583,-20.3405722917071,-19.1381723471221
17.62,-66.1617921243327,-42.0479143175835,15.9156996518295,-20.6035215307229,-19.099622449054
17.64,-66.6939796446574,-42.19812039071,15.5427409898555,-20.8473282484374,-19.0427759064638
17.66,-67.2037973444541,-42.3952833535776,15.1138693282082,-21.0746293205538,-18.9696414993371
17.68,-67.6873774857572,-42.6351078308046,14.629010109208,-21.2914111087915,-18.8860219135861
17.7,-68.1354157069173,-42.9153967418041,14.0898266311448,-21.5034642805049,-18.7989341514931
17.72,-68.5359783302313,-43.2368984876608,13.5008451403375,-21.7120628352682,-18.713771580673
17.74,-68.8799310667261,-43.6015560332833,12.874400390225,-21.9181894086907,-18.6346167481319
17.76,-69.1608162195466,-44.0084514190166,12.2222551193165,-22.1248086872493,-18.5658504473285
17.78,-69.3711097697954,-44.4548210153678,11.550337996858,-22.3311431028268,-18.5112100587706
17.8,-69.5092141733297,-44.9355779902008,10.8603468631518,-22.5331727930474,-18.4745108426772
17.82,-69.5783118098075,-45.4430031856765,10.1532192027126,-22.7272042960635,-18.459058703766
17.84,-69.5796725506584,-45.9687586080319,9.4291857979522,-22.9110893101519,-18.4683269222367
17.86,-69.5147350398798,-46.5057381902398,8.69128399499553,-23.0847718731199,-18.5069493829058
17.88,-69.3880194482963,-47.0477165482689,7.94616580135555,-23.2478119409945,-18.5792052846729
17.9,-69.203823245089,-47.5875997580763,7.20373120359321,-23.3961707801882,-18.6836631164112
17.92,-68.9986346814796,-48.0780715784526,6.46971505928601,-23.5508691777671,-18.8158671527883
17.94,-68.836112157098,-48.440498640498,5.7443659582279,-23.7582532551715,-18.9747219277715
17.96,-68.7407945288535,-48.6430053901665,5.04400157452761,-24.0365392503889,-19.1584809686255
17.98,-68.7217922450482,-48.6701891691838,4.37805902189285,-24.3910451535807,-19.3660882796276
18,-68.7566533792644,-48.5448378416003,3.75107192800145,-24.799477669493,-19.5958819441201
18.02,-68.8145419096489,-48.3024952895052,3.17877834131126,-25.2297141544274,-19.8403902094071
18.04,-68.8682489550273,-47.9761781251311,2.6743985298345,-25.6531364765286,-20.0919729400297
18.06,-68.8931942283302,-47.6000227399083,2.25409347573684,-26.0431136162014,-20.3433075475814
18.08,-68.8659471529262,-47.2123685529222,1.92679915854238,-26.3739983984409,-20.5920975265067
18.1,-68.7985865094861,-46.8098443019094,1.68051723192578,-26.6515731714022,-20.8448020203159
18.12,-68.7113485523247,-46.3785161060078,1.50094437924477,-26.8886309386305,-21.1097244018361
18.14,-68.6136702936797,-45.9187327076538,1.37859052328802,-27.0861415576746,-21.3937152546179
18.16,-68.4905646352241,-45.4632121990596,1.31220212732275,-27.2189005151546,-21.6983037411469
18.18,-68.3557125718644,-45.0107074916555,1.2920563963063,-27.2843086112593,-22.0277978730814
18.2,-68.233227049027,-44.5426640517449,1.30699022973733,-27.2937364634656,-22.3877242269385
18.22,-68.1372040884084,-44.0470541945308,1.35208721378133,-27.2567609496806,-22.7810326392377
18.24,-68.0743815965638,-43.517520596595,1.43169578004705,-27.1801150168438,-23.2042354501061
18.26,-68.0484043498982,-42.9508517438109,1.55440125109297,-27.0697086170171,-23.6481383966805
18.28,-68.0632796977307,-42.3450540693477,1.7281722267897,-26.9332460429637,-24.1026934658654
18.3,-68.1205396216944,-41.7040979054629,1.96212896886966,-26.7778674414552,-24.5579012868251
18.32,-68.1957011548057,-41.0661605659137,2.28210465667702,-26.5915998430513,-24.9994729222771
18.34,-68.2516323209292,-40.4868097284965,2.70759915575363,-26.3535210370724,-25.4162957856863
18.36,-68.2808741545131,-39.9829064475705,3.22549126019395,-26.0660176833357,-25.8032150658308
18.38,-68.3058798275612,-39.5282397168664,3.81337425072848,-25.7769274502673,-26.1574540130962
18.4,-68.3700402619151,-39.0594265232339,4.44147018428574,-25.6081231201704,-26.4745423129208
18.42,-68.4749559122636,-38.559448473057,5.07063472768954,-25.5894292646147,-26.7464919082178
18.44,-68.6029856106309,-38.0518076284916,5.71007648294616,-25.7179996760933,-26.9574340479493
18.46,-68.7582029674925,-37.5514992317569,6.37251382032462,-25.9771958624077,-27.0978456925691
18.48,-68.9579642079548,-37.0655539163568,7.04120484807391,-26.3275604120591,-27.1723839609113
18.5,-69.2244120488621,-36.5943139326534,7.68489995364109,-26.7400644200556,-27.1905795643769
18.52,-69.5734076691365,-36.136496217605,8.27547164921664,-27.1935299547477,-27.1621452639223
18.54,-70.0097542454029,-35.6950984288413,8.79804389248711,-27.6723852831879,-27.0933615676411
18.56,-70.5266711400994,-35.2779585184867,9.24871578500435,-28.1634554504948,-26.9872610045695
18.58,-71.1043814133851,-34.898485120435,9.63340153690744,-28.6518771776611,-26.8417275134619
18.6,-71.7169301341441,-34.5701652936165,9.95407104363645,-29.1245522996837,-26.6556596383819
18.62,-72.3423669484325,-34.3047408747724,10.2116182903822,-29.5753811376055,-26.4331476508214
18.64,-72.9654356973409,-34.1108617045942,10.4056514716628,-30.0021374128703,-26.1810062220323
18.66,-73.5760978702436,-33.9894497090401,10.5264514600484,-30.4022996483092,-25.9055132612335
18.68,-74.1660427967385,-33.9385718356326,10.5640075641036,-30.7731458503716,-25.6103065405939
18.7,-74.7255449048245,-33.9596509730581,10.5167039954641,-31.1139219129346,-25.2976674930022
18.72,-75.243725302933,-34.0557380718496,10.3933603877478,-31.4255765488495,-24.9675558545385
18.74,-75.7100969664403,-34.2246528151923,10.1993650050769,-31.7116399014634,-24.6203103488608
18.76,-76.1240193041199,-34.4600078296909,9.93855648350197,-31.9815842205764,-24.2613896750448
18.78,-76.4873287282244,-34.7538001140174,9.60877063104458,-32.2441635150282,-23.8996408889863
18.8,-76.8029449879938,-35.0995019452234,9.2046350723848,-32.4999558346144,-23.5440032171303
18.82,-77.0815293270249,-35.4856486363953,8.71687139903177,-32.7484390321823,-23.2060342369316
18.84,-77.3851229511744,-35.8377002735483,8.11629167190699,-33.0270851654984,-22.9045212326899
18.86,-77.7605619471932,-36.0860965885123,7.3879789606076,-33.3743681733065,-22.6527517867736
18.88,-78.2358369545357,-36.1717198410069,6.54138610813144,-33.8217619229533,-22.4527342238715
18.9,-78.7314770689573,-36.1575436832562,5.62145393585854,-34.3254387068548,-22.2911835465646
18.92,-79.1749471572005,-36.1111042447075,4.64680956154985,-34.8383105645764,-22.164538799421
18.94,-79.5208499093392,-36.0907255360109,3.6507227043526,-35.3254005882307,-22.0692676497479
18.96,-79.7666279207704,-36.1093597196642,2.65566750584229,-35.7817656906904,-22.0071327005965
18.98,-79.927702691999,-36.1615585156732,1.70012151381099,-36.207816105351,-21.9695065843239
19,-80.0099390402161,-36.2593618822438,0.82636440276105,-36.5870370171892,-21.9395177062045
19.02,-80.0170856628354,-36.4138394479773,0.0382423289320383,-36.9019997468346,-21.909854973927
19.04,-79.9781266623749,-36.5984087796203,-0.680524489890276,-37.1608133923128,-21.8826361139206
19.06,-79.9070056802857,-36.8097496225017,-1.3098541087467,-37.3632453518711,-21.8503550780548
19.08,-79.8077360955035,-37.0633433211962,-1.8025035420783,-37.5010892779944,-21.7978966555974
19.1,-79.6849455164921,-37.3529612896634,-2.17115947516409,-37.5798584482861,-21.7286656808069
19.12,-79.5215973113421,-37.6936525829681,-2.462951556048,-37.5963031393762,-21.6563275570547
19.14,-79.3240836306688,-38.0760798927562,-2.69297907002362,-37.5558922819766,-21.585388509533
19.16,-79.1119846706136,-38.4747246723748,-2.85838169224545,-37.4367177244784,-21.5156779425086
19.18,-78.8986406808034,-38.8708161613168,-2.96224996040048,-37.1726322513757,-21.4471714819547
19.2,-78.6940581660963,-39.2498602055853,-3.01214585747325,-36.7398555702458,-21.3777166169859
19.22,-78.5074542638606,-39.6008144537179,-3.02022726567502,-36.1586440396221,-21.3061546931733
19.24,-78.344886389036,-39.9162210459856,-3.00061424064577,-35.4551748810568,-21.2321752408447
19.26,-78.2075059218366,-40.1931928572773,-2.96458025304269,-34.6651890998555,-21.157020567334
19.28,-78.0929866920948,-40.4336052818829,-2.91827016074401,-33.835898281042,-21.0828975915095
19.3,-77.9979582348179,-40.6424668082091,-2.86407276451444,-33.0056157471038,-21.0115253894171
19.32,-77.9192921823559,-40.8237682317585,-2.80557837081615,-32.2013596459667,-20.9444464068911
19.34,-77.855108377631,-40.9796235622744,-2.74700649392665,-31.4407915744932,-20.8829833271149
19.36,-77.803516885514,-41.1122739918178,-2.69013336304203,-30.7354567127114,-20.8262063175433
19.38,-77.7642172752961,-41.222323917277,-2.63592875804497,-30.0921403256728,-20.7730306504741
19.4,-77.7498866567263,-41.2914046406096,-2.58909574607643,-29.524031030007,-20.7245613991557
19.42,-77.7754689277717,-41.2986750357555,-2.54661548990729,-29.0424647987251,-20.6798650944751
19.44,-77.8297753127761,-41.2611459700399,-2.50398997093506,-28.6343089986747,-20.637134449519
19.46,-77.9067578480902,-41.1895890321142,-2.46447288207522,-28.2877803320229,-20.598299630325
19.48,-78.0077731824074,-41.0866750632459,-2.41370973399593,-27.9936829835398,-20.5612525378263
19.5,-78.136276840657,-40.9492706801706,-2.33098408208344,-27.744546843692,-20.5208301573508
19.52,-78.3112560864425,-40.7502438103996,-2.21317915494327,-27.5461221862693,-20.4772538872773
19.54,-78.5422210961814,-40.480812368879,-2.05988198192363,-27.3933612761357,-20.4332584804951
19.56,-78.8378748171938,-40.1323915711579,-1.87621579173849,-27.2816697658554,-20.3951687217319
19.58,-79.2236705104222,-39.6598054620468,-1.68524548030879,-27.2282914390742,-20.3753318648449
19.6,-79.684707435174,-39.0713013082082,-1.47327396335559,-27.2188677049951,-20.3730413905396
19.62,-80.1930816188362,-38.3938031549275,-1.21347647503751,-27.1897715507104,-20.3766615375244
19.64,-80.7226870393081,-37.6536381595664,-0.892546739548166,-27.1014748894516,-20.3798552603164
19.66,-81.2540448820274,-36.8736080412344,-0.512537171710729,-26.9595882736369,-20.3864753444494
19.68,-81.7772691424828,-36.0687254875504,-0.0884570151442958,-26.7737134775044,-20.4050123597205
19.7,-82.2864290553554,-35.2466522597479,0.355663377783517,-26.5545458685333,-20.4468937491977
19.72,-82.7763976814394,-34.4124144569529,0.796841776349457,-26.312929020528,-20.5238352054034
19.74,-83.2388139586867,-33.57560341076,1.21881680524908,-26.0571271272707,-20.6442555211908
19.76,-83.6573465857035,-32.750929057936,1.61377359988516,-25.791009139219,-20.8088678678623
19.78,-84.0166722960476,-31.9594919362593,1.98171536757697,-25.5141785425572,-21.0145299173119
19.8,-84.300662843164,-31.2221617217131,2.3204382369087,-25.2241267541783,-21.256130098474
19.82,-84.4947067440202,-30.5557492931575,2.62691704331789,-24.918715753841,-21.5265007504102
19.84,-84.5906023776939,-29.9698767529591,2.89513072691737,-24.6004506738578,-21.8204934107696
19.86,-84.5852357868468,-29.466410224785,3.11458273096764,-24.2761430219019,-22.1348580378364
19.88,-84.4777965080214,-29.0440732862568,3.27135695155052,-23.9524893815801,-22.4666146571788
19.9,-84.2685556725731,-28.703300396741,3.3515571078738,-23.6339147895458,-22.8126993601479
19.92,-83.9564583518567,-28.4502534615065,3.34800787368868,-23.3352762409773,-23.1664200479267
19.94,-83.541648231908,-28.2932130263761,3.25727987644699,-23.153925358808,-23.5226581161015
19.96,-83.0287658939675,-28.2394398704869,3.07496643884258,-23.0785394270621,-23.8776158042467
19.98,-82.4146808828804,-28.3118676517459,2.79267760167532,-23.0587125639309,-24.2303845188416
20,-81.6915454896966,-28.550621051486,2.41248212888516,-23.0493026785704,-24.5795159993265
20.02,-80.8395427651979,-29.0277560344909,1.96823583026979,-23.0024544780275,-24.9152070677009
20.04,-79.9019343445463,-29.7071570830677,1.46515385737833,-22.9255116553317,-25.2350376438631
20.06,-78.9186339881511,-30.5509553952743,0.918917772544253,-22.8315106404126,-25.5322381898597
20.08,-77.9153235345265,-31.5368883280379,0.342632882585496,-22.7272039790865,-25.8006333519772
20.1,-76.9140760032158,-32.6437421163346,-0.252720899566976,-22.6175324199059,-26.0341788928998
20.12,-75.936693835102,-33.8397895296984,-0.874617271777284,-22.5127499648968,-26.2343786847714
20.14,-75.0006094122747,-35.0984244344276,-1.52133221894276,-22.4234004029021,-26.4035158929818
20.16,-74.1179324539596,-36.3965305431341,-2.18045881499778,-22.3576495475474,-26.5415961491807
20.18,-73.2958120266741,-37.7144385685335,-2.83588416445723,-22.3187329024178,-26.645270249893
20.2,-72.5410847912188,-39.034745603552,-3.47574306626545,-22.3058181545275,-26.711918006895
20.22,-71.8632207808681,-40.3407504461218,-4.09237215991287,-22.317880158212,-26.7412247744652
20.24,-71.2706513440215,-41.6153672342372,-4.67689268976541,-22.3559713710242,-26.7348065603992
20.26,-70.7689752586051,-42.8411087451159,-5.21722771670761,-22.4209038402253,-26.6926137456202
20.28,-70.3670249466092,-43.9924180296521,-5.71671304284462,-22.5191478723972,-26.6181721754281
20.3,-70.0748112577498,-45.0437990228991,-6.18728907017351,-22.6588985958844,-26.517249351031
20.32,-69.9106738410045,-45.9570643341078,-6.6561517432205,-22.8604811882033,-26.4011836736565
20.34,-69.8847408959179,-46.704873901254,-7.12281686786057,-23.1371920256807,-26.275175344661
20.36,-69.9970453666135,-47.2697139642211,-7.57807670242408,-23.4946662359176,-26.1418494201729
20.38,-70.2245870970975,-47.6709673078569,-7.98593767231327,-23.9091432786968,-25.9954728899749
20.4,-70.5488892712057,-47.9277220766918,-8.32006898844152,-24.3564883127095,-25.8333418850737
20.42,-70.95692594397,-48.0512880842879,-8.56661634107401,-24.8187593435202,-25.6559366348737
20.44,-71.4361675249398,-48.0481654707767,-8.71524693867807,-25.2827112184059,-25.4640455115675
20.46,-71.9744170630507,-47.9225379228996,-8.75708948113876,-25.7394765727037,-25.2585421801234
20.48,-72.5607134931758,-47.6774909331566,-8.68578752795781,-26.182990841163,-25.0413828428134
20.5,-73.1860111655166,-47.3187306099957,-8.50121782188264,-26.6040274000619,-24.8152409906764
20.52,-73.8431724231425,-46.8523704269607,-8.20784580042824,-26.9279130602943,-24.580232918101
20.54,-74.5253667072055,-46.2847505450042,-7.81180463406704,-27.0854435428146,-24.3347825320423
20.56,-75.2259161408998,-45.6226478427906,-7.32027242510314,-27.0780896799753,-24.0773105559197
20.58,-75.9402109230465,-44.8722487878366,-6.74428508984855,-26.9199364915783,-23.8057101105775
20.6,-76.6641424844514,-44.0400488364793,-6.098264032337,-26.6539709605566,-23.5263717158741
20.62,-77.3928649635253,-43.1343311274266,-5.39753510414059,-26.3260306201128,-23.2488476299196
20.64,-78.1203375743467,-42.1644644419504,-4.65747140338864,-25.9668218357173,-22.9806555419992
20.66,-78.8420761380772,-41.1406315882122,-3.88894192741315,-25.5960269703991,-22.7275809459908
20.68,-79.5535856994455,-40.0736725761017,-3.10421914079073,-25.2281155670388,-22.4973903475199
20.7,-80.2458466476858,-38.9787051943008,-2.3080982267287,-24.8722730841347,-22.2958679755626
20.72,-80.9075845612125,-37.8742303337866,-1.50054869041125,-24.5336903808822,-22.1263106664029
20.74,-81.5282064417243,-36.7794793157724,-0.682996181889118,-24.2127608917818,-21.9894336754637
20.76,-82.0979935968918,-35.7103047343815,0.134736734024281,-23.9069244094387,-21.8845698760056
20.78,-82.6111167859247,-34.6786273397531,0.940554618231629,-23.6139309355998,-21.8109426732961
20.8,-83.0663519741686,-33.6926817755208,1.72163336592374,-23.3356274224129,-21.7705921376361
20.82,-83.4589805283287,-32.7595498185949,2.46488370346115,-23.0752990574922,-21.7657563824136
20.84,-83.7808697791963,-31.8904215019853,3.16367243981082,-22.8308333790676,-21.7938925524305
20.86,-84.0216053012006,-31.0981025111652,3.81402765624224,-22.5955341250311,-21.8480968761486
20.88,-84.1741522000022,-30.3893044388131,4.40653876134584,-22.365459157746,-21.9237410662239
20.9,-84.2358276227263,-29.7633338865822,4.92462147240945,-22.1409006508553,-22.0212840109186
20.92,-84.2071637690829,-29.2170037609492,5.3501428062013,-21.9287072198693,-22.1439191033133
20.94,-84.090186028753,-28.7477483006716,5.66713303909997,-21.8299708418284,-22.3004098009106
20.96,-83.8865204640231,-28.3547293472063,5.86150835061241,-21.8909026730994,-22.4909227218605
20.98,-83.5387991213006,-28.1089669366093,5.92330101599642,-22.1024111405139,-22.7111382218339
21,-82.9814124381187,-28.1001882635455,5.85702693925388,-22.4225184057347,-22.95760920319
21.02,-82.2500194244388,-28.3073442287061,5.67960386936924,-22.8151927821037,-23.222166670671
21.04,-81.3959016885446,-28.687609064279,5.39882263962432,-23.2362908458083,-23.4969886516903
21.06,-80.4276787649846,-29.253487966499,5.0253921791816,-23.6308974251971,-23.7726377027164
21.08,-79.362692470901,-30.0107759786001,4.57631415746866,-23.9635170928375,-24.0403058391711
21.1,-78.2523012626531,-30.9113928998612,4.0558056130476,-24.2374963306496,-24.2976781096013
21.12,-77.1393968899185,-31.9140191290676,3.47931693255215,-24.4612164923725,-24.5407747365325
21.14,-76.0461739513664,-32.9984581105793,2.86364775705268,-24.6382038250418,-24.7646134446111
21.16,-74.9840729051858,-34.1540818552794,2.21604906852203,-24.7687908643134,-24.9677143376995
21.18,-73.9745553849057,-35.3559469489376,1.54408446181533,-24.8622884431485,-25.1481476255415
21.2,-73.0312962726226,-36.5827453347882,0.854966948905403,-24.9289882549891,-25.3034415775527
21.22,-72.1639241720627,-37.8175153176143,0.153044802930046,-24.9782205614579,-25.4338245746097
21.24,-71.3861110580976,-39.0393910889712,-0.56693291920877,-25.0213500502759,-25.5426620631278
21.26,-70.7116370644607,-40.2280441570267,-1.31636971718473,-25.0685892489316,-25.635238979597
21.28,-70.1553828697692,-41.3635211643829,-2.09175541588486,-25.1295194908197,-25.7121445709495
21.3,-69.7164401132616,-42.440485661025,-2.88300643436774,-25.2069495755383,-25.7720472987263
21.32,-69.3894181755612,-43.4534934208749,-3.67825753738064,-25.303990322706,-25.8124908587975
21.34,-69.173822475084,-44.3891766091823,-4.47238345528923,-25.4278943977083,-25.8332728130489
21.36,-69.0633290158355,-45.2438794434481,-5.27547257446959,-25.5810092352973,-25.8397012074287
21.38,-69.0487908002665,-46.0190727320824,-6.09113875165326,-25.7622384645068,-25.8364972428758
21.4,-69.114402381743,-46.723016699432,-6.89285577291465,-25.9635277575918,-25.8215909966217
21.42,-69.2506414082636,-47.3517803682597,-7.65386903300046,-26.1841671147801,-25.7932780173139
21.44,-69.4536905968902,-47.8949477817129,-8.37019470888589,-26.4273480711076,-25.7535101025964
21.46,-69.7170185873496,-48.3538628416583,-9.02773544991669,-26.684811361152,-25.6992647233667
21.48,-70.0489390068171,-48.70996075689,-9.62578071918241,-26.9614147011493,-25.6312265513903
21.5,-70.4614927787314,-48.9337348922566,-10.1727905299644,-27.271740765589,-25.5535955989283
21.52,-70.956595551776,-49.0079635547791,-10.6822561032745,-27.6248445816277,-25.4729532897002
21.54,-71.5233326942677,-48.9398154747256,-11.1453185171433,-28.0091605127081,-25.3890770427129
21.56,-72.1506552450273,-48.7420456730637,-11.546743147262,-28.4059525780704,-25.2980393161086
21.58,-72.8370727947339,-48.4112784438636,-11.8866704324179,-28.8103775757618,-25.2010336489011
21.6,-73.5804370151998,-47.9391567422227,-12.161030063203,-29.2243649408751,-25.1004039035317
21.62,-74.3691310366233,-47.3330512736394,-12.3520185892078,-29.6376740430804,-24.9941790245159
21.64,-75.1973787234464,-46.6005730596171,-12.4580070619737,-30.0372434439136,-24.8834180836227
21.66,-76.0650669522522,-45.7484571299706,-12.4978599463842,-30.3997360785798,-24.7748296159696
21.68,-76.9732621098369,-44.7784107235114,-12.4941355186652,-30.6299227260509,-24.6730207087443
21.7,-77.9183538587342,-43.6858054654608,-12.454775450014,-30.6819413208861,-24.5783860944196
21.72,-78.8902741994531,-42.4725813017074,-12.3715865606588,-30.5896015690659,-24.4913721553282
21.74,-79.8825208299974,-41.1413766674012,-12.2374033267995,-30.4074171761485,-24.4132369169512
21.76,-80.8921300145582,-39.6937207964394,-12.0515711942221,-30.1726719924149,-24.3413355270301
21.78,-81.9154895668953,-38.1330554491173,-11.817247086779,-29.9110665547186,-24.2738676649607
21.8,-82.9459144654208,-36.46848814401,-11.5340832362687,-29.6391772776586,-24.2118931268571
21.82,-83.9678801033306,-34.7296954783672,-11.199520835673,-29.372317657448,-24.1584260210029
21.84,-84.9583563027118,-32.9703959143519,-10.8132611102205,-29.1214364090184,-24.1183940619836
21.86,-85.8988795285616,-31.2346845442356,-10.3792407537183,-28.8904105040155,-24.0952973651755
21.88,-86.7754428949492,-29.5557673998716,-9.90555967195022,-28.6794035580124,-24.0915227622578
21.9,-87.5800089196524,-27.9585822310217,-9.40069546026347,-28.4853108433293,-24.1086407056341
21.92,-88.3108041036407,-26.460566314927,-8.86523721627748,-28.3045319479535,-24.1456028844486
21.94,-88.9671004829559,-25.0727364203582,-8.3025270741926,-28.1371734757852,-24.2029401303392
21.96,-89.5511913910339,-23.8003775316259,-7.71027684642682,-27.9795088842465,-24.2768147314382
21.98,-90.0659901454773,-22.6448602499981,-7.089286370829,-27.8269135097552,-24.3625865579723
22,-90.5124246321975,-21.602962563422,-6.45393100489607,-27.6775072515257,-24.461560246785
22.02,-90.8929751379804,-20.6692720767621,-5.81913354775142,-27.5290945571027,-24.5763292087082
22.04,-91.2152686614349,-19.8384362064819,-5.19102549148707,-27.3785860993308,-24.7071920793287
22.06,-91.479625207228,-19.0979741732342,-4.58212709483078,-27.2233867335631,-24.8528876122764
22.08,-91.6818512913997,-18.4308626698594,-4.01493851784927,-27.0646828798587,-25.0171236926776
22.1,-91.8247810579202,-17.8249684239402,-3.49533238555323,-26.9016805343477,-25.1987896373468
22.12,-91.9088532137787,-17.2668984454353,-3.02819588507829,-26.7329102850701,-25.393780154602
22.14,-91.9321441797399,-16.7429714208925,-2.62423308457751,-26.569655061635,-25.6001510109491
22.16,-91.8887397445257,-16.246560132236,-2.29944938883049,-26.4427408242033,-25.8202187959287
22.18,-91.765138689888,-15.7945737059227,-2.067512057548,-26.4453166319086,-26.0621291858266
22.2,-91.5491661656031,-15.40273090828,-1.93980364723058,-26.5780756454209,-26.3242126622632
22.22,-91.2337012889875,-15.0818553203195,-1.92789685887829,-26.7869395023182,-26.6007719304027
22.24,-90.779834963812,-14.9591059991983,-2.01083507716179,-27.0017983404467,-26.8792226676691
22.26,-90.1335702733162,-15.2569102908413,-2.12244767101062,-27.1630740692939,-27.1372408715867
22.28,-89.296529765401,-16.0176096937903,-2.23551449559746,-27.2492098313364,-27.3640966971802
22.3,-88.2913456295761,-17.1700270766702,-2.36622121687494,-27.2532463423075,-27.5622862393119
22.32,-87.1495334322424,-18.6296875535782,-2.52923005952147,-27.1771262175991,-27.7340015792913
22.34,-85.9123002019991,-20.3078531601535,-2.73348683290199,-27.0302542355508,-27.8804464105485
22.36,-84.6312433237885,-22.1114629955893,-2.97993987711742,-26.832863065575,-28.0034554900169
22.38,-83.3505493496418,-23.9584661442655,-3.275849991014,-26.610011277996,-28.108411859184
22.4,-82.103490200945,-25.7920245735174,-3.62322557031208,-26.3836005275482,-28.1991103845903
22.42,-80.9173618026367,-27.5659551735258,-4.03011220033956,-26.173776647258,-28.2794428131907
22.44,-79.8031062805596,-29.2781187670075,-4.48738425549682,-25.9830111242836,-28.3470265823378
22.46,-78.7708632456301,-30.928986983864,-4.98248048233091,-25.8115092839014,-28.3994836504891
22.48,-77.8293287954474,-32.5143423021684,-5.50692728507381,-25.6620894352462,-28.4370029310613
22.5,-76.9874057855846,-34.0211255800593,-6.06307802061849,-25.5415412038157,-28.462875689474
22.52,-76.2554113747733,-35.430999240226,-6.66905466495999,-25.4586260383993,-28.4841428410504
22.54,-75.6320690932266,-36.7526416793731,-7.33125372088072,-25.4082290717917,-28.5050316690952
22.56,-75.1155456351909,-37.9982769418806,-8.02969027816876,-25.38214387042,-28.5231078596981
22.58,-74.7004634843743,-39.1726321444429,-8.73677149019917,-25.3751174205455,-28.5332501221207
22.6,-74.3925509288502,-40.2509595163497,-9.44235289855902,-25.3959145191725,-28.5332718015469
22.62,-74.2049516644684,-41.1935246585554,-10.1672732101642,-25.4635988359127,-28.5285753933349
22.64,-74.1519302942558,-41.9640335726517,-10.9296583579728,-25.5978733622827,-28.5256610368405
22.66,-74.239989348085,-42.5361616337194,-11.7219326971057,-25.8112787769485,-28.5240206975778
22.68,-74.4470380790858,-42.9288498353548,-12.5223466226685,-26.0917140807469,-28.5206587475805
22.7,-74.7399192664894,-43.1823239937545,-13.3018180800064,-26.4137607350297,-28.51140928032
22.72,-75.0988922627565,-43.3187390167938,-14.0324420511619,-26.7576424206871,-28.4911652994303
22.74,-75.5123636518514,-43.3465497352196,-14.7013032441344,-27.1123965127151,-28.4589033010112
22.76,-75.9775779227244,-43.2555297689687,-15.3008311004851,-27.4787598999989,-28.4158034337613
22.78,-76.4858513455157,-43.0492005426552,-15.8112102854562,-27.8476515785659,-28.3586449004175
22.8,-77.0298359161373,-42.7335707230994,-16.2218616491243,-28.2088585353664,-28.2859482806541
22.82,-77.6061249725068,-42.3111589337307,-16.5346450854659,-28.5569171925823,-28.2002734915229
22.84,-78.2117882246441,-41.7823590941116,-16.7540606231772,-28.888963305237,-28.1049093758423
22.86,-78.8432342999413,-41.1483384029151,-16.8844882056627,-29.2046667688255,-28.0035797583595
22.88,-79.4956481048262,-40.4117120943149,-16.9278554082531,-29.5038792679079,-27.8985175972059
22.9,-80.1638708788393,-39.5769127017016,-16.884206158343,-29.7436871325397,-27.786403466686
22.92,-80.8430360914542,-38.650257547027,-16.7570030540437,-29.8523666556116,-27.6590576299011
22.94,-81.528603358948,-37.6391664251941,-16.5536452851683,-29.8247904650631,-27.5153627749161
22.96,-82.2156417194477,-36.5542120778222,-16.2784778590112,-29.6820755798462,-27.3596907766146
22.98,-82.8985959760349,-35.4111440798092,-15.9299756055602,-29.4614845657333,-27.1992415087547
23,-83.5709076171319,-34.2290129840249,-15.5026812206602,-29.2037190953417,-27.0398847100044
23.02,-84.2262955845613,-33.0276855838147,-14.9954504931846,-28.9463313443369,-26.8851334595823
23.04,-84.8612632202874,-31.8241153266687,-14.4199505724414,-28.713604782713,-26.7365810233442
23.06,-85.4743403710178,-30.6307955033753,-13.7946623288789,-28.5089300663835,-26.5964864043104
23.08,-86.0635835826512,-29.4565518793336,-13.1370158770568,-28.3442455285282,-26.4679679104999
23.1,-86.6255479766804,-28.3101941413521,-12.4580101160863,-28.2451042355308,-26.3527640532251
23.12,-87.1571672312229,-27.20262543144,-11.7639158353457,-28.2056718692213,-26.2515538874189
23.14,-87.6565329371395,-26.1464538771865,-11.0597141394922,-28.205987371091,-26.1629969652312
23.16,-88.1229322135897,-25.1524510206799,-10.3499832229576,-28.2295197165919,-26.0849922719231
23.18,-88.5577057203246,-24.2266164574778,-9.6398918495806,-28.2652868367822,-26.0166847676966
23.2,-88.9635779797753,-23.3664886077338,-8.94088173361109,-28.3065118195777,-25.959653082182
23.22,-89.3435502534918,-22.5655464969483,-8.26846380717245,-28.3507791398044,-25.9181566128371
23.24,-89.6987200447787,-21.8238436558812,-7.63211815974794,-28.4213955695466,-25.8970867691904
23.26,-90.0290663703582,-21.1507498150709,-7.02923279967001,-28.575039066721,-25.8994974212929
23.28,-90.334738526587,-20.5555870851566,-6.45529090336661,-28.8000972327896,-25.9163953561651
23.3,-90.6163609307061,-20.0368695718831,-5.91582175676103,-29.0657642342025,-25.939123109469
23.32,-90.8766413763799,-19.582827812498,-5.42454349420782,-29.3477727009673,-25.9675018670344
23.34,-91.1172691343003,-19.1780181739502,-4.99463235160279,-29.6322434616053,-26.0068334357495
23.36,-91.3365258559492,-18.8199015933295,-4.62247006393904,-29.9127584458919,-26.0566724922927
23.38,-91.5310343122211,-18.5189544284052,-4.29042705505962,-30.1782569342839,-26.1067766126346
23.4,-91.7010896975277,-18.2782147181067,-3.98830595412485,-30.4179175183933,-26.1489827600958
23.42,-91.8507685142128,-18.0861232562649,-3.71796119277834,-30.6239611846599,-26.1821456145458
23.44,-91.984303334227,-17.9277016224093,-3.48182824763944,-30.7909342998347,-26.2085478480898
23.46,-92.1036298583723,-17.7943315692848,-3.27677392501048,-30.9276649730701,-26.2301316383917
23.48,-92.2097136718609,-17.6816860423363,-3.09951975509179,-31.0404145342748,-26.2482304791016
23.5,-92.304209619148,-17.5832447522488,-2.95185028433702,-31.132314909809,-26.2656700315847
23.52,-92.3885910901519,-17.4926552312754,-2.83578849418281,-31.2061596558618,-26.2848994766783
23.54,-92.463016102362,-17.4092212528274,-2.74818247974273,-31.2642340652526,-26.3053876202971
23.56,-92.5281750681759,-17.3337765175269,-2.68375044346089,-31.3089560292,-26.3257324630969
23.58,-92.5856660323421,-17.2629910515968,-2.64114665136281,-31.3426719388551,-26.3465035719512
23.6,-92.6366138263338,-17.1914721526903,-2.62127421537488,-31.3678191632925,-26.3695844068919
23.62,-92.6810232553831,-17.1163964600306,-2.62329243881111,-31.3865739235069,-26.395695768816
23.64,-92.7184997135785,-17.0395875170068,-2.64294519579182,-31.3994521123469,-26.4231348718243
23.66,-92.749790052829,-16.9635119399792,-2.67588057884776,-31.407203382145,-26.4509680664175
23.68,-92.7758903331188,-16.8904284660089,-2.71865963662859,-31.4111651719671,-26.4796018094134
23.7,-92.796849557994,-16.8251153836248,-2.76631197441344,-31.4116831324596,-26.5087316338244
23.72,-92.8120476460814,-16.7709324020196,-2.81479010022773,-31.4083321944755,-26.5369887465316
23.74,-92.8218400832693,-16.7266616851907,-2.86378101326351,-31.4000289382148,-26.5632460788362
23.76,-92.8275739384468,-16.6863883972541,-2.91687339951299,-31.3869962678697,-26.5884065656984
23.78,-92.8301038312269,-16.6457179235278,-2.97704391040382,-31.3710776662335,-26.6144767731158
23.8,-92.8292935071601,-16.607522846183,-3.04131130428527,-31.3530557051526,-26.6410926377186
23.82,-92.8253073748956,-16.5769296394281,-3.10412940270211,-31.3334484411669,-26.6667936819616
23.84,-92.8188065832648,-16.5545723591553,-3.16376501728583,-31.3132063985886,-26.6913182704516
23.86,-92.8110604821556,-16.5372491510683,-3.22170641528535,-31.2926460865441,-26.715342323614
23.88,-92.8045519465488,-16.5218156732379,-3.27884638035784,-31.2717344083528,-26.7404201486812
23.9,-92.8009253995709,-16.5054624751842,-3.33643447226805,-31.2501583329146,-26.768326493294
23.92,-92.8010696408816,-16.4872438009187,-3.39417484911313,-31.2276258398219,-26.7997612005594
23.94,-92.8053955419934,-16.4668523058251,-3.45136169305512,-31.2038546960638,-26.8348222594589
23.96,-92.8133680264623,-16.4431825767397,-3.50870082794595,-31.1787180993982,-26.8738586850344
23.98,-92.8247274567533,-16.4163521429275,-3.56575860275218,-31.1518335827657,-26.9166997495539
24,-92.8391951583513,-16.3855236289548,-3.62381466085105,-31.122986745928,-26.9641293257967
24.02,-92.8559617879033,-16.3487310777046,-3.68678052661597,-31.0916950015039,-27.0182245385645
24.04,-92.8746005500554,-16.3054905373307,-3.75747304712439,-31.0576256205033,-27.0812546691892
24.06,-92.8954259146027,-16.2573073962874,-3.83465668399894,-31.0214868531459,-27.1542095342509
24.08,-92.918356962947,-16.2042624718483,-3.91786317720175,-30.9838475165905,-27.2377609569372
24.1,-92.9435780356418,-16.1414868928981,-4.01213085086057,-30.9443830575431,-27.3351359144247
24.12,-92.9703707521853,-16.062925458606,-4.12651776573221,-30.9026752922535,-27.4525333975279
24.14,-92.9950026224629,-15.9718619655333,-4.2655442922534,-30.8578278902088,-27.5952309970546
24.16,-93.0158089728339,-15.8735597953304,-4.42484149423007,-30.8080417075375,-27.7647891579917
24.18,-93.0327084969358,-15.7727178512752,-4.5959650315378,-30.750922278493,-27.9601860218879
24.2,-93.0441523028284,-15.6767752818515,-4.77146420927748,-30.6833113797754,-28.1799014199656
24.22,-93.0458174231031,-15.5982026771947,-4.94662372013673,-30.6015402558293,-28.4237325379242
24.24,-93.0346402842325,-15.5429574705261,-5.12152799458603,-30.504434857556,-28.6950668998651
24.26,-93.0085580992071,-15.5125894654025,-5.29747678662783,-30.3934919560309,-28.9987750829007
24.28,-92.9655299860663,-15.5179816275381,-5.46685164129888,-30.2681106809647,-29.3344293591322
24.3,-92.9017791068115,-15.580279239393,-5.61433436250044,-30.1257985998741,-29.6969738173126
24.32,-92.8143762905814,-15.7218955847336,-5.72216937855547,-29.9653933095359,-30.0803907506907
24.34,-92.7012321187642,-15.961223011131,-5.77494618816222,-29.7872053537762,-30.4813903723618
24.36,-92.5595616899516,-16.3063067537799,-5.76578613085591,-29.5917509971307,-30.9004169611929
24.38,-92.3858035051473,-16.7561656107542,-5.6948780872852,-29.3782987306112,-31.3401298518661
24.4,-92.1760219628547,-17.306971339992,-5.56433712537975,-29.1446534879633,-31.803057422658
24.42,-91.9273487725758,-17.9474779072166,-5.37980281168317,-28.8878003938317,-32.2911701986143
24.44,-91.6401381596805,-18.6548783383331,-5.15343961885254,-28.6068325921391,-32.8067269833348
24.46,-91.3040528199805,-19.4455612950347,-4.88729142501585,-28.2922152791157,-33.3497039066386
24.48,-90.8980826024969,-20.3614784620973,-4.57671657096448,-27.9288550801791,-33.918785242455
24.5,-90.4239222318895,-21.3719248393477,-4.23109624766049,-27.5234003006982,-34.5167235107494
24.52,-89.8923310451504,-22.4347394164662,-3.85499389661494,-27.0863315971465,-35.1426956684252
24.54,-89.3112312752124,-23.5195956107214,-3.45448717049697,-26.6247383535593,-35.7951289278138
24.56,-88.6755888542566,-24.6317570782478,-3.02905450251018,-26.1349780476177,-36.4715025832848
24.58,-87.970326151402,-25.812971419085,-2.55668713730732,-25.6032538381365,-37.165571064515
24.6,-87.217427334114,-27.0155383379684,-2.03715540937974,-25.0530486369311,-37.8806070765141
24.62,-86.427530745128,-28.2038647372591,-1.47906162819936,-24.5040357572329,-38.6196445193389
24.64,-85.6042825164554,-29.3578917762284,-0.888057172302244,-23.9649371342982,-39.3808073877281
24.66,-84.7456541818737,-30.4788596817993,-0.257449418388308,-23.440073770117,-40.1611200143419
24.68,-83.845449347283,-31.5698588388303,0.414266968644669,-22.9302276741572,-40.9590509813241
24.7,-82.897681421822,-32.6317262080945,1.12080422227364,-22.4342236174438,-41.7751181730265
24.72,-81.8982176384149,-33.6741923622261,1.85338849631264,-21.946652473886,-42.614338363201
24.74,-80.8568834491217,-34.6909980328402,2.60110566897889,-21.4691854942651,-43.48209413846
24.76,-79.7886685720165,-35.670242882308,3.35821291362022,-21.0065706938472,-44.3806144504895
24.78,-78.7017789222054,-36.607466769427,4.11895939129613,-20.5609679495702,-45.3118716047493
24.8,-77.6021207041418,-37.5010384192245,4.87644893567321,-20.1330977097772,-46.2765692957722
24.82,-76.4970512671107,-38.3475666384222,5.62446692938564,-19.724900418208,-47.2730081504866
24.84,-75.3912647309953,-39.1477752009191,6.36930122473269,-19.3374614374011,-48.2959939554558
24.86,-74.28605614541,-39.9047279072533,7.11712347628734,-18.9697038435235,-49.339865345002
24.88,-73.1792086650866,-40.6224640607585,7.87117622209086,-18.6239051507744,-50.3950850225501
24.9,-72.0678500708064,-41.3046020453694,8.6312782584177,-18.3001677191202,-51.4511672500238
24.92,-70.9506445483937,-41.9540557357405,9.39474749269631,-17.9882510344919,-52.5010654816817
24.94,-69.8331892499156,-42.5700074599104,10.1553987708394,-17.6825556592414,-53.5388634158201
24.96,-68.7283225042337,-43.1487678713187,10.903766881845,-17.399495631996,-54.5592618870997
24.98,-67.6510243974613,-43.6864652414283,11.6290248603342,-17.1502540868657,-55.5594323921428
25,-66.6149460324326,-44.1803400065633,12.3223155805976,-16.930469054468,-56.5376832393595
25.02,-65.6280223412641,-44.6310641865514,12.978535232514,-16.7338040573244,-57.4891945670942
25.04,-64.6932869153803,-45.0426753001836,13.5945121215006,-16.5508453787332,-58.4061057071204
25.06,-63.8144569311179,-45.41922751867,14.1668227269477,-16.3731234373584,-59.2794951136228
25.08,-62.9964969443506,-45.7630842177369,14.6924507735723,-16.219692800107,-60.100992061434
25.1,-62.2465573071868,-46.0739063771452,15.167094170783,-16.1166625312241,-60.8618786907007
25.12,-61.5748051397745,-46.3491784683316,15.583452133789,-16.0647380138099,-61.551910394767
25.14,-60.9942526355756,-46.5848224853729,15.9304640998507,-16.0952284339045,-62.1623360139778
25.16,-60.5191628469627,-46.7767183992472,16.1959009445522,-16.2417833502554,-62.6852535465932
25.18,-60.1606596106264,-46.9248243566445,16.3704975649618,-16.4848628754399,-63.1124291335663
25.2,-59.9289665408245,-47.0299395971989,16.4485560652336,-16.806248416791,-63.4377298640574
25.22,-59.8304295043353,-47.0937770153969,16.4263168410425,-17.1873245006418,-63.6587052460436
25.24,-59.8677675538174,-47.1164670499734,16.3103660323056,-17.6133088388203,-63.7729621456909
25.26,-60.0369267181512,-47.0995930368227,16.1132602467927,-18.0774568558203,-63.7781997860707
25.28,-60.3286939988234,-47.0454333582791,15.8480790632383,-18.5725126668374,-63.6720719100224
25.3,-60.7306462490606,-46.9560821676891,15.527867218181,-19.0892289668076,-63.4521502759246
25.32,-61.2317349391569,-46.8312237583851,15.1620136343804,-19.6014123296647,-63.1163792614889
25.34,-61.8256687638254,-46.6677915474129,14.7554251268126,-20.0813613508893,-62.6641559519298
25.36,-62.5109489014948,-46.4618634910896,14.3092286776854,-20.5367151743191,-62.0985863357943
25.38,-63.2890206566047,-46.207758462779,13.8194650774847,-20.9872208494988,-61.4257760331232
25.4,-64.1619282346153,-45.9011261507476,13.281520905797,-21.4484496756747,-60.6547195859984
25.42,-65.1320808845454,-45.5397730110942,12.6926519664874,-21.9325222842901,-59.7975539479137
25.44,-66.1987678565305,-45.1210896128961,12.0486736021108,-22.44751647729,-58.8674289882647
25.46,-67.3541276104898,-44.6441829451503,11.3494688131168,-22.9940308337892,-57.8745985421053
25.48,-68.581628001514,-44.1110404405725,10.6014044025682,-23.5640335841541,-56.824352157367
25.5,-69.8567644664676,-43.5298649447638,9.81881256654862,-24.1420144087628,-55.7190329135453
25.52,-71.1604458992808,-42.9070549080104,9.01116940090927,-24.7155037172225,-54.5650590834209
25.54,-72.4822785571507,-42.2430881046349,8.18021863469913,-25.2804725190525,-53.3746580746041
25.56,-73.8109954938898,-41.5393582026511,7.33190007905008,-25.8361347999395,-52.1611948098019
25.58,-75.1317855991314,-40.7999351067323,6.47660957663644,-26.3805459670022,-50.9368073788417
25.6,-76.4294599391273,-40.0309906918461,5.62466988601678,-26.9087704393261,-49.7136804757496
25.62,-77.6912227189542,-39.2398608978486,4.78443189532748,-27.414786799395,-48.506113675973
25.64,-78.9086831672143,-38.4320854242454,3.96145548395796,-27.8972018078975,-47.3321025553544
25.66,-80.0725798106834,-37.6139640388174,3.16411174470105,-28.3578263955511,-46.2103140714889
25.68,-81.1697755170299,-36.7950705628462,2.40480512357336,-28.7952272011113,-45.1567358979522
25.7,-82.1850119696059,-35.9903333939435,1.69967903607838,-29.2029450949974,-44.1838098849129
25.72,-83.106007609048,-35.2168433489695,1.06562226980344,-29.5745798024757,-43.3036838129091
25.74,-83.9222808346584,-34.4940430223193,0.521610215503227,-29.9054803907327,-42.5275923848149
25.76,-84.6243639709998,-33.8430570398326,0.0855363104981258,-30.1907604470532,-41.8630943830472
25.78,-85.2041419377697,-33.2843098937907,-0.228375080419357,-30.4240644343385,-41.3142708199593
25.8,-85.6567527485313,-32.8335258729331,-0.412153839243322,-30.5989536909311,-40.8824742147533
25.82,-85.9801973512103,-32.4990225886199,-0.465002781913912,-30.7123218855923,-40.5677400585093
25.84,-86.1817777973328,-32.271084291643,-0.389581499284269,-30.7710547621818,-40.368872270679
25.86,-86.2680151965574,-32.138660153712,-0.184159052349474,-30.7831753035892,-40.2815371064815
25.88,-86.2290561224396,-32.1118951216883,0.154698692050718,-30.7468883172551,-40.2998851778533
25.9,-86.0552400552588,-32.1988691448795,0.626128971268017,-30.6606712101184,-40.4205607828995
25.92,-85.7393008224964,-32.4006873850562,1.22457059757257,-30.5249439377662,-40.641205994503
25.94,-85.2755651533791,-32.7126162694626,1.93989156825071,-30.3400800152811,-40.9609160043596
25.96,-84.6663268295437,-33.1211400083457,2.75761922960506,-30.1087082899116,-41.3808860283488
25.98,-83.9165260253934,-33.6112773553277,3.66261168741656,-29.8342815655339,-41.9020465296004
26,-83.0164557609767,-34.1852491334744,4.64195707051563,-29.5107777508186,-42.5231998859198
26.02,-81.9465170683382,-34.8609846847763,5.6831737058451,-29.1219762023539,-43.2426133090073
26.04,-80.7265010458297,-35.6076844208811,6.76654924860667,-28.6745562733845,-44.0570058404481
26.06,-79.37953026975,-36.3961372547962,7.87706537401579,-28.1788432582912,-44.9608208730038
26.08,-77.9312234009545,-37.2047501747338,9.00363285809452,-27.6443165875722,-45.9488283629891
26.1,-76.4068554847533,-38.0180645083526,10.1333198374068,-27.0770484763406,-47.0143448153331
26.12,-74.8271034950154,-38.8258297827794,11.2553078734631,-26.487522724182,-48.1457947149586
26.14,-73.2107862846376,-39.6196360520868,12.3606333202601,-25.8914049538261,-49.3294784318862
26.16,-71.5764717536336,-40.3914500418925,13.4383179770953,-25.2954048189721,-50.5500975031345
26.18,-69.9450310537236,-41.1349399641784,14.4784893505104,-24.7001623548672,-51.7943719989471
26.2,-68.3433884936375,-41.8400322481084,15.4695248482358,-24.1261534451637,-53.0522682447695
26.22,-66.7986751976753,-42.4970300390678,16.399934662288,-23.5952085850066,-54.3140010666135
26.24,-65.3289931118856,-43.1028485405863,17.2629713059589,-23.1126859639636,-55.5666704976187
26.26,-63.9434537718827,-43.6593028649323,18.0571108798156,-22.6716861697712,-56.7939694168641
26.28,-62.6445680266659,-44.1707617146163,18.7854492553802,-22.2626043459752,-57.9763666326851
26.3,-61.4346131907295,-44.6398599865469,19.4507723570506,-21.8831304211567,-59.0938880426792
26.32,-60.3211810873389,-45.0658216572517,20.05125789887,-21.5468634324515,-60.1301830737916
26.34,-59.3167205275969,-45.4450060038032,20.580423889098,-21.2547912520249,-61.0722571799308
26.36,-58.4349021468419,-45.7728695935022,21.0291917735714,-21.0129021095636,-61.9105769027887
26.38,-57.6866777438421,-46.0470667538405,21.3905048944231,-20.8260682518742,-62.6369949468692
26.4,-57.0794755183264,-46.2681333128388,21.6619916343243,-20.6955944343724,-63.2445331600252
26.42,-56.6187010896374,-46.4383876924219,21.8447166025828,-20.6193924461501,-63.728432035589
26.44,-56.3069905275434,-46.5609624639812,21.9410777114954,-20.5940456426306,-64.0860438559143
26.46,-56.1410064071824,-46.6409361695756,21.9564583986991,-20.6243252089392,-64.317152484228
26.48,-56.1155095365249,-46.6833518819306,21.8949689441102,-20.7107398070361,-64.4220365464742
26.5,-56.2260702561546,-46.6913506464944,21.7581086058455,-20.8515180131265,-64.4020903672588
26.52,-56.4691078318147,-46.6676210977852,21.5469163375567,-21.045454180423,-64.2620405628026
26.54,-56.8421287372187,-46.6148506214671,21.2611836169895,-21.2900738329997,-64.0095323488471
26.56,-57.3477626927755,-46.5325672372108,20.8981552001103,-21.5796842197983,-63.6538417417447
26.58,-57.9839303067025,-46.4189438342666,20.456778272636,-21.8592026401359,-63.2002413102201
26.6,-58.7405651187192,-46.2737277376367,19.9399968440091,-22.1116439891446,-62.6533895792174
26.62,-59.6051239516608,-46.0971560680935,19.3532223698447,-22.3578642565133,-62.0178929205202
26.64,-60.5656953409828,-45.8877874815011,18.7029472970592,-22.6038768557756,-61.2962760564819
26.66,-61.6142722105941,-45.6417893795396,17.9970961670673,-22.8115189927546,-60.4895764240258
26.68,-62.7749647231922,-45.3265353605488,17.2221617946983,-22.9717278839466,-59.6011446665721
26.7,-64.0880637002972,-44.8911859943777,16.3467818694281,-23.1373218745016,-58.6388581174559
26.72,-65.5317114784122,-44.3397580127584,15.3973361222421,-23.3397990542522,-57.598544063355
26.74,-67.0741201044062,-43.6902543017906,14.3939573399088,-23.5871786509064,-56.4815913500632
26.76,-68.6954860030393,-42.9543376744878,13.3388450998149,-23.8817970933852,-55.2994439539414
26.78,-70.3806624701823,-42.1392230329112,12.2298924538037,-24.2239994960457,-54.0689296169626
26.8,-72.10887735439,-41.2517506488807,11.0691179962181,-24.6108530856473,-52.8071543883347
26.82,-73.8505131960812,-40.300570014114,9.86797253526324,-25.0336416178566,-51.5260210134655
26.84,-75.5742486667336,-39.296567813673,8.64326205901903,-25.478290215819,-50.2350912119628
26.86,-77.257151049747,-38.2478625865423,7.40288860867204,-25.9301123799807,-48.9484776697506
26.88,-78.8788508587914,-37.1630573607651,6.15550570226957,-26.3757403611755,-47.6821400227699
26.9,-80.4183357221477,-36.0517051412928,4.91372831574358,-26.807045770725,-46.4527859740511
26.92,-81.8565500943826,-34.92344408209,3.69205624860253,-27.2197154599707,-45.2767818606358
26.94,-83.1771349510266,-33.7915525607255,2.51042379340491,-27.6092199460168,-44.16759462455
26.96,-84.3677911100369,-32.672841588309,1.39159158901499,-27.970147584661,-43.1370023983676
26.98,-85.4229720746271,-31.5862760731251,0.357258262219834,-28.2981124727302,-42.1972284431735
27,-86.3416756052178,-30.5533002974706,-0.572071487553185,-28.5898199799267,-41.3592031496053
27.02,-87.1234146840551,-29.6005666245427,-1.37257957792824,-28.8415603718573,-40.6300492648981
27.04,-87.7699512576381,-28.7568423553264,-2.02312734165833,-29.0479654892189,-40.0122272139722
27.06,-88.2861757757176,-28.0457190356205,-2.51290686039182,-29.2045975665528,-39.5073665532693
27.08,-88.6790968893438,-27.4834370861082,-2.83935504270232,-29.3091468562997,-39.1169323027316
27.1,-88.9558154014079,-27.0785903267511,-3.00398192452429,-29.3614268572376,-38.8399812079663
27.12,-89.1204396353576,-26.8340556735826,-3.01088062780429,-29.3618310008677,-38.6730790517857
27.14,-89.1743970470439,-26.7478708675077,-2.87011861953882,-29.3107129907852,-38.6120930391982
27.16,-89.1096991147687,-26.8298625551243,-2.58753876808657,-29.2036278998964,-38.6529248737431
27.18,-88.9136567822721,-27.0932583111581,-2.16094710982518,-29.0368050558893,-38.7905234417597
27.2,-88.5814592005187,-27.528123968964,-1.58830400188447,-28.813085903813,-39.0200070703416
27.22,-88.1092227423817,-28.1125420756843,-0.880838707577787,-28.5345443173557,-39.3392225245814
27.24,-87.4786440385964,-28.8350054759536,-0.0732591469088842,-28.1962543117073,-39.7521992233501
27.26,-86.6979214106405,-29.6678713843621,0.826241895892286,-27.8021995207444,-40.2550746296358
27.28,-85.8047439648378,-30.5538514686893,1.82320402536846,-27.3732067602528,-40.8385198456879
27.3,-84.8199554601759,-31.4520525058715,2.90178404485152,-26.9267584569596,-41.4988114953213
27.32,-83.7464405269069,-32.3500935885549,4.04484973885136,-26.4691662003402,-42.2322271358166
27.34,-82.5888028266016,-33.2383181335945,5.2336957796153,-26.0038973795523,-43.0337947566712
27.36,-81.3578772483901,-34.1057310158702,6.44963622985681,-25.5335278870497,-43.8971522392428
27.38,-80.0638763217681,-34.9436453343217,7.67807779261474,-25.0600500744842,-44.8120722368064
27.4,-78.7193779430499,-35.745122723016,8.91037911235134,-24.6041361967675,-45.7660905350424
27.42,-77.3421194550798,-36.5049362081603,10.1369039111473,-24.2088201122414,-46.7489108639692
27.44,-75.9495393957905,-37.2189606265448,11.3473450234239,-23.8735960056434,-47.750689809797
27.46,-74.5572764408328,-37.8843375330712,12.5315440533252,-23.5921458264825,-48.7598438421326
27.48,-73.1757643790475,-38.50212144772,13.6857511632702,-23.3679667080882,-49.7614443398344
27.5,-71.8146042388561,-39.0740120155019,14.8074743528259,-23.2042808794149,-50.740498177405
27.52,-70.4870816412769,-39.5990280625188,15.889405433058,-23.0884706933066,-51.6840054638776
27.54,-69.2083908459161,-40.0752835728731,16.9195845094159,-23.0175034623462,-52.5820848399208
27.56,-67.9935360491802,-40.5025417085115,17.8857641387656,-22.9850821862389,-53.4286142238806
27.58,-66.8567267550217,-40.8815252496317,18.7780379484533,-22.9779044941732,-54.2197503297355
27.6,-65.809004177861,-41.2139096261307,19.5903556093946,-22.9728375751408,-54.9531234595338
27.62,-64.8519531559301,-41.504627655256,20.3239045736601,-22.9603324405118,-55.6274637935429
27.64,-63.9808090927453,-41.7600597252431,20.9821581656232,-22.9430848824257,-56.2429461488533
27.66,-63.1890505438116,-41.9869035759438,21.5691712920043,-22.9204622716524,-56.7998410008074
27.68,-62.4709132709004,-42.1906205732124,22.0896051220199,-22.8915418148988,-57.2999240156833
27.7,-61.8232383395768,-42.374221614471,22.5466254625808,-22.8571018360064,-57.746882870568
27.72,-61.2441249073169,-42.5393029081939,22.942766712933,-22.8180303135622,-58.145704326262
27.74,-60.7308294875093,-42.6872627463093,23.2816930096327,-22.7748553137224,-58.5015687792929
27.76,-60.2787693217305,-42.8198492302245,23.5687814838975,-22.7288741541695,-58.8194127353807
27.78,-59.8813596198525,-42.9392966911448,23.8107409171458,-22.6819567990272,-59.10313561252
27.8,-59.5315759783106,-43.0477592805289,24.0144523936135,-22.6350043820831,-59.3557081809983
27.82,-59.2238518357424,-43.1464495627559,24.1854264801542,-22.5881502152174,-59.5799209084602
27.84,-58.9531515767147,-43.2366925815033,24.3284851042368,-22.541636334312,-59.7790176783376
27.86,-58.7145403655453,-43.3198189322714,24.447702241316,-22.4960980215969,-59.9564277213421
27.88,-58.503135733641,-43.3968872855142,24.5466257484711,-22.4517384748281,-60.1148938130911
27.9,-58.3153045226393,-43.46832554924,24.6279700793136,-22.4088191306093,-60.256330375887
27.92,-58.1490666730374,-43.5338948670311,24.6934019998189,-22.367128745568,-60.3819520188398
27.94,-58.0033216504018,-43.5931715095913,24.7445724259948,-22.3258514163356,-60.4925299485435
27.96,-57.8782094714256,-43.6452182521213,24.7821068333361,-22.2855854333854,-60.5894228093546
27.98,-57.77428322011,-43.6892001592741,24.8062366758028,-22.2481431144343,-60.6742876148909
28,-57.6910668904148,-43.7249886505747,24.8178812442792,-22.214325439672,-60.7481405453216
28.02,-57.627610896772,-43.7528856864536,24.8186598124555,-22.1834267094942,-60.8111834353784
28.04,-57.5831841937658,-43.7732886143658,24.8096264534712,-22.15476874652,-60.8635854522584
28.06,-57.5568592854412,-43.7869078875066,24.7914194356498,-22.1285200531889,-60.9053570937287
28.08,-57.5474944918826,-43.7951490088422,24.7646625719885,-22.1056992046406,-60.9365820741529
28.1,-57.5549999496946,-43.7992265418652,24.7293896613203,-22.0869321295484,-60.9568998685598
28.12,-57.5812462885079,-43.7991161286812,24.6846114587522,-22.0729248856259,-60.9654188240073
28.14,-57.6307220563192,-43.7934125224937,24.6278046426487,-22.0663234900917,-60.9619796846354
28.16,-57.7095813087462,-43.7805120160333,24.5552551586796,-22.0709062146219,-60.9474098468816
28.18,-57.8214938982501,-43.7599994792603,24.4645619094919,-22.0886253854757,-60.9214116290265
28.2,-57.967735501016,-43.7321230383568,24.3546012015404,-22.1194302897918,-60.8823147637155
28.22,-58.148555517744,-43.6973923596343,24.2248833019664,-22.1620478093792,-60.8277313589483
28.24,-58.3637186673424,-43.6565362646731,24.0751946174329,-22.2155438819496,-60.7553467488125
28.26,-58.6130646380375,-43.6099329446683,23.9050138797408,-22.2799680631445,-60.6628571073659
28.28,-58.8972309172893,-43.557091595867,23.7122611577677,-22.3550067387145,-60.5475617412897
28.3,-59.2183747208951,-43.4965620691119,23.4932120743294,-22.4399310582271,-60.4066993498151
28.32,-59.580139195203,-43.4266888199487,23.2438815033881,-22.5344849110677,-60.2382026654034
28.34,-59.9883422851497,-43.3452760052209,22.9593991958171,-22.6383231715825,-60.0406246053448
28.36,-60.4482395537301,-43.2496055457956,22.6353910939934,-22.749343654255,-59.81130959899
28.38,-60.963045422617,-43.1367354337767,22.2694500140412,-22.8641913811758,-59.5460169369955
28.4,-61.5338219727497,-43.0046581616252,21.8610623745908,-22.9762364540967,-59.2406000904766
28.42,-62.16079230247,-42.8525226499692,21.4109238955035,-23.0859961207284,-58.8923728088135
28.44,-62.8454722747023,-42.6786245364143,20.9186149312128,-23.1988546207385,-58.5005918654244
28.46,-63.5870559586618,-42.4818370767123,20.381148688071,-23.3191818698189,-58.0658257630542
28.48,-64.3806096646155,-42.263300108216,19.7934423189073,-23.4404673920502,-57.5890304724911
28.5,-65.2230044156643,-42.0216703392116,19.1629798238186,-23.5483481413865,-57.0675135378614
28.52,-66.1112310340823,-41.7560732558819,18.4991394447162,-23.6531458755842,-56.5007229184357
28.54,-67.0410731063904,-41.4661176922413,17.8093688511907,-23.772390246732,-55.8885688125945
28.56,-68.007378113467,-41.1526019518469,17.100066983403,-23.911204656011,-55.2294550295732
28.58,-69.0082144511662,-40.8144646255625,16.3732362569617,-24.0695402726158,-54.523131114118
28.6,-70.0427955607201,-40.4500466969095,15.6285018853951,-24.2481581216235,-53.7731214164363
28.62,-71.1085877982543,-40.0581005173185,14.8659320176552,-24.4499448652376,-52.985160997317
28.64,-72.1996282671033,-39.6378219917785,14.0866066445138,-24.6757208342548,-52.1626365181593
28.66,-73.3071808552358,-39.1890984678214,13.2856375761573,-24.9162962434735,-51.3069744669821
28.68,-74.4216952153918,-38.7133356518701,12.4584496186779,-25.135761201372,-50.4171225421095
28.7,-75.5330754161507,-38.2142067536323,11.61115083257,-25.3168263097262,-49.4925915555452
28.72,-76.6356228370474,-37.6920075602701,10.7492924995398,-25.4556058598878,-48.5368196685449
28.74,-77.7268631269393,-37.1437162727468,9.87880438142622,-25.5500635179413,-47.5505845059467
28.76,-78.8016304,-36.5676414644922,9.00747962334236,-25.6242899812442,-46.5304929520783
28.78,-79.8536747385998,-35.9643103120881,8.14140786841482,-25.6930306781699,-45.4742155049763
28.8,-80.8789598760047,-35.3343640482251,7.28133718546699,-25.7651495811637,-44.384000543808
28.82,-81.8735360715698,-34.6771265540418,6.43315781557775,-25.8451007017489,-43.2600978835015
28.84,-82.8501012033646,-33.9676210697244,5.63052465211307,-25.9445524448324,-42.0873617187346
28.86,-83.8149117061469,-33.1859175965504,4.92320968810663,-26.0673976618594,-40.8417025199555
28.88,-84.7489336484712,-32.3463290776699,4.34373532313282,-26.2070923153613,-39.5094045549362
28.9,-85.6275782441281,-31.4876944372188,3.89172221829173,-26.3584866414128,-38.1028190059105
28.92,-86.4495679728172,-30.6336405235819,3.54510243051298,-26.5280085296723,-36.6523187398268
28.94,-87.2285994558821,-29.7885634215883,3.26946427900898,-26.7236635727164,-35.1928053250278
28.96,-87.9768744734821,-28.9506153244813,3.02759112712593,-26.9435412038856,-33.7556481490344
28.98,-88.6954673675209,-28.1221355080865,2.78722426067479,-27.1767650582965,-32.3670258112787
29,-89.3771463625282,-27.3017998453039,2.52199221510306,-27.4156815854245,-31.0489611302055
29.02,-90.0141539594691,-26.4848093109221,2.22058395393175,-27.6600531500307,-29.8181668516097
29.04,-90.5859260245611,-25.6995219028177,1.90490660929659,-27.9010209751993,-28.6777758217314
29.06,-91.0800792142889,-24.976440744686,1.60324147605522,-28.1301433365291,-27.6263595549166
29.08,-91.4976819036728,-24.3294653327215,1.32831271031738,-28.3444304393094,-26.6645190085564
29.1,-91.8472948722675,-23.7552898717478,1.07695066487228,-28.5464298645431,-25.793990864249
29.12,-92.1404207835708,-23.2400317943436,0.838814152286958,-28.739300413533,-25.013648419236
29.14,-92.3923151044281,-22.7661468844084,0.605001350006911,-28.9231427452774,-24.3184407912542
29.16,-92.6188498130664,-22.3147689359069,0.364735855691066,-29.0952457639203,-23.7042975844495
29.18,-92.8312320649891,-21.8748541261548,0.111327045815392,-29.252883206013,-23.1701017307397
29.2,-93.0316681241555,-21.4495902694476,-0.151958006099826,-29.3947181620726,-22.7153693422669
29.22,-93.2171043123927,-21.0459191061153,-0.41585113478045,-29.5214286279283,-22.3359155128656
29.24,-93.3870388841156,-20.6784524157221,-0.655776494860868,-29.6319449634791,-22.0175428053498
29.26,-93.5210144863845,-20.3861861570045,-0.858111768906822,-29.71531467936,-21.7470914284386
29.28,-93.6141890479966,-20.1772858109816,-1.020750510589,-29.770932541112,-21.5153405673655
29.3,-93.6762181919295,-20.0414420795327,-1.14031309953568,-29.8046525056227,-21.3135812609013
29.32,-93.7175330224967,-19.9589315083467,-1.223667718103,-29.8231010814579,-21.1374651972309
29.34,-93.7475770004572,-19.905937416199,-1.2839521013914,-29.8321772829892,-20.9858348858724
29.36,-93.77182303928,-19.865512833147,-1.33105735378926,-29.8356786233642,-20.8577173036599
29.38,-93.7925239748906,-19.8329687142792,-1.36582199795875,-29.8341966978505,-20.7494873347623
29.4,-93.8105120084898,-19.8127355008567,-1.38278179114793,-29.8268261798654,-20.6564979951278
29.42,-93.8262833589387,-19.8095808331859,-1.37840556537486,-29.8129154563535,-20.5756583412897
29.44,-93.8396009197199,-19.8229556079173,-1.35590698770512,-29.7928680108441,-20.5062180469908
29.46,-93.8505746881567,-19.8498406280437,-1.31935104999561,-29.768430290359,-20.4478349732933
29.48,-93.8611849549907,-19.8852368634316,-1.27243567759108,-29.7426289802098,-20.4004766098485
29.5,-93.8739454106577,-19.9224757965522,-1.22020849234992,-29.7177608786825,-20.3639859034509
29.52,-93.890310283536,-19.9566164023918,-1.16688405745654,-29.6946623178465,-20.3370565922308
29.54,-93.9105640565648,-19.9870787934366,-1.11288592463302,-29.6732938641905,-20.3171889447816
29.56,-93.9341269433089,-20.0173128758137,-1.05567940818618,-29.6529573708324,-20.3017905693032
29.58,-93.959959250805,-20.050410223468,-0.993536273999884,-29.6327563378238,-20.2892604300938
29.6,-93.9882820102945,-20.0854598763042,-0.927135799518191,-29.6126459302545,-20.2796231694567
29.62,-94.0189324242732,-20.120836173398,-0.858819890101127,-29.5921992412187,-20.27354320825
29.64,-94.0504033489289,-20.1569657442879,-0.789150245699579,-29.5712995488341,-20.270787641449
29.66,-94.0814163261869,-20.1971410218245,-0.715421010471079,-29.5500319346099,-20.2698328612262
29.68,-94.1116143430522,-20.2426590305814,-0.636567280292915,-29.5277642244278,-20.2691752991942
29.7,-94.1416268166762,-20.2921667088676,-0.55436712793362,-29.5033400044181,-20.2687317279386
29.72,-94.170763328541,-20.3437547940639,-0.472761501931132,-29.4749547152744,-20.2692672542719
29.74,-94.1965714344336,-20.3963761586514,-0.395005876924489,-29.4423610660186,-20.2722259493518
29.76,-94.2165148306009,-20.4499305813052,-0.323840516132362,-29.4074196772866,-20.279972370042
29.78,-94.2269195002834,-20.5088998540356,-0.25825081524657,-29.3698121402901,-20.2918981889995
29.8,-94.220103595983,-20.5844992335457,-0.193264771171242,-29.323819544825,-20.3027354272593
29.82,-94.1721369727511,-20.7012618394744,-0.132128570762391,-29.2568216975827,-20.307726304892
29.84,-94.0653411906484,-20.8890496693459,-0.0640445180636476,-29.160334757553,-20.3004339134239
29.86,-93.8858167521841,-21.1746032961468,0.0246849468394142,-29.0365628842112,-20.2808731292958
29.88,-93.6340798575838,-21.5623660335032,0.149925564292717,-28.8993988805262,-20.2512298193714
29.9,-93.3057656709102,-22.0616576020691,0.33073672726213,-28.7515106771604,-20.2094218782952
29.92,-92.8949134687267,-22.6749622514647,0.576918889052652,-28.5813780481265,-20.1552905136482
29.94,-92.4030341991569,-23.3813027598541,0.875079287192488,-28.3858800575839,-20.0957297559307
29.96,-91.8427783319929,-24.1399450825416,1.19220113267039,-28.1693276715881,-20.0378161955449
29.98,-91.2324793277555,-24.9093689950489,1.49306594213161,-27.9374467012975,-19.9851316223856
30,-90.5897858975243,-25.660998621932,1.75245884808338,-27.6949104245033,-19.9405288758429
30.02,-89.9301756492475,-26.3794130848817,1.95665264885995,-27.4482039034558,-19.9073051398982
30.04,-89.2607918299198,-27.0579526234327,2.09192161297055,-27.203105222936,-19.8895165996398
30.06,-88.5790111765355,-27.6919728811637,2.13077862118491,-26.9626644254198,-19.8939420857475
30.08,-87.8875545863671,-28.2893680802084,2.07986471860811,-26.7240890407172,-19.9136377979375
30.1,-87.189257432671,-28.8646041867389,1.96248826602452,-26.4724821718539,-19.9374132266534
30.12,-86.4851445795189,-29.4282454215847,1.79424560466713,-26.1987256647213,-19.9622131220079
30.14,-85.775398589024,-29.9856566830311,1.58087174039994,-25.9138573443275,-19.992114730974
30.16,-85.056585074719,-30.5430160603824,1.32417097465352,-25.6240373121499,-20.0294475834764
30.18,-84.3227247705619,-31.1104633575837,1.02937047049325,-25.3308358656463,-20.0742761386824
30.2,-83.5682761886906,-31.6982417431296,0.703674941078491,-25.0365426633086,-20.127857479275
30.22,-82.7914699463922,-32.3093046425516,0.34659831815711,-24.7439698559881,-20.1917197476434
30.24,-81.9938316592497,-32.9422224666364,-0.0517027060620343,-24.4501688843793,-20.2647521972486
30.26,-81.1772898809618,-33.5974683801467,-0.5025687278148,-24.1523788643844,-20.3451308676317
30.28,-80.3402481070659,-34.2797140400106,-1.00777488040384,-23.8524238296442,-20.4368486627129
30.3,-79.4764707617477,-34.995438396608,-1.55446947062087,-23.5525507248706,-20.5419179902447
30.32,-78.577060825645,-35.7503024927182,-2.12008184013681,-23.2475619005879,-20.659583681286
30.34,-77.6202769650619,-36.5671982725026,-2.69047315450213,-22.9323068456963,-20.7900395501941
30.36,-76.5932734438753,-37.4561369247866,-3.24472834622219,-22.6060313760426,-20.9312596065742
30.38,-75.4967338811962,-38.3981718094676,-3.74455098545619,-22.27314752641,-21.0756129774569
30.4,-74.322703032035,-39.3764890527638,-4.15307834030158,-21.942242162894,-21.2189322027695
30.42,-73.064316182276,-40.3800839318453,-4.44486030331418,-21.6131501010706,-21.3558860457834
30.44,-71.7306232453403,-41.389743525505,-4.62630410226747,-21.2840992306121,-21.4823072735762
30.46,-70.3406542446554,-42.3834593801703,-4.72244236796143,-20.9564796388223,-21.5973064819315
30.48,-68.9094394237249,-43.3435266004124,-4.75580422901542,-20.6367703044974,-21.7081557559292
30.5,-67.4463704857149,-44.2568977712743,-4.73927909269767,-20.3348190532116,-21.830691560353
30.52,-65.957242216082,-45.1151890772494,-4.68064852766214,-20.054109157564,-21.9760643789691
30.54,-64.446571045852,-45.9141682414792,-4.58517677930594,-19.7889927401468,-22.1437560704876
30.56,-62.9039117417179,-46.6692032454033,-4.46613088717968,-19.5185035870134,-22.3266332208397
30.58,-61.2909680245251,-47.4307173853256,-4.35066792569541,-19.2010043343718,-22.5223740911933
30.6,-59.6046615908253,-48.2032552523536,-4.22872616474579,-18.825606931766,-22.7264367015002
30.62,-57.8623169983948,-48.959788958759,-4.08985396290875,-18.4231878041191,-22.9381301907238
30.64,-56.0880417625205,-49.668877005903,-3.9426736036432,-18.0167781584913,-23.1587511423185
30.66,-54.3010821997697,-50.3181168500503,-3.80489785602117,-17.6048386212374,-23.3829493006816
30.68,-52.4991577404301,-50.9359571166999,-3.70084922282308,-17.157011589615,-23.6023408945549
30.7,-50.7183533282195,-51.5166306057212,-3.64850227781382,-16.6750553633836,-23.8113092095681
30.72,-48.9940702251522,-52.045259761616,-3.65843263447306,-16.1657444973052,-24.0095146326606
30.74,-47.3397908792295,-52.5135780681346,-3.74503649637418,-15.6367435797461,-24.2037166417323
30.76,-45.7619356915809,-52.9080829907324,-3.91668635195496,-15.1108089020377,-24.3996889788868
30.78,-44.2468469793676,-53.2308604953546,-4.1623361318394,-14.591116372331,-24.596820079527
30.8,-42.7727741102848,-53.4967414818867,-4.45124714599243,-14.0618663376845,-24.7862182606741
30.82,-41.3205319253462,-53.7396812736569,-4.73902662422221,-13.4940119890293,-24.9596879244624
30.84,-39.9160010325289,-53.9546306497954,-5.02575506057581,-12.9068436220637,-25.1200362296086
30.86,-38.597174522116,-54.1161808021429,-5.3284337875172,-12.3407792075408,-25.2703719359088
30.88,-37.3658226326859,-54.2271467890882,-5.65027529221372,-11.8037021117625,-25.4098732862416
30.9,-36.2099296420668,-54.2933707368444,-5.98256112131571,-11.2911216371502,-25.5351571398713
30.92,-35.1169510509371,-54.314351957826,-6.31089473341053,-10.8007752715962,-25.6468206999239
30.94,-34.0749766913672,-54.2823029520438,-6.61511950064488,-10.3355137835368,-25.7487490438364
30.96,-33.083717055614,-54.1749430264247,-6.87234044122848,-9.90907533499782,-25.8431674040576
30.98,-32.1345276576124,-53.9798361051138,-7.06338318797525,-9.52584996616382,-25.9285381169034
31,-31.2161892931248,-53.6987204691186,-7.18140087086298,-9.18989173863714,-26.0033666830005
31.02,-30.3239805776828,-53.3413622869497,-7.23337952679825,-8.90287349103309,-26.0692799222419
31.04,-29.4490574663145,-52.9308275302533,-7.24387274633784,-8.65128830519665,-26.128899917009
31.06,-28.5889650063427,-52.4938377553781,-7.23571963412259,-8.41836047230042,-26.1815897972983
31.08,-27.7579567745464,-52.0477892602577,-7.22512892113657,-8.1980576259824,-26.224279553389
31.1,-26.9669062879868,-51.6041102375725,-7.22357398064397,-7.98600191576656,-26.2518587397049
31.12,-26.2168110821993,-51.1673082251786,-7.24139629784709,-7.77790008472833,-26.2613646547354
31.14,-25.5020536076271,-50.7409256214656,-7.2869061670019,-7.56816326483725,-26.2545513101444
31.16,-24.8100158574097,-50.3366337360245,-7.36317141205115,-7.34688501516793,-26.2358352191315
31.18,-24.14248540701,-49.9541778755171,-7.47763936748251,-7.11768935335666,-26.2090922538502
31.2,-23.4990398037378,-49.5857633778611,-7.64486812932826,-6.88699847852562,-26.1770511504157
31.22,-22.8593481294364,-49.2408227911596,-7.86685596708212,-6.64028152466173,-26.1423314048559
31.24,-22.2175474579969,-48.9291825079233,-8.13160787241845,-6.36781831381989,-26.1053396707722
31.26,-21.5898996760918,-48.65241326745,-8.41698875568619,-6.07424548036642,-26.0629383938127
31.28,-20.9947337714663,-48.405303682177,-8.70760247108203,-5.77357156002625,-26.0123167465331
31.3,-20.456696781486,-48.1705803007629,-8.99648655871084,-5.50059694916556,-25.9543949623808
31.32,-19.9830929384299,-47.9351991359598,-9.27797911655669,-5.27081041992619,-25.8916528854322
31.34,-19.5591031429946,-47.6993746131624,-9.54588155748195,-5.0768048748683,-25.8269850369667
31.36,-19.1630440866443,-47.4705760006061,-9.79810349346142,-4.90043516052853,-25.7604341120753
31.38,-18.7833054934797,-47.2536636076381,-10.0385822987969,-4.72961767610526,-25.6889706347912
31.4,-18.4201680802577,-47.0523149706768,-10.2583246009863,-4.55909159128316,-25.6102830755059
31.42,-18.0755825161981,-46.8737817549875,-10.4396301045375,-4.38398778070682,-25.5272639227962
31.44,-17.7573725008818,-46.7145818652114,-10.5918656392849,-4.21378418465724,-25.4481376304284
31.46,-17.4713198255214,-46.5647507732976,-10.7362621494189,-4.06984046390174,-25.3797124083627
31.48,-17.2167011692173,-46.4181162655298,-10.8815607594389,-3.95583180770271,-25.3231156122651
31.5,-16.9837564599675,-46.2798679189191,-11.0196309208097,-3.85929748317328,-25.2751851655028
31.52,-16.7695788265077,-46.1549760468833,-11.1438205819033,-3.77269647416151,-25.2327431854253
31.54,-16.5836443244517,-46.0369945440507,-11.2638842289511,-3.70321243503651,-25.1958052225059
31.56,-16.4296517291986,-45.9213798056766,-11.3886465226126,-3.65454109844916,-25.1666410826503
31.58,-16.2967754696341,-45.8113432780358,-11.5160418204584,-3.61608141431667,-25.1505000187235
31.6,-16.1687943420911,-45.7114059410707,-11.6453199272194,-3.57870331710548,-25.1570373979561
31.62,-16.0474254555073,-45.6187971829345,-11.7721836331672,-3.54748662218576,-25.189189302423
31.64,-15.9332044799599,-45.5301493399297,-11.9019307370814,-3.52429249750819,-25.2393014948116
31.66,-15.8237267105007,-45.4481365237362,-12.0361495687343,-3.50380104436591,-25.2947683882825
31.68,-15.722089638892,-45.376002856415,-12.1694471886743,-3.47904176592634,-25.3437650001376
31.7,-15.6302035654227,-45.3153320907687,-12.297761354867,-3.43976166318596,-25.3794378507025
31.72,-15.5557244892306,-45.2650977332374,-12.4039306328592,-3.38712911908099,-25.4046997878789
31.74,-15.5085185434158,-45.2217982731703,-12.4813392222026,-3.33360668383648,-25.4434249880145
31.76,-15.4859619616282,-45.1787112011472,-12.5503470873115,-3.29478487714728,-25.5216244524856
31.78,-15.4783287542985,-45.1302600800364,-12.6098063524161,-3.27305180822359,-25.6379937293404
31.8,-15.4562840388885,-45.0869528303593,-12.6601596015422,-3.24684865671443,-25.772318780848
31.82,-15.4018682089799,-45.0663570123534,-12.7027465073578,-3.19687497668063,-25.902895976226
31.84,-15.3335690834557,-45.0666082968526,-12.744769461568,-3.1341887098921,-26.0129418643253
31.86,-15.2730493919513,-45.0795547564298,-12.7981568289794,-3.0762879868881,-26.0971762759029
31.88,-15.2215044266975,-45.1124620870377,-12.8454714054221,-3.01997943497271,-26.1582918572205
31.9,-15.1678393378845,-45.1832834553997,-12.8585895909277,-2.94849046409168,-26.1984863133593
31.92,-15.1089979032753,-45.3034643332693,-12.8361869771172,-2.85450691205137,-26.2168677010386
31.94,-15.0598028288508,-45.473159294276,-12.7905727577449,-2.74890683892947,-26.2141447847421
31.96,-15.0337096641207,-45.6890554544936,-12.7261899496372,-2.64433525820758,-26.1936673306677
31.98,-15.0432061239183,-45.9459915309529,-12.6394147063224,-2.55389856079425,-26.1644914340692
32,-15.1005742466572,-46.2402013129837,-12.5260817223142,-2.48926574227884,-26.1356078864259
32.02,-15.2150841060772,-46.5661267416483,-12.3783097010979,-2.45861665342427,-26.1072568750712
32.04,-15.3925592810677,-46.9158944740635,-12.1828754656548,-2.46655025353322,-26.0752408124343
32.06,-15.6394806726482,-47.2836450513697,-11.9275453473939,-2.51761798017589,-26.0384549212757
32.08,-15.9640325488052,-47.6691574956719,-11.6094717483018,-2.61699299497063,-26.0004061904967
32.1,-16.3732237046805,-48.0748347184574,-11.2330322603256,-2.76771527528328,-25.9640820588129
32.12,-16.8718612120408,-48.501185432367,-10.8005419034766,-2.96957600829504,-25.9264654362422
32.14,-17.4709407152433,-48.9399251511749,-10.3130321175607,-3.22942682878173,-25.884333507969
32.16,-18.1769360229072,-49.3800692286658,-9.77169886617216,-3.55348080209848,-25.8356146165878
32.18,-18.9820198647388,-49.821340022279,-9.1770670115283,-3.93470132698003,-25.7793002437749
32.2,-19.8826933858621,-50.2569663131231,-8.5413134719808,-4.37230481051156,-25.7145479226196
32.22,-20.8717281089225,-50.6795304527947,-7.88635592384071,-4.86752857603897,-25.6465298059026
32.24,-21.9482116471503,-51.0817624061087,-7.22136944388676,-5.42555689614014,-25.5830628382383
32.26,-23.1179386600283,-51.4500382414092,-6.54679330564814,-6.05465258814951,-25.5241295477435
32.28,-24.3724062242065,-51.7729447969792,-5.86353669240253,-6.75123451553994,-25.4635038263493
32.3,-25.6974786766465,-52.0405647769072,-5.17625463001673,-7.51115719204427,-25.4002696465549
32.32,-27.0757034991617,-52.2450841924215,-4.47822244076475,-8.32918293338089,-25.3352569101548
32.34,-28.4801142102545,-52.3889752875004,-3.74267728591451,-9.18437713731036,-25.2605425303139
32.36,-29.8834775077671,-52.4834418072198,-2.95085554025034,-10.0470167077817,-25.169367523563
32.38,-31.2753835075888,-52.5323658830062,-2.09449496499561,-10.8889814105661,-25.0609419044496
32.4,-32.6443456292202,-52.5355601195067,-1.16996344249189,-11.6970504563396,-24.9328190231083
32.42,-33.9783147444852,-52.494281114075,-0.178904911708736,-12.4743989809089,-24.7808541883586
32.44,-35.2683310827398,-52.4138067868215,0.872149470073205,-13.22527376442,-24.6021503650426
32.46,-36.5066300717339,-52.3003680335465,1.97559615463517,-13.9516088724553,-24.3948205279115
32.48,-37.6879987264217,-52.1596664415214,3.12074049957732,-14.6582933979703,-24.1621707447043
32.5,-38.8109848782413,-51.9980100362201,4.29290850167731,-15.3534054946947,-23.9133535636168
32.52,-39.8713743283957,-51.8215324395453,5.47956052713882,-16.0408812815903,-23.654148996551
32.54,-40.8582037653269,-51.6358463730661,6.67376829107367,-16.7172739610131,-23.3834345347613
32.56,-41.7619873375156,-51.4467512270327,7.86930108164497,-17.3766712504107,-23.0996641918607
32.58,-42.5850606360195,-51.2594604359545,9.05309385547543,-18.0167236930353,-22.8068677600669
32.6,-43.3394667225509,-51.0766794674354,10.2053383432489,-18.6372851126796,-22.5120377241452
32.62,-44.0417231260524,-50.8984742040651,11.3038035290149,-19.2364624820892,-22.2206614833305
32.64,-44.7095913777337,-50.7232658557998,12.3265322712313,-19.8061974492712,-21.9334879153729
32.66,-45.3662903026937,-50.5473505743773,13.2514103872229,-20.3355057948116,-21.6490798069994
32.68,-46.0433540157293,-50.3656033478622,14.0530770966028,-20.8122594332165,-21.367107604713
32.7,-46.7823422690432,-50.17143512243,14.6992321815728,-21.2264898866155,-21.0869910729282
32.72,-47.6417336846937,-49.9548643760712,15.1391160581759,-21.5903253460265,-20.812521974222
32.74,-48.6836898540372,-49.7030379932473,15.3127286956947,-21.8805263040245,-20.5455760578098
32.76,-49.9591527918328,-49.403402952522,15.1600503871514,-22.0657227485389,-20.2785400636868
32.78,-51.5086406321448,-49.0487377279805,14.619064543616,-22.1769203264994,-20.0195931365325
32.8,-53.3628066355772,-48.6359911837889,13.6220086053297,-22.1873033587871,-19.7873919222271
32.82,-55.5261102133596,-48.1677354219151,12.1049868226518,-22.0640834362947,-19.6002872385899
32.84,-57.9771798029945,-47.6393024673352,10.0236076797657,-21.8007709200759,-19.4649620545718
32.86,-60.6847105713797,-47.0193828223383,7.36449203691988,-21.4328877382211,-19.3788051269522
32.88,-63.5317414150572,-46.3330087590766,4.14891873361399,-20.9750440095446,-19.3212057398771
32.9,-66.3262704843186,-45.6819128234598,0.401732161430379,-20.3922153221979,-19.2562902406882
32.92,-68.8632623053931,-45.2122686835937,-3.83755939945104,-19.6355265316435,-19.1392858036323
32.94,-70.989114375333,-45.0746500684386,-8.51990281996773,-18.744451452229,-18.9291417482597
32.96,-72.6161023119018,-45.428925368991,-13.5931550505851,-17.7282420448052,-18.5678883623343
32.98,-73.7184045207046,-46.4642635206214,-19.0318627929299,-16.5646738246345,-18.013346157872
33,-74.2995326587141,-48.435806709835,-24.8767450890809,-15.2603441211075,-17.2112588825982
33.02,-74.3662520051869,-51.6559925733379,-31.2237941024776,-13.8502014186349,-16.1000965368317
33.04,-73.9427041727069,-56.3642716165215,-38.1649558366491,-12.3866411099407,-14.6629453668356
33.06,-73.0869788090429,-62.511126699623,-45.7118615167783,-10.9247034269297,-12.9002103428756
33.08,-71.8761661031013,-69.7283699281801,-53.7930810550406,-9.51739896238791,-10.8088330996029
33.1,-70.3860865226382,-77.5128014084196,-62.2875842118072,-8.21548157776303,-8.38796921368254
33.12,-68.7156472644774,-85.3214415548274,-70.9618342430075,-7.03045205652594,-5.66448927782183
33.14,-66.9204345882544,-92.820612022687,-79.5363472795341,-5.96299639644196,-2.73821805767314
33.16,-65.0359190457793,-99.818058544378,-87.6491644562406,-5.00948391574306,0.286346414695788
33.18,-63.1236013272765,-106.157210170952,-94.8726369080171,-4.15964588312568,3.36361953830632
33.2,-61.2366222494124,-111.772883791232,-100.876797235374,-3.40064263319421,6.47944294956489
33.22,-59.4125564057849,-116.671462447196,-105.537244072954,-2.71240148307564,9.6189684821318
33.24,-57.7207817214134,-120.832423483167,-108.96189665254,-2.07341297979674,12.7768669821848
33.26,-56.2221274653509,-124.260089154668,-111.41958869748,-1.46190042180458,15.9519588597595
33.28,-54.931228670912,-127.008487692958,-113.190518451798,-0.867948929944605,19.1535748662302
33.3,-53.8383378820936,-129.164151766369,-114.498996309312,-0.216002161285467,22.3817271002896
33.32,-52.9177074630756,-130.834165757027,-115.499485817963,0.525666326536183,25.6086548472424
33.34,-52.1451452942318,-132.104025076866,-116.287664903397,1.34544229973136,28.7826938423244
33.36,-51.4943204228518,-133.048297464854,-116.921362065864,2.25882973353226,31.8121346204342
33.38,-50.955862014384,-133.718816446364,-117.4464263085,3.26444833157043,34.6770189088424
33.4,-50.5302362278414,-134.155020239119,-117.901395970934,4.34209160080927,37.3965350109533
33.42,-50.2160632596874,-134.387302449753,-118.31212886503,5.47522260022075,39.982338345922
33.44,-50.0051802697264,-134.441650960054,-118.692877859062,6.65025763333081,42.444185909418
33.46,-49.8428527992846,-134.374465677284,-119.021603759729,7.83810319536624,44.7836482942524
33.48,-49.6706306863632,-134.250564528956,-119.269149015544,8.99478682327493,46.9934805858622
33.5,-49.4585938905208,-134.105949930602,-119.420351062914,10.0426631817726,49.0728052335526
33.52,-49.2204583597435,-133.944882343686,-119.495893144659,10.985287362745,51.0285223125489
33.54,-48.9707581216402,-133.77649783598,-119.517202486671,11.8436350572396,52.8640202047774
33.56,-48.7205501511041,-133.609384753691,-119.501656787392,12.6361071015579,54.5803239062115
33.58,-48.4803963004494,-133.448260189762,-119.464635110531,13.3792179322173,56.1756850502157
33.6,-48.2611794298465,-133.289881511643,-119.419992765471,14.0626827164158,57.6519041940919
33.62,-48.0437841684662,-133.150333060547,-119.35534363906,14.6706337591659,59.0063001138
33.64,-47.8241143140675,-133.03130288417,-119.270557520662,15.2117089967288,60.2427086730205
33.66,-47.6066482703996,-132.927688838063,-119.17221512037,15.6943671255652,61.3650491865552
33.68,-47.3951694567439,-132.836106527536,-119.06599994762,16.1284544201883,62.3739380279471
33.7,-47.2201642477001,-132.730416013105,-118.978627745479,16.5351526652788,63.2764664269278
33.72,-47.0981790707825,-132.596633102163,-118.923886172965,16.9363716340223,64.0744656692813
33.74,-47.0312804952756,-132.431463555861,-118.903166869729,17.3343369159073,64.7658638723295
33.76,-47.0207258465932,-132.230294806859,-118.916870175128,17.7321832517452,65.350720878155
33.78,-47.049346871653,-132.003729888802,-118.9528713254,18.1303672198763,65.8252013913445
33.8,-47.075747278999,-131.785323846218,-118.982397813201,18.5111149009442,66.1780134122809
33.82,-47.0450753503848,-131.62341589243,-118.963843500017,18.8415934959945,66.3942339057538
33.84,-46.929006675362,-131.547789431602,-118.873199181063,19.1004294700416,66.4637611646966
33.86,-46.7460239125057,-131.549482357217,-118.726986460987,19.2830113748123,66.3887132288328
33.88,-46.5331670377305,-131.602713468452,-118.559022240842,19.3827611251969,66.1788868719369
33.9,-46.2911179548508,-131.712035632732,-118.369589217758,19.3959664445083,65.8368732729873
33.92,-46.0169990436016,-131.881947702662,-118.155161710232,19.3316452013989,65.3628530382597
33.94,-45.7003511258739,-132.121178029483,-117.904737196885,19.2019230651926,64.7741581085203
33.96,-45.3602145582422,-132.413425035402,-117.636342842911,19.0113396366796,64.0951905636943
33.98,-45.0277962912895,-132.733876602494,-117.379042100606,18.7551063425918,63.3359037743592
34,-44.7361036888619,-133.05865067936,-117.161814335247,18.428365178214,62.5102666904675
34.02,-44.4600614572776,-133.403923144863,-116.95958005984,18.0327090323492,61.6148363602532
34.04,-44.1663538347238,-133.786599479711,-116.73961222044,17.5732029083797,60.6462455624598
34.06,-43.8700447664976,-134.19079404418,-116.516182021473,17.0586277355487,59.6137446980736
34.08,-43.5894172915577,-134.601062256652,-116.306213610356,16.4842286264877,58.5354405624941
34.1,-43.3406944922438,-135.00360534227,-116.12394907235,15.8472478980429,57.4194446058542
34.12,-43.1230820911632,-135.39978386109,-115.96790103243,15.1471295423468,56.2481894968456
34.14,-42.9232430022179,-135.794380079922,-115.825259594649,14.3773927295893,54.9938097392341
34.16,-42.7258928301685,-136.191487609167,-115.681644898792,13.5458831146676,53.6734127510139
34.18,-42.5334979200641,-136.592115286193,-115.539643175208,12.6740970056793,52.3209581211419
34.2,-42.3741994705481,-136.982183021569,-115.425068543392,11.7652701220925,50.95960486153
34.22,-42.2456771601422,-137.362061373732,-115.335659496433,10.819371334699,49.6043379763413
34.24,-42.1269666567656,-137.741156716067,-115.252477750214,9.8373087752926,48.2694835175
34.26,-41.9983698709816,-138.126876104988,-115.157394758291,8.82461389219058,46.9689684452833
34.28,-41.8414563161646,-138.529994312796,-115.032811203553,7.79217233240593,45.7078197404801
34.3,-41.6451554886283,-138.95764731737,-114.867659305769,6.75535304450094,44.4864686670313
34.32,-41.4149520307448,-139.402371178201,-114.667439411777,5.73132229828838,43.3142470877669
34.34,-41.1651405006183,-139.847183244278,-114.446868261148,4.73763432877006,42.2109894066827
34.36,-40.9366247101429,-140.260827840043,-114.246493179069,3.79265974773511,41.1947793059979
34.38,-40.7690272659097,-140.615369555594,-114.103088566557,2.91417921065433,40.2672171446104
34.4,-40.6628574497256,-140.90485360642,-114.015303374674,2.11461971307412,39.417900467739
34.42,-40.6180697019989,-141.121597007182,-113.98157980629,1.39737778393764,38.6480327435116
34.44,-40.6307321109556,-141.264493700492,-113.997443257341,0.761251856456109,37.9631616154588
34.46,-40.6909600387909,-141.34312272301,-114.053939434608,0.20465452502234,37.3551193323353
34.48,-40.7877095593566,-141.371966761506,-114.14153835654,-0.277802577766299,36.8112608248457
34.5,-40.9136168037011,-141.362292641901,-114.253898970492,-0.691805571602739,36.3173126098212
34.52,-41.0673271406915,-141.318823932431,-114.389561595843,-1.03980894458935,35.8504340618005
34.54,-41.2580038295801,-141.234448143768,-114.555143957173,-1.32146372021681,35.3813424093724
34.56,-41.5030670639266,-141.091539636593,-114.762997216611,-1.53904141717356,34.8942499260106
34.58,-41.8023646218581,-140.881987135432,-115.012391722422,-1.70649207083125,34.3958993247594
34.6,-42.1305865605723,-140.628489487947,-115.285118751429,-1.8357731688775,33.9041790120595
34.62,-42.4659786033404,-140.353404306106,-115.565244433789,-1.93513719506142,33.4330697423524
34.64,-42.7940347242076,-140.072622832106,-115.841631961495,-2.01117741995522,32.9913004946058
34.66,-43.1056791090215,-139.79702172112,-116.106859341598,-2.06912519708575,32.5836546375164
34.68,-43.3956355610968,-139.533748452689,-116.356226938182,-2.11304194329227,32.2122418312576
34.7,-43.6611664394166,-139.287306241332,-116.586948664691,-2.14607907219281,31.8774162710901
34.72,-43.9014626798398,-139.060130027256,-116.797780574601,-2.17075749748555,31.5780538599085
34.74,-44.1168234817055,-138.853293355232,-116.988441262135,-2.18901489330435,31.3123311861855
34.76,-44.3083463246563,-138.666845149407,-117.1593908319,-2.20237059796278,31.077879219921
34.78,-44.4775780556279,-138.500162302388,-117.311558524685,-2.21200261607254,30.8720845694086
34.8,-44.6262791970022,-138.352210513977,-117.446144408525,-2.21881953438292,30.6922859151037
34.82,-44.7563640584146,-138.221640440352,-117.56456234431,-2.22352915053488,30.5357815005943
34.84,-44.8696762681365,-138.107032140428,-117.668235533345,-2.22666868326331,30.4000646611904
34.86,-44.9680215382822,-138.006896346601,-117.758612388724,-2.2286524847824,30.2827503405263
34.88,-45.0531349323607,-137.919728275223,-117.837127635166,-2.22979812441047,30.1815954197468
34.9,-45.1265883981245,-137.844118084641,-117.905109170014,-2.23034389206626,30.0945966283735
34.92,-45.1898001112012,-137.778759248317,-117.963776493624,-2.23046878767871,30.0199673513574
34.94,-45.2440726036702,-137.722423080954,-118.014267833076,-2.23030762417114,29.9560836665109
34.96,-45.2905944801221,-137.673966149486,-118.057636049273,-2.22996052090181,29.9014769637883
34.98,-45.3303774116039,-137.632402506571,-118.094785542454,-2.22949976742052,29.8549046178606
35,-45.3643469654619,-137.596817382027,-118.126551840489,-2.22897811668263,29.8152378247682
