t_ms_full,bottom_raw,mid_raw,top_raw,elbow_raw,wrist_raw,bottom_tx,mid_tx,top_tx,elbow_tx,wrist_tx
0,0,0,0,0,0,0,0,0,0,0
20,6.36e-14,-3.18e-14,0,-3.18e-14,0,0,-0,0,-0,0
40,5.09e-14,-1.91e-14,0,-1.91e-14,0,0,-0,0,-0,0
60,7.63e-14,-2.54e-14,0,-2.54e-14,0,0,-0,0,-0,0
80,7.63e-14,-2.54e-14,0,-2.54e-14,0,0,-0,0,-0,0
100,6.36e-14,-2.54e-14,0,-2.54e-14,0,0,-0,0,-0,0
120,3.82e-14,-6.36e-14,0,-6.36e-14,0,0,-0,0,-0,0
140,5.09e-14,0,0,0,0,0,0,0,0,0
160,5.09e-14,-5.72e-14,0,-5.72e-14,0,0,-0,0,-0,0
180,2.54e-14,-1.27e-14,0,-1.27e-14,0,0,-0,0,-0,0
200,5.09e-14,-1.27e-14,0,-1.27e-14,0,0,-0,0,-0,0
220,3.82e-14,-1.27e-14,0,-1.27e-14,0,0,-0,0,-0,0
240,7.63e-14,-1.91e-14,0,-1.91e-14,0,0,-0,0,-0,0
260,3.82e-14,-1.27e-14,0,-1.27e-14,0,0,-0,0,-0,0
280,5.09e-14,-2.54e-14,2.54e-14,-2.54e-14,2.54e-14,0,-0,0,-0,0
300,5.09e-14,-3.82e-14,0,-3.82e-14,0,0,-0,0,-0,0
320,5.09e-14,0,0,0,0,0,0,0,0,0
340,7.63e-14,-5.72e-14,0,-5.72e-14,0,0,-0,0,-0,0
360,5.09e-14,-3.82e-14,0,-3.82e-14,0,0,-0,0,-0,0
380,7.63e-14,-3.82e-14,2.54e-14,-3.82e-14,2.54e-14,0,-0,0,-0,0
400,3.82e-14,-6.36e-15,2.54e-14,-6.36e-15,2.54e-14,0,-0,0,-0,0
420,5.09e-14,-5.09e-14,2.54e-14,-5.09e-14,2.54e-14,0,-0,0,-0,0
440,5.09e-14,-5.09e-14,0,-5.09e-14,0,0,-0,0,-0,0
460,2.54e-14,0,0,0,0,0,0,0,0,0
480,5.09e-14,-2.54e-14,-2.54e-14,-2.54e-14,-2.54e-14,0,-0,-0,-0,-0
500,5.09e-14,0,0,0,0,0,0,0,0,0
520,1.27e-14,1.27e-14,0,1.27e-14,0,0,0,0,0,0
540,7.63e-14,-3.18e-14,0,-3.18e-14,0,0,-0,0,-0,0
560,5.09e-14,0,0,0,0,0,0,0,0,0
580,5.09e-14,-2.54e-14,0,-2.54e-14,0,0,-0,0,-0,0
600,1.27e-14,0,-2.54e-14,0,-2.54e-14,0,0,-0,0,-0
620,6.36e-14,-3.18e-14,2.54e-14,-3.18e-14,2.54e-14,0,-0,0,-0,0
640,3.82e-14,0,2.54e-14,0,2.54e-14,0,0,0,0,0
660,3.82e-14,-5.09e-14,0,-5.09e-14,0,0,-0,0,-0,0
680,6.36e-14,-1.91e-14,-2.54e-14,-1.91e-14,-2.54e-14,0,-0,-0,-0,-0
700,5.09e-14,-2.54e-14,0,-2.54e-14,0,0,-0,0,-0,0
720,3.82e-14,-1.27e-14,-2.54e-14,-1.27e-14,-2.54e-14,0,-0,-0,-0,-0
740,3.82e-14,0,0,0,0,0,0,0,0,0
760,2.54e-14,-1.91e-14,0,-1.91e-14,0,0,-0,0,-0,0
780,5.09e-14,-1.27e-14,0,-1.27e-14,0,0,-0,0,-0,0
800,3.82e-14,-6.36e-15,-2.54e-14,-6.36e-15,-2.54e-14,0,-0,-0,-0,-0
820,6.36e-14,-4.45e-14,2.54e-14,-4.45e-14,2.54e-14,0,-0,0,-0,0
840,5.09e-14,-1.91e-14,0,-1.91e-14,0,0,-0,0,-0,0
860,2.54e-14,0,-2.54e-14,0,-2.54e-14,0,0,-0,0,-0
880,3.82e-14,6.36e-15,0,6.36e-15,0,0,0,0,0,0
900,3.82e-14,-1.27e-14,2.54e-14,-1.27e-14,2.54e-14,0,-0,0,-0,0
920,6.36e-14,-1.27e-14,0,-1.27e-14,0,0,-0,0,-0,0
940,5.09e-14,0,-5.09e-14,0,-5.09e-14,0,0,-0,0,-0
960,5.09e-14,-1.27e-14,-2.54e-14,-1.27e-14,-2.54e-14,0,-0,-0,-0,-0
980,3.82e-14,6.36e-15,-2.54e-14,6.36e-15,-2.54e-14,0,0,-0,0,-0
1000,5.09e-14,-5.72e-14,0,-5.72e-14,0,0,-0,0,-0,0
1020,5.09e-14,-3.18e-14,0,-3.18e-14,0,0,-0,0,-0,0
1040,3.82e-14,-7e-14,0,-7e-14,0,0,-0,0,-0,0
1060,3.82e-14,-6.36e-15,-2.54e-14,-6.36e-15,-2.54e-14,0,-0,-0,-0,-0
1080,3.82e-14,-1.27e-14,-2.54e-14,-1.27e-14,-2.54e-14,0,-0,-0,-0,-0
1100,6.36e-14,-2.54e-14,-2.54e-14,-2.54e-14,-2.54e-14,0,-0,-0,-0,-0
1120,5.09e-14,-1.27e-14,0,-1.27e-14,0,0,-0,0,-0,0
1140,5.09e-14,-2.54e-14,0,-2.54e-14,0,0,-0,0,-0,0
1160,6.36e-14,-3.82e-14,2.54e-14,-3.82e-14,2.54e-14,0,-0,0,-0,0
1180,3.82e-14,1.27e-14,-2.54e-14,1.27e-14,-2.54e-14,0,0,-0,0,-0
1200,6.36e-14,-1.27e-14,-2.54e-14,-1.27e-14,-2.54e-14,0,-0,-0,-0,-0
1220,7.63e-14,-2.54e-14,-2.54e-14,-2.54e-14,-2.54e-14,0,-0,-0,-0,-0
1240,2.54e-14,0,2.54e-14,0,2.54e-14,0,0,0,0,0
1260,6.36e-14,-1.91e-14,0,-1.91e-14,0,0,-0,0,-0,0
1280,2.54e-14,-1.27e-14,0,-1.27e-14,0,0,-0,0,-0,0
1300,6.36e-14,1.91e-14,0,1.91e-14,0,0,0,0,0,0
1320,6.36e-14,-6.36e-15,0,-6.36e-15,0,0,-0,0,-0,0
1340,3.82e-14,-1.91e-14,0,-1.91e-14,0,0,-0,0,-0,0
1360,5.09e-14,-1.27e-14,0,-1.27e-14,0,0,-0,0,-0,0
1380,5.09e-14,-1.27e-14,-2.54e-14,-1.27e-14,-2.54e-14,0,-0,-0,-0,-0
1400,8.91e-14,-5.72e-14,0,-5.72e-14,0,0,-0,0,-0,0
1420,3.82e-14,-1.27e-14,-2.54e-14,-1.27e-14,-2.54e-14,0,-0,-0,-0,-0
1440,3.82e-14,-1.27e-14,0,-1.27e-14,0,0,-0,0,-0,0
1460,6.36e-14,-5.09e-14,0,-5.09e-14,0,0,-0,0,-0,0
1480,3.82e-14,1.27e-14,-2.54e-14,1.27e-14,-2.54e-14,0,0,-0,0,-0
1500,7.63e-14,-6.36e-14,0,-6.36e-14,0,0,-0,0,-0,0
1520,7.63e-14,-5.09e-14,2.54e-14,-5.09e-14,2.54e-14,0,-0,0,-0,0
1540,2.54e-14,0,0,0,0,0,0,0,0,0
1560,7.63e-14,-4.45e-14,2.54e-14,-4.45e-14,2.54e-14,0,-0,0,-0,0
1580,3.82e-14,-1.91e-14,0,-1.91e-14,0,0,-0,0,-0,0
1600,3.82e-14,6.36e-15,-2.54e-14,6.36e-15,-2.54e-14,0,0,-0,0,-0
1620,5.09e-14,0,-2.54e-14,0,-2.54e-14,0,0,-0,0,-0
1640,3.82e-14,-2.54e-14,0,-2.54e-14,0,0,-0,0,-0,0
1660,5.09e-14,-1.27e-14,0,-1.27e-14,0,0,-0,0,-0,0
1680,5.09e-14,-6.36e-15,-2.54e-14,-6.36e-15,-2.54e-14,0,-0,-0,-0,-0
1700,2.54e-14,0,0,0,0,0,0,0,0,0
1720,7.63e-14,-1.91e-14,-2.54e-14,-1.91e-14,-2.54e-14,0,-0,-0,-0,-0
1740,2.54e-14,2.54e-14,-2.54e-14,2.54e-14,-2.54e-14,0,0,-0,0,-0
1760,2.54e-14,0,-2.54e-14,0,-2.54e-14,0,0,-0,0,-0
1780,8.91e-14,-1.27e-14,0,-1.27e-14,0,0,-0,0,-0,0
1800,5.09e-14,-1.27e-14,-2.54e-14,-1.27e-14,-2.54e-14,0,-0,-0,-0,-0
1820,3.82e-14,-3.18e-14,0,-3.18e-14,0,0,-0,0,-0,0
1840,3.82e-14,-1.91e-14,0,-1.91e-14,0,0,-0,0,-0,0
1860,3.82e-14,-1.27e-14,-2.54e-14,-1.27e-14,-2.54e-14,0,-0,-0,-0,-0
1880,7.63e-14,-1.91e-14,-2.54e-14,-1.91e-14,-2.54e-14,0,-0,-0,-0,-0
1900,5.09e-14,0,-2.54e-14,0,-2.54e-14,0,0,-0,0,-0
1920,5.09e-14,-1.27e-14,0,-1.27e-14,0,0,-0,0,-0,0
1940,3.82e-14,0,-2.54e-14,0,-2.54e-14,0,0,-0,0,-0
1960,7.63e-14,-3.82e-14,0,-3.82e-14,0,0,-0,0,-0,0
1980,6.36e-14,-3.18e-14,2.54e-14,-3.18e-14,2.54e-14,0,-0,0,-0,0
2000,6.36e-14,0,0,0,0,0,0,0,0,0
2020,5.09e-14,-2.54e-14,2.54e-14,-2.54e-14,2.54e-14,0,-0,0,-0,0
2040,5.09e-14,-1.27e-14,0,-1.27e-14,0,0,-0,0,-0,0
2060,5.09e-14,-1.91e-14,0,-1.91e-14,0,0,-0,0,-0,0
2080,0,0,-2.54e-14,0,-2.54e-14,0,0,-0,0,-0
2100,0,1.27e-14,0,1.27e-14,0,0,0,0,0,0
2120,5.09e-14,-5.09e-14,0,-5.09e-14,0,0,-0,0,-0,0
2140,5.09e-14,-5.09e-14,2.54e-14,-5.09e-14,2.54e-14,0,-0,0,-0,0
2160,7.63e-14,-1.91e-14,0,-1.91e-14,0,0,-0,0,-0,0
2180,5.09e-14,-1.27e-14,-2.54e-14,-1.27e-14,-2.54e-14,0,-0,-0,-0,-0
2200,5.09e-14,-3.82e-14,0,-3.82e-14,0,0,-0,0,-0,0
2220,5.09e-14,-3.82e-14,-2.54e-14,-3.82e-14,-2.54e-14,0,-0,-0,-0,-0
2240,7.63e-14,-4.45e-14,2.54e-14,-4.45e-14,2.54e-14,0,-0,0,-0,0
2260,5.09e-14,-1.91e-14,0,-1.91e-14,0,0,-0,0,-0,0
2280,0,0,-2.54e-14,0,-2.54e-14,0,0,-0,0,-0
2300,5.09e-14,-1.91e-14,0,-1.91e-14,0,0,-0,0,-0,0
2320,6.36e-14,-2.54e-14,0,-2.54e-14,0,0,-0,0,-0,0
2340,3.82e-14,-6.36e-15,0,-6.36e-15,0,0,-0,0,-0,0
2360,6.36e-14,-1.91e-14,0,-1.91e-14,0,0,-0,0,-0,0
2380,6.36e-14,-5.09e-14,0,-5.09e-14,0,0,-0,0,-0,0
2400,2.54e-14,-2.54e-14,-2.54e-14,-2.54e-14,-2.54e-14,0,-0,-0,-0,-0
2420,3.82e-14,1.27e-14,0,1.27e-14,0,0,0,0,0,0
2440,5.09e-14,-1.91e-14,-2.54e-14,-1.91e-14,-2.54e-14,0,-0,-0,-0,-0
2460,7.63e-14,-1.27e-14,-2.54e-14,-1.27e-14,-2.54e-14,0,-0,-0,-0,-0
2480,2.54e-14,-1.27e-14,0,-1.27e-14,0,0,-0,0,-0,0
2500,5.09e-14,1.27e-14,-2.54e-14,1.27e-14,-2.54e-14,0,0,-0,0,-0
2520,3.82e-14,-1.27e-14,2.54e-14,-1.27e-14,2.54e-14,0,-0,0,-0,0
2540,6.36e-14,-2.54e-14,2.54e-14,-2.54e-14,2.54e-14,0,-0,0,-0,0
2560,6.36e-14,-5.09e-14,0,-5.09e-14,0,0,-0,0,-0,0
2580,3.82e-14,-1.27e-14,-2.54e-14,-1.27e-14,-2.54e-14,0,-0,-0,-0,-0
2600,3.82e-14,0,-2.54e-14,0,-2.54e-14,0,0,-0,0,-0
2620,3.82e-14,-5.09e-14,2.54e-14,-5.09e-14,2.54e-14,0,-0,0,-0,0
2640,3.82e-14,0,0,0,0,0,0,0,0,0
2660,5.09e-14,-3.82e-14,0,-3.82e-14,0,0,-0,0,-0,0
2680,3.82e-14,-1.27e-14,0,-1.27e-14,0,0,-0,0,-0,0
2700,2.54e-14,0,0,0,0,0,0,0,0,0
2720,3.82e-14,-3.82e-14,0,-3.82e-14,0,0,-0,0,-0,0
2740,0,3.18e-14,0,3.18e-14,0,0,0,0,0,0
2760,3.82e-14,0,-2.54e-14,0,-2.54e-14,0,0,-0,0,-0
2780,5.09e-14,-3.18e-14,0,-3.18e-14,0,0,-0,0,-0,0
2800,6.36e-14,-2.54e-14,-2.54e-14,-2.54e-14,-2.54e-14,0,-0,-0,-0,-0
2820,5.09e-14,-5.09e-14,0,-5.09e-14,0,0,-0,0,-0,0
2840,5.09e-14,-4.45e-14,2.54e-14,-4.45e-14,2.54e-14,0,-0,0,-0,0
2860,7.63e-14,-6.36e-15,5.09e-14,-6.36e-15,5.09e-14,0,-0,0,-0,0
2880,5.09e-14,-1.91e-14,0,-1.91e-14,0,0,-0,0,-0,0
2900,3.82e-14,-2.54e-14,-2.54e-14,-2.54e-14,-2.54e-14,0,-0,-0,-0,-0
2920,6.36e-14,-3.18e-14,0,-3.18e-14,0,0,-0,0,-0,0
2940,3.82e-14,-1.27e-14,2.54e-14,-1.27e-14,2.54e-14,0,-0,0,-0,0
2960,3.82e-14,-1.27e-14,0,-1.27e-14,0,0,-0,0,-0,0
2980,1.27e-14,1.27e-14,2.54e-14,1.27e-14,2.54e-14,0,0,0,0,0
3000,3.82e-14,0,0,0,0,0,0,0,0,0
3020,1.27e-14,-6.36e-15,0,-6.36e-15,0,0,-0,0,-0,0
3040,3.82e-14,-6.36e-15,0,-6.36e-15,0,0,-0,0,-0,0
3060,5.09e-14,-5.72e-14,5.09e-14,-5.72e-14,5.09e-14,0,-0,0,-0,0
3080,7.63e-14,-2.54e-14,-2.54e-14,-2.54e-14,-2.54e-14,0,-0,-0,-0,-0
3100,3.82e-14,1.91e-14,0,1.91e-14,0,0,0,0,0,0
3120,6.36e-14,-1.27e-14,0,-1.27e-14,0,0,-0,0,-0,0
3140,8.91e-14,-5.72e-14,0,-5.72e-14,0,0,-0,0,-0,0
3160,5.09e-14,-5.72e-14,0,-5.72e-14,0,0,-0,0,-0,0
3180,5.09e-14,-1.91e-14,0,-1.91e-14,0,0,-0,0,-0,0
3200,2.54e-14,-3.18e-14,2.54e-14,-3.18e-14,2.54e-14,0,-0,0,-0,0
3220,5.09e-14,-1.27e-14,0,-1.27e-14,0,0,-0,0,-0,0
3240,3.82e-14,-3.82e-14,0,-3.82e-14,0,0,-0,0,-0,0
3260,5.09e-14,0,-2.54e-14,0,-2.54e-14,0,0,-0,0,-0
3280,5.09e-14,-4.45e-14,0,-4.45e-14,0,0,-0,0,-0,0
3300,3.82e-14,1.27e-14,-2.54e-14,1.27e-14,-2.54e-14,0,0,-0,0,-0
3320,7.63e-14,-3.82e-14,0,-3.82e-14,0,0,-0,0,-0,0
3340,5.09e-14,-1.91e-14,2.54e-14,-1.91e-14,2.54e-14,0,-0,0,-0,0
3360,3.82e-14,-1.27e-14,-2.54e-14,-1.27e-14,-2.54e-14,0,-0,-0,-0,-0
3380,3.82e-14,-3.18e-14,0,-3.18e-14,0,0,-0,0,-0,0
3400,8.91e-14,-3.82e-14,0,-3.82e-14,0,0,-0,0,-0,0
3420,6.36e-14,-6.36e-14,0,-6.36e-14,0,0,-0,0,-0,0
3440,5.09e-14,-1.27e-14,0,-1.27e-14,0,0,-0,0,-0,0
3460,2.54e-14,-1.27e-14,0,-1.27e-14,0,0,-0,0,-0,0
3480,1.27e-14,-6.36e-15,0,-6.36e-15,0,0,-0,0,-0,0
3500,7.63e-14,-3.18e-14,0,-3.18e-14,0,0,-0,0,-0,0
3520,5.09e-14,-3.82e-14,0,-3.82e-14,0,0,-0,0,-0,0
3540,3.82e-14,-1.27e-14,-2.54e-14,-1.27e-14,-2.54e-14,0,-0,-0,-0,-0
3560,3.82e-14,-1.91e-14,2.54e-14,-1.91e-14,2.54e-14,0,-0,0,-0,0
3580,2.54e-14,1.27e-14,0,1.27e-14,0,0,0,0,0,0
3600,5.09e-14,-2.54e-14,0,-2.54e-14,0,0,-0,0,-0,0
3620,6.36e-14,-4.45e-14,0,-4.45e-14,0,0,-0,0,-0,0
3640,3.82e-14,-2.54e-14,0,-2.54e-14,0,0,-0,0,-0,0
3660,7.63e-14,-5.09e-14,2.54e-14,-5.09e-14,2.54e-14,0,-0,0,-0,0
3680,1.27e-14,1.91e-14,0,1.91e-14,0,0,0,0,0,0
3700,5.09e-14,-1.27e-14,-2.54e-14,-1.27e-14,-2.54e-14,0,-0,-0,-0,-0
3720,7.63e-14,-3.82e-14,2.54e-14,-3.82e-14,2.54e-14,0,-0,0,-0,0
3740,5.09e-14,-1.91e-14,0,-1.91e-14,0,0,-0,0,-0,0
3760,6.36e-14,-5.09e-14,0,-5.09e-14,0,0,-0,0,-0,0
3780,5.09e-14,-3.82e-14,-2.54e-14,-3.82e-14,-2.54e-14,0,-0,-0,-0,-0
3800,0,1.91e-14,0,1.91e-14,0,0,0,0,0,0
3820,2.54e-14,-1.91e-14,0,-1.91e-14,0,0,-0,0,-0,0
3840,6.36e-14,-1.91e-14,0,-1.91e-14,0,0,-0,0,-0,0
3860,3.82e-14,6.36e-15,0,6.36e-15,0,0,0,0,0,0
3880,6.36e-14,-5.72e-14,0,-5.72e-14,0,0,-0,0,-0,0
3900,3.82e-14,-1.27e-14,0,-1.27e-14,0,0,-0,0,-0,0
3920,6.36e-14,-1.91e-14,0,-1.91e-14,0,0,-0,0,-0,0
3940,2.54e-14,-5.72e-14,0,-5.72e-14,0,0,-0,0,-0,0
3960,5.09e-14,-2.54e-14,0,-2.54e-14,0,0,-0,0,-0,0
3980,8.91e-14,-5.09e-14,0,-5.09e-14,0,0,-0,0,-0,0
4000,3.82e-14,-1.91e-14,0,-1.91e-14,0,0,-0,0,-0,0
4020,3.82e-14,-2.54e-14,0,-2.54e-14,0,0,-0,0,-0,0
4040,5.09e-14,-3.82e-14,0,-3.82e-14,0,0,-0,0,-0,0
4060,6.36e-14,-5.09e-14,0,-5.09e-14,0,0,-0,0,-0,0
4080,3.82e-14,-1.27e-14,-2.54e-14,-1.27e-14,-2.54e-14,0,-0,-0,-0,-0
4100,3.82e-14,-1.91e-14,0,-1.91e-14,0,0,-0,0,-0,0
4120,5.09e-14,-5.72e-14,-2.54e-14,-5.72e-14,-2.54e-14,0,-0,-0,-0,-0
4140,2.54e-14,3.18e-14,-2.54e-14,3.18e-14,-2.54e-14,0,0,-0,0,-0
4160,6.36e-14,-6.36e-15,2.54e-14,-6.36e-15,2.54e-14,0,-0,0,-0,0
4180,3.82e-14,-3.82e-14,0,-3.82e-14,0,0,-0,0,-0,0
4200,5.09e-14,-1.91e-14,5.09e-14,-1.91e-14,5.09e-14,0,-0,0,-0,0
4220,6.36e-14,6.36e-15,-2.54e-14,6.36e-15,-2.54e-14,0,0,-0,0,-0
4240,6.36e-14,-5.72e-14,2.54e-14,-5.72e-14,2.54e-14,0,-0,0,-0,0
4260,3.82e-14,-2.54e-14,0,-2.54e-14,0,0,-0,0,-0,0
4280,5.09e-14,-5.72e-14,2.54e-14,-5.72e-14,2.54e-14,0,-0,0,-0,0
4300,5.09e-14,-2.54e-14,0,-2.54e-14,0,0,-0,0,-0,0
4320,3.82e-14,-2.54e-14,0,-2.54e-14,0,0,-0,0,-0,0
4340,5.09e-14,-1.91e-14,-2.54e-14,-1.91e-14,-2.54e-14,0,-0,-0,-0,-0
4360,2.54e-14,-1.91e-14,2.54e-14,-1.91e-14,2.54e-14,0,-0,0,-0,0
4380,1.27e-14,0,0,0,0,0,0,0,0,0
4400,3.82e-14,1.27e-14,-2.54e-14,1.27e-14,-2.54e-14,0,0,-0,0,-0
4420,5.09e-14,-2.54e-14,-2.54e-14,-2.54e-14,-2.54e-14,0,-0,-0,-0,-0
4440,2.54e-14,1.27e-14,0,1.27e-14,0,0,0,0,0,0
4460,5.09e-14,-3.82e-14,0,-3.82e-14,0,0,-0,0,-0,0
4480,7.63e-14,-5.09e-14,2.54e-14,-5.09e-14,2.54e-14,0,-0,0,-0,0
4500,5.09e-14,-2.54e-14,0,-2.54e-14,0,0,-0,0,-0,0
4520,6.36e-14,-2.54e-14,0,-2.54e-14,0,0,-0,0,-0,0
4540,5.09e-14,0,-2.54e-14,0,-2.54e-14,0,0,-0,0,-0
4560,5.09e-14,-3.18e-14,0,-3.18e-14,0,0,-0,0,-0,0
4580,2.54e-14,0,-2.54e-14,0,-2.54e-14,0,0,-0,0,-0
4600,5.09e-14,-2.54e-14,0,-2.54e-14,0,0,-0,0,-0,0
4620,2.54e-14,-6.36e-15,-2.54e-14,-6.36e-15,-2.54e-14,0,-0,-0,-0,-0
4640,5.09e-14,-4.45e-14,0,-4.45e-14,0,0,-0,0,-0,0
4660,2.54e-14,0,-2.54e-14,0,-2.54e-14,0,0,-0,0,-0
4680,5.09e-14,-2.54e-14,0,-2.54e-14,0,0,-0,0,-0,0
4700,5.09e-14,-2.54e-14,-2.54e-14,-2.54e-14,-2.54e-14,0,-0,-0,-0,-0
4720,7.63e-14,-3.18e-14,0,-3.18e-14,0,0,-0,0,-0,0
4740,2.54e-14,-6.36e-15,0,-6.36e-15,0,0,-0,0,-0,0
4760,8.91e-14,-3.82e-14,0,-3.82e-14,0,0,-0,0,-0,0
4780,5.09e-14,-3.18e-14,0,-3.18e-14,0,0,-0,0,-0,0
4800,6.36e-14,-5.72e-14,0,-5.72e-14,0,0,-0,0,-0,0
4820,3.82e-14,-1.27e-14,0,-1.27e-14,0,0,-0,0,-0,0
4840,5.09e-14,-1.27e-14,0,-1.27e-14,0,0,-0,0,-0,0
4860,6.36e-14,-4.45e-14,2.54e-14,-4.45e-14,2.54e-14,0,-0,0,-0,0
4880,1.27e-14,-1.27e-14,0,-1.27e-14,0,0,-0,0,-0,0
4900,3.82e-14,-2.54e-14,0,-2.54e-14,0,0,-0,0,-0,0
4920,5.09e-14,-3.82e-14,2.54e-14,-3.82e-14,2.54e-14,0,-0,0,-0,0
4940,7.63e-14,-1.91e-14,-2.54e-14,-1.91e-14,-2.54e-14,0,-0,-0,-0,-0
4960,6.36e-14,-1.27e-14,0,-1.27e-14,0,0,-0,0,-0,0
4980,6.36e-14,-2.54e-14,0,-2.54e-14,0,0,-0,0,-0,0
5000,7.63e-14,-0.00041083,0.00041083,-0.00041083,0.00041083,0,-0,0,-0,0
5020,1.27e-14,-0.446660632,0.446660632,-0.446660632,0.446660632,0,-0,0,-0,0
5040,3.82e-14,-1.595628512,1.595628512,-1.595628512,1.595628512,0,-2,2,-2,2
5060,7.63e-14,-3.20006156,3.20006156,-3.20006156,3.20006156,0,-3,3,-3,3
5080,3.82e-14,-5.084514799,5.084514799,-5.084514799,5.084514799,0,-5,5,-5,5
5100,7.63e-14,-7.122030996,7.122030996,-7.122030996,7.122030996,0,-7,7,-7,7
5120,1.14e-13,-9.221766555,9.221766555,-9.221766555,9.221766555,0,-9,9,-9,9
5140,3.82e-14,-11.317373,11.317373,-11.317373,11.317373,0,-11,11,-11,11
5160,5.09e-14,-13.36084735,13.36084735,-13.36084735,13.36084735,0,-13,13,-13,13
5180,6.36e-14,-15.31798594,15.31798594,-15.31798594,15.31798594,0,-15,15,-15,15
5200,8.91e-14,-17.16498864,17.16498864,-17.16498864,17.16498864,0,-17,17,-17,17
5220,3.82e-14,-18.8867751,18.8867751,-18.8867751,18.8867751,0,-19,19,-19,19
5240,3.82e-14,-20.4745462,20.4745462,-20.4745462,20.4745462,0,-20,20,-20,20
5260,1.27e-14,-21.9248198,21.9248198,-21.9248198,21.9248198,0,-22,22,-22,22
5280,3.82e-14,-23.23826209,23.23826209,-23.23826209,23.23826209,0,-23,23,-23,23
5300,5.09e-14,-24.41869646,24.41869646,-24.41869646,24.41869646,0,-24,24,-24,24
5320,5.09e-14,-25.47233053,25.47233053,-25.47233053,25.47233053,0,-25,25,-25,25
5340,3.82e-14,-26.40722617,26.40722617,-26.40722617,26.40722617,0,-26,26,-26,26
5360,5.09e-14,-27.23174516,27.23174516,-27.23174516,27.23174516,0,-27,27,-27,27
5380,6.36e-14,-27.95534001,27.95534001,-27.95534001,27.95534001,0,-28,28,-28,28
5400,7.63e-14,-28.58747859,28.58747859,-28.58747859,28.58747859,0,-29,29,-29,29
5420,8.91e-14,-29.13740992,29.13740992,-29.13740992,29.13740992,0,-29,29,-29,29
5440,3.82e-14,-29.61400903,29.61400903,-29.61400903,29.61400903,0,-30,30,-30,30
5460,5.09e-14,-30.02566293,30.02566293,-30.02566293,30.02566293,0,-30,30,-30,30
5480,1.02e-13,-30.38021405,30.38021405,-30.38021405,30.38021405,0,-30,30,-30,30
5500,8.91e-14,-30.68462099,30.68462099,-30.68462099,30.68462099,0,-31,31,-31,31
5520,1.14e-13,-30.94536838,30.94536838,-30.94536838,30.94536838,0,-31,31,-31,31
5540,1.14e-13,-31.16820903,31.16820903,-31.16820903,31.16820903,0,-31,31,-31,31
5560,3.82e-14,-31.35824532,31.35824532,-31.35824532,31.35824532,0,-31,31,-31,31
5580,3.82e-14,-31.52001475,31.52001475,-31.52001475,31.52001475,0,-32,32,-32,32
5600,7.63e-14,-31.65750019,31.65750019,-31.65750019,31.65750019,0,-32,32,-32,32
5620,3.82e-14,-31.7741431,31.7741431,-31.7741431,31.7741431,0,-32,32,-32,32
5640,5.09e-14,-31.87296552,31.87296552,-31.87296552,31.87296552,0,-32,32,-32,32
5660,8.91e-14,-31.95657816,31.95657816,-31.95657816,31.95657816,0,-32,32,-32,32
5680,5.09e-14,-32.02726279,32.02726279,-32.02726279,32.02726279,0,-32,32,-32,32
5700,1.14e-13,-32.08692586,32.08692586,-32.08692586,32.08692586,0,-32,32,-32,32
5720,5.09e-14,-32.13723673,32.13723673,-32.13723673,32.13723673,0,-32,32,-32,32
5740,6.36e-14,-32.17962159,32.17962159,-32.17962159,32.17962159,0,-32,32,-32,32
5760,7.63e-14,-32.21531168,32.21531168,-32.21531168,32.21531168,0,-32,32,-32,32
5780,2.54e-14,-32.24532522,32.24532522,-32.24532522,32.24532522,0,-32,32,-32,32
5800,6.36e-14,-32.27054762,32.27054762,-32.27054762,32.27054762,0,-32,32,-32,32
5820,5.09e-14,-32.2917291,32.2917291,-32.2917291,32.2917291,0,-32,32,-32,32
5840,8.91e-14,-32.30951104,32.30951104,-32.30951104,32.30951104,0,-32,32,-32,32
5860,6.36e-14,-32.32442218,32.32442218,-32.32442218,32.32442218,0,-32,32,-32,32
5880,6.36e-14,-32.33692059,32.33692059,-32.33692059,32.33692059,0,-32,32,-32,32
5900,2.54e-14,-32.34739095,32.34739095,-32.34739095,32.34739095,0,-32,32,-32,32
5920,6.36e-14,-32.35615848,32.35615848,-32.35615848,32.35615848,0,-32,32,-32,32
5940,3.82e-14,-32.3634956,32.3634956,-32.3634956,32.3634956,0,-32,32,-32,32
5960,5.09e-14,-32.36963232,32.36963232,-32.36963232,32.36963232,0,-32,32,-32,32
5980,6.36e-14,-32.3747633,32.3747633,-32.3747633,32.3747633,0,-32,32,-32,32
6000,3.82e-14,-32.37905088,32.37905088,-32.37905088,32.37905088,0,-32,32,-32,32
6020,3.82e-14,-32.38263293,32.38263293,-32.38263293,32.38263293,0,-32,32,-32,32
6040,7.63e-14,-32.38562324,32.38562324,-32.38562324,32.38562324,0,-32,32,-32,32
6060,7.63e-14,-32.38811999,32.38811999,-32.38811999,32.38811999,0,-32,32,-32,32
6080,7.63e-14,-32.39020288,32.39020288,-32.39020288,32.39020288,0,-32,32,-32,32
6100,5.09e-14,-32.39194011,32.39194011,-32.39194011,32.39194011,0,-32,32,-32,32
6120,3.82e-14,-32.3933884,32.3933884,-32.3933884,32.3933884,0,-32,32,-32,32
6140,6.36e-14,-32.39459602,32.39459602,-32.39459602,32.39459602,0,-32,32,-32,32
6160,6.36e-14,-32.39560195,32.39560195,-32.39560195,32.39560195,0,-32,32,-32,32
6180,7.63e-14,-32.39644004,32.39644004,-32.39644004,32.39644004,0,-32,32,-32,32
6200,1.02e-13,-32.39713777,32.39713777,-32.39713777,32.39713777,0,-32,32,-32,32
6220,2.54e-14,-32.39771885,32.39771885,-32.39771885,32.39771885,0,-32,32,-32,32
6240,7.63e-14,-32.39820228,32.39820228,-32.39820228,32.39820228,0,-32,32,-32,32
6260,3.82e-14,-32.39860468,32.39860468,-32.39860468,32.39860468,0,-32,32,-32,32
6280,7.63e-14,-32.39893933,32.39893933,-32.39893933,32.39893933,0,-32,32,-32,32
6300,7.63e-14,-32.39921767,32.39921767,-32.39921767,32.39921767,0,-32,32,-32,32
6320,6.36e-14,-32.39944903,32.39944903,-32.39944903,32.39944903,0,-32,32,-32,32
6340,6.36e-14,-32.39964142,32.39964142,-32.39964142,32.39964142,0,-32,32,-32,32
6360,3.82e-14,-32.39980128,32.39980128,-32.39980128,32.39980128,0,-32,32,-32,32
6380,3.82e-14,-32.39993409,32.39993409,-32.39993409,32.39993409,0,-32,32,-32,32
6400,3.82e-14,-32.40004441,32.40004441,-32.40004441,32.40004441,0,-32,32,-32,32
6420,5.09e-14,-32.40013606,32.40013606,-32.40013606,32.40013606,0,-32,32,-32,32
6440,8.91e-14,-32.40021215,32.40021215,-32.40021215,32.40021215,0,-32,32,-32,32
6460,5.09e-14,-32.40027531,32.40027531,-32.40027531,32.40027531,0,-32,32,-32,32
6480,3.82e-14,-32.40032774,32.40032774,-32.40032774,32.40032774,0,-32,32,-32,32
6500,8.91e-14,-32.40037125,32.40037125,-32.40037125,32.40037125,0,-32,32,-32,32
6520,3.82e-14,-32.40040735,32.40040735,-32.40040735,32.40040735,0,-32,32,-32,32
6540,6.36e-14,-32.4004373,32.4004373,-32.4004373,32.4004373,0,-32,32,-32,32
6560,5.09e-14,-32.40046214,32.40046214,-32.40046214,32.40046214,0,-32,32,-32,32
6580,3.82e-14,-32.40048274,32.40048274,-32.40048274,32.40048274,0,-32,32,-32,32
6600,6.36e-14,-32.40049982,32.40049982,-32.40049982,32.40049982,0,-32,32,-32,32
6620,5.09e-14,-32.40051398,32.40051398,-32.40051398,32.40051398,0,-32,32,-32,32
6640,5.09e-14,-32.40052572,32.40052572,-32.40052572,32.40052572,0,-32,32,-32,32
6660,6.36e-14,-32.40053545,32.40053545,-32.40053545,32.40053545,0,-32,32,-32,32
6680,6.36e-14,-32.40054351,32.40054351,-32.40054351,32.40054351,0,-32,32,-32,32
6700,3.82e-14,-32.40055019,32.40055019,-32.40055019,32.40055019,0,-32,32,-32,32
6720,3.82e-14,-32.40055573,32.40055573,-32.40055573,32.40055573,0,-32,32,-32,32
6740,6.36e-14,-32.40056031,32.40056031,-32.40056031,32.40056031,0,-32,32,-32,32
6760,3.82e-14,-32.4005641,32.4005641,-32.4005641,32.4005641,0,-32,32,-32,32
6780,7.63e-14,-32.40056725,32.40056725,-32.40056725,32.40056725,0,-32,32,-32,32
6800,1.53e-13,-32.40056985,32.40056985,-32.40056985,32.40056985,0,-32,32,-32,32
6820,3.82e-14,-32.400572,32.400572,-32.400572,32.400572,0,-32,32,-32,32
6840,6.36e-14,-32.40057379,32.40057379,-32.40057379,32.40057379,0,-32,32,-32,32
6860,3.82e-14,-32.40057526,32.40057526,-32.40057526,32.40057526,0,-32,32,-32,32
6880,3.82e-14,-32.40057649,32.40057649,-32.40057649,32.40057649,0,-32,32,-32,32
6900,6.36e-14,-32.4005775,32.4005775,-32.4005775,32.4005775,0,-32,32,-32,32
6920,2.54e-14,-32.40057833,32.40057833,-32.40057833,32.40057833,0,-32,32,-32,32
6940,5.09e-14,-32.40057903,32.40057903,-32.40057903,32.40057903,0,-32,32,-32,32
6960,3.82e-14,-32.4005796,32.4005796,-32.4005796,32.4005796,0,-32,32,-32,32
6980,7.63e-14,-32.40058007,32.40058007,-32.40058007,32.40058007,0,-32,32,-32,32
7000,3.82e-14,-32.40058046,32.40058046,-32.40058046,32.40058046,0,-32,32,-32,32
7020,5.09e-14,-32.40058079,32.40058079,-32.40058079,32.40058079,0,-32,32,-32,32
7040,6.36e-14,-32.40058105,32.40058105,-32.40058105,32.40058105,0,-32,32,-32,32
7060,7.63e-14,-32.40058128,32.40058128,-32.40058128,32.40058128,0,-32,32,-32,32
7080,3.82e-14,-32.40058146,32.40058146,-32.40058146,32.40058146,0,-32,32,-32,32
7100,3.82e-14,-32.40058161,32.40058161,-32.40058161,32.40058161,0,-32,32,-32,32
7120,5.09e-14,-32.40058174,32.40058174,-32.40058174,32.40058174,0,-32,32,-32,32
7140,8.91e-14,-32.40058184,32.40058184,-32.40058184,32.40058184,0,-32,32,-32,32
7160,5.09e-14,-32.40058192,32.40058192,-32.40058192,32.40058192,0,-32,32,-32,32
7180,6.36e-14,-32.40058199,32.40058199,-32.40058199,32.40058199,0,-32,32,-32,32
7200,6.36e-14,-32.40058205,32.40058205,-32.40058205,32.40058205,0,-32,32,-32,32
7220,7.63e-14,-32.4005821,32.4005821,-32.4005821,32.4005821,0,-32,32,-32,32
7240,8.91e-14,-32.40058214,32.40058214,-32.40058214,32.40058214,0,-32,32,-32,32
7260,3.82e-14,-32.40058217,32.40058217,-32.40058217,32.40058217,0,-32,32,-32,32
7280,3.82e-14,-32.4005822,32.4005822,-32.4005822,32.4005822,0,-32,32,-32,32
7300,7.63e-14,-32.40058222,32.40058222,-32.40058222,32.40058222,0,-32,32,-32,32
7320,6.36e-14,-32.40058224,32.40058224,-32.40058224,32.40058224,0,-32,32,-32,32
7340,6.36e-14,-32.40058226,32.40058226,-32.40058226,32.40058226,0,-32,32,-32,32
7360,5.09e-14,-32.40058227,32.40058227,-32.40058227,32.40058227,0,-32,32,-32,32
7380,6.36e-14,-32.40058228,32.40058228,-32.40058228,32.40058228,0,-32,32,-32,32
7400,5.09e-14,-32.40058229,32.40058229,-32.40058229,32.40058229,0,-32,32,-32,32
7420,5.09e-14,-32.4005823,32.4005823,-32.4005823,32.4005823,0,-32,32,-32,32
7440,5.09e-14,-32.4005823,32.4005823,-32.4005823,32.4005823,0,-32,32,-32,32
7460,6.36e-14,-32.40058231,32.40058231,-32.40058231,32.40058231,0,-32,32,-32,32
7480,1.14e-13,-32.40058231,32.40058231,-32.40058231,32.40058231,0,-32,32,-32,32
7500,3.82e-14,-32.40058231,32.40058231,-32.40058231,32.40058231,0,-32,32,-32,32
7520,8.91e-14,-32.40058232,32.40058232,-32.40058232,32.40058232,0,-32,32,-32,32
7540,7.63e-14,-32.40058232,32.40058232,-32.40058232,32.40058232,0,-32,32,-32,32
7560,7.63e-14,-32.40058232,32.40058232,-32.40058232,32.40058232,0,-32,32,-32,32
7580,5.09e-14,-32.40058232,32.40058232,-32.40058232,32.40058232,0,-32,32,-32,32
7600,3.82e-14,-32.40058232,32.40058232,-32.40058232,32.40058232,0,-32,32,-32,32
7620,6.36e-14,-32.40058232,32.40058232,-32.40058232,32.40058232,0,-32,32,-32,32
7640,8.91e-14,-32.40058233,32.40058233,-32.40058233,32.40058233,0,-32,32,-32,32
7660,5.09e-14,-32.40058233,32.40058233,-32.40058233,32.40058233,0,-32,32,-32,32
7680,7.63e-14,-32.40058233,32.40058233,-32.40058233,32.40058233,0,-32,32,-32,32
7700,6.36e-14,-32.40058233,32.40058233,-32.40058233,32.40058233,0,-32,32,-32,32
7720,7.63e-14,-32.40058233,32.40058233,-32.40058233,32.40058233,0,-32,32,-32,32
7740,6.36e-14,-32.40058233,32.40058233,-32.40058233,32.40058233,0,-32,32,-32,32
7760,5.09e-14,-32.40058233,32.40058233,-32.40058233,32.40058233,0,-32,32,-32,32
7780,8.91e-14,-32.40058233,32.40058233,-32.40058233,32.40058233,0,-32,32,-32,32
7800,3.82e-14,-32.40058233,32.40058233,-32.40058233,32.40058233,0,-32,32,-32,32
7820,8.91e-14,-32.40058233,32.40058233,-32.40058233,32.40058233,0,-32,32,-32,32
7840,8.91e-14,-32.40058233,32.40058233,-32.40058233,32.40058233,0,-32,32,-32,32
7860,3.82e-14,-32.40058233,32.40058233,-32.40058233,32.40058233,0,-32,32,-32,32
7880,1.02e-13,-32.40058233,32.40058233,-32.40058233,32.40058233,0,-32,32,-32,32
7900,6.36e-14,-32.40058233,32.40058233,-32.40058233,32.40058233,0,-32,32,-32,32
7920,1.02e-13,-32.40058233,32.40058233,-32.40058233,32.40058233,0,-32,32,-32,32
7940,7.63e-14,-32.40058233,32.40058233,-32.40058233,32.40058233,0,-32,32,-32,32
7960,8.91e-14,-32.40058233,32.40058233,-32.40058233,32.40058233,0,-32,32,-32,32
7980,1.27e-14,-32.40058233,32.40058233,-32.40058233,32.40058233,0,-32,32,-32,32
8000,7.63e-14,-32.40058233,32.40058233,-32.40058233,32.40058233,0,-32,32,-32,32
8020,1.27e-14,-32.40058233,32.40058233,-32.40058233,32.40058233,0,-32,32,-32,32
8040,7.63e-14,-32.40058233,32.40058233,-32.40058233,32.40058233,0,-32,32,-32,32
8060,7.63e-14,-32.40058233,32.40058233,-32.40058233,32.40058233,0,-32,32,-32,32
8080,7.63e-14,-32.40058233,32.40058233,-32.40058233,32.40058233,0,-32,32,-32,32
8100,7.63e-14,-32.40058233,32.40058233,-32.40058233,32.40058233,0,-32,32,-32,32
8120,7.63e-14,-32.40058233,32.40058233,-32.40058233,32.40058233,0,-32,32,-32,32
8140,8.91e-14,-32.40058233,32.40058233,-32.40058233,32.40058233,0,-32,32,-32,32
8160,6.36e-14,-32.40058233,32.40058233,-32.40058233,32.40058233,0,-32,32,-32,32
8180,6.36e-14,-32.40058233,32.40058233,-32.40058233,32.40058233,0,-32,32,-32,32
8200,7.63e-14,-32.40058233,32.40058233,-32.40058233,32.40058233,0,-32,32,-32,32
8220,8.91e-14,-32.40058233,32.40058233,-32.40058233,32.40058233,0,-32,32,-32,32
8240,7.63e-14,-32.40058233,32.40058233,-32.40058233,32.40058233,0,-32,32,-32,32
8260,6.36e-14,-32.40058233,32.40058233,-32.40058233,32.40058233,0,-32,32,-32,32
8280,5.09e-14,-32.40058233,32.40058233,-32.40058233,32.40058233,0,-32,32,-32,32
8300,6.36e-14,-32.40058233,32.40058233,-32.40058233,32.40058233,0,-32,32,-32,32
8320,7.63e-14,-32.40058233,32.40058233,-32.40058233,32.40058233,0,-32,32,-32,32
8340,3.82e-14,-32.40058233,32.40058233,-32.40058233,32.40058233,0,-32,32,-32,32
8360,7.63e-14,-32.40058233,32.40058233,-32.40058233,32.40058233,0,-32,32,-32,32
8380,3.82e-14,-32.40058233,32.40058233,-32.40058233,32.40058233,0,-32,32,-32,32
8400,8.91e-14,-32.40058233,32.40058233,-32.40058233,32.40058233,0,-32,32,-32,32
8420,3.82e-14,-32.40058233,32.40058233,-32.40058233,32.40058233,0,-32,32,-32,32
8440,6.36e-14,-32.40058233,32.40058233,-32.40058233,32.40058233,0,-32,32,-32,32
8460,7.63e-14,-32.40058233,32.40058233,-32.40058233,32.40058233,0,-32,32,-32,32
8480,7.63e-14,-32.40058233,32.40058233,-32.40058233,32.40058233,0,-32,32,-32,32
8500,5.09e-14,-32.40058233,32.40058233,-32.40058233,32.40058233,0,-32,32,-32,32
8520,5.09e-14,-32.40058233,32.40058233,-32.40058233,32.40058233,0,-32,32,-32,32
8540,8.91e-14,-32.40058233,32.40058233,-32.40058233,32.40058233,0,-32,32,-32,32
8560,7.63e-14,-32.40058233,32.40058233,-32.40058233,32.40058233,0,-32,32,-32,32
8580,6.36e-14,-32.40058233,32.40058233,-32.40058233,32.40058233,0,-32,32,-32,32
8600,3.82e-14,-32.40058233,32.40058233,-32.40058233,32.40058233,0,-32,32,-32,32
8620,6.36e-14,-32.40058233,32.40058233,-32.40058233,32.40058233,0,-32,32,-32,32
8640,3.82e-14,-32.40058233,32.40058233,-32.40058233,32.40058233,0,-32,32,-32,32
8660,5.09e-14,-32.40058233,32.40058233,-32.40058233,32.40058233,0,-32,32,-32,32
8680,8.91e-14,-32.40058233,32.40058233,-32.40058233,32.40058233,0,-32,32,-32,32
8700,5.09e-14,-32.40058233,32.40058233,-32.40058233,32.40058233,0,-32,32,-32,32
8720,3.82e-14,-32.40058233,32.40058233,-32.40058233,32.40058233,0,-32,32,-32,32
8740,8.91e-14,-32.40058233,32.40058233,-32.40058233,32.40058233,0,-32,32,-32,32
8760,8.91e-14,-32.40058233,32.40058233,-32.40058233,32.40058233,0,-32,32,-32,32
8780,8.91e-14,-32.40058233,32.40058233,-32.40058233,32.40058233,0,-32,32,-32,32
8800,8.91e-14,-32.40058233,32.40058233,-32.40058233,32.40058233,0,-32,32,-32,32
8820,3.82e-14,-32.40058233,32.40058233,-32.40058233,32.40058233,0,-32,32,-32,32
8840,3.82e-14,-32.40058233,32.40058233,-32.40058233,32.40058233,0,-32,32,-32,32
8860,1.02e-13,-32.40058233,32.40058233,-32.40058233,32.40058233,0,-32,32,-32,32
8880,7.63e-14,-32.40058233,32.40058233,-32.40058233,32.40058233,0,-32,32,-32,32
8900,6.36e-14,-32.40058233,32.40058233,-32.40058233,32.40058233,0,-32,32,-32,32
8920,6.36e-14,-32.40058233,32.40058233,-32.40058233,32.40058233,0,-32,32,-32,32
8940,1.27e-13,-32.40058233,32.40058233,-32.40058233,32.40058233,0,-32,32,-32,32
8960,6.36e-14,-32.40058233,32.40058233,-32.40058233,32.40058233,0,-32,32,-32,32
8980,7.63e-14,-32.40058233,32.40058233,-32.40058233,32.40058233,0,-32,32,-32,32
9000,8.91e-14,-32.40058233,32.40058233,-32.40058233,32.40058233,0,-32,32,-32,32
9020,8.91e-14,-32.40058233,32.40058233,-32.40058233,32.40058233,0,-32,32,-32,32
9040,7.63e-14,-32.40058233,32.40058233,-32.40058233,32.40058233,0,-32,32,-32,32
9060,6.36e-14,-32.40058233,32.40058233,-32.40058233,32.40058233,0,-32,32,-32,32
9080,7.63e-14,-32.40058233,32.40058233,-32.40058233,32.40058233,0,-32,32,-32,32
9100,7.63e-14,-32.40058233,32.40058233,-32.40058233,32.40058233,0,-32,32,-32,32
9120,8.91e-14,-32.40058233,32.40058233,-32.40058233,32.40058233,0,-32,32,-32,32
9140,1.14e-13,-32.40058233,32.40058233,-32.40058233,32.40058233,0,-32,32,-32,32
9160,8.91e-14,-32.40058233,32.40058233,-32.40058233,32.40058233,0,-32,32,-32,32
9180,7.63e-14,-32.40058233,32.40058233,-32.40058233,32.40058233,0,-32,32,-32,32
9200,8.91e-14,-32.40058233,32.40058233,-32.40058233,32.40058233,0,-32,32,-32,32
9220,1.14e-13,-32.40058233,32.40058233,-32.40058233,32.40058233,0,-32,32,-32,32
9240,3.82e-14,-32.40058233,32.40058233,-32.40058233,32.40058233,0,-32,32,-32,32
9260,5.09e-14,-32.40058233,32.40058233,-32.40058233,32.40058233,0,-32,32,-32,32
9280,6.36e-14,-32.40058233,32.40058233,-32.40058233,32.40058233,0,-32,32,-32,32
9300,7.63e-14,-32.40058233,32.40058233,-32.40058233,32.40058233,0,-32,32,-32,32
9320,3.82e-14,-32.40058233,32.40058233,-32.40058233,32.40058233,0,-32,32,-32,32
9340,1.14e-13,-32.40058233,32.40058233,-32.40058233,32.40058233,0,-32,32,-32,32
9360,8.91e-14,-32.40058233,32.40058233,-32.40058233,32.40058233,0,-32,32,-32,32
9380,6.36e-14,-32.40058233,32.40058233,-32.40058233,32.40058233,0,-32,32,-32,32
9400,8.91e-14,-32.40058233,32.40058233,-32.40058233,32.40058233,0,-32,32,-32,32
9420,5.09e-14,-32.40058233,32.40058233,-32.40058233,32.40058233,0,-32,32,-32,32
9440,8.91e-14,-32.40058233,32.40058233,-32.40058233,32.40058233,0,-32,32,-32,32
9460,7.63e-14,-32.40058233,32.40058233,-32.40058233,32.40058233,0,-32,32,-32,32
9480,1.14e-13,-32.40058233,32.40058233,-32.40058233,32.40058233,0,-32,32,-32,32
9500,7.63e-14,-32.40058233,32.40058233,-32.40058233,32.40058233,0,-32,32,-32,32
9520,3.82e-14,-32.40058233,32.40058233,-32.40058233,32.40058233,0,-32,32,-32,32
9540,6.36e-14,-32.40058233,32.40058233,-32.40058233,32.40058233,0,-32,32,-32,32
9560,8.91e-14,-32.40058233,32.40058233,-32.40058233,32.40058233,0,-32,32,-32,32
9580,7.63e-14,-32.40058233,32.40058233,-32.40058233,32.40058233,0,-32,32,-32,32
9600,6.36e-14,-32.40058233,32.40058233,-32.40058233,32.40058233,0,-32,32,-32,32
9620,7.63e-14,-32.40058233,32.40058233,-32.40058233,32.40058233,0,-32,32,-32,32
9640,7.63e-14,-32.40058233,32.40058233,-32.40058233,32.40058233,0,-32,32,-32,32
9660,8.91e-14,-32.40058233,32.40058233,-32.40058233,32.40058233,0,-32,32,-32,32
9680,1.27e-13,-32.40058233,32.40058233,-32.40058233,32.40058233,0,-32,32,-32,32
9700,8.91e-14,-32.40058233,32.40058233,-32.40058233,32.40058233,0,-32,32,-32,32
9720,8.91e-14,-32.40058233,32.40058233,-32.40058233,32.40058233,0,-32,32,-32,32
9740,1.14e-13,-32.40058233,32.40058233,-32.40058233,32.40058233,0,-32,32,-32,32
9760,7.63e-14,-32.40058233,32.40058233,-32.40058233,32.40058233,0,-32,32,-32,32
9780,6.36e-14,-32.40058233,32.40058233,-32.40058233,32.40058233,0,-32,32,-32,32
9800,3.82e-14,-32.40058233,32.40058233,-32.40058233,32.40058233,0,-32,32,-32,32
9820,8.91e-14,-32.40058233,32.40058233,-32.40058233,32.40058233,0,-32,32,-32,32
9840,7.63e-14,-32.40058233,32.40058233,-32.40058233,32.40058233,0,-32,32,-32,32
9860,3.82e-14,-32.40058233,32.40058233,-32.40058233,32.40058233,0,-32,32,-32,32
9880,7.63e-14,-32.40058233,32.40058233,-32.40058233,32.40058233,0,-32,32,-32,32
9900,1.14e-13,-32.40058233,32.40058233,-32.40058233,32.40058233,0,-32,32,-32,32
9920,5.09e-14,-32.40058233,32.40058233,-32.40058233,32.40058233,0,-32,32,-32,32
9940,7.63e-14,-32.40058233,32.40058233,-32.40058233,32.40058233,0,-32,32,-32,32
9960,8.91e-14,-32.40058233,32.40058233,-32.40058233,32.40058233,0,-32,32,-32,32
9980,8.91e-14,-32.40058233,32.40058233,-32.40058233,32.40058233,0,-32,32,-32,32
10000,3.82e-14,-32.39416872,32.39416872,-32.39416872,32.39416872,0,-32,32,-32,32
10020,8.91e-14,-31.55593128,31.55593128,-31.55593128,31.55593128,0,-32,32,-32,32
10040,5.09e-14,-29.67309048,29.67309048,-29.67309048,29.67309048,0,-30,30,-30,30
10060,7.63e-14,-27.22689619,27.22689619,-27.22689619,27.22689619,0,-27,27,-27,27
10080,2.54e-14,-24.56056467,24.56056467,-24.56056467,24.56056467,0,-25,25,-25,25
10100,6.36e-14,-21.88987691,21.88987691,-21.88987691,21.88987691,0,-22,22,-22,22
10120,7.63e-14,-19.33931492,19.33931492,-19.33931492,19.33931492,0,-19,19,-19,19
10140,2.54e-14,-16.9746685,16.9746685,-16.9746685,16.9746685,0,-17,17,-17,17
10160,8.91e-14,-14.82396482,14.82396482,-14.82396482,14.82396482,0,-15,15,-15,15
10180,6.36e-14,-12.8936322,12.8936322,-12.8936322,12.8936322,0,-13,13,-13,13
10200,6.36e-14,-11.17743976,11.17743976,-11.17743976,11.17743976,0,-11,11,-11,11
10220,2.54e-14,-9.662309099,9.662309099,-9.662309099,9.662309099,0,-10,10,-10,10
10240,1.27e-14,-8.331971508,8.331971508,-8.331971508,8.331971508,0,-8,8,-8,8
10260,7.63e-14,-7.169043319,7.169043319,-7.169043319,7.169043319,0,-7,7,-7,7
10280,3.82e-14,-6.156274359,6.156274359,-6.156274359,6.156274359,0,-6,6,-6,6
10300,6.36e-14,-5.276791392,5.276791392,-5.276791392,5.276791392,0,-5,5,-5,5
10320,6.36e-14,-4.515356561,4.515356561,-4.515356561,4.515356561,0,-5,5,-5,5
10340,7.63e-14,-3.857745818,3.857745818,-3.857745818,3.857745818,0,-4,4,-4,4
10360,5.09e-14,-3.291003271,3.291003271,-3.291003271,3.291003271,0,-3,3,-3,3
10380,3.82e-14,-2.803633618,2.803633618,-2.803633618,2.803633618,0,-3,3,-3,3
10400,8.91e-14,-2.385373919,2.385373919,-2.385373919,2.385373919,0,-2,2,-2,2
10420,6.36e-14,-2.026909211,2.026909211,-2.026909211,2.026909211,0,-2,2,-2,2
10440,5.09e-14,-1.720315776,1.720315776,-1.720315776,1.720315776,0,-2,2,-2,2
10460,7.63e-14,-1.45851812,1.45851812,-1.45851812,1.45851812,0,-1,1,-1,1
10480,7.63e-14,-1.235195273,1.235195273,-1.235195273,1.235195273,0,-1,1,-1,1
10500,7.63e-14,-1.045045611,1.045045611,-1.045045611,1.045045611,0,-1,1,-1,1
10520,6.36e-14,-0.883351289,0.883351289,-0.883351289,0.883351289,0,-1,1,-1,1
10540,2.54e-14,-0.745959062,0.745959062,-0.745959062,0.745959062,0,-1,1,-1,1
10560,7.63e-14,-0.629406913,0.629406913,-0.629406913,0.629406913,0,-1,1,-1,1
10580,7.63e-14,-0.530646625,0.530646625,-0.530646625,0.530646625,0,-1,1,-1,1
10600,8.91e-14,-0.447007023,0.447007023,-0.447007023,0.447007023,0,-0,0,-0,0
10620,5.09e-14,-0.376279356,0.376279356,-0.376279356,0.376279356,0,-0,0,-0,0
10640,5.09e-14,-0.31651765,0.31651765,-0.31651765,0.31651765,0,-0,0,-0,0
10660,3.82e-14,-0.266066511,0.266066511,-0.266066511,0.266066511,0,-0,0,-0,0
10680,5.09e-14,-0.22351638,0.22351638,-0.22351638,0.22351638,0,-0,0,-0,0
10700,5.09e-14,-0.187649552,0.187649552,-0.187649552,0.187649552,0,-0,0,-0,0
10720,8.91e-14,-0.157443212,0.157443212,-0.157443212,0.157443212,0,-0,0,-0,0
10740,5.09e-14,-0.132025636,0.132025636,-0.132025636,0.132025636,0,-0,0,-0,0
10760,3.82e-14,-0.110654697,0.110654697,-0.110654697,0.110654697,0,-0,0,-0,0
10780,3.82e-14,-0.092688971,0.092688971,-0.092688971,0.092688971,0,-0,0,-0,0
10800,3.82e-14,-0.077603941,0.077603941,-0.077603941,0.077603941,0,-0,0,-0,0
10820,5.09e-14,-0.064942296,0.064942296,-0.064942296,0.064942296,0,-0,0,-0,0
10840,7.63e-14,-0.054321431,0.054321431,-0.054321431,0.054321431,0,-0,0,-0,0
10860,3.82e-14,-0.04541912,0.04541912,-0.04541912,0.04541912,0,-0,0,-0,0
10880,8.91e-14,-0.037957473,0.037957473,-0.037957473,0.037957473,0,-0,0,-0,0
10900,1.02e-13,-0.031709104,0.031709104,-0.031709104,0.031709104,0,-0,0,-0,0
10920,2.54e-14,-0.02647996,0.02647996,-0.02647996,0.02647996,0,-0,0,-0,0
10940,8.91e-14,-0.022103337,0.022103337,-0.022103337,0.022103337,0,-0,0,-0,0
10960,3.82e-14,-0.018444034,0.018444034,-0.018444034,0.018444034,0,-0,0,-0,0
10980,6.36e-14,-0.015384965,0.015384965,-0.015384965,0.015384965,0,-0,0,-0,0
11000,2.54e-14,-0.012828985,0.012828985,-0.012828985,0.012828985,0,-0,0,-0,0
11020,2.54e-14,-0.010694416,0.010694416,-0.010694416,0.010694416,0,-0,0,-0,0
11040,6.36e-14,-0.008911756,0.008911756,-0.008911756,0.008911756,0,-0,0,-0,0
11060,5.09e-14,-0.007424105,0.007424105,-0.007424105,0.007424105,0,-0,0,-0,0
11080,6.36e-14,-0.006183202,0.006183202,-0.006183202,0.006183202,0,-0,0,-0,0
11100,7.63e-14,-0.005147906,0.005147906,-0.005147906,0.005147906,0,-0,0,-0,0
11120,5.09e-14,-0.004284906,0.004284906,-0.004284906,0.004284906,0,-0,0,-0,0
11140,3.82e-14,-0.003565595,0.003565595,-0.003565595,0.003565595,0,-0,0,-0,0
11160,3.82e-14,-0.002966343,0.002966343,-0.002966343,0.002966343,0,-0,0,-0,0
11180,1.27e-14,-0.002467151,0.002467151,-0.002467151,0.002467151,0,-0,0,-0,0
11200,8.91e-14,-0.00205142,0.00205142,-0.00205142,0.00205142,0,-0,0,-0,0
11220,8.91e-14,-0.001705375,0.001705375,-0.001705375,0.001705375,0,-0,0,-0,0
11240,3.82e-14,-0.001417426,0.001417426,-0.001417426,0.001417426,0,-0,0,-0,0
11260,3.82e-14,-0.00117776,0.00117776,-0.00117776,0.00117776,0,-0,0,-0,0
11280,3.82e-14,-0.000978429,0.000978429,-0.000978429,0.000978429,0,-0,0,-0,0
11300,3.82e-14,-0.000812666,0.000812666,-0.000812666,0.000812666,0,-0,0,-0,0
11320,3.82e-14,-0.00067487,0.00067487,-0.00067487,0.00067487,0,-0,0,-0,0
11340,5.09e-14,-0.000560298,0.000560298,-0.000560298,0.000560298,0,-0,0,-0,0
11360,6.36e-14,-0.000465098,0.000465098,-0.000465098,0.000465098,0,-0,0,-0,0
11380,7.63e-14,-0.000386,0.000386,-0.000386,0.000386,0,-0,0,-0,0
11400,1.27e-14,-0.000320308,0.000320308,-0.000320308,0.000320308,0,-0,0,-0,0
11420,3.82e-14,-0.000265733,0.000265733,-0.000265733,0.000265733,0,-0,0,-0,0
11440,3.82e-14,-0.000220422,0.000220422,-0.000220422,0.000220422,0,-0,0,-0,0
11460,7.63e-14,-0.000182808,0.000182808,-0.000182808,0.000182808,0,-0,0,-0,0
11480,1.27e-14,-0.000151594,0.000151594,-0.000151594,0.000151594,0,-0,0,-0,0
11500,6.36e-14,-0.00012568,0.00012568,-0.00012568,0.00012568,0,-0,0,-0,0
11520,3.82e-14,-0.000104183,0.000104183,-0.000104183,0.000104183,0,-0,0,-0,0
11540,5.09e-14,-8.64e-05,8.64e-05,-8.64e-05,8.64e-05,0,-0,0,-0,0
11560,1.14e-13,-7.16e-05,7.16e-05,-7.16e-05,7.16e-05,0,-0,0,-0,0
11580,2.54e-14,-5.93e-05,5.93e-05,-5.93e-05,5.93e-05,0,-0,0,-0,0
11600,6.36e-14,-4.91e-05,4.91e-05,-4.91e-05,4.91e-05,0,-0,0,-0,0
11620,3.82e-14,-4.07e-05,4.07e-05,-4.07e-05,4.07e-05,0,-0,0,-0,0
11640,7.63e-14,-3.37e-05,3.37e-05,-3.37e-05,3.37e-05,0,-0,0,-0,0
11660,3.82e-14,-2.79e-05,2.79e-05,-2.79e-05,2.79e-05,0,-0,0,-0,0
11680,7.63e-14,-2.31e-05,2.31e-05,-2.31e-05,2.31e-05,0,-0,0,-0,0
11700,6.36e-14,-1.91e-05,1.91e-05,-1.91e-05,1.91e-05,0,-0,0,-0,0
11720,2.54e-14,-1.58e-05,1.58e-05,-1.58e-05,1.58e-05,0,-0,0,-0,0
11740,5.09e-14,-1.31e-05,1.31e-05,-1.31e-05,1.31e-05,0,-0,0,-0,0
11760,6.36e-14,-1.09e-05,1.09e-05,-1.09e-05,1.09e-05,0,-0,0,-0,0
11780,2.54e-14,-8.98e-06,8.98e-06,-8.98e-06,8.98e-06,0,-0,0,-0,0
11800,1.02e-13,-7.43e-06,7.43e-06,-7.43e-06,7.43e-06,0,-0,0,-0,0
11820,5.09e-14,-6.15e-06,6.15e-06,-6.15e-06,6.15e-06,0,-0,0,-0,0
11840,5.09e-14,-5.08e-06,5.08e-06,-5.08e-06,5.08e-06,0,-0,0,-0,0
11860,7.63e-14,-4.21e-06,4.21e-06,-4.21e-06,4.21e-06,0,-0,0,-0,0
11880,8.91e-14,-3.48e-06,3.48e-06,-3.48e-06,3.48e-06,0,-0,0,-0,0
11900,3.82e-14,-2.88e-06,2.88e-06,-2.88e-06,2.88e-06,0,-0,0,-0,0
11920,3.82e-14,-2.38e-06,2.38e-06,-2.38e-06,2.38e-06,0,-0,0,-0,0
11940,3.82e-14,-1.97e-06,1.97e-06,-1.97e-06,1.97e-06,0,-0,0,-0,0
11960,8.91e-14,-1.63e-06,1.63e-06,-1.63e-06,1.63e-06,0,-0,0,-0,0
11980,7.63e-14,-1.34e-06,1.34e-06,-1.34e-06,1.34e-06,0,-0,0,-0,0
12000,6.36e-14,-1.11e-06,1.11e-06,-1.11e-06,1.11e-06,0,-0,0,-0,0
12020,6.36e-14,-9.19e-07,9.19e-07,-9.19e-07,9.19e-07,0,-0,0,-0,0
12040,6.36e-14,-7.59e-07,7.59e-07,-7.59e-07,7.59e-07,0,-0,0,-0,0
12060,2.54e-14,-6.27e-07,6.27e-07,-6.27e-07,6.27e-07,0,-0,0,-0,0
12080,7.63e-14,-5.18e-07,5.18e-07,-5.18e-07,5.18e-07,0,-0,0,-0,0
12100,6.36e-14,-4.28e-07,4.28e-07,-4.28e-07,4.28e-07,0,-0,0,-0,0
12120,1.27e-14,-3.54e-07,3.54e-07,-3.54e-07,3.54e-07,0,-0,0,-0,0
12140,3.82e-14,-2.92e-07,2.92e-07,-2.92e-07,2.92e-07,0,-0,0,-0,0
12160,7.63e-14,-2.41e-07,2.41e-07,-2.41e-07,2.41e-07,0,-0,0,-0,0
12180,5.09e-14,-1.99e-07,1.99e-07,-1.99e-07,1.99e-07,0,-0,0,-0,0
12200,8.91e-14,-1.65e-07,1.65e-07,-1.65e-07,1.65e-07,0,-0,0,-0,0
12220,5.09e-14,-1.36e-07,1.36e-07,-1.36e-07,1.36e-07,0,-0,0,-0,0
12240,8.91e-14,-1.12e-07,1.12e-07,-1.12e-07,1.12e-07,0,-0,0,-0,0
12260,6.36e-14,-9.28e-08,9.28e-08,-9.28e-08,9.28e-08,0,-0,0,-0,0
12280,3.82e-14,-7.66e-08,7.66e-08,-7.66e-08,7.66e-08,0,-0,0,-0,0
12300,7.63e-14,-6.32e-08,6.32e-08,-6.32e-08,6.32e-08,0,-0,0,-0,0
12320,5.09e-14,-5.22e-08,5.22e-08,-5.22e-08,5.22e-08,0,-0,0,-0,0
12340,7.63e-14,-4.31e-08,4.31e-08,-4.31e-08,4.31e-08,0,-0,0,-0,0
12360,2.54e-14,-3.56e-08,3.56e-08,-3.56e-08,3.56e-08,0,-0,0,-0,0
12380,5.09e-14,-2.94e-08,2.94e-08,-2.94e-08,2.94e-08,0,-0,0,-0,0
12400,3.82e-14,-2.42e-08,2.42e-08,-2.42e-08,2.42e-08,0,-0,0,-0,0
12420,3.82e-14,-2e-08,2e-08,-2e-08,2e-08,0,-0,0,-0,0
12440,5.09e-14,-1.65e-08,1.65e-08,-1.65e-08,1.65e-08,0,-0,0,-0,0
12460,1.27e-14,-1.36e-08,1.36e-08,-1.36e-08,1.36e-08,0,-0,0,-0,0
12480,3.82e-14,-1.12e-08,1.12e-08,-1.12e-08,1.12e-08,0,-0,0,-0,0
12500,3.82e-14,-9.27e-09,9.27e-09,-9.27e-09,9.27e-09,0,-0,0,-0,0
12520,5.09e-14,-7.65e-09,7.65e-09,-7.65e-09,7.65e-09,0,-0,0,-0,0
12540,3.82e-14,-6.31e-09,6.31e-09,-6.31e-09,6.31e-09,0,-0,0,-0,0
12560,6.36e-14,-5.2e-09,5.2e-09,-5.2e-09,5.2e-09,0,-0,0,-0,0
12580,6.36e-14,-4.29e-09,4.29e-09,-4.29e-09,4.29e-09,0,-0,0,-0,0
12600,3.82e-14,-3.54e-09,3.54e-09,-3.54e-09,3.54e-09,0,-0,0,-0,0
12620,3.82e-14,-2.92e-09,2.92e-09,-2.92e-09,2.92e-09,0,-0,0,-0,0
12640,5.09e-14,-2.41e-09,2.41e-09,-2.41e-09,2.41e-09,0,-0,0,-0,0
12660,8.91e-14,-1.99e-09,1.99e-09,-1.99e-09,1.99e-09,0,-0,0,-0,0
12680,5.09e-14,-1.64e-09,1.64e-09,-1.64e-09,1.64e-09,0,-0,0,-0,0
12700,3.82e-14,-1.35e-09,1.35e-09,-1.35e-09,1.35e-09,0,-0,0,-0,0
12720,5.09e-14,-1.11e-09,1.11e-09,-1.11e-09,1.11e-09,0,-0,0,-0,0
12740,6.36e-14,-9.19e-10,9.18e-10,-9.19e-10,9.18e-10,0,-0,0,-0,0
12760,5.09e-14,-7.57e-10,7.57e-10,-7.57e-10,7.57e-10,0,-0,0,-0,0
12780,1.27e-14,-6.24e-10,6.24e-10,-6.24e-10,6.24e-10,0,-0,0,-0,0
12800,3.82e-14,-5.15e-10,5.15e-10,-5.15e-10,5.15e-10,0,-0,0,-0,0
12820,6.36e-14,-4.24e-10,4.24e-10,-4.24e-10,4.24e-10,0,-0,0,-0,0
12840,6.36e-14,-3.5e-10,3.5e-10,-3.5e-10,3.5e-10,0,-0,0,-0,0
12860,6.36e-14,-2.88e-10,2.88e-10,-2.88e-10,2.88e-10,0,-0,0,-0,0
12880,8.91e-14,-2.38e-10,2.38e-10,-2.38e-10,2.38e-10,0,-0,0,-0,0
12900,7.63e-14,-1.96e-10,1.96e-10,-1.96e-10,1.96e-10,0,-0,0,-0,0
12920,5.09e-14,-1.61e-10,1.61e-10,-1.61e-10,1.61e-10,0,-0,0,-0,0
12940,7.63e-14,-1.33e-10,1.33e-10,-1.33e-10,1.33e-10,0,-0,0,-0,0
12960,2.54e-14,-1.1e-10,1.1e-10,-1.1e-10,1.1e-10,0,-0,0,-0,0
12980,3.82e-14,-9.04e-11,9.04e-11,-9.04e-11,9.04e-11,0,-0,0,-0,0
13000,3.82e-14,-7.45e-11,7.45e-11,-7.45e-11,7.45e-11,0,-0,0,-0,0
13020,6.36e-14,-6.14e-11,6.14e-11,-6.14e-11,6.14e-11,0,-0,0,-0,0
13040,5.09e-14,-5.06e-11,5.06e-11,-5.06e-11,5.06e-11,0,-0,0,-0,0
13060,5.09e-14,-4.17e-11,4.17e-11,-4.17e-11,4.17e-11,0,-0,0,-0,0
13080,6.36e-14,-3.43e-11,3.43e-11,-3.43e-11,3.43e-11,0,-0,0,-0,0
13100,7.63e-14,-2.83e-11,2.83e-11,-2.83e-11,2.83e-11,0,-0,0,-0,0
13120,1.27e-14,-2.33e-11,2.33e-11,-2.33e-11,2.33e-11,0,-0,0,-0,0
13140,5.09e-14,-1.92e-11,1.92e-11,-1.92e-11,1.92e-11,0,-0,0,-0,0
13160,6.36e-14,-1.58e-11,1.58e-11,-1.58e-11,1.58e-11,0,-0,0,-0,0
13180,7.63e-14,-1.31e-11,1.3e-11,-1.31e-11,1.3e-11,0,-0,0,-0,0
13200,3.82e-14,-1.07e-11,1.07e-11,-1.07e-11,1.07e-11,0,-0,0,-0,0
13220,3.82e-14,-8.85e-12,8.85e-12,-8.85e-12,8.85e-12,0,-0,0,-0,0
13240,5.09e-14,-7.3e-12,7.3e-12,-7.3e-12,7.3e-12,0,-0,0,-0,0
13260,7.63e-14,-6e-12,5.98e-12,-6e-12,5.98e-12,0,-0,0,-0,0
13280,5.09e-14,-4.95e-12,4.91e-12,-4.95e-12,4.91e-12,0,-0,0,-0,0
13300,8.91e-14,-4.1e-12,4.05e-12,-4.1e-12,4.05e-12,0,-0,0,-0,0
13320,5.09e-14,-3.36e-12,3.38e-12,-3.36e-12,3.38e-12,0,-0,0,-0,0
13340,5.09e-14,-2.79e-12,2.77e-12,-2.79e-12,2.77e-12,0,-0,0,-0,0
13360,1.27e-14,-2.27e-12,2.26e-12,-2.27e-12,2.26e-12,0,-0,0,-0,0
13380,7.63e-14,-1.92e-12,1.88e-12,-1.92e-12,1.88e-12,0,-0,0,-0,0
13400,3.82e-14,-1.58e-12,1.58e-12,-1.58e-12,1.58e-12,0,-0,0,-0,0
13420,3.82e-14,-1.29e-12,1.3e-12,-1.29e-12,1.3e-12,0,-0,0,-0,0
13440,5.09e-14,-1.11e-12,1.04e-12,-1.11e-12,1.04e-12,0,-0,0,-0,0
13460,5.09e-14,-9.03e-13,8.65e-13,-9.03e-13,8.65e-13,0,-0,0,-0,0
13480,6.36e-14,-7.51e-13,7.12e-13,-7.51e-13,7.12e-13,0,-0,0,-0,0
13500,7.63e-14,-6.17e-13,5.85e-13,-6.17e-13,5.85e-13,0,-0,0,-0,0
13520,3.82e-14,-4.83e-13,4.58e-13,-4.83e-13,4.58e-13,0,-0,0,-0,0
13540,3.82e-14,-4.2e-13,4.07e-13,-4.2e-13,4.07e-13,0,-0,0,-0,0
13560,3.82e-14,-3.5e-13,3.31e-13,-3.5e-13,3.31e-13,0,-0,0,-0,0
13580,6.36e-14,-2.74e-13,2.54e-13,-2.74e-13,2.54e-13,0,-0,0,-0,0
13600,5.09e-14,-2.42e-13,2.29e-13,-2.42e-13,2.29e-13,0,-0,0,-0,0
13620,6.36e-14,-2.16e-13,1.78e-13,-2.16e-13,1.78e-13,0,-0,0,-0,0
13640,5.09e-14,-2.1e-13,1.78e-13,-2.1e-13,1.78e-13,0,-0,0,-0,0
13660,7.63e-14,-1.27e-13,1.53e-13,-1.27e-13,1.53e-13,0,-0,0,-0,0
13680,5.09e-14,-1.02e-13,1.02e-13,-1.02e-13,1.02e-13,0,-0,0,-0,0
13700,3.82e-14,-1.21e-13,5.09e-14,-1.21e-13,5.09e-14,0,-0,0,-0,0
13720,3.82e-14,-7.63e-14,7.63e-14,-7.63e-14,7.63e-14,0,-0,0,-0,0
13740,1.27e-14,-6.36e-14,5.09e-14,-6.36e-14,5.09e-14,0,-0,0,-0,0
13760,7.63e-14,-8.27e-14,5.09e-14,-8.27e-14,5.09e-14,0,-0,0,-0,0
13780,3.82e-14,-6.36e-14,5.09e-14,-6.36e-14,5.09e-14,0,-0,0,-0,0
13800,1.27e-14,-5.09e-14,2.54e-14,-5.09e-14,2.54e-14,0,-0,0,-0,0
13820,3.82e-14,-2.54e-14,2.54e-14,-2.54e-14,2.54e-14,0,-0,0,-0,0
13840,3.82e-14,-5.72e-14,2.54e-14,-5.72e-14,2.54e-14,0,-0,0,-0,0
13860,6.36e-14,-4.45e-14,2.54e-14,-4.45e-14,2.54e-14,0,-0,0,-0,0
13880,3.82e-14,-3.82e-14,0,-3.82e-14,0,0,-0,0,-0,0
13900,3.82e-14,-1.27e-14,0,-1.27e-14,0,0,-0,0,-0,0
13920,6.36e-14,-4.45e-14,0,-4.45e-14,0,0,-0,0,-0,0
13940,2.54e-14,-2.54e-14,0,-2.54e-14,0,0,-0,0,-0,0
13960,5.09e-14,0,0,0,0,0,0,0,0,0
13980,3.82e-14,-2.54e-14,-2.54e-14,-2.54e-14,-2.54e-14,0,-0,-0,-0,-0
14000,5.09e-14,-6.36e-14,0,-6.36e-14,0,0,-0,0,-0,0
14020,2.54e-14,0,-2.54e-14,0,-2.54e-14,0,0,-0,0,-0
14040,7.63e-14,-6.36e-15,0,-6.36e-15,0,0,-0,0,-0,0
14060,7.63e-14,-4.45e-14,2.54e-14,-4.45e-14,2.54e-14,0,-0,0,-0,0
14080,7.63e-14,-3.82e-14,-2.54e-14,-3.82e-14,-2.54e-14,0,-0,-0,-0,-0
14100,1.27e-14,-6.36e-15,0,-6.36e-15,0,0,-0,0,-0,0
14120,5.09e-14,-5.09e-14,0,-5.09e-14,0,0,-0,0,-0,0
14140,6.36e-14,-1.27e-14,0,-1.27e-14,0,0,-0,0,-0,0
14160,7.63e-14,-3.82e-14,2.54e-14,-3.82e-14,2.54e-14,0,-0,0,-0,0
14180,5.09e-14,-2.54e-14,0,-2.54e-14,0,0,-0,0,-0,0
14200,6.36e-14,-1.27e-14,0,-1.27e-14,0,0,-0,0,-0,0
14220,7.63e-14,-5.09e-14,0,-5.09e-14,0,0,-0,0,-0,0
14240,5.09e-14,0,0,0,0,0,0,0,0,0
14260,8.91e-14,-3.82e-14,0,-3.82e-14,0,0,-0,0,-0,0
14280,5.09e-14,-3.82e-14,0,-3.82e-14,0,0,-0,0,-0,0
14300,5.09e-14,-4.45e-14,0,-4.45e-14,0,0,-0,0,-0,0
14320,3.82e-14,0,0,0,0,0,0,0,0,0
14340,5.09e-14,-5.72e-14,2.54e-14,-5.72e-14,2.54e-14,0,-0,0,-0,0
14360,5.09e-14,-4.45e-14,2.54e-14,-4.45e-14,2.54e-14,0,-0,0,-0,0
14380,5.09e-14,-1.91e-14,-2.54e-14,-1.91e-14,-2.54e-14,0,-0,-0,-0,-0
14400,6.36e-14,-6.36e-14,2.54e-14,-6.36e-14,2.54e-14,0,-0,0,-0,0
14420,6.36e-14,-1.91e-14,0,-1.91e-14,0,0,-0,0,-0,0
14440,0,1.91e-14,-2.54e-14,1.91e-14,-2.54e-14,0,0,-0,0,-0
14460,5.09e-14,-1.91e-14,0,-1.91e-14,0,0,-0,0,-0,0
14480,5.09e-14,-3.82e-14,2.54e-14,-3.82e-14,2.54e-14,0,-0,0,-0,0
14500,3.82e-14,-1.27e-14,-2.54e-14,-1.27e-14,-2.54e-14,0,-0,-0,-0,-0
14520,1.27e-14,1.27e-14,0,1.27e-14,0,0,0,0,0,0
14540,5.09e-14,-5.09e-14,0,-5.09e-14,0,0,-0,0,-0,0
14560,6.36e-14,-2.54e-14,0,-2.54e-14,0,0,-0,0,-0,0
14580,2.54e-14,1.91e-14,-2.54e-14,1.91e-14,-2.54e-14,0,0,-0,0,-0
14600,3.82e-14,-1.91e-14,0,-1.91e-14,0,0,-0,0,-0,0
14620,7.63e-14,-1.91e-14,0,-1.91e-14,0,0,-0,0,-0,0
14640,8.91e-14,-3.82e-14,0,-3.82e-14,0,0,-0,0,-0,0
14660,5.09e-14,-2.54e-14,-2.54e-14,-2.54e-14,-2.54e-14,0,-0,-0,-0,-0
14680,6.36e-14,-2.54e-14,0,-2.54e-14,0,0,-0,0,-0,0
14700,6.36e-14,-3.18e-14,2.54e-14,-3.18e-14,2.54e-14,0,-0,0,-0,0
14720,3.82e-14,6.36e-15,0,6.36e-15,0,0,0,0,0,0
14740,6.36e-14,-6.36e-15,-2.54e-14,-6.36e-15,-2.54e-14,0,-0,-0,-0,-0
14760,5.09e-14,-1.91e-14,0,-1.91e-14,0,0,-0,0,-0,0
14780,3.82e-14,-5.09e-14,2.54e-14,-5.09e-14,2.54e-14,0,-0,0,-0,0
14800,7.63e-14,-3.82e-14,2.54e-14,-3.82e-14,2.54e-14,0,-0,0,-0,0
14820,7.63e-14,-4.45e-14,2.54e-14,-4.45e-14,2.54e-14,0,-0,0,-0,0
14840,2.54e-14,-1.27e-14,-2.54e-14,-1.27e-14,-2.54e-14,0,-0,-0,-0,-0
14860,6.36e-14,-3.18e-14,0,-3.18e-14,0,0,-0,0,-0,0
14880,3.82e-14,-1.27e-14,0,-1.27e-14,0,0,-0,0,-0,0
14900,5.09e-14,-2.54e-14,0,-2.54e-14,0,0,-0,0,-0,0
14920,6.36e-14,-4.45e-14,2.54e-14,-4.45e-14,2.54e-14,0,-0,0,-0,0
14940,2.54e-14,0,0,0,0,0,0,0,0,0
14960,7.63e-14,-4.45e-14,2.54e-14,-4.45e-14,2.54e-14,0,-0,0,-0,0
14980,5.09e-14,-3.18e-14,0,-3.18e-14,0,0,-0,0,-0,0
15000,-0.000403446,0.000201727,0.00020172,0.000201727,0.00020172,-0,0,0,0,0
15020,-0.490512474,0.24615921,0.244335108,0.24615921,0.244335108,-0,0,0,0,0
15040,-1.787768619,0.905519528,0.88137842,0.905519528,0.88137842,-2,1,1,1,1
15060,-3.590009187,1.840010008,1.742970522,1.840010008,1.742970522,-4,2,2,2,2
15080,-5.682880858,2.948471472,2.706623064,2.948471472,2.706623064,-6,3,3,3,3
15100,-7.918454402,4.154581705,3.689224861,4.154581705,3.689224861,-8,4,4,4,4
15120,-10.19690699,5.400748891,4.638093497,5.400748891,4.638093497,-10,5,5,5,5
15140,-12.45053749,6.643268376,5.522495749,6.643268376,5.522495749,-12,7,6,7,6
15160,-14.63387654,7.84999781,6.326920742,7.84999781,6.326920742,-15,8,6,8,6
15180,-16.71646679,8.998136904,7.045846704,8.998136904,7.045846704,-17,9,7,9,7
15200,-18.67850255,10.07260847,7.680194983,10.07260847,7.680194983,-19,10,8,10,8
15220,-20.50802966,11.06464749,8.234748665,11.06464749,8.234748665,-21,11,8,11,8
15240,-22.19808718,11.96988851,8.715896211,11.96988851,8.715896211,-22,12,9,12,9
15260,-23.74676597,12.78806782,9.131251593,12.78806782,9.131251593,-24,13,9,13,9
15280,-25.15494532,13.52123316,9.488254603,13.52123316,9.488254603,-25,14,9,14,9
15300,-26.42655067,14.17354474,9.794210562,14.17354474,9.794210562,-26,14,10,14,10
15320,-27.56722928,14.75019242,10.05576177,14.75019242,10.05576177,-28,15,10,15,10
15340,-28.58427295,15.25715159,10.27895596,15.25715159,10.27895596,-29,15,10,15,10
15360,-29.48593245,15.70066305,10.46914005,15.70066305,10.46914005,-29,16,10,16,10
15380,-30.28109004,16.08699024,10.63100684,16.08699024,10.63100684,-30,16,11,16,11
15400,-30.97891903,16.42221775,10.7686406,16.42221775,10.7686406,-31,16,11,16,11
15420,-31.58856341,16.712097,10.8855663,16.712097,10.8855663,-32,17,11,17,11
15440,-32.11909807,16.96205591,10.98485211,16.96205591,10.98485211,-32,17,11,17,11
15460,-32.57891122,17.17692967,11.06907104,17.17692967,11.06907104,-33,17,11,17,11
15480,-32.97607304,17.36119125,11.14046563,17.36119125,11.14046563,-33,17,11,17,11
15500,-33.31816766,17.51890515,11.20097334,17.51890515,11.20097334,-33,18,11,18,11
15520,-33.61190666,17.65358011,11.2522049,17.65358011,11.2522049,-34,18,11,18,11
15540,-33.86342658,17.7683464,11.29554634,17.7683464,11.29554634,-34,18,11,18,11
15560,-34.07838392,17.86602491,11.33220657,17.86602491,11.33220657,-34,18,11,18,11
15580,-34.26169006,17.94902469,11.36319326,17.94902469,11.36319326,-34,18,11,18,11
15600,-34.41764952,18.01942617,11.38935826,18.01942617,11.38935826,-34,18,11,18,11
15620,-34.55013677,18.07907589,11.41144266,18.07907589,11.41144266,-35,18,11,18,11
15640,-34.66254025,18.12957069,11.43007712,18.12957069,11.43007712,-35,18,11,18,11
15660,-34.75771297,18.17224366,11.44578172,18.17224366,11.44578172,-35,18,11,18,11
15680,-34.83819599,18.20827194,11.45901012,18.20827194,11.45901012,-35,18,11,18,11
15700,-34.9062056,18.23867495,11.47015123,18.23867495,11.47015123,-35,18,11,18,11
15720,-34.96358096,18.2642943,11.47952382,18.2642943,11.47952382,-35,18,11,18,11
15740,-35.01194546,18.28586899,11.48740567,18.28586899,11.48740567,-35,18,11,18,11
15760,-35.05267649,18.3040235,11.49403024,18.3040235,11.49403024,-35,18,11,18,11
15780,-35.08694275,18.31928592,11.49959396,18.31928592,11.49959396,-35,18,11,18,11
15800,-35.11575084,18.3321097,11.50426482,18.3321097,11.50426482,-35,18,12,18,12
15820,-35.13995145,18.34287718,11.50818396,18.34287718,11.50818396,-35,18,12,18,12
15840,-35.16026542,18.35191164,11.51147039,18.35191164,11.51147039,-35,18,12,18,12
15860,-35.17730558,18.35948746,11.51422485,18.35948746,11.51422485,-35,18,12,18,12
15880,-35.19159258,18.36583742,11.51653265,18.36583742,11.51653265,-35,18,12,18,12
15900,-35.20356209,18.37115604,11.51846496,18.37115604,11.51846496,-35,18,12,18,12
15920,-35.21358527,18.3756089,11.52008225,18.3756089,11.52008225,-35,18,12,18,12
15940,-35.22197397,18.37933499,11.52143526,18.37933499,11.52143526,-35,18,12,18,12
15960,-35.22899115,18.38245144,11.52256666,18.38245144,11.52256666,-35,18,12,18,12
15980,-35.23485831,18.38505682,11.52351236,18.38505682,11.52351236,-35,18,12,18,12
16000,-35.23976142,18.38723389,11.52430248,18.38723389,11.52430248,-35,18,12,18,12
16020,-35.24385839,18.38905286,11.52496256,18.38905286,11.52496256,-35,18,12,18,12
16040,-35.24727889,18.39057139,11.52551356,18.39057139,11.52551356,-35,18,12,18,12
16060,-35.25013364,18.39183868,11.52597336,18.39183868,11.52597336,-35,18,12,18,12
16080,-35.25251634,18.39289636,11.52635708,18.39289636,11.52635708,-35,18,12,18,12
16100,-35.25450366,18.3937785,11.5266771,18.3937785,11.5266771,-35,18,12,18,12
16120,-35.25616026,18.39451382,11.52694384,18.39451382,11.52694384,-35,18,12,18,12
16140,-35.25754135,18.39512682,11.5271662,18.39512682,11.5271662,-35,18,12,18,12
16160,-35.25869235,18.39563769,11.52735151,18.39563769,11.52735151,-35,18,12,18,12
16180,-35.25965091,18.39606313,11.52750582,18.39606313,11.52750582,-35,18,12,18,12
16200,-35.26044911,18.39641739,11.52763432,18.39641739,11.52763432,-35,18,12,18,12
16220,-35.26111386,18.39671243,11.52774133,18.39671243,11.52774133,-35,18,12,18,12
16240,-35.26166698,18.39695791,11.52783036,18.39695791,11.52783036,-35,18,12,18,12
16260,-35.26212716,18.39716214,11.52790444,18.39716214,11.52790444,-35,18,12,18,12
16280,-35.26251007,18.39733208,11.52796607,18.39733208,11.52796607,-35,18,12,18,12
16300,-35.26282845,18.39747338,11.52801732,18.39747338,11.52801732,-35,18,12,18,12
16320,-35.26309319,18.39759087,11.52805993,18.39759087,11.52805993,-35,18,12,18,12
16340,-35.26331325,18.39768854,11.52809535,18.39768854,11.52809535,-35,18,12,18,12
16360,-35.26349612,18.3977697,11.52812479,18.3977697,11.52812479,-35,18,12,18,12
16380,-35.26364806,18.39783713,11.52814924,18.39783713,11.52814924,-35,18,12,18,12
16400,-35.26377429,18.39789315,11.52816956,18.39789315,11.52816956,-35,18,12,18,12
16420,-35.26387912,18.39793967,11.52818643,18.39793967,11.52818643,-35,18,12,18,12
16440,-35.26396616,18.3979783,11.52820044,18.3979783,11.52820044,-35,18,12,18,12
16460,-35.26403843,18.39801037,11.52821208,18.39801037,11.52821208,-35,18,12,18,12
16480,-35.26409841,18.39803699,11.52822173,18.39803699,11.52822173,-35,18,12,18,12
16500,-35.26414819,18.39805908,11.52822974,18.39805908,11.52822974,-35,18,12,18,12
16520,-35.26418949,18.39807741,11.52823639,18.39807741,11.52823639,-35,18,12,18,12
16540,-35.26422376,18.39809262,11.5282419,18.39809262,11.5282419,-35,18,12,18,12
16560,-35.26425218,18.39810523,11.52824648,18.39810523,11.52824648,-35,18,12,18,12
16580,-35.26427574,18.39811569,11.52825027,18.39811569,11.52825027,-35,18,12,18,12
16600,-35.26429529,18.39812436,11.52825342,18.39812436,11.52825342,-35,18,12,18,12
16620,-35.26431149,18.39813155,11.52825602,18.39813155,11.52825602,-35,18,12,18,12
16640,-35.26432492,18.39813751,11.52825819,18.39813751,11.52825819,-35,18,12,18,12
16660,-35.26433605,18.39814245,11.52825998,18.39814245,11.52825998,-35,18,12,18,12
16680,-35.26434527,18.39814655,11.52826146,18.39814655,11.52826146,-35,18,12,18,12
16700,-35.26435291,18.39814994,11.52826269,18.39814994,11.52826269,-35,18,12,18,12
16720,-35.26435924,18.39815275,11.52826371,18.39815275,11.52826371,-35,18,12,18,12
16740,-35.26436449,18.39815507,11.52826456,18.39815507,11.52826456,-35,18,12,18,12
16760,-35.26436883,18.398157,11.52826525,18.398157,11.52826525,-35,18,12,18,12
16780,-35.26437243,18.3981586,11.52826583,18.3981586,11.52826583,-35,18,12,18,12
16800,-35.2643754,18.39815992,11.52826631,18.39815992,11.52826631,-35,18,12,18,12
16820,-35.26437787,18.39816101,11.52826671,18.39816101,11.52826671,-35,18,12,18,12
16840,-35.26437991,18.39816192,11.52826704,18.39816192,11.52826704,-35,18,12,18,12
16860,-35.2643816,18.39816267,11.52826731,18.39816267,11.52826731,-35,18,12,18,12
16880,-35.264383,18.39816329,11.52826753,18.39816329,11.52826753,-35,18,12,18,12
16900,-35.26438415,18.3981638,11.52826772,18.3981638,11.52826772,-35,18,12,18,12
16920,-35.26438511,18.39816423,11.52826787,18.39816423,11.52826787,-35,18,12,18,12
16940,-35.2643859,18.39816458,11.528268,18.39816458,11.528268,-35,18,12,18,12
16960,-35.26438656,18.39816487,11.52826811,18.39816487,11.52826811,-35,18,12,18,12
16980,-35.2643871,18.39816511,11.52826819,18.39816511,11.52826819,-35,18,12,18,12
17000,-35.26438755,18.39816531,11.52826827,18.39816531,11.52826827,-35,18,12,18,12
17020,-35.26438792,18.39816547,11.52826833,18.39816547,11.52826833,-35,18,12,18,12
17040,-35.26438822,18.39816561,11.52826838,18.39816561,11.52826838,-35,18,12,18,12
17060,-35.26438848,18.39816572,11.52826842,18.39816572,11.52826842,-35,18,12,18,12
17080,-35.26438869,18.39816581,11.52826845,18.39816581,11.52826845,-35,18,12,18,12
17100,-35.26438886,18.39816589,11.52826848,18.39816589,11.52826848,-35,18,12,18,12
17120,-35.264389,18.39816595,11.5282685,18.39816595,11.5282685,-35,18,12,18,12
17140,-35.26438912,18.39816601,11.52826852,18.39816601,11.52826852,-35,18,12,18,12
17160,-35.26438922,18.39816605,11.52826854,18.39816605,11.52826854,-35,18,12,18,12
17180,-35.2643893,18.39816609,11.52826855,18.39816609,11.52826855,-35,18,12,18,12
17200,-35.26438937,18.39816612,11.52826856,18.39816612,11.52826856,-35,18,12,18,12
17220,-35.26438942,18.39816614,11.52826857,18.39816614,11.52826857,-35,18,12,18,12
17240,-35.26438947,18.39816616,11.52826858,18.39816616,11.52826858,-35,18,12,18,12
17260,-35.2643895,18.39816618,11.52826858,18.39816618,11.52826858,-35,18,12,18,12
17280,-35.26438954,18.39816619,11.52826859,18.39816619,11.52826859,-35,18,12,18,12
17300,-35.26438956,18.3981662,11.52826859,18.3981662,11.52826859,-35,18,12,18,12
17320,-35.26438958,18.39816621,11.52826859,18.39816621,11.52826859,-35,18,12,18,12
17340,-35.2643896,18.39816622,11.5282686,18.39816622,11.5282686,-35,18,12,18,12
17360,-35.26438961,18.39816623,11.5282686,18.39816623,11.5282686,-35,18,12,18,12
17380,-35.26438963,18.39816623,11.5282686,18.39816623,11.5282686,-35,18,12,18,12
17400,-35.26438964,18.39816624,11.5282686,18.39816624,11.5282686,-35,18,12,18,12
17420,-35.26438964,18.39816624,11.5282686,18.39816624,11.5282686,-35,18,12,18,12
17440,-35.26438965,18.39816624,11.52826861,18.39816624,11.52826861,-35,18,12,18,12
17460,-35.26438966,18.39816624,11.52826861,18.39816624,11.52826861,-35,18,12,18,12
17480,-35.26438966,18.39816625,11.52826861,18.39816625,11.52826861,-35,18,12,18,12
17500,-35.26438966,18.39816625,11.52826861,18.39816625,11.52826861,-35,18,12,18,12
17520,-35.26438967,18.39816625,11.52826861,18.39816625,11.52826861,-35,18,12,18,12
17540,-35.26438967,18.39816625,11.52826861,18.39816625,11.52826861,-35,18,12,18,12
17560,-35.26438967,18.39816625,11.52826861,18.39816625,11.52826861,-35,18,12,18,12
17580,-35.26438967,18.39816625,11.52826861,18.39816625,11.52826861,-35,18,12,18,12
17600,-35.26438968,18.39816625,11.52826861,18.39816625,11.52826861,-35,18,12,18,12
17620,-35.26438968,18.39816625,11.52826861,18.39816625,11.52826861,-35,18,12,18,12
17640,-35.26438968,18.39816625,11.52826861,18.39816625,11.52826861,-35,18,12,18,12
17660,-35.26438968,18.39816625,11.52826861,18.39816625,11.52826861,-35,18,12,18,12
17680,-35.26438968,18.39816625,11.52826861,18.39816625,11.52826861,-35,18,12,18,12
17700,-35.26438968,18.39816626,11.52826861,18.39816626,11.52826861,-35,18,12,18,12
17720,-35.26438968,18.39816626,11.52826861,18.39816626,11.52826861,-35,18,12,18,12
17740,-35.26438968,18.39816626,11.52826861,18.39816626,11.52826861,-35,18,12,18,12
17760,-35.26438968,18.39816626,11.52826861,18.39816626,11.52826861,-35,18,12,18,12
17780,-35.26438968,18.39816626,11.52826861,18.39816626,11.52826861,-35,18,12,18,12
17800,-35.26438968,18.39816626,11.52826861,18.39816626,11.52826861,-35,18,12,18,12
17820,-35.26438968,18.39816626,11.52826861,18.39816626,11.52826861,-35,18,12,18,12
17840,-35.26438968,18.39816626,11.52826861,18.39816626,11.52826861,-35,18,12,18,12
17860,-35.26438968,18.39816626,11.52826861,18.39816626,11.52826861,-35,18,12,18,12
17880,-35.26438968,18.39816626,11.52826861,18.39816626,11.52826861,-35,18,12,18,12
17900,-35.26438968,18.39816626,11.52826861,18.39816626,11.52826861,-35,18,12,18,12
17920,-35.26438968,18.39816626,11.52826861,18.39816626,11.52826861,-35,18,12,18,12
17940,-35.26438968,18.39816626,11.52826861,18.39816626,11.52826861,-35,18,12,18,12
17960,-35.26438968,18.39816626,11.52826861,18.39816626,11.52826861,-35,18,12,18,12
17980,-35.26438968,18.39816626,11.52826861,18.39816626,11.52826861,-35,18,12,18,12
18000,-35.26438968,18.39816626,11.52826861,18.39816626,11.52826861,-35,18,12,18,12
18020,-35.26438968,18.39816626,11.52826861,18.39816626,11.52826861,-35,18,12,18,12
18040,-35.26438968,18.39816626,11.52826861,18.39816626,11.52826861,-35,18,12,18,12
18060,-35.26438968,18.39816626,11.52826861,18.39816626,11.52826861,-35,18,12,18,12
18080,-35.26438968,18.39816626,11.52826861,18.39816626,11.52826861,-35,18,12,18,12
18100,-35.26438968,18.39816626,11.52826861,18.39816626,11.52826861,-35,18,12,18,12
18120,-35.26438968,18.39816626,11.52826861,18.39816626,11.52826861,-35,18,12,18,12
18140,-35.26438968,18.39816626,11.52826861,18.39816626,11.52826861,-35,18,12,18,12
18160,-35.26438968,18.39816626,11.52826861,18.39816626,11.52826861,-35,18,12,18,12
18180,-35.26438968,18.39816626,11.52826861,18.39816626,11.52826861,-35,18,12,18,12
18200,-35.26438968,18.39816626,11.52826861,18.39816626,11.52826861,-35,18,12,18,12
18220,-35.26438968,18.39816626,11.52826861,18.39816626,11.52826861,-35,18,12,18,12
18240,-35.26438968,18.39816626,11.52826861,18.39816626,11.52826861,-35,18,12,18,12
18260,-35.26438968,18.39816626,11.52826861,18.39816626,11.52826861,-35,18,12,18,12
18280,-35.26438968,18.39816626,11.52826861,18.39816626,11.52826861,-35,18,12,18,12
18300,-35.26438968,18.39816626,11.52826861,18.39816626,11.52826861,-35,18,12,18,12
18320,-35.26438968,18.39816626,11.52826861,18.39816626,11.52826861,-35,18,12,18,12
18340,-35.26438968,18.39816626,11.52826861,18.39816626,11.52826861,-35,18,12,18,12
18360,-35.26438968,18.39816626,11.52826861,18.39816626,11.52826861,-35,18,12,18,12
18380,-35.26438968,18.39816626,11.52826861,18.39816626,11.52826861,-35,18,12,18,12
18400,-35.26438968,18.39816626,11.52826861,18.39816626,11.52826861,-35,18,12,18,12
18420,-35.26438968,18.39816626,11.52826861,18.39816626,11.52826861,-35,18,12,18,12
18440,-35.26438968,18.39816626,11.52826861,18.39816626,11.52826861,-35,18,12,18,12
18460,-35.26438968,18.39816626,11.52826861,18.39816626,11.52826861,-35,18,12,18,12
18480,-35.26438968,18.39816626,11.52826861,18.39816626,11.52826861,-35,18,12,18,12
18500,-35.26438968,18.39816626,11.52826861,18.39816626,11.52826861,-35,18,12,18,12
18520,-35.26438968,18.39816626,11.52826861,18.39816626,11.52826861,-35,18,12,18,12
18540,-35.26438968,18.39816626,11.52826861,18.39816626,11.52826861,-35,18,12,18,12
18560,-35.26438968,18.39816626,11.52826861,18.39816626,11.52826861,-35,18,12,18,12
18580,-35.26438968,18.39816626,11.52826861,18.39816626,11.52826861,-35,18,12,18,12
18600,-35.26438968,18.39816626,11.52826861,18.39816626,11.52826861,-35,18,12,18,12
18620,-35.26438968,18.39816626,11.52826861,18.39816626,11.52826861,-35,18,12,18,12
18640,-35.26438968,18.39816626,11.52826861,18.39816626,11.52826861,-35,18,12,18,12
18660,-35.26438968,18.39816626,11.52826861,18.39816626,11.52826861,-35,18,12,18,12
18680,-35.26438968,18.39816626,11.52826861,18.39816626,11.52826861,-35,18,12,18,12
18700,-35.26438968,18.39816626,11.52826861,18.39816626,11.52826861,-35,18,12,18,12
18720,-35.26438968,18.39816626,11.52826861,18.39816626,11.52826861,-35,18,12,18,12
18740,-35.26438968,18.39816626,11.52826861,18.39816626,11.52826861,-35,18,12,18,12
18760,-35.26438968,18.39816626,11.52826861,18.39816626,11.52826861,-35,18,12,18,12
18780,-35.26438968,18.39816626,11.52826861,18.39816626,11.52826861,-35,18,12,18,12
18800,-35.26438968,18.39816626,11.52826861,18.39816626,11.52826861,-35,18,12,18,12
18820,-35.26438968,18.39816626,11.52826861,18.39816626,11.52826861,-35,18,12,18,12
18840,-35.26438968,18.39816626,11.52826861,18.39816626,11.52826861,-35,18,12,18,12
18860,-35.26438968,18.39816626,11.52826861,18.39816626,11.52826861,-35,18,12,18,12
18880,-35.26438968,18.39816626,11.52826861,18.39816626,11.52826861,-35,18,12,18,12
18900,-35.26438968,18.39816626,11.52826861,18.39816626,11.52826861,-35,18,12,18,12
18920,-35.26438968,18.39816626,11.52826861,18.39816626,11.52826861,-35,18,12,18,12
18940,-35.26438968,18.39816626,11.52826861,18.39816626,11.52826861,-35,18,12,18,12
18960,-35.26438968,18.39816626,11.52826861,18.39816626,11.52826861,-35,18,12,18,12
18980,-35.26438968,18.39816626,11.52826861,18.39816626,11.52826861,-35,18,12,18,12
19000,-35.26438968,18.39816626,11.52826861,18.39816626,11.52826861,-35,18,12,18,12
19020,-35.26438968,18.39816626,11.52826861,18.39816626,11.52826861,-35,18,12,18,12
19040,-35.26438968,18.39816626,11.52826861,18.39816626,11.52826861,-35,18,12,18,12
19060,-35.26438968,18.39816626,11.52826861,18.39816626,11.52826861,-35,18,12,18,12
19080,-35.26438968,18.39816626,11.52826861,18.39816626,11.52826861,-35,18,12,18,12
19100,-35.26438968,18.39816626,11.52826861,18.39816626,11.52826861,-35,18,12,18,12
19120,-35.26438968,18.39816626,11.52826861,18.39816626,11.52826861,-35,18,12,18,12
19140,-35.26438968,18.39816626,11.52826861,18.39816626,11.52826861,-35,18,12,18,12
19160,-35.26438968,18.39816626,11.52826861,18.39816626,11.52826861,-35,18,12,18,12
19180,-35.26438968,18.39816626,11.52826861,18.39816626,11.52826861,-35,18,12,18,12
19200,-35.26438968,18.39816626,11.52826861,18.39816626,11.52826861,-35,18,12,18,12
19220,-35.26438968,18.39816626,11.52826861,18.39816626,11.52826861,-35,18,12,18,12
19240,-35.26438968,18.39816626,11.52826861,18.39816626,11.52826861,-35,18,12,18,12
19260,-35.26438968,18.39816626,11.52826861,18.39816626,11.52826861,-35,18,12,18,12
19280,-35.26438968,18.39816626,11.52826861,18.39816626,11.52826861,-35,18,12,18,12
19300,-35.26438968,18.39816626,11.52826861,18.39816626,11.52826861,-35,18,12,18,12
19320,-35.26438968,18.39816626,11.52826861,18.39816626,11.52826861,-35,18,12,18,12
19340,-35.26438968,18.39816626,11.52826861,18.39816626,11.52826861,-35,18,12,18,12
19360,-35.26438968,18.39816626,11.52826861,18.39816626,11.52826861,-35,18,12,18,12
19380,-35.26438968,18.39816626,11.52826861,18.39816626,11.52826861,-35,18,12,18,12
19400,-35.26438968,18.39816626,11.52826861,18.39816626,11.52826861,-35,18,12,18,12
19420,-35.26438968,18.39816626,11.52826861,18.39816626,11.52826861,-35,18,12,18,12
19440,-35.26438968,18.39816626,11.52826861,18.39816626,11.52826861,-35,18,12,18,12
19460,-35.26438968,18.39816626,11.52826861,18.39816626,11.52826861,-35,18,12,18,12
19480,-35.26438968,18.39816626,11.52826861,18.39816626,11.52826861,-35,18,12,18,12
19500,-35.26438968,18.39816626,11.52826861,18.39816626,11.52826861,-35,18,12,18,12
19520,-35.26438968,18.39816626,11.52826861,18.39816626,11.52826861,-35,18,12,18,12
19540,-35.26438968,18.39816626,11.52826861,18.39816626,11.52826861,-35,18,12,18,12
19560,-35.26438968,18.39816626,11.52826861,18.39816626,11.52826861,-35,18,12,18,12
19580,-35.26438968,18.39816626,11.52826861,18.39816626,11.52826861,-35,18,12,18,12
19600,-35.26438968,18.39816626,11.52826861,18.39816626,11.52826861,-35,18,12,18,12
19620,-35.26438968,18.39816626,11.52826861,18.39816626,11.52826861,-35,18,12,18,12
19640,-35.26438968,18.39816626,11.52826861,18.39816626,11.52826861,-35,18,12,18,12
19660,-35.26438968,18.39816626,11.52826861,18.39816626,11.52826861,-35,18,12,18,12
19680,-35.26438968,18.39816626,11.52826861,18.39816626,11.52826861,-35,18,12,18,12
19700,-35.26438968,18.39816626,11.52826861,18.39816626,11.52826861,-35,18,12,18,12
19720,-35.26438968,18.39816626,11.52826861,18.39816626,11.52826861,-35,18,12,18,12
19740,-35.26438968,18.39816626,11.52826861,18.39816626,11.52826861,-35,18,12,18,12
19760,-35.26438968,18.39816626,11.52826861,18.39816626,11.52826861,-35,18,12,18,12
19780,-35.26438968,18.39816626,11.52826861,18.39816626,11.52826861,-35,18,12,18,12
19800,-35.26438968,18.39816626,11.52826861,18.39816626,11.52826861,-35,18,12,18,12
19820,-35.26438968,18.39816626,11.52826861,18.39816626,11.52826861,-35,18,12,18,12
19840,-35.26438968,18.39816626,11.52826861,18.39816626,11.52826861,-35,18,12,18,12
19860,-35.26438968,18.39816626,11.52826861,18.39816626,11.52826861,-35,18,12,18,12
19880,-35.26438968,18.39816626,11.52826861,18.39816626,11.52826861,-35,18,12,18,12
19900,-35.26438968,18.39816626,11.52826861,18.39816626,11.52826861,-35,18,12,18,12
19920,-35.26438968,18.39816626,11.52826861,18.39816626,11.52826861,-35,18,12,18,12
19940,-35.26438968,18.39816626,11.52826861,18.39816626,11.52826861,-35,18,12,18,12
19960,-35.26438968,18.39816626,11.52826861,18.39816626,11.52826861,-35,18,12,18,12
19980,-35.26438968,18.39816626,11.52826861,18.39816626,11.52826861,-35,18,12,18,12
20000,-35.25866977,18.39562757,11.52734779,18.39562757,11.52734779,-35,18,12,18,12
20020,-34.35259071,17.99006262,11.37844769,17.99006262,11.37844769,-34,18,11,18,11
20040,-32.26097171,17.02851645,11.01100353,17.02851645,11.01100353,-32,17,11,17,11
20060,-29.57394783,15.74360186,10.48726727,15.74360186,10.48726727,-30,16,10,16,10
20080,-26.68338805,14.30410256,9.85415056,14.30410256,9.85415056,-27,14,10,14,10
20100,-23.81774203,12.82527914,9.149714811,12.82527914,9.149714811,-24,13,9,13,9
20120,-21.09903579,11.38255065,8.406366303,11.38255065,8.406366303,-21,11,8,11,8
20140,-18.58517868,10.02172988,7.650990602,10.02172988,7.650990602,-19,10,8,10,8
20160,-16.29789113,8.767857419,6.905145272,8.767857419,6.905145272,-16,9,7,9,7
20180,-14.23918692,7.631916453,6.185337049,7.631916453,6.185337049,-14,8,6,8,6
20200,-12.40045435,6.615596857,5.503445594,6.615596857,5.503445594,-12,7,6,7,6
20220,-10.76810638,5.715012816,4.867407465,5.715012816,4.867407465,-11,6,5,6,5
20240,-9.325859825,4.922766607,4.281760045,4.922766607,4.281760045,-9,5,4,5,4
20260,-8.057179132,4.23003926,3.748529924,4.23003926,3.748529924,-8,4,4,4,4
20280,-6.944903832,3.626922349,3.267471878,3.626922349,3.267471878,-7,4,3,4,3
20300,-5.973400934,3.104030784,2.837147095,3.104030784,2.837147095,-6,3,3,3,3
20320,-5.127515704,2.652142529,2.454950011,2.652142529,2.454950011,-5,3,2,3,2
20340,-4.392897162,2.262531552,2.117505467,2.262531552,2.117505467,-4,2,2,2,2
20360,-3.756838144,1.927506934,1.82127898,1.927506934,1.82127898,-4,2,2,2,2
20380,-3.207488458,1.639995929,1.562477359,1.639995929,1.562477359,-3,2,2,2,2
20400,-2.734229562,1.393750363,1.337370148,1.393750363,1.337370148,-3,1,1,1,1
20420,-2.327227936,1.183088736,1.142221576,1.183088736,1.142221576,-2,1,1,1,1
20440,-1.978099532,1.003229846,0.973691738,1.003229846,0.973691738,-2,1,1,1,1
20460,-1.679168474,0.849869997,0.828577717,0.849869997,0.828577717,-2,1,1,1,1
20480,-1.423656056,0.719262873,0.703953838,0.719262873,0.703953838,-1,1,1,1,1
20500,-1.205608217,0.608160774,0.597180624,0.608160774,0.597180624,-1,1,1,1,1
20520,-1.019869799,0.51378339,0.505924868,0.51378339,0.505924868,-1,1,1,1,1
20540,-0.861860628,0.433687844,0.42807529,0.433687844,0.42807529,-1,0,0,0,0
20560,-0.727656166,0.365799354,0.361798125,0.365799354,0.361798125,-1,0,0,0,0
20580,-0.613758957,0.3082852,0.305438543,0.3082852,0.305438543,-1,0,0,0,0
20600,-0.517254031,0.259627413,0.25760554,0.259627413,0.25760554,-1,0,0,0,0
20620,-0.435584337,0.21850283,0.217068918,0.21850283,0.217068918,-0,0,0,0,0
20640,-0.366511898,0.183759789,0.18274461,0.183759789,0.18274461,-0,0,0,0,0
20660,-0.308174419,0.154443848,0.153726113,0.154443848,0.153726113,-0,0,0,0,0
20680,-0.258944313,0.129724205,0.129217463,0.129724205,0.129217463,-0,0,0,0,0
20700,-0.217434972,0.108895353,0.108538054,0.108895353,0.108538054,-0,0,0,0,0
20720,-0.182472484,0.091361604,0.091109954,0.091361604,0.091109954,-0,0,0,0,0
20740,-0.153032788,0.076604617,0.076427625,0.076604617,0.076427625,-0,0,0,0,0
20760,-0.128272078,0.064198053,0.064073704,0.064198053,0.064073704,-0,0,0,0,0
20780,-0.107463868,0.053775481,0.053688197,0.053775481,0.053688197,-0,0,0,0,0
20800,-0.089979206,0.045020142,0.044958954,0.045020142,0.044958954,-0,0,0,0,0
20820,-0.075304721,0.037673757,0.037630899,0.037673757,0.037630899,-0,0,0,0,0
20840,-0.062993005,0.031511478,0.031481489,0.031511478,0.031481489,-0,0,0,0,0
20860,-0.052671303,0.026346124,0.026325157,0.026346124,0.026325157,-0,0,0,0,0
20880,-0.04402201,0.022018322,0.022003675,0.022018322,0.022003675,-0,0,0,0,0
20900,-0.036776451,0.018393332,0.018383111,0.018393332,0.018383111,-0,0,0,0,0
20920,-0.030711727,0.015359426,0.015352297,0.015359426,0.015352297,-0,0,0,0,0
20940,-0.025638161,0.012821563,0.012816595,0.012821563,0.012816595,-0,0,0,0,0
20960,-0.021393536,0.010698497,0.010695038,0.010698497,0.010695038,-0,0,0,0,0
20980,-0.017845744,0.008924075,0.008921668,0.008924075,0.008921668,-0,0,0,0,0
21000,-0.014881173,0.007441423,0.007439749,0.007441423,0.007439749,-0,0,0,0,0
21020,-0.01240533,0.006203246,0.006202083,0.006203246,0.006202083,-0,0,0,0,0
21040,-0.01033775,0.005169279,0.005168471,0.005169279,0.005168471,-0,0,0,0,0
21060,-0.008612119,0.00430634,0.004305779,0.00430634,0.004305779,-0,0,0,0,0
21080,-0.007172509,0.003586449,0.00358606,0.003586449,0.00358606,-0,0,0,0,0
21100,-0.005972027,0.002986148,0.002985879,0.002986148,0.002985879,-0,0,0,0,0
21120,-0.004970797,0.002485492,0.002485305,0.002485492,0.002485305,-0,0,0,0,0
21140,-0.004136379,0.002068254,0.002068125,0.002068254,0.002068125,-0,0,0,0,0
21160,-0.003441173,0.001720631,0.001720542,0.001720631,0.001720542,-0,0,0,0,0
21180,-0.002862186,0.001431124,0.001431062,0.001431124,0.001431062,-0,0,0,0,0
21200,-0.002379873,0.001189958,0.001189915,0.001189958,0.001189915,-0,0,0,0,0
21220,-0.001978442,0.000989236,0.000989206,0.000989236,0.000989206,-0,0,0,0,0
21240,-0.001644348,0.000822184,0.000822164,0.000822184,0.000822164,-0,0,0,0,0
21260,-0.001366386,0.0006832,0.000683186,0.0006832,0.000683186,-0,0,0,0,0
21280,-0.00113512,0.000567565,0.000567555,0.000567565,0.000567555,-0,0,0,0,0
21300,-0.000942818,0.000471412,0.000471406,0.000471412,0.000471406,-0,0,0,0,0
21320,-0.000782933,0.000391469,0.000391464,0.000391469,0.000391464,-0,0,0,0,0
21340,-0.00065006,0.000325032,0.000325029,0.000325032,0.000325029,-0,0,0,0,0
21360,-0.000539596,0.000269799,0.000269797,0.000269799,0.000269797,-0,0,0,0,0
21380,-0.00044783,0.000223916,0.000223914,0.000223916,0.000223914,-0,0,0,0,0
21400,-0.000371613,0.000185807,0.000185806,0.000185807,0.000185806,-0,0,0,0,0
21420,-0.000308302,0.000154151,0.000154151,0.000154151,0.000154151,-0,0,0,0,0
21440,-0.000255733,0.000127867,0.000127866,0.000127867,0.000127866,-0,0,0,0,0
21460,-0.000212095,0.000106048,0.000106047,0.000106048,0.000106047,-0,0,0,0,0
21480,-0.000175873,8.79e-05,8.79e-05,8.79e-05,8.79e-05,-0,0,0,0,0
21500,-0.00014582,7.29e-05,7.29e-05,7.29e-05,7.29e-05,-0,0,0,0,0
21520,-0.000120876,6.04e-05,6.04e-05,6.04e-05,6.04e-05,-0,0,0,0,0
21540,-0.000100185,5.01e-05,5.01e-05,5.01e-05,5.01e-05,-0,0,0,0,0
21560,-8.3e-05,4.15e-05,4.15e-05,4.15e-05,4.15e-05,-0,0,0,0,0
21580,-6.88e-05,3.44e-05,3.44e-05,3.44e-05,3.44e-05,-0,0,0,0,0
21600,-5.7e-05,2.85e-05,2.85e-05,2.85e-05,2.85e-05,-0,0,0,0,0
21620,-4.72e-05,2.36e-05,2.36e-05,2.36e-05,2.36e-05,-0,0,0,0,0
21640,-3.91e-05,1.96e-05,1.96e-05,1.96e-05,1.96e-05,-0,0,0,0,0
21660,-3.24e-05,1.62e-05,1.62e-05,1.62e-05,1.62e-05,-0,0,0,0,0
21680,-2.68e-05,1.34e-05,1.34e-05,1.34e-05,1.34e-05,-0,0,0,0,0
21700,-2.22e-05,1.11e-05,1.11e-05,1.11e-05,1.11e-05,-0,0,0,0,0
21720,-1.84e-05,9.19e-06,9.19e-06,9.19e-06,9.19e-06,-0,0,0,0,0
21740,-1.52e-05,7.61e-06,7.61e-06,7.61e-06,7.61e-06,-0,0,0,0,0
21760,-1.26e-05,6.29e-06,6.29e-06,6.29e-06,6.29e-06,-0,0,0,0,0
21780,-1.04e-05,5.21e-06,5.21e-06,5.21e-06,5.21e-06,-0,0,0,0,0
21800,-8.62e-06,4.31e-06,4.31e-06,4.31e-06,4.31e-06,-0,0,0,0,0
21820,-7.13e-06,3.57e-06,3.57e-06,3.57e-06,3.57e-06,-0,0,0,0,0
21840,-5.9e-06,2.95e-06,2.95e-06,2.95e-06,2.95e-06,-0,0,0,0,0
21860,-4.88e-06,2.44e-06,2.44e-06,2.44e-06,2.44e-06,-0,0,0,0,0
21880,-4.04e-06,2.02e-06,2.02e-06,2.02e-06,2.02e-06,-0,0,0,0,0
21900,-3.34e-06,1.67e-06,1.67e-06,1.67e-06,1.67e-06,-0,0,0,0,0
21920,-2.76e-06,1.38e-06,1.38e-06,1.38e-06,1.38e-06,-0,0,0,0,0
21940,-2.28e-06,1.14e-06,1.14e-06,1.14e-06,1.14e-06,-0,0,0,0,0
21960,-1.89e-06,9.43e-07,9.43e-07,9.43e-07,9.43e-07,-0,0,0,0,0
21980,-1.56e-06,7.8e-07,7.8e-07,7.8e-07,7.8e-07,-0,0,0,0,0
22000,-1.29e-06,6.45e-07,6.45e-07,6.45e-07,6.45e-07,-0,0,0,0,0
22020,-1.07e-06,5.33e-07,5.33e-07,5.33e-07,5.33e-07,-0,0,0,0,0
22040,-8.81e-07,4.4e-07,4.4e-07,4.4e-07,4.4e-07,-0,0,0,0,0
22060,-7.28e-07,3.64e-07,3.64e-07,3.64e-07,3.64e-07,-0,0,0,0,0
22080,-6.01e-07,3.01e-07,3.01e-07,3.01e-07,3.01e-07,-0,0,0,0,0
22100,-4.97e-07,2.48e-07,2.48e-07,2.48e-07,2.48e-07,-0,0,0,0,0
22120,-4.11e-07,2.05e-07,2.05e-07,2.05e-07,2.05e-07,-0,0,0,0,0
22140,-3.39e-07,1.7e-07,1.7e-07,1.7e-07,1.7e-07,-0,0,0,0,0
22160,-2.8e-07,1.4e-07,1.4e-07,1.4e-07,1.4e-07,-0,0,0,0,0
22180,-2.31e-07,1.16e-07,1.16e-07,1.16e-07,1.16e-07,-0,0,0,0,0
22200,-1.91e-07,9.56e-08,9.56e-08,9.56e-08,9.56e-08,-0,0,0,0,0
22220,-1.58e-07,7.89e-08,7.89e-08,7.89e-08,7.89e-08,-0,0,0,0,0
22240,-1.3e-07,6.52e-08,6.52e-08,6.52e-08,6.52e-08,-0,0,0,0,0
22260,-1.08e-07,5.38e-08,5.38e-08,5.38e-08,5.38e-08,-0,0,0,0,0
22280,-8.89e-08,4.44e-08,4.44e-08,4.44e-08,4.44e-08,-0,0,0,0,0
22300,-7.34e-08,3.67e-08,3.67e-08,3.67e-08,3.67e-08,-0,0,0,0,0
22320,-6.06e-08,3.03e-08,3.03e-08,3.03e-08,3.03e-08,-0,0,0,0,0
22340,-5e-08,2.5e-08,2.5e-08,2.5e-08,2.5e-08,-0,0,0,0,0
22360,-4.13e-08,2.06e-08,2.06e-08,2.06e-08,2.06e-08,-0,0,0,0,0
22380,-3.41e-08,1.7e-08,1.7e-08,1.7e-08,1.7e-08,-0,0,0,0,0
22400,-2.81e-08,1.41e-08,1.41e-08,1.41e-08,1.41e-08,-0,0,0,0,0
22420,-2.32e-08,1.16e-08,1.16e-08,1.16e-08,1.16e-08,-0,0,0,0,0
22440,-1.91e-08,9.57e-09,9.57e-09,9.57e-09,9.57e-09,-0,0,0,0,0
22460,-1.58e-08,7.9e-09,7.9e-09,7.9e-09,7.9e-09,-0,0,0,0,0
22480,-1.3e-08,6.52e-09,6.52e-09,6.52e-09,6.52e-09,-0,0,0,0,0
22500,-1.08e-08,5.38e-09,5.38e-09,5.38e-09,5.38e-09,-0,0,0,0,0
22520,-8.87e-09,4.44e-09,4.44e-09,4.44e-09,4.44e-09,-0,0,0,0,0
22540,-7.32e-09,3.66e-09,3.66e-09,3.66e-09,3.66e-09,-0,0,0,0,0
22560,-6.04e-09,3.02e-09,3.02e-09,3.02e-09,3.02e-09,-0,0,0,0,0
22580,-4.98e-09,2.49e-09,2.49e-09,2.49e-09,2.49e-09,-0,0,0,0,0
22600,-4.11e-09,2.05e-09,2.05e-09,2.05e-09,2.05e-09,-0,0,0,0,0
22620,-3.39e-09,1.69e-09,1.69e-09,1.69e-09,1.69e-09,-0,0,0,0,0
22640,-2.8e-09,1.4e-09,1.4e-09,1.4e-09,1.4e-09,-0,0,0,0,0
22660,-2.31e-09,1.15e-09,1.15e-09,1.15e-09,1.15e-09,-0,0,0,0,0
22680,-1.9e-09,9.5e-10,9.5e-10,9.5e-10,9.5e-10,-0,0,0,0,0
22700,-1.57e-09,7.84e-10,7.84e-10,7.84e-10,7.84e-10,-0,0,0,0,0
22720,-1.29e-09,6.46e-10,6.46e-10,6.46e-10,6.46e-10,-0,0,0,0,0
22740,-1.07e-09,5.33e-10,5.33e-10,5.33e-10,5.33e-10,-0,0,0,0,0
22760,-8.79e-10,4.39e-10,4.39e-10,4.39e-10,4.39e-10,-0,0,0,0,0
22780,-7.24e-10,3.62e-10,3.62e-10,3.62e-10,3.62e-10,-0,0,0,0,0
22800,-5.97e-10,2.99e-10,2.99e-10,2.99e-10,2.99e-10,-0,0,0,0,0
22820,-4.92e-10,2.46e-10,2.46e-10,2.46e-10,2.46e-10,-0,0,0,0,0
22840,-4.06e-10,2.03e-10,2.03e-10,2.03e-10,2.03e-10,-0,0,0,0,0
22860,-3.34e-10,1.67e-10,1.67e-10,1.67e-10,1.67e-10,-0,0,0,0,0
22880,-2.76e-10,1.38e-10,1.38e-10,1.38e-10,1.38e-10,-0,0,0,0,0
22900,-2.27e-10,1.14e-10,1.14e-10,1.14e-10,1.14e-10,-0,0,0,0,0
22920,-1.87e-10,9.37e-11,9.37e-11,9.37e-11,9.37e-11,-0,0,0,0,0
22940,-1.54e-10,7.72e-11,7.72e-11,7.72e-11,7.72e-11,-0,0,0,0,0
22960,-1.27e-10,6.36e-11,6.37e-11,6.36e-11,6.37e-11,-0,0,0,0,0
22980,-1.05e-10,5.24e-11,5.24e-11,5.24e-11,5.24e-11,-0,0,0,0,0
23000,-8.64e-11,4.32e-11,4.32e-11,4.32e-11,4.32e-11,-0,0,0,0,0
23020,-7.12e-11,3.56e-11,3.56e-11,3.56e-11,3.56e-11,-0,0,0,0,0
23040,-5.86e-11,2.93e-11,2.93e-11,2.93e-11,2.93e-11,-0,0,0,0,0
23060,-4.83e-11,2.41e-11,2.41e-11,2.41e-11,2.41e-11,-0,0,0,0,0
23080,-3.98e-11,1.99e-11,1.99e-11,1.99e-11,1.99e-11,-0,0,0,0,0
23100,-3.28e-11,1.64e-11,1.64e-11,1.64e-11,1.64e-11,-0,0,0,0,0
23120,-2.7e-11,1.35e-11,1.35e-11,1.35e-11,1.35e-11,-0,0,0,0,0
23140,-2.23e-11,1.11e-11,1.11e-11,1.11e-11,1.11e-11,-0,0,0,0,0
23160,-1.83e-11,9.15e-12,9.16e-12,9.15e-12,9.16e-12,-0,0,0,0,0
23180,-1.51e-11,7.54e-12,7.56e-12,7.54e-12,7.56e-12,-0,0,0,0,0
23200,-1.24e-11,6.24e-12,6.21e-12,6.24e-12,6.21e-12,-0,0,0,0,0
23220,-1.02e-11,5.11e-12,5.14e-12,5.11e-12,5.14e-12,-0,0,0,0,0
23240,-8.38e-12,4.22e-12,4.2e-12,4.22e-12,4.2e-12,-0,0,0,0,0
23260,-6.88e-12,3.45e-12,3.46e-12,3.45e-12,3.46e-12,-0,0,0,0,0
23280,-5.66e-12,2.82e-12,2.85e-12,2.82e-12,2.85e-12,-0,0,0,0,0
23300,-4.68e-12,2.37e-12,2.37e-12,2.37e-12,2.37e-12,-0,0,0,0,0
23320,-3.84e-12,1.92e-12,1.93e-12,1.92e-12,1.93e-12,-0,0,0,0,0
23340,-3.17e-12,1.58e-12,1.6e-12,1.58e-12,1.6e-12,-0,0,0,0,0
23360,-2.57e-12,1.29e-12,1.32e-12,1.29e-12,1.32e-12,-0,0,0,0,0
23380,-2.16e-12,1.05e-12,1.09e-12,1.05e-12,1.09e-12,-0,0,0,0,0
23400,-1.74e-12,8.91e-13,8.91e-13,8.91e-13,8.91e-13,-0,0,0,0,0
23420,-1.44e-12,7.06e-13,7.12e-13,7.06e-13,7.12e-13,-0,0,0,0,0
23440,-1.16e-12,5.85e-13,6.11e-13,5.85e-13,6.11e-13,-0,0,0,0,0
23460,-9.41e-13,4.58e-13,4.83e-13,4.58e-13,4.83e-13,-0,0,0,0,0
23480,-7.76e-13,4.07e-13,4.33e-13,4.07e-13,4.33e-13,-0,0,0,0,0
23500,-6.23e-13,3.43e-13,3.82e-13,3.43e-13,3.82e-13,-0,0,0,0,0
23520,-5.22e-13,2.74e-13,2.54e-13,2.74e-13,2.54e-13,-0,0,0,0,0
23540,-3.94e-13,2.04e-13,2.54e-13,2.04e-13,2.54e-13,-0,0,0,0,0
23560,-3.18e-13,1.72e-13,1.78e-13,1.72e-13,1.78e-13,-0,0,0,0,0
23580,-2.54e-13,1.59e-13,1.78e-13,1.59e-13,1.78e-13,-0,0,0,0,0
23600,-2.16e-13,9.54e-14,1.53e-13,9.54e-14,1.53e-13,-0,0,0,0,0
23620,-1.91e-13,8.91e-14,1.02e-13,8.91e-14,1.02e-13,-0,0,0,0,0
23640,-1.27e-13,6.36e-14,7.63e-14,6.36e-14,7.63e-14,-0,0,0,0,0
23660,-1.02e-13,5.09e-14,5.09e-14,5.09e-14,5.09e-14,-0,0,0,0,0
23680,-3.82e-14,1.27e-14,5.09e-14,1.27e-14,5.09e-14,-0,0,0,0,0
23700,-8.91e-14,5.72e-14,2.54e-14,5.72e-14,2.54e-14,-0,0,0,0,0
23720,-1.27e-14,1.27e-14,5.09e-14,1.27e-14,5.09e-14,-0,0,0,0,0
23740,0,-6.36e-15,2.54e-14,-6.36e-15,2.54e-14,0,-0,0,-0,0
23760,0,6.36e-15,0,6.36e-15,0,0,0,0,0,0
23780,-1.27e-14,-6.36e-15,0,-6.36e-15,0,-0,-0,0,-0,0
23800,3.82e-14,-2.54e-14,2.54e-14,-2.54e-14,2.54e-14,0,-0,0,-0,0
23820,6.36e-14,-3.18e-14,2.54e-14,-3.18e-14,2.54e-14,0,-0,0,-0,0
23840,2.54e-14,-2.54e-14,2.54e-14,-2.54e-14,2.54e-14,0,-0,0,-0,0
23860,2.54e-14,-5.09e-14,2.54e-14,-5.09e-14,2.54e-14,0,-0,0,-0,0
23880,6.36e-14,-2.54e-14,2.54e-14,-2.54e-14,2.54e-14,0,-0,0,-0,0
23900,3.82e-14,-3.82e-14,0,-3.82e-14,0,0,-0,0,-0,0
23920,7.63e-14,-3.18e-14,0,-3.18e-14,0,0,-0,0,-0,0
23940,3.82e-14,6.36e-15,0,6.36e-15,0,0,0,0,0,0
23960,6.36e-14,-5.09e-14,0,-5.09e-14,0,0,-0,0,-0,0
23980,3.82e-14,-1.27e-14,2.54e-14,-1.27e-14,2.54e-14,0,-0,0,-0,0
24000,6.36e-14,-5.72e-14,2.54e-14,-5.72e-14,2.54e-14,0,-0,0,-0,0
24020,6.36e-14,-6.36e-15,0,-6.36e-15,0,0,-0,0,-0,0
24040,5.09e-14,-4.45e-14,2.54e-14,-4.45e-14,2.54e-14,0,-0,0,-0,0
24060,3.82e-14,-1.91e-14,2.54e-14,-1.91e-14,2.54e-14,0,-0,0,-0,0
24080,7.63e-14,-3.82e-14,0,-3.82e-14,0,0,-0,0,-0,0
24100,6.36e-14,-3.82e-14,0,-3.82e-14,0,0,-0,0,-0,0
24120,1.27e-14,-1.91e-14,-2.54e-14,-1.91e-14,-2.54e-14,0,-0,-0,-0,-0
24140,-1.27e-14,2.54e-14,0,2.54e-14,0,-0,0,0,0,0
24160,5.09e-14,-3.18e-14,0,-3.18e-14,0,0,-0,0,-0,0
24180,1.27e-14,0,-2.54e-14,0,-2.54e-14,0,0,-0,0,-0
24200,6.36e-14,-5.72e-14,0,-5.72e-14,0,0,-0,0,-0,0
24220,3.82e-14,-3.18e-14,-2.54e-14,-3.18e-14,-2.54e-14,0,-0,-0,-0,-0
24240,5.09e-14,-1.27e-14,0,-1.27e-14,0,0,-0,0,-0,0
24260,5.09e-14,-1.91e-14,0,-1.91e-14,0,0,-0,0,-0,0
24280,7.63e-14,-4.45e-14,2.54e-14,-4.45e-14,2.54e-14,0,-0,0,-0,0
24300,5.09e-14,-1.91e-14,0,-1.91e-14,0,0,-0,0,-0,0
24320,7.63e-14,-4.45e-14,0,-4.45e-14,0,0,-0,0,-0,0
24340,7.63e-14,-6.36e-15,-2.54e-14,-6.36e-15,-2.54e-14,0,-0,-0,-0,-0
24360,3.82e-14,0,0,0,0,0,0,0,0,0
24380,3.82e-14,-2.54e-14,-2.54e-14,-2.54e-14,-2.54e-14,0,-0,-0,-0,-0
24400,6.36e-14,-3.82e-14,0,-3.82e-14,0,0,-0,0,-0,0
24420,3.82e-14,-2.54e-14,-2.54e-14,-2.54e-14,-2.54e-14,0,-0,-0,-0,-0
24440,5.09e-14,-3.82e-14,0,-3.82e-14,0,0,-0,0,-0,0
24460,5.09e-14,-2.54e-14,0,-2.54e-14,0,0,-0,0,-0,0
24480,5.09e-14,-1.27e-14,0,-1.27e-14,0,0,-0,0,-0,0
24500,3.82e-14,0,0,0,0,0,0,0,0,0
24520,5.09e-14,-1.91e-14,0,-1.91e-14,0,0,-0,0,-0,0
24540,6.36e-14,-2.54e-14,0,-2.54e-14,0,0,-0,0,-0,0
24560,3.82e-14,-1.91e-14,-2.54e-14,-1.91e-14,-2.54e-14,0,-0,-0,-0,-0
24580,3.82e-14,6.36e-15,0,6.36e-15,0,0,0,0,0,0
24600,3.82e-14,0,0,0,0,0,0,0,0,0
24620,3.82e-14,-1.27e-14,-2.54e-14,-1.27e-14,-2.54e-14,0,-0,-0,-0,-0
24640,5.09e-14,-2.54e-14,0,-2.54e-14,0,0,-0,0,-0,0
24660,3.82e-14,-1.27e-14,0,-1.27e-14,0,0,-0,0,-0,0
24680,5.09e-14,-1.27e-14,-2.54e-14,-1.27e-14,-2.54e-14,0,-0,-0,-0,-0
24700,1.27e-14,-6.36e-15,0,-6.36e-15,0,0,-0,0,-0,0
24720,8.91e-14,-6.36e-14,0,-6.36e-14,0,0,-0,0,-0,0
24740,5.09e-14,-5.09e-14,2.54e-14,-5.09e-14,2.54e-14,0,-0,0,-0,0
24760,3.82e-14,-6.36e-15,0,-6.36e-15,0,0,-0,0,-0,0
24780,5.09e-14,-3.18e-14,0,-3.18e-14,0,0,-0,0,-0,0
24800,5.09e-14,-3.82e-14,0,-3.82e-14,0,0,-0,0,-0,0
24820,2.54e-14,-1.27e-14,2.54e-14,-1.27e-14,2.54e-14,0,-0,0,-0,0
24840,7.63e-14,-5.72e-14,5.09e-14,-5.72e-14,5.09e-14,0,-0,0,-0,0
24860,6.36e-14,-1.27e-14,0,-1.27e-14,0,0,-0,0,-0,0
24880,3.82e-14,0,-2.54e-14,0,-2.54e-14,0,0,-0,0,-0
24900,1.27e-14,1.27e-14,-2.54e-14,1.27e-14,-2.54e-14,0,0,-0,0,-0
24920,6.36e-14,-1.91e-14,0,-1.91e-14,0,0,-0,0,-0,0
24940,1.27e-14,-1.27e-14,-2.54e-14,-1.27e-14,-2.54e-14,0,-0,-0,-0,-0
24960,3.82e-14,-1.91e-14,0,-1.91e-14,0,0,-0,0,-0,0
24980,2.54e-14,1.91e-14,0,1.91e-14,0,0,0,0,0,0
25000,-0.000150421,-0.000150421,-0.000150421,-0.000150421,-0.000150421,-0,-0,-0,-0,-0
25020,-0.467597284,-0.467597284,-0.467597284,-0.467597284,-0.467597284,-0,-0,-0,-0,-0
25040,-1.747454066,-1.747454066,-1.747454066,-1.747454066,-1.747454066,-2,-2,-2,-2,-2
25060,-3.534121089,-3.534121089,-3.534121089,-3.534121089,-3.534121089,-4,-4,-4,-4,-4
25080,-5.601547296,-5.601547296,-5.601547296,-5.601547296,-5.601547296,-6,-6,-6,-6,-6
25100,-7.788888433,-7.788888433,-7.788888433,-7.788888433,-7.788888433,-8,-8,-8,-8,-8
25120,-9.985005753,-9.985005753,-9.985005753,-9.985005753,-9.985005753,-10,-10,-10,-10,-10
25140,-12.11478793,-12.11478793,-12.11478793,-12.11478793,-12.11478793,-12,-12,-12,-12,-12
25160,-14.13000566,-14.13000566,-14.13000566,-14.13000566,-14.13000566,-14,-14,-14,-14,-14
25180,-16.00239443,-16.00239443,-16.00239443,-16.00239443,-16.00239443,-16,-16,-16,-16,-16
25200,-17.71749456,-17.71749456,-17.71749456,-17.71749456,-17.71749456,-18,-18,-18,-18,-18
25220,-19.27067645,-19.27067645,-19.27067645,-19.27067645,-19.27067645,-19,-19,-19,-19,-19
25240,-20.66420915,-20.66420915,-20.66420915,-20.66420915,-20.66420915,-21,-21,-21,-21,-21
25260,-21.90531214,-21.90531214,-21.90531214,-21.90531214,-21.90531214,-22,-22,-22,-22,-22
25280,-23.00315992,-23.00315992,-23.00315992,-23.00315992,-23.00315992,-23,-23,-23,-23,-23
25300,-23.96897867,-23.96897867,-23.96897867,-23.96897867,-23.96897867,-24,-24,-24,-24,-24
25320,-24.81447228,-24.81447228,-24.81447228,-24.81447228,-24.81447228,-25,-25,-25,-25,-25
25340,-25.55169466,-25.55169466,-25.55169466,-25.55169466,-25.55169466,-26,-26,-26,-26,-26
25360,-26.19205476,-26.19205476,-26.19205476,-26.19205476,-26.19205476,-26,-26,-26,-26,-26
25380,-26.74638377,-26.74638377,-26.74638377,-26.74638377,-26.74638377,-27,-27,-27,-27,-27
25400,-27.22480944,-27.22480944,-27.22480944,-27.22480944,-27.22480944,-27,-27,-27,-27,-27
25420,-27.63679478,-27.63679478,-27.63679478,-27.63679478,-27.63679478,-28,-28,-28,-28,-28
25440,-27.99058422,-27.99058422,-27.99058422,-27.99058422,-27.99058422,-28,-28,-28,-28,-28
25460,-28.29375622,-28.29375622,-28.29375622,-28.29375622,-28.29375622,-28,-28,-28,-28,-28
25480,-28.55300873,-28.55300873,-28.55300873,-28.55300873,-28.55300873,-29,-29,-29,-29,-29
25500,-28.77438944,-28.77438944,-28.77438944,-28.77438944,-28.77438944,-29,-29,-29,-29,-29
25520,-28.96303631,-28.96303631,-28.96303631,-28.96303631,-28.96303631,-29,-29,-29,-29,-29
25540,-29.12356568,-29.12356568,-29.12356568,-29.12356568,-29.12356568,-29,-29,-29,-29,-29
25560,-29.25994756,-29.25994756,-29.25994756,-29.25994756,-29.25994756,-29,-29,-29,-29,-29
25580,-29.37571263,-29.37571263,-29.37571263,-29.37571263,-29.37571263,-29,-29,-29,-29,-29
25600,-29.47381931,-29.47381931,-29.47381931,-29.47381931,-29.47381931,-29,-29,-29,-29,-29
25620,-29.55686954,-29.55686954,-29.55686954,-29.55686954,-29.55686954,-30,-30,-30,-30,-30
25640,-29.62708747,-29.62708747,-29.62708747,-29.62708747,-29.62708747,-30,-30,-30,-30,-30
25660,-29.68642787,-29.68642787,-29.68642787,-29.68642787,-29.68642787,-30,-30,-30,-30,-30
25680,-29.73650159,-29.73650159,-29.73650159,-29.73650159,-29.73650159,-30,-30,-30,-30,-30
25700,-29.77872288,-29.77872288,-29.77872288,-29.77872288,-29.77872288,-30,-30,-30,-30,-30
25720,-29.81429612,-29.81429612,-29.81429612,-29.81429612,-29.81429612,-30,-30,-30,-30,-30
25740,-29.84424738,-29.84424738,-29.84424738,-29.84424738,-29.84424738,-30,-30,-30,-30,-30
25760,-29.86943936,-29.86943936,-29.86943936,-29.86943936,-29.86943936,-30,-30,-30,-30,-30
25780,-29.89061679,-29.89061679,-29.89061679,-29.89061679,-29.89061679,-30,-30,-30,-30,-30
25800,-29.90840318,-29.90840318,-29.90840318,-29.90840318,-29.90840318,-30,-30,-30,-30,-30
25820,-29.92334001,-29.92334001,-29.92334001,-29.92334001,-29.92334001,-30,-30,-30,-30,-30
25840,-29.93587035,-29.93587035,-29.93587035,-29.93587035,-29.93587035,-30,-30,-30,-30,-30
25860,-29.94637507,-29.94637507,-29.94637507,-29.94637507,-29.94637507,-30,-30,-30,-30,-30
25880,-29.95518065,-29.95518065,-29.95518065,-29.95518065,-29.95518065,-30,-30,-30,-30,-30
25900,-29.96255529,-29.96255529,-29.96255529,-29.96255529,-29.96255529,-30,-30,-30,-30,-30
25920,-29.9687289,-29.9687289,-29.9687289,-29.9687289,-29.9687289,-30,-30,-30,-30,-30
25940,-29.97389487,-29.97389487,-29.97389487,-29.97389487,-29.97389487,-30,-30,-30,-30,-30
25960,-29.97821467,-29.97821467,-29.97821467,-29.97821467,-29.97821467,-30,-30,-30,-30,-30
25980,-29.98182718,-29.98182718,-29.98182718,-29.98182718,-29.98182718,-30,-30,-30,-30,-30
26000,-29.98484563,-29.98484563,-29.98484563,-29.98484563,-29.98484563,-30,-30,-30,-30,-30
26020,-29.98736638,-29.98736638,-29.98736638,-29.98736638,-29.98736638,-30,-30,-30,-30,-30
26040,-29.98947189,-29.98947189,-29.98947189,-29.98947189,-29.98947189,-30,-30,-30,-30,-30
26060,-29.99122888,-29.99122888,-29.99122888,-29.99122888,-29.99122888,-30,-30,-30,-30,-30
26080,-29.99269492,-29.99269492,-29.99269492,-29.99269492,-29.99269492,-30,-30,-30,-30,-30
26100,-29.99391758,-29.99391758,-29.99391758,-29.99391758,-29.99391758,-30,-30,-30,-30,-30
26120,-29.99493696,-29.99493696,-29.99493696,-29.99493696,-29.99493696,-30,-30,-30,-30,-30
26140,-29.99578679,-29.99578679,-29.99578679,-29.99578679,-29.99578679,-30,-30,-30,-30,-30
26160,-29.99649483,-29.99649483,-29.99649483,-29.99649483,-29.99649483,-30,-30,-30,-30,-30
26180,-29.99708451,-29.99708451,-29.99708451,-29.99708451,-29.99708451,-30,-30,-30,-30,-30
26200,-29.99757574,-29.99757574,-29.99757574,-29.99757574,-29.99757574,-30,-30,-30,-30,-30
26220,-29.99798462,-29.99798462,-29.99798462,-29.99798462,-29.99798462,-30,-30,-30,-30,-30
26240,-29.99832493,-29.99832493,-29.99832493,-29.99832493,-29.99832493,-30,-30,-30,-30,-30
26260,-29.99860805,-29.99860805,-29.99860805,-29.99860805,-29.99860805,-30,-30,-30,-30,-30
26280,-29.9988436,-29.9988436,-29.9988436,-29.9988436,-29.9988436,-30,-30,-30,-30,-30
26300,-29.9990395,-29.9990395,-29.9990395,-29.9990395,-29.9990395,-30,-30,-30,-30,-30
26320,-29.99920237,-29.99920237,-29.99920237,-29.99920237,-29.99920237,-30,-30,-30,-30,-30
26340,-29.99933772,-29.99933772,-29.99933772,-29.99933772,-29.99933772,-30,-30,-30,-30,-30
26360,-29.99945025,-29.99945025,-29.99945025,-29.99945025,-29.99945025,-30,-30,-30,-30,-30
26380,-29.99954374,-29.99954374,-29.99954374,-29.99954374,-29.99954374,-30,-30,-30,-30,-30
26400,-29.99962139,-29.99962139,-29.99962139,-29.99962139,-29.99962139,-30,-30,-30,-30,-30
26420,-29.99968587,-29.99968587,-29.99968587,-29.99968587,-29.99968587,-30,-30,-30,-30,-30
26440,-29.99973944,-29.99973944,-29.99973944,-29.99973944,-29.99973944,-30,-30,-30,-30,-30
26460,-29.9997839,-29.9997839,-29.9997839,-29.9997839,-29.9997839,-30,-30,-30,-30,-30
26480,-29.9998208,-29.9998208,-29.9998208,-29.9998208,-29.9998208,-30,-30,-30,-30,-30
26500,-29.99985142,-29.99985142,-29.99985142,-29.99985142,-29.99985142,-30,-30,-30,-30,-30
26520,-29.99987683,-29.99987683,-29.99987683,-29.99987683,-29.99987683,-30,-30,-30,-30,-30
26540,-29.99989791,-29.99989791,-29.99989791,-29.99989791,-29.99989791,-30,-30,-30,-30,-30
26560,-29.9999154,-29.9999154,-29.9999154,-29.9999154,-29.9999154,-30,-30,-30,-30,-30
26580,-29.9999299,-29.9999299,-29.9999299,-29.9999299,-29.9999299,-30,-30,-30,-30,-30
26600,-29.99994192,-29.99994192,-29.99994192,-29.99994192,-29.99994192,-30,-30,-30,-30,-30
26620,-29.99995189,-29.99995189,-29.99995189,-29.99995189,-29.99995189,-30,-30,-30,-30,-30
26640,-29.99996015,-29.99996015,-29.99996015,-29.99996015,-29.99996015,-30,-30,-30,-30,-30
26660,-29.999967,-29.999967,-29.999967,-29.999967,-29.999967,-30,-30,-30,-30,-30
26680,-29.99997268,-29.99997268,-29.99997268,-29.99997268,-29.99997268,-30,-30,-30,-30,-30
26700,-29.99997738,-29.99997738,-29.99997738,-29.99997738,-29.99997738,-30,-30,-30,-30,-30
26720,-29.99998127,-29.99998127,-29.99998127,-29.99998127,-29.99998127,-30,-30,-30,-30,-30
26740,-29.9999845,-29.9999845,-29.9999845,-29.9999845,-29.9999845,-30,-30,-30,-30,-30
26760,-29.99998717,-29.99998717,-29.99998717,-29.99998717,-29.99998717,-30,-30,-30,-30,-30
26780,-29.99998938,-29.99998938,-29.99998938,-29.99998938,-29.99998938,-30,-30,-30,-30,-30
26800,-29.99999121,-29.99999121,-29.99999121,-29.99999121,-29.99999121,-30,-30,-30,-30,-30
26820,-29.99999273,-29.99999273,-29.99999273,-29.99999273,-29.99999273,-30,-30,-30,-30,-30
26840,-29.99999399,-29.99999399,-29.99999399,-29.99999399,-29.99999399,-30,-30,-30,-30,-30
26860,-29.99999503,-29.99999503,-29.99999503,-29.99999503,-29.99999503,-30,-30,-30,-30,-30
26880,-29.99999589,-29.99999589,-29.99999589,-29.99999589,-29.99999589,-30,-30,-30,-30,-30
26900,-29.9999966,-29.9999966,-29.9999966,-29.9999966,-29.9999966,-30,-30,-30,-30,-30
26920,-29.99999719,-29.99999719,-29.99999719,-29.99999719,-29.99999719,-30,-30,-30,-30,-30
26940,-29.99999767,-29.99999767,-29.99999767,-29.99999767,-29.99999767,-30,-30,-30,-30,-30
26960,-29.99999808,-29.99999808,-29.99999808,-29.99999808,-29.99999808,-30,-30,-30,-30,-30
26980,-29.99999841,-29.99999841,-29.99999841,-29.99999841,-29.99999841,-30,-30,-30,-30,-30
27000,-29.99999869,-29.99999869,-29.99999869,-29.99999869,-29.99999869,-30,-30,-30,-30,-30
27020,-29.99999891,-29.99999891,-29.99999891,-29.99999891,-29.99999891,-30,-30,-30,-30,-30
27040,-29.9999991,-29.9999991,-29.9999991,-29.9999991,-29.9999991,-30,-30,-30,-30,-30
27060,-29.99999926,-29.99999926,-29.99999926,-29.99999926,-29.99999926,-30,-30,-30,-30,-30
27080,-29.99999939,-29.99999939,-29.99999939,-29.99999939,-29.99999939,-30,-30,-30,-30,-30
27100,-29.99999949,-29.99999949,-29.99999949,-29.99999949,-29.99999949,-30,-30,-30,-30,-30
27120,-29.99999958,-29.99999958,-29.99999958,-29.99999958,-29.99999958,-30,-30,-30,-30,-30
27140,-29.99999965,-29.99999965,-29.99999965,-29.99999965,-29.99999965,-30,-30,-30,-30,-30
27160,-29.99999971,-29.99999971,-29.99999971,-29.99999971,-29.99999971,-30,-30,-30,-30,-30
27180,-29.99999976,-29.99999976,-29.99999976,-29.99999976,-29.99999976,-30,-30,-30,-30,-30
27200,-29.99999981,-29.99999981,-29.99999981,-29.99999981,-29.99999981,-30,-30,-30,-30,-30
27220,-29.99999984,-29.99999984,-29.99999984,-29.99999984,-29.99999984,-30,-30,-30,-30,-30
27240,-29.99999987,-29.99999987,-29.99999987,-29.99999987,-29.99999987,-30,-30,-30,-30,-30
27260,-29.99999989,-29.99999989,-29.99999989,-29.99999989,-29.99999989,-30,-30,-30,-30,-30
27280,-29.99999991,-29.99999991,-29.99999991,-29.99999991,-29.99999991,-30,-30,-30,-30,-30
27300,-29.99999993,-29.99999993,-29.99999993,-29.99999993,-29.99999993,-30,-30,-30,-30,-30
27320,-29.99999994,-29.99999994,-29.99999994,-29.99999994,-29.99999994,-30,-30,-30,-30,-30
27340,-29.99999995,-29.99999995,-29.99999995,-29.99999995,-29.99999995,-30,-30,-30,-30,-30
27360,-29.99999996,-29.99999996,-29.99999996,-29.99999996,-29.99999996,-30,-30,-30,-30,-30
27380,-29.99999997,-29.99999997,-29.99999997,-29.99999997,-29.99999997,-30,-30,-30,-30,-30
27400,-29.99999997,-29.99999997,-29.99999997,-29.99999997,-29.99999997,-30,-30,-30,-30,-30
27420,-29.99999998,-29.99999998,-29.99999998,-29.99999998,-29.99999998,-30,-30,-30,-30,-30
27440,-29.99999998,-29.99999998,-29.99999998,-29.99999998,-29.99999998,-30,-30,-30,-30,-30
27460,-29.99999998,-29.99999998,-29.99999998,-29.99999998,-29.99999998,-30,-30,-30,-30,-30
27480,-29.99999999,-29.99999999,-29.99999999,-29.99999999,-29.99999999,-30,-30,-30,-30,-30
27500,-29.99999999,-29.99999999,-29.99999999,-29.99999999,-29.99999999,-30,-30,-30,-30,-30
27520,-29.99999999,-29.99999999,-29.99999999,-29.99999999,-29.99999999,-30,-30,-30,-30,-30
27540,-29.99999999,-29.99999999,-29.99999999,-29.99999999,-29.99999999,-30,-30,-30,-30,-30
27560,-29.99999999,-29.99999999,-29.99999999,-29.99999999,-29.99999999,-30,-30,-30,-30,-30
27580,-29.99999999,-29.99999999,-29.99999999,-29.99999999,-29.99999999,-30,-30,-30,-30,-30
27600,-30,-30,-30,-30,-30,-30,-30,-30,-30,-30
27620,-30,-30,-30,-30,-30,-30,-30,-30,-30,-30
27640,-30,-30,-30,-30,-30,-30,-30,-30,-30,-30
27660,-30,-30,-30,-30,-30,-30,-30,-30,-30,-30
27680,-30,-30,-30,-30,-30,-30,-30,-30,-30,-30
27700,-30,-30,-30,-30,-30,-30,-30,-30,-30,-30
27720,-30,-30,-30,-30,-30,-30,-30,-30,-30,-30
27740,-30,-30,-30,-30,-30,-30,-30,-30,-30,-30
27760,-30,-30,-30,-30,-30,-30,-30,-30,-30,-30
27780,-30,-30,-30,-30,-30,-30,-30,-30,-30,-30
27800,-30,-30,-30,-30,-30,-30,-30,-30,-30,-30
27820,-30,-30,-30,-30,-30,-30,-30,-30,-30,-30
27840,-30,-30,-30,-30,-30,-30,-30,-30,-30,-30
27860,-30,-30,-30,-30,-30,-30,-30,-30,-30,-30
27880,-30,-30,-30,-30,-30,-30,-30,-30,-30,-30
27900,-30,-30,-30,-30,-30,-30,-30,-30,-30,-30
27920,-30,-30,-30,-30,-30,-30,-30,-30,-30,-30
27940,-30,-30,-30,-30,-30,-30,-30,-30,-30,-30
27960,-30,-30,-30,-30,-30,-30,-30,-30,-30,-30
27980,-30,-30,-30,-30,-30,-30,-30,-30,-30,-30
28000,-30,-30,-30,-30,-30,-30,-30,-30,-30,-30
28020,-30,-30,-30,-30,-30,-30,-30,-30,-30,-30
28040,-30,-30,-30,-30,-30,-30,-30,-30,-30,-30
28060,-30,-30,-30,-30,-30,-30,-30,-30,-30,-30
28080,-30,-30,-30,-30,-30,-30,-30,-30,-30,-30
28100,-30,-30,-30,-30,-30,-30,-30,-30,-30,-30
28120,-30,-30,-30,-30,-30,-30,-30,-30,-30,-30
28140,-30,-30,-30,-30,-30,-30,-30,-30,-30,-30
28160,-30,-30,-30,-30,-30,-30,-30,-30,-30,-30
28180,-30,-30,-30,-30,-30,-30,-30,-30,-30,-30
28200,-30,-30,-30,-30,-30,-30,-30,-30,-30,-30
28220,-30,-30,-30,-30,-30,-30,-30,-30,-30,-30
28240,-30,-30,-30,-30,-30,-30,-30,-30,-30,-30
28260,-30,-30,-30,-30,-30,-30,-30,-30,-30,-30
28280,-30,-30,-30,-30,-30,-30,-30,-30,-30,-30
28300,-30,-30,-30,-30,-30,-30,-30,-30,-30,-30
28320,-30,-30,-30,-30,-30,-30,-30,-30,-30,-30
28340,-30,-30,-30,-30,-30,-30,-30,-30,-30,-30
28360,-30,-30,-30,-30,-30,-30,-30,-30,-30,-30
28380,-30,-30,-30,-30,-30,-30,-30,-30,-30,-30
28400,-30,-30,-30,-30,-30,-30,-30,-30,-30,-30
28420,-30,-30,-30,-30,-30,-30,-30,-30,-30,-30
28440,-30,-30,-30,-30,-30,-30,-30,-30,-30,-30
28460,-30,-30,-30,-30,-30,-30,-30,-30,-30,-30
28480,-30,-30,-30,-30,-30,-30,-30,-30,-30,-30
28500,-30,-30,-30,-30,-30,-30,-30,-30,-30,-30
28520,-30,-30,-30,-30,-30,-30,-30,-30,-30,-30
28540,-30,-30,-30,-30,-30,-30,-30,-30,-30,-30
28560,-30,-30,-30,-30,-30,-30,-30,-30,-30,-30
28580,-30,-30,-30,-30,-30,-30,-30,-30,-30,-30
28600,-30,-30,-30,-30,-30,-30,-30,-30,-30,-30
28620,-30,-30,-30,-30,-30,-30,-30,-30,-30,-30
28640,-30,-30,-30,-30,-30,-30,-30,-30,-30,-30
28660,-30,-30,-30,-30,-30,-30,-30,-30,-30,-30
28680,-30,-30,-30,-30,-30,-30,-30,-30,-30,-30
28700,-30,-30,-30,-30,-30,-30,-30,-30,-30,-30
28720,-30,-30,-30,-30,-30,-30,-30,-30,-30,-30
28740,-30,-30,-30,-30,-30,-30,-30,-30,-30,-30
28760,-30,-30,-30,-30,-30,-30,-30,-30,-30,-30
28780,-30,-30,-30,-30,-30,-30,-30,-30,-30,-30
28800,-30,-30,-30,-30,-30,-30,-30,-30,-30,-30
28820,-30,-30,-30,-30,-30,-30,-30,-30,-30,-30
28840,-30,-30,-30,-30,-30,-30,-30,-30,-30,-30
28860,-30,-30,-30,-30,-30,-30,-30,-30,-30,-30
28880,-30,-30,-30,-30,-30,-30,-30,-30,-30,-30
28900,-30,-30,-30,-30,-30,-30,-30,-30,-30,-30
28920,-30,-30,-30,-30,-30,-30,-30,-30,-30,-30
28940,-30,-30,-30,-30,-30,-30,-30,-30,-30,-30
28960,-30,-30,-30,-30,-30,-30,-30,-30,-30,-30
28980,-30,-30,-30,-30,-30,-30,-30,-30,-30,-30
29000,-30,-30,-30,-30,-30,-30,-30,-30,-30,-30
29020,-30,-30,-30,-30,-30,-30,-30,-30,-30,-30
29040,-30,-30,-30,-30,-30,-30,-30,-30,-30,-30
29060,-30,-30,-30,-30,-30,-30,-30,-30,-30,-30
29080,-30,-30,-30,-30,-30,-30,-30,-30,-30,-30
29100,-30,-30,-30,-30,-30,-30,-30,-30,-30,-30
29120,-30,-30,-30,-30,-30,-30,-30,-30,-30,-30
29140,-30,-30,-30,-30,-30,-30,-30,-30,-30,-30
29160,-30,-30,-30,-30,-30,-30,-30,-30,-30,-30
29180,-30,-30,-30,-30,-30,-30,-30,-30,-30,-30
29200,-30,-30,-30,-30,-30,-30,-30,-30,-30,-30
29220,-30,-30,-30,-30,-30,-30,-30,-30,-30,-30
29240,-30,-30,-30,-30,-30,-30,-30,-30,-30,-30
29260,-30,-30,-30,-30,-30,-30,-30,-30,-30,-30
29280,-30,-30,-30,-30,-30,-30,-30,-30,-30,-30
29300,-30,-30,-30,-30,-30,-30,-30,-30,-30,-30
29320,-30,-30,-30,-30,-30,-30,-30,-30,-30,-30
29340,-30,-30,-30,-30,-30,-30,-30,-30,-30,-30
29360,-30,-30,-30,-30,-30,-30,-30,-30,-30,-30
29380,-30,-30,-30,-30,-30,-30,-30,-30,-30,-30
29400,-30,-30,-30,-30,-30,-30,-30,-30,-30,-30
29420,-30,-30,-30,-30,-30,-30,-30,-30,-30,-30
29440,-30,-30,-30,-30,-30,-30,-30,-30,-30,-30
29460,-30,-30,-30,-30,-30,-30,-30,-30,-30,-30
29480,-30,-30,-30,-30,-30,-30,-30,-30,-30,-30
29500,-30,-30,-30,-30,-30,-30,-30,-30,-30,-30
29520,-30,-30,-30,-30,-30,-30,-30,-30,-30,-30
29540,-30,-30,-30,-30,-30,-30,-30,-30,-30,-30
29560,-30,-30,-30,-30,-30,-30,-30,-30,-30,-30
29580,-30,-30,-30,-30,-30,-30,-30,-30,-30,-30
29600,-30,-30,-30,-30,-30,-30,-30,-30,-30,-30
29620,-30,-30,-30,-30,-30,-30,-30,-30,-30,-30
29640,-30,-30,-30,-30,-30,-30,-30,-30,-30,-30
29660,-30,-30,-30,-30,-30,-30,-30,-30,-30,-30
29680,-30,-30,-30,-30,-30,-30,-30,-30,-30,-30
29700,-30,-30,-30,-30,-30,-30,-30,-30,-30,-30
29720,-30,-30,-30,-30,-30,-30,-30,-30,-30,-30
29740,-30,-30,-30,-30,-30,-30,-30,-30,-30,-30
29760,-30,-30,-30,-30,-30,-30,-30,-30,-30,-30
29780,-30,-30,-30,-30,-30,-30,-30,-30,-30,-30
29800,-30,-30,-30,-30,-30,-30,-30,-30,-30,-30
29820,-30,-30,-30,-30,-30,-30,-30,-30,-30,-30
29840,-30,-30,-30,-30,-30,-30,-30,-30,-30,-30
29860,-30,-30,-30,-30,-30,-30,-30,-30,-30,-30
29880,-30,-30,-30,-30,-30,-30,-30,-30,-30,-30
29900,-30,-30,-30,-30,-30,-30,-30,-30,-30,-30
29920,-30,-30,-30,-30,-30,-30,-30,-30,-30,-30
29940,-30,-30,-30,-30,-30,-30,-30,-30,-30,-30
29960,-30,-30,-30,-30,-30,-30,-30,-30,-30,-30
29980,-30,-30,-30,-30,-30,-30,-30,-30,-30,-30
30000,-29.99881829,-29.99881829,-29.99881829,-29.99881829,-29.99881829,-30,-30,-30,-30,-30
30020,-29.46009961,-29.46009961,-29.46009961,-29.46009961,-29.46009961,-29,-29,-29,-29,-29
30040,-28.132583,-28.132583,-28.132583,-28.132583,-28.132583,-28,-28,-28,-28,-28
30060,-26.31795676,-26.31795676,-26.31795676,-26.31795676,-26.31795676,-26,-26,-26,-26,-26
30080,-24.23667243,-24.23667243,-24.23667243,-24.23667243,-24.23667243,-24,-24,-24,-24,-24
30100,-22.04527203,-22.04527203,-22.04527203,-22.04527203,-22.04527203,-22,-22,-22,-22,-22
30120,-19.85190344,-19.85190344,-19.85190344,-19.85190344,-19.85190344,-20,-20,-20,-20,-20
30140,-17.72936417,-17.72936417,-17.72936417,-17.72936417,-17.72936417,-18,-18,-18,-18,-18
30160,-15.72399371,-15.72399371,-15.72399371,-15.72399371,-15.72399371,-16,-16,-16,-16,-16
30180,-13.86326497,-13.86326497,-13.86326497,-13.86326497,-13.86326497,-14,-14,-14,-14,-14
30200,-12.16022599,-12.16022599,-12.16022599,-12.16022599,-12.16022599,-12,-12,-12,-12,-12
30220,-10.61911481,-10.61911481,-10.61911481,-10.61911481,-10.61911481,-11,-11,-11,-11,-11
30240,-9.237338436,-9.237338436,-9.237338436,-9.237338436,-9.237338436,-9,-9,-9,-9,-9
30260,-8.00733494,-8.00733494,-8.00733494,-8.00733494,-8.00733494,-8,-8,-8,-8,-8
30280,-6.919836468,-6.919836468,-6.919836468,-6.919836468,-6.919836468,-7,-7,-7,-7,-7
30300,-5.963449396,-5.963449396,-5.963449396,-5.963449396,-5.963449396,-6,-6,-6,-6,-6
30320,-5.12649463,-5.12649463,-5.12649463,-5.12649463,-5.12649463,-5,-5,-5,-5,-5
30340,-4.396981133,-4.396981133,-4.396981133,-4.396981133,-4.396981133,-4,-4,-4,-4,-4
30360,-3.763440702,-3.763440702,-3.763440702,-3.763440702,-3.763440702,-4,-4,-4,-4,-4
30380,-3.215148839,-3.215148839,-3.215148839,-3.215148839,-3.215148839,-3,-3,-3,-3,-3
30400,-2.742034922,-2.742034922,-2.742034922,-2.742034922,-2.742034922,-3,-3,-3,-3,-3
30420,-2.334701138,-2.334701138,-2.334701138,-2.334701138,-2.334701138,-2,-2,-2,-2,-2
30440,-1.984963578,-1.984963578,-1.984963578,-1.984963578,-1.984963578,-2,-2,-2,-2,-2
30460,-1.685314427,-1.685314427,-1.685314427,-1.685314427,-1.685314427,-2,-2,-2,-2,-2
30480,-1.429113479,-1.429113479,-1.429113479,-1.429113479,-1.429113479,-1,-1,-1,-1,-1
30500,-1.210357636,-1.210357636,-1.210357636,-1.210357636,-1.210357636,-1,-1,-1,-1,-1
30520,-1.023979133,-1.023979133,-1.023979133,-1.023979133,-1.023979133,-1,-1,-1,-1,-1
30540,-0.865399836,-0.865399836,-0.865399836,-0.865399836,-0.865399836,-1,-1,-1,-1,-1
30560,-0.730674468,-0.730674468,-0.730674468,-0.730674468,-0.730674468,-1,-1,-1,-1,-1
30580,-0.616335784,-0.616335784,-0.616335784,-0.616335784,-0.616335784,-1,-1,-1,-1,-1
30600,-0.51944885,-0.51944885,-0.51944885,-0.51944885,-0.51944885,-1,-1,-1,-1,-1
30620,-0.437434551,-0.437434551,-0.437434551,-0.437434551,-0.437434551,-0,-0,-0,-0,-0
30640,-0.368098294,-0.368098294,-0.368098294,-0.368098294,-0.368098294,-0,-0,-0,-0,-0
30660,-0.309508032,-0.309508032,-0.309508032,-0.309508032,-0.309508032,-0,-0,-0,-0,-0
30680,-0.260068822,-0.260068822,-0.260068822,-0.260068822,-0.260068822,-0,-0,-0,-0,-0
30700,-0.218388567,-0.218388567,-0.218388567,-0.218388567,-0.218388567,-0,-0,-0,-0,-0
30720,-0.183268231,-0.183268231,-0.183268231,-0.183268231,-0.183268231,-0,-0,-0,-0,-0
30740,-0.153704344,-0.153704344,-0.153704344,-0.153704344,-0.153704344,-0,-0,-0,-0,-0
30760,-0.12883842,-0.12883842,-0.12883842,-0.12883842,-0.12883842,-0,-0,-0,-0,-0
30780,-0.107935971,-0.107935971,-0.107935971,-0.107935971,-0.107935971,-0,-0,-0,-0,-0
30800,-0.090381372,-0.090381372,-0.090381372,-0.090381372,-0.090381372,-0,-0,-0,-0,-0
30820,-0.075640166,-0.075640166,-0.075640166,-0.075640166,-0.075640166,-0,-0,-0,-0,-0
30840,-0.063274197,-0.063274197,-0.063274197,-0.063274197,-0.063274197,-0,-0,-0,-0,-0
30860,-0.052908196,-0.052908196,-0.052908196,-0.052908196,-0.052908196,-0,-0,-0,-0,-0
30880,-0.044218384,-0.044218384,-0.044218384,-0.044218384,-0.044218384,-0,-0,-0,-0,-0
30900,-0.036941836,-0.036941836,-0.036941836,-0.036941836,-0.036941836,-0,-0,-0,-0,-0
30920,-0.030850031,-0.030850031,-0.030850031,-0.030850031,-0.030850031,-0,-0,-0,-0,-0
30940,-0.025753041,-0.025753041,-0.025753041,-0.025753041,-0.025753041,-0,-0,-0,-0,-0
30960,-0.021490744,-0.021490744,-0.021490744,-0.021490744,-0.021490744,-0,-0,-0,-0,-0
30980,-0.017926661,-0.017926661,-0.017926661,-0.017926661,-0.017926661,-0,-0,-0,-0,-0
31000,-0.01494879,-0.01494879,-0.01494879,-0.01494879,-0.01494879,-0,-0,-0,-0,-0
31020,-0.012461934,-0.012461934,-0.012461934,-0.012461934,-0.012461934,-0,-0,-0,-0,-0
31040,-0.010384819,-0.010384819,-0.010384819,-0.010384819,-0.010384819,-0,-0,-0,-0,-0
31060,-0.008651498,-0.008651498,-0.008651498,-0.008651498,-0.008651498,-0,-0,-0,-0,-0
31080,-0.007205297,-0.007205297,-0.007205297,-0.007205297,-0.007205297,-0,-0,-0,-0,-0
31100,-0.005999281,-0.005999281,-0.005999281,-0.005999281,-0.005999281,-0,-0,-0,-0,-0
31120,-0.004993633,-0.004993633,-0.004993633,-0.004993633,-0.004993633,-0,-0,-0,-0,-0
31140,-0.004155375,-0.004155375,-0.004155375,-0.004155375,-0.004155375,-0,-0,-0,-0,-0
31160,-0.003457007,-0.003457007,-0.003457007,-0.003457007,-0.003457007,-0,-0,-0,-0,-0
31180,-0.002875376,-0.002875376,-0.002875376,-0.002875376,-0.002875376,-0,-0,-0,-0,-0
31200,-0.002390871,-0.002390871,-0.002390871,-0.002390871,-0.002390871,-0,-0,-0,-0,-0
31220,-0.001987574,-0.001987574,-0.001987574,-0.001987574,-0.001987574,-0,-0,-0,-0,-0
31240,-0.001651937,-0.001651937,-0.001651937,-0.001651937,-0.001651937,-0,-0,-0,-0,-0
31260,-0.001372716,-0.001372716,-0.001372716,-0.001372716,-0.001372716,-0,-0,-0,-0,-0
31280,-0.001140374,-0.001140374,-0.001140374,-0.001140374,-0.001140374,-0,-0,-0,-0,-0
31300,-0.000947191,-0.000947191,-0.000947191,-0.000947191,-0.000947191,-0,-0,-0,-0,-0
31320,-0.00078657,-0.00078657,-0.00078657,-0.00078657,-0.00078657,-0,-0,-0,-0,-0
31340,-0.000653077,-0.000653077,-0.000653077,-0.000653077,-0.000653077,-0,-0,-0,-0,-0
31360,-0.000542106,-0.000542106,-0.000542106,-0.000542106,-0.000542106,-0,-0,-0,-0,-0
31380,-0.000449916,-0.000449916,-0.000449916,-0.000449916,-0.000449916,-0,-0,-0,-0,-0
31400,-0.000373336,-0.000373336,-0.000373336,-0.000373336,-0.000373336,-0,-0,-0,-0,-0
31420,-0.000309749,-0.000309749,-0.000309749,-0.000309749,-0.000309749,-0,-0,-0,-0,-0
31440,-0.000256929,-0.000256929,-0.000256929,-0.000256929,-0.000256929,-0,-0,-0,-0,-0
31460,-0.000213086,-0.000213086,-0.000213086,-0.000213086,-0.000213086,-0,-0,-0,-0,-0
31480,-0.0001767,-0.0001767,-0.0001767,-0.0001767,-0.0001767,-0,-0,-0,-0,-0
31500,-0.0001465,-0.0001465,-0.0001465,-0.0001465,-0.0001465,-0,-0,-0,-0,-0
31520,-0.000121441,-0.000121441,-0.000121441,-0.000121441,-0.000121441,-0,-0,-0,-0,-0
31540,-0.000100655,-0.000100655,-0.000100655,-0.000100655,-0.000100655,-0,-0,-0,-0,-0
31560,-8.34e-05,-8.34e-05,-8.34e-05,-8.34e-05,-8.34e-05,-0,-0,-0,-0,-0
31580,-6.91e-05,-6.91e-05,-6.91e-05,-6.91e-05,-6.91e-05,-0,-0,-0,-0,-0
31600,-5.73e-05,-5.73e-05,-5.73e-05,-5.73e-05,-5.73e-05,-0,-0,-0,-0,-0
31620,-4.74e-05,-4.74e-05,-4.74e-05,-4.74e-05,-4.74e-05,-0,-0,-0,-0,-0
31640,-3.93e-05,-3.93e-05,-3.93e-05,-3.93e-05,-3.93e-05,-0,-0,-0,-0,-0
31660,-3.25e-05,-3.25e-05,-3.25e-05,-3.25e-05,-3.25e-05,-0,-0,-0,-0,-0
31680,-2.69e-05,-2.69e-05,-2.69e-05,-2.69e-05,-2.69e-05,-0,-0,-0,-0,-0
31700,-2.23e-05,-2.23e-05,-2.23e-05,-2.23e-05,-2.23e-05,-0,-0,-0,-0,-0
31720,-1.85e-05,-1.85e-05,-1.85e-05,-1.85e-05,-1.85e-05,-0,-0,-0,-0,-0
31740,-1.53e-05,-1.53e-05,-1.53e-05,-1.53e-05,-1.53e-05,-0,-0,-0,-0,-0
31760,-1.26e-05,-1.26e-05,-1.26e-05,-1.26e-05,-1.26e-05,-0,-0,-0,-0,-0
31780,-1.05e-05,-1.05e-05,-1.05e-05,-1.05e-05,-1.05e-05,-0,-0,-0,-0,-0
31800,-8.66e-06,-8.66e-06,-8.66e-06,-8.66e-06,-8.66e-06,-0,-0,-0,-0,-0
31820,-7.17e-06,-7.17e-06,-7.17e-06,-7.17e-06,-7.17e-06,-0,-0,-0,-0,-0
31840,-5.93e-06,-5.93e-06,-5.93e-06,-5.93e-06,-5.93e-06,-0,-0,-0,-0,-0
31860,-4.9e-06,-4.9e-06,-4.9e-06,-4.9e-06,-4.9e-06,-0,-0,-0,-0,-0
31880,-4.06e-06,-4.06e-06,-4.06e-06,-4.06e-06,-4.06e-06,-0,-0,-0,-0,-0
31900,-3.35e-06,-3.35e-06,-3.35e-06,-3.35e-06,-3.35e-06,-0,-0,-0,-0,-0
31920,-2.77e-06,-2.77e-06,-2.77e-06,-2.77e-06,-2.77e-06,-0,-0,-0,-0,-0
31940,-2.29e-06,-2.29e-06,-2.29e-06,-2.29e-06,-2.29e-06,-0,-0,-0,-0,-0
31960,-1.9e-06,-1.9e-06,-1.9e-06,-1.9e-06,-1.9e-06,-0,-0,-0,-0,-0
31980,-1.57e-06,-1.57e-06,-1.57e-06,-1.57e-06,-1.57e-06,-0,-0,-0,-0,-0
32000,-1.3e-06,-1.3e-06,-1.3e-06,-1.3e-06,-1.3e-06,-0,-0,-0,-0,-0
32020,-1.07e-06,-1.07e-06,-1.07e-06,-1.07e-06,-1.07e-06,-0,-0,-0,-0,-0
32040,-8.85e-07,-8.85e-07,-8.85e-07,-8.85e-07,-8.85e-07,-0,-0,-0,-0,-0
32060,-7.31e-07,-7.31e-07,-7.31e-07,-7.31e-07,-7.31e-07,-0,-0,-0,-0,-0
32080,-6.04e-07,-6.04e-07,-6.04e-07,-6.04e-07,-6.04e-07,-0,-0,-0,-0,-0
32100,-4.99e-07,-4.99e-07,-4.99e-07,-4.99e-07,-4.99e-07,-0,-0,-0,-0,-0
32120,-4.13e-07,-4.13e-07,-4.13e-07,-4.13e-07,-4.13e-07,-0,-0,-0,-0,-0
32140,-3.41e-07,-3.41e-07,-3.41e-07,-3.41e-07,-3.41e-07,-0,-0,-0,-0,-0
32160,-2.81e-07,-2.81e-07,-2.81e-07,-2.81e-07,-2.81e-07,-0,-0,-0,-0,-0
32180,-2.32e-07,-2.32e-07,-2.32e-07,-2.32e-07,-2.32e-07,-0,-0,-0,-0,-0
32200,-1.92e-07,-1.92e-07,-1.92e-07,-1.92e-07,-1.92e-07,-0,-0,-0,-0,-0
32220,-1.59e-07,-1.59e-07,-1.59e-07,-1.59e-07,-1.59e-07,-0,-0,-0,-0,-0
32240,-1.31e-07,-1.31e-07,-1.31e-07,-1.31e-07,-1.31e-07,-0,-0,-0,-0,-0
32260,-1.08e-07,-1.08e-07,-1.08e-07,-1.08e-07,-1.08e-07,-0,-0,-0,-0,-0
32280,-8.93e-08,-8.93e-08,-8.93e-08,-8.93e-08,-8.93e-08,-0,-0,-0,-0,-0
32300,-7.37e-08,-7.37e-08,-7.37e-08,-7.37e-08,-7.37e-08,-0,-0,-0,-0,-0
32320,-6.09e-08,-6.09e-08,-6.09e-08,-6.09e-08,-6.09e-08,-0,-0,-0,-0,-0
32340,-5.02e-08,-5.02e-08,-5.02e-08,-5.02e-08,-5.02e-08,-0,-0,-0,-0,-0
32360,-4.15e-08,-4.15e-08,-4.15e-08,-4.15e-08,-4.15e-08,-0,-0,-0,-0,-0
32380,-3.42e-08,-3.42e-08,-3.42e-08,-3.42e-08,-3.42e-08,-0,-0,-0,-0,-0
32400,-2.82e-08,-2.82e-08,-2.82e-08,-2.82e-08,-2.82e-08,-0,-0,-0,-0,-0
32420,-2.33e-08,-2.33e-08,-2.33e-08,-2.33e-08,-2.33e-08,-0,-0,-0,-0,-0
32440,-1.92e-08,-1.92e-08,-1.92e-08,-1.92e-08,-1.92e-08,-0,-0,-0,-0,-0
32460,-1.59e-08,-1.59e-08,-1.59e-08,-1.59e-08,-1.59e-08,-0,-0,-0,-0,-0
32480,-1.31e-08,-1.31e-08,-1.31e-08,-1.31e-08,-1.31e-08,-0,-0,-0,-0,-0
32500,-1.08e-08,-1.08e-08,-1.08e-08,-1.08e-08,-1.08e-08,-0,-0,-0,-0,-0
32520,-8.92e-09,-8.92e-09,-8.92e-09,-8.92e-09,-8.92e-09,-0,-0,-0,-0,-0
32540,-7.36e-09,-7.36e-09,-7.36e-09,-7.36e-09,-7.36e-09,-0,-0,-0,-0,-0
32560,-6.07e-09,-6.07e-09,-6.07e-09,-6.07e-09,-6.07e-09,-0,-0,-0,-0,-0
32580,-5.01e-09,-5.01e-09,-5.01e-09,-5.01e-09,-5.01e-09,-0,-0,-0,-0,-0
32600,-4.13e-09,-4.13e-09,-4.13e-09,-4.13e-09,-4.13e-09,-0,-0,-0,-0,-0
32620,-3.41e-09,-3.41e-09,-3.41e-09,-3.41e-09,-3.41e-09,-0,-0,-0,-0,-0
32640,-2.81e-09,-2.81e-09,-2.81e-09,-2.81e-09,-2.81e-09,-0,-0,-0,-0,-0
32660,-2.32e-09,-2.32e-09,-2.32e-09,-2.32e-09,-2.32e-09,-0,-0,-0,-0,-0
32680,-1.91e-09,-1.91e-09,-1.91e-09,-1.91e-09,-1.91e-09,-0,-0,-0,-0,-0
32700,-1.58e-09,-1.58e-09,-1.58e-09,-1.58e-09,-1.58e-09,-0,-0,-0,-0,-0
32720,-1.3e-09,-1.3e-09,-1.3e-09,-1.3e-09,-1.3e-09,-0,-0,-0,-0,-0
32740,-1.07e-09,-1.07e-09,-1.07e-09,-1.07e-09,-1.07e-09,-0,-0,-0,-0,-0
32760,-8.83e-10,-8.83e-10,-8.83e-10,-8.83e-10,-8.83e-10,-0,-0,-0,-0,-0
32780,-7.28e-10,-7.28e-10,-7.28e-10,-7.28e-10,-7.28e-10,-0,-0,-0,-0,-0
32800,-6e-10,-6e-10,-6e-10,-6e-10,-6e-10,-0,-0,-0,-0,-0
32820,-4.95e-10,-4.95e-10,-4.95e-10,-4.95e-10,-4.95e-10,-0,-0,-0,-0,-0
32840,-4.08e-10,-4.08e-10,-4.08e-10,-4.08e-10,-4.08e-10,-0,-0,-0,-0,-0
32860,-3.36e-10,-3.36e-10,-3.36e-10,-3.36e-10,-3.36e-10,-0,-0,-0,-0,-0
32880,-2.77e-10,-2.77e-10,-2.77e-10,-2.77e-10,-2.77e-10,-0,-0,-0,-0,-0
32900,-2.28e-10,-2.28e-10,-2.28e-10,-2.28e-10,-2.28e-10,-0,-0,-0,-0,-0
32920,-1.88e-10,-1.88e-10,-1.88e-10,-1.88e-10,-1.88e-10,-0,-0,-0,-0,-0
32940,-1.55e-10,-1.55e-10,-1.55e-10,-1.55e-10,-1.55e-10,-0,-0,-0,-0,-0
32960,-1.28e-10,-1.28e-10,-1.28e-10,-1.28e-10,-1.28e-10,-0,-0,-0,-0,-0
32980,-1.05e-10,-1.05e-10,-1.05e-10,-1.05e-10,-1.05e-10,-0,-0,-0,-0,-0
33000,-8.68e-11,-8.68e-11,-8.68e-11,-8.68e-11,-8.68e-11,-0,-0,-0,-0,-0
33020,-7.15e-11,-7.16e-11,-7.15e-11,-7.16e-11,-7.15e-11,-0,-0,-0,-0,-0
33040,-5.89e-11,-5.9e-11,-5.9e-11,-5.9e-11,-5.9e-11,-0,-0,-0,-0,-0
33060,-4.85e-11,-4.86e-11,-4.86e-11,-4.86e-11,-4.86e-11,-0,-0,-0,-0,-0
33080,-4e-11,-4e-11,-4e-11,-4e-11,-4e-11,-0,-0,-0,-0,-0
33100,-3.3e-11,-3.3e-11,-3.3e-11,-3.3e-11,-3.3e-11,-0,-0,-0,-0,-0
33120,-2.72e-11,-2.72e-11,-2.72e-11,-2.72e-11,-2.72e-11,-0,-0,-0,-0,-0
33140,-2.24e-11,-2.24e-11,-2.24e-11,-2.24e-11,-2.24e-11,-0,-0,-0,-0,-0
33160,-1.84e-11,-1.85e-11,-1.84e-11,-1.85e-11,-1.84e-11,-0,-0,-0,-0,-0
33180,-1.52e-11,-1.53e-11,-1.52e-11,-1.53e-11,-1.52e-11,-0,-0,-0,-0,-0
33200,-1.24e-11,-1.25e-11,-1.25e-11,-1.25e-11,-1.25e-11,-0,-0,-0,-0,-0
33220,-1.02e-11,-1.03e-11,-1.03e-11,-1.03e-11,-1.03e-11,-0,-0,-0,-0,-0
33240,-8.42e-12,-8.49e-12,-8.5e-12,-8.49e-12,-8.5e-12,-0,-0,-0,-0,-0
33260,-6.95e-12,-7.03e-12,-7e-12,-7.03e-12,-7e-12,-0,-0,-0,-0,-0
33280,-5.69e-12,-5.76e-12,-5.72e-12,-5.76e-12,-5.72e-12,-0,-0,-0,-0,-0
33300,-4.69e-12,-4.75e-12,-4.71e-12,-4.75e-12,-4.71e-12,-0,-0,-0,-0,-0
33320,-3.84e-12,-3.89e-12,-3.89e-12,-3.89e-12,-3.89e-12,-0,-0,-0,-0,-0
33340,-3.13e-12,-3.23e-12,-3.16e-12,-3.23e-12,-3.16e-12,-0,-0,-0,-0,-0
33360,-2.58e-12,-2.68e-12,-2.67e-12,-2.68e-12,-2.67e-12,-0,-0,-0,-0,-0
33380,-2.12e-12,-2.19e-12,-2.16e-12,-2.19e-12,-2.16e-12,-0,-0,-0,-0,-0
33400,-1.74e-12,-1.81e-12,-1.76e-12,-1.81e-12,-1.76e-12,-0,-0,-0,-0,-0
33420,-1.45e-12,-1.48e-12,-1.5e-12,-1.48e-12,-1.5e-12,-0,-0,-0,-0,-0
33440,-1.22e-12,-1.21e-12,-1.2e-12,-1.21e-12,-1.2e-12,-0,-0,-0,-0,-0
33460,-9.03e-13,-9.67e-13,-9.16e-13,-9.67e-13,-9.16e-13,-0,-0,-0,-0,-0
33480,-7.38e-13,-8.21e-13,-7.63e-13,-8.21e-13,-7.63e-13,-0,-0,-0,-0,-0
33500,-5.98e-13,-6.42e-13,-6.36e-13,-6.42e-13,-6.36e-13,-0,-0,-0,-0,-0
33520,-5.09e-13,-5.85e-13,-5.6e-13,-5.85e-13,-5.6e-13,-0,-0,-0,-0,-0
33540,-4.58e-13,-5.47e-13,-5.09e-13,-5.47e-13,-5.09e-13,-0,-0,-0,-0,-0
33560,-4.45e-13,-4.71e-13,-4.58e-13,-4.71e-13,-4.58e-13,-0,-0,-0,-0,-0
33580,-3.82e-13,-4.33e-13,-4.07e-13,-4.33e-13,-4.07e-13,-0,-0,-0,-0,-0
33600,-3.69e-13,-4.39e-13,-3.82e-13,-4.39e-13,-3.82e-13,-0,-0,-0,-0,-0
33620,-3.82e-13,-4.33e-13,-3.82e-13,-4.33e-13,-3.82e-13,-0,-0,-0,-0,-0
33640,-3.82e-13,-4.13e-13,-4.07e-13,-4.13e-13,-4.07e-13,-0,-0,-0,-0,-0
33660,-3.69e-13,-4.45e-13,-3.82e-13,-4.45e-13,-3.82e-13,-0,-0,-0,-0,-0
33680,-3.56e-13,-4.33e-13,-4.07e-13,-4.33e-13,-4.07e-13,-0,-0,-0,-0,-0
33700,-3.82e-13,-4.39e-13,-4.07e-13,-4.39e-13,-4.07e-13,-0,-0,-0,-0,-0
33720,-3.56e-13,-4.45e-13,-4.07e-13,-4.45e-13,-4.07e-13,-0,-0,-0,-0,-0
33740,-3.43e-13,-4.45e-13,-4.07e-13,-4.45e-13,-4.07e-13,-0,-0,-0,-0,-0
33760,-3.94e-13,-4.45e-13,-4.07e-13,-4.45e-13,-4.07e-13,-0,-0,-0,-0,-0
33780,-3.43e-13,-4.45e-13,-3.82e-13,-4.45e-13,-3.82e-13,-0,-0,-0,-0,-0
33800,-3.69e-13,-4.39e-13,-3.82e-13,-4.39e-13,-3.82e-13,-0,-0,-0,-0,-0
33820,-3.82e-13,-3.94e-13,-4.07e-13,-3.94e-13,-4.07e-13,-0,-0,-0,-0,-0
33840,-3.82e-13,-4.39e-13,-4.07e-13,-4.39e-13,-4.07e-13,-0,-0,-0,-0,-0
33860,-3.94e-13,-4.07e-13,-4.07e-13,-4.07e-13,-4.07e-13,-0,-0,-0,-0,-0
33880,-3.69e-13,-4.52e-13,-4.07e-13,-4.52e-13,-4.07e-13,-0,-0,-0,-0,-0
33900,-3.94e-13,-4.33e-13,-4.07e-13,-4.33e-13,-4.07e-13,-0,-0,-0,-0,-0
33920,-3.82e-13,-4.33e-13,-4.07e-13,-4.33e-13,-4.07e-13,-0,-0,-0,-0,-0
33940,-3.56e-13,-4.39e-13,-4.07e-13,-4.39e-13,-4.07e-13,-0,-0,-0,-0,-0
33960,-3.69e-13,-4.33e-13,-4.07e-13,-4.33e-13,-4.07e-13,-0,-0,-0,-0,-0
33980,-3.82e-13,-4.13e-13,-4.07e-13,-4.13e-13,-4.07e-13,-0,-0,-0,-0,-0
34000,-3.94e-13,-4.26e-13,-4.07e-13,-4.26e-13,-4.07e-13,-0,-0,-0,-0,-0
34020,-3.82e-13,-4.2e-13,-4.07e-13,-4.2e-13,-4.07e-13,-0,-0,-0,-0,-0
34040,-3.69e-13,-4.33e-13,-4.07e-13,-4.33e-13,-4.07e-13,-0,-0,-0,-0,-0
34060,-3.82e-13,-4.33e-13,-4.07e-13,-4.33e-13,-4.07e-13,-0,-0,-0,-0,-0
34080,-3.43e-13,-4.39e-13,-3.82e-13,-4.39e-13,-3.82e-13,-0,-0,-0,-0,-0
34100,-3.56e-13,-4.33e-13,-3.82e-13,-4.33e-13,-3.82e-13,-0,-0,-0,-0,-0
34120,-3.82e-13,-4.33e-13,-4.33e-13,-4.33e-13,-4.33e-13,-0,-0,-0,-0,-0
34140,-3.69e-13,-4.45e-13,-4.07e-13,-4.45e-13,-4.07e-13,-0,-0,-0,-0,-0
34160,-3.82e-13,-4.2e-13,-4.07e-13,-4.2e-13,-4.07e-13,-0,-0,-0,-0,-0
34180,-3.82e-13,-4.07e-13,-3.82e-13,-4.07e-13,-3.82e-13,-0,-0,-0,-0,-0
34200,-3.82e-13,-4.45e-13,-4.07e-13,-4.45e-13,-4.07e-13,-0,-0,-0,-0,-0
34220,-3.69e-13,-4.13e-13,-4.07e-13,-4.13e-13,-4.07e-13,-0,-0,-0,-0,-0
34240,-3.82e-13,-4.45e-13,-4.07e-13,-4.45e-13,-4.07e-13,-0,-0,-0,-0,-0
34260,-3.69e-13,-4.2e-13,-4.33e-13,-4.2e-13,-4.33e-13,-0,-0,-0,-0,-0
34280,-3.82e-13,-4.2e-13,-4.07e-13,-4.2e-13,-4.07e-13,-0,-0,-0,-0,-0
34300,-3.94e-13,-4.2e-13,-4.07e-13,-4.2e-13,-4.07e-13,-0,-0,-0,-0,-0
34320,-3.82e-13,-4.45e-13,-4.07e-13,-4.45e-13,-4.07e-13,-0,-0,-0,-0,-0
34340,-3.82e-13,-4.13e-13,-4.07e-13,-4.13e-13,-4.07e-13,-0,-0,-0,-0,-0
34360,-3.94e-13,-4.2e-13,-4.07e-13,-4.2e-13,-4.07e-13,-0,-0,-0,-0,-0
34380,-3.43e-13,-4.26e-13,-4.33e-13,-4.26e-13,-4.33e-13,-0,-0,-0,-0,-0
34400,-3.94e-13,-4.07e-13,-4.07e-13,-4.07e-13,-4.07e-13,-0,-0,-0,-0,-0
34420,-3.94e-13,-4.26e-13,-4.07e-13,-4.26e-13,-4.07e-13,-0,-0,-0,-0,-0
34440,-3.43e-13,-4.2e-13,-3.82e-13,-4.2e-13,-3.82e-13,-0,-0,-0,-0,-0
34460,-3.69e-13,-4.2e-13,-3.82e-13,-4.2e-13,-3.82e-13,-0,-0,-0,-0,-0
34480,-3.69e-13,-4.52e-13,-3.82e-13,-4.52e-13,-3.82e-13,-0,-0,-0,-0,-0
34500,-3.69e-13,-4.33e-13,-3.82e-13,-4.33e-13,-3.82e-13,-0,-0,-0,-0,-0
34520,-3.69e-13,-4.07e-13,-4.07e-13,-4.07e-13,-4.07e-13,-0,-0,-0,-0,-0
34540,-3.56e-13,-4.33e-13,-3.82e-13,-4.33e-13,-3.82e-13,-0,-0,-0,-0,-0
34560,-3.82e-13,-4.45e-13,-4.07e-13,-4.45e-13,-4.07e-13,-0,-0,-0,-0,-0
34580,-3.82e-13,-4.33e-13,-4.07e-13,-4.33e-13,-4.07e-13,-0,-0,-0,-0,-0
34600,-3.94e-13,-4.39e-13,-3.82e-13,-4.39e-13,-3.82e-13,-0,-0,-0,-0,-0
34620,-3.69e-13,-4.39e-13,-3.82e-13,-4.39e-13,-3.82e-13,-0,-0,-0,-0,-0
34640,-3.94e-13,-4.2e-13,-4.07e-13,-4.2e-13,-4.07e-13,-0,-0,-0,-0,-0
34660,-3.82e-13,-4.33e-13,-4.07e-13,-4.33e-13,-4.07e-13,-0,-0,-0,-0,-0
34680,-3.82e-13,-4.33e-13,-4.07e-13,-4.33e-13,-4.07e-13,-0,-0,-0,-0,-0
34700,-3.69e-13,-4.01e-13,-4.07e-13,-4.01e-13,-4.07e-13,-0,-0,-0,-0,-0
34720,-3.82e-13,-4.45e-13,-4.07e-13,-4.45e-13,-4.07e-13,-0,-0,-0,-0,-0
34740,-3.43e-13,-4.26e-13,-4.33e-13,-4.26e-13,-4.33e-13,-0,-0,-0,-0,-0
34760,-3.56e-13,-4.45e-13,-3.82e-13,-4.45e-13,-3.82e-13,-0,-0,-0,-0,-0
34780,-3.56e-13,-4.45e-13,-4.07e-13,-4.45e-13,-4.07e-13,-0,-0,-0,-0,-0
34800,-3.94e-13,-4.26e-13,-4.07e-13,-4.26e-13,-4.07e-13,-0,-0,-0,-0,-0
34820,-3.82e-13,-4.01e-13,-4.07e-13,-4.01e-13,-4.07e-13,-0,-0,-0,-0,-0
34840,-3.82e-13,-4.45e-13,-4.07e-13,-4.45e-13,-4.07e-13,-0,-0,-0,-0,-0
34860,-3.69e-13,-4.45e-13,-3.82e-13,-4.45e-13,-3.82e-13,-0,-0,-0,-0,-0
34880,-3.82e-13,-4.26e-13,-3.82e-13,-4.26e-13,-3.82e-13,-0,-0,-0,-0,-0
34900,-3.69e-13,-4.2e-13,-4.07e-13,-4.2e-13,-4.07e-13,-0,-0,-0,-0,-0
34920,-3.82e-13,-4.2e-13,-4.07e-13,-4.2e-13,-4.07e-13,-0,-0,-0,-0,-0
34940,-3.82e-13,-4.45e-13,-4.07e-13,-4.45e-13,-4.07e-13,-0,-0,-0,-0,-0
34960,-3.82e-13,-4.52e-13,-4.07e-13,-4.52e-13,-4.07e-13,-0,-0,-0,-0,-0
34980,-3.69e-13,-4.2e-13,-4.07e-13,-4.2e-13,-4.07e-13,-0,-0,-0,-0,-0
35000,-3.94e-13,-4.45e-13,-4.07e-13,-4.45e-13,-4.07e-13,-0,-0,-0,-0,-0
